frame_idx,pose_detected,left_hip_x,left_hip_y,left_hip_z,right_hip_x,right_hip_y,right_hip_z,left_knee_x,left_knee_y,left_knee_z,right_knee_x,right_knee_y,right_knee_z,left_ankle_x,left_ankle_y,left_ankle_z,right_ankle_x,right_ankle_y,right_ankle_z,left_heel_x,left_heel_y,left_heel_z,right_heel_x,right_heel_y,right_heel_z,left_foot_index_x,left_foot_index_y,left_foot_index_z,right_foot_index_x,right_foot_index_y,right_foot_index_z,mid_hip_x,mid_hip_y,mid_hip_z,torso_length
0,1,0.203498808917,-0.017745097573,0.0,-0.203498808917,0.017745097573,0.0,0.264533478087,0.39363130938,0.0,-0.119705096299,0.423957567357,0.0,0.235275096623,0.671063269999,0.0,-0.03514195226,0.748791218522,0.0,0.197911974882,0.687430087663,0.0,0.003379502019,0.766508641164,0.0,0.302207515722,0.847691856101,0.0,-0.065193169254,0.938920046078,0.0,0.547591537237,0.511272609234,-0.000272908248,-0.348906104692
1,1,0.229264537686,-0.019976536751,0.0,-0.229264537686,0.019976536751,0.0,0.30002026926,0.442753353606,0.0,-0.134138724519,0.478199022801,0.0,0.267428045833,0.755919848252,0.0,-0.037345614438,0.846660815517,0.0,0.22456537007,0.777449725798,0.0,0.008629832174,0.866735456985,0.0,0.345671535358,0.956128861723,0.0,-0.071316909886,1.059887116746,0.0,0.547961503267,0.511420577765,-0.000289142132,-0.308337439345
2,1,0.240605566133,-0.021228811186,0.0,-0.240605566133,0.021228811186,0.0,0.313975664021,0.461357516016,0.0,-0.140429511409,0.500080409135,0.0,0.280354277598,0.785128097232,0.0,-0.03888373819,0.885300703828,0.0,0.234072984532,0.81105255006,0.0,0.010753294196,0.906284799277,0.0,0.364541662897,0.996854772571,0.0,-0.078822603821,1.109163981542,0.0,0.548051118851,0.512367397547,-0.000299267471,-0.293863423594
3,1,0.221573779277,-0.019549658854,0.0,-0.221573779277,0.019549658854,0.0,0.290120383805,0.423448067676,0.0,-0.128534183571,0.461283698914,0.0,0.254942467186,0.708655900783,0.0,-0.034116395621,0.816096612179,0.0,0.2114376757,0.734287203042,0.0,0.012124071863,0.836519307281,0.0,0.338055855333,0.899132975984,0.0,-0.069244180824,1.024609190097,0.0,0.548584327102,0.512386292219,-0.000302205794,-0.318048922146
4,1,0.235789616511,-0.021055561627,0.0,-0.235789616511,0.021055561627,0.0,0.309653895598,0.448713927262,0.0,-0.136620394257,0.490001313181,0.0,0.268886491374,0.740068743751,0.0,-0.035618646198,0.863892332535,0.0,0.221761901257,0.765311237156,0.0,0.013850757609,0.88719078984,0.0,0.361084122,0.944433740134,0.0,-0.072915642228,1.091226251322,0.0,0.548852771521,0.51244327426,-0.000303056091,-0.29826297186
5,1,0.23093609301,-0.020703640956,0.0,-0.23093609301,0.020703640956,0.0,0.303070119305,0.435551905221,0.0,-0.134273790865,0.477514867322,0.0,0.256962668329,0.712631048386,0.0,-0.034826624106,0.845663470866,0.0,0.205987286542,0.736634983078,0.0,0.013840540136,0.869936137746,0.0,0.353215996123,0.910795770097,0.0,-0.071801783603,1.072502426317,0.0,0.548910036683,0.512293070555,-0.000312996097,-0.304308810854
6,1,0.229564818532,-0.022521446923,0.0,-0.229564818532,0.022521446923,0.0,0.299429795798,0.427245691246,0.0,-0.132797591717,0.478228636663,0.0,0.253626833767,0.695262156921,0.0,-0.034005656895,0.845089187255,0.0,0.205532089079,0.70684881848,0.0,0.014349935566,0.869223589936,0.0,0.337340482992,0.897784329283,0.0,-0.070921697768,1.07043305877,0.0,0.549087613821,0.510776996613,-0.000315822661,-0.306309021829
7,1,0.236814959895,-0.024187311647,0.0,-0.236814959895,0.024187311647,0.0,0.30797275013,0.439681513457,0.0,-0.135102271641,0.496476396959,0.0,0.252218879097,0.70741966259,0.0,-0.034242668662,0.874485134194,0.0,0.195696169468,0.720985481543,0.0,0.01459235622,0.899307952297,0.0,0.342133426038,0.917909939539,0.0,-0.072920208718,1.107275036207,0.0,0.549574837089,0.509485423565,-0.000337200239,-0.297504346504
8,1,0.232811967606,-0.025271087899,0.0,-0.232811967606,0.025271087899,0.0,0.300020312657,0.425056014776,0.0,-0.132056304202,0.489936694689,0.0,0.244905324098,0.69497692846,0.0,-0.03230427489,0.863565543182,0.0,0.193244621401,0.706930715853,0.0,0.015857724622,0.888454839513,0.0,0.324843871349,0.889403593533,0.0,-0.07190537826,1.091412196948,0.0,0.550038143992,0.508699178696,-0.000337954611,-0.301932762937
9,1,0.209248289547,-0.023095224567,0.0,-0.209248289547,0.023095224567,0.0,0.266877042398,0.37796047682,0.0,-0.119076612265,0.439640472876,0.0,0.21445972838,0.609172651703,0.0,-0.028938622943,0.776660503245,0.0,0.169504031649,0.615557052129,0.0,0.012963348823,0.799672749046,0.0,0.286187690564,0.789213346538,0.0,-0.064405307733,0.979960961738,0.0,0.550084248185,0.508289456367,-0.000335916877,-0.336170024755
10,1,0.209170671479,-0.023170733777,0.0,-0.209170671479,0.023170733777,0.0,0.26447619003,0.381249303292,0.0,-0.118377134309,0.443930314693,0.0,0.213483801355,0.606269668144,0.0,-0.028294092995,0.781480356744,0.0,0.1705360193,0.612215042182,0.0,0.013326360868,0.803996642136,0.0,0.277509686243,0.784352645682,0.0,-0.065043334804,0.985237241196,0.0,0.550291866064,0.506556943059,-0.000338829122,-0.336321483862
11,1,0.226437421869,-0.026097746836,0.0,-0.226437421869,0.026097746836,0.0,0.284348374474,0.411850696711,0.0,-0.128125158866,0.486862749831,0.0,0.224035956445,0.648589239769,0.0,-0.030594679094,0.852514182295,0.0,0.171912022317,0.655312000016,0.0,0.013619910913,0.876777088682,0.0,0.296449707431,0.844201380471,0.0,-0.065905765298,1.073627612394,0.0,0.550298631191,0.504567801952,-0.000338415615,-0.310685772743
12,1,0.17605577865,-0.020700179577,0.0,-0.17605577865,0.020700179577,0.0,0.218806848719,0.31824996857,0.0,-0.097638334155,0.374880142955,0.0,0.17242644873,0.491421596132,0.0,-0.022313173831,0.664462490566,0.0,0.131149246125,0.494898354549,0.0,0.006175357598,0.685263319797,0.0,0.225274424572,0.648416930325,0.0,-0.048111574019,0.836527194787,0.0,0.551017999649,0.504153758287,-0.000328471884,-0.401214963618
13,1,0.178377391613,-0.021297801764,0.0,-0.178377391613,0.021297801764,0.0,0.219141430987,0.318112347877,0.0,-0.097173939791,0.383936013284,0.0,0.175125679167,0.504074737529,0.0,-0.021004397691,0.680342016338,0.0,0.133587116544,0.509474551841,0.0,0.005453074599,0.701510201693,0.0,0.232052949019,0.660464929866,0.0,-0.045981619592,0.855596404712,0.0,0.551931992173,0.50253675878,-0.000328646041,-0.394209977532
14,1,0.166006061445,-0.020549932609,0.0,-0.166006061445,0.020549932609,0.0,0.203089407677,0.290212410199,0.0,-0.088867317734,0.358494005672,0.0,0.162730553298,0.462327824686,0.0,-0.018156802665,0.634897300608,0.0,0.124243859398,0.466902296948,0.0,0.006505251904,0.655274993329,0.0,0.216253115072,0.605810113908,0.0,-0.04006610979,0.797959443788,0.0,0.552608624101,0.501343846321,-0.0003207298,-0.424264642401
15,1,0.181731427634,-0.022551158774,0.0,-0.181731427634,0.022551158774,0.0,0.221777343134,0.308725013547,0.0,-0.096529970922,0.392528174483,0.0,0.176883992008,0.499809671973,0.0,-0.019819806648,0.698969692618,0.0,0.133828359231,0.504460233962,0.0,0.007219662818,0.722762595655,0.0,0.232444566808,0.657036532263,0.0,-0.041897844799,0.878054456139,0.0,0.552993312478,0.500490412116,-0.000324788503,-0.386921973151
16,1,0.163414402183,-0.020720706867,0.0,-0.163414402183,0.020720706867,0.0,0.199721531694,0.2802422064,0.0,-0.08566987291,0.351717466529,0.0,0.158630717569,0.443421203022,0.0,-0.016343056188,0.62332877007,0.0,0.120244627875,0.44716665326,0.0,0.00836404299,0.646334499169,0.0,0.206332680443,0.582066670111,0.0,-0.035390179345,0.78565943467,0.0,0.553723052144,0.500149175525,-0.00032268092,-0.430629586649
17,1,0.165534612856,-0.021113701353,0.0,-0.165534612856,0.021113701353,0.0,0.202794831324,0.27733095241,0.0,-0.086485237634,0.355699047376,0.0,0.160093053105,0.445417285412,0.0,-0.017032601559,0.631434102537,0.0,0.121905299226,0.447332012018,0.0,0.008156843172,0.656030210281,0.0,0.207586829212,0.583957621007,0.0,-0.035052709396,0.795655973063,0.0,0.554027184844,0.499832615256,-0.000324028544,-0.425634816595
18,1,0.194239887356,-0.025368767131,0.0,-0.194239887356,0.025368767131,0.0,0.237191651936,0.317325431281,0.0,-0.100455078776,0.416783781287,0.0,0.18699002429,0.51964480953,0.0,-0.019143907663,0.743362807458,0.0,0.141899647095,0.520335898921,0.0,0.010652335817,0.7725919105,0.0,0.240066807372,0.681382577061,0.0,-0.040181858903,0.936219652992,0.0,0.554439768195,0.499081194401,-0.000328761991,-0.362583957806
19,1,0.19137937084,-0.024948597792,0.0,-0.19137937084,0.024948597792,0.0,0.235927181751,0.310907719512,0.0,-0.097005800001,0.411124873225,0.0,0.187073808186,0.505199373289,0.0,-0.018153514747,0.738318865605,0.0,0.142998171515,0.507886296644,0.0,0.011325761471,0.768686739608,0.0,0.23805058425,0.662235585631,0.0,-0.037212124934,0.927012857204,0.0,0.555332750082,0.498851984739,-0.000333759468,-0.366711011948
20,1,0.199258889522,-0.026127719722,0.0,-0.199258889522,0.026127719722,0.0,0.245250696495,0.32121685428,0.0,-0.099461952097,0.426051486411,0.0,0.194286147389,0.51785033889,0.0,-0.017410360743,0.773112944595,0.0,0.149649510245,0.515586590247,0.0,0.013493434478,0.805903225063,0.0,0.241762272119,0.679750855299,0.0,-0.037064740364,0.962320297107,0.0,0.555831834674,0.498284950852,-0.000325025525,-0.354218339791
21,1,0.235641205385,-0.032072790825,0.0,-0.235641205385,0.032072790825,0.0,0.287266776112,0.384074396293,0.0,-0.117078665264,0.506465630632,0.0,0.229704414287,0.610955777039,0.0,-0.020156285602,0.917429564228,0.0,0.177845250886,0.604029073643,0.0,0.018645534173,0.956504422143,0.0,0.28043625209,0.804748671039,0.0,-0.044711436226,1.141233205003,0.0,0.556020632386,0.496828570962,-0.000328568276,-0.299946306927
22,1,0.234203342413,-0.031418962324,0.0,-0.234203342413,0.031418962324,0.0,0.285730134654,0.381825311355,0.0,-0.116388957643,0.500750072471,0.0,0.228669424107,0.597069347793,0.0,-0.019803784199,0.911930033148,0.0,0.177280812033,0.590716021094,0.0,0.018890018491,0.951105097621,0.0,0.275785801504,0.795372890502,0.0,-0.045163990331,1.134800430428,0.0,0.556152760983,0.49649323523,-0.000323445071,-0.301948189185
23,1,0.236043651153,-0.03105676361,0.0,-0.236043651153,0.03105676361,0.0,0.287741050793,0.387846711444,0.0,-0.116707532087,0.500666487735,0.0,0.226046948272,0.602785217938,0.0,-0.019406767898,0.920001515909,0.0,0.173880119045,0.597714344497,0.0,0.020149385224,0.959288457824,0.0,0.277534486443,0.799634480956,0.0,-0.043719880229,1.145076798619,0.0,0.556322306395,0.496029421687,-0.000341546955,-0.29978205495
24,1,0.230821315386,-0.030125037524,0.0,-0.230821315386,0.030125037524,0.0,0.283681658909,0.377209225546,0.0,-0.113742703932,0.491321177106,0.0,0.221544285695,0.591917261041,0.0,-0.017574470585,0.903233193988,0.0,0.16736924116,0.590612117944,0.0,0.022173583412,0.942278643677,0.0,0.27393863208,0.778070731788,0.0,-0.041240649271,1.123057054918,0.0,0.556818246841,0.495977982879,-0.000331662828,-0.305571610756
25,1,0.235985740108,-0.031073506681,0.0,-0.235985740108,0.031073506681,0.0,0.288768683138,0.38580593849,0.0,-0.116556343889,0.50167061979,0.0,0.225487677564,0.60261394232,0.0,-0.018347820798,0.922697751212,0.0,0.171614238731,0.599428054255,0.0,0.024509978073,0.962894804029,0.0,0.273575098555,0.794941131573,0.0,-0.045512075209,1.148072457551,0.0,0.556816250086,0.495835319161,-0.000328898081,-0.29941815774
26,1,0.188786586867,-0.024886940399,0.0,-0.188786586867,0.024886940399,0.0,0.23167525491,0.304042372931,0.0,-0.093280383091,0.402200614984,0.0,0.181256251419,0.481518597373,0.0,-0.01443343508,0.738998799803,0.0,0.138055817896,0.48180000695,0.0,0.019984581594,0.771058776315,0.0,0.219712638944,0.634058204497,0.0,-0.036055442759,0.91934138635,0.0,0.556992486119,0.49567656219,-0.000281038228,-0.37405195529
27,1,0.159512690019,-0.020998899887,0.0,-0.159512690019,0.020998899887,0.0,0.196149170106,0.257738695628,0.0,-0.078422939859,0.338090251666,0.0,0.15174968467,0.407115301338,0.0,-0.012015991777,0.622049326815,0.0,0.115407204845,0.407180111824,0.0,0.017157332304,0.64877410537,0.0,0.185953082314,0.534664354007,0.0,-0.029276019119,0.775840978783,0.0,0.557171955705,0.495475754142,-0.000284864567,-0.443283806575
28,1,0.173258633652,-0.02263030544,0.0,-0.173258633652,0.02263030544,0.0,0.213129090677,0.280954822076,0.0,-0.085364820664,0.36737943634,0.0,0.16433045412,0.442801566394,0.0,-0.013352610573,0.677586913557,0.0,0.125022449837,0.442038775011,0.0,0.018411325582,0.707221840825,0.0,0.201389450833,0.578642120238,0.0,-0.03186439762,0.843426553787,0.0,0.557160452008,0.495309114456,-0.000286177266,-0.408047943339
29,1,0.163285653009,-0.021284995188,0.0,-0.163285653009,0.021284995188,0.0,0.202031654545,0.264207036141,0.0,-0.079436615508,0.346436539177,0.0,0.157402974783,0.418165865257,0.0,-0.011409417083,0.638996794803,0.0,0.11931394901,0.417352309238,0.0,0.018754567308,0.666956531479,0.0,0.191656438691,0.547121865284,0.0,-0.029015430664,0.793524217602,0.0,0.557643383741,0.495335519314,-0.000286881812,-0.43262592729
30,1,0.201215680628,-0.025993084953,0.0,-0.201215680628,0.025993084953,0.0,0.251989836868,0.32450440892,0.0,-0.098124528323,0.4285185569,0.0,0.194842558835,0.513784027293,0.0,-0.014563713979,0.786963664729,0.0,0.152807071069,0.511029427695,0.0,0.022952260216,0.82082540206,0.0,0.237291558142,0.672885766369,0.0,-0.036266553221,0.97474174365,0.0,0.557462066412,0.495493739843,-0.000292866956,-0.352140467116
31,1,0.157538267515,-0.020606719798,0.0,-0.157538267515,0.020606719798,0.0,0.197043369083,0.254603051627,0.0,-0.076379292348,0.335447203932,0.0,0.152620286565,0.402687060085,0.0,-0.011163127088,0.616134045138,0.0,0.119500020529,0.40174577153,0.0,0.018503760059,0.642688213993,0.0,0.186344360588,0.527584682799,0.0,-0.027997140095,0.762976517312,0.0,0.557433411479,0.495373308659,-0.000281642657,-0.44984228694
32,1,0.161012080826,-0.020795705614,0.0,-0.161012080826,0.020795705614,0.0,0.201800960039,0.259721589554,0.0,-0.077845503956,0.342101338476,0.0,0.157082611695,0.411356683513,0.0,-0.010854523037,0.62885517925,0.0,0.122506992745,0.410162768222,0.0,0.019840431233,0.655782917192,0.0,0.190862670693,0.538888605653,0.0,-0.0284784131,0.778949379249,0.0,0.557491227984,0.495659351349,-0.000278447755,-0.440276932832
33,1,0.160850253863,-0.02079024018,0.0,-0.160850253863,0.02079024018,0.0,0.197120029569,0.257037455481,0.0,-0.079717171412,0.338603121596,0.0,0.154468807513,0.410657975672,0.0,-0.01348377616,0.621926130237,0.0,0.121189070458,0.408991543898,0.0,0.016897690535,0.648732384716,0.0,0.189915548923,0.542614346924,0.0,-0.03082034687,0.770662701818,0.0,0.55627566576,0.495828285813,-0.000275215134,-0.444916010219
34,1,0.164762614255,-0.020827456988,0.0,-0.164762614255,0.020827456988,0.0,0.202364770332,0.280176615773,0.0,-0.081752776824,0.346306042842,0.0,0.160480294207,0.423567413233,0.0,-0.013062093062,0.634274269995,0.0,0.126284260482,0.422868214067,0.0,0.017720947252,0.658816737881,0.0,0.202071169896,0.566339677784,0.0,-0.0315464839,0.788655879183,0.0,0.556284457445,0.496859654784,-0.000262716785,-0.433736834205
35,1,0.161104581704,-0.020534180628,0.0,-0.161104581704,0.020534180628,0.0,0.199863198169,0.272458378303,0.0,-0.080919291313,0.337370196987,0.0,0.157483483653,0.423907168148,0.0,-0.013873965881,0.617047961747,0.0,0.123968200528,0.423303920155,0.0,0.015259047961,0.639741142254,0.0,0.206588353314,0.564639048086,0.0,-0.028919206974,0.769116637209,0.0,0.555744379759,0.497268915176,-0.000264517032,-0.444232697007
36,1,0.168684370329,-0.021697941962,0.0,-0.168684370329,0.021697941962,0.0,0.211348370806,0.285097148028,0.0,-0.08571200305,0.352689933302,0.0,0.16703950875,0.45364173458,0.0,-0.015593851667,0.642094953604,0.0,0.129862214377,0.459074996009,0.0,0.013758777544,0.664987370029,0.0,0.223182508806,0.596351782352,0.0,-0.029502933592,0.801923569308,0.0,0.55525007844,0.498191490769,-0.000272484496,-0.424913606015
37,1,0.170134687625,-0.021367534673,0.0,-0.170134687625,0.021367534673,0.0,0.214310784744,0.292034251391,0.0,-0.086838592402,0.355340023981,0.0,0.171735554916,0.467482243336,0.0,-0.0158463966,0.643758462497,0.0,0.134692411073,0.472225726483,0.0,0.013317287617,0.665277113674,0.0,0.226664691403,0.61135688027,0.0,-0.0277009372,0.806466051166,0.0,0.555021032691,0.498683080077,-0.000276753679,-0.421939807651
38,1,0.188630686818,-0.022578385168,0.0,-0.188630686818,0.022578385168,0.0,0.238343432686,0.332448404013,0.0,-0.096925670559,0.393652206564,0.0,0.198507378343,0.529418790936,0.0,-0.017919335923,0.708955285883,0.0,0.164662429867,0.533894263354,0.0,0.014449330965,0.730494289014,0.0,0.259063478972,0.69590423689,0.0,-0.030648685398,0.890045044987,0.0,0.554802745581,0.499765411019,-0.000290532596,-0.38093669126
39,1,0.197301593109,-0.023417540829,0.0,-0.197301593109,0.023417540829,0.0,0.245371274109,0.355543715535,0.0,-0.104899720642,0.409774406849,0.0,0.214621781135,0.562354817371,0.0,-0.02258780649,0.731451031199,0.0,0.177342857983,0.567232958779,0.0,0.011347963535,0.75185998528,0.0,0.285500774083,0.737086583592,0.0,-0.036225577635,0.918745517944,0.0,0.553123801947,0.500185608864,-0.000281855464,-0.367978976418
40,1,0.201514588829,-0.021909713629,0.0,-0.201514588829,0.021909713629,0.0,0.25321619591,0.366996249195,0.0,-0.106694360073,0.419546487391,0.0,0.228211664566,0.589450994949,0.0,-0.020752105634,0.742459524351,0.0,0.192479518847,0.598677758061,0.0,0.01468116103,0.762458017744,0.0,0.305809142938,0.77094035598,0.0,-0.037281913494,0.932632517958,0.0,0.553084999323,0.502414911985,-0.000284181908,-0.360066000424
41,1,0.202980440502,-0.020083378946,0.0,-0.202980440502,0.020083378946,0.0,0.257942928054,0.37448169612,0.0,-0.107019181745,0.416399692373,0.0,0.242282751654,0.619307386947,0.0,-0.019894156157,0.741701972925,0.0,0.199638213263,0.638825974013,0.0,0.020649296408,0.75761202846,0.0,0.31790583312,0.80222408365,0.0,-0.038154759773,0.932502910814,0.0,0.553103968501,0.504635870457,-0.000277391635,-0.357443049136
42,1,0.209831299114,-0.018116699414,0.0,-0.209831299114,0.018116699414,0.0,0.271650230023,0.387344172107,0.0,-0.111284175062,0.421112310215,0.0,0.256879364793,0.656832426092,0.0,-0.019873404666,0.758904258899,0.0,0.21043191749,0.683841278829,0.0,0.02584690112,0.774534136049,0.0,0.334376988189,0.844611569621,0.0,-0.039455944101,0.952567634088,0.0,0.553134664893,0.507928371429,-0.000288942829,-0.345549489629
43,1,0.221471035977,-0.018545757569,0.0,-0.221471035977,0.018545757569,0.0,0.290428470091,0.416961374625,0.0,-0.118295347389,0.442536471679,0.0,0.28041858036,0.719384865645,0.0,-0.018845300951,0.800365946461,0.0,0.23063174008,0.748036936603,0.0,0.036681760245,0.815415889861,0.0,0.359744753614,0.921109185561,0.0,-0.043404479802,1.002464090674,0.0,0.552955701947,0.509769707918,-0.000298452564,-0.326385173032
44,1,0.241622783235,-0.0179860832,0.0,-0.241622783235,0.0179860832,0.0,0.31880301443,0.461953153211,0.0,-0.130559600284,0.479572700502,0.0,0.313737472155,0.791708955234,0.0,-0.020844052362,0.871179385263,0.0,0.257329577599,0.819999882224,0.0,0.039925639528,0.8871394117,0.0,0.396087140839,1.004014721127,0.0,-0.049114760823,1.091430832912,0.0,0.55256177485,0.511989653111,-0.000298470259,-0.297750102917
45,1,0.262875146598,-0.018617359761,0.0,-0.262875146598,0.018617359761,0.0,0.348099902393,0.509745283499,0.0,-0.144011254203,0.522912025493,0.0,0.345508943565,0.880413703297,0.0,-0.021467851028,0.951745833898,0.0,0.283386722089,0.906828604947,0.0,0.047946053273,0.97187236715,0.0,0.431034595463,1.114855968939,0.0,-0.055711508308,1.185719020305,0.0,0.551952600479,0.51292937994,-0.00030035805,-0.273067686683
46,1,0.26525925823,-0.017223242541,0.0,-0.26525925823,0.017223242541,0.0,0.352418606265,0.515765932949,0.0,-0.145157826489,0.521815479042,0.0,0.35270034422,0.899611097408,0.0,-0.021842731713,0.956786059565,0.0,0.289663404281,0.921061510671,0.0,0.0487437501,0.978014871278,0.0,0.435619414882,1.141025500179,0.0,-0.055845352856,1.18859053269,0.0,0.551912844181,0.514695346355,-0.000303461216,-0.270585980223
47,1,0.266971977733,-0.016088578266,0.0,-0.266971977733,0.016088578266,0.0,0.355416294012,0.527772842212,0.0,-0.1468924544,0.52677356402,0.0,0.354101570875,0.918148588056,0.0,-0.022254707311,0.963877250555,0.0,0.290692595804,0.942870699523,0.0,0.051357604753,0.986189220871,0.0,0.435222646683,1.171160244058,0.0,-0.044237276902,1.193981268084,0.0,0.551637381315,0.515041053295,-0.000304030254,-0.269070769909
48,1,0.296163451789,-0.017053842825,0.0,-0.296163451789,0.017053842825,0.0,0.393429004496,0.586316682362,0.0,-0.164237669562,0.586875252193,0.0,0.393135699995,1.027942011357,0.0,-0.024043282948,1.072177741254,0.0,0.323561781595,1.060095317495,0.0,0.057460196529,1.099163723055,0.0,0.480293622942,1.308008334102,0.0,-0.050734115565,1.324973263236,0.0,0.551307693124,0.515437871218,-0.000307001173,-0.242337020152
49,1,0.281607672239,-0.014495642505,0.0,-0.281607672239,0.014495642505,0.0,0.373357912725,0.55341184989,0.0,-0.158109590276,0.553745758135,0.0,0.372388479048,0.981784304848,0.0,-0.025207557053,1.017913083334,0.0,0.305771561283,1.014632499177,0.0,0.053549160044,1.044371392345,0.0,0.454203369799,1.257489792021,0.0,-0.049074391775,1.25730704336,0.0,0.550861015916,0.51680624485,-0.000311057083,-0.254728145918
50,1,0.251810962621,-0.01245013809,0.0,-0.251810962621,0.01245013809,0.0,0.330402993005,0.493882830287,0.0,-0.142432233102,0.493779528651,0.0,0.329321137465,0.884378425936,0.0,-0.024478426455,0.905705007014,0.0,0.269938317028,0.913132727867,0.0,0.045768768653,0.930370147011,0.0,0.40012941041,1.120581990086,0.0,-0.037212435774,1.117629562685,0.0,0.550385385752,0.517259001732,-0.000310514122,-0.286190083538
51,1,0.25799629901,-0.012262515791,0.0,-0.25799629901,0.012262515791,0.0,0.333826257102,0.508696188482,0.0,-0.151169075754,0.506256465233,0.0,0.332613982214,0.915819235352,0.0,-0.030130507318,0.928343760665,0.0,0.271695592954,0.947778840546,0.0,0.043876710797,0.955153361406,0.0,0.404665425337,1.159325884207,0.0,-0.040427096851,1.144749307158,0.0,0.548933491111,0.51789945364,-0.000313460827,-0.27890320151
52,1,0.256627553245,-0.011046567383,0.0,-0.256627553245,0.011046567383,0.0,0.327114163897,0.500655753395,0.0,-0.153110979822,0.498847757359,0.0,0.326003728612,0.913384180915,0.0,-0.033633317301,0.91872822362,0.0,0.26559956923,0.948180364538,0.0,0.04013253927,0.945870430123,0.0,0.397318633015,1.148267803882,0.0,-0.046574930025,1.131833192013,0.0,0.547905251384,0.519179314375,-0.000313635916,-0.281078714336
53,1,0.249385381397,-0.010444966504,0.0,-0.249385381397,0.010444966504,0.0,0.3125245312,0.485034864056,0.0,-0.154844783885,0.4839248319,0.0,0.311804384664,0.885696537398,0.0,-0.037918779026,0.893592625375,0.0,0.252983840691,0.922370792847,0.0,0.035227607231,0.924021684088,0.0,0.381278839939,1.113302523695,0.0,-0.051216224362,1.101268047359,0.0,0.546262994409,0.519727766514,-0.000308218412,-0.288402949022
54,1,0.246224251272,-0.010347390623,0.0,-0.246224251272,0.010347390623,0.0,0.29884173183,0.475238867389,0.0,-0.15784777044,0.474629576114,0.0,0.297842291042,0.867796502589,0.0,-0.043991337786,0.876882660273,0.0,0.239660661014,0.90694955991,0.0,0.028127830154,0.907859841074,0.0,0.366985071104,1.091940545804,0.0,-0.048000677471,1.081035856761,0.0,0.54415050149,0.519717216492,-0.000308192335,-0.293478573733
55,1,0.238997460456,-0.010357839748,0.0,-0.238997460456,0.010357839748,0.0,0.284829620365,0.46419840309,0.0,-0.155574091675,0.464668889004,0.0,0.287304090288,0.849283279028,0.0,-0.045765380302,0.858085476664,0.0,0.229299671335,0.889804052155,0.0,0.025536571307,0.888993164022,0.0,0.354581887893,1.065864885953,0.0,-0.051067830036,1.057111941381,0.0,0.543001130223,0.519524931908,-0.000305891037,-0.300122488782
56,1,0.233243888409,-0.009781657674,0.0,-0.233243888409,0.009781657674,0.0,0.274607065816,0.456742049173,0.0,-0.153730146901,0.458565302908,0.0,0.277277409055,0.8368778578,0.0,-0.048152097935,0.848067523512,0.0,0.219752748078,0.875228087419,0.0,0.021617575741,0.880663090225,0.0,0.34215776725,1.052694314909,0.0,-0.054274653102,1.040489430586,0.0,0.541780531406,0.51921197772,-0.000299980864,-0.305239231219
57,1,0.21211995003,-0.008418569733,0.0,-0.21211995003,0.008418569733,0.0,0.243722334421,0.416363742355,0.0,-0.144760164316,0.418243961477,0.0,0.245727931188,0.76240960639,0.0,-0.050667227078,0.775895856762,0.0,0.193609861094,0.798909025941,0.0,0.013108023355,0.805365751873,0.0,0.305406888122,0.957758670172,0.0,-0.056058733134,0.947851786705,0.0,0.539513394237,0.519415140152,-0.000296453014,-0.334444530901
58,1,0.206164690244,-0.008120010215,0.0,-0.206164690244,0.008120010215,0.0,0.228611484753,0.404989950514,0.0,-0.144516008756,0.406700502684,0.0,0.232100612571,0.742854159739,0.0,-0.056051172472,0.755190932351,0.0,0.181432480187,0.777905574719,0.0,0.00599819763,0.783930808432,0.0,0.289301165184,0.930606584274,0.0,-0.061298425568,0.92121795786,0.0,0.537198364735,0.519410252571,-0.000294926576,-0.343922771967
59,1,0.210754146356,-0.008376233331,0.0,-0.210754146356,0.008376233331,0.0,0.226308725122,0.415108529943,0.0,-0.152345417161,0.416372937523,0.0,0.228903259594,0.761004306749,0.0,-0.065610329841,0.774264312132,0.0,0.176964814705,0.796878692565,0.0,-0.001818486312,0.804474920348,0.0,0.288345800726,0.954055635368,0.0,-0.071323908274,0.944594722107,0.0,0.534412905574,0.519380658865,-0.000298387371,-0.335120910864
60,1,0.210043073446,-0.008368714541,0.0,-0.210043073446,0.008368714541,0.0,0.219932811529,0.411344933193,0.0,-0.155238451562,0.412178428708,0.0,0.218896671535,0.753663198405,0.0,-0.072643417978,0.764092469699,0.0,0.166659085383,0.788842773496,0.0,-0.009040023958,0.79473806189,0.0,0.277989793558,0.945056368976,0.0,-0.078086700767,0.936296204183,0.0,0.531833738089,0.519345134497,-0.000296012498,-0.338107110786
61,1,0.201869502133,-0.007909931582,0.0,-0.201869502133,0.007909931582,0.0,0.209208369879,0.39440779582,0.0,-0.148831155785,0.395181331586,0.0,0.205953517361,0.723476166739,0.0,-0.073419957049,0.734020769596,0.0,0.15581842405,0.758196002589,0.0,-0.012563573476,0.763593337831,0.0,0.263319944266,0.906422532384,0.0,-0.078861929109,0.898190928278,0.0,0.530451357365,0.519329041243,-0.000284301117,-0.352525715956
62,1,0.198736102866,-0.007647182921,0.0,-0.198736102866,0.007647182921,0.0,0.203607836398,0.390693868609,0.0,-0.152670443045,0.39132680707,0.0,0.194254030972,0.716043833748,0.0,-0.082311268531,0.721790358913,0.0,0.143694156352,0.750254835897,0.0,-0.021571284727,0.753943934216,0.0,0.251035511452,0.897802187275,0.0,-0.086953208052,0.889074369543,0.0,0.526999667287,0.519367516041,-0.000276871957,-0.355873384937
63,1,0.196812267806,-0.007184217918,0.0,-0.196812267806,0.007184217918,0.0,0.198282085302,0.387143976657,0.0,-0.149322872362,0.388428947941,0.0,0.186376082825,0.709716861485,0.0,-0.086173604325,0.718882415269,0.0,0.136477304055,0.743287254348,0.0,-0.026566752286,0.749178626367,0.0,0.242865996715,0.890316748887,0.0,-0.091665774841,0.882025194408,0.0,0.525130286813,0.519213169813,-0.000279054977,-0.359537685694
64,1,0.204298781039,-0.007270924656,0.0,-0.204298781039,0.007270924656,0.0,0.205377531763,0.402942350582,0.0,-0.153268477173,0.404474731583,0.0,0.191098260615,0.738197186583,0.0,-0.092555958987,0.748486424398,0.0,0.139704811234,0.772634825533,0.0,-0.030741594918,0.779408428698,0.0,0.24924695768,0.926748818182,0.0,-0.098433332121,0.917729124678,0.0,0.524031087756,0.519103437662,-0.000282631256,-0.345831027789
65,1,0.218822070851,-0.0075079178,0.0,-0.218822070851,0.0075079178,0.0,0.219948106091,0.432824980623,0.0,-0.164024275802,0.434629925782,0.0,0.201353050754,0.793237183703,0.0,-0.102559324847,0.804038770749,0.0,0.14659137678,0.830414176237,0.0,-0.036475864922,0.836771670142,0.0,0.263476864892,0.994643492256,0.0,-0.108628589205,0.98489264972,0.0,0.522872671485,0.518879383802,-0.000282789581,-0.322601366623
66,1,0.211604509789,-0.006541284883,0.0,-0.211604509789,0.006541284883,0.0,0.209951396066,0.420943754244,0.0,-0.159341372247,0.422737417547,0.0,0.191929538064,0.771500010226,0.0,-0.101682742227,0.781970327286,0.0,0.14021123157,0.807848101115,0.0,-0.038618235174,0.813621376541,0.0,0.251929795706,0.965470784755,0.0,-0.113534921273,0.956689748316,0.0,0.521778687835,0.518355518579,-0.000283207744,-0.332904916023
67,1,0.207986446868,-0.006129742929,0.0,-0.207986446868,0.006129742929,0.0,0.202779627664,0.414873948476,0.0,-0.161415447891,0.415930782478,0.0,0.181899051031,0.75992531655,0.0,-0.105586315236,0.770322216174,0.0,0.131001164327,0.795556726886,0.0,-0.0437091954,0.80143662143,0.0,0.240912957708,0.950872385461,0.0,-0.118281009495,0.94204435045,0.0,0.519422471523,0.518090009689,-0.000283970498,-0.338282699772
68,1,0.210727077286,-0.006102455469,0.0,-0.210727077286,0.006102455469,0.0,0.206476995465,0.420091352725,0.0,-0.159403989963,0.421576458445,0.0,0.183721081811,0.768924977767,0.0,-0.105261589057,0.778372216988,0.0,0.132345527641,0.805312027629,0.0,-0.041816076873,0.809277772991,0.0,0.24399711543,0.961199669925,0.0,-0.121641221967,0.952074536168,0.0,0.519393473864,0.518235772848,-0.000282457098,-0.334564948495
69,1,0.21127333931,-0.00603649555,0.0,-0.21127333931,0.00603649555,0.0,0.206624062067,0.420226044927,0.0,-0.16057645972,0.420954585959,0.0,0.182706004812,0.769557642783,0.0,-0.106380162421,0.779177837543,0.0,0.130810316561,0.806424702545,0.0,-0.043000118593,0.810623825801,0.0,0.242825057685,0.960039884177,0.0,-0.122893640479,0.951132388732,0.0,0.518926620483,0.518252700567,-0.000284138136,-0.334863515422
70,1,0.223295126102,-0.006242673195,0.0,-0.223295126102,0.006242673195,0.0,0.219726782347,0.443323487773,0.0,-0.16985312514,0.444042913435,0.0,0.192223989675,0.811704983843,0.0,-0.112955849152,0.822720248613,0.0,0.136346307665,0.850629599563,0.0,-0.046434561733,0.856204019633,0.0,0.256088256013,1.014260370014,0.0,-0.130087737119,1.004917243131,0.0,0.518626570702,0.518375337124,-0.000284333713,-0.316819615733
71,1,0.216788534834,-0.006040396917,0.0,-0.216788534834,0.006040396917,0.0,0.212666148388,0.428418933855,0.0,-0.164769420529,0.430369502443,0.0,0.185815004976,0.787137142819,0.0,-0.110132524256,0.800405532696,0.0,0.131358683128,0.824682213762,0.0,-0.046209542574,0.832056216648,0.0,0.247730418567,0.982309277385,0.0,-0.126279708225,0.974598749434,0.0,0.518412172794,0.51836720109,-0.000284907408,-0.326782700821
72,1,0.216727164942,-0.006017129507,0.0,-0.216727164942,0.006017129507,0.0,0.2128774024,0.427973615035,0.0,-0.165017010736,0.429383744371,0.0,0.185697843532,0.786363184866,0.0,-0.110156229912,0.799235859718,0.0,0.131017843843,0.823642772301,0.0,-0.046370224262,0.831571967867,0.0,0.247407602476,0.982235257497,0.0,-0.126468854167,0.974316642462,0.0,0.5183660537,0.518391162157,-0.000286914408,-0.32673875531
73,1,0.203764002436,-0.005628323125,0.0,-0.203764002436,0.005628323125,0.0,0.199782089313,0.402660249719,0.0,-0.155763445645,0.403990728846,0.0,0.17431730571,0.737923314235,0.0,-0.103892092104,0.751955381474,0.0,0.122749441443,0.77333846173,0.0,-0.044014181852,0.782739164247,0.0,0.231980010258,0.924030967999,0.0,-0.120648955886,0.916644088849,0.0,0.518205314875,0.518355876207,-0.000287597068,-0.347329620838
74,1,0.190648810615,-0.005227892185,0.0,-0.190648810615,0.005227892185,0.0,0.188178104406,0.379259623885,0.0,-0.145191920478,0.380920495582,0.0,0.16527087205,0.694970667565,0.0,-0.095667437763,0.708074733588,0.0,0.117021167743,0.728330614288,0.0,-0.037731792769,0.736423627295,0.0,0.220028417481,0.869631386579,0.0,-0.112494124959,0.862775907994,0.0,0.518695414066,0.51827454567,-0.000281549059,-0.36888830405
75,1,0.194524926462,-0.005439432018,0.0,-0.194524926462,0.005439432018,0.0,0.192140082258,0.386734215834,0.0,-0.147690824408,0.38857298295,0.0,0.168843814124,0.708624249174,0.0,-0.097210496103,0.722340440118,0.0,0.120567897188,0.742604447972,0.0,-0.038350339705,0.751011958911,0.0,0.224100257212,0.886682619818,0.0,-0.112955773728,0.880230539416,0.0,0.518784686923,0.518318980932,-0.000280987471,-0.361725106576
76,1,0.199195696346,-0.005613250157,0.0,-0.199195696346,0.005613250157,0.0,0.19753737792,0.395880130809,0.0,-0.150129307984,0.397758917366,0.0,0.174087463256,0.725416897543,0.0,-0.098320984312,0.738741977812,0.0,0.1243345368,0.759964776395,0.0,-0.038935439225,0.768301238095,0.0,0.23054569088,0.90776107781,0.0,-0.114233486649,0.901157998284,0.0,0.519251123071,0.518297255039,-0.000280263368,-0.353353887475
77,1,0.217380388135,-0.006189689799,0.0,-0.217380388135,0.006189689799,0.0,0.216889697579,0.432601811583,0.0,-0.163399632527,0.435150968385,0.0,0.191484429141,0.793048969097,0.0,-0.106282772339,0.807297066508,0.0,0.137032160661,0.831536737424,0.0,-0.040980913383,0.839707537329,0.0,0.254054390092,0.991620612881,0.0,-0.123241561661,0.985114767892,0.0,0.519619390368,0.518300622702,-0.000280524138,-0.323234180339
78,1,0.230970108484,-0.006515504166,0.0,-0.230970108484,0.006515504166,0.0,0.23283414313,0.460047785071,0.0,-0.170077591947,0.462374988654,0.0,0.207945912101,0.842681141979,0.0,-0.10773622814,0.857857415651,0.0,0.149947173241,0.883611566956,0.0,-0.038846262684,0.892052600502,0.0,0.27337581955,1.053432212753,0.0,-0.122948928629,1.046875581536,0.0,0.520965635777,0.518251657486,-0.000287860632,-0.304348961594
79,1,0.240676699482,-0.006994850193,0.0,-0.240676699482,0.006994850193,0.0,0.247151900742,0.479193467765,0.0,-0.173870787747,0.481849677983,0.0,0.221802176662,0.877971365165,0.0,-0.107099165492,0.890441510834,0.0,0.161459730203,0.92032009987,0.0,-0.035018796674,0.926120329008,0.0,0.289652590918,1.097959005721,0.0,-0.119385617509,1.0893333641,0.0,0.522466942668,0.518312454224,-0.000290066935,-0.29203066897
80,1,0.257668210232,-0.007491737991,0.0,-0.257668210232,0.007491737991,0.0,0.26949986972,0.512899346436,0.0,-0.183946912121,0.515375211715,0.0,0.243386036367,0.940912616984,0.0,-0.108623262149,0.953374333811,0.0,0.178841327811,0.988712836016,0.0,-0.031088401577,0.992048883636,0.0,0.320435623848,1.175402344246,0.0,-0.121743009726,1.165577558344,0.0,0.524099081755,0.518358439207,-0.000295662321,-0.272737384535
81,1,0.248930045253,-0.007226040523,0.0,-0.248930045253,0.007226040523,0.0,0.264775257484,0.493022590106,0.0,-0.175242463393,0.49468493249,0.0,0.241826631378,0.904429423075,0.0,-0.09645689145,0.915643404063,0.0,0.179385499773,0.95045171874,0.0,-0.020769875274,0.953102219644,0.0,0.315938100038,1.130148408587,0.0,-0.109121586659,1.120728328305,0.0,0.526315316558,0.518386602402,-0.000295547768,-0.283619514641
82,1,0.251817682443,-0.007194476334,0.0,-0.251817682443,0.007194476334,0.0,0.272403472592,0.496769517544,0.0,-0.17469976517,0.498067729111,0.0,0.249985978127,0.913844387012,0.0,-0.09107639137,0.923342654219,0.0,0.186437135005,0.95973365671,0.0,-0.014482755917,0.9613825188,0.0,0.325126298446,1.138462726708,0.0,-0.10288691927,1.129882799668,0.0,0.528161585331,0.518445312977,-0.000297524035,-0.281491928198
83,1,0.233638411375,-0.007091057775,0.0,-0.233638411375,0.007091057775,0.0,0.258176892878,0.459242033722,0.0,-0.161230320051,0.459698573631,0.0,0.237405698011,0.842644484282,0.0,-0.078356869012,0.852408092605,0.0,0.178369270867,0.881260200544,0.0,-0.006747085997,0.887456882732,0.0,0.307231822103,1.05052898192,0.0,-0.091369137768,1.044142515446,0.0,0.530165836215,0.518631845713,-0.000297172926,-0.304329203754
84,1,0.239558993539,-0.007432255414,0.0,-0.239558993539,0.007432255414,0.0,0.271243032843,0.46942000066,0.0,-0.16219387488,0.4693269571,0.0,0.251813371823,0.861754013342,0.0,-0.071451538681,0.870769412952,0.0,0.191728888681,0.901628994072,0.0,0.002016578798,0.907598821288,0.0,0.321894122192,1.075373605313,0.0,-0.081419231108,1.066510003063,0.0,0.532768517733,0.518687427044,-0.000304333866,-0.297243088532
85,1,0.238987835583,-0.008000317131,0.0,-0.238987835583,0.008000317131,0.0,0.276236747102,0.469947423405,0.0,-0.159912403268,0.470123044779,0.0,0.25826941468,0.862869502668,0.0,-0.065484166563,0.871981117288,0.0,0.198986551338,0.902749218342,0.0,0.007390062999,0.909109565405,0.0,0.328930694373,1.077028313998,0.0,-0.074979777116,1.067796939264,0.0,0.534806340933,0.518853574991,-0.000304406509,-0.296629382382
86,1,0.237149485092,-0.00815423794,0.0,-0.237149485092,0.00815423794,0.0,0.282472763915,0.467585751862,0.0,-0.154406422769,0.466635211216,0.0,0.268650302021,0.860770786332,0.0,-0.053866237859,0.867804787107,0.0,0.209896384164,0.902105096322,0.0,0.018743861071,0.905109805331,0.0,0.338969297825,1.073093750678,0.0,-0.064681389264,1.062981799236,0.0,0.538207054138,0.518979728222,-0.000305904076,-0.297853715223
87,1,0.221082548379,-0.007815198602,0.0,-0.221082548379,0.007815198602,0.0,0.270410710339,0.43382360803,0.0,-0.139529674629,0.434486295402,0.0,0.259769021435,0.801376241287,0.0,-0.040735368531,0.807935802082,0.0,0.205278834373,0.84009590465,0.0,0.027001760098,0.842781336146,0.0,0.325315310088,0.998942664456,0.0,-0.050456399332,0.990243447611,0.0,0.541241213679,0.519050598145,-0.000307192095,-0.319660395544
88,1,0.223424183691,-0.008146575732,0.0,-0.223424183691,0.008146575732,0.0,0.2773353797,0.43505758664,0.0,-0.137262321651,0.435982111169,0.0,0.268606477235,0.803979239862,0.0,-0.034123474919,0.81102827076,0.0,0.213633821342,0.842111752691,0.0,0.034099012135,0.845227430347,0.0,0.334836137795,1.001948959455,0.0,-0.043274055796,0.994397551075,0.0,0.543538555503,0.519393801689,-0.000305133872,-0.317968965447
89,1,0.225722701742,-0.008517616704,0.0,-0.225722701742,0.008517616704,0.0,0.286834040597,0.440356398699,0.0,-0.133623537719,0.441191414689,0.0,0.278742720535,0.811905627608,0.0,-0.028692570713,0.817230224816,0.0,0.223888615014,0.851319591947,0.0,0.039978138791,0.851869024152,0.0,0.347202124499,1.010026306908,0.0,-0.035679639774,1.002270750972,0.0,0.545980453491,0.519550323486,-0.000304578803,-0.315363207214
90,1,0.234573638943,-0.009253220583,0.0,-0.234573638943,0.009253220583,0.0,0.301221917579,0.450403004347,0.0,-0.134644241528,0.455402751973,0.0,0.293473830573,0.830659896785,0.0,-0.024716129279,0.83778940501,0.0,0.238278087869,0.868931788384,0.0,0.043143162918,0.872472544644,0.0,0.3637771967,1.036928264276,0.0,-0.029730119533,1.03011599595,0.0,0.547745674849,0.521273195744,-0.000301513821,-0.305501145503
91,1,0.228326803075,-0.009168334804,0.0,-0.228326803075,0.009168334804,0.0,0.298734861761,0.434411159372,0.0,-0.129340622478,0.438335557537,0.0,0.29051912787,0.799191710198,0.0,-0.017396498445,0.807898395582,0.0,0.237461204189,0.836394944305,0.0,0.048227477089,0.840641098126,0.0,0.361033619244,1.001568456403,0.0,-0.021996545679,0.994945810008,0.0,0.549820140004,0.52229899168,-0.000300343148,-0.315292375791
92,1,0.22536814996,-0.00946681128,0.0,-0.22536814996,0.00946681128,0.0,0.300051566045,0.424378451362,0.0,-0.127305872003,0.4285025884,0.0,0.287895975508,0.778478646153,0.0,-0.013903793411,0.788000381602,0.0,0.234694032505,0.815985544198,0.0,0.049848321536,0.819578623906,0.0,0.361166578698,0.978519517928,0.0,-0.018462684929,0.974893966161,0.0,0.550845265388,0.522838234901,-0.00029932335,-0.321224251938
93,1,0.225185421766,-0.010292666471,0.0,-0.225185421766,0.010292666471,0.0,0.3029954855,0.425274289952,0.0,-0.129182904376,0.429793121176,0.0,0.289616355581,0.777345333182,0.0,-0.012420381839,0.789328848881,0.0,0.236374559458,0.813345998767,0.0,0.051388618685,0.82081198261,0.0,0.364282226794,0.97728672308,0.0,-0.017314359214,0.976195068199,0.0,0.551318436861,0.522549748421,-0.000300382264,-0.321104152893
94,1,0.251649485203,-0.011817945295,0.0,-0.251649485203,0.011817945295,0.0,0.342236867806,0.478159464024,0.0,-0.143829564573,0.483196675422,0.0,0.323143756861,0.860611185741,0.0,-0.013323841964,0.882432328291,0.0,0.256814840374,0.902055120893,0.0,0.058365133579,0.917567981947,0.0,0.414991427237,1.088708136012,0.0,-0.018357528372,1.092059365198,0.0,0.551466524601,0.522357612848,-0.000303566456,-0.287455800633
95,1,0.273338004388,-0.012902097523,0.0,-0.273338004388,0.012902097523,0.0,0.378544399817,0.519753372968,0.0,-0.155087074351,0.524994607296,0.0,0.348930885391,0.921466037273,0.0,-0.013070207062,0.958416131254,0.0,0.273416598131,0.967221558059,0.0,0.064573430167,0.995950611378,0.0,0.453870872802,1.166989738442,0.0,-0.018555780105,1.186294298479,0.0,0.551830053329,0.52231541276,-0.00031419564,-0.264677825043
96,1,0.263486572704,-0.013882198899,0.0,-0.263486572704,0.013882198899,0.0,0.375988400968,0.496896059848,0.0,-0.14995516031,0.506081316552,0.0,0.33591486135,0.867820034618,0.0,-0.01138105224,0.924528162176,0.0,0.263512054776,0.906161769273,0.0,0.064140000864,0.956923574085,0.0,0.438143294234,1.103813078524,0.0,-0.014635600745,1.143987353651,0.0,0.551849603653,0.521869003773,-0.000318076462,-0.274842087278
97,1,0.259409296929,-0.01457437274,0.0,-0.259409296929,0.01457437274,0.0,0.376612817285,0.485150513156,0.0,-0.147816998735,0.499484333226,0.0,0.330559799048,0.833280217273,0.0,-0.011461448145,0.910677718417,0.0,0.259339865652,0.869965140363,0.0,0.06282211364,0.936884714104,0.0,0.436271908993,1.076313186192,0.0,-0.009680802936,1.127877338736,0.0,0.551750078797,0.521605014801,-0.000322236679,-0.279002640031
98,1,0.25690132584,-0.015526206268,0.0,-0.25690132584,0.015526206268,0.0,0.378152978675,0.474552587585,0.0,-0.14649587473,0.495730832705,0.0,0.327203061914,0.808181464901,0.0,-0.010992514683,0.89986880213,0.0,0.256769824028,0.840920655303,0.0,0.062044416759,0.92167905998,0.0,0.431823491246,1.028508042669,0.0,-0.016655661894,1.118236288546,0.0,0.551700145006,0.521278470755,-0.000324123539,-0.281701721318
99,1,0.260908298309,-0.017062522284,0.0,-0.260908298309,0.017062522284,0.0,0.388588316221,0.477025554105,0.0,-0.14911639376,0.504925640158,0.0,0.330734729086,0.798541845022,0.0,-0.010904427141,0.91249939187,0.0,0.260731680107,0.821346340075,0.0,0.06262679348,0.929578576249,0.0,0.439103164445,1.022645296475,0.0,-0.017719976285,1.139886888406,0.0,0.551627188921,0.520909160376,-0.000332375057,-0.277237652333
100,1,0.24957306563,-0.018158416619,0.0,-0.24957306563,0.018158416619,0.0,0.386482226339,0.445316628352,0.0,-0.143136800298,0.485531615883,0.0,0.312524027264,0.749248948173,0.0,-0.011043158015,0.875400565752,0.0,0.248208392562,0.773730106418,0.0,0.055020645633,0.891580880578,0.0,0.42083433794,0.961017512978,0.0,-0.018031922676,1.095454947032,0.0,0.551505804062,0.520297259092,-0.00033553876,-0.289555793188
101,1,0.260289668671,-0.021425290701,0.0,-0.260289668671,0.021425290701,0.0,0.408795497129,0.45481440904,0.0,-0.149668965438,0.506077168699,0.0,0.324518120656,0.764148199549,0.0,-0.012463103601,0.912050362388,0.0,0.251189522363,0.791280678781,0.0,0.054365282658,0.927520718639,0.0,0.44019750737,0.988404063081,0.0,-0.020254841776,1.149195250347,0.0,0.551335781813,0.519486248493,-0.000343676656,-0.277157142148
102,1,0.264265064752,-0.023554412184,0.0,-0.264265064752,0.023554412184,0.0,0.417687774349,0.456627100657,0.0,-0.150805795856,0.516591247055,0.0,0.330264690736,0.766756382757,0.0,-0.012022593049,0.929029108355,0.0,0.255052302815,0.792677124009,0.0,0.055497830225,0.945129337768,0.0,0.448304187876,0.991460364818,0.0,-0.020744690498,1.172309183944,0.0,0.551394343376,0.518617659807,-0.000346891116,-0.272352324286
103,1,0.229043559193,-0.02192893234,0.0,-0.229043559193,0.02192893234,0.0,0.370021380019,0.390109942427,0.0,-0.130772340029,0.448698926169,0.0,0.28132763688,0.658666188088,0.0,-0.010295046669,0.805215119998,0.0,0.215193392589,0.682445927062,0.0,0.044464996051,0.820671305153,0.0,0.388756112528,0.848228750433,0.0,-0.018160713944,1.016089236369,0.0,0.551371067762,0.517172783613,-0.000343377935,-0.31410839593
104,1,0.232986728711,-0.024597156979,0.0,-0.232986728711,0.024597156979,0.0,0.379287247014,0.388139027871,0.0,-0.133284804605,0.460239472693,0.0,0.282309372127,0.663241191151,0.0,-0.011310654574,0.824343051109,0.0,0.211030100347,0.686885361571,0.0,0.042563910218,0.842473313112,0.0,0.395801777261,0.857229265238,0.0,-0.020480694424,1.043051095208,0.0,0.551157280803,0.515515357256,-0.000335076591,-0.307940826562
105,1,0.236015104085,-0.026970914872,0.0,-0.236015104085,0.026970914872,0.0,0.38420996576,0.388062587789,0.0,-0.135122459528,0.473384604052,0.0,0.278815176133,0.665241005256,0.0,-0.012630194649,0.846327240944,0.0,0.205105981812,0.685155903648,0.0,0.035708698666,0.866051074181,0.0,0.399426532593,0.859324792824,0.0,-0.021747351112,1.070402939554,0.0,0.550821423531,0.512960672379,-0.000319070299,-0.302600991814
106,1,0.239770637957,-0.029116882078,0.0,-0.239770637957,0.029116882078,0.0,0.393323292285,0.39364673044,0.0,-0.136826216442,0.487431214301,0.0,0.281184510881,0.666252505978,0.0,-0.01168670074,0.870289996455,0.0,0.205164516693,0.675190007559,0.0,0.032743344957,0.894602561286,0.0,0.394972137427,0.870667231933,0.0,-0.022812933028,1.100442891109,0.0,0.551181539893,0.511429160833,-0.000314921024,-0.296099150248
107,1,0.232612336256,-0.029337918611,0.0,-0.232612336256,0.029337918611,0.0,0.381889922225,0.382703362654,0.0,-0.132415402388,0.476851087942,0.0,0.266544255132,0.640199272283,0.0,-0.009992348962,0.851152565623,0.0,0.189780036794,0.646152672724,0.0,0.031991168599,0.875289177684,0.0,0.372732619405,0.839054735044,0.0,-0.022513104041,1.07423516936,0.0,0.55121012032,0.509698361158,-0.000316941063,-0.304841282239
108,1,0.225550619442,-0.028440296505,0.0,-0.225550619442,0.028440296505,0.0,0.372078854178,0.369518720366,0.0,-0.127376587994,0.462110551656,0.0,0.25468766815,0.613810337567,0.0,-0.008041194056,0.828759010693,0.0,0.179754218896,0.616427035518,0.0,0.031147811058,0.85271975094,0.0,0.350788283784,0.805783219075,0.0,-0.021268353866,1.04533924285,0.0,0.551449403167,0.509443670511,-0.000300987507,-0.313228154645
109,1,0.202502928042,-0.025491018562,0.0,-0.202502928042,0.025491018562,0.0,0.334925779207,0.332047544785,0.0,-0.114158274169,0.413672592552,0.0,0.22350942706,0.548603112256,0.0,-0.006952232233,0.74540310287,0.0,0.155850854553,0.547360155571,0.0,0.027202867639,0.76874211563,0.0,0.306689369788,0.719556421571,0.0,-0.019926877393,0.938447157943,0.0,0.551607370377,0.507631495595,-0.000303531182,-0.347953639498
110,1,0.243919076051,-0.032982473858,0.0,-0.243919076051,0.032982473858,0.0,0.402612195754,0.394455876476,0.0,-0.136659706849,0.502893581995,0.0,0.265162268532,0.645078947001,0.0,-0.008056490014,0.902520965346,0.0,0.184884364622,0.635988806,0.0,0.032722164148,0.93202892658,0.0,0.360287581688,0.854665066758,0.0,-0.023920980861,1.13539115113,0.0,0.551636114717,0.506530880928,-0.000300518819,-0.288681340626
111,1,0.242788634943,-0.03306374751,0.0,-0.242788634943,0.03306374751,0.0,0.395913303904,0.392795995761,0.0,-0.136270604972,0.501323838693,0.0,0.260668997342,0.636097934179,0.0,-0.008244429246,0.898564367868,0.0,0.18317775944,0.629280490647,0.0,0.030508080375,0.929259113401,0.0,0.356880539432,0.851709459075,0.0,-0.023953716443,1.135245298264,0.0,0.551580697298,0.505380675197,-0.000299919629,-0.289776708406
112,1,0.220254902236,-0.029957445072,0.0,-0.220254902236,0.029957445072,0.0,0.355633519435,0.344843352296,0.0,-0.12113163868,0.458427684804,0.0,0.233329774142,0.565267538595,0.0,-0.007923679672,0.826219645877,0.0,0.16263139114,0.565564380791,0.0,0.022762522325,0.857122972071,0.0,0.316079110169,0.761676817878,0.0,-0.01009230794,1.040354884878,0.0,0.551590308547,0.504133492708,-0.00030326366,-0.319265207491
113,1,0.20979751782,-0.029998811364,0.0,-0.20979751782,0.029998811364,0.0,0.334116014564,0.331599487841,0.0,-0.114423779802,0.441287272283,0.0,0.222587325607,0.530384377059,0.0,-0.006120662151,0.794211350622,0.0,0.156162267872,0.523905248776,0.0,0.022547537547,0.82268578966,0.0,0.293367185353,0.718659131969,0.0,-0.008763971089,0.999336865793,0.0,0.551735460758,0.502204969525,-0.000273616053,-0.334382888207
114,1,0.211229093875,-0.031271309038,0.0,-0.211229093875,0.031271309038,0.0,0.335896085102,0.320490909947,0.0,-0.111515047736,0.447381893421,0.0,0.221510858503,0.524594793665,0.0,-0.00475407762,0.808520937301,0.0,0.156649657992,0.522128442137,0.0,0.024182255149,0.838073857952,0.0,0.285683697571,0.70648570368,0.0,-0.006443046932,1.010780626786,0.0,0.552207961679,0.501405671239,-0.000264074188,-0.331766398257
115,1,0.173101989835,-0.025636336682,0.0,-0.173101989835,0.025636336682,0.0,0.275533607078,0.257652005946,0.0,-0.090272408741,0.364130239169,0.0,0.180576863824,0.424483570124,0.0,-0.002870784404,0.662791238244,0.0,0.126091221921,0.42816760884,0.0,0.021154015823,0.68610548734,0.0,0.232569012617,0.573331567534,0.0,-0.006437700928,0.833083512426,0.0,0.552735820413,0.499596953392,-0.000246086624,-0.404074473171
116,1,0.181456486222,-0.027458833176,0.0,-0.181456486222,0.027458833176,0.0,0.286657871808,0.254367115878,0.0,-0.094096308448,0.384754256657,0.0,0.189359007204,0.443866604423,0.0,-0.002232514286,0.699387674174,0.0,0.134171226149,0.448556651095,0.0,0.024555952468,0.725437238518,0.0,0.236220188744,0.598102874286,0.0,-0.007197789709,0.877237207042,0.0,0.553034126759,0.498859837651,-0.00020471774,-0.384617701157
117,1,0.190663292745,-0.028287176889,0.0,-0.190663292745,0.028287176889,0.0,0.300196773338,0.271336256132,0.0,-0.098064801915,0.403685962404,0.0,0.194646473454,0.454920265331,0.0,-0.001576258493,0.737739934572,0.0,0.13669245594,0.455224397012,0.0,0.029626870429,0.765975988683,0.0,0.242924365717,0.622812512559,0.0,-0.007408813804,0.924571868232,0.0,0.553259462118,0.497786462307,-0.000210466795,-0.366096278655
118,1,0.165222450717,-0.024014198049,0.0,-0.165222450717,0.024014198049,0.0,0.259277865715,0.23701870035,0.0,-0.084320132387,0.347946192207,0.0,0.166030381702,0.392373576903,0.0,-0.000446863234,0.640643832749,0.0,0.114169269952,0.395909112805,0.0,0.028085920443,0.666274668877,0.0,0.211766429736,0.537387134412,0.0,-0.00555352892,0.802075371946,0.0,0.553646877408,0.497389227152,-0.000196793117,-0.422395477245
119,1,0.176557157992,-0.025983489638,0.0,-0.176557157992,0.025983489638,0.0,0.273627802066,0.248974707428,0.0,-0.090116184971,0.374471697905,0.0,0.177447127402,0.415275702697,0.0,-0.001263628456,0.687762784022,0.0,0.123085520017,0.417535667356,0.0,0.02975101425,0.715954543229,0.0,0.226946080586,0.574822576177,0.0,-0.006159590573,0.859358381389,0.0,0.5536108464,0.496357440948,-0.000198845752,-0.395480365092
120,1,0.164621778773,-0.023615602089,0.0,-0.164621778773,0.023615602089,0.0,0.253573411353,0.230959127873,0.0,-0.082723655909,0.346976198068,0.0,0.166636055562,0.381928286236,0.0,-8.3545473e-05,0.640365881189,0.0,0.119669125733,0.381583165954,0.0,0.029059976217,0.667062709027,0.0,0.212339531028,0.530450890983,0.0,-0.004655512743,0.800016616688,0.0,0.554085806012,0.496108695865,-0.000195949804,-0.425031614224
121,1,0.153693832836,-0.021609100754,0.0,-0.153693832836,0.021609100754,0.0,0.235199848513,0.220733342452,0.0,-0.076447368788,0.329678527589,0.0,0.155820174003,0.358734336535,0.0,8.4296062e-05,0.604013697705,0.0,0.112470409142,0.358169091698,0.0,0.027328442969,0.630142401966,0.0,0.198222172435,0.50087130036,0.0,-0.004565366095,0.752733539534,0.0,0.554171279073,0.493259489536,-0.00019655982,-0.455540765246
122,1,0.182006958518,-0.024899510437,0.0,-0.182006958518,0.024899510437,0.0,0.28092825667,0.261048082512,0.0,-0.089182846494,0.389479081219,0.0,0.185452985763,0.426956019029,0.0,0.000979747539,0.713601228405,0.0,0.136163339296,0.428426703306,0.0,0.034808887396,0.744421897419,0.0,0.235120121262,0.59322961664,0.0,-0.005483254295,0.888867151238,0.0,0.554490551353,0.493326038122,-0.000223013572,-0.385507202453
123,1,0.174729004029,-0.023959656031,0.0,-0.174729004029,0.023959656031,0.0,0.262799042118,0.251800876234,0.0,-0.084974306099,0.373408251753,0.0,0.178259222769,0.411014312097,0.0,0.00137579442,0.684417313698,0.0,0.131099567711,0.413718542807,0.0,0.034651883952,0.713652917322,0.0,0.225649072427,0.568586147702,0.0,-0.004860507853,0.852645543648,0.0,0.554667040706,0.493414580822,-0.000222802628,-0.402120697516
124,1,0.184141228469,-0.025290262526,0.0,-0.184141228469,0.025290262526,0.0,0.276529806026,0.266270150472,0.0,-0.089426107135,0.393552204443,0.0,0.187710998112,0.43639178028,0.0,0.001431722247,0.725508175657,0.0,0.138580019194,0.439526288264,0.0,0.037158904148,0.757562466783,0.0,0.237927245037,0.602434743121,0.0,-0.005590499202,0.902596176134,0.0,0.554677799344,0.492490887642,-0.00022081146,-0.382062042651
125,1,0.225382771301,-0.03101785018,0.0,-0.225382771301,0.03101785018,0.0,0.343171872199,0.313482395668,0.0,-0.108657441517,0.482324851512,0.0,0.231901528523,0.535931372011,0.0,0.003178676753,0.889256169812,0.0,0.170257753914,0.542805868385,0.0,0.046757871694,0.927683082412,0.0,0.294707199281,0.740706545656,0.0,-0.00421621737,1.105780883049,0.0,0.555135250092,0.492581605911,-0.000207551639,-0.31131077158
126,1,0.217265887011,-0.030491657276,0.0,-0.217265887011,0.030491657276,0.0,0.334565140612,0.30532829695,0.0,-0.104414914471,0.465946099215,0.0,0.223778045078,0.519633273826,0.0,0.00326908085,0.857801116368,0.0,0.165964222994,0.525595482717,0.0,0.046926414435,0.894766295107,0.0,0.284388825312,0.715514953304,0.0,-0.005554449794,1.067779346893,0.0,0.555245995522,0.492183834314,-0.000213973923,-0.323195412341
127,1,0.238223927335,-0.033509013353,0.0,-0.238223927335,0.033509013353,0.0,0.369159545031,0.335063685842,0.0,-0.114808335,0.511359705657,0.0,0.24461033633,0.572884286,0.0,0.003129154668,0.938886512608,0.0,0.182582139597,0.576514079169,0.0,0.052486992948,0.9793137151,0.0,0.310470721674,0.788534257264,0.0,-0.007105695141,1.168584645511,0.0,0.555121019483,0.492233097553,-0.000207001111,-0.295232223556
128,1,0.185029393484,-0.025950494502,0.0,-0.185029393484,0.025950494502,0.0,0.286279391548,0.263713601132,0.0,-0.089230245375,0.396754911063,0.0,0.191465461366,0.446028965552,0.0,0.002222947387,0.729706407444,0.0,0.146004691333,0.448190664795,0.0,0.040573371684,0.761605256016,0.0,0.24029605422,0.61209602727,0.0,-0.00580494569,0.906528549471,0.0,0.555059373379,0.4922760427,-0.000196341891,-0.380508112235
129,1,0.187868056231,-0.026814164382,0.0,-0.187868056231,0.026814164382,0.0,0.290725139448,0.268385441839,0.0,-0.090553333138,0.404348967966,0.0,0.195854677308,0.457382688753,0.0,0.002271976492,0.742405904204,0.0,0.149354250437,0.460602269535,0.0,0.041453454141,0.77475531313,0.0,0.244687741975,0.627467283677,0.0,-0.006116456153,0.922058448282,0.0,0.555053204298,0.491928294301,-0.000186038204,-0.37485465619
130,1,0.187683319718,-0.026734962901,0.0,-0.187683319718,0.026734962901,0.0,0.298380571074,0.268144068356,0.0,-0.090745849865,0.407681800794,0.0,0.194982290713,0.464107148874,0.0,0.001069342972,0.741450748673,0.0,0.145973270379,0.465504479764,0.0,0.041254548034,0.773391939532,0.0,0.244449629231,0.630011348776,0.0,-0.007338764376,0.920535881193,0.0,0.555093720555,0.491981685162,-0.000171454623,-0.37558669968
131,1,0.194548100632,-0.027381476988,0.0,-0.194548100632,0.027381476988,0.0,0.30986487526,0.283159851458,0.0,-0.094005293724,0.422046129094,0.0,0.20202015485,0.488128618895,0.0,0.001301288802,0.766882401157,0.0,0.147040702978,0.489752106541,0.0,0.043188124882,0.800098964969,0.0,0.255471956794,0.657255066325,0.0,-0.007229254375,0.951871388118,0.0,0.55525547266,0.492346704006,-0.00018759165,-0.362586973332
132,1,0.176597760047,-0.024196891592,0.0,-0.176597760047,0.024196891592,0.0,0.283387055637,0.268448696519,0.0,-0.0857418831,0.380161259992,0.0,0.185778733117,0.447972513825,0.0,0.000818143466,0.693573956878,0.0,0.134134919804,0.450705531031,0.0,0.039106063293,0.724951998233,0.0,0.243479868651,0.603175822243,0.0,-0.00887581153,0.861086592048,0.0,0.555113971233,0.49370610714,-0.000249280594,-0.399237379554
133,1,0.241653796458,-0.0335308604,0.0,-0.241653796458,0.0335308604,0.0,0.388969204977,0.371285408489,0.0,-0.119263158241,0.520398550644,0.0,0.254190294932,0.625882355553,0.0,-0.000611307127,0.945709453216,0.0,0.190755424561,0.626348911695,0.0,0.05171106281,0.988323489059,0.0,0.33401371648,0.839362253659,0.0,-0.014530709082,1.174822048838,0.0,0.554564356804,0.49498064816,-0.000252684113,-0.291535759851
134,1,0.246438993539,-0.03316326081,0.0,-0.246438993539,0.03316326081,0.0,0.395089467067,0.390822402116,0.0,-0.125167082273,0.52467421597,0.0,0.257956088979,0.645713791197,0.0,-0.002688898959,0.952463209447,0.0,0.192956591637,0.651169208106,0.0,0.043941465132,0.992817583243,0.0,0.347780952625,0.858621953725,0.0,-0.013123183431,1.191737865946,0.0,0.554198488593,0.496594414115,-0.000284749083,-0.286047653321
135,1,0.188342494471,-0.025597629403,0.0,-0.188342494471,0.025597629403,0.0,0.301400259888,0.297877772301,0.0,-0.096961367546,0.401440236767,0.0,0.19649159292,0.506504690992,0.0,-0.003123148409,0.720737085133,0.0,0.146725246353,0.513631898274,0.0,0.03235574746,0.7445108414,0.0,0.269879411123,0.667792503402,0.0,-0.010967438781,0.909786712052,0.0,0.553790479898,0.496753290296,-0.000273993472,-0.374376866315
136,1,0.185714228023,-0.0244515194,0.0,-0.185714228023,0.0244515194,0.0,0.296823024862,0.297717706149,0.0,-0.099115425714,0.392228284016,0.0,0.193046121926,0.505682762238,0.0,-0.005349590887,0.704788502163,0.0,0.143443973467,0.513272669312,0.0,0.029309000234,0.726327928618,0.0,0.268993967754,0.66760083217,0.0,-0.013179210653,0.893544968587,0.0,0.552960559726,0.498217925429,-0.000258859247,-0.379440432366
137,1,0.226577332979,-0.028885174829,0.0,-0.226577332979,0.028885174829,0.0,0.362972224013,0.376618732763,0.0,-0.123762591913,0.472499250623,0.0,0.241311886931,0.629171822163,0.0,-0.008127658871,0.853182626832,0.0,0.186586895492,0.633162007558,0.0,0.033862659613,0.880248391657,0.0,0.329017150227,0.828206284196,0.0,-0.017729156201,1.083165398122,0.0,0.552382469177,0.500088557601,-0.000283811241,-0.311199466078
138,1,0.23767517227,-0.029443042041,0.0,-0.23767517227,0.029443042041,0.0,0.386609235645,0.405782628681,0.0,-0.13146088631,0.494794077657,0.0,0.261964979281,0.677374727047,0.0,-0.009159778806,0.889357013681,0.0,0.205241817336,0.68773056049,0.0,0.034482489435,0.914174908156,0.0,0.361392706661,0.887553134603,0.0,-0.02081517888,1.134220955365,0.0,0.551869466901,0.50162795186,-0.00030508358,-0.295829355395
139,1,0.254631027294,-0.02906851302,0.0,-0.254631027294,0.02906851302,0.0,0.416582631457,0.437953409111,0.0,-0.140962175185,0.518946995966,0.0,0.301349797073,0.734043601697,0.0,-0.009538728976,0.93493394527,0.0,0.238744589003,0.746319838587,0.0,0.041271832336,0.957389324691,0.0,0.40289352898,0.965999957913,0.0,-0.022929909536,1.200777733843,0.0,0.551723226905,0.505001246929,-0.000319716986,-0.276493988868
140,1,0.23049311223,-0.024599952895,0.0,-0.23049311223,0.024599952895,0.0,0.373811384865,0.40074396617,0.0,-0.130040144229,0.464066250819,0.0,0.283726594244,0.681327035376,0.0,-0.010832213682,0.837846907379,0.0,0.228831741695,0.695901392593,0.0,0.038094054608,0.85933143802,0.0,0.375592654134,0.895159474626,0.0,-0.026058866687,1.073019181961,0.0,0.550826400518,0.506842017174,-0.000333498232,-0.306477493889
141,1,0.220631703649,-0.019914871749,0.0,-0.220631703649,0.019914871749,0.0,0.35336008297,0.388715747892,0.0,-0.124627423207,0.437030051506,0.0,0.279397438453,0.664698678453,0.0,-0.010513947534,0.794429062115,0.0,0.227082553656,0.68594438139,0.0,0.037357675295,0.816030248321,0.0,0.369182806846,0.865061653904,0.0,-0.028170050337,1.014327256159,0.0,0.550747796893,0.508946657181,-0.000332244672,-0.320589155731
142,1,0.219029495109,-0.018571824915,0.0,-0.219029495109,0.018571824915,0.0,0.346856490476,0.388042172556,0.0,-0.12409090476,0.424850747819,0.0,0.280724755048,0.666487299348,0.0,-0.01107721962,0.777358198258,0.0,0.232242700213,0.693427073937,0.0,0.038134996332,0.798295671669,0.0,0.371025053194,0.872767694278,0.0,-0.028668726267,0.993025643759,0.0,0.550409644842,0.511824220419,-0.000318351202,-0.324283840858
143,1,0.240476594722,-0.020596467137,0.0,-0.240476594722,0.020596467137,0.0,0.369424554799,0.435819950295,0.0,-0.138217423927,0.46724990887,0.0,0.305765171422,0.74918554377,0.0,-0.015746788156,0.846865036452,0.0,0.253161592016,0.781407877741,0.0,0.03854361006,0.867495759293,0.0,0.409227686198,0.9750039427,0.0,-0.035806249684,1.07688360423,0.0,0.549020603299,0.512485653162,-0.000316059217,-0.298408591503
144,1,0.237016399709,-0.019814298385,0.0,-0.237016399709,0.019814298385,0.0,0.35626501053,0.437484006075,0.0,-0.137821448708,0.459357067964,0.0,0.311703840946,0.762276962516,0.0,-0.01771421829,0.834525841662,0.0,0.254687534904,0.799770836064,0.0,0.03641561849,0.853876530609,0.0,0.405018587309,0.981592490862,0.0,-0.037669640801,1.05854596553,0.0,0.54836371541,0.512396633625,-0.000312029384,-0.303674082884
145,1,0.290155128166,-0.02394852373,0.0,-0.290155128166,0.02394852373,0.0,0.435767285404,0.543011832815,0.0,-0.168719305777,0.562738641631,0.0,0.393968871365,0.960966175125,0.0,-0.021193342895,1.023872803272,0.0,0.320941349765,0.99746978295,0.0,0.050622430217,1.04690479577,0.0,0.497508664484,1.236203820295,0.0,-0.04666541356,1.294456661385,0.0,0.548284247518,0.512277364731,-0.000317899976,-0.248035317584
146,1,0.287853909752,-0.020605721586,0.0,-0.287853909752,0.020605721586,0.0,0.432453012048,0.543660293326,0.0,-0.169144188093,0.55420303849,0.0,0.392894874391,0.970385365197,0.0,-0.023316915986,1.015460485541,0.0,0.319677058752,1.000972232931,0.0,0.049302083371,1.037820905836,0.0,0.494232959537,1.24816932029,0.0,-0.047897250828,1.279650833865,0.0,0.547861382365,0.513629198074,-0.000319587998,-0.249838995083
147,1,0.275666918864,-0.018855075414,0.0,-0.275666918864,0.018855075414,0.0,0.406415199003,0.518970506443,0.0,-0.1655426848,0.525618970041,0.0,0.370718679393,0.944674662212,0.0,-0.027486786066,0.969729808032,0.0,0.29805630764,0.98401898231,0.0,0.043854101228,0.998897926848,0.0,0.469498509029,1.207651656951,0.0,-0.047087974146,1.215726815851,0.0,0.546493709087,0.513874977827,-0.000321691856,-0.262867918851
148,1,0.263788701664,-0.015476274037,0.0,-0.263788701664,0.015476274037,0.0,0.38980631269,0.495801198007,0.0,-0.161541170104,0.498301922237,0.0,0.349794075876,0.912257577557,0.0,-0.030363827347,0.928770536702,0.0,0.278829399178,0.951418568449,0.0,0.038242828905,0.961502608534,0.0,0.446886636104,1.163510363094,0.0,-0.041589930466,1.158873734316,0.0,0.545321330428,0.514875650406,-0.000320636667,-0.275460553229
149,1,0.257164519089,-0.015069049729,0.0,-0.257164519089,0.015069049729,0.0,0.378175631684,0.486958880938,0.0,-0.163607437568,0.488240363089,0.0,0.340958601978,0.90284785753,0.0,-0.035643681428,0.912593933321,0.0,0.268538783742,0.941178092884,0.0,0.035490212411,0.946526979922,0.0,0.436138372436,1.147063706011,0.0,-0.045831654911,1.133911908424,0.0,0.54347409308,0.514846652746,-0.000318132341,-0.281771336215
150,1,0.228232587814,-0.012540415447,0.0,-0.228232587814,0.012540415447,0.0,0.326230594179,0.424753947922,0.0,-0.150351650819,0.427759038993,0.0,0.29625931253,0.791798012448,0.0,-0.039748280685,0.802552116725,0.0,0.232193878013,0.82516584051,0.0,0.025495143585,0.831978074044,0.0,0.377701536105,1.005771981115,0.0,-0.04851379554,0.99485434458,0.0,0.54070058465,0.515259951353,-0.000307805836,-0.320744592409
151,1,0.22833142556,-0.012480426248,0.0,-0.22833142556,0.012480426248,0.0,0.320926797927,0.423956500243,0.0,-0.151303075397,0.427399459674,0.0,0.294070878923,0.787126247513,0.0,-0.043993205479,0.804468032225,0.0,0.229835318408,0.821072397963,0.0,0.022232290903,0.832806493831,0.0,0.372923189987,1.001777177277,0.0,-0.053595618403,0.995127410715,0.0,0.539167642593,0.5151476264,-0.000306982547,-0.321051746201
152,1,0.229951094112,-0.011942859565,0.0,-0.229951094112,0.011942859565,0.0,0.320384061008,0.428205828428,0.0,-0.155029712754,0.432755060244,0.0,0.294027887546,0.801671861446,0.0,-0.048190140248,0.814134391922,0.0,0.230043336168,0.835648842735,0.0,0.019127980856,0.842974719961,0.0,0.372761596482,1.015467552372,0.0,-0.055657899455,1.007059731194,0.0,0.538017988205,0.514800906181,-0.00030443538,-0.317595727747
153,1,0.227977234714,-0.011142303465,0.0,-0.227977234714,0.011142303465,0.0,0.313886760643,0.426734519606,0.0,-0.154509419857,0.433561127022,0.0,0.289255092883,0.801242662002,0.0,-0.051058078056,0.81304998939,0.0,0.232399704516,0.835904803656,0.0,0.017263671647,0.842367464843,0.0,0.366632340405,1.010866534936,0.0,-0.058130928351,1.003640483457,0.0,0.536679729819,0.514446407557,-0.000294208527,-0.319030227318
154,1,0.228989949048,-0.010381834977,0.0,-0.228989949048,0.010381834977,0.0,0.306029876094,0.427482372473,0.0,-0.159162227776,0.435209715699,0.0,0.281980621757,0.80612050187,0.0,-0.059337764657,0.817843045156,0.0,0.227629164357,0.843172872471,0.0,0.010131583811,0.849888328507,0.0,0.359939371642,1.012167414622,0.0,-0.066030517495,1.002350251349,0.0,0.534113690257,0.514756292105,-0.000294657424,-0.317671626418
155,1,0.216190060303,-0.008887538604,0.0,-0.216190060303,0.008887538604,0.0,0.278833514378,0.4053038707,0.0,-0.154394121001,0.412178295318,0.0,0.259618354704,0.762086455096,0.0,-0.061039622945,0.776028534859,0.0,0.20689741248,0.79755136075,0.0,0.005689733234,0.807406117595,0.0,0.333935294673,0.957689738672,0.0,-0.067142191067,0.950055712067,0.0,0.531804233789,0.514339447021,-0.000291564036,-0.33560874015
156,1,0.228997073127,-0.008628093305,0.0,-0.228997073127,0.008628093305,0.0,0.277197995543,0.435105110677,0.0,-0.163218305,0.439393961485,0.0,0.267664358871,0.809539475103,0.0,-0.070569369457,0.824762663167,0.0,0.211729866278,0.846945932523,0.0,-0.000485361449,0.857622754118,0.0,0.346514166072,1.018570607395,0.0,-0.078539356718,1.009639693003,0.0,0.52941301465,0.513888806105,-0.000280147884,-0.316406190931
157,1,0.229796212259,-0.007919819652,0.0,-0.229796212259,0.007919819652,0.0,0.262577318758,0.441319964373,0.0,-0.166508429387,0.442770649233,0.0,0.257737034728,0.815517179261,0.0,-0.081330746792,0.827500752115,0.0,0.200781852715,0.855043894668,0.0,-0.00899520178,0.860313366444,0.0,0.337289859927,1.022239204225,0.0,-0.089681741171,1.011274479178,0.0,0.52597849071,0.514194756746,-0.000288065057,-0.314974822704
158,1,0.22312982183,-0.007151826712,0.0,-0.22312982183,0.007151826712,0.0,0.241286184578,0.429044047009,0.0,-0.161977267165,0.431015316081,0.0,0.243050029068,0.79341401059,0.0,-0.084980821226,0.804901985654,0.0,0.187279664183,0.831874352829,0.0,-0.015395942444,0.836726028498,0.0,0.318974781336,0.992816703731,0.0,-0.094173334367,0.983012950068,0.0,0.523790597916,0.513914257288,-0.000284138136,-0.324137278513
159,1,0.249053418451,-0.00787524684,0.0,-0.249053418451,0.00787524684,0.0,0.256811614739,0.476530348457,0.0,-0.182583808382,0.479750820393,0.0,0.258311127212,0.883256829934,0.0,-0.105105527593,0.89286130223,0.0,0.194903608559,0.927483365503,0.0,-0.027445394944,0.928384664957,0.0,0.34286285346,1.102165445251,0.0,-0.115057783917,1.090803275742,0.0,0.520550891757,0.513961106539,-0.000284824055,-0.29203846784
160,1,0.226123593421,-0.00717367765,0.0,-0.226123593421,0.00717367765,0.0,0.225328807746,0.431597913925,0.0,-0.166411080502,0.434852460076,0.0,0.22378969018,0.799586730544,0.0,-0.104152407316,0.806551385383,0.0,0.166305737441,0.839131037191,0.0,-0.034128472025,0.838277019146,0.0,0.300561680191,0.997756618633,0.0,-0.11240834631,0.9877098476,0.0,0.517385154963,0.513914883137,-0.000278294552,-0.322514337054
161,1,0.234921066625,-0.006876008997,0.0,-0.234921066625,0.006876008997,0.0,0.228343205404,0.452807693369,0.0,-0.172277634504,0.455071957953,0.0,0.226466185797,0.835167560498,0.0,-0.114954578106,0.842405261704,0.0,0.166548028779,0.876933127047,0.0,-0.04136298991,0.875892309743,0.0,0.306683365857,1.041842210883,0.0,-0.127701070545,1.031511949683,0.0,0.515260785818,0.513672202826,-0.00027490221,-0.309070829895
162,1,0.237086669208,-0.006814203212,0.0,-0.237086669208,0.006814203212,0.0,0.218389649903,0.457493729335,0.0,-0.181909569147,0.459539295814,0.0,0.21430309599,0.843151988502,0.0,-0.129810756305,0.8516645302,0.0,0.152753426973,0.885035049835,0.0,-0.055754741691,0.885909744817,0.0,0.295787392952,1.052573920168,0.0,-0.146447887439,1.042626091493,0.0,0.510975509882,0.513606488705,-0.000275128055,-0.305895490271
163,1,0.199225239916,-0.004850463228,0.0,-0.199225239916,0.004850463228,0.0,0.179239690666,0.386594594084,0.0,-0.154049030365,0.388328209119,0.0,0.173434475792,0.711132710283,0.0,-0.115052044346,0.718539870112,0.0,0.121388041412,0.746966989183,0.0,-0.052813853547,0.747470370873,0.0,0.242862263147,0.887599822843,0.0,-0.130350877084,0.877789622526,0.0,0.508538261056,0.513054400682,-0.000267154537,-0.363277119775
164,1,0.209219235699,-0.005031150458,0.0,-0.209219235699,0.005031150458,0.0,0.185192597754,0.403648986076,0.0,-0.162709185207,0.405375444943,0.0,0.171699408105,0.74060508813,0.0,-0.126611679661,0.746282081064,0.0,0.116758654249,0.777405814014,0.0,-0.06144511506,0.775037611089,0.0,0.243361283235,0.924538190595,0.0,-0.140797160531,0.913596949641,0.0,0.505268603563,0.513015568256,-0.000260014553,-0.349039858586
165,1,0.226147459426,-0.005072405689,0.0,-0.226147459426,0.005072405689,0.0,0.195531782777,0.433897519333,0.0,-0.179291132513,0.435722969009,0.0,0.1760173937,0.795840108665,0.0,-0.143043179567,0.80275465742,0.0,0.117158244449,0.835227336088,0.0,-0.07383972376,0.833616882594,0.0,0.253203591756,0.993424719761,0.0,-0.161500014892,0.981944987542,0.0,0.502654463053,0.512885689735,-0.000265239272,-0.324920389608
166,1,0.241614213753,-0.005375655794,0.0,-0.241614213753,0.005375655794,0.0,0.20467736285,0.46302947401,0.0,-0.197046951534,0.464886435114,0.0,0.177467833179,0.849558237318,0.0,-0.161529438946,0.856655516041,0.0,0.1143971122,0.892541954817,0.0,-0.088934942219,0.889726177055,0.0,0.259292236862,1.060009001451,0.0,-0.185679131991,1.048062643015,0.0,0.49936054647,0.512825757265,-0.000265611801,-0.304545350107
167,1,0.23452898121,-0.004993976561,0.0,-0.23452898121,0.004993976561,0.0,0.198726902034,0.45126729671,0.0,-0.192872648662,0.451629960553,0.0,0.169358193126,0.828113777698,0.0,-0.161134217851,0.835462492418,0.0,0.108122307742,0.869270206769,0.0,-0.091630264904,0.867514722891,0.0,0.248569416467,1.033438393983,0.0,-0.189673380937,1.022200777608,0.0,0.49820715189,0.512901991606,-0.000274233054,-0.312269411898
168,1,0.266736585847,-0.005685181065,0.0,-0.266736585847,0.005685181065,0.0,0.22154984379,0.510074427882,0.0,-0.224767020044,0.510454784758,0.0,0.182437377311,0.935851049565,0.0,-0.190970488575,0.943932824139,0.0,0.113218790334,0.982468390853,0.0,-0.112270918561,0.980552151618,0.0,0.272068917411,1.166995627477,0.0,-0.223394240235,1.155003275062,0.0,0.495739147067,0.512897223234,-0.000286473427,-0.276274718232
169,1,0.243962913758,-0.005113265043,0.0,-0.243962913758,0.005113265043,0.0,0.201440719104,0.467870874659,0.0,-0.206260647122,0.467441504443,0.0,0.164313254532,0.858561958172,0.0,-0.177157854676,0.866699216314,0.0,0.100378347377,0.901171906601,0.0,-0.105781091051,0.901161815412,0.0,0.246517171882,1.070372858413,0.0,-0.207903730201,1.059023831902,0.0,0.494828075171,0.512855172157,-0.0002860846,-0.301236727849
170,1,0.303958763967,-0.006097871549,0.0,-0.303958763967,0.006097871549,0.0,0.25196332366,0.5845135338,0.0,-0.261923592235,0.583450574867,0.0,0.195991730205,1.072101417862,0.0,-0.227390642862,1.081514150189,0.0,0.117078454409,1.124886975331,0.0,-0.138820942202,1.123789185533,0.0,0.299749416947,1.337458999843,0.0,-0.267573356067,1.322815709194,0.0,0.492893889546,0.512742519379,-0.000310831703,-0.241287577893
171,1,0.283792752021,-0.005728892938,0.0,-0.283792752021,0.005728892938,0.0,0.232852970876,0.54718020316,0.0,-0.247330989615,0.545842347751,0.0,0.178793531042,1.002513256648,0.0,-0.217559891591,1.012546940991,0.0,0.105931627121,1.050696167755,0.0,-0.13505079232,1.052098765561,0.0,0.274572509663,1.251862128073,0.0,-0.258049093594,1.238280791546,0.0,0.491568982601,0.512735635042,-0.000317467377,-0.257780080259
172,1,0.276122014907,-0.005243072499,0.0,-0.276122014907,0.005243072499,0.0,0.224616498205,0.53307276685,0.0,-0.240774886056,0.531206789181,0.0,0.171127168042,0.976368079784,0.0,-0.214969411694,0.986446479118,0.0,0.09945876355,1.023664772669,0.0,-0.13506434181,1.024539125512,0.0,0.26367663846,1.219303307464,0.0,-0.256221635941,1.20812706195,0.0,0.490716531873,0.512583583593,-0.000316542108,-0.264295140735
173,1,0.271132280135,-0.005182863403,0.0,-0.271132280135,0.005182863403,0.0,0.221851359127,0.526532741454,0.0,-0.237743238433,0.52468285653,0.0,0.168878688003,0.964164188178,0.0,-0.212414473264,0.972697628917,0.0,0.09643533202,1.0108813567,0.0,-0.133098874986,1.010463662308,0.0,0.260219540753,1.204277424593,0.0,-0.253894088263,1.189291440884,0.0,0.490680798888,0.512566357851,-0.000315370969,-0.267560951388
174,1,0.241012852981,-0.004584359829,0.0,-0.241012852981,0.004584359829,0.0,0.196828182993,0.469885555871,0.0,-0.211320509421,0.466030550746,0.0,0.149553573561,0.856258365983,0.0,-0.188865129295,0.863848482311,0.0,0.08548629669,0.897133884535,0.0,-0.119272443999,0.896994601825,0.0,0.230564968035,1.069664802158,0.0,-0.227225843118,1.056292870599,0.0,0.490557983518,0.51255646348,-0.000301420223,-0.301269768931
175,1,0.274769435812,-0.005289165991,0.0,-0.274769435812,0.005289165991,0.0,0.225553043563,0.535835354272,0.0,-0.240401088798,0.531639692729,0.0,0.171151338331,0.977143813117,0.0,-0.214997739856,0.986622432047,0.0,0.09720099751,1.02424973162,0.0,-0.135551542981,1.02529390589,0.0,0.2634680837,1.220152402613,0.0,-0.260367055443,1.205484971306,0.0,0.490685194731,0.512536674738,-0.000303146895,-0.264009073984
176,1,0.219844874905,-0.004201497688,0.0,-0.219844874905,0.004201497688,0.0,0.180611326107,0.429152952401,0.0,-0.191430496051,0.424740689905,0.0,0.136722102653,0.781621334559,0.0,-0.170233887454,0.789569251108,0.0,0.077424501722,0.819723860057,0.0,-0.106939150433,0.820451300767,0.0,0.210615053787,0.97634565076,0.0,-0.208316752392,0.964482937987,0.0,0.490734532475,0.51252040267,-0.000296405982,-0.33045378007
177,1,0.22424304229,-0.004257422896,0.0,-0.22424304229,0.004257422896,0.0,0.184519148388,0.436803013943,0.0,-0.194911062051,0.433235839719,0.0,0.139875737556,0.797212374238,0.0,-0.173314798605,0.805747093892,0.0,0.080263628243,0.836066878683,0.0,-0.10878988899,0.837293721631,0.0,0.215150474368,0.996638851358,0.0,-0.212855503343,0.984253570928,0.0,0.490835130215,0.51244276762,-0.000300137326,-0.323907935659
178,1,0.22848215467,-0.004207920989,0.0,-0.22848215467,0.004207920989,0.0,0.190691729595,0.445525548556,0.0,-0.196203415653,0.440724375999,0.0,0.145132842217,0.813821262764,0.0,-0.172322319562,0.82226449713,0.0,0.085425411513,0.854011336023,0.0,-0.107498797655,0.854598771399,0.0,0.221515294937,1.016376710387,0.0,-0.21379945979,1.004715808597,0.0,0.491648793221,0.512380301952,-0.000294724945,-0.317689656345
179,1,0.266268079905,-0.004689447317,0.0,-0.266268079905,0.004689447317,0.0,0.225888579923,0.518569679209,0.0,-0.226161157395,0.513024137528,0.0,0.171900316286,0.947498639007,0.0,-0.199462117467,0.954807081501,0.0,0.102106712394,0.994615196149,0.0,-0.123618692642,0.992363317142,0.0,0.260965606509,1.183141317439,0.0,-0.246157895431,1.170342198498,0.0,0.492419689894,0.512470155954,-0.000291388948,-0.272682079623
180,1,0.246957914124,-0.004016468686,0.0,-0.246957914124,0.004016468686,0.0,0.213934079271,0.484587216454,0.0,-0.205860162712,0.479414077186,0.0,0.164842234281,0.884191226876,0.0,-0.180480725601,0.890815009003,0.0,0.095943816464,0.928624053606,0.0,-0.109634525368,0.925969049748,0.0,0.24935148501,1.102245443023,0.0,-0.222527404474,1.091164386323,0.0,0.494049713016,0.511806517839,-0.000291072764,-0.293083806688
181,1,0.294748395561,-0.004781124051,0.0,-0.294748395561,0.004781124051,0.0,0.261201022769,0.575238352386,0.0,-0.238133275502,0.571425276263,0.0,0.203571527464,1.049383015684,0.0,-0.206392788779,1.056270102426,0.0,0.121427159406,1.101719373553,0.0,-0.120251241765,1.096649186337,0.0,0.303325946855,1.309480507247,0.0,-0.254925239473,1.294627293302,0.0,0.495909750462,0.511807620525,-0.000294894911,-0.247026854693
182,1,0.281462345288,-0.00467311,0.0,-0.281462345288,0.00467311,0.0,0.257640295213,0.5543119861,0.0,-0.214697785459,0.550940139616,0.0,0.213317939298,1.010799505383,0.0,-0.18139478567,1.018119316092,0.0,0.134643110034,1.060060594591,0.0,-0.098255973891,1.056941468035,0.0,0.307516328498,1.261780618845,0.0,-0.227910132136,1.248987689603,0.0,0.50043541193,0.511762142181,-0.000299740117,-0.256371743853
183,1,0.287916169023,-0.005107062241,0.0,-0.287916169023,0.005107062241,0.0,0.278227266596,0.565292613778,0.0,-0.204070553772,0.561748667309,0.0,0.233532716794,1.031721529384,0.0,-0.169594390849,1.038004302852,0.0,0.15362981895,1.081097138508,0.0,-0.087333913756,1.0777637071,0.0,0.329804759071,1.28684068318,0.0,-0.213385312446,1.273195565755,0.0,0.504521548748,0.511436164379,-0.00031079771,-0.251708969512
184,1,0.272008331345,-0.005364452787,0.0,-0.272008331345,0.005364452787,0.0,0.275459968679,0.535707919514,0.0,-0.186628161266,0.53162699297,0.0,0.23638317838,0.978041066948,0.0,-0.146764228054,0.983422860148,0.0,0.160954727715,1.023423502945,0.0,-0.071317318238,1.020548350464,0.0,0.327582455708,1.219989287546,0.0,-0.185636960838,1.208526714659,0.0,0.50877186656,0.511073499918,-0.000312594231,-0.26639271845
185,1,0.290546566587,-0.006253865048,0.0,-0.290546566587,0.006253865048,0.0,0.307897008189,0.569762137826,0.0,-0.188000362573,0.56635199884,0.0,0.271552575551,1.041446784022,0.0,-0.136635753941,1.046942893293,0.0,0.191979889341,1.0896118736,0.0,-0.05680722996,1.086272655224,0.0,0.378530484717,1.299114924786,0.0,-0.177368934784,1.286083857707,0.0,0.513801500201,0.510898172855,-0.000325417612,-0.250451655626
186,1,0.282070678672,-0.006408209285,0.0,-0.282070678672,0.006408209285,0.0,0.31598112938,0.554721935958,0.0,-0.186071338704,0.551160646541,0.0,0.281560514159,1.014898216548,0.0,-0.116352722761,1.019522300357,0.0,0.20515940444,1.061427262197,0.0,-0.037987415853,1.058134223941,0.0,0.384619547092,1.267174046179,0.0,-0.152754590933,1.252714009122,0.0,0.518223717809,0.511166483164,-0.00032460317,-0.256859911194
187,1,0.277141809455,-0.008069867117,0.0,-0.277141809455,0.008069867117,0.0,0.32501249094,0.542759159424,0.0,-0.186992031562,0.539719375458,0.0,0.293467409098,0.996994001735,0.0,-0.102704710587,1.001859815704,0.0,0.217814788501,1.043989691366,0.0,-0.023909953688,1.042395935688,0.0,0.400869126967,1.246692117256,0.0,-0.135776117331,1.232279621769,0.0,0.522068575025,0.513237416744,-0.000323122367,-0.259435888764
188,1,0.252020037468,-0.007570988871,0.0,-0.252020037468,0.007570988871,0.0,0.306195862999,0.486707492315,0.0,-0.174322153347,0.481389123177,0.0,0.278063895462,0.891946928609,0.0,-0.080755920492,0.897528058519,0.0,0.209686771613,0.933246544523,0.0,-0.007968701837,0.933575979029,0.0,0.374472769186,1.116698702931,0.0,-0.104231286761,1.104644630151,0.0,0.525963261724,0.514972031116,-0.000322613399,-0.287859917465
189,1,0.253205301014,-0.007227747502,0.0,-0.253205301014,0.007227747502,0.0,0.31508471763,0.485512430164,0.0,-0.17338400707,0.479500984931,0.0,0.290009718165,0.884551826286,0.0,-0.071540078226,0.892649157161,0.0,0.223287897497,0.926521116701,0.0,0.000970812908,0.931185724129,0.0,0.386383950051,1.107966338095,0.0,-0.096226876355,1.097486553094,0.0,0.528657138348,0.516467064619,-0.000321601983,-0.288809766311
190,1,0.26109871923,-0.007951676196,0.0,-0.26109871923,0.007951676196,0.0,0.332471291062,0.499274028386,0.0,-0.180498986644,0.492837043282,0.0,0.309494913069,0.908588424549,0.0,-0.066089553514,0.918711891869,0.0,0.243117280008,0.945946124914,0.0,0.010587149352,0.957749036959,0.0,0.404078602256,1.140662158921,0.0,-0.089304393514,1.130826079799,0.0,0.530801579356,0.516871720552,-0.000313067809,-0.28019896298
191,1,0.258311663371,-0.008158709817,0.0,-0.258311663371,0.008158709817,0.0,0.335991332667,0.486816076326,0.0,-0.175342872708,0.48091937475,0.0,0.312032395265,0.888447857044,0.0,-0.060814893313,0.899439811521,0.0,0.246559840866,0.925269459169,0.0,0.013278052262,0.937551356393,0.0,0.403974646039,1.116617111118,0.0,-0.080766273123,1.108326327754,0.0,0.532873898745,0.518400579691,-0.000312496908,-0.284543948619
192,1,0.24975346278,-0.008483134498,0.0,-0.24975346278,0.008483134498,0.0,0.335774079864,0.473542051876,0.0,-0.164954334686,0.470063239813,0.0,0.307627327716,0.85648257161,0.0,-0.050781358085,0.872235405837,0.0,0.240734773514,0.894080901951,0.0,0.021512112507,0.907605877284,0.0,0.401605006083,1.084121180633,0.0,-0.068979821049,1.08020377032,0.0,0.535476267338,0.518527895212,-0.000305594876,-0.292316694906
193,1,0.260262494607,-0.009286551136,0.0,-0.260262494607,0.009286551136,0.0,0.36897033506,0.491754472902,0.0,-0.164084599167,0.492216045122,0.0,0.33103522862,0.883192065408,0.0,-0.043025590169,0.914407675655,0.0,0.259838194183,0.921808636989,0.0,0.030583111062,0.950596347453,0.0,0.431803856006,1.125524529729,0.0,-0.061093120277,1.133223451844,0.0,0.538614019752,0.518564760685,-0.000324717257,-0.279058469349
194,1,0.21749126075,-0.008944943651,0.0,-0.21749126075,0.008944943651,0.0,0.319593125404,0.408198764505,0.0,-0.134752349641,0.41279003489,0.0,0.279839545694,0.724725702211,0.0,-0.03089090193,0.766360580767,0.0,0.221044446248,0.756365524267,0.0,0.031299044774,0.791818569169,0.0,0.368573049207,0.929056532961,0.0,-0.045429655535,0.953464139231,0.0,0.54051028192,0.518097013235,-0.00032467721,-0.332018953825
195,1,0.225209266326,-0.010071481919,0.0,-0.225209266326,0.010071481919,0.0,0.33358940724,0.41057768578,0.0,-0.140866453653,0.424990929106,0.0,0.284185623107,0.717711421372,0.0,-0.030215140618,0.787086214727,0.0,0.223524648447,0.749870640484,0.0,0.034533740034,0.81000194675,0.0,0.37902980424,0.92522228664,0.0,-0.04886017222,0.98456219402,0.0,0.541388913989,0.517859190702,-0.000328310765,-0.321672727579
196,1,0.239267960332,-0.01252728157,0.0,-0.239267960332,0.01252728157,0.0,0.35893233272,0.422365212853,0.0,-0.151312086818,0.448920955659,0.0,0.295460334856,0.736910000101,0.0,-0.031454380685,0.832380399416,0.0,0.22988695997,0.768161831335,0.0,0.033717522758,0.851407106586,0.0,0.40057467627,0.949916728057,0.0,-0.049915596456,1.04338967214,0.0,0.541729450226,0.517266392708,-0.000328027643,-0.303983041236
197,1,0.237736391889,-0.018330843493,0.0,-0.237736391889,0.018330843493,0.0,0.365848819115,0.411363183062,0.0,-0.148882064029,0.45318581899,0.0,0.296240933358,0.711088944966,0.0,-0.027028443629,0.833685487008,0.0,0.229180864028,0.735224218229,0.0,0.033734489673,0.851392796504,0.0,0.40115998837,0.922651478005,0.0,-0.046376477676,1.0495895845,0.0,0.5434448421,0.514508038759,-0.000325194094,-0.30479398219
198,1,0.273017515138,-0.024233975504,0.0,-0.273017515138,0.024233975504,0.0,0.435873007063,0.46253988036,0.0,-0.169496962877,0.526140213893,0.0,0.34065607267,0.798961850089,0.0,-0.028496658245,0.964711357361,0.0,0.260638282309,0.829093092122,0.0,0.041473694627,0.985244305315,0.0,0.466357712308,1.039590883853,0.0,-0.053726634113,1.215287290981,0.0,0.544381797314,0.513394206762,-0.00034202449,-0.263822269623
199,1,0.268829293026,-0.026298136058,0.0,-0.268829293026,0.026298136058,0.0,0.440511618082,0.451222619162,0.0,-0.16529190513,0.522550008115,0.0,0.336537828151,0.76149262936,0.0,-0.026094172825,0.959911279212,0.0,0.253590844167,0.777035822628,0.0,0.037585236959,0.982601281657,0.0,0.458829225007,1.008589983211,0.0,-0.053799671946,1.209069147484,0.0,0.545075818896,0.511394351721,-0.00034418935,-0.266881147358
200,1,0.210450231318,-0.022365043203,0.0,-0.210450231318,0.022365043203,0.0,0.3660519054,0.34615716352,0.0,-0.129912718041,0.413581848113,0.0,0.258932397391,0.583293621322,0.0,-0.019229133888,0.760558376827,0.0,0.187413872403,0.589329228144,0.0,0.027004278219,0.780451274674,0.0,0.355061558348,0.777155197949,0.0,-0.04325652866,0.960298027197,0.0,0.54556658864,0.50899168849,-0.000324576977,-0.339391363199
201,1,0.21760013992,-0.025966712116,0.0,-0.21760013992,0.025966712116,0.0,0.397741686606,0.348940332519,0.0,-0.133194439116,0.434892600168,0.0,0.262805907613,0.588084765769,0.0,-0.018953067776,0.793286957856,0.0,0.187662907864,0.590059361326,0.0,0.023586233523,0.814503422581,0.0,0.362830118336,0.792489350495,0.0,-0.043157383472,1.000085998363,0.0,0.546121716499,0.506514489651,-0.000314103905,-0.328360571686
202,1,0.238180682184,-0.029392629809,0.0,-0.238180682184,0.029392629809,0.0,0.444628918913,0.375007826559,0.0,-0.146547674261,0.475729804939,0.0,0.283819409446,0.628892431977,0.0,-0.021185984297,0.866745931497,0.0,0.193350148275,0.629553455237,0.0,0.021530507394,0.893467091249,0.0,0.393411143411,0.85061445977,0.0,-0.04711653956,1.094940064663,0.0,0.546191141009,0.505993261933,-0.000312937598,-0.299906312615
203,1,0.201921661574,-0.025462677716,0.0,-0.201921661574,0.025462677716,0.0,0.379464275326,0.314077376488,0.0,-0.12148871517,0.403273769662,0.0,0.240749149966,0.519029447295,0.0,-0.015855987733,0.733816541835,0.0,0.166880725354,0.518621075514,0.0,0.017476288029,0.756962705002,0.0,0.333518502255,0.702128840216,0.0,-0.036188736422,0.928151450278,0.0,0.546981975436,0.505616724491,-0.000295275124,-0.354821018508
204,1,0.210838977648,-0.027223824564,0.0,-0.210838977648,0.027223824564,0.0,0.395276090161,0.310376276804,0.0,-0.12619676979,0.421515827496,0.0,0.251784518235,0.523798417613,0.0,-0.01600111443,0.767211612756,0.0,0.175680894951,0.529154997288,0.0,0.019003572113,0.792256079883,0.0,0.343316302005,0.71545725961,0.0,-0.036108296405,0.970564542144,0.0,0.547182738781,0.505252942443,-0.000294057885,-0.33960733694
205,1,0.209569130121,-0.027537570759,0.0,-0.209569130121,0.027537570759,0.0,0.393361498303,0.2950805616,0.0,-0.124795984177,0.418589408396,0.0,0.250104625457,0.492010662002,0.0,-0.014915897074,0.763485361279,0.0,0.175497056453,0.500505873371,0.0,0.019435094153,0.78926787949,0.0,0.339583524033,0.687981209251,0.0,-0.034172546785,0.966666250137,0.0,0.547589182854,0.504314869642,-0.000272813719,-0.341706084049
206,1,0.227359720373,-0.030881097837,0.0,-0.227359720373,0.030881097837,0.0,0.431117369599,0.306701719268,0.0,-0.13298145474,0.453802390159,0.0,0.27283131296,0.518741560274,0.0,-0.013172194107,0.831605002614,0.0,0.194021960528,0.523505834477,0.0,0.023138012296,0.858942961252,0.0,0.360005504294,0.718353363775,0.0,-0.030824289814,1.056407649473,0.0,0.548621609807,0.503237739205,-0.000264415401,-0.313719573786
207,1,0.225246391963,-0.031610816115,0.0,-0.225246391963,0.031610816115,0.0,0.438071047225,0.3060977103,0.0,-0.12637587211,0.460900169521,0.0,0.27092641898,0.503855491082,0.0,-0.006579005592,0.840893137847,0.0,0.196836783729,0.504817342071,0.0,0.029852051797,0.868415849461,0.0,0.345035553781,0.71716820582,0.0,-0.024651379052,1.065835955103,0.0,0.550711765885,0.500711783767,-0.000257557491,-0.313313691587
208,1,0.233018539575,-0.032849462977,0.0,-0.233018539575,0.032849462977,0.0,0.458152328842,0.314531665059,0.0,-0.126891787483,0.477111124024,0.0,0.280273028184,0.515634392056,0.0,-0.003933405802,0.875940947629,0.0,0.205255438382,0.516464894907,0.0,0.03244332875,0.905893063518,0.0,0.35633263984,0.734731610336,0.0,-0.007267244924,1.112566645149,0.0,0.552055686712,0.4981905967,-0.000272768317,-0.302364245986
209,1,0.201216904839,-0.028669861066,0.0,-0.201216904839,0.028669861066,0.0,0.400282303613,0.271012297762,0.0,-0.106260298954,0.420650782231,0.0,0.238198811244,0.443564437455,0.0,0.00050496715,0.768565097605,0.0,0.171949450781,0.446174233755,0.0,0.033571750876,0.795765320984,0.0,0.304737397295,0.638568601957,0.0,-0.002863136332,0.973843151071,0.0,0.553436100483,0.496178582311,-0.000281484565,-0.347972126382
210,1,0.166921041147,-0.023918496531,0.0,-0.166921041147,0.023918496531,0.0,0.326960725794,0.227272071273,0.0,-0.087094638584,0.350332705973,0.0,0.196238949502,0.363711392023,0.0,0.001656878404,0.639771787751,0.0,0.140660372433,0.366480379677,0.0,0.030956886895,0.663043321883,0.0,0.249949522485,0.524956500547,0.0,0.003239197814,0.811769936206,0.0,0.553939446807,0.495837807655,-0.000268072123,-0.417901673149
211,1,0.176090851365,-0.025303949099,0.0,-0.176090851365,0.025303949099,0.0,0.34245020867,0.238902156967,0.0,-0.090748677081,0.371810042651,0.0,0.205308653838,0.377549622519,0.0,0.002477037026,0.678599304416,0.0,0.146333103119,0.382719720088,0.0,0.034060474093,0.704089024699,0.0,0.263468408732,0.544406881257,0.0,0.008703216085,0.859530416255,0.0,0.554300323129,0.495107635856,-0.000264134025,-0.395527574768
212,1,0.184421226762,-0.025995914952,0.0,-0.184421226762,0.025995914952,0.0,0.356526217611,0.244437312035,0.0,-0.091943388269,0.388513654604,0.0,0.214468114939,0.388489459606,0.0,0.005312176773,0.708777029824,0.0,0.150531811551,0.393932705711,0.0,0.039579049664,0.735128996166,0.0,0.274428975915,0.563498007323,0.0,0.012733442518,0.89675425357,0.0,0.555358275771,0.494643583894,-0.000246146228,-0.379380700994
213,1,0.205453542443,-0.029168193718,0.0,-0.205453542443,0.029168193718,0.0,0.387126797781,0.275497636506,0.0,-0.10077660594,0.433252207317,0.0,0.238628110369,0.437375526037,0.0,0.007327737871,0.790329410798,0.0,0.167842757284,0.44209568908,0.0,0.046831088127,0.82098387246,0.0,0.303805795344,0.634483102332,0.0,0.015226070776,0.997765777524,0.0,0.555819898844,0.494079142809,-0.000248604571,-0.341742538728
214,1,0.205445782826,-0.029835774394,0.0,-0.205445782826,0.029835774394,0.0,0.383942994522,0.276568174829,0.0,-0.101923175935,0.435077177291,0.0,0.238604356889,0.445502637762,0.0,0.006362313038,0.794615057008,0.0,0.168010809698,0.449464973742,0.0,0.045607258299,0.827261879615,0.0,0.304814922918,0.640803361094,0.0,0.014422507766,1.000432521952,0.0,0.5555806458,0.493929699063,-0.000248323078,-0.340854902956
215,1,0.198482987428,-0.028576746676,0.0,-0.198482987428,0.028576746676,0.0,0.368784663022,0.269139518241,0.0,-0.098611716944,0.420178139504,0.0,0.229116873935,0.432091960619,0.0,0.005186444145,0.76745044587,0.0,0.162468128686,0.434556912432,0.0,0.043609987291,0.799099595811,0.0,0.295264957529,0.619408190834,0.0,0.009789557477,0.966224781884,0.0,0.55554689467,0.494068443775,-0.000241035479,-0.352750326965
216,1,0.196912423529,-0.028323996879,0.0,-0.196912423529,0.028323996879,0.0,0.365439552544,0.268791642004,0.0,-0.09717743652,0.420619801481,0.0,0.227025463854,0.432524045636,0.0,0.005303650993,0.764211131372,0.0,0.161622942636,0.43572343817,0.0,0.043805950323,0.796550605868,0.0,0.29275205279,0.618037626322,0.0,0.008798413379,0.959370215964,0.0,0.555668026209,0.494116649032,-0.000248619122,-0.355162092843
217,1,0.185696369323,-0.026647470157,0.0,-0.185696369323,0.026647470157,0.0,0.341246127328,0.254245833258,0.0,-0.091462237282,0.395043048125,0.0,0.213001353179,0.408826694526,0.0,0.004415243672,0.720462859492,0.0,0.151693325784,0.412830665634,0.0,0.041270995919,0.751102665448,0.0,0.273334943214,0.583188373011,0.0,0.009190627868,0.904050150925,0.0,0.555644929409,0.494245558977,-0.00025408878,-0.37652126836
218,1,0.17614020928,-0.02506557468,0.0,-0.17614020928,0.02506557468,0.0,0.323975609749,0.241280572959,0.0,-0.08667994225,0.375827894649,0.0,0.200714106105,0.38917038718,0.0,0.004273245737,0.683271606903,0.0,0.14312489063,0.39305991826,0.0,0.039353280684,0.710999021168,0.0,0.259898907158,0.555278887635,0.0,0.010234708197,0.857728860458,0.0,0.555705711246,0.494518786669,-0.000247784425,-0.396533606919
219,1,0.178263689242,-0.025294625574,0.0,-0.178263689242,0.025294625574,0.0,0.326170006998,0.24440510334,0.0,-0.087778101306,0.380035800455,0.0,0.202526965489,0.395201553977,0.0,0.00386360055,0.69035546282,0.0,0.144402464613,0.398080900511,0.0,0.03940369705,0.718724614607,0.0,0.261721213562,0.565574461873,0.0,0.009632168443,0.865986790048,0.0,0.555559262633,0.494603142142,-0.000257407781,-0.392341393737
220,1,0.179672201396,-0.025476910318,0.0,-0.179672201396,0.025476910318,0.0,0.328314387456,0.247950184787,0.0,-0.087771953361,0.383746303753,0.0,0.201117654385,0.398482268376,0.0,0.00380080838,0.695481410498,0.0,0.144778682197,0.402109420221,0.0,0.039830577944,0.723863402892,0.0,0.263396774765,0.570810333178,0.0,0.005677232888,0.872739070298,0.0,0.555534735322,0.49464122951,-0.000257247128,-0.38931197255
221,1,0.214536070281,-0.030092346616,0.0,-0.214536070281,0.030092346616,0.0,0.391318044414,0.296171889072,0.0,-0.105853255634,0.45501581999,0.0,0.238974462885,0.479816241867,0.0,0.002850580657,0.828043251656,0.0,0.171249580064,0.483009886617,0.0,0.047795221611,0.864186038773,0.0,0.313789215116,0.68414187105,0.0,0.0072027922,1.037869056953,0.0,0.555132523179,0.495451405644,-0.000260007568,-0.326070314701
222,1,0.179265137083,-0.024536627188,0.0,-0.179265137083,0.024536627188,0.0,0.325920096188,0.2524911326,0.0,-0.088538332526,0.379999181743,0.0,0.201335981656,0.409753642595,0.0,0.001170492598,0.689995510133,0.0,0.145170558889,0.414889936843,0.0,0.037935505862,0.71646220979,0.0,0.266418830765,0.57795545024,0.0,0.00720992203,0.867981435395,0.0,0.554653823376,0.496004849672,-0.000259234104,-0.389253127528
223,1,0.179014041539,-0.024063282167,0.0,-0.179014041539,0.024063282167,0.0,0.323115303876,0.259506027671,0.0,-0.090746622712,0.37837770633,0.0,0.202452959396,0.425672958438,0.0,-0.001505385364,0.687805709264,0.0,0.145812983344,0.429463840151,0.0,0.034995818585,0.714061307644,0.0,0.270963281141,0.591300477625,0.0,-0.001762386511,0.866192057264,0.0,0.553610399365,0.496596306562,-0.000266550342,-0.389399813538
224,1,0.167086675377,-0.021769808203,0.0,-0.167086675377,0.021769808203,0.0,0.299595130001,0.247856918588,0.0,-0.085705572642,0.350343429522,0.0,0.188217697627,0.410232209598,0.0,-0.003035513979,0.63797469913,0.0,0.137395081785,0.416138809584,0.0,0.029704080442,0.662427436796,0.0,0.259398858653,0.556204120532,0.0,-0.002783357885,0.803835066276,0.0,0.55321778357,0.497197210789,-0.000265784562,-0.418865269549
225,1,0.183004292971,-0.02287008269,0.0,-0.183004292971,0.02287008269,0.0,0.326019482185,0.284173998215,0.0,-0.095954520396,0.38140527383,0.0,0.20975967689,0.465893985117,0.0,-0.005362231802,0.695125317565,0.0,0.153112659865,0.471771504006,0.0,0.030718528957,0.721143831996,0.0,0.28778548385,0.627872003838,0.0,-0.00908908196,0.877351289219,0.0,0.552398964763,0.497931823134,-0.000287054339,-0.382847693364
226,1,0.220751831472,-0.026657248618,0.0,-0.220751831472,0.026657248618,0.0,0.392512713168,0.351081077261,0.0,-0.11634342238,0.457646663957,0.0,0.258734403213,0.57611077633,0.0,-0.006475003358,0.834302367699,0.0,0.18633285185,0.581223169067,0.0,0.036653728575,0.863011645818,0.0,0.357123388198,0.772555386478,0.0,-0.017061475798,1.054624320705,0.0,0.552280694246,0.498719900846,-0.000290557742,-0.317727111933
227,1,0.190055175188,-0.021202594451,0.0,-0.190055175188,0.021202594451,0.0,0.339205734312,0.303832703338,0.0,-0.101727609215,0.38891187176,0.0,0.225889837108,0.504866144107,0.0,-0.006832420362,0.713043187655,0.0,0.16392859797,0.506697018022,0.0,0.030196472147,0.737819035545,0.0,0.313333427211,0.676274050785,0.0,-0.011898462036,0.900880719233,0.0,0.55185239017,0.500368744135,-0.000291825039,-0.369437514747
228,1,0.189437471502,-0.020121956543,0.0,-0.189437471502,0.020121956543,0.0,0.338194373827,0.313735496207,0.0,-0.102973870157,0.385454103336,0.0,0.229412821239,0.531764817089,0.0,-0.008720166926,0.706177460671,0.0,0.169840689466,0.53672232967,0.0,0.027929264773,0.729438030766,0.0,0.312769013078,0.70364199163,0.0,-0.015976832051,0.894584917929,0.0,0.551175817847,0.500819176435,-0.000301918386,-0.371525658945
229,1,0.196076029922,-0.01961853573,0.0,-0.196076029922,0.01961853573,0.0,0.345801593904,0.338138873805,0.0,-0.108928995145,0.397847755759,0.0,0.239980631817,0.568415015,0.0,-0.011741380089,0.726164290397,0.0,0.1832814586,0.573599192798,0.0,0.026365602825,0.74881801563,0.0,0.322413062925,0.751017965458,0.0,-0.02237182357,0.920790853526,0.0,0.550106808543,0.501546561718,-0.000290251803,-0.360237014026
230,1,0.222054808617,-0.01917120944,0.0,-0.222054808617,0.01917120944,0.0,0.387039854217,0.389373636268,0.0,-0.124742767463,0.44189397832,0.0,0.275016261945,0.664830776094,0.0,-0.014457106933,0.810687089636,0.0,0.213022623502,0.686735661795,0.0,0.031601445077,0.833073323427,0.0,0.370343535757,0.871948996826,0.0,-0.027188931981,1.029086182733,0.0,0.549500569701,0.503564298153,-0.000293529127,-0.319230048096
231,1,0.222063431187,-0.017218382629,0.0,-0.222063431187,0.017218382629,0.0,0.378602423255,0.398911003472,0.0,-0.125477337219,0.433827592659,0.0,0.285107869493,0.698774292142,0.0,-0.014793197672,0.800685672453,0.0,0.226358790558,0.726365186618,0.0,0.038277069688,0.818590827387,0.0,0.375304860616,0.905640629096,0.0,-0.029265509619,1.012441917108,0.0,0.548826411366,0.506161957979,-0.000295610633,-0.321858967773
232,1,0.234138632081,-0.017190809217,0.0,-0.234138632081,0.017190809217,0.0,0.386506444869,0.43017862163,0.0,-0.133007998967,0.455603367239,0.0,0.305915878137,0.762893244511,0.0,-0.015170825414,0.845490025757,0.0,0.244297143807,0.79853616876,0.0,0.048242701389,0.862360821103,0.0,0.400293701005,0.988154494549,0.0,-0.036455995805,1.06448947249,0.0,0.548625588417,0.507138043642,-0.000304746907,-0.305181179085
233,1,0.236478962165,-0.013857688079,0.0,-0.236478962165,0.013857688079,0.0,0.377605652097,0.444164357107,0.0,-0.136093683889,0.452058273406,0.0,0.303349549093,0.774155434508,0.0,-0.017405802399,0.839432500523,0.0,0.243120177973,0.805798639147,0.0,0.048529675576,0.855793442376,0.0,0.39778237723,1.001754570439,0.0,-0.038658668989,1.054517319591,0.0,0.54761441052,0.510046601295,-0.000297457911,-0.305350569138
234,1,0.253342514268,-0.012821247135,0.0,-0.253342514268,0.012821247135,0.0,0.388773337308,0.481399272144,0.0,-0.146859287755,0.481230412035,0.0,0.325859571659,0.849184739905,0.0,-0.019752975507,0.898276218912,0.0,0.260717500425,0.885488827393,0.0,0.051043297061,0.920142558097,0.0,0.424006270725,1.098470118374,0.0,-0.042907290994,1.124841344328,0.0,0.547245532274,0.511274278164,-0.000306996517,-0.285209770812
235,1,0.245007684761,-0.011186845476,0.0,-0.245007684761,0.011186845476,0.0,0.362482259637,0.462196458875,0.0,-0.144797936303,0.460404371418,0.0,0.308517581944,0.832976081428,0.0,-0.022644501524,0.864599890653,0.0,0.245377665402,0.867916266231,0.0,0.045132820226,0.889632503791,0.0,0.402641720992,1.065145658769,0.0,-0.037622996135,1.077409824435,0.0,0.546139657497,0.512152403593,-0.000305989757,-0.296911103283
236,1,0.276344499923,-0.012992226549,0.0,-0.276344499923,0.012992226549,0.0,0.392665142936,0.528645448,0.0,-0.165676983748,0.517915485594,0.0,0.342219501353,0.946320596077,0.0,-0.028773464125,0.975330184232,0.0,0.270953845721,0.983721201301,0.0,0.047352157794,1.005300032635,0.0,0.44519491408,1.204613487018,0.0,-0.041599153982,1.2096276039,0.0,0.545292824507,0.511957079172,-0.000304899178,-0.264672213895
237,1,0.26070780012,-0.010914364737,0.0,-0.26070780012,0.010914364737,0.0,0.356578154949,0.498088542779,0.0,-0.159276548796,0.487961051454,0.0,0.317244004253,0.899621191465,0.0,-0.030936532712,0.919356598609,0.0,0.249955485398,0.942001290108,0.0,0.040597336916,0.953317923912,0.0,0.413536937289,1.129445558814,0.0,-0.03903247534,1.134508669816,0.0,0.544235706329,0.512464135885,-0.000303943641,-0.281747321525
238,1,0.256622586777,-0.010407772695,0.0,-0.256622586777,0.010407772695,0.0,0.342573393357,0.489268468318,0.0,-0.158714540124,0.481863891441,0.0,0.311125187951,0.885816228214,0.0,-0.033297783557,0.909103863665,0.0,0.250671425127,0.926741753294,0.0,0.038536071192,0.943318057835,0.0,0.399673578816,1.117069718966,0.0,-0.037948795806,1.119857528274,0.0,0.543360993266,0.512563794851,-0.000310509466,-0.28545051847
239,1,0.195262146561,-0.008228868915,0.0,-0.195262146561,0.008228868915,0.0,0.253366046561,0.370064834703,0.0,-0.124569409303,0.367353809349,0.0,0.233196674066,0.675956181303,0.0,-0.029678266452,0.693634621086,0.0,0.186729575281,0.706625501669,0.0,0.025443473807,0.719223973953,0.0,0.298965674564,0.846021542553,0.0,-0.028018653269,0.853262622315,0.0,0.54190248251,0.512424975634,-0.000309900381,-0.374267937624
240,1,0.198736837045,-0.008257798071,0.0,-0.198736837045,0.008257798071,0.0,0.250685312599,0.374576812981,0.0,-0.131072194357,0.373372528837,0.0,0.232826756678,0.690684076439,0.0,-0.035885497901,0.704819924215,0.0,0.188344988536,0.724172663549,0.0,0.020630692378,0.731023547521,0.0,0.298560788431,0.860719023933,0.0,-0.033808034893,0.867444104089,0.0,0.539960741997,0.512444108725,-0.000308925286,-0.368135169808
241,1,0.201877913333,-0.008407747286,0.0,-0.201877913333,0.008407747286,0.0,0.243709885505,0.387420784308,0.0,-0.139532829073,0.384286025053,0.0,0.230935200492,0.705005358656,0.0,-0.046360558929,0.723534732492,0.0,0.185276508001,0.736173156195,0.0,0.012881396679,0.750512473967,0.0,0.297032256961,0.884113316363,0.0,-0.042857552862,0.891883124325,0.0,0.537023991346,0.512450397015,-0.00030304864,-0.358035616114
242,1,0.238852289599,-0.009009956401,0.0,-0.238852289599,0.009009956401,0.0,0.274522075211,0.45931403513,0.0,-0.169826379863,0.45358358894,0.0,0.263315628439,0.84010656975,0.0,-0.065508016905,0.854398489785,0.0,0.208937192476,0.878221969861,0.0,0.005282653456,0.886422371396,0.0,0.341471622071,1.047186072783,0.0,-0.060694442105,1.053652854208,0.0,0.534038841724,0.513059526682,-0.00029552402,-0.302420612529
243,1,0.226258300755,-0.008493472049,0.0,-0.226258300755,0.008493472049,0.0,0.248608162501,0.433652548185,0.0,-0.161705688786,0.427153800115,0.0,0.240285783308,0.792661527802,0.0,-0.068976140856,0.804978359835,0.0,0.189401970602,0.828992345225,0.0,-0.002385243888,0.837264675586,0.0,0.307574490741,0.986376456447,0.0,-0.064582224193,0.991557066592,0.0,0.531719699502,0.512994885445,-0.0002969997,-0.321551046229
244,1,0.231803214674,-0.00868819045,0.0,-0.231803214674,0.00868819045,0.0,0.239547360325,0.444885450934,0.0,-0.170957331594,0.439875838746,0.0,0.230303726658,0.811438896119,0.0,-0.086080372237,0.823687101985,0.0,0.178575421228,0.847666010611,0.0,-0.018070258095,0.856614754769,0.0,0.297032508419,1.007991622171,0.0,-0.081609130217,1.013998869563,0.0,0.526855483651,0.512983649969,-0.000289280433,-0.314203854558
245,1,0.231833366812,-0.00840510325,0.0,-0.231833366812,0.00840510325,0.0,0.233152579076,0.447576062776,0.0,-0.173735201481,0.442735168795,0.0,0.224431189084,0.814121216659,0.0,-0.093366902348,0.830586625793,0.0,0.172294985938,0.850902971429,0.0,-0.025839825884,0.864817871734,0.0,0.289279792653,1.012453123656,0.0,-0.088901318773,1.019623116211,0.0,0.52467225492,0.51282247901,-0.000300287269,-0.312546465343
246,1,0.285467618397,-0.010024322911,0.0,-0.285467618397,0.010024322911,0.0,0.278416146493,0.550814784679,0.0,-0.21803340104,0.54533611737,0.0,0.266102601382,1.000719164597,0.0,-0.125449118009,1.023576129825,0.0,0.20133238571,1.046006723158,0.0,-0.043839562939,1.065468931342,0.0,0.345124191872,1.245619753624,0.0,-0.120706847143,1.256045651168,0.0,0.522044211626,0.512897223234,-0.000322818756,-0.253588069255
247,1,0.274659215352,-0.009273474463,0.0,-0.274659215352,0.009273474463,0.0,0.259448317455,0.527023236307,0.0,-0.208604774642,0.521962091882,0.0,0.247558725238,0.958214641678,0.0,-0.127710208427,0.979541595607,0.0,0.18529654093,1.003538470935,0.0,-0.049757508386,1.02010076328,0.0,0.323110184419,1.191683059343,0.0,-0.122988769852,1.200660838885,0.0,0.52009268105,0.512952715158,-0.000316929072,-0.264768501217
248,1,0.263486411151,-0.008581675274,0.0,-0.263486411151,0.008581675274,0.0,0.241576942012,0.502415696162,0.0,-0.204031038152,0.498042763965,0.0,0.227358465156,0.91542268024,0.0,-0.130838365572,0.935317071792,0.0,0.167780487586,0.958210923472,0.0,-0.058025219149,0.974146079234,0.0,0.299010038032,1.137932892146,0.0,-0.123904169078,1.145971496865,0.0,0.517621323466,0.513017594814,-0.000314473175,-0.277350587056
249,1,0.299743048679,-0.009303419977,0.0,-0.299743048679,0.009303419977,0.0,0.267808517578,0.569578404103,0.0,-0.235841287672,0.562671147651,0.0,0.248285257021,1.037928263592,0.0,-0.158770693142,1.061572671629,0.0,0.180681576491,1.086292723928,0.0,-0.076391423275,1.105594291469,0.0,0.327654406703,1.291164644283,0.0,-0.149997408637,1.299419140291,0.0,0.515119746327,0.513112157583,-0.0003239098,-0.244260378452
250,1,0.286293658075,-0.008129299301,0.0,-0.286293658075,0.008129299301,0.0,0.250919945485,0.545759984994,0.0,-0.228353286732,0.539493340571,0.0,0.229225824894,0.994686835992,0.0,-0.160877470182,1.017576865016,0.0,0.162884144163,1.040459640438,0.0,-0.081662751233,1.059857644917,0.0,0.305265688909,1.239904221627,0.0,-0.155381813489,1.246518103013,0.0,0.512862548232,0.513166874647,-0.000321956351,-0.254734669565
251,1,0.276909665899,-0.007580260901,0.0,-0.276909665899,0.007580260901,0.0,0.239345836432,0.528840395587,0.0,-0.224974117174,0.521818057129,0.0,0.213744680618,0.961693863596,0.0,-0.163014335089,0.985054484526,0.0,0.149985485255,1.006952260026,0.0,-0.087540356004,1.027132269434,0.0,0.286417254004,1.201430189039,0.0,-0.159574493749,1.208207812735,0.0,0.510540232062,0.513139128685,-0.000320418738,-0.262809693269
252,1,0.300710108273,-0.007362506196,0.0,-0.300710108273,0.007362506196,0.0,0.259423355304,0.578187710165,0.0,-0.245345563629,0.569548795786,0.0,0.227230053401,1.049092904872,0.0,-0.181164242424,1.073816489209,0.0,0.156087651062,1.100223341471,0.0,-0.099593187503,1.119717530638,0.0,0.307028168213,1.311523119169,0.0,-0.179249012571,1.317106756518,0.0,0.509197473526,0.51291924715,-0.000325568952,-0.24128425643
253,1,0.299120676475,-0.006959588762,0.0,-0.299120676475,0.006959588762,0.0,0.251717854004,0.574113973894,0.0,-0.253142509142,0.566070282553,0.0,0.214902213256,1.041605313778,0.0,-0.192496810812,1.069525450708,0.0,0.14381035768,1.092170656347,0.0,-0.111310558609,1.114487995472,0.0,0.294088627517,1.305493518619,0.0,-0.189344020787,1.308265480972,0.0,0.50630825758,0.513059079647,-0.000343740219,-0.241969760908
254,1,0.311599699712,-0.006469004011,0.0,-0.311599699712,0.006469004011,0.0,0.263848637479,0.598410441761,0.0,-0.265296167854,0.589430572696,0.0,0.218461738073,1.085139708983,0.0,-0.203289342273,1.111654854311,0.0,0.143934698053,1.137959435778,0.0,-0.11876885416,1.158524420815,0.0,0.301078046656,1.360333083652,0.0,-0.202658420104,1.361702646409,0.0,0.505026802421,0.512877345085,-0.000352419214,-0.232401765824
255,1,0.297399851646,-0.006073612589,0.0,-0.297399851646,0.006073612589,0.0,0.253797897844,0.572278375971,0.0,-0.258457948604,0.564092955304,0.0,0.200348658009,1.038649153203,0.0,-0.203959865786,1.064256591403,0.0,0.128477923642,1.089263041715,0.0,-0.123350860838,1.109779152191,0.0,0.278592025299,1.301516884214,0.0,-0.203441645742,1.304664518373,0.0,0.502772688866,0.512938946486,-0.000345324283,-0.242688028149
256,1,0.300951568434,-0.005385073399,0.0,-0.300951568434,0.005385073399,0.0,0.252971512154,0.576090515134,0.0,-0.261355949942,0.567579758366,0.0,0.196549859056,1.047155149239,0.0,-0.211220552861,1.072847514314,0.0,0.123111764976,1.099440567124,0.0,-0.130527839728,1.118929074264,0.0,0.274729925594,1.312024152508,0.0,-0.210155563847,1.315290382755,0.0,0.501254767179,0.512733578682,-0.000348623958,-0.240883603288
257,1,0.313491268611,-0.005067297158,0.0,-0.313491268611,0.005067297158,0.0,0.257265751316,0.599435517386,0.0,-0.270163417064,0.589967915543,0.0,0.199286751312,1.0864141044,0.0,-0.221423749572,1.111627804104,0.0,0.122670284655,1.138881957336,0.0,-0.136762359099,1.158443395691,0.0,0.279882871368,1.359898192964,0.0,-0.222424238281,1.362357247073,0.0,0.500128939748,0.512811303139,-0.000348343456,-0.232523292249
258,1,0.309104118394,-0.004809239714,0.0,-0.309104118394,0.004809239714,0.0,0.254653661544,0.593946691544,0.0,-0.268094544404,0.58438230273,0.0,0.19239853848,1.077053841446,0.0,-0.224249911159,1.101610218631,0.0,0.115378455258,1.129070474586,0.0,-0.139422876204,1.147824173163,0.0,0.272487438754,1.348199680589,0.0,-0.227907249334,1.349876997535,0.0,0.498691350222,0.512762367725,-0.00035049126,-0.234713349678
259,1,0.30832010002,-0.003884386135,0.0,-0.30832010002,0.003884386135,0.0,0.247424142239,0.590906299084,0.0,-0.265837817553,0.580021969972,0.0,0.185497042784,1.068926728692,0.0,-0.224753612297,1.094433149734,0.0,0.10890937221,1.119149615655,0.0,-0.142660399679,1.138355258074,0.0,0.264565363578,1.335593546426,0.0,-0.23224825178,1.339631346322,0.0,0.497451677918,0.512551426888,-0.000344721251,-0.236998513191
260,1,0.308525685134,-0.003745737204,0.0,-0.308525685134,0.003745737204,0.0,0.240142053437,0.588123028957,0.0,-0.268682671725,0.578362517843,0.0,0.174632001087,1.064423560141,0.0,-0.233542129292,1.088735132403,0.0,0.099028764014,1.114316344305,0.0,-0.152896741344,1.132469889072,0.0,0.253204528419,1.329045336774,0.0,-0.241034354373,1.333094971759,0.0,0.495067238808,0.512564510107,-0.000344688306,-0.238204572669
261,1,0.309866356253,-0.003557386683,0.0,-0.309866356253,0.003557386683,0.0,0.240934546509,0.593112737497,0.0,-0.26591673601,0.586718019563,0.0,0.175094383319,1.073422004758,0.0,-0.234804488052,1.099309687934,0.0,0.099024210446,1.123687121699,0.0,-0.154545555434,1.142122458219,0.0,0.254068998426,1.340346099327,0.0,-0.244690743171,1.344725217105,0.0,0.494841203094,0.512522578239,-0.000340489321,-0.236248000626
262,1,0.284514174725,-0.003070600297,0.0,-0.284514174725,0.003070600297,0.0,0.219683979486,0.542326774858,0.0,-0.246825694996,0.536514006631,0.0,0.155017077221,0.981894609045,0.0,-0.221832753447,1.00541549041,0.0,0.084392462578,1.027861753992,0.0,-0.149014473701,1.044573491493,0.0,0.225987203638,1.226548334401,0.0,-0.230833831392,1.23071340152,0.0,0.493034809828,0.512577176094,-0.00033933029,-0.258249240333
263,1,0.300059397127,-0.002959302751,0.0,-0.300059397127,0.002959302751,0.0,0.231681879083,0.575262774869,0.0,-0.259945380701,0.571062190711,0.0,0.164181313537,1.039354092372,0.0,-0.231636109119,1.065498627766,0.0,0.090491062251,1.087659345549,0.0,-0.156165711392,1.106316403149,0.0,0.239631816586,1.298197515435,0.0,-0.245217949075,1.30400456428,0.0,0.492873772979,0.512440025806,-0.000338815385,-0.244174783494
264,1,0.304850452616,-0.002625904991,0.0,-0.304850452616,0.002625904991,0.0,0.23784389164,0.584644744396,0.0,-0.263147075446,0.579126204142,0.0,0.166018461593,1.056312857858,0.0,-0.234415812709,1.08109497565,0.0,0.091108776859,1.105033521773,0.0,-0.157027593938,1.122419576002,0.0,0.243800454562,1.318490371245,0.0,-0.250621659852,1.324304397079,0.0,0.492690488696,0.512442231178,-0.000337898149,-0.240447390236
265,1,0.304317800684,-0.002475529573,0.0,-0.304317800684,0.002475529573,0.0,0.239695588529,0.584051403498,0.0,-0.262893782229,0.576777080724,0.0,0.165428834078,1.05512853784,0.0,-0.234090615911,1.080117993567,0.0,0.090393316252,1.103290665066,0.0,-0.156078168773,1.121027851183,0.0,0.243493812348,1.317776266231,0.0,-0.249626945848,1.32313691953,0.0,0.492505073547,0.512407749891,-0.000337850885,-0.240546592579
266,1,0.26643736954,-0.001844653539,0.0,-0.26643736954,0.001844653539,0.0,0.211738097621,0.512488195085,0.0,-0.230596245429,0.505067442243,0.0,0.144411773105,0.925249869306,0.0,-0.204510009801,0.947332929813,0.0,0.079050979336,0.966950660008,0.0,-0.135955581533,0.983151029693,0.0,0.211754171141,1.153158470276,0.0,-0.22091607709,1.159480793569,0.0,0.492322772741,0.512317806482,-0.000317853875,-0.274410579031
267,1,0.269622146458,-0.001555124976,0.0,-0.269622146458,0.001555124976,0.0,0.216525689357,0.520355520102,0.0,-0.233538578216,0.512352291784,0.0,0.148921302546,0.937934159573,0.0,-0.206113190027,0.960327827099,0.0,0.084045294031,0.978598205672,0.0,-0.13559202169,0.996768821927,0.0,0.214364943239,1.169617940461,0.0,-0.224174133799,1.176411027627,0.0,0.492229446769,0.512092977762,-0.000317539088,-0.270652330489
268,1,0.244418659652,-0.001411761316,0.0,-0.244418659652,0.001411761316,0.0,0.197601793374,0.471479398689,0.0,-0.211653467148,0.464163219001,0.0,0.134608229328,0.850338396608,0.0,-0.186249145474,0.870326510755,0.0,0.075391565735,0.887084492666,0.0,-0.122878300388,0.903300594455,0.0,0.194139227285,1.059060803058,0.0,-0.202958645474,1.065517077251,0.0,0.492212414742,0.512070417404,-0.000316924648,-0.298749131015
269,1,0.271152151707,-0.001462244142,0.0,-0.271152151707,0.001462244142,0.0,0.219948481513,0.523534649389,0.0,-0.234762627333,0.515086152277,0.0,0.14841041992,0.944016118213,0.0,-0.206540241762,0.966496890536,0.0,0.081629770916,0.984489876092,0.0,-0.137794511955,1.002618117294,0.0,0.215550348652,1.174596446163,0.0,-0.224898483974,1.18247447879,0.0,0.492239654064,0.512007147074,-0.000317928847,-0.269256323074
270,1,0.283492841374,-0.001479063168,0.0,-0.283492841374,0.001479063168,0.0,0.232129917023,0.547029566596,0.0,-0.245356921304,0.536760688651,0.0,0.15676499931,0.987933570685,0.0,-0.216624080455,1.009184214633,0.0,0.086623486775,1.030845863918,0.0,-0.146185782218,1.048861983918,0.0,0.22580879861,1.230447569938,0.0,-0.234465511603,1.237558379267,0.0,0.492333009839,0.512012243271,-0.000322663458,-0.257268290122
271,1,0.276346263191,-0.001117172007,0.0,-0.276346263191,0.001117172007,0.0,0.228472508689,0.533260052811,0.0,-0.237009169818,0.523037139024,0.0,0.156372597092,0.962836387229,0.0,-0.20873230501,0.981656560264,0.0,0.088338514529,1.005018545314,0.0,-0.140065271154,1.02175468475,0.0,0.222167370432,1.200141099824,0.0,-0.224889771915,1.205774580729,0.0,0.492933183908,0.511904239655,-0.000322250649,-0.264098088472
272,1,0.232816027718,-0.000918429657,0.0,-0.232816027718,0.000918429657,0.0,0.198796010151,0.45231362816,0.0,-0.197243520182,0.44330978017,0.0,0.13795619918,0.815989168539,0.0,-0.17207017644,0.831238031705,0.0,0.080156238085,0.852131755679,0.0,-0.113517867346,0.865592415518,0.0,0.193427090092,1.018676412572,0.0,-0.187446809463,1.023807512124,0.0,0.494584083557,0.51188197732,-0.000298231374,-0.311155532778
273,1,0.271881082814,-0.001337079777,0.0,-0.271881082814,0.001337079777,0.0,0.238231988438,0.527783625484,0.0,-0.227438916506,0.518565189554,0.0,0.1671444363,0.952002593295,0.0,-0.196951078346,0.972008613059,0.0,0.098841589683,0.994955805125,0.0,-0.127060491494,1.011954571411,0.0,0.231030596377,1.190549139326,0.0,-0.213344361865,1.197515887215,0.0,0.496138200164,0.511807203293,-0.000314106699,-0.266087432306
274,1,0.267923547376,-0.001381963157,0.0,-0.267923547376,0.001381963157,0.0,0.242467215635,0.518515406434,0.0,-0.220713289429,0.50950490053,0.0,0.17280563862,0.935701807659,0.0,-0.188052001793,0.956749608394,0.0,0.106289017114,0.977738823264,0.0,-0.118855242813,0.996601923963,0.0,0.235023826328,1.173124890932,0.0,-0.20307120657,1.181194264671,0.0,0.49812245369,0.511784493923,-0.000314696226,-0.269608225456
275,1,0.265974118881,-0.001438580883,0.0,-0.265974118881,0.001438580883,0.0,0.248986964766,0.518824062601,0.0,-0.220536948683,0.509891545851,0.0,0.181398657078,0.936407774405,0.0,-0.179722966924,0.959290146273,0.0,0.114784996786,0.978799240613,0.0,-0.110418492405,0.999464242655,0.0,0.243616174331,1.173481435941,0.0,-0.194657090941,1.182572984004,0.0,0.50041243434,0.511746525764,-0.000313692261,-0.269479884174
276,1,0.275767367828,-0.001634493757,0.0,-0.275767367828,0.001634493757,0.0,0.263942562874,0.538436932539,0.0,-0.226899098415,0.530384655573,0.0,0.197420012637,0.973837039444,0.0,-0.179520747526,0.997917039587,0.0,0.128031031225,1.018122837512,0.0,-0.108786307808,1.039952202665,0.0,0.261919084676,1.220429941627,0.0,-0.192889298536,1.229903587522,0.0,0.502848163247,0.51171669364,-0.000320223626,-0.259114359744
277,1,0.294667530946,-0.002006849889,0.0,-0.294667530946,0.002006849889,0.0,0.285602950958,0.577513496411,0.0,-0.23504154451,0.568142037167,0.0,0.224556770198,1.043338466365,0.0,-0.17939796627,1.068652124306,0.0,0.15042565713,1.090724270014,0.0,-0.104611577907,1.113744279629,0.0,0.293824136573,1.30655980526,0.0,-0.192875768087,1.317902880565,0.0,0.506066292524,0.51177495718,-0.00033166795,-0.241911382745
278,1,0.264030824159,-0.002129741565,0.0,-0.264030824159,0.002129741565,0.0,0.265171535061,0.520462423943,0.0,-0.205442943968,0.512134890136,0.0,0.215975060103,0.941613599599,0.0,-0.148992356042,0.963702284198,0.0,0.149094068413,0.984443390922,0.0,-0.081444237798,1.004645288833,0.0,0.278637209194,1.177623609414,0.0,-0.160365042753,1.187987167275,0.0,0.509690716863,0.511716067791,-0.000330431387,-0.268393382902
279,1,0.272623261519,-0.002524330693,0.0,-0.272623261519,0.002524330693,0.0,0.280633132832,0.535720934279,0.0,-0.205560814641,0.527454484911,0.0,0.233183777407,0.968198947035,0.0,-0.141081961478,0.994765223854,0.0,0.164795962711,1.012349555936,0.0,-0.071780993819,1.034986203386,0.0,0.299489393244,1.211343137071,0.0,-0.148351787229,1.223761423593,0.0,0.512940436602,0.511635810137,-0.000341305044,-0.260995892073
280,1,0.240054176838,-0.002507562502,0.0,-0.240054176838,0.002507562502,0.0,0.244026801797,0.468601976234,0.0,-0.175185912374,0.460923681291,0.0,0.213952100965,0.845712063057,0.0,-0.112755730347,0.868270456186,0.0,0.154446062784,0.883836383433,0.0,-0.051966952581,0.903577095716,0.0,0.269524092072,1.058486741065,0.0,-0.119415050777,1.067912305161,0.0,0.516070887446,0.511731535196,-0.000323243439,-0.29896659363
281,1,0.242754613481,-0.003312819863,0.0,-0.242754613481,0.003312819863,0.0,0.255334947189,0.473907338967,0.0,-0.171195280787,0.467694526785,0.0,0.227569972153,0.856414477781,0.0,-0.102724075861,0.879071115893,0.0,0.16738419989,0.896050971326,0.0,-0.040360860467,0.915606555563,0.0,0.286150483494,1.070559677887,0.0,-0.10975688796,1.081169588149,0.0,0.519418805838,0.511963933706,-0.000316035934,-0.295115709953
282,1,0.202106737387,-0.003077738597,0.0,-0.202106737387,0.003077738597,0.0,0.217723519832,0.394199868988,0.0,-0.136597967084,0.389611551908,0.0,0.198947820097,0.713844118683,0.0,-0.075267338998,0.73142673509,0.0,0.149210382366,0.74740592541,0.0,-0.023280235702,0.762809225524,0.0,0.248064454901,0.890270014483,0.0,-0.081275401731,0.898985096986,0.0,0.523025453091,0.511877596378,-0.000319564715,-0.355005049619
283,1,0.251620641728,-0.004866408677,0.0,-0.251620641728,0.004866408677,0.0,0.276515112346,0.488706507643,0.0,-0.165033337023,0.484217518613,0.0,0.254572002882,0.880300197251,0.0,-0.083229531733,0.905487092487,0.0,0.194511699097,0.918199428858,0.0,-0.018591385218,0.942835890024,0.0,0.31767523302,1.102384388276,0.0,-0.086465391588,1.114407587033,0.0,0.525992244482,0.512510210276,-0.000320557971,-0.285768389357
284,1,0.236816793509,-0.005146553082,0.0,-0.236816793509,0.005146553082,0.0,0.265179912687,0.458539036772,0.0,-0.153531272309,0.454642499448,0.0,0.246265352694,0.826731731969,0.0,-0.070165010105,0.850023551816,0.0,0.190788934124,0.863122603833,0.0,-0.009203592547,0.885710879496,0.0,0.30556295685,1.034757008645,0.0,-0.073766607598,1.046576354948,0.0,0.528457134962,0.51263859868,-0.000317433849,-0.30414674712
285,1,0.231511511108,-0.005398318056,0.0,-0.231511511108,0.005398318056,0.0,0.264361443718,0.44643237082,0.0,-0.143033381674,0.443281681742,0.0,0.250048676008,0.80619960414,0.0,-0.05844484338,0.827873428332,0.0,0.194711096179,0.842578361965,0.0,0.001652460642,0.862367613682,0.0,0.309709434172,1.007006308282,0.0,-0.060695717341,1.018919219065,0.0,0.532025158405,0.512757837772,-0.000312158838,-0.312260030151
286,1,0.210987743248,-0.0054432222,0.0,-0.210987743248,0.0054432222,0.0,0.249509780649,0.409254255948,0.0,-0.128959317459,0.406291942704,0.0,0.236256577402,0.743471802138,0.0,-0.046299266887,0.758423457701,0.0,0.184905360305,0.780294164498,0.0,0.009142576586,0.79039596882,0.0,0.294165705181,0.922403452282,0.0,-0.047023644092,0.933084304213,0.0,0.534658461809,0.51250988245,-0.000303249806,-0.341231695537
287,1,0.211792873561,-0.006194236704,0.0,-0.211792873561,0.006194236704,0.0,0.251949091908,0.408922134607,0.0,-0.129548201292,0.406559715741,0.0,0.238886104405,0.743949302312,0.0,-0.045061743567,0.758780908667,0.0,0.187436392831,0.780985685058,0.0,0.01089429994,0.790626553095,0.0,0.29766924177,0.922642749372,0.0,-0.044250225636,0.933852201907,0.0,0.535217702389,0.512985855341,-0.000304155052,-0.340433055099
288,1,0.213508649167,-0.006616314192,0.0,-0.213508649167,0.006616314192,0.0,0.253044432773,0.411510053297,0.0,-0.129451997126,0.409531375427,0.0,0.244188898355,0.748493370149,0.0,-0.04101516934,0.764168351984,0.0,0.192842595046,0.784977752829,0.0,0.015391061989,0.795587347493,0.0,0.303665285433,0.929578320005,0.0,-0.040926061918,0.940731012084,0.0,0.536685571074,0.512902677059,-0.000302916393,-0.338467316372
289,1,0.236529404753,-0.007503164464,0.0,-0.236529404753,0.007503164464,0.0,0.287524243623,0.457732600994,0.0,-0.134499962436,0.455754558107,0.0,0.28136788386,0.830889862804,0.0,-0.035631706107,0.848859534255,0.0,0.224540286619,0.869662872612,0.0,0.027615519825,0.882814370078,0.0,0.347575318162,1.03366864145,0.0,-0.033707335606,1.04340802473,0.0,0.539729326963,0.512859880924,-0.000304289628,-0.304284455505
290,1,0.243329925758,-0.008221998043,0.0,-0.243329925758,0.008221998043,0.0,0.300467799363,0.472228467687,0.0,-0.139304789288,0.472606807195,0.0,0.293908328009,0.858774581334,0.0,-0.034013997792,0.87743858778,0.0,0.236106841235,0.898925760398,0.0,0.030280426862,0.913271065914,0.0,0.363242789867,1.068579434125,0.0,-0.032500437222,1.079429555006,0.0,0.540850311518,0.512721121311,-0.000305823982,-0.29428984803
291,1,0.286156065178,-0.010900333387,0.0,-0.286156065178,0.010900333387,0.0,0.35427521374,0.553457954357,0.0,-0.166589371553,0.553974154053,0.0,0.346583170049,1.009561075612,0.0,-0.039625486167,1.031061998134,0.0,0.278670214986,1.058117496673,0.0,0.036242504757,1.073061275021,0.0,0.42875891602,1.255815775359,0.0,-0.035828327886,1.268542496297,0.0,0.540969952941,0.513513445854,-0.000317161903,-0.249757695789
292,1,0.243942977249,-0.009430041019,0.0,-0.243942977249,0.009430041019,0.0,0.305412772467,0.47205612453,0.0,-0.140356974025,0.47208890272,0.0,0.301413731464,0.861186583446,0.0,-0.028557082076,0.878452749638,0.0,0.247248790068,0.902657509005,0.0,0.03975755255,0.914983533669,0.0,0.368624494366,1.074268843697,0.0,-0.026056167239,1.082150675104,0.0,0.542281523347,0.513538509607,-0.000307928771,-0.292766249204
293,1,0.244178094402,-0.009824584256,0.0,-0.244178094402,0.009824584256,0.0,0.306998622258,0.471948341562,0.0,-0.140966139477,0.472991579213,0.0,0.302625956861,0.860705449656,0.0,-0.026556929887,0.879765546002,0.0,0.247840821011,0.902295979411,0.0,0.041783784087,0.916576146822,0.0,0.37057059865,1.074201481172,0.0,-0.023863679732,1.081760121508,0.0,0.542869433761,0.513498365879,-0.000309806317,-0.292927516191
294,1,0.254240149824,-0.010708690828,0.0,-0.254240149824,0.010708690828,0.0,0.318815672962,0.490010321312,0.0,-0.148846986245,0.490946521728,0.0,0.315892583789,0.89392625269,0.0,-0.027517272851,0.914000436233,0.0,0.259226453035,0.936326109892,0.0,0.043535433633,0.952073432206,0.0,0.385455784416,1.113540518462,0.0,-0.023169057457,1.122905694036,0.0,0.542908728123,0.513620585203,-0.000311081298,-0.281915455778
295,1,0.235823820333,-0.009948193646,0.0,-0.235823820333,0.009948193646,0.0,0.293977483948,0.455868494332,0.0,-0.135160067802,0.455744195826,0.0,0.295392898871,0.828817533998,0.0,-0.022769515879,0.847568179228,0.0,0.240353559801,0.868050965305,0.0,0.043373953727,0.882720737674,0.0,0.360199375325,1.032439856108,0.0,-0.018615514717,1.039752098006,0.0,0.543757930398,0.513626754284,-0.00031161122,-0.304020910021
296,1,0.280708060768,-0.012150347068,0.0,-0.280708060768,0.012150347068,0.0,0.348850841438,0.540040515252,0.0,-0.159807988091,0.540361476573,0.0,0.350855399222,0.981060401442,0.0,-0.025939731977,1.003406318128,0.0,0.284794921849,1.027755980333,0.0,0.05271853529,1.044660175349,0.0,0.42843996616,1.220423050946,0.0,-0.020771860169,1.228925857094,0.0,0.54406902194,0.513716936111,-0.000313882716,-0.256832266582
297,1,0.23281460214,-0.010344915737,0.0,-0.23281460214,0.010344915737,0.0,0.289304712802,0.445752266327,0.0,-0.131555839692,0.446285826522,0.0,0.29224312692,0.811342192181,0.0,-0.019783794901,0.82865855866,0.0,0.236297404812,0.851261847384,0.0,0.046391659871,0.862742782537,0.0,0.363068068159,1.008089064253,0.0,-0.013393146663,1.013728626857,0.0,0.544428557158,0.513700693846,-0.000316938385,-0.311003955482
298,1,0.228211385511,-0.010738756487,0.0,-0.228211385511,0.010738756487,0.0,0.284676665803,0.432999710097,0.0,-0.129475601325,0.436075836221,0.0,0.288810732308,0.790888750125,0.0,-0.019444170896,0.810739889748,0.0,0.23264332328,0.829742649965,0.0,0.045552390178,0.843978343777,0.0,0.358431618074,0.986598805063,0.0,-0.013094463971,0.99423853669,0.0,0.54443462193,0.513478040695,-0.000308943912,-0.317561921642
299,1,0.22944370039,-0.011487296652,0.0,-0.22944370039,0.011487296652,0.0,0.293372613389,0.433043675071,0.0,-0.130885441651,0.438522586478,0.0,0.29941821103,0.792683726652,0.0,-0.018412202434,0.815099756225,0.0,0.241238707667,0.828575365977,0.0,0.049545944138,0.847277145077,0.0,0.373993552757,0.99192928431,0.0,-0.013073829213,1.001742778722,0.0,0.544497311115,0.51322722435,-0.000308424234,-0.315543105781
300,1,0.22979918991,-0.012012915149,0.0,-0.22979918991,0.012012915149,0.0,0.30790367279,0.431194650647,0.0,-0.131311227278,0.439112417263,0.0,0.315661422395,0.793986429308,0.0,-0.017979628699,0.816769974969,0.0,0.253129026644,0.829202851972,0.0,0.052450756284,0.848120250381,0.0,0.397548779333,0.99286155115,0.0,-0.017511406245,1.004311047444,0.0,0.544485747814,0.513064026833,-0.000310179777,-0.314939810662
301,1,0.230252067117,-0.012505364726,0.0,-0.230252067117,0.012505364726,0.0,0.321220149642,0.42893229584,0.0,-0.131714486955,0.438265881752,0.0,0.340524063947,0.794305796298,0.0,-0.017600914668,0.81458078314,0.0,0.271307134905,0.830572935679,0.0,0.057237116009,0.845816681392,0.0,0.449504770133,0.983117605732,0.0,-0.018129402404,1.005360309635,0.0,0.544539749622,0.512936621904,-0.000313454308,-0.314665691665
302,1,0.237880718339,-0.013698851083,0.0,-0.237880718339,0.013698851083,0.0,0.357027492789,0.439220207886,0.0,-0.136201109192,0.450390606334,0.0,0.392902654356,0.816841282004,0.0,-0.018283041389,0.840472724808,0.0,0.327033723407,0.85665717008,0.0,0.060344203232,0.871475037584,0.0,0.519408067486,1.01278403207,0.0,-0.020545145414,1.038861733228,0.0,0.544510751963,0.5127145648,-0.000321859494,-0.304570471226
303,1,0.220324232214,-0.013778036696,0.0,-0.220324232214,0.013778036696,0.0,0.362877278536,0.400196094444,0.0,-0.126436495281,0.414012825364,0.0,0.41151564662,0.745688139597,0.0,-0.017604108887,0.769614188517,0.0,0.349170482607,0.786190685501,0.0,0.055142839981,0.797588304177,0.0,0.538511264394,0.927452447715,0.0,-0.02197366315,0.960062095222,0.0,0.544313177466,0.512683987617,-0.000310525764,-0.329645945369
304,1,0.216217445024,-0.015358773189,0.0,-0.216217445024,0.015358773189,0.0,0.390526079141,0.388091473057,0.0,-0.124885449689,0.405651128024,0.0,0.453720427044,0.726446095355,0.0,-0.019141251342,0.75349939642,0.0,0.398069723469,0.766393585266,0.0,0.050303431021,0.779033622142,0.0,0.57110114224,0.90015817095,0.0,-0.022351843347,0.942298583809,0.0,0.543838709593,0.512070775032,-0.000313785858,-0.337010468777
305,1,0.217921494601,-0.017827706095,0.0,-0.217921494601,0.017827706095,0.0,0.416850327849,0.383105800043,0.0,-0.127244060466,0.412272165483,0.0,0.505829208026,0.726458944104,0.0,-0.02053773637,0.762656720108,0.0,0.451882254196,0.765664048755,0.0,0.048993412022,0.787158971396,0.0,0.648492088599,0.905110400655,0.0,-0.026885825771,0.956255201068,0.0,0.543150961399,0.511236727238,-0.000314911362,-0.333210435521
306,1,0.214571102667,-0.018412187864,0.0,-0.214571102667,0.018412187864,0.0,0.440685181595,0.367382876725,0.0,-0.125869034622,0.404265439004,0.0,0.550479173573,0.704914475104,0.0,-0.021843397989,0.747588001358,0.0,0.503400820202,0.743996909661,0.0,0.045227644218,0.771909804689,0.0,0.711062138414,0.870331655772,0.0,-0.035699684015,0.937186601539,0.0,0.542552366853,0.511125206947,-0.000313053373,-0.340091335582
307,1,0.296781236327,-0.026200747981,0.0,-0.296781236327,0.026200747981,0.0,0.672992449497,0.506047637443,0.0,-0.175398360243,0.559354849053,0.0,0.835112639935,0.959336974501,0.0,-0.031041014658,1.034608639553,0.0,0.766171282062,1.009235260635,0.0,0.060051567158,1.069190046715,0.0,1.078144600708,1.198516975616,0.0,-0.052866966858,1.298497407674,0.0,0.542223930359,0.511177480221,-0.000324396067,-0.245732470086
308,1,0.297447090103,-0.027010253779,0.0,-0.297447090103,0.027010253779,0.0,0.721851082198,0.497893264866,0.0,-0.177328145665,0.5591101669,0.0,0.927532134192,0.953165650557,0.0,-0.033923537671,1.040801355126,0.0,0.862833845328,1.004951355462,0.0,0.053437062012,1.07919085915,0.0,1.20312688388,1.181951995311,0.0,-0.055660220014,1.298027334601,0.0,0.541519761086,0.511386215687,-0.000311409822,-0.24569417208
309,1,0.297893848276,-0.028269327395,0.0,-0.297893848276,0.028269327395,0.0,0.755088702986,0.48204788926,0.0,-0.177105571579,0.559864354452,0.0,1.006773214205,0.941527290174,0.0,-0.03379626688,1.044907356437,0.0,0.929224474024,0.993434302258,0.0,0.053002372462,1.082773651964,0.0,1.279682538442,1.161415927125,0.0,-0.056519305574,1.303336469171,0.0,0.541246861219,0.511578321457,-0.000306620263,-0.244897212937
310,1,0.295526700495,-0.029515704389,0.0,-0.295526700495,0.029515704389,0.0,0.781509675972,0.464656057617,0.0,-0.175538628346,0.555461526512,0.0,1.080652954791,0.910282400825,0.0,-0.034223879627,1.037101398841,0.0,1.006664569072,0.962288403826,0.0,0.051300229135,1.074638434352,0.0,1.357292724359,1.122887548771,0.0,-0.055799085115,1.292896529357,0.0,0.541052162647,0.511290162802,-0.0003069425,-0.247024711784
311,1,0.29586576549,-0.031594055027,0.0,-0.29586576549,0.031594055027,0.0,0.822638733301,0.456539139907,0.0,-0.181216420245,0.557589050588,0.0,1.160559210107,0.893010277917,0.0,-0.038235706953,1.041078394356,0.0,1.094193683578,0.950014580526,0.0,0.046412954734,1.083048683025,0.0,1.444023506863,1.100298276661,0.0,-0.059159441988,1.297223970893,0.0,0.5397785604,0.511678665876,-0.000305583701,-0.246050314591
312,1,0.293571735442,-0.032995693813,0.0,-0.293571735442,0.032995693813,0.0,0.852501652257,0.437037130487,0.0,-0.180054338701,0.554520620641,0.0,1.225044001237,0.868836410169,0.0,-0.035269799048,1.035062341656,0.0,1.177220017945,0.927449343806,0.0,0.04815839992,1.078310993113,0.0,1.504994738735,1.062367961494,0.0,-0.061986807134,1.290732242985,0.0,0.539196491241,0.511701047421,-0.000306149945,-0.247790780667
313,1,0.296680789534,-0.03493627802,0.0,-0.296680789534,0.03493627802,0.0,0.914604408008,0.440168943765,0.0,-0.185121520485,0.562070906203,0.0,1.283742817948,0.849508578833,0.0,-0.038245238358,1.047005084822,0.0,1.226873655129,0.906831006372,0.0,0.04621363578,1.090615934882,0.0,1.603121494486,1.038217485868,0.0,-0.066779662238,1.307064910698,0.0,0.538508355618,0.5115275383,-0.000313530676,-0.244689996838
314,1,0.293479321298,-0.038299345864,0.0,-0.293479321298,0.038299345864,0.0,0.925418889996,0.427138553828,0.0,-0.184807789719,0.560636483537,0.0,1.32395931042,0.821050174479,0.0,-0.037891685259,1.043623937013,0.0,1.274050142811,0.875683210387,0.0,0.045943796563,1.088090190093,0.0,1.659634218848,1.001022619603,0.0,-0.070007233561,1.298102842374,0.0,0.538132935762,0.51050567627,-0.00031449087,-0.247024230773
315,1,0.294652587014,-0.041343686727,0.0,-0.294652587014,0.041343686727,0.0,0.943111474759,0.405906667887,0.0,-0.188045327371,0.568409349734,0.0,1.366858946106,0.796953227364,0.0,-0.038984542562,1.055412807139,0.0,1.312242937043,0.859633097365,0.0,0.045487014636,1.10024889335,0.0,1.735881687164,0.991298486008,0.0,-0.073013830139,1.311023921204,0.0,0.537502974272,0.50974200666,-0.000318319537,-0.244991954235
316,1,0.29165326128,-0.044546303119,0.0,-0.29165326128,0.044546303119,0.0,0.952869602312,0.388554049572,0.0,-0.193588926066,0.567958233197,0.0,1.385293707057,0.765712600551,0.0,-0.047858066562,1.051853352485,0.0,1.328701891935,0.837030976676,0.0,0.03445806846,1.098566990167,0.0,1.774858449682,0.95364861727,0.0,-0.080926609232,1.303634219465,0.0,0.535657227039,0.508857741952,-0.00032204017,-0.247079080038
317,1,0.287476633827,-0.045948949385,0.0,-0.287476633827,0.045948949385,0.0,0.951334456172,0.374581284829,0.0,-0.197383898826,0.564966288766,0.0,1.419656341382,0.735453606083,0.0,-0.053357413219,1.045168303423,0.0,1.366277947617,0.812901587302,0.0,0.027525400145,1.090711509376,0.0,1.819628569634,0.926179080643,0.0,-0.085782219108,1.293681254365,0.0,0.534261614084,0.508377611637,-0.000322237611,-0.249293208694
318,1,0.262697572229,-0.044122912637,0.0,-0.262697572229,0.044122912637,0.0,0.8788658999,0.3344040068,0.0,-0.18295039314,0.521618993746,0.0,1.346106214072,0.662580858515,0.0,-0.051435936268,0.963064327051,0.0,1.300538461271,0.726041767209,0.0,0.022852896727,1.004305798956,0.0,1.692203741922,0.832925332965,0.0,-0.081130551885,1.189080547929,0.0,0.533639013767,0.507850468159,-0.000320316292,-0.271272389132
319,1,0.260759173728,-0.047125677732,0.0,-0.260759173728,0.047125677732,0.0,0.889717356204,0.330376509425,0.0,-0.186477739562,0.523384303672,0.0,1.382736157217,0.657615815434,0.0,-0.05604860727,0.96146465369,0.0,1.345498698178,0.721396896319,0.0,0.017917746377,0.99968837812,0.0,1.731399709456,0.817497984194,0.0,-0.084378978198,1.185219237356,0.0,0.532379895449,0.506629422307,-0.000320291147,-0.272787089417
320,1,0.258749505032,-0.048370468541,0.0,-0.258749505032,0.048370468541,0.0,0.890159957359,0.321729441332,0.0,-0.190710003369,0.523058106772,0.0,1.413735074173,0.651337582089,0.0,-0.062220783693,0.959160623978,0.0,1.38231937687,0.716590293446,0.0,0.010555934786,0.996467023167,0.0,1.770682578,0.800673822802,0.0,-0.086814235371,1.182933678185,0.0,0.531098753214,0.506197303534,-0.000318599865,-0.273663012313
321,1,0.263089453995,-0.049923013237,0.0,-0.263089453995,0.049923013237,0.0,0.927827436793,0.327336305109,0.0,-0.197413083906,0.535079368066,0.0,1.478626738905,0.666158951753,0.0,-0.067900263677,0.983535038428,0.0,1.438161325052,0.734947529225,0.0,0.00633700854,1.026803470944,0.0,1.843014903908,0.813286146236,0.0,-0.08665723155,1.208720142763,0.0,0.530316233635,0.50590467453,-0.000317909755,-0.268394547364
322,1,0.270719148329,-0.051400656873,0.0,-0.270719148329,0.051400656873,0.0,0.962099908807,0.333536508425,0.0,-0.208959864116,0.549960218781,0.0,1.526525421573,0.678692689516,0.0,-0.076311263658,1.01024632507,0.0,1.48359900982,0.744888444332,0.0,-0.000388715853,1.054640230416,0.0,1.903678425025,0.828692525423,0.0,-0.091342294331,1.241097461552,0.0,0.528619885445,0.505872055888,-0.000320797786,-0.261286782951
323,1,0.274836080958,-0.053933931954,0.0,-0.274836080958,0.053933931954,0.0,0.981522078096,0.336497099341,0.0,-0.215858828919,0.561762382669,0.0,1.545042302799,0.681749793676,0.0,-0.082605245465,1.028737031248,0.0,1.502270870615,0.747266473094,0.0,-0.005172564652,1.073240514511,0.0,1.908454510908,0.839641680558,0.0,-0.093297190685,1.260979898427,0.0,0.527685284615,0.505071133375,-0.000320245512,-0.257106275841
324,1,0.279893959338,-0.054689648552,0.0,-0.279893959338,0.054689648552,0.0,1.004362151401,0.337974099702,0.0,-0.223304464206,0.573221634936,0.0,1.590380106397,0.692977302708,0.0,-0.088231728897,1.045501497245,0.0,1.577729416303,0.757337970967,0.0,-0.009794675572,1.089180353975,0.0,1.940722369935,0.839520636424,0.0,-0.108726436556,1.283527548531,0.0,0.526543676853,0.505106046796,-0.000317870639,-0.252940185913
325,1,0.272419091552,-0.054553746372,0.0,-0.272419091552,0.054553746372,0.0,0.977462921192,0.333972751477,0.0,-0.219308385235,0.562563685597,0.0,1.531789253145,0.671299527891,0.0,-0.088309282464,1.022566520604,0.0,1.506669603326,0.735762653702,0.0,-0.010586420634,1.064906471333,0.0,1.903250280555,0.82690344946,0.0,-0.115571367585,1.256955064171,0.0,0.525869488716,0.503847956657,-0.000318996608,-0.25997312623
326,1,0.273217719248,-0.054400602538,0.0,-0.273217719248,0.054400602538,0.0,0.97704618587,0.335404136559,0.0,-0.221871657762,0.566370328921,0.0,1.545322652471,0.676320253234,0.0,-0.09149770985,1.024407566481,0.0,1.516384685069,0.742808825671,0.0,-0.014507217869,1.066066528368,0.0,1.911445172183,0.828159549474,0.0,-0.120108526009,1.261996841404,0.0,0.525165110826,0.503928557038,-0.000319873914,-0.259465512861
327,1,0.264836463548,-0.052331415248,0.0,-0.264836463548,0.052331415248,0.0,0.945280973132,0.328595547211,0.0,-0.215703051982,0.551601904103,0.0,1.494840538087,0.662266788221,0.0,-0.0908114659,0.99686349725,0.0,1.461371971454,0.727241064234,0.0,-0.016374719705,1.037081559454,0.0,1.854884949239,0.812002430656,0.0,-0.110205271416,1.224602872837,0.0,0.524871140718,0.503241121769,-0.000319289975,-0.267344602941
328,1,0.266023014669,-0.052390055453,0.0,-0.266023014669,0.052390055453,0.0,0.941368827807,0.329814700109,0.0,-0.218217849304,0.553137865332,0.0,1.489636714787,0.6652336765,0.0,-0.094354041779,0.996793787583,0.0,1.455129798963,0.730474616517,0.0,-0.020292359061,1.036353082349,0.0,1.847061877905,0.818154574327,0.0,-0.115873174772,1.228119771685,0.0,0.524134486914,0.503249466419,-0.000316727906,-0.266569801631
329,1,0.273227675391,-0.053594464745,0.0,-0.273227675391,0.053594464745,0.0,0.964329427121,0.339614369591,0.0,-0.225012016916,0.568827462272,0.0,1.523144600279,0.688445036203,0.0,-0.097868365319,1.024100241311,0.0,1.486890480897,0.755433377718,0.0,-0.022011054164,1.064761098386,0.0,1.892621498512,0.841490371621,0.0,-0.11271876515,1.259159877533,0.0,0.523927941918,0.503326445818,-0.000316722319,-0.259387613604
330,1,0.275012091117,-0.052828809356,0.0,-0.275012091117,0.052828809356,0.0,0.965527576619,0.347274675114,0.0,-0.226632552075,0.572164455573,0.0,1.500049588135,0.696987182962,0.0,-0.098725111405,1.032052334792,0.0,1.46518958646,0.762149986894,0.0,-0.022303670831,1.072997837449,0.0,1.850374070198,0.859471962106,0.0,-0.12292020219,1.269206702043,0.0,0.523896887898,0.503073632717,-0.000316513702,-0.257628069961
331,1,0.267846260968,-0.050425187428,0.0,-0.267846260968,0.050425187428,0.0,0.924715934025,0.342270643645,0.0,-0.219319110638,0.555378093812,0.0,1.393631767937,0.687921158885,0.0,-0.09629755329,1.00305683502,0.0,1.354927629979,0.757654812042,0.0,-0.02302854408,1.043127658839,0.0,1.748380645017,0.853924028853,0.0,-0.115881158909,1.231385537703,0.0,0.523906484246,0.503341674805,-0.000316003338,-0.264510068485
332,1,0.278977946544,-0.05151450677,0.0,-0.278977946544,0.05151450677,0.0,0.93478170625,0.367531375409,0.0,-0.226557883256,0.577043343967,0.0,1.37564426566,0.739917949029,0.0,-0.098963192108,1.043934037451,0.0,1.331489217231,0.815980706447,0.0,-0.023139835363,1.086149764396,0.0,1.75715250368,0.917169738049,0.0,-0.1165344974,1.282457612296,0.0,0.524287313223,0.503390565515,-0.000316327438,-0.253953912743
333,1,0.280146269465,-0.049221873204,0.0,-0.280146269465,0.049221873204,0.0,0.904362496712,0.386794565418,0.0,-0.2195768948,0.580458275929,0.0,1.310467093635,0.776029371317,0.0,-0.095246671737,1.051136859609,0.0,1.258438501698,0.839546608367,0.0,-0.018358874228,1.094148294256,0.0,1.696632526262,0.972789752306,0.0,-0.116259742299,1.291115261441,0.0,0.524746522307,0.5027808249,-0.000317922793,-0.252745197223
334,1,0.280517060539,-0.048012892127,0.0,-0.280517060539,0.048012892127,0.0,0.877952750359,0.407571914176,0.0,-0.215770665757,0.579882303305,0.0,1.273369741746,0.822170670881,0.0,-0.09451943797,1.051002651833,0.0,1.222755043137,0.883442089363,0.0,-0.017848790185,1.094024189689,0.0,1.61448775003,1.013940171963,0.0,-0.116494733006,1.293718959365,0.0,0.524782016873,0.503101870418,-0.000317062251,-0.252519587088
335,1,0.289009175238,-0.046670255182,0.0,-0.289009175238,0.046670255182,0.0,0.859303465191,0.44197395169,0.0,-0.220243828978,0.589541122319,0.0,1.223086966699,0.876031029984,0.0,-0.096219395513,1.078737941938,0.0,1.160798322058,0.940067265346,0.0,-0.017165753767,1.122264429743,0.0,1.533312059798,1.084077393989,0.0,-0.113104528467,1.330058490236,0.0,0.524972885847,0.503150179982,-0.000315721147,-0.245219026103
336,1,0.291004188846,-0.045202691142,0.0,-0.291004188846,0.045202691142,0.0,0.820608893222,0.458327343272,0.0,-0.218435859777,0.589184195273,0.0,1.115101065442,0.898776832486,0.0,-0.093059025084,1.080769111265,0.0,1.039575530422,0.957691294088,0.0,-0.013747562814,1.121002650734,0.0,1.415788674529,1.123280412721,0.0,-0.110770011028,1.337144012849,0.0,0.525359123945,0.503093004227,-0.000315704383,-0.243964956149
337,1,0.290236663734,-0.040903866373,0.0,-0.290236663734,0.040903866373,0.0,0.768287146809,0.467677607259,0.0,-0.218269950146,0.581737132636,0.0,1.006571446945,0.916135641758,0.0,-0.090961707093,1.06686161916,0.0,0.927470453227,0.974071499099,0.0,-0.006978545113,1.102581630043,0.0,1.289723595269,1.149156061815,0.0,-0.109788448446,1.326909326055,0.0,0.525508269668,0.504119679332,-0.000321327709,-0.245234993017
338,1,0.290524318258,-0.036813987182,0.0,-0.290524318258,0.036813987182,0.0,0.715405550322,0.484718505835,0.0,-0.219559729417,0.574706343909,0.0,0.897892936904,0.926653750996,0.0,-0.091744075939,1.057577897113,0.0,0.825824288887,0.9841240951,0.0,-0.009091554775,1.093425711563,0.0,1.178015234882,1.16910093676,0.0,-0.111664554681,1.320221092601,0.0,0.524966478348,0.505186319351,-0.000323161483,-0.246395849791
339,1,0.263598741352,-0.031030328801,0.0,-0.263598741352,0.031030328801,0.0,0.587084636845,0.457362253039,0.0,-0.199457663484,0.515018898441,0.0,0.710420085745,0.854875664281,0.0,-0.085305841658,0.95228820687,0.0,0.637075979389,0.910320330383,0.0,-0.009778967122,0.984492593767,0.0,0.966175641603,1.07315400824,0.0,-0.105467399699,1.191115701182,0.0,0.524209678173,0.505403980613,-0.000321932137,-0.273424046397
340,1,0.268512766488,-0.029255921723,0.0,-0.268512766488,0.029255921723,0.0,0.516883898446,0.47259584512,0.0,-0.206830822452,0.521742654595,0.0,0.600804822266,0.880344054347,0.0,-0.090701667805,0.963155520113,0.0,0.536227000928,0.936048856492,0.0,-0.01281894685,0.995992656926,0.0,0.849077749661,1.103388769702,0.0,-0.115094314425,1.208645764467,0.0,0.522645562887,0.505024135113,-0.000323594548,-0.270393437619
341,1,0.265765996933,-0.026882485389,0.0,-0.265765996933,0.026882485389,0.0,0.451899289768,0.473027990361,0.0,-0.204148438141,0.51258359918,0.0,0.523651729805,0.883421054801,0.0,-0.090067336544,0.948681609481,0.0,0.435328855908,0.938107616152,0.0,-0.013302045253,0.983155503811,0.0,0.732185949709,1.101266412188,0.0,-0.115641093585,1.192333246288,0.0,0.522546738386,0.505399316549,-0.000320204534,-0.273514128849
342,1,0.24970915637,-0.023480466038,0.0,-0.24970915637,0.023480466038,0.0,0.37731639066,0.456690379059,0.0,-0.184670872067,0.483133677992,0.0,0.420766567287,0.834087689573,0.0,-0.084094142732,0.892613511266,0.0,0.337021576846,0.884639376245,0.0,-0.011611027234,0.925257664874,0.0,0.588675469537,1.047246953882,0.0,-0.11172658501,1.122121041358,0.0,0.522407859564,0.504850625992,-0.000325321453,-0.291320803972
343,1,0.225374713009,-0.020236031599,0.0,-0.225374713009,0.020236031599,0.0,0.313074879294,0.417765241626,0.0,-0.163496165351,0.436254066106,0.0,0.323065858643,0.768080014852,0.0,-0.07477315134,0.804555704778,0.0,0.244068531798,0.814934326517,0.0,-0.009993472523,0.835619914327,0.0,0.469183954709,0.947513010227,0.0,-0.100831806179,1.012138296935,0.0,0.522416740656,0.50472445786,-0.000306519913,-0.322746305945
344,1,0.21227433316,-0.018332011784,0.0,-0.21227433316,0.018332011784,0.0,0.262913074027,0.396873523558,0.0,-0.149702593591,0.411122793432,0.0,0.26119883694,0.729003743572,0.0,-0.070091559865,0.756912156073,0.0,0.187132565823,0.770951448416,0.0,-0.009347041983,0.786708106652,0.0,0.385606177963,0.894576240731,0.0,-0.095256184855,0.950753921156,0.0,0.522478967905,0.504807651043,-0.000289586256,-0.342905313982
345,1,0.205028574759,-0.016940473603,0.0,-0.205028574759,0.016940473603,0.0,0.229967295818,0.383189582002,0.0,-0.143226651592,0.397055390554,0.0,0.228663636155,0.710545070516,0.0,-0.067288791437,0.731084076791,0.0,0.160732806412,0.749423561864,0.0,-0.008927601895,0.760121622839,0.0,0.33516105724,0.871781993404,0.0,-0.090216929913,0.914340249263,0.0,0.522601753473,0.504978701472,-0.000278466032,-0.354589342527
346,1,0.207041028582,-0.015944107248,0.0,-0.207041028582,0.015944107248,0.0,0.216436827452,0.394845315482,0.0,-0.142835040369,0.402926887971,0.0,0.213114726824,0.728619982205,0.0,-0.06818762916,0.743888581181,0.0,0.146709419256,0.768169407513,0.0,-0.010534548096,0.773347282316,0.0,0.328304812581,0.888604050244,0.0,-0.091737591651,0.925930055234,0.0,0.522520199418,0.505219459534,-0.000275319762,-0.349946893262
347,1,0.224473368216,-0.015265350405,0.0,-0.224473368216,0.015265350405,0.0,0.222665708497,0.431981904572,0.0,-0.15444029619,0.436691406896,0.0,0.218306744466,0.7913236317,0.0,-0.074005268687,0.808287353089,0.0,0.150407810274,0.836698352174,0.0,-0.014323625765,0.840326812169,0.0,0.338319284974,0.967064727802,0.0,-0.098937536117,1.000760082397,0.0,0.522539779544,0.505885332823,-0.000276356121,-0.322050969875
348,1,0.223393111224,-0.013240522098,0.0,-0.223393111224,0.013240522098,0.0,0.213426627273,0.435055345429,0.0,-0.153482615124,0.434628610219,0.0,0.212007963618,0.794092616345,0.0,-0.073167723466,0.808512017551,0.0,0.150955733061,0.837490663493,0.0,-0.01419735111,0.839604757752,0.0,0.31517424865,0.969942991605,0.0,-0.098353229123,0.997453557586,0.0,0.522751867771,0.506316453218,-0.000281862962,-0.322651438949
349,1,0.223773170223,-0.011915246857,0.0,-0.223773170223,0.011915246857,0.0,0.214602052597,0.437412071849,0.0,-0.153746766405,0.435500940552,0.0,0.208914725667,0.798532078348,0.0,-0.073598026999,0.814897874524,0.0,0.152712942428,0.842773380306,0.0,-0.014573486184,0.847120880242,0.0,0.302784573748,0.977887957876,0.0,-0.100084863709,0.998957024122,0.0,0.522640570998,0.506367206573,-0.000290276948,-0.322173563697
350,1,0.226166197798,-0.010605907936,0.0,-0.226166197798,0.010605907936,0.0,0.215221387898,0.449745668745,0.0,-0.155649298025,0.442916297707,0.0,0.205093951834,0.810660149336,0.0,-0.074718235015,0.826265001753,0.0,0.149792232788,0.852939340276,0.0,-0.014772303865,0.858723716755,0.0,0.299951281522,0.994897298689,0.0,-0.101940924035,1.012250615468,0.0,0.522518873215,0.506164699793,-0.000296125188,-0.318159272432
351,1,0.199518449081,-0.00831767702,0.0,-0.199518449081,0.00831767702,0.0,0.189801110869,0.400262170185,0.0,-0.137421682791,0.392617656854,0.0,0.17896525095,0.718787087016,0.0,-0.066106518185,0.731453247666,0.0,0.134848760381,0.756985012624,0.0,-0.012947010726,0.760936014636,0.0,0.260713501819,0.882729939029,0.0,-0.087549522784,0.893558439709,0.0,0.522455736995,0.50616428256,-0.000298998784,-0.360418588511
352,1,0.184398784422,-0.006370476592,0.0,-0.184398784422,0.006370476592,0.0,0.172931409306,0.368513156948,0.0,-0.128316622467,0.362402751037,0.0,0.161672379787,0.664154265653,0.0,-0.063819549965,0.674290708711,0.0,0.117690236369,0.698975744515,0.0,-0.016308234473,0.701445313024,0.0,0.237097897667,0.811187077399,0.0,-0.081062106806,0.822805748387,0.0,0.521426230669,0.505642205477,-0.00029168115,-0.391794030116
353,1,0.179967868746,-0.005665638803,0.0,-0.179967868746,0.005665638803,0.0,0.167963600692,0.359239783143,0.0,-0.123164511753,0.354809083666,0.0,0.156005704901,0.646144241604,0.0,-0.064338257326,0.656012200185,0.0,0.111699524983,0.679593311431,0.0,-0.018499940758,0.68248083677,0.0,0.231104698012,0.790405244607,0.0,-0.077571094076,0.800135567938,0.0,0.520372360945,0.505872875452,-0.000275286846,-0.402314920261
354,1,0.192641952048,-0.005846885725,0.0,-0.192641952048,0.005846885725,0.0,0.176235552931,0.383465914368,0.0,-0.131408138286,0.378738429839,0.0,0.16429735452,0.691562107613,0.0,-0.073985109166,0.700300312191,0.0,0.118019815488,0.729886959038,0.0,-0.024485686141,0.729450104127,0.0,0.245502502618,0.84330802311,0.0,-0.088351851039,0.852857507087,0.0,0.518105983734,0.505790144205,-0.000278808409,-0.377121177036
355,1,0.211120081974,-0.005672443491,0.0,-0.211120081974,0.005672443491,0.0,0.190729954314,0.423725857754,0.0,-0.142036581178,0.41804489029,0.0,0.174734022023,0.761438211478,0.0,-0.085563342547,0.770621836258,0.0,0.126256270627,0.802698766617,0.0,-0.032376356677,0.803651712073,0.0,0.262815459444,0.930006225845,0.0,-0.102162650398,0.939971098898,0.0,0.516188904643,0.506058454514,-0.000283005182,-0.342636865363
356,1,0.194478209977,-0.004445446482,0.0,-0.194478209977,0.004445446482,0.0,0.171615292097,0.392160393991,0.0,-0.136110550158,0.386373464202,0.0,0.155257593127,0.705280456185,0.0,-0.085376757194,0.713531634234,0.0,0.110631070943,0.744780958384,0.0,-0.035822141435,0.745105892945,0.0,0.23753421512,0.859920456057,0.0,-0.101712616565,0.869636418473,0.0,0.51360283792,0.506408631802,-0.000281285727,-0.369806658152
357,1,0.192706064032,-0.00429228579,0.0,-0.192706064032,0.00429228579,0.0,0.166489520473,0.388054636372,0.0,-0.134650287011,0.382289047971,0.0,0.152120981009,0.695676116045,0.0,-0.088335897165,0.704697180475,0.0,0.107824276583,0.734496291226,0.0,-0.039540515689,0.735700266768,0.0,0.22816931798,0.84877562555,0.0,-0.107318960123,0.858905983333,0.0,0.51202262938,0.506361991167,-0.000281696673,-0.374566365019
358,1,0.247042273463,-0.005327128387,0.0,-0.247042273463,0.005327128387,0.0,0.209211400734,0.500278996674,0.0,-0.174755517106,0.492604299338,0.0,0.188823608975,0.896569421547,0.0,-0.11852312308,0.907654161625,0.0,0.131452381618,0.945635908502,0.0,-0.057197496595,0.94751220073,0.0,0.288868851219,1.095363946299,0.0,-0.141087007939,1.106437411815,0.0,0.510195851326,0.506398260593,-0.000287302071,-0.290765641669
359,1,0.277063024091,-0.005284923179,0.0,-0.277063024091,0.005284923179,0.0,0.227613170907,0.558178150488,0.0,-0.198246437544,0.549798079475,0.0,0.204756633015,0.99875257805,0.0,-0.137691703578,1.012066448753,0.0,0.141596951629,1.053724791665,0.0,-0.068922738683,1.05650678767,0.0,0.311943883066,1.220842416359,0.0,-0.159987701985,1.232793882178,0.0,0.508566960692,0.50659352541,-0.0002911177,-0.260572512821
360,1,0.234833018089,-0.003845106715,0.0,-0.234833018089,0.003845106715,0.0,0.187366525459,0.47172153617,0.0,-0.169618584943,0.464425618283,0.0,0.16686393069,0.84292381456,0.0,-0.121059706081,0.854618864043,0.0,0.113120519864,0.889442566896,0.0,-0.063346943867,0.892348055147,0.0,0.254391450037,1.030659351531,0.0,-0.138636508022,1.040985872538,0.0,0.506942644715,0.506888568401,-0.000288850861,-0.308230393708
361,1,0.227021604883,-0.003601530159,0.0,-0.227021604883,0.003601530159,0.0,0.178241477274,0.45656429955,0.0,-0.163283465602,0.449227538003,0.0,0.159048721943,0.813577577406,0.0,-0.119964641036,0.825090821741,0.0,0.106898520421,0.858393444917,0.0,-0.064241106123,0.861084648974,0.0,0.242436273474,0.994881298319,0.0,-0.136347336399,1.004737655783,0.0,0.505951136351,0.50692731142,-0.000275269151,-0.319196211876
362,1,0.247932252412,-0.004078813699,0.0,-0.247932252412,0.004078813699,0.0,0.190170186649,0.496578729623,0.0,-0.182651902361,0.488580429296,0.0,0.168553694942,0.885385006833,0.0,-0.135561901554,0.898430902701,0.0,0.111941205531,0.934232895969,0.0,-0.074860526043,0.937419437377,0.0,0.260797353769,1.083293646212,0.0,-0.157363460911,1.096293961921,0.0,0.504544854164,0.507200419903,-0.000272868201,-0.292922205511
363,1,0.248738071956,-0.003960556687,0.0,-0.248738071956,0.003960556687,0.0,0.191283226333,0.500873378651,0.0,-0.182704289711,0.492060082898,0.0,0.168956961249,0.891162932215,0.0,-0.136984703683,0.904779515107,0.0,0.110486047468,0.939982119958,0.0,-0.075791067157,0.943352632227,0.0,0.263078823538,1.091398800206,0.0,-0.15852178564,1.10365141091,0.0,0.504409849644,0.507161766291,-0.000279470813,-0.29108111007
364,1,0.290797557276,-0.00463495629,0.0,-0.290797557276,0.00463495629,0.0,0.222558613368,0.584570729207,0.0,-0.215414362056,0.574050117936,0.0,0.19519664778,1.040466676387,0.0,-0.161963386552,1.056709006818,0.0,0.127647191612,1.097058757963,0.0,-0.09038709223,1.101774605212,0.0,0.305782966633,1.275700221146,0.0,-0.187748217739,1.289387067338,0.0,0.503924414515,0.50734436512,-0.000288919313,-0.249055888178
365,1,0.273537441747,-0.004324909056,0.0,-0.273537441747,0.004324909056,0.0,0.209622565704,0.55149972916,0.0,-0.202337908751,0.542201563833,0.0,0.182878468687,0.98025372746,0.0,-0.154490155012,0.997039919614,0.0,0.119858623116,1.032336041244,0.0,-0.089091457186,1.039080296056,0.0,0.287875186964,1.203654009864,0.0,-0.178795505486,1.215725810892,0.0,0.503739506006,0.50734475255,-0.000290970784,-0.264216063849
366,1,0.268444603522,-0.004243243702,0.0,-0.268444603522,0.004243243702,0.0,0.201815928903,0.539150219197,0.0,-0.201273255109,0.528160661323,0.0,0.174312590223,0.956821790228,0.0,-0.154461271846,0.974923120708,0.0,0.112627639685,1.008289453687,0.0,-0.090499870355,1.016059580805,0.0,0.278580726628,1.176320713289,0.0,-0.17878642342,1.188888778111,0.0,0.502810224891,0.507265090942,-0.000293778488,-0.270249328437
367,1,0.266128257483,-0.003720699759,0.0,-0.266128257483,0.003720699759,0.0,0.200981479574,0.535383042872,0.0,-0.200625086088,0.524510136464,0.0,0.172825297918,0.950542536952,0.0,-0.154305553237,0.968540024306,0.0,0.110605967457,1.0016527174,0.0,-0.090560998976,1.008652324931,0.0,0.277591608467,1.168782735593,0.0,-0.177189062639,1.181124847015,0.0,0.502642989159,0.507408499718,-0.000299302279,-0.27185499701
368,1,0.262521240791,-0.003698842314,0.0,-0.262521240791,0.003698842314,0.0,0.198612100801,0.528691662663,0.0,-0.196958024652,0.518435265318,0.0,0.170581633883,0.937996743955,0.0,-0.152467401082,0.956018037757,0.0,0.109249901141,0.988443902604,0.0,-0.089730872114,0.996044992724,0.0,0.273975242066,1.153161453532,0.0,-0.175319142539,1.165720877099,0.0,0.502632960677,0.507417947054,-0.000296516606,-0.275451589698
369,1,0.261630840168,-0.00368634218,0.0,-0.261630840168,0.00368634218,0.0,0.198386671659,0.527045590429,0.0,-0.195999006925,0.517480269353,0.0,0.169549369719,0.934612532438,0.0,-0.15220621487,0.952520179658,0.0,0.10719312313,0.984825616643,0.0,-0.090059011579,0.991778058209,0.0,0.27330341256,1.148971287187,0.0,-0.176196493792,1.161600564182,0.0,0.502637431026,0.507424205542,-0.000291667529,-0.276434134366
370,1,0.255871644764,-0.003707784346,0.0,-0.255871644764,0.003707784346,0.0,0.195595812784,0.517509264774,0.0,-0.190651466838,0.508678280713,0.0,0.166920401172,0.917223156325,0.0,-0.148020076578,0.934487718551,0.0,0.105241084447,0.966744956688,0.0,-0.087915707716,0.973175034774,0.0,0.268935255018,1.126528733478,0.0,-0.170919482773,1.13807356482,0.0,0.502921015024,0.507040500641,-0.000291762139,-0.282270450488
371,1,0.252495103313,-0.003843607766,0.0,-0.252495103313,0.003843607766,0.0,0.193408517161,0.510306193553,0.0,-0.189484986195,0.500743960992,0.0,0.164208727121,0.905001550511,0.0,-0.146100130678,0.921756871075,0.0,0.103695298233,0.954668140305,0.0,-0.087245811556,0.960199617685,0.0,0.265858116476,1.11147141504,0.0,-0.168764974737,1.123054339511,0.0,0.50294443965,0.50712531805,-0.000292606521,-0.28600432992
372,1,0.243778070772,-0.00382442529,0.0,-0.243778070772,0.00382442529,0.0,0.187046631504,0.492738954421,0.0,-0.182673762003,0.483840942444,0.0,0.158531253886,0.874034306744,0.0,-0.14062308702,0.890226536204,0.0,0.099863212146,0.921977563684,0.0,-0.084205647903,0.927344130013,0.0,0.257031753652,1.072653583802,0.0,-0.162647954782,1.083968652678,0.0,0.503007024527,0.506963163614,-0.000289147778,-0.296314667624
373,1,0.287567760296,-0.004535536507,0.0,-0.287567760296,0.004535536507,0.0,0.222128230161,0.580907157444,0.0,-0.215895090497,0.570472250943,0.0,0.187497696117,1.029410180319,0.0,-0.165889288504,1.048431605647,0.0,0.118852717648,1.085499406852,0.0,-0.098831884457,1.092438821672,0.0,0.304445051169,1.264827707113,0.0,-0.189533108875,1.27280181979,0.0,0.503228142858,0.507233589888,-0.000290174416,-0.250815850804
374,1,0.264733337807,-0.004236426085,0.0,-0.264733337807,0.004236426085,0.0,0.205619748732,0.533715689911,0.0,-0.198354051408,0.525231234693,0.0,0.173280959234,0.946760555971,0.0,-0.152398756655,0.966371896403,0.0,0.110101596451,0.998310928057,0.0,-0.090709509842,1.006872007177,0.0,0.281342772679,1.165296084374,0.0,-0.174171985753,1.176479671276,0.0,0.503376320004,0.50724875927,-0.000291096861,-0.272260027181
375,1,0.260043174392,-0.004176694754,0.0,-0.260043174392,0.004176694754,0.0,0.206202259444,0.527509242624,0.0,-0.193191637006,0.519744126071,0.0,0.173685914922,0.936214363164,0.0,-0.14806167865,0.956402369495,0.0,0.111732581937,0.986998398316,0.0,-0.086982434558,0.996425677725,0.0,0.280871754211,1.15406921412,0.0,-0.167933288359,1.163217701423,0.0,0.504202261567,0.506569206715,-0.000293324701,-0.275796875956
376,1,0.302721933357,-0.004758794297,0.0,-0.302721933357,0.004758794297,0.0,0.244193275575,0.612684930968,0.0,-0.223773180277,0.602204850053,0.0,0.206254764294,1.087602371121,0.0,-0.168508173328,1.110419899302,0.0,0.133738295358,1.146817894995,0.0,-0.097509722445,1.15773284447,0.0,0.330502493237,1.338759073769,0.0,-0.188983946885,1.352717097684,0.0,0.505042523146,0.506595045328,-0.000310289965,-0.237120006047
377,1,0.284112486972,-0.004882706798,0.0,-0.284112486972,0.004882706798,0.0,0.237000996683,0.576011139415,0.0,-0.206863809697,0.567866415361,0.0,0.20159941533,1.027888893935,0.0,-0.151905306913,1.047565137211,0.0,0.133061944343,1.084012860378,0.0,-0.084907870544,1.093573315577,0.0,0.31912882245,1.264031805248,0.0,-0.171071289182,1.276287083807,0.0,0.506830260158,0.506179869175,-0.000315943675,-0.251262763506
378,1,0.295379466422,-0.005083190745,0.0,-0.295379466422,0.005083190745,0.0,0.249126858956,0.59869437964,0.0,-0.214690828952,0.590789030602,0.0,0.213264515899,1.063309288101,0.0,-0.155877094548,1.088600780195,0.0,0.142360733823,1.119275330459,0.0,-0.086091000145,1.135870790589,0.0,0.333899293557,1.313465330051,0.0,-0.175695481898,1.328517909989,0.0,0.507388219237,0.506264597178,-0.000322829699,-0.241604921941
379,1,0.259546748607,-0.004809716278,0.0,-0.259546748607,0.004809716278,0.0,0.224138765688,0.529693801557,0.0,-0.184956594146,0.522854755322,0.0,0.193156060763,0.939397438811,0.0,-0.131902807078,0.961361708396,0.0,0.131353097276,0.989739947176,0.0,-0.069292827443,1.003276564617,0.0,0.299598741646,1.161669266576,0.0,-0.149291848179,1.172721269603,0.0,0.508868023753,0.50559848547,-0.000325915578,-0.274271895065
380,1,0.265712078882,-0.004938540077,0.0,-0.265712078882,0.004938540077,0.0,0.235640066504,0.543119603181,0.0,-0.185817683008,0.536580130462,0.0,0.205887237633,0.964732932364,0.0,-0.127611940223,0.98541901044,0.0,0.141585357321,1.015607038891,0.0,-0.063489489187,1.027864621742,0.0,0.314363602765,1.192324815695,0.0,-0.146004221177,1.202761358561,0.0,0.51069752872,0.505602747202,-0.000326647307,-0.267413100115
381,1,0.213908315498,-0.004023991371,0.0,-0.213908315498,0.004023991371,0.0,0.19171118184,0.438069369563,0.0,-0.147902826341,0.432659516282,0.0,0.172885869242,0.777192903294,0.0,-0.095985436915,0.793422463136,0.0,0.120872234418,0.818168842912,0.0,-0.044135922043,0.827312335308,0.0,0.260351298993,0.960566603057,0.0,-0.109917137874,0.967298214503,0.0,0.513035580516,0.505594074726,-0.000318339909,-0.331944074008
382,1,0.227185633086,-0.004325419032,0.0,-0.227185633086,0.004325419032,0.0,0.211358058694,0.465630203812,0.0,-0.153577909683,0.459373552096,0.0,0.192339731291,0.825612281628,0.0,-0.095363347864,0.842334358861,0.0,0.136510096746,0.868855208335,0.0,-0.04004716234,0.877147710718,0.0,0.286059784558,1.020512719404,0.0,-0.110234374078,1.028376822603,0.0,0.5155300349,0.505613923073,-0.000318029197,-0.312215400783
383,1,0.192396616765,-0.003691483555,0.0,-0.192396616765,0.003691483555,0.0,0.185566312155,0.391658792259,0.0,-0.126031824387,0.386246040462,0.0,0.17019969274,0.694037936879,0.0,-0.073051872117,0.707619846702,0.0,0.123000050573,0.730262466292,0.0,-0.026182847723,0.736700237583,0.0,0.248998026189,0.857601142351,0.0,-0.084495246283,0.865114043772,0.0,0.518620237708,0.505637824535,-0.000298836734,-0.371111813173
384,1,0.208111795015,-0.004137117994,0.0,-0.208111795015,0.004137117994,0.0,0.20512919536,0.422334654274,0.0,-0.136000577868,0.416503178938,0.0,0.189816412697,0.74885009678,0.0,-0.073480890597,0.763539614717,0.0,0.138748510158,0.788011102122,0.0,-0.022306581238,0.794957117357,0.0,0.274909261944,0.925109569433,0.0,-0.086021805939,0.93383232708,0.0,0.52067053318,0.505848169327,-0.000294875586,-0.343657008095
385,1,0.197779827954,-0.003972654414,0.0,-0.197779827954,0.003972654414,0.0,0.198164164298,0.400938226321,0.0,-0.125900295816,0.395037557233,0.0,0.185834147752,0.71079819747,0.0,-0.065637870437,0.723843426694,0.0,0.13682209347,0.747966392307,0.0,-0.016311882531,0.753699772689,0.0,0.266951651744,0.876913579668,0.0,-0.07578507368,0.885396778437,0.0,0.522938728333,0.505936920643,-0.000287753413,-0.362355147422
386,1,0.195871617268,-0.004103602706,0.0,-0.195871617268,0.004103602706,0.0,0.200773944518,0.398756441607,0.0,-0.12366619894,0.392866256945,0.0,0.190907962889,0.705937495236,0.0,-0.059167066023,0.719848941451,0.0,0.142246275154,0.743462666742,0.0,-0.008704486668,0.749518843504,0.0,0.272829152262,0.871352138061,0.0,-0.067454078473,0.878994152641,0.0,0.52575416863,0.505884379148,-0.000286260853,-0.364467434179
387,1,0.197241059346,-0.004760112262,0.0,-0.197241059346,0.004760112262,0.0,0.203952578038,0.399143930352,0.0,-0.122237536353,0.393802055767,0.0,0.195289899078,0.70625207641,0.0,-0.05617936809,0.721246938769,0.0,0.146420140734,0.74339657512,0.0,-0.005185643914,0.750969988233,0.0,0.276513765971,0.872684348765,0.0,-0.064446629188,0.880799810103,0.0,0.527085542679,0.506272256374,-0.000293252524,-0.363204107646
388,1,0.19920533226,-0.005220946956,0.0,-0.19920533226,0.005220946956,0.0,0.207695423039,0.403655902278,0.0,-0.124101824589,0.398930553976,0.0,0.200775529405,0.713880266058,0.0,-0.0531317324,0.730625166754,0.0,0.151986917537,0.75145158518,0.0,-0.001205462068,0.759513975479,0.0,0.283443424511,0.881432571099,0.0,-0.060953701806,0.890756590762,0.0,0.528574332595,0.506130337715,-0.000293779187,-0.359480965885
389,1,0.23411286957,-0.006406535476,0.0,-0.23411286957,0.006406535476,0.0,0.248187521992,0.474294246484,0.0,-0.146819860541,0.468958962642,0.0,0.240684858353,0.839027868582,0.0,-0.058180397176,0.8588842166,0.0,0.183182127098,0.883216193657,0.0,0.003372135471,0.893313918285,0.0,0.338358891777,1.035583666532,0.0,-0.066544569164,1.045974641539,0.0,0.529921248555,0.506422668695,-0.000294326805,-0.305492464833
390,1,0.242175515902,-0.007098999879,0.0,-0.242175515902,0.007098999879,0.0,0.261666037519,0.489917081798,0.0,-0.151645685655,0.485721905913,0.0,0.255763104333,0.864378816777,0.0,-0.056147080924,0.889180856665,0.0,0.195023489048,0.907909500875,0.0,0.008569049409,0.923685011254,0.0,0.355647556389,1.072795534681,0.0,-0.063891150481,1.082465315062,0.0,0.531421795487,0.5063611269,-0.000294285361,-0.294941822407
391,1,0.261279815156,-0.008358240531,0.0,-0.261279815156,0.008358240531,0.0,0.286553555472,0.527228982929,0.0,-0.16442614704,0.524418921524,0.0,0.283963691963,0.926987619772,0.0,-0.058389451528,0.959518611136,0.0,0.214924391553,0.972780703581,0.0,0.012267107999,0.995907923797,0.0,0.391663170896,1.15504582785,0.0,-0.066997366124,1.170619070255,0.0,0.532161653042,0.506456583738,-0.000297165941,-0.272987549943
392,1,0.274987332466,-0.009724887559,0.0,-0.274987332466,0.009724887559,0.0,0.308700678662,0.549228910921,0.0,-0.170954876007,0.54748190466,0.0,0.317526650019,0.964875318583,0.0,-0.058399353779,1.000381824826,0.0,0.240189201363,1.010521526658,0.0,0.016274508618,1.036521720555,0.0,0.43603532685,1.204868166927,0.0,-0.072313865486,1.221735381322,0.0,0.53285869956,0.506671071053,-0.000303596724,-0.261515721165
393,1,0.263899888649,-0.010594528242,0.0,-0.263899888649,0.010594528242,0.0,0.317911106445,0.520547410753,0.0,-0.16607627075,0.520866116989,0.0,0.333599153685,0.920305158075,0.0,-0.055251794363,0.951290995571,0.0,0.252513721166,0.965467860437,0.0,0.023207965598,0.986509016286,0.0,0.464550332437,1.14885439535,0.0,-0.070463963675,1.169047413044,0.0,0.533033967018,0.507040083408,-0.000306989066,-0.273237157576
394,1,0.257916933686,-0.01147003485,0.0,-0.257916933686,0.01147003485,0.0,0.337898849092,0.501349029034,0.0,-0.158513089098,0.507434231002,0.0,0.369097331104,0.896578721934,0.0,-0.049536894633,0.926896949915,0.0,0.287411567667,0.942626711346,0.0,0.033291761242,0.960292712132,0.0,0.515426437028,1.120465290422,0.0,-0.065426198779,1.143186814294,0.0,0.534276589751,0.506679236889,-0.000315336976,-0.279823989537
395,1,0.23141184858,-0.011592046167,0.0,-0.23141184858,0.011592046167,0.0,0.334491620684,0.438713377046,0.0,-0.14328835558,0.453449836013,0.0,0.395487453829,0.799149558644,0.0,-0.040520576998,0.83019764706,0.0,0.319746269472,0.844099382323,0.0,0.037298619991,0.862357361798,0.0,0.535523590082,0.991629004423,0.0,-0.0564044225,1.025853441231,0.0,0.535187110305,0.506274998188,-0.000316556077,-0.311689093107
396,1,0.209456887855,-0.012130703611,0.0,-0.209456887855,0.012130703611,0.0,0.341890584831,0.392279145054,0.0,-0.128269816614,0.41124518598,0.0,0.42091454285,0.712917376323,0.0,-0.033241973275,0.749947179446,0.0,0.355392201286,0.753228397716,0.0,0.036634655619,0.777589057331,0.0,0.549952872644,0.888305187633,0.0,-0.050053734962,0.930856922723,0.0,0.535879716277,0.505712598562,-0.00031951163,-0.344107186122
397,1,0.212238029009,-0.012744382092,0.0,-0.212238029009,0.012744382092,0.0,0.386696522677,0.391449055606,0.0,-0.129380879917,0.413558621607,0.0,0.480759439849,0.717482405205,0.0,-0.032442689284,0.756700058121,0.0,0.423337987225,0.757414505176,0.0,0.037777524539,0.784698479321,0.0,0.638261880794,0.892039515646,0.0,-0.053516779158,0.939841374066,0.0,0.536188527942,0.505867689848,-0.000321773114,-0.340885412115
398,1,0.213897476502,-0.014490063838,0.0,-0.213897476502,0.014490063838,0.0,0.430590787502,0.385807636496,0.0,-0.13080275839,0.413585542568,0.0,0.543678521723,0.71535461308,0.0,-0.032921383827,0.760413794237,0.0,0.496177999406,0.753526822166,0.0,0.032701140915,0.787638671327,0.0,0.724314255,0.893796811497,0.0,-0.053780263281,0.945778717873,0.0,0.536235764623,0.506507098675,-0.000324468943,-0.338424550081
399,1,0.202578698451,-0.015138579144,0.0,-0.202578698451,0.015138579144,0.0,0.43858324872,0.356228730203,0.0,-0.123575115316,0.38710493186,0.0,0.573734998236,0.667078463856,0.0,-0.030811070095,0.720357417909,0.0,0.529990386391,0.702334011564,0.0,0.028539147596,0.746826717854,0.0,0.753721561747,0.839283809711,0.0,-0.049493641252,0.898417590211,0.0,0.536383628845,0.505982041359,-0.00032728941,-0.356905478929
400,1,0.223137594745,-0.017619606664,0.0,-0.223137594745,0.017619606664,0.0,0.521006339588,0.383202815632,0.0,-0.136018076359,0.427482062995,0.0,0.7069373117,0.714527071422,0.0,-0.034046771682,0.794416803805,0.0,0.647850275857,0.755059983478,0.0,0.030720022991,0.823357992649,0.0,0.921410598998,0.903162668726,0.0,-0.055977336883,0.990661174498,0.0,0.536340892315,0.505802541971,-0.000327570597,-0.324455079871
401,1,0.225301286461,-0.018928747758,0.0,-0.225301286461,0.018928747758,0.0,0.566189517028,0.381135082806,0.0,-0.136625866386,0.433935636484,0.0,0.78940953864,0.714721211657,0.0,-0.03485844119,0.805667523654,0.0,0.729280382712,0.757874088374,0.0,0.030108637419,0.836821959248,0.0,1.024410020584,0.891460501019,0.0,-0.059644779907,1.001207737394,0.0,0.536177381873,0.505493536592,-0.00032487046,-0.321633676107
402,1,0.252831477043,-0.023205772812,0.0,-0.252831477043,0.023205772812,0.0,0.674521478019,0.417902391366,0.0,-0.153331640399,0.483444663173,0.0,0.95846355674,0.779083895,0.0,-0.040442253812,0.898909072602,0.0,0.89729625458,0.830937160128,0.0,0.032370495949,0.935532113238,0.0,1.237117633626,0.965731237002,0.0,-0.068870127253,1.117490729541,0.0,0.535836622119,0.506108447909,-0.000316748396,-0.287616545387
403,1,0.295005647976,-0.028494164953,0.0,-0.295005647976,0.028494164953,0.0,0.825393470009,0.469312364537,0.0,-0.181233840349,0.564075001961,0.0,1.184588171483,0.888024909242,0.0,-0.051957116715,1.048265995925,0.0,1.128707603347,0.951729343418,0.0,0.031861044839,1.091067042295,0.0,1.528196753737,1.082081601485,0.0,-0.085026112247,1.303203209584,0.0,0.534788757563,0.506349593401,-0.000318200327,-0.246446647357
404,1,0.297555650662,-0.031013560273,0.0,-0.297555650662,0.031013560273,0.0,0.865802134987,0.4579661831,0.0,-0.18445041369,0.568505757913,0.0,1.264371678098,0.879681381881,0.0,-0.054153118257,1.056620605572,0.0,1.211499988452,0.940170666138,0.0,0.030224214882,1.099641484261,0.0,1.61902782429,1.068311332156,0.0,-0.085507417197,1.31366390439,0.0,0.534364685416,0.506518006325,-0.000320621766,-0.244374052205
405,1,0.290997408671,-0.032444330407,0.0,-0.290997408671,0.032444330407,0.0,0.875434114143,0.435324413049,0.0,-0.181992104002,0.556801316967,0.0,1.295440660181,0.834818121647,0.0,-0.055623559064,1.033505974392,0.0,1.242830614144,0.893411282173,0.0,0.025998803907,1.075573372191,0.0,1.662315315628,1.003947831351,0.0,-0.0820744078,1.283643166004,0.0,0.533505931497,0.5062610358,-0.000318812206,-0.250097120555
406,1,0.284178765668,-0.033812122724,0.0,-0.284178765668,0.033812122724,0.0,0.883503413991,0.421794489803,0.0,-0.179826190622,0.548472655202,0.0,1.302709759962,0.789350665034,0.0,-0.052197741396,1.016966089148,0.0,1.24645501513,0.843797438767,0.0,0.030264634164,1.061851567195,0.0,1.677820942981,0.963402022464,0.0,-0.08344182964,1.261954357126,0.0,0.533074215055,0.50574567914,-0.00032355357,-0.254906239161
407,1,0.302867357329,-0.038214146139,0.0,-0.302867357329,0.038214146139,0.0,0.952372024052,0.431549450791,0.0,-0.197283708811,0.582247028694,0.0,1.42081960975,0.809942592156,0.0,-0.061953773833,1.070392679418,0.0,1.354442934347,0.868498270277,0.0,0.025244610657,1.116405227723,0.0,1.842916522945,0.991995278246,0.0,-0.095614571729,1.33015923352,0.0,0.531281128526,0.506376624107,-0.000323158689,-0.241371840297
408,1,0.298889537758,-0.038943238189,0.0,-0.298889537758,0.038943238189,0.0,0.966899079353,0.418284090849,0.0,-0.199298681453,0.570809039236,0.0,1.426251584528,0.774792528661,0.0,-0.064628312406,1.048677615247,0.0,1.364280438535,0.840530955295,0.0,0.021445498577,1.091447284471,0.0,1.852790485019,0.951138678195,0.0,-0.09960441791,1.305568073544,0.0,0.529836058617,0.50608292222,-0.000329430215,-0.246125745188
409,1,0.294438379904,-0.040814786369,0.0,-0.294438379904,0.040814786369,0.0,0.972318267428,0.404708908204,0.0,-0.198787320995,0.563225720341,0.0,1.466586754152,0.757046516505,0.0,-0.065014518594,1.034753241208,0.0,1.41459586968,0.828603762779,0.0,0.018707667208,1.076937284431,0.0,1.894543087956,0.925762400577,0.0,-0.100644317248,1.287356247277,0.0,0.529238328338,0.50589081645,-0.000335424207,-0.249713589931
410,1,0.293827029428,-0.044303699442,0.0,-0.293827029428,0.044303699442,0.0,0.967375722043,0.39171345384,0.0,-0.201465928997,0.56738219526,0.0,1.495886317415,0.746994431454,0.0,-0.065863027606,1.039114516254,0.0,1.456027052205,0.82499072868,0.0,0.016405468587,1.081188414018,0.0,1.917027112634,0.913106146252,0.0,-0.104025679916,1.289389792913,0.0,0.528632670641,0.50501690805,-0.000335066579,-0.249513066971
411,1,0.293616404952,-0.045651834165,0.0,-0.293616404952,0.045651834165,0.0,0.97463570025,0.384826089527,0.0,-0.202862923253,0.566797008268,0.0,1.533567413131,0.743892460038,0.0,-0.067019899796,1.038441844597,0.0,1.504209654833,0.820970828184,0.0,0.015441065941,1.079452395936,0.0,1.941267887569,0.903412949462,0.0,-0.10472503767,1.287171285722,0.0,0.528271391988,0.504654929042,-0.000333133154,-0.249875415438
412,1,0.283887846684,-0.04510897205,0.0,-0.283887846684,0.04510897205,0.0,0.950205408787,0.368183883166,0.0,-0.198750724647,0.552074058101,0.0,1.499740910383,0.714246804768,0.0,-0.066396903657,1.009505214798,0.0,1.468755082092,0.785581847883,0.0,0.013357919913,1.04868903381,0.0,1.888883923469,0.869256444249,0.0,-0.102772042842,1.251119601935,0.0,0.527860403061,0.504455462098,-0.000328258611,-0.257120754446
413,1,0.287099721397,-0.04655379406,0.0,-0.287099721397,0.04655379406,0.0,0.960601993122,0.368566370341,0.0,-0.201468570094,0.561297584523,0.0,1.533522115232,0.716887124569,0.0,-0.067801300526,1.022058144349,0.0,1.510365180155,0.795523562191,0.0,0.012305623336,1.061600229629,0.0,1.930663282216,0.873265471597,0.0,-0.104334667347,1.263448786682,0.0,0.527684748173,0.504228264093,-0.000328026712,-0.254269592212
414,1,0.293411135791,-0.048099059713,0.0,-0.293411135791,0.048099059713,0.0,0.9784850952,0.368897805642,0.0,-0.206402462854,0.573575505472,0.0,1.567564569652,0.727350927239,0.0,-0.069932083689,1.041483141135,0.0,1.552010125637,0.810183568537,0.0,0.01022872984,1.080816349938,0.0,1.957670008212,0.888401691287,0.0,-0.107467807143,1.28744152491,0.0,0.527471899986,0.504422023892,-0.000331089832,-0.249164367995
415,1,0.293646914044,-0.048698691406,0.0,-0.293646914044,0.048698691406,0.0,0.975822179406,0.369391543344,0.0,-0.210289446317,0.571717224852,0.0,1.561080157844,0.723729953602,0.0,-0.072868343736,1.038423811405,0.0,1.539143982127,0.806247104575,0.0,0.008980557613,1.078087667789,0.0,1.961513820694,0.879483593321,0.0,-0.112504793306,1.283502454731,0.0,0.526398643851,0.503949314356,-0.000332809985,-0.250103281399
416,1,0.295086676173,-0.048657694747,0.0,-0.295086676173,0.048657694747,0.0,0.978323460349,0.371747570386,0.0,-0.209959401862,0.575248158397,0.0,1.572370424792,0.732886558477,0.0,-0.073835694453,1.045479260225,0.0,1.544732640099,0.81436543209,0.0,0.008684347855,1.085760372081,0.0,1.987882834619,0.890686354073,0.0,-0.111850564237,1.290326793087,0.0,0.526381641626,0.5037676543,-0.000337873586,-0.248913549504
417,1,0.295557275542,-0.048817253005,0.0,-0.295557275542,0.048817253005,0.0,0.979589115091,0.377571768449,0.0,-0.209815636937,0.579167059853,0.0,1.5545582439,0.740946024257,0.0,-0.073152347435,1.049759121695,0.0,1.523775076963,0.82045334359,0.0,0.009143548213,1.090865771506,0.0,1.969358670665,0.901687976339,0.0,-0.112542488543,1.297272281457,0.0,0.526301115751,0.503181129694,-0.000337504782,-0.248244360619
418,1,0.30451987499,-0.049676907808,0.0,-0.30451987499,0.049676907808,0.0,1.00748706377,0.389418102498,0.0,-0.21643606475,0.596698270359,0.0,1.592274597921,0.764814702278,0.0,-0.075843641964,1.081370761306,0.0,1.552203020721,0.847169129986,0.0,0.008914779599,1.124266864186,0.0,2.014301524172,0.933145020582,0.0,-0.115609676026,1.337383852878,0.0,0.526288658381,0.503317937255,-0.000337266363,-0.240774619447
419,1,0.29995903795,-0.048858210383,0.0,-0.29995903795,0.048858210383,0.0,0.990535583076,0.391259715643,0.0,-0.212475756655,0.588535278393,0.0,1.551114304929,0.765538956484,0.0,-0.073704336435,1.065380309062,0.0,1.497562399451,0.838924627761,0.0,0.009236167535,1.106909952525,0.0,1.977120230394,0.930818732419,0.0,-0.114671285279,1.31890191864,0.0,0.526305764914,0.503322213888,-0.000338755548,-0.244373965445
420,1,0.300345850736,-0.048302140161,0.0,-0.300345850736,0.048302140161,0.0,0.977923620074,0.401028236724,0.0,-0.211301918139,0.589845799192,0.0,1.495213041207,0.791138027003,0.0,-0.073464828856,1.067070384636,0.0,1.431813776342,0.856788053977,0.0,0.008815886936,1.108701453737,0.0,1.93729756581,0.95927073212,0.0,-0.115167465096,1.32640527233,0.0,0.526431843638,0.503206625581,-0.000338715501,-0.244024856314
421,1,0.300628969297,-0.047177169379,0.0,-0.300628969297,0.047177169379,0.0,0.968995150057,0.420826508305,0.0,-0.211565148965,0.58916991521,0.0,1.434703162525,0.817974819061,0.0,-0.073692557704,1.066225285813,0.0,1.356253915147,0.879616004858,0.0,0.008395998009,1.108321949724,0.0,1.856388140033,0.998282489532,0.0,-0.111886572424,1.326978304144,0.0,0.526389032602,0.503394991159,-0.000338659622,-0.243938242866
422,1,0.296360600669,-0.044557881236,0.0,-0.296360600669,0.044557881236,0.0,0.917459413376,0.42510963365,0.0,-0.207482367751,0.576675423091,0.0,1.324004623962,0.82983444713,0.0,-0.07384228669,1.044069234215,0.0,1.245315577428,0.888207425705,0.0,0.005071515105,1.085857805246,0.0,1.729349623374,1.015291160788,0.0,-0.109138865262,1.305884167858,0.0,0.526336878538,0.503854528069,-0.000338478014,-0.247297130565
423,1,0.285183393773,-0.040787931331,0.0,-0.285183393773,0.040787931331,0.0,0.83730527867,0.418939657111,0.0,-0.194224070093,0.552018839478,0.0,1.210484758186,0.826256429515,0.0,-0.071928721479,1.003001790449,0.0,1.153142217405,0.885751081135,0.0,-0.003477071743,1.043691901199,0.0,1.538173603702,1.017221013347,0.0,-0.103771671822,1.256057886575,0.0,0.526382952929,0.503972813487,-0.000332045369,-0.256678669408
424,1,0.27330630613,-0.036440040423,0.0,-0.27330630613,0.036440040423,0.0,0.759478736028,0.423156313452,0.0,-0.185053550473,0.529371684895,0.0,1.08995889519,0.81028701261,0.0,-0.069127401112,0.963305634518,0.0,1.032387402065,0.863935408818,0.0,-0.001937897933,1.007642115722,0.0,1.370938032079,1.017068976169,0.0,-0.103351573501,1.200396955401,0.0,0.526303932071,0.504672318697,-0.000308835879,-0.268088930825
425,1,0.20321415721,-0.025411998944,0.0,-0.20321415721,0.025411998944,0.0,0.526837266421,0.318690587655,0.0,-0.135606274534,0.391771214147,0.0,0.742114020208,0.614520161699,0.0,-0.0515228516,0.713906688994,0.0,0.691335274812,0.650787391024,0.0,-0.001000757194,0.745579138897,0.0,0.915082502233,0.784677291411,0.0,-0.076296939055,0.889010543597,0.0,0.526227086782,0.505145221949,-0.000288173556,-0.360901072766
426,1,0.226194887303,-0.02611585948,0.0,-0.226194887303,0.02611585948,0.0,0.553991660021,0.372405905866,0.0,-0.150850073195,0.435476656204,0.0,0.746027135272,0.719800432102,0.0,-0.057125175737,0.794986043566,0.0,0.695447718904,0.758531582755,0.0,-0.000375598609,0.829280317743,0.0,0.924434588077,0.917854595539,0.0,-0.085712449217,0.99037738173,0.0,0.526308432221,0.505639255047,-0.000284808222,-0.323851515652
427,1,0.239568850987,-0.02590514641,0.0,-0.239568850987,0.02590514641,0.0,0.53178875783,0.399706248827,0.0,-0.159961159099,0.457167092756,0.0,0.66457105836,0.7616762663,0.0,-0.0598637895,0.839240601999,0.0,0.621751084627,0.800855628923,0.0,-0.000504944938,0.871129779457,0.0,0.832051152521,0.983879707224,0.0,-0.091320602376,1.048834545851,0.0,0.526200920343,0.505521565676,-0.000288384501,-0.305905506362
428,1,0.234982109386,-0.023471573464,0.0,-0.234982109386,0.023471573464,0.0,0.478213135217,0.411519916707,0.0,-0.15904178622,0.444569125156,0.0,0.554234632884,0.759929670759,0.0,-0.06097228063,0.819703934315,0.0,0.504218041514,0.791209485434,0.0,-0.002270591339,0.84870856828,0.0,0.675009478192,0.974276629228,0.0,-0.094789252615,1.028064440666,0.0,0.52563804388,0.505635619164,-0.000291898614,-0.311700982874
429,1,0.236934947937,-0.021067777942,0.0,-0.236934947937,0.021067777942,0.0,0.428651587232,0.425214405752,0.0,-0.161804747386,0.446484183448,0.0,0.466676773925,0.784290327129,0.0,-0.063017262367,0.828451865732,0.0,0.409748754325,0.820506831675,0.0,-0.003569193266,0.856186600912,0.0,0.563254087201,0.999987450498,0.0,-0.088267376437,1.040387401325,0.0,0.525224119425,0.504928186536,-0.000286715571,-0.308719977717
430,1,0.297102503031,-0.022303801179,0.0,-0.297102503031,0.022303801179,0.0,0.479557513235,0.551162190708,0.0,-0.206150390779,0.555073252321,0.0,0.469257699864,0.996303328038,0.0,-0.083786341984,1.034476642189,0.0,0.385806539967,1.044232554681,0.0,-0.004830728788,1.068950753964,0.0,0.583674973932,1.256311138912,0.0,-0.119876333384,1.298307099078,0.0,0.524045050144,0.505943983793,-0.000297584105,-0.246735872343
431,1,0.225951299578,-0.015370083273,0.0,-0.225951299578,0.015370083273,0.0,0.30506818856,0.430876398769,0.0,-0.160938949384,0.424190676794,0.0,0.29335953532,0.759975134626,0.0,-0.068850620055,0.791333321443,0.0,0.224731435651,0.798173272748,0.0,-0.005734978119,0.818238526981,0.0,0.379168028682,0.967127184019,0.0,-0.09523026939,0.990355885859,0.0,0.522376716137,0.505454152822,-0.000286717433,-0.324246347454
432,1,0.235882438679,-0.013109494991,0.0,-0.235882438679,0.013109494991,0.0,0.284999361959,0.456656347291,0.0,-0.165237371416,0.446768721324,0.0,0.26956443528,0.807589410586,0.0,-0.072666448397,0.832227549137,0.0,0.200718393862,0.845807608854,0.0,-0.007238152415,0.85985419659,0.0,0.354208707025,1.012358495962,0.0,-0.098505026782,1.038436585641,0.0,0.522133246064,0.504492521286,-0.000286799856,-0.3100788529
433,1,0.275630218623,-0.013901586539,0.0,-0.275630218623,0.013901586539,0.0,0.298246905676,0.544139279185,0.0,-0.193367814799,0.526131574211,0.0,0.274506442401,0.952766953539,0.0,-0.086539732673,0.979771633268,0.0,0.198624092884,0.997190333829,0.0,-0.010319134068,1.011788262492,0.0,0.373219703394,1.185094467476,0.0,-0.117421874453,1.216674304376,0.0,0.521647617221,0.504820048809,-0.000288085546,-0.26432286206
434,1,0.202019970448,-0.009288982348,0.0,-0.202019970448,0.009288982348,0.0,0.202013404974,0.399242906333,0.0,-0.14284128014,0.389900486012,0.0,0.19356846003,0.70750953401,0.0,-0.065309347186,0.723211322407,0.0,0.144239061264,0.741518689841,0.0,-0.009183851655,0.74786309861,0.0,0.278460788092,0.878053291912,0.0,-0.086045108964,0.896420995222,0.0,0.521115064621,0.504815369844,-0.000290572178,-0.358600678826
435,1,0.209426607459,-0.008474515554,0.0,-0.209426607459,0.008474515554,0.0,0.20519216479,0.415472139863,0.0,-0.14830064406,0.407398582357,0.0,0.187410294705,0.741974122961,0.0,-0.07045224412,0.755821510999,0.0,0.134087378555,0.783766961647,0.0,-0.013186703764,0.78584373204,0.0,0.286582230888,0.916017806825,0.0,-0.087390014794,0.931561709082,0.0,0.520317360759,0.504370421171,-0.000281207962,-0.34406330332
436,1,0.216586664216,-0.008086214128,0.0,-0.216586664216,0.008086214128,0.0,0.211176159208,0.434685100471,0.0,-0.154523511683,0.42537595284,0.0,0.191127132933,0.772027549014,0.0,-0.078128294033,0.788559015224,0.0,0.135252099819,0.813852850582,0.0,-0.019235770074,0.819881327307,0.0,0.283470809265,0.952653454224,0.0,-0.094586398689,0.970543554745,0.0,0.51861654222,0.504297733307,-0.000276995124,-0.329866043128
437,1,0.215196558407,-0.007172514009,0.0,-0.215196558407,0.007172514009,0.0,0.207069731756,0.433509891852,0.0,-0.151950008629,0.422441409046,0.0,0.190930969365,0.768282802726,0.0,-0.079652568179,0.784191603774,0.0,0.137687019903,0.81184081995,0.0,-0.022376935029,0.816039903287,0.0,0.286592643745,0.945845810501,0.0,-0.094146056798,0.963585146918,0.0,0.517229810357,0.504440993071,-0.000279492117,-0.33202776274
438,1,0.215076015672,-0.006839877246,0.0,-0.215076015672,0.006839877246,0.0,0.199366787998,0.433377119404,0.0,-0.155782331026,0.421615865974,0.0,0.186639208333,0.766390211327,0.0,-0.086014633718,0.78242393617,0.0,0.130594078006,0.809000639399,0.0,-0.029593684976,0.814165903463,0.0,0.276695546984,0.941632833694,0.0,-0.100218348584,0.960446683325,0.0,0.514846310019,0.504471033812,-0.000278378371,-0.332741929704
439,1,0.215573965301,-0.006028860388,0.0,-0.215573965301,0.006028860388,0.0,0.193215189298,0.432519426183,0.0,-0.15866366785,0.42155911705,0.0,0.17511435254,0.768751829232,0.0,-0.092196744001,0.78241890777,0.0,0.121095071302,0.814699486447,0.0,-0.036269813454,0.814616821943,0.0,0.26908094179,0.941219393444,0.0,-0.109352049452,0.959345693021,0.0,0.511857509613,0.504761427641,-0.000282109715,-0.332400725048
440,1,0.228352923574,-0.005911933985,0.0,-0.228352923574,0.005911933985,0.0,0.200979887979,0.45827346509,0.0,-0.168529228324,0.447274889018,0.0,0.176078741158,0.812471584618,0.0,-0.10424246385,0.828767634766,0.0,0.124156546591,0.86035313335,0.0,-0.045514791172,0.863615001324,0.0,0.27602525407,0.998852567743,0.0,-0.121731741412,1.015053501433,0.0,0.509640708566,0.504960626364,-0.000289780961,-0.313951211363
441,1,0.236775428073,-0.005773757457,0.0,-0.236775428073,0.005773757457,0.0,0.205464379815,0.47573783609,0.0,-0.17899774356,0.464876141964,0.0,0.185036760137,0.844016090541,0.0,-0.116035996819,0.862087695507,0.0,0.127899352852,0.893763882576,0.0,-0.055102667306,0.899030535726,0.0,0.279594869229,1.040860289892,0.0,-0.134189797534,1.054637562104,0.0,0.507371991873,0.505090981722,-0.000291152974,-0.301664408373
442,1,0.239600283312,-0.004940798064,0.0,-0.239600283312,0.004940798064,0.0,0.200830482104,0.478277719837,0.0,-0.1847245895,0.465889947717,0.0,0.179485749489,0.847193822145,0.0,-0.125276600304,0.866042714334,0.0,0.119637654633,0.896900739158,0.0,-0.064766432941,0.90347038267,0.0,0.271280581914,1.045736069567,0.0,-0.142793198284,1.059991398956,0.0,0.504821896553,0.505363225937,-0.000292764627,-0.299881161008
443,1,0.248033825139,-0.004891460316,0.0,-0.248033825139,0.004891460316,0.0,0.204648546234,0.498485813316,0.0,-0.191194139432,0.484396640007,0.0,0.178311621322,0.883046319333,0.0,-0.136548672626,0.901201591302,0.0,0.113364827471,0.934969145804,0.0,-0.074144351973,0.940513131221,0.0,0.283706401895,1.090654820609,0.0,-0.153634712008,1.102355049963,0.0,0.502971842885,0.505288541317,-0.000310694813,-0.288648938011
444,1,0.249853953265,-0.004918568437,0.0,-0.249853953265,0.004918568437,0.0,0.202967258695,0.508852886865,0.0,-0.195604647147,0.494220792197,0.0,0.172513211798,0.899231908643,0.0,-0.145004798142,0.919212686337,0.0,0.109988929854,0.951882895497,0.0,-0.082292577565,0.959072073743,0.0,0.281203126221,1.111122415824,0.0,-0.16315033617,1.123814790401,0.0,0.500944957137,0.505249559879,-0.000312657601,-0.283531659987
445,1,0.259067222426,-0.004986992285,0.0,-0.259067222426,0.004986992285,0.0,0.208531800333,0.529361364761,0.0,-0.199845421607,0.516777934107,0.0,0.172598548082,0.932509773099,0.0,-0.153652752771,0.955791343955,0.0,0.111228048198,0.986642205521,0.0,-0.088936658228,0.995501718716,0.0,0.285916584444,1.152537734885,0.0,-0.172822707067,1.168108498317,0.0,0.500048205256,0.505207747221,-0.000312250857,-0.273348734159
446,1,0.242074380728,-0.00462646186,0.0,-0.242074380728,0.00462646186,0.0,0.190590265267,0.492742004525,0.0,-0.184530568059,0.482177203235,0.0,0.15756456658,0.86492850793,0.0,-0.144841518354,0.887245596361,0.0,0.100204712074,0.914663958954,0.0,-0.086023449024,0.923401112121,0.0,0.260076795655,1.069556530675,0.0,-0.163825919961,1.083547868804,0.0,0.498936712742,0.505209475756,-0.000303552719,-0.294688875345
447,1,0.251878265948,-0.004662879216,0.0,-0.251878265948,0.004662879216,0.0,0.197117382115,0.513070185242,0.0,-0.191701461274,0.502453919355,0.0,0.160754966215,0.900262631349,0.0,-0.152729820352,0.923243979667,0.0,0.102734340553,0.950862523367,0.0,-0.091747553766,0.960410804863,0.0,0.269463798393,1.113552777086,0.0,-0.172343638942,1.127116368316,0.0,0.498375043273,0.505142211914,-0.000305211172,-0.283126200759
448,1,0.289748352424,-0.005183102578,0.0,-0.289748352424,0.005183102578,0.0,0.227129243871,0.591524341223,0.0,-0.22062907769,0.57921735345,0.0,0.18328623675,1.040172147717,0.0,-0.176811058145,1.064157309695,0.0,0.114905187204,1.099412353734,0.0,-0.106728670037,1.10727519191,0.0,0.311679438599,1.283122954733,0.0,-0.206056711407,1.299102388413,0.0,0.498220458627,0.505089700222,-0.000312506512,-0.245693234226
449,1,0.277508265905,-0.004746186975,0.0,-0.277508265905,0.004746186975,0.0,0.218022062725,0.568174058856,0.0,-0.211606996954,0.555934450075,0.0,0.176728431408,0.997992896157,0.0,-0.169901326984,1.021155778874,0.0,0.110661019717,1.053611943679,0.0,-0.102715158746,1.061848292483,0.0,0.296312433994,1.231282917873,0.0,-0.197504540348,1.247135752867,0.0,0.498143836856,0.50515332818,-0.000314473233,-0.255972147433
450,1,0.271485189719,-0.004676973899,0.0,-0.271485189719,0.004676973899,0.0,0.213415999645,0.557962118224,0.0,-0.208368198088,0.54564977201,0.0,0.173338175226,0.978987758118,0.0,-0.16675532761,1.001785607546,0.0,0.108583808747,1.033379164677,0.0,-0.101212823876,1.041545824415,0.0,0.29015014377,1.207694888205,0.0,-0.192907185865,1.224474297251,0.0,0.497936472297,0.505125701427,-0.000314367819,-0.26095178906
451,1,0.269069510302,-0.004621177979,0.0,-0.269069510302,0.004621177979,0.0,0.211229392929,0.553006469911,0.0,-0.206173392338,0.541111288799,0.0,0.169033048376,0.969620601887,0.0,-0.165527206231,0.993246039197,0.0,0.103674934016,1.023577518054,0.0,-0.101964375345,1.033105608122,0.0,0.286115823591,1.196363173799,0.0,-0.192669005588,1.213306324179,0.0,0.497837290168,0.505062609911,-0.000315759447,-0.263464052223
452,1,0.278612075043,-0.004434266524,0.0,-0.278612075043,0.004434266524,0.0,0.219051770735,0.571997894013,0.0,-0.213460917261,0.559717341621,0.0,0.175701252135,1.003858911144,0.0,-0.171448525841,1.028269630344,0.0,0.10898182101,1.059482369159,0.0,-0.1060064352,1.069635270054,0.0,0.294439806409,1.238552246666,0.0,-0.198713760194,1.255158141444,0.0,0.497871920466,0.505081117153,-0.00031611044,-0.254453790617
453,1,0.274983353374,-0.00430020001,0.0,-0.274983353374,0.00430020001,0.0,0.216042224196,0.565199693096,0.0,-0.210807012147,0.552422312603,0.0,0.173169454343,0.990879730926,0.0,-0.169063793246,1.014796573678,0.0,0.107888298545,1.046990856425,0.0,-0.104550158765,1.055675868735,0.0,0.292542368559,1.223198724226,0.0,-0.195677594941,1.238257168828,0.0,0.497911959887,0.505082011223,-0.000315422425,-0.257826611531
454,1,0.233791335142,-0.003504596592,0.0,-0.233791335142,0.003504596592,0.0,0.183621844921,0.480510456131,0.0,-0.178546815012,0.470204217368,0.0,0.146282897054,0.842143687491,0.0,-0.142519770283,0.862600378976,0.0,0.091255848738,0.889764514135,0.0,-0.087903698512,0.897319842498,0.0,0.248866434146,1.038986915032,0.0,-0.165788665037,1.052258589236,0.0,0.498107224703,0.505028992891,-0.000297731021,-0.303406407136
455,1,0.273655438832,-0.004251287309,0.0,-0.273655438832,0.004251287309,0.0,0.216882375691,0.563575057028,0.0,-0.208728716089,0.550771843127,0.0,0.172018899071,0.987008794867,0.0,-0.164842270537,1.011224394269,0.0,0.108263509229,1.042960590518,0.0,-0.101304305483,1.052183773002,0.0,0.291084278803,1.218024587007,0.0,-0.190393479346,1.233385360628,0.0,0.49882286787,0.504673451185,-0.000298010185,-0.259061489823
456,1,0.244574863413,-0.0036628183,0.0,-0.244574863413,0.0036628183,0.0,0.19572844912,0.503286606589,0.0,-0.187046647006,0.489131641878,0.0,0.155910122574,0.881711039897,0.0,-0.144688412961,0.903013463377,0.0,0.098880989052,0.932130022535,0.0,-0.087786182334,0.940047119106,0.0,0.262675531986,1.08753273904,0.0,-0.167830774287,1.100627268221,0.0,0.49956703186,0.504630088806,-0.000297470135,-0.290031745203
457,1,0.272963393947,-0.003801760692,0.0,-0.272963393947,0.003801760692,0.0,0.220068948705,0.561228322047,0.0,-0.207423710577,0.544971909489,0.0,0.177400303972,0.983528307436,0.0,-0.157561121668,1.007229266779,0.0,0.114085806838,1.040037363159,0.0,-0.094244333833,1.048624740305,0.0,0.296322466276,1.212824196801,0.0,-0.183265985601,1.227475057544,0.0,0.500551253557,0.504446595907,-0.000301462365,-0.26020272374
458,1,0.250349560113,-0.003430862575,0.0,-0.250349560113,0.003430862575,0.0,0.204866085992,0.512206881354,0.0,-0.187434276109,0.496536351454,0.0,0.167093766442,0.897700620385,0.0,-0.137501335103,0.919301263406,0.0,0.108719123923,0.949488629925,0.0,-0.07939467481,0.957317307719,0.0,0.276518552497,1.105724254267,0.0,-0.160825094427,1.119533860383,0.0,0.502368330956,0.504418164492,-0.000299732434,-0.285031412079
459,1,0.250241298232,-0.003289929694,0.0,-0.250241298232,0.003289929694,0.0,0.20933936773,0.512881820034,0.0,-0.184848762517,0.497144815152,0.0,0.172267137372,0.898780102293,0.0,-0.133909719329,0.918486592684,0.0,0.113498229045,0.950262161885,0.0,-0.075373263069,0.956740244962,0.0,0.279532457445,1.106402518331,0.0,-0.156274121093,1.121002392835,0.0,0.503758624196,0.504467725754,-0.000299773645,-0.284622790332
460,1,0.251086925574,-0.003302716089,0.0,-0.251086925574,0.003302716089,0.0,0.216172678507,0.51487689637,0.0,-0.180747039074,0.498633830504,0.0,0.181483860257,0.899997175708,0.0,-0.129598133742,0.921160159826,0.0,0.121127159869,0.950501007808,0.0,-0.069888188105,0.959933496017,0.0,0.288228556489,1.110870542941,0.0,-0.149684734669,1.124391227416,0.0,0.505818426609,0.504549145699,-0.000301578548,-0.283575020688
461,1,0.228852979985,-0.003357023536,0.0,-0.228852979985,0.003357023536,0.0,0.200399293137,0.463740277169,0.0,-0.164362084119,0.450310658966,0.0,0.169223543422,0.81213860556,0.0,-0.114359836268,0.832759300994,0.0,0.114452041778,0.859064542311,0.0,-0.060272160404,0.869357268107,0.0,0.265174330569,1.005799895338,0.0,-0.131374800948,1.017954257998,0.0,0.50728033483,0.504678100348,-0.000300507527,-0.312873364336
462,1,0.211138329998,-0.003785402573,0.0,-0.211138329998,0.003785402573,0.0,0.188698102273,0.426559779767,0.0,-0.149892389749,0.417297459393,0.0,0.162224804088,0.753363026688,0.0,-0.101058950179,0.772148036241,0.0,0.111428719985,0.796520214615,0.0,-0.051509849197,0.805852919239,0.0,0.250729382578,0.933170619122,0.0,-0.115193659969,0.944122690708,0.0,0.509131833911,0.504058659077,-0.000300321961,-0.337891689857
463,1,0.241243181586,-0.004588375633,0.0,-0.241243181586,0.004588375633,0.0,0.222440921616,0.488285060746,0.0,-0.166925192378,0.479895124797,0.0,0.193905685485,0.862812383297,0.0,-0.107608609845,0.883981250412,0.0,0.135344304251,0.912006420132,0.0,-0.050033727353,0.922697210112,0.0,0.295060945191,1.067606370616,0.0,-0.124315759404,1.081339176474,0.0,0.511531189084,0.50415033102,-0.000301299384,-0.295063004825
464,1,0.240310232083,-0.004591909205,0.0,-0.240310232083,0.004591909205,0.0,0.227019312217,0.483529310664,0.0,-0.162340973199,0.475444443208,0.0,0.200695342556,0.855091856123,0.0,-0.09932277288,0.875969922171,0.0,0.142308092331,0.904073555712,0.0,-0.043374376919,0.914441013774,0.0,0.301281388489,1.057431971285,0.0,-0.114288446753,1.071735751942,0.0,0.514055922627,0.504165321589,-0.000305877184,-0.297711097734
465,1,0.263653660513,-0.005262177454,0.0,-0.263653660513,0.005262177454,0.0,0.257760386788,0.53247252515,0.0,-0.170167632849,0.522885139303,0.0,0.232948078292,0.939413515285,0.0,-0.096912748474,0.961824249596,0.0,0.168659378731,0.9932170011,0.0,-0.03541868393,1.004070757476,0.0,0.343592448102,1.161511465455,0.0,-0.10940141801,1.176943858255,0.0,0.51744773984,0.504233926535,-0.000315668702,-0.271060595018
466,1,0.25439738348,-0.005267879978,0.0,-0.25439738348,0.005267879978,0.0,0.251526936792,0.512061753725,0.0,-0.166973041873,0.503429259217,0.0,0.227886315268,0.902625912285,0.0,-0.091099450509,0.923390269649,0.0,0.166459517713,0.953989751739,0.0,-0.03046911782,0.964678246789,0.0,0.33433220526,1.1170611206,0.0,-0.101543400171,1.132227588639,0.0,0.518506839871,0.504249334335,-0.000316005142,-0.281759430837
467,1,0.217972060341,-0.005284451247,0.0,-0.217972060341,0.005284451247,0.0,0.215607212004,0.441288250348,0.0,-0.140410311352,0.437441903448,0.0,0.200074538794,0.779022798709,0.0,-0.074306636916,0.796408686978,0.0,0.147185722376,0.824160061667,0.0,-0.022163527819,0.831165907806,0.0,0.291747595714,0.961847454167,0.0,-0.081144000688,0.974366276232,0.0,0.519834369421,0.504004836082,-0.000311230659,-0.327594526272
468,1,0.218063288672,-0.005654890823,0.0,-0.218063288672,0.005654890823,0.0,0.222080770825,0.443687665565,0.0,-0.136152642017,0.439982749701,0.0,0.208802095735,0.782729782396,0.0,-0.066669886946,0.799767204211,0.0,0.155329132257,0.827638063959,0.0,-0.014118537055,0.834642656234,0.0,0.30117676718,0.965142006817,0.0,-0.073598439703,0.977322404392,0.0,0.522492930293,0.503891944885,-0.000290416414,-0.326087444156
469,1,0.213127650843,-0.005907646563,0.0,-0.213127650843,0.005907646563,0.0,0.21892606074,0.429762578918,0.0,-0.131248917896,0.426436889909,0.0,0.207070867858,0.75664266125,0.0,-0.061533581282,0.773341507198,0.0,0.15474083033,0.798471082957,0.0,-0.010240405418,0.806056115269,0.0,0.296576926858,0.932611757847,0.0,-0.066381135657,0.946995531277,0.0,0.524175405502,0.504036784172,-0.000279523432,-0.33611847202
470,1,0.183576606281,-0.005592659001,0.0,-0.183576606281,0.005592659001,0.0,0.190265121557,0.369384221201,0.0,-0.112828816258,0.366816825816,0.0,0.182380369142,0.652491434718,0.0,-0.04910753374,0.667273032837,0.0,0.137327633589,0.688631603445,0.0,-0.004778488399,0.695478296944,0.0,0.261303045148,0.804658272656,0.0,-0.053085154104,0.816775076137,0.0,0.525760367513,0.503857940435,-0.000278828666,-0.389819813663
471,1,0.211686985286,-0.008105566505,0.0,-0.211686985286,0.008105566505,0.0,0.220172743447,0.423332899672,0.0,-0.133086251975,0.418601918881,0.0,0.211886623283,0.750357175726,0.0,-0.054488508837,0.768944968304,0.0,0.160152151391,0.791108831465,0.0,-0.003244337312,0.800902702209,0.0,0.302546722841,0.926528121668,0.0,-0.058350580638,0.940053903756,0.0,0.526465892792,0.503061026335,-0.000286554452,-0.33886971889
472,1,0.227931611595,-0.009389301002,0.0,-0.227931611595,0.009389301002,0.0,0.241485636263,0.456173985243,0.0,-0.141682314238,0.451692713935,0.0,0.235317533551,0.808920450641,0.0,-0.054572386677,0.830097227066,0.0,0.179830122641,0.851929387523,0.0,0.002236035636,0.864160693564,0.0,0.335090410095,0.999325351132,0.0,-0.062116985548,1.014534623574,0.0,0.527780637145,0.502801075578,-0.000286902767,-0.314218897151
473,1,0.244677887627,-0.010327994437,0.0,-0.244677887627,0.010327994437,0.0,0.264118464099,0.490763940956,0.0,-0.150564671772,0.486054575136,0.0,0.262378938272,0.866638697568,0.0,-0.055226040963,0.89189126836,0.0,0.200694819642,0.911554248564,0.0,0.007380558124,0.925479845336,0.0,0.382910124549,1.075012927157,0.0,-0.064660695037,1.092184046564,0.0,0.529030829668,0.502762064338,-0.000289230607,-0.291988180022
474,1,0.273805768028,-0.012583138758,0.0,-0.273805768028,0.012583138758,0.0,0.301575508339,0.54113317432,0.0,-0.170755162135,0.539286185111,0.0,0.314553903695,0.953047849723,0.0,-0.059805097546,0.982650055676,0.0,0.234733515799,1.000681063726,0.0,0.011736176542,1.017886497782,0.0,0.450313737624,1.193194117284,0.0,-0.0749073376,1.212806605589,0.0,0.529587686062,0.502474233508,-0.000299172476,-0.262655678596
475,1,0.271421339778,-0.014149030702,0.0,-0.271421339778,0.014149030702,0.0,0.316812230548,0.524594017981,0.0,-0.16891925385,0.532448031144,0.0,0.337809886346,0.92942318488,0.0,-0.05722069564,0.971156367443,0.0,0.250185303388,0.977827215285,0.0,0.019601482632,1.00546704156,0.0,0.491252717194,1.170303187629,0.0,-0.077777436962,1.19931325422,0.0,0.530014172196,0.501972645521,-0.000300866086,-0.266042389268
476,1,0.266118955998,-0.015919053152,0.0,-0.266118955998,0.015919053152,0.0,0.340015463876,0.50133707447,0.0,-0.161593650469,0.515300223677,0.0,0.375798557659,0.900634856754,0.0,-0.053454171047,0.939604500666,0.0,0.283728367252,0.950300551929,0.0,0.023451747254,0.972441814617,0.0,0.550318167793,1.13555092092,0.0,-0.074956071813,1.170621963291,0.0,0.530956119299,0.501377031207,-0.000293866033,-0.273056618953
477,1,0.263416943447,-0.017389673254,0.0,-0.263416943447,0.017389673254,0.0,0.372172955575,0.487821498402,0.0,-0.159436914091,0.505870252969,0.0,0.425226873476,0.877168491555,0.0,-0.052146125642,0.927345507403,0.0,0.345644973123,0.928951866599,0.0,0.025611140282,0.96023633142,0.0,0.614415369851,1.110432963209,0.0,-0.077338707542,1.158788145792,0.0,0.531135767698,0.500753208995,-0.000296262035,-0.276620962502
478,1,0.224170220667,-0.016083557327,0.0,-0.224170220667,0.016083557327,0.0,0.348678081542,0.405343492403,0.0,-0.135800604461,0.43076257063,0.0,0.420709700555,0.739786540323,0.0,-0.044255915735,0.787449257957,0.0,0.357375739969,0.787705849824,0.0,0.021808339822,0.815202204962,0.0,0.607715354873,0.930271660939,0.0,-0.068505953358,0.986752823822,0.0,0.531164303422,0.500173345208,-0.000295503414,-0.325443313479
479,1,0.262071655651,-0.020539500902,0.0,-0.262071655651,0.020539500902,0.0,0.451156900532,0.462864797787,0.0,-0.159734909143,0.500256988411,0.0,0.55994927723,0.850629944826,0.0,-0.050207775653,0.917206747813,0.0,0.477030889503,0.904811023808,0.0,0.02758076888,0.949854466158,0.0,0.798492271357,1.067311975665,0.0,-0.083173699962,1.152450650845,0.0,0.531436979771,0.499609038234,-0.000304317335,-0.279098856605
480,1,0.250880993223,-0.020907983538,0.0,-0.250880993223,0.020907983538,0.0,0.476378039474,0.437180447174,0.0,-0.154447548316,0.478873242273,0.0,0.60362531375,0.800821504512,0.0,-0.048141552822,0.877771512099,0.0,0.534364362801,0.850851387921,0.0,0.026246355079,0.908452977551,0.0,0.838392021547,1.000770272354,0.0,-0.081474177633,1.103535737364,0.0,0.531334549189,0.499244987965,-0.000311186886,-0.291800144866
481,1,0.24303433698,-0.021337258721,0.0,-0.24303433698,0.021337258721,0.0,0.504006341931,0.413777593407,0.0,-0.150121065434,0.462227193416,0.0,0.650040514181,0.758636030702,0.0,-0.046824662049,0.851777759657,0.0,0.586359595421,0.807659743781,0.0,0.020642730383,0.881347156409,0.0,0.902166624532,0.950306055005,0.0,-0.076450876198,1.070624712967,0.0,0.531315267086,0.498920604587,-0.000311969779,-0.301079140438
482,1,0.260067114905,-0.023809235339,0.0,-0.260067114905,0.023809235339,0.0,0.584554817785,0.431051196113,0.0,-0.161191306199,0.495243586984,0.0,0.772930494584,0.800898276593,0.0,-0.04984891334,0.911125580515,0.0,0.698298443666,0.85377666669,0.0,0.020981476561,0.942151066029,0.0,1.05252193977,1.005037294593,0.0,-0.080389513107,1.144590547834,0.0,0.531285181642,0.498801097274,-0.000314695761,-0.281375628409
483,1,0.287156428993,-0.027490336419,0.0,-0.287156428993,0.027490336419,0.0,0.687729551804,0.462461335401,0.0,-0.178631655179,0.545764733302,0.0,0.936493457495,0.863414995435,0.0,-0.055226765267,1.004569170278,0.0,0.860662501301,0.923682271431,0.0,0.022750046764,1.039012991496,0.0,1.240004803532,1.069817450567,0.0,-0.088065432541,1.257880700388,0.0,0.531216412783,0.499047040939,-0.000310991891,-0.254920026757
484,1,0.286527115139,-0.029101646995,0.0,-0.286527115139,0.029101646995,0.0,0.727853839525,0.442017601075,0.0,-0.180241000191,0.543488960975,0.0,1.019439555416,0.840151621546,0.0,-0.054841915424,1.004109407123,0.0,0.942160914182,0.892978859691,0.0,0.023216284286,1.040342518619,0.0,1.330900682499,1.037124503099,0.0,-0.091812055527,1.255927592469,0.0,0.531080693007,0.499387741089,-0.000312558375,-0.255068864073
485,1,0.28681803355,-0.031223773822,0.0,-0.28681803355,0.031223773822,0.0,0.774805490199,0.44039408958,0.0,-0.180462255114,0.544445092577,0.0,1.089884349232,0.819704140132,0.0,-0.052934936348,1.007722510359,0.0,1.019193490304,0.868661483932,0.0,0.026361088522,1.044557254956,0.0,1.404231423923,1.011292606813,0.0,-0.091816289704,1.259893077313,0.0,0.531099140644,0.498869627714,-0.000310905278,-0.254656886301
486,1,0.288696958374,-0.033049265638,0.0,-0.288696958374,0.033049265638,0.0,0.820184993145,0.429421284333,0.0,-0.181532290722,0.547567024032,0.0,1.177118087183,0.804972251536,0.0,-0.053149239458,1.013704765653,0.0,1.117237002324,0.85033928423,0.0,0.026507838003,1.051497978847,0.0,1.508327697089,1.00136461037,0.0,-0.093194236999,1.267553328651,0.0,0.530895635486,0.499106585979,-0.000309821218,-0.252920481366
487,1,0.284874260406,-0.036331513566,0.0,-0.284874260406,0.036331513566,0.0,0.83237927941,0.410453014647,0.0,-0.181333995795,0.54026410041,0.0,1.227390714224,0.767758524046,0.0,-0.054401092872,1.002517496964,0.0,1.167808927075,0.814781849358,0.0,0.024662424858,1.040745097374,0.0,1.57245053454,0.950368809181,0.0,-0.09384634136,1.253305855796,0.0,0.530328005552,0.497915700078,-0.000317762606,-0.256648171325
488,1,0.289542016146,-0.039841820234,0.0,-0.289542016146,0.039841820234,0.0,0.88641075868,0.398112296676,0.0,-0.186701234113,0.550719168752,0.0,1.281705804785,0.751931839781,0.0,-0.061930477855,1.023293441523,0.0,1.22394469472,0.814168814081,0.0,0.015743094179,1.062533966303,0.0,1.706032231948,0.928928692244,0.0,-0.094855096328,1.276175458082,0.0,0.529761731625,0.497120767832,-0.000336729921,-0.252228779788
489,1,0.287407284356,-0.041827498608,0.0,-0.287407284356,0.041827498608,0.0,0.892238683447,0.378114436257,0.0,-0.187663246313,0.546268717213,0.0,1.320696759245,0.716252599032,0.0,-0.065002658318,1.017458867535,0.0,1.264096303139,0.789590823917,0.0,0.012872666444,1.057078281881,0.0,1.747789245076,0.88917479539,0.0,-0.091260392269,1.267488022105,0.0,0.529387503862,0.496474429965,-0.000345718116,-0.253586760156
490,1,0.287839928422,-0.043411446456,0.0,-0.287839928422,0.043411446456,0.0,0.931355313901,0.371652648142,0.0,-0.189408297433,0.548929637891,0.0,1.386402767663,0.703562338015,0.0,-0.067209837367,1.02297542883,0.0,1.329894398338,0.779887233483,0.0,0.007372608803,1.062785817337,0.0,1.843694887369,0.869119326842,0.0,-0.084954550236,1.271578155276,0.0,0.529149353504,0.496111318469,-0.000350482762,-0.25258737666
491,1,0.288167071429,-0.046759407097,0.0,-0.288167071429,0.046759407097,0.0,0.942654281219,0.361744556621,0.0,-0.192641077844,0.551885764486,0.0,1.454509067855,0.694757432203,0.0,-0.070727941016,1.025140738966,0.0,1.411421004117,0.775784026695,0.0,0.0025888501,1.064629998768,0.0,1.919354905297,0.85490750729,0.0,-0.085097935905,1.272077191949,0.0,0.528257265687,0.495242252946,-0.000352849253,-0.25287393605
492,1,0.289416313925,-0.048342452196,0.0,-0.289416313925,0.048342452196,0.0,0.970676885127,0.358198294051,0.0,-0.199476094364,0.55800520124,0.0,1.512914153523,0.693595095804,0.0,-0.076499975811,1.034976110887,0.0,1.475160563063,0.771771233493,0.0,-0.002976721403,1.074513975874,0.0,1.955420057524,0.850293569268,0.0,-0.091017247275,1.283989242817,0.0,0.526949957013,0.494838908315,-0.000349420123,-0.250850512157
493,1,0.287926120935,-0.050174619295,0.0,-0.287926120935,0.050174619295,0.0,0.979278056082,0.355213167969,0.0,-0.209587399311,0.562329207231,0.0,1.523008925137,0.680859991178,0.0,-0.086897256298,1.038154266868,0.0,1.482446545606,0.758482476597,0.0,-0.014943724497,1.076790556566,0.0,1.966413287591,0.840101745699,0.0,-0.098736695499,1.28499749331,0.0,0.524645000696,0.494401454926,-0.000346631743,-0.250406744458
494,1,0.287102628343,-0.05154686205,0.0,-0.287102628343,0.05154686205,0.0,0.991038829899,0.351787307575,0.0,-0.212545668415,0.562531621492,0.0,1.53688343431,0.675725588086,0.0,-0.090967068901,1.032522129557,0.0,1.517350657551,0.740832473668,0.0,-0.018484342102,1.069153641252,0.0,1.971456562812,0.834342202531,0.0,-0.100010877039,1.278113844465,0.0,0.523771718144,0.493773311377,-0.000344842672,-0.2514665489
495,1,0.289599594152,-0.052117126532,0.0,-0.289599594152,0.052117126532,0.0,1.005012940655,0.35093043754,0.0,-0.223167508817,0.571410234943,0.0,1.534229764523,0.677176373889,0.0,-0.101114954013,1.039541262352,0.0,1.497076110243,0.743407560064,0.0,-0.027829895684,1.075140212134,0.0,1.972069799622,0.836518958471,0.0,-0.109414734597,1.285767133077,0.0,0.521426320076,0.493756979704,-0.00034529902,-0.250109137544
496,1,0.284973724225,-0.052909026117,0.0,-0.284973724225,0.052909026117,0.0,0.980220498574,0.34096839084,0.0,-0.221576554664,0.564728779722,0.0,1.528356889535,0.665149166207,0.0,-0.101279266408,1.026387970008,0.0,1.497507717358,0.739500435979,0.0,-0.028590716664,1.062160559914,0.0,1.962402511069,0.816659677413,0.0,-0.109190417263,1.265598788996,0.0,0.521091490984,0.493252933025,-0.000344402157,-0.253407204486
497,1,0.283952970779,-0.053563619277,0.0,-0.283952970779,0.053563619277,0.0,0.981585701194,0.340109290417,0.0,-0.223566159341,0.564745130824,0.0,1.534218791644,0.66990129278,0.0,-0.10297490447,1.025749857497,0.0,1.511864745761,0.744321991216,0.0,-0.030515894317,1.060242055003,0.0,1.94965006601,0.819623782955,0.0,-0.112105979007,1.26460946356,0.0,0.52041682601,0.492842495441,-0.000342030078,-0.253952488395
498,1,0.285601380024,-0.05378612664,0.0,-0.285601380024,0.05378612664,0.0,0.979497601039,0.345897285855,0.0,-0.226359018891,0.56958793981,0.0,1.525938956273,0.682090926559,0.0,-0.105271804104,1.0362011542,0.0,1.492152794263,0.757467653311,0.0,-0.031580796175,1.071195371336,0.0,1.955964664521,0.831179002452,0.0,-0.112761864152,1.276115107446,0.0,0.52017608285,0.492191031575,-0.000341605395,-0.252000688137
499,1,0.28894648275,-0.054125171611,0.0,-0.28894648275,0.054125171611,0.0,0.985761548028,0.352610972228,0.0,-0.229190055702,0.576798167054,0.0,1.535651190965,0.69399563763,0.0,-0.107181097053,1.04835607324,0.0,1.497078739851,0.769592083744,0.0,-0.032145245191,1.083736943029,0.0,1.983069038249,0.844345244824,0.0,-0.114272542537,1.291287749413,0.0,0.520150214434,0.492266282439,-0.000341489911,-0.249010897741
500,1,0.288135584287,-0.053868483487,0.0,-0.288135584287,0.053868483487,0.0,0.979019204664,0.353389218274,0.0,-0.228897939871,0.576460689425,0.0,1.530874993064,0.698926594218,0.0,-0.106762757018,1.045059555993,0.0,1.490151334641,0.779858023017,0.0,-0.032395180397,1.080250899716,0.0,1.985268251701,0.84453229707,0.0,-0.113823407955,1.287309320409,0.0,0.520173326135,0.492288425565,-0.000334607437,-0.249793036752
501,1,0.289330069189,-0.053485274,0.0,-0.289330069189,0.053485274,0.0,0.980412126127,0.361541583079,0.0,-0.229610805091,0.57905851929,0.0,1.52946701377,0.713480436395,0.0,-0.106799222635,1.050110628301,0.0,1.488952969498,0.792422658098,0.0,-0.030928033563,1.085451952922,0.0,1.982303817796,0.860392625769,0.0,-0.114915694373,1.293588960246,0.0,0.520268544555,0.492210239172,-0.000337280333,-0.248663821179
502,1,0.289182503332,-0.051387120961,0.0,-0.289182503332,0.051387120961,0.0,0.962563451752,0.367997334772,0.0,-0.225930202417,0.577356643784,0.0,1.46598010873,0.722094751991,0.0,-0.102097837266,1.052151645405,0.0,1.416587739082,0.801253909785,0.0,-0.025502845108,1.087350624575,0.0,1.900105019571,0.885708548733,0.0,-0.102999149773,1.294420748719,0.0,0.521353900433,0.491732284427,-0.000333122909,-0.248189424013
503,1,0.290465821041,-0.050048339473,0.0,-0.290465821041,0.050048339473,0.0,0.93612491773,0.38470566794,0.0,-0.225305387939,0.578220678818,0.0,1.37761074711,0.751064730305,0.0,-0.101487750326,1.054405007298,0.0,1.323363780851,0.824859681968,0.0,-0.024589565315,1.091400520541,0.0,1.850017533939,0.922124356375,0.0,-0.105532094651,1.297376881324,0.0,0.521560609341,0.491993159056,-0.000339504331,-0.247447275898
504,1,0.270209636877,-0.043642957484,0.0,-0.270209636877,0.043642957484,0.0,0.821526461655,0.373042737332,0.0,-0.20006868548,0.534608784716,0.0,1.230371333956,0.74011000528,0.0,-0.08469511873,0.98314341438,0.0,1.18347978691,0.805684820413,0.0,-0.013748642117,1.017848648459,0.0,1.59215186666,0.904803399033,0.0,-0.092905382975,1.209241977444,0.0,0.523984894156,0.49126085639,-0.00032359641,-0.266085155746
505,1,0.278293839806,-0.043410266629,0.0,-0.278293839806,0.043410266629,0.0,0.815883022543,0.396728786413,0.0,-0.199571242658,0.550900666842,0.0,1.200610564021,0.803061020523,0.0,-0.079953732775,1.013858316523,0.0,1.149030543591,0.869737443311,0.0,-0.004942063248,1.051947597742,0.0,1.553591043371,0.976815191228,0.0,-0.098210691758,1.248849269291,0.0,0.525792494416,0.491594731808,-0.000319854356,-0.257697540454
506,1,0.277981698377,-0.040440558247,0.0,-0.277981698377,0.040440558247,0.0,0.769434622371,0.415925870246,0.0,-0.19894877614,0.546930947388,0.0,1.113813645675,0.829063524356,0.0,-0.079754324984,1.007223865502,0.0,1.04769379222,0.892678056793,0.0,-0.004654816173,1.046469144271,0.0,1.438499002898,1.012505343695,0.0,-0.097885923036,1.243314064668,0.0,0.525834277272,0.492331802845,-0.000311694108,-0.258259646476
507,1,0.238880215323,-0.032350842423,0.0,-0.238880215323,0.032350842423,0.0,0.602944486398,0.367309832526,0.0,-0.168960494764,0.461092471838,0.0,0.856706442267,0.724257215921,0.0,-0.066251214109,0.860884173704,0.0,0.792919671408,0.77254612306,0.0,-0.002085800183,0.89475814223,0.0,1.124382467818,0.892938994183,0.0,-0.081792885318,1.063622665958,0.0,0.526504442096,0.492936506867,-0.000311940908,-0.301373779734
508,1,0.2135883149,-0.026663625903,0.0,-0.2135883149,0.026663625903,0.0,0.503884682742,0.342051096687,0.0,-0.150386338901,0.412296690848,0.0,0.703147571121,0.672734622365,0.0,-0.059032301929,0.770809161176,0.0,0.645582571995,0.719233372773,0.0,-0.003144472393,0.800746744236,0.0,0.915711213754,0.842316691336,0.0,-0.073865299898,0.950145248954,0.0,0.526738718152,0.492700606585,-0.00030121021,-0.337761039434
509,1,0.234586404084,-0.027743261231,0.0,-0.234586404084,0.027743261231,0.0,0.506796130118,0.393183806675,0.0,-0.165463060627,0.452714544216,0.0,0.666216588713,0.750403280301,0.0,-0.064764225465,0.843735372101,0.0,0.614542497298,0.797808246732,0.0,-0.004639214572,0.873511197295,0.0,0.884832404777,0.952807478122,0.0,-0.083730239696,1.042692823211,0.0,0.526817724109,0.492640540004,-0.000315849669,-0.3078156784
510,1,0.221664516769,-0.024482390007,0.0,-0.221664516769,0.024482390007,0.0,0.439336881367,0.38242126076,0.0,-0.156356443792,0.42607152191,0.0,0.539918397827,0.726175158961,0.0,-0.061188100254,0.795359175297,0.0,0.468472378314,0.775736800605,0.0,-0.003821359046,0.8236294606,0.0,0.739663884375,0.913185585907,0.0,-0.084999478082,0.986182823929,0.0,0.526812285185,0.492793947458,-0.000313627999,-0.325954208769
511,1,0.213723796793,-0.021292796122,0.0,-0.213723796793,0.021292796122,0.0,0.372980715466,0.375728619575,0.0,-0.150986703316,0.409206719787,0.0,0.439163728358,0.713194619443,0.0,-0.061963161231,0.762895026411,0.0,0.385735987997,0.759621267166,0.0,-0.005046395704,0.789740973668,0.0,0.582947258918,0.894764459907,0.0,-0.08634191745,0.946358716359,0.0,0.526346549392,0.492143407464,-0.000288056472,-0.340157444421
512,1,0.225861436192,-0.020283616711,0.0,-0.225861436192,0.020283616711,0.0,0.357467218206,0.411469204306,0.0,-0.159127782341,0.43276632963,0.0,0.391496658092,0.76417020156,0.0,-0.065961683417,0.805331116236,0.0,0.321908898937,0.809155994343,0.0,-0.001383762432,0.833871430067,0.0,0.516794449727,0.957177317142,0.0,-0.096854176237,0.999234344005,0.0,0.526175156236,0.491633966565,-0.000286794151,-0.322529842353
513,1,0.225741014886,-0.018993118192,0.0,-0.225741014886,0.018993118192,0.0,0.311834783341,0.421874803519,0.0,-0.158281645204,0.433438175271,0.0,0.332832097485,0.773479268784,0.0,-0.065821737544,0.805553786963,0.0,0.269261977237,0.816834576037,0.0,0.002197260276,0.834628794308,0.0,0.432979139922,0.963622526146,0.0,-0.102508019784,0.997223839823,0.0,0.526161879301,0.491263180971,-0.000284372829,-0.322931016217
514,1,0.287683767512,-0.022365770106,0.0,-0.287683767512,0.022365770106,0.0,0.353265736695,0.542921854599,0.0,-0.200372809904,0.555914299745,0.0,0.358376969427,0.999164816808,0.0,-0.084724153619,1.030649104871,0.0,0.266793130678,1.052523124582,0.0,0.001854101206,1.067255473534,0.0,0.477329627104,1.237153377764,0.0,-0.123689697896,1.27464714925,0.0,0.525951638818,0.490782514215,-0.000300621381,-0.25275136915
515,1,0.226862720725,-0.014990228047,0.0,-0.226862720725,0.014990228047,0.0,0.25220208429,0.433120120731,0.0,-0.156739178734,0.441825334282,0.0,0.246313400255,0.790822162039,0.0,-0.066654545018,0.816138904745,0.0,0.17715808683,0.829925526289,0.0,0.001207842097,0.843808961379,0.0,0.331224932379,0.980776300257,0.0,-0.092384420922,1.008547452576,0.0,0.525886982679,0.489855542779,-0.000292640179,-0.320145434601
516,1,0.231349252681,-0.014179208463,0.0,-0.231349252681,0.014179208463,0.0,0.240140340954,0.445660689306,0.0,-0.162222715635,0.451391251332,0.0,0.227176934479,0.815940415985,0.0,-0.070069253109,0.836767400536,0.0,0.168182652678,0.855213499111,0.0,-0.003558125124,0.865314579945,0.0,0.308507347344,1.007746359653,0.0,-0.095227478618,1.031199240069,0.0,0.525331422687,0.48958286643,-0.000301866326,-0.312607662311
517,1,0.27618548505,-0.014607671609,0.0,-0.27618548505,0.014607671609,0.0,0.273059508299,0.532689275658,0.0,-0.193858235656,0.538020458781,0.0,0.255889166138,0.979064236459,0.0,-0.083571973465,0.999840512052,0.0,0.187791983743,1.028278343653,0.0,-0.005592781134,1.035113573104,0.0,0.364531764447,1.204972267899,0.0,-0.113767825626,1.230527856084,0.0,0.525185197592,0.488937035203,-0.000306655653,-0.261911545003
518,1,0.254680706018,-0.012713258219,0.0,-0.254680706018,0.012713258219,0.0,0.245691637743,0.494738293925,0.0,-0.180771033556,0.498214632626,0.0,0.229079130493,0.90386474708,0.0,-0.081079147331,0.924616038508,0.0,0.169269346324,0.948299438045,0.0,-0.012443142997,0.957182502411,0.0,0.319401829166,1.111305658707,0.0,-0.106980523382,1.135964252094,0.0,0.524769857526,0.48904697597,-0.00029752031,-0.283111623805
519,1,0.226897253626,-0.009914239582,0.0,-0.226897253626,0.009914239582,0.0,0.214360272967,0.445711505718,0.0,-0.160771961747,0.444673035754,0.0,0.200897084301,0.807966038171,0.0,-0.07690253355,0.823881935091,0.0,0.145150588479,0.846900696691,0.0,-0.016356042509,0.852846269903,0.0,0.279054365444,0.997032230172,0.0,-0.095242089301,1.009186695545,0.0,0.524698585272,0.488790556788,-0.000293798279,-0.318034558404
520,1,0.195594860772,-0.007180202769,0.0,-0.195594860772,0.007180202769,0.0,0.186676932339,0.386436845103,0.0,-0.138766648815,0.383927660577,0.0,0.170618556207,0.69973302593,0.0,-0.067268897195,0.713622038364,0.0,0.129399836258,0.736987331488,0.0,-0.015078506783,0.741097244576,0.0,0.226363503247,0.864706362274,0.0,-0.08018759445,0.871401569389,0.0,0.524320453405,0.488301664591,-0.000295644626,-0.368077341868
521,1,0.181881081184,-0.005584816255,0.0,-0.181881081184,0.005584816255,0.0,0.173747578891,0.361387992455,0.0,-0.129744820323,0.356449298698,0.0,0.157301554538,0.650678081733,0.0,-0.064498307637,0.662321797619,0.0,0.118151019802,0.685802435631,0.0,-0.016404665908,0.688357501828,0.0,0.209842167385,0.800453900459,0.0,-0.075466927596,0.807576560317,0.0,0.523465335369,0.487876594067,-0.00028845109,-0.397042963204
522,1,0.1963813039,-0.004863270541,0.0,-0.1963813039,0.004863270541,0.0,0.183161671433,0.391221595034,0.0,-0.140941480328,0.384204424969,0.0,0.160741313566,0.70089362402,0.0,-0.073078010462,0.712979476508,0.0,0.115007130791,0.738447160592,0.0,-0.023828706271,0.741175656581,0.0,0.223495995057,0.861091489809,0.0,-0.084041864599,0.866523788786,0.0,0.522321358323,0.4874420017,-0.000288186129,-0.369315596763
523,1,0.203571929656,-0.004742354983,0.0,-0.203571929656,0.004742354983,0.0,0.186358542645,0.406244143223,0.0,-0.148984060986,0.39923327475,0.0,0.159899771154,0.727618734325,0.0,-0.081619518724,0.740923753976,0.0,0.114094753315,0.766692838269,0.0,-0.029750609199,0.770864371326,0.0,0.227610332236,0.894814491109,0.0,-0.091771754567,0.896848967609,0.0,0.520848438144,0.487513810396,-0.00029038405,-0.355024540954
524,1,0.263099931331,-0.005399251819,0.0,-0.263099931331,0.005399251819,0.0,0.233868571701,0.525408040216,0.0,-0.198397220462,0.514921546982,0.0,0.202452922802,0.937823239211,0.0,-0.116402445017,0.953721808834,0.0,0.141383190502,0.988298578738,0.0,-0.051550817632,0.993892255353,0.0,0.288586408558,1.1585261732,0.0,-0.129473765329,1.157283326351,0.0,0.518341079354,0.487300977111,-0.000301570166,-0.275375739573
525,1,0.262788952824,-0.004040316183,0.0,-0.262788952824,0.004040316183,0.0,0.233224301648,0.525365417848,0.0,-0.20179210913,0.513574522071,0.0,0.201100326358,0.945012276891,0.0,-0.121694658707,0.959395480287,0.0,0.141950776705,0.995532775359,0.0,-0.056472660569,1.001587153671,0.0,0.284497324788,1.166764849888,0.0,-0.133334244012,1.165696097213,0.0,0.517068475485,0.486730277538,-0.000308388378,-0.273776345135
526,1,0.291504399334,-0.003725900818,0.0,-0.291504399334,0.003725900818,0.0,0.255157300907,0.581980068553,0.0,-0.225840631442,0.567283958489,0.0,0.216597905567,1.044760049107,0.0,-0.142023497329,1.061358782715,0.0,0.147407476125,1.100125791757,0.0,-0.071666912684,1.106981743271,0.0,0.306615616308,1.291531407212,0.0,-0.155545499489,1.290983393793,0.0,0.51566259563,0.486567214131,-0.000325178262,-0.247331466073
527,1,0.279901484501,-0.003445042641,0.0,-0.279901484501,0.003445042641,0.0,0.239622769262,0.559609620041,0.0,-0.223313065706,0.544470906416,0.0,0.198186046756,1.004236653021,0.0,-0.145258275559,1.019310685159,0.0,0.128257592892,1.057969581223,0.0,-0.078060006396,1.064683936874,0.0,0.28813052293,1.241377531032,0.0,-0.157554481254,1.241003352107,0.0,0.513687461615,0.486612200737,-0.000332256779,-0.257101323164
528,1,0.291311671722,-0.002633847935,0.0,-0.291311671722,0.002633847935,0.0,0.242991794306,0.583527818238,0.0,-0.230472168097,0.567673926904,0.0,0.202652435201,1.044719672092,0.0,-0.157095220844,1.058558028088,0.0,0.129492065901,1.099992676913,0.0,-0.087437057883,1.103956571104,0.0,0.293255696608,1.291448308884,0.0,-0.166151766803,1.289598668163,0.0,0.51212644577,0.486004382372,-0.000347066903,-0.24755233605
529,1,0.286004661996,-0.002466948603,0.0,-0.286004661996,0.002466948603,0.0,0.230320166991,0.572418316238,0.0,-0.233174016114,0.555217250706,0.0,0.190593694073,1.01992175315,0.0,-0.168703748643,1.035185362639,0.0,0.117531872291,1.07296197507,0.0,-0.101442363094,1.080324780582,0.0,0.270636264488,1.265132096792,0.0,-0.175858632043,1.263442965907,0.0,0.509877860546,0.486027479172,-0.00034537632,-0.252267961898
530,1,0.298788980439,-0.002580510497,0.0,-0.298788980439,0.002580510497,0.0,0.239052351609,0.594493845509,0.0,-0.242969099477,0.580969589961,0.0,0.196769111953,1.069491829353,0.0,-0.180204772402,1.084509311739,0.0,0.122004968274,1.124849721586,0.0,-0.109968365974,1.133038193112,0.0,0.2825529873,1.32912107221,0.0,-0.191307860214,1.329279857612,0.0,0.50905276835,0.484854742885,-0.000357846031,-0.240617694229
531,1,0.296575073928,-0.001961266095,0.0,-0.296575073928,0.001961266095,0.0,0.229953764152,0.587968857913,0.0,-0.2443768055,0.575112281546,0.0,0.188075324883,1.054552726604,0.0,-0.185181382501,1.070559137233,0.0,0.114201826121,1.109787154011,0.0,-0.115070437568,1.118664850528,0.0,0.272392862649,1.311626436349,0.0,-0.19916858694,1.310270662623,0.0,0.507319584489,0.484627217054,-0.000348559348,-0.243294362291
532,1,0.289898953021,-0.001499173897,0.0,-0.289898953021,0.001499173897,0.0,0.2242719219,0.580598730883,0.0,-0.238335492143,0.566805466054,0.0,0.18063766012,1.033691634606,0.0,-0.183965660384,1.052663230363,0.0,0.1095624732,1.083119322301,0.0,-0.11523648419,1.094183343393,0.0,0.265945568406,1.288580269928,0.0,-0.19663469496,1.284773408605,0.0,0.50673237443,0.483409523964,-0.000343653723,-0.248072076124
533,1,0.287752058529,-0.001156990133,0.0,-0.287752058529,0.001156990133,0.0,0.221266580864,0.574225470059,0.0,-0.235228670448,0.560086847076,0.0,0.176111051654,1.025128909909,0.0,-0.184151356357,1.041057626788,0.0,0.106357861025,1.074401131313,0.0,-0.116226827946,1.083715857166,0.0,0.263441754916,1.274587624548,0.0,-0.196930088884,1.271450258227,0.0,0.506324768066,0.48314909637,-0.000340639846,-0.250359673894
534,1,0.295865479216,-0.000979313865,0.0,-0.295865479216,0.000979313865,0.0,0.225465799736,0.588861622616,0.0,-0.242168799936,0.574200775541,0.0,0.178486127616,1.05210031617,0.0,-0.192166071031,1.070510878745,0.0,0.1069640527,1.104045774853,0.0,-0.1230615855,1.115288562172,0.0,0.267063036648,1.307652807294,0.0,-0.208606755018,1.307967342167,0.0,0.505744710565,0.482560575008,-0.00034180365,-0.243698170975
535,1,0.292745620144,-0.001436594146,0.0,-0.292745620144,0.001436594146,0.0,0.220693308752,0.585073887786,0.0,-0.241638760757,0.569921580979,0.0,0.173816773492,1.044959487315,0.0,-0.191757311644,1.061112908392,0.0,0.103699015124,1.096100426159,0.0,-0.123479964821,1.106475566482,0.0,0.259571564564,1.297906645874,0.0,-0.206560364437,1.296324972336,0.0,0.505163326859,0.481079652905,-0.000338806305,-0.246607650796
536,1,0.294717151116,-0.000841186547,0.0,-0.294717151116,0.000841186547,0.0,0.222535815662,0.590903210837,0.0,-0.243929173109,0.57552572618,0.0,0.173079675741,1.05540218192,0.0,-0.193835198372,1.067805297228,0.0,0.103164694712,1.107685873433,0.0,-0.124936123112,1.113730378732,0.0,0.261313613849,1.307114828316,0.0,-0.20871167505,1.306910867384,0.0,0.505050376058,0.480425089598,-0.000338612357,-0.244601194055
537,1,0.253402891632,-0.000635521634,0.0,-0.253402891632,0.000635521634,0.0,0.189858475969,0.507794768001,0.0,-0.210710076881,0.494487133449,0.0,0.147242091332,0.906413829448,0.0,-0.167780852269,0.917541216471,0.0,0.085887974281,0.952289487307,0.0,-0.108641323949,0.956974129808,0.0,0.223378630041,1.12023911402,0.0,-0.18068309312,1.120076202708,0.0,0.504599690437,0.480314731598,-0.00032653776,-0.284648212258
538,1,0.256289677794,-0.000890912567,0.0,-0.256289677794,0.000890912567,0.0,0.192111360565,0.516274937998,0.0,-0.213138548933,0.502347308411,0.0,0.148327783313,0.91891320518,0.0,-0.169950360482,0.930939571867,0.0,0.086923217639,0.96496091167,0.0,-0.109961259413,0.970690112662,0.0,0.225333272048,1.136313448246,0.0,-0.183155222161,1.135655058142,0.0,0.504580155015,0.479445844889,-0.000324380817,-0.281460549545
539,1,0.288840807132,-0.001109683857,0.0,-0.288840807132,0.001109683857,0.0,0.216701060517,0.578875102059,0.0,-0.241587358179,0.563950578488,0.0,0.166954324693,1.032048487548,0.0,-0.193482221778,1.047222746853,0.0,0.096943557259,1.086571808389,0.0,-0.125331422884,1.09325768655,0.0,0.252867368213,1.282281299395,0.0,-0.208257334899,1.280781927227,0.0,0.504363954067,0.479484289885,-0.000326076755,-0.2489337161
540,1,0.303587475066,-0.000697755998,0.0,-0.303587475066,0.000697755998,0.0,0.227796180748,0.614061909649,0.0,-0.255060175179,0.597307947694,0.0,0.175189274859,1.092649766741,0.0,-0.20444597518,1.107734208607,0.0,0.101776794475,1.149057352769,0.0,-0.132607937987,1.156087242877,0.0,0.265319527449,1.357128985891,0.0,-0.21954277452,1.354734914257,0.0,0.504215985537,0.47794316709,-0.000335462275,-0.236345013613
541,1,0.299812077728,-0.0006798704,0.0,-0.299812077728,0.0006798704,0.0,0.22556627104,0.606184574907,0.0,-0.250141824403,0.590001144566,0.0,0.172809274132,1.076096155821,0.0,-0.201549951853,1.093103248966,0.0,0.100454181923,1.128154732486,0.0,-0.130802346663,1.137661215507,0.0,0.261953467713,1.339970777184,0.0,-0.212411693834,1.336906193815,0.0,0.504189178348,0.477908402681,-0.000333485426,-0.239384568666
542,1,0.301967100399,-0.00080499566,0.0,-0.301967100399,0.00080499566,0.0,0.227186012959,0.612097007252,0.0,-0.252842804526,0.595834841042,0.0,0.173011811292,1.084792715522,0.0,-0.205569497114,1.100677963203,0.0,0.099755827,1.13673875942,0.0,-0.133662570189,1.145423935332,0.0,0.262262633018,1.349442436525,0.0,-0.2163002648,1.348623898883,0.0,0.50416983664,0.4772156775,-0.000336534809,-0.237679430274
543,1,0.296842854701,-0.000749616874,0.0,-0.296842854701,0.000749616874,0.0,0.223933639732,0.602567997088,0.0,-0.248076927988,0.586915227028,0.0,0.170357681689,1.067356856744,0.0,-0.201960132754,1.083617017537,0.0,0.098473037686,1.118260986336,0.0,-0.131227976896,1.127034353223,0.0,0.258336576546,1.325187315463,0.0,-0.211515558384,1.322991876739,0.0,0.504231870174,0.477054208517,-0.000335059478,-0.241601702616
544,1,0.301395156114,-0.001329932645,0.0,-0.301395156114,0.001329932645,0.0,0.228247608465,0.612668953243,0.0,-0.252568684406,0.597011535128,0.0,0.172296649637,1.086163792225,0.0,-0.20510307401,1.103282245469,0.0,0.100077462842,1.138322545973,0.0,-0.134049785234,1.148712824762,0.0,0.261836265135,1.347897441806,0.0,-0.214541200663,1.345718911709,0.0,0.504389062524,0.476425379515,-0.000336208497,-0.238004884882
545,1,0.28928029244,-0.00188869859,0.0,-0.28928029244,0.00188869859,0.0,0.220397715024,0.589449623798,0.0,-0.240765920111,0.574652085628,0.0,0.166282647819,1.042059134082,0.0,-0.195066729032,1.060399491014,0.0,0.097767852851,1.092606519375,0.0,-0.127027216604,1.104038283631,0.0,0.2506618143,1.290700246882,0.0,-0.204959860648,1.291351733489,0.0,0.504815503955,0.475915119052,-0.000327149639,-0.248121442322
546,1,0.296074052417,-0.001787262755,0.0,-0.296074052417,0.001787262755,0.0,0.226617081819,0.603848411159,0.0,-0.24574782802,0.585293748273,0.0,0.168820254337,1.068912980347,0.0,-0.198678519469,1.087934324926,0.0,0.100042608674,1.121301573155,0.0,-0.128832236793,1.133102903499,0.0,0.258742966601,1.32147450892,0.0,-0.209420576003,1.322565321937,0.0,0.505346059799,0.475726723671,-0.000331110321,-0.241901919377
547,1,0.294766680249,-0.002526093969,0.0,-0.294766680249,0.002526093969,0.0,0.230100126004,0.60223012524,0.0,-0.241577753372,0.583243462773,0.0,0.171999349744,1.069202296701,0.0,-0.193087277639,1.086642160174,0.0,0.104046462616,1.121717696917,0.0,-0.124875852703,1.132643932754,0.0,0.26424347528,1.320149278239,0.0,-0.203643541197,1.322080071068,0.0,0.506875127554,0.475195616484,-0.000331008458,-0.242302980327
548,1,0.295638980885,-0.003088361879,0.0,-0.295638980885,0.003088361879,0.0,0.231458290424,0.60379730182,0.0,-0.241680524212,0.585751990297,0.0,0.173531477306,1.072565476782,0.0,-0.192330823388,1.090002680016,0.0,0.104309058879,1.125301061456,0.0,-0.124201003255,1.136047594526,0.0,0.266513009504,1.324035385913,0.0,-0.202579185866,1.326015496934,0.0,0.507166564465,0.474909245968,-0.000335021701,-0.241806700011
549,1,0.272208231076,-0.00284146093,0.0,-0.272208231076,0.00284146093,0.0,0.21771070645,0.555790541661,0.0,-0.218558367971,0.53955206416,0.0,0.166169773409,0.985367724827,0.0,-0.172488157417,1.004305042105,0.0,0.103171210197,1.031743057178,0.0,-0.110139255989,1.045703458541,0.0,0.247466670242,1.218729782194,0.0,-0.179599108354,1.220469635297,0.0,0.508726641536,0.474931553006,-0.000322340056,-0.262351096672
550,1,0.282614117038,-0.003315519958,0.0,-0.282614117038,0.003315519958,0.0,0.228813385276,0.577555369824,0.0,-0.2223135842,0.561618281607,0.0,0.177358326695,1.023274072766,0.0,-0.17461598913,1.043148797852,0.0,0.112102554839,1.071679390676,0.0,-0.109260697435,1.085374688387,0.0,0.262304169527,1.2658550963,0.0,-0.180992097893,1.267543867793,0.0,0.510015144944,0.474749684334,-0.000330190174,-0.25274518372
551,1,0.282401823199,-0.003395239083,0.0,-0.282401823199,0.003395239083,0.0,0.234291501925,0.575767213721,0.0,-0.219128603303,0.560488402493,0.0,0.183511895745,1.021282549959,0.0,-0.167953835164,1.040385182716,0.0,0.118391723214,1.070038333814,0.0,-0.101109330238,1.083259902228,0.0,0.26967650195,1.263269472118,0.0,-0.172814633221,1.263427631043,0.0,0.512092143297,0.474737584591,-0.000328942202,-0.25325362503
552,1,0.272372265258,-0.003407023803,0.0,-0.272372265258,0.003407023803,0.0,0.231604479463,0.555268387869,0.0,-0.2064504009,0.541002669105,0.0,0.184189496573,0.984859810116,0.0,-0.157249276461,1.000954974274,0.0,0.121047943673,1.032198528229,0.0,-0.091478123123,1.043158379153,0.0,0.268253171661,1.219981732506,0.0,-0.160787916676,1.218081364278,0.0,0.514119580388,0.474782735109,-0.000327165239,-0.262209619723
553,1,0.272179993955,-0.003913989893,0.0,-0.272179993955,0.003913989893,0.0,0.237639197388,0.557947813844,0.0,-0.201669564578,0.544323027368,0.0,0.189722455328,0.990855489982,0.0,-0.151102289014,1.005434966659,0.0,0.127841369675,1.039496247336,0.0,-0.086528168091,1.048053498011,0.0,0.276340939672,1.226712869392,0.0,-0.147614402173,1.222165637466,0.0,0.515943095088,0.474661901593,-0.000326608308,-0.26084713736
554,1,0.238196197708,-0.003504480458,0.0,-0.238196197708,0.003504480458,0.0,0.212629097766,0.487246824594,0.0,-0.167991429071,0.475818294496,0.0,0.173742716794,0.865565858385,0.0,-0.121882533217,0.876835719882,0.0,0.121249754854,0.908393008572,0.0,-0.066606184725,0.914008080797,0.0,0.251074399985,1.071323907189,0.0,-0.100959832871,1.065647962104,0.0,0.518853336573,0.474672228098,-0.00032553589,-0.298645682331
555,1,0.222369500315,-0.004760366129,0.0,-0.222369500315,0.004760366129,0.0,0.203300491168,0.457566582754,0.0,-0.15108118979,0.447510831022,0.0,0.169363636273,0.811771884691,0.0,-0.106845630166,0.822455840792,0.0,0.120040629679,0.852174538649,0.0,-0.056052207044,0.857342285227,0.0,0.242598652041,1.003815491398,0.0,-0.077282115968,0.999203119313,0.0,0.521006375551,0.473980724812,-0.000323405024,-0.319179609564
556,1,0.248323434985,-0.005397735198,0.0,-0.248323434985,0.005397735198,0.0,0.228392347375,0.506605522762,0.0,-0.165693460669,0.496537598201,0.0,0.191843350195,0.900782002021,0.0,-0.111639944864,0.911822543761,0.0,0.138010864909,0.945060435387,0.0,-0.058172942296,0.949976576898,0.0,0.272736685761,1.113972724218,0.0,-0.071913310159,1.110822754367,0.0,0.522046640515,0.473985359073,-0.000319711398,-0.28759989421
557,1,0.195851257353,-0.004927918204,0.0,-0.195851257353,0.004927918204,0.0,0.182455661999,0.400366690223,0.0,-0.127649594392,0.394793550447,0.0,0.156068457494,0.712372469616,0.0,-0.081977338314,0.722273986153,0.0,0.114387020885,0.747283241771,0.0,-0.040842751078,0.751375262818,0.0,0.220100352977,0.88173519787,0.0,-0.041571992924,0.878450821188,0.0,0.523613587022,0.474237695336,-0.000309439143,-0.363394190968
558,1,0.216846621842,-0.00588566398,0.0,-0.216846621842,0.00588566398,0.0,0.205407469526,0.438669705256,0.0,-0.142339606752,0.432974055477,0.0,0.178315508732,0.781331682485,0.0,-0.084060894894,0.792821210869,0.0,0.132244386987,0.819759339914,0.0,-0.038741178609,0.824813348188,0.0,0.248004084495,0.967522709869,0.0,-0.037455732761,0.96453997805,0.0,0.525600582361,0.474523201585,-0.000308502698,-0.330702633176
559,1,0.210989231396,-0.006355301044,0.0,-0.210989231396,0.006355301044,0.0,0.20299250423,0.423973324812,0.0,-0.136094332101,0.419376738247,0.0,0.179084442033,0.757562531209,0.0,-0.07416782493,0.767555429417,0.0,0.13453467621,0.794879951354,0.0,-0.029688135409,0.798056511025,0.0,0.247892040689,0.936143305272,0.0,-0.03084845237,0.933975739637,0.0,0.527789875865,0.474792540073,-0.000303721521,-0.341502961497
560,1,0.220808592356,-0.007234140791,0.0,-0.220808592356,0.007234140791,0.0,0.21857791878,0.442025903263,0.0,-0.140554972435,0.438256240663,0.0,0.194200682309,0.789978199938,0.0,-0.069263020093,0.801454736394,0.0,0.147709482085,0.827973499629,0.0,-0.023344854478,0.83228441723,0.0,0.266838305309,0.97612967189,0.0,-0.024827477949,0.975242756731,0.0,0.530188009143,0.474949076772,-0.000301874243,-0.327285667981
561,1,0.233697332404,-0.008444251848,0.0,-0.233697332404,0.008444251848,0.0,0.23496852764,0.464793842914,0.0,-0.149253278782,0.461409042134,0.0,0.210058512395,0.827993002661,0.0,-0.068014605977,0.842957778944,0.0,0.160730399632,0.865109524083,0.0,-0.019682897662,0.873981313554,0.0,0.288024737776,1.025858681256,0.0,-0.020805471762,1.026681902264,0.0,0.531649157405,0.475184440613,-0.000301271211,-0.310613946695
562,1,0.293910411836,-0.013414112063,0.0,-0.293910411836,0.013414112063,0.0,0.303509278585,0.578621314083,0.0,-0.181359563893,0.577122868843,0.0,0.276356355286,1.032011875096,0.0,-0.07500454797,1.052952869562,0.0,0.211285343652,1.078098496086,0.0,-0.01296117894,1.089898422008,0.0,0.386612326054,1.280766037787,0.0,-0.016741768053,1.28022883664,0.0,0.533819884062,0.476472631097,-0.000306875445,-0.248093263246
563,1,0.280527531251,-0.013553122606,0.0,-0.280527531251,0.013553122606,0.0,0.305639289354,0.551763526969,0.0,-0.168618116831,0.551392304578,0.0,0.289934398572,0.984651128428,0.0,-0.058642276867,1.006052156708,0.0,0.224353768352,1.028569610469,0.0,0.002750551041,1.040937177481,0.0,0.398349035763,1.224785353729,0.0,-0.00157033967,1.224085432875,0.0,0.537693277001,0.476952508092,-0.000312506687,-0.25930952378
564,1,0.2567196933,-0.01187450674,0.0,-0.2567196933,0.01187450674,0.0,0.29600347866,0.496586403525,0.0,-0.156059620441,0.495503551909,0.0,0.291397356045,0.890053754313,0.0,-0.045388317157,0.907513514861,0.0,0.220620202918,0.929748678073,0.0,0.017125307674,0.939178658206,0.0,0.408485912101,1.107781795114,0.0,0.00589709095,1.106301946429,0.0,0.539874777198,0.477981314063,-0.000311086886,-0.286614879264
565,1,0.23323011541,-0.01170069679,0.0,-0.23323011541,0.01170069679,0.0,0.292166425192,0.447452786468,0.0,-0.14090466655,0.447949891502,0.0,0.302016295098,0.807726130542,0.0,-0.035822384458,0.81980271478,0.0,0.236083057855,0.847144997453,0.0,0.022871772493,0.84861692527,0.0,0.419013287015,1.002341904292,0.0,0.012438401789,1.000483171915,0.0,0.541969314218,0.478444546461,-0.000303941779,-0.31666520377
566,1,0.205632921563,-0.010880044811,0.0,-0.205632921563,0.010880044811,0.0,0.275182387178,0.392274448894,0.0,-0.125725667222,0.393733481614,0.0,0.304990876821,0.720735457749,0.0,-0.032122647241,0.720915431658,0.0,0.248094655173,0.761531644799,0.0,0.021661850407,0.746578384042,0.0,0.446516055389,0.883305308917,0.0,0.014940778696,0.880595084314,0.0,0.543383523822,0.478791415691,-0.000300521962,-0.359335639529
567,1,0.215202914633,-0.01160635523,0.0,-0.215202914633,0.01160635523,0.0,0.29934289874,0.406296003181,0.0,-0.130076676893,0.409167221673,0.0,0.355314150848,0.757573759022,0.0,-0.03151910502,0.746952406819,0.0,0.29629995913,0.804192894474,0.0,0.026832610602,0.774546463875,0.0,0.539593766329,0.927143317469,0.0,0.017295749277,0.915127669137,0.0,0.544931277633,0.478892967105,-0.000300737564,-0.345539468737
568,1,0.214090250985,-0.011733027672,0.0,-0.214090250985,0.011733027672,0.0,0.310580590657,0.401173783019,0.0,-0.12797661997,0.40610806602,0.0,0.397685640065,0.764818023837,0.0,-0.027277425391,0.739325314476,0.0,0.329892841311,0.813561989798,0.0,0.033334235479,0.769254625436,0.0,0.563911999702,0.925306212959,0.0,0.02157852746,0.902291449347,0.0,0.546480372548,0.478983089328,-0.000290251337,-0.34755704919
569,1,0.207356085886,-0.011609491783,0.0,-0.207356085886,0.011609491783,0.0,0.312515415791,0.385416319028,0.0,-0.121459663583,0.390191739784,0.0,0.407551643701,0.742169866547,0.0,-0.022280848241,0.711308292597,0.0,0.347093253443,0.788726334982,0.0,0.036764533789,0.740222114986,0.0,0.571412999346,0.899562406231,0.0,0.024919526862,0.86688629139,0.0,0.54796500504,0.479338824749,-0.000286179129,-0.360641856334
570,1,0.19805349314,-0.011416752293,0.0,-0.19805349314,0.011416752293,0.0,0.306422817653,0.36574682433,0.0,-0.114856907834,0.370472348954,0.0,0.402416813577,0.711324674577,0.0,-0.020110823706,0.675701077352,0.0,0.339566092808,0.759374354105,0.0,0.034547539857,0.702389975491,0.0,0.55432959624,0.859823581632,0.0,0.029522686368,0.823242981867,0.0,0.548628717661,0.47958868742,-0.000282217283,-0.37874073485
571,1,0.234180691631,-0.014002527518,0.0,-0.234180691631,0.014002527518,0.0,0.365274981402,0.430608871204,0.0,-0.135302966143,0.437466842594,0.0,0.475724210054,0.848637875215,0.0,-0.02126202405,0.797279809605,0.0,0.401048614464,0.914138579534,0.0,0.043751054317,0.827065488857,0.0,0.682969605105,1.023183259681,0.0,0.03735377335,0.974066415828,0.0,0.54945372045,0.479465231299,-0.000297384337,-0.320865187476
572,1,0.229207471331,-0.014132586555,0.0,-0.229207471331,0.014132586555,0.0,0.35688520257,0.420684056308,0.0,-0.132184194105,0.427024623884,0.0,0.459607587056,0.838540742444,0.0,-0.019996141739,0.779088349413,0.0,0.38822103805,0.910371232799,0.0,0.043507340845,0.809335335493,0.0,0.674815527215,1.003380438267,0.0,0.037600462139,0.954988018729,0.0,0.549974262714,0.479446992278,-0.000298408791,-0.32847303852
573,1,0.224863586612,-0.014473496823,0.0,-0.224863586612,0.014473496823,0.0,0.35049593035,0.415518435316,0.0,-0.128700856167,0.421444677403,0.0,0.447399485771,0.836714635872,0.0,-0.018200783657,0.768133595488,0.0,0.379779353686,0.913925875846,0.0,0.044602644663,0.797721880285,0.0,0.647961571804,0.99139520622,0.0,0.03826646273,0.941551743543,0.0,0.550762847066,0.479260012507,-0.000296241371,-0.333253395825
574,1,0.235052448943,-0.015942951411,0.0,-0.235052448943,0.015942951411,0.0,0.348010285777,0.436825359293,0.0,-0.134616199183,0.442718378072,0.0,0.468571331505,0.890151049326,0.0,-0.018279220879,0.805883767498,0.0,0.394831274092,0.980925620005,0.0,0.048641538974,0.836441313631,0.0,0.674608798243,1.039306957393,0.0,0.03808947758,0.987805557286,0.0,0.550809517503,0.47895412147,-0.000299654901,-0.317978084357
575,1,0.243455722066,-0.017644060288,0.0,-0.243455722066,0.017644060288,0.0,0.335316064462,0.456441875144,0.0,-0.136840653169,0.460604461425,0.0,0.456538570447,0.946392091258,0.0,-0.019082573844,0.838786823392,0.0,0.377842951686,1.049331957269,0.0,0.035719830918,0.86915071125,0.0,0.704108335798,1.087692449003,0.0,0.043749643282,1.028014452191,0.0,0.551865100861,0.479386091232,-0.000303674024,-0.305126498224
576,1,0.218347968666,-0.015949048115,0.0,-0.218347968666,0.015949048115,0.0,0.273706344499,0.415234495884,0.0,-0.122459749698,0.417405246804,0.0,0.365993554718,0.85254921348,0.0,-0.016534009475,0.757404129707,0.0,0.290640984692,0.936819758116,0.0,0.033421444114,0.783878519157,0.0,0.570611312444,0.982375407483,0.0,0.040524647,0.926981803624,0.0,0.552160233259,0.479368388653,-0.000301569467,-0.338393334448
577,1,0.194315526064,-0.014559520489,0.0,-0.194315526064,0.014559520489,0.0,0.220517137117,0.379470793292,0.0,-0.10601262401,0.38123746141,0.0,0.280805844516,0.777257313076,0.0,-0.009003028249,0.687241563837,0.0,0.210395208413,0.84603152133,0.0,0.036498497714,0.708308067012,0.0,0.417569226027,0.90317657521,0.0,0.040403949003,0.842696539985,0.0,0.554263323545,0.478330612183,-0.000297110528,-0.373214738945
578,1,0.188862877763,-0.014086902979,0.0,-0.188862877763,0.014086902979,0.0,0.176958786471,0.373602347367,0.0,-0.101479085919,0.372488506994,0.0,0.208781087832,0.763913426913,0.0,-0.005302823397,0.675597291007,0.0,0.139997870812,0.834074493066,0.0,0.03597235902,0.699151876005,0.0,0.332866215209,0.889586724704,0.0,0.03031023353,0.820475011793,0.0,0.554688885808,0.477877095342,-0.000296877231,-0.383579284873
579,1,0.197664929244,-0.014086172337,0.0,-0.197664929244,0.014086172337,0.0,0.136741474887,0.398484416044,0.0,-0.10300309413,0.395352751493,0.0,0.130322079497,0.809552845883,0.0,0.003118535946,0.715448320039,0.0,0.061572827968,0.881406191893,0.0,0.041835447725,0.74027812195,0.0,0.266230954683,0.950142807139,0.0,0.023224829982,0.860556326506,0.0,0.556154966354,0.477158933878,-0.000309473835,-0.363204748723
580,1,0.200465293413,-0.013744569048,0.0,-0.200465293413,0.013744569048,0.0,0.108398465939,0.414630323633,0.0,-0.098893366507,0.407096016339,0.0,0.068956886147,0.832916633557,0.0,0.01542004955,0.753721142689,0.0,0.007586030417,0.901136527464,0.0,0.039277942109,0.779099512426,0.0,0.187703463709,0.97715772957,0.0,0.043518241952,0.888001012722,0.0,0.557585626841,0.476427555084,-0.000350965653,-0.358966080249
581,1,0.206352343989,-0.013528511565,0.0,-0.206352343989,0.013528511565,0.0,0.091583147009,0.433768857898,0.0,-0.099834324048,0.425144723148,0.0,0.002942848088,0.860479269127,0.0,0.014278952343,0.773168058969,0.0,-0.052539051313,0.925114513875,0.0,0.031701405388,0.800309612349,0.0,0.066245076404,1.01069994078,0.0,0.029931734713,0.914637715114,0.0,0.558338582516,0.476110905409,-0.000353479758,-0.349038350849
582,1,0.212830969561,-0.013543857076,0.0,-0.212830969561,0.013543857076,0.0,0.081773861528,0.455588461795,0.0,-0.099605381282,0.451555822211,0.0,-0.061650946942,0.874935428007,0.0,0.020855416275,0.810101155859,0.0,-0.115928294766,0.905951798712,0.0,0.045371187761,0.839035353843,0.0,-0.038872293183,1.056716248079,0.0,0.160259069051,0.9913601767,0.0,0.560114309192,0.476579144597,-0.000348119065,-0.332178157487
583,1,0.19264462853,-0.01182609063,0.0,-0.19264462853,0.01182609063,0.0,0.057730819302,0.417129294279,0.0,-0.087829622137,0.414169413536,0.0,-0.117841833589,0.800311275302,0.0,0.024221597643,0.727471985129,0.0,-0.169579937755,0.831512762697,0.0,0.057815931894,0.755039920688,0.0,-0.080410367385,0.964724648712,0.0,0.110598061942,0.898276361171,0.0,0.561595499516,0.47679965198,-0.000312242657,-0.362757206788
584,1,0.237654529792,-0.01352892503,0.0,-0.237654529792,0.01352892503,0.0,0.02936735405,0.518832595599,0.0,-0.103667670899,0.516226791949,0.0,-0.189315167279,0.97315220589,0.0,0.048570634477,0.900088640244,0.0,-0.242286706648,1.008587705496,0.0,0.088064393047,0.935885314077,0.0,-0.173232195336,1.186163740603,0.0,0.134721610588,1.111350450184,0.0,0.563002809882,0.47721850872,-0.000315027311,-0.291938374293
585,1,0.226565740508,-0.01092126277,0.0,-0.226565740508,0.01092126277,0.0,0.008797470315,0.508603324743,0.0,-0.09132461333,0.503357364412,0.0,-0.219225602655,0.929764767084,0.0,0.053509370804,0.858050001116,0.0,-0.270553191296,0.958699498429,0.0,0.092123075557,0.880994479931,0.0,-0.200806801397,1.142806553614,0.0,0.124722121504,1.067167933136,0.0,0.564904600382,0.478620544076,-0.000316405669,-0.300388775228
586,1,0.22258292547,-0.00917341221,0.0,-0.22258292547,0.00917341221,0.0,-0.018236712895,0.500366076567,0.0,-0.086332188877,0.495180691112,0.0,-0.246269791318,0.905125653236,0.0,0.060758970987,0.841733561392,0.0,-0.293497491708,0.933629199993,0.0,0.107862789786,0.862884578913,0.0,-0.248898354823,1.116451574184,0.0,0.123737862841,1.048760869539,0.0,0.56623314321,0.479111164808,-0.000316394493,-0.304081786515
587,1,0.224677910387,-0.00876440996,0.0,-0.224677910387,0.00876440996,0.0,-0.028039465743,0.503219441689,0.0,-0.082412097303,0.497808072798,0.0,-0.257887255856,0.891962763863,0.0,0.065354817273,0.84727356187,0.0,-0.302193861702,0.91632013613,0.0,0.112733236299,0.868790848005,0.0,-0.243979688736,1.104108579718,0.0,0.101019286154,1.054410918074,0.0,0.567572504282,0.479019701481,-0.000316889957,-0.302232555366
588,1,0.218327482987,-0.007889747141,0.0,-0.218327482987,0.007889747141,0.0,-0.034109448002,0.491824255958,0.0,-0.076574269149,0.486665556554,0.0,-0.254158945238,0.854929251179,0.0,0.071540406599,0.830668580669,0.0,-0.293732614418,0.874020207269,0.0,0.117171755127,0.850529621686,0.0,-0.251510703372,1.069028900281,0.0,0.106290851264,1.033404790885,0.0,0.569540500641,0.478957504034,-0.000317268074,-0.30843936963
589,1,0.217088738003,-0.006726720058,0.0,-0.217088738003,0.006726720058,0.0,-0.023786794014,0.484246384325,0.0,-0.077002760317,0.479718391117,0.0,-0.236710745793,0.830194510332,0.0,0.069714432419,0.818078332297,0.0,-0.27830946374,0.84879639026,0.0,0.113856559108,0.833878028104,0.0,-0.215808299002,1.044876330166,0.0,0.107842143235,1.025648436509,0.0,0.571635484695,0.478638261557,-0.000314983539,-0.310489590364
590,1,0.217189103681,-0.00560842483,0.0,-0.217189103681,0.00560842483,0.0,-0.020180389589,0.48258299898,0.0,-0.079998322504,0.479802745137,0.0,-0.229165596591,0.826074086025,0.0,0.075361869256,0.818557403062,0.0,-0.268698444568,0.843681204571,0.0,0.112698330182,0.831580849456,0.0,-0.211471601131,1.039898780124,0.0,0.114517929558,1.025629776927,0.0,0.573380857706,0.478994831443,-0.000315723941,-0.309422767388
591,1,0.22764318961,-0.005197770472,0.0,-0.22764318961,0.005197770472,0.0,-0.020034134873,0.507484775593,0.0,-0.087418248003,0.504460437431,0.0,-0.232755524507,0.868979534717,0.0,0.081910393071,0.862729141146,0.0,-0.272229195125,0.886270193269,0.0,0.110974317305,0.876939045647,0.0,-0.224805551516,1.098417480195,0.0,0.104679886871,1.080394632682,0.0,0.57511895895,0.478978544474,-0.000317297876,-0.293713193944
592,1,0.245130057932,-0.004135083189,0.0,-0.245130057932,0.004135083189,0.0,-0.021419453953,0.553797261607,0.0,-0.098032325442,0.550510465946,0.0,-0.237443954745,0.951204402978,0.0,0.0859283027,0.935019471345,0.0,-0.278589832744,0.971191727785,0.0,0.11846877623,0.950092334256,0.0,-0.232546332304,1.202904839442,0.0,0.121188348156,1.177370465331,0.0,0.576875060797,0.478553980589,-0.000324788969,-0.269008296169
593,1,0.248547057082,-0.00283605595,0.0,-0.248547057082,0.00283605595,0.0,-0.011373560161,0.565416518247,0.0,-0.095471281233,0.56282313857,0.0,-0.226271357365,0.97345767138,0.0,0.087510593322,0.957119923103,0.0,-0.267570158493,0.996510388242,0.0,0.121528766442,0.971354741301,0.0,-0.216290424873,1.230452354669,0.0,0.130315856263,1.204518784439,0.0,0.578699678183,0.478179290891,-0.000331839547,-0.263113796861
594,1,0.25099768477,-0.002562319838,0.0,-0.25099768477,0.002562319838,0.0,-0.00161658006,0.576341701604,0.0,-0.098335906385,0.572407830871,0.0,-0.223421763985,0.992478297117,0.0,0.083827591447,0.976442608682,0.0,-0.263696678008,1.017121494391,0.0,0.11766114458,0.992625973266,0.0,-0.202930138433,1.256560458405,0.0,0.135411401631,1.228552371114,0.0,0.58058911562,0.478232130408,-0.000338897109,-0.257911439456
595,1,0.246029321553,-0.001741532768,0.0,-0.246029321553,0.001741532768,0.0,0.001219702059,0.56532402603,0.0,-0.095844777221,0.560240498286,0.0,-0.210831622031,0.975452924063,0.0,0.078004027443,0.952677368576,0.0,-0.249999474425,1.00056132977,0.0,0.120071959527,0.970609709364,0.0,-0.203109865132,1.233765869583,0.0,0.129580647956,1.199532822898,0.0,0.581620037556,0.478224083781,-0.000356735662,-0.262910918776
596,1,0.243018177123,-0.000597421575,0.0,-0.243018177123,0.000597421575,0.0,0.00876567186,0.560000881599,0.0,-0.09353865109,0.554806909566,0.0,-0.199025170981,0.969127915868,0.0,0.081387871656,0.942708343616,0.0,-0.236838124683,0.99513311377,0.0,0.127530402539,0.961408533617,0.0,-0.195840498148,1.224297210048,0.0,0.133357527775,1.18492601972,0.0,0.583755582571,0.478538587689,-0.000355436467,-0.264814052538
597,1,0.244427925877,0.000332441431,0.0,-0.244427925877,-0.000332441431,0.0,0.014159364232,0.557373474156,0.0,-0.088815348137,0.552048592695,0.0,-0.190701317617,0.96466693002,0.0,0.082432383144,0.938019248454,0.0,-0.229909489093,0.991715197357,0.0,0.133995604454,0.959225677273,0.0,-0.182840437301,1.216929440779,0.0,0.130911317815,1.17875943544,0.0,0.585428506136,0.478414177895,-0.00035953708,-0.266340749168
598,1,0.244401806644,0.001540215179,0.0,-0.244401806644,-0.001540215179,0.0,0.015644664544,0.56264530978,0.0,-0.088430945982,0.555913552404,0.0,-0.185164460342,0.970707502071,0.0,0.089023254084,0.943605124127,0.0,-0.2235594582,0.998242391145,0.0,0.141496387771,0.964344021498,0.0,-0.177377907717,1.223211511073,0.0,0.138153948977,1.184762871918,0.0,0.586961358786,0.478787794709,-0.000362053514,-0.264458659271
599,1,0.24381528213,0.002352154507,0.0,-0.24381528213,-0.002352154507,0.0,0.017444242468,0.560199527433,0.0,-0.086954725082,0.554575657621,0.0,-0.184158087261,0.963425083446,0.0,0.09664128977,0.939582562788,0.0,-0.224923447618,0.98676945718,0.0,0.158423641883,0.960887387747,0.0,-0.183977433167,1.219672355702,0.0,0.14093659518,1.18778780682,0.0,0.587743669748,0.479009523988,-0.000364407897,-0.265270126113
600,1,0.247776670346,0.003705122576,0.0,-0.247776670346,-0.003705122576,0.0,0.019995189594,0.570659111952,0.0,-0.083951816311,0.565110129041,0.0,-0.181652621949,0.980888339127,0.0,0.103433050591,0.954932226417,0.0,-0.223770940459,1.005321756519,0.0,0.165479917951,0.978045837599,0.0,-0.18184638219,1.240968214201,0.0,0.14802666188,1.208222277086,0.0,0.588915884495,0.478525385261,-0.000370276626,-0.261169903801
601,1,0.254319486727,0.003843486469,0.0,-0.254319486727,-0.003843486469,0.0,0.022257277527,0.5875061071,0.0,-0.085210079729,0.582718356817,0.0,-0.185302279218,1.008395447329,0.0,0.107991399569,0.977813339663,0.0,-0.228662459706,1.031376648689,0.0,0.179089491276,1.000871436619,0.0,-0.1847096893,1.27736401548,0.0,0.154079139759,1.240553364505,0.0,0.589146524668,0.47842246294,-0.000375509728,-0.25346989626
602,1,0.251260352152,0.003897434484,0.0,-0.251260352152,-0.003897434484,0.0,0.023964365684,0.578071511194,0.0,-0.082190612637,0.573837918431,0.0,-0.178116105338,0.993879461226,0.0,0.10910410052,0.963207896163,0.0,-0.219495216943,1.020240841964,0.0,0.177562378431,0.985823463628,0.0,-0.17876123305,1.258433424237,0.0,0.154376886449,1.222230606364,0.0,0.589522838593,0.478279694915,-0.000372769777,-0.257588918382
603,1,0.251411483177,0.00417567775,0.0,-0.251411483177,-0.00417567775,0.0,0.025011224229,0.577529721351,0.0,-0.081231366959,0.574303271231,0.0,-0.176607495861,0.994260282172,0.0,0.118324226509,0.965223154917,0.0,-0.217746928965,1.020728489979,0.0,0.187799605582,0.988887099492,0.0,-0.176474234464,1.25787488333,0.0,0.156065147551,1.22205343451,0.0,0.589718669653,0.477787494659,-0.000371587928,-0.258078338927
604,1,0.253117566233,0.004056396959,0.0,-0.253117566233,-0.004056396959,0.0,0.02538283176,0.58030977962,0.0,-0.080781222683,0.578168110817,0.0,-0.173717049276,1.002249683493,0.0,0.119317080963,0.97449957894,0.0,-0.215652426124,1.030501905122,0.0,0.186806032623,0.999460144187,0.0,-0.171698120203,1.267188736151,0.0,0.157271320298,1.231203214182,0.0,0.589682370424,0.477473422885,-0.000368895708,-0.256406402228
605,1,0.254942748642,0.003958234552,0.0,-0.254942748642,-0.003958234552,0.0,0.025479960871,0.584279227957,0.0,-0.081503735602,0.582191936453,0.0,-0.157711761959,1.009345129171,0.0,0.119504753573,0.981907440085,0.0,-0.198291639468,1.038300827161,0.0,0.183795298152,1.006737477791,0.0,-0.16034305542,1.272517077818,0.0,0.159361323833,1.239962399581,0.0,0.589637964964,0.477423116565,-0.000367935747,-0.254633632428
606,1,0.252783967369,0.003888701262,0.0,-0.252783967369,-0.003888701262,0.0,0.025235234699,0.578677942778,0.0,-0.080868213258,0.576082884697,0.0,-0.16316677075,0.999400052214,0.0,0.117200882324,0.972554447797,0.0,-0.203598035482,1.027490987561,0.0,0.18179987239,0.998315027483,0.0,-0.169478798308,1.26043329303,0.0,0.157034304693,1.225600913666,0.0,0.589591532946,0.477392867208,-0.000366100343,-0.256925870504
607,1,0.252631767299,0.00388846251,0.0,-0.252631767299,-0.00388846251,0.0,0.02524518602,0.578151007884,0.0,-0.081108428048,0.575607501664,0.0,-0.165580840715,0.998127679231,0.0,0.118144020807,0.971663715324,0.0,-0.205529259301,1.026098133286,0.0,0.181551073691,0.997701790895,0.0,-0.17426483602,1.25958115423,0.0,0.153266014044,1.221097031086,0.0,0.589555799961,0.477403029799,-0.00036463188,-0.257094931652
608,1,0.246819573665,0.003607941837,0.0,-0.246819573665,-0.003607941837,0.0,0.024700246473,0.560777811076,0.0,-0.082745820028,0.555543982411,0.0,-0.163312895154,0.974531907458,0.0,0.113377188542,0.945199891144,0.0,-0.203534677294,1.000882697686,0.0,0.177793297726,0.972377480169,0.0,-0.171026441579,1.231122523707,0.0,0.148703326477,1.193425022764,0.0,0.589549452066,0.476857870817,-0.000367132481,-0.263492130624
609,1,0.250519879186,0.003513719717,0.0,-0.250519879186,-0.003513719717,0.0,0.024554211437,0.569440677589,0.0,-0.083071721749,0.564352637477,0.0,-0.166012742603,0.989559025075,0.0,0.115648489531,0.959867545533,0.0,-0.206665196242,1.016884347938,0.0,0.179697665644,0.987429943067,0.0,-0.167359455249,1.246865597006,0.0,0.159811392496,1.210282886953,0.0,0.589376479387,0.476667121053,-0.000365939457,-0.25971394596
610,1,0.259711756316,0.003722026623,0.0,-0.259711756316,-0.003722026623,0.0,0.025025632138,0.591480716755,0.0,-0.086115143813,0.586413144732,0.0,-0.168872943759,1.027522449805,0.0,0.122122817551,1.003206534963,0.0,-0.207328189528,1.056254092294,0.0,0.185462704639,1.028811134466,0.0,-0.17296358278,1.293087468533,0.0,0.161185848064,1.256491301024,0.0,0.589051783085,0.476525560021,-0.000366588589,-0.250271259232
611,1,0.257720525351,0.004064501367,0.0,-0.257720525351,-0.004064501367,0.0,0.025520111036,0.589144158902,0.0,-0.084827256127,0.584256993833,0.0,-0.167858823299,1.025433894617,0.0,0.114159251647,1.010127112571,0.0,-0.205171000349,1.057599654376,0.0,0.182223860983,1.044383241484,0.0,-0.164048953114,1.287471775193,0.0,0.156382528387,1.252672496285,0.0,0.588700860739,0.476373106241,-0.000366036315,-0.251521397741
612,1,0.257300717219,0.003958411708,0.0,-0.257300717219,-0.003958411708,0.0,0.023245372259,0.585541366114,0.0,-0.085675814107,0.581753308357,0.0,-0.170620375762,1.021309723774,0.0,0.110723808687,1.006314560859,0.0,-0.207842920604,1.053153925731,0.0,0.178903179692,1.040506990165,0.0,-0.167047017126,1.281993428352,0.0,0.152582579101,1.248343297375,0.0,0.587890028954,0.476386025548,-0.00036102999,-0.252356050039
613,1,0.25540788718,0.003650843137,0.0,-0.25540788718,-0.003650843137,0.0,0.020064055385,0.579402349142,0.0,-0.08809940698,0.57486486263,0.0,-0.173007928789,1.014238831541,0.0,0.104560653555,0.99299922388,0.0,-0.209298916961,1.045863226304,0.0,0.174015009452,1.021806463965,0.0,-0.169631467099,1.272328908657,0.0,0.147656114142,1.234280098445,0.0,0.586936712265,0.476313322783,-0.000359416008,-0.25437958725
614,1,0.253895386125,0.003571038073,0.0,-0.253895386125,-0.003571038073,0.0,0.021509203911,0.577155294046,0.0,-0.086708788624,0.572745573475,0.0,-0.17473864952,1.010551958615,0.0,0.100130742863,0.989151988242,0.0,-0.210329876995,1.042233885829,0.0,0.170440963347,1.016832887031,0.0,-0.171794245508,1.267606714753,0.0,0.145076142323,1.228956481413,0.0,0.586322247982,0.476291045547,-0.000360376667,-0.255370047975
615,1,0.255837349614,0.003535337287,0.0,-0.255837349614,-0.003535337287,0.0,0.020596525748,0.582644353228,0.0,-0.090768958829,0.578251378044,0.0,-0.179487044426,1.022683631669,0.0,0.094600952923,1.000228811809,0.0,-0.215162326512,1.056898758094,0.0,0.167616288071,1.028206121156,0.0,-0.17435278123,1.281903152088,0.0,0.141807617865,1.242435524551,0.0,0.585398793221,0.476268053055,-0.000360232312,-0.252557961592
616,1,0.261651631609,0.003642966211,0.0,-0.261651631609,-0.003642966211,0.0,0.020781426559,0.595603277836,0.0,-0.093587879811,0.589473867533,0.0,-0.183441717747,1.045931335278,0.0,0.097907123568,1.018190496737,0.0,-0.218397149124,1.078462427836,0.0,0.174214407054,1.040547671102,0.0,-0.180959679568,1.311946873328,0.0,0.146018491967,1.270068242957,0.0,0.585157394409,0.476236149669,-0.000363862142,-0.246891993084
617,1,0.26026922417,0.003455403065,0.0,-0.26026922417,-0.003455403065,0.0,0.020635355827,0.59327162183,0.0,-0.090615176017,0.587502714016,0.0,-0.184852938441,1.043822552331,0.0,0.095903221237,1.014611653216,0.0,-0.220454090081,1.077495442566,0.0,0.171705351689,1.037256697157,0.0,-0.181870580044,1.308572169817,0.0,0.144692612845,1.264362158496,0.0,0.58477345109,0.476274847984,-0.000362648629,-0.247783226412
618,1,0.266155134766,0.003572188488,0.0,-0.266155134766,-0.003572188488,0.0,0.021721499974,0.608136841924,0.0,-0.093448830579,0.602307817377,0.0,-0.189826967909,1.070766596959,0.0,0.093427871734,1.040414984501,0.0,-0.22593831744,1.106373701346,0.0,0.17087080255,1.063405604159,0.0,-0.186170265962,1.341461910616,0.0,0.146571364689,1.296215463734,0.0,0.584372282028,0.476257696748,-0.000363691244,-0.241730634554
619,1,0.255934469599,0.003240328818,0.0,-0.255934469599,-0.003240328818,0.0,0.019863017549,0.583011113848,0.0,-0.090440270926,0.577465388206,0.0,-0.184811513981,1.025713062679,0.0,0.090916902923,0.997737721234,0.0,-0.221649372065,1.057802341439,0.0,0.170750278717,1.020630722686,0.0,-0.180574811402,1.286411605099,0.0,0.139496939151,1.243141698746,0.0,0.584042936563,0.476343199611,-0.000362831168,-0.251983416972
620,1,0.254678954405,0.003211632708,0.0,-0.254678954405,-0.003211632708,0.0,0.019168623031,0.57885115894,0.0,-0.0915997154,0.573384515074,0.0,-0.184804806503,1.019313045112,0.0,0.087184755954,0.99169733982,0.0,-0.220663132505,1.051694114648,0.0,0.154786560467,1.015426630529,0.0,-0.176340098246,1.278048093687,0.0,0.136746236186,1.235163340691,0.0,0.583651065826,0.47634087503,-0.000360860489,-0.253622455756
621,1,0.245276335106,0.002994618892,0.0,-0.245276335106,-0.002994618892,0.0,0.01862969902,0.557434001956,0.0,-0.086438727924,0.552412151032,0.0,-0.179446242495,0.982398454581,0.0,0.083531698139,0.954849614045,0.0,-0.214738707402,1.01359444436,0.0,0.149255574096,0.978365618855,0.0,-0.170602177355,1.23138863574,0.0,0.132030811137,1.187509833949,0.0,0.583509296179,0.476364389062,-0.000353380106,-0.263184513703
622,1,0.253523871259,0.003050468619,0.0,-0.253523871259,-0.003050468619,0.0,0.018180076918,0.575753838474,0.0,-0.090152041642,0.570838128572,0.0,-0.187675542105,1.01517856988,0.0,0.083782000468,0.985250234122,0.0,-0.224734664164,1.047422135502,0.0,0.15199633823,1.009864586153,0.0,-0.17858848719,1.273179745628,0.0,0.135405729561,1.225797562575,0.0,0.582947999239,0.476352721453,-0.000354798045,-0.254716978403
623,1,0.258027145753,0.002872174096,0.0,-0.258027145753,-0.002872174096,0.0,0.019134290085,0.585456362336,0.0,-0.091339221249,0.580398125104,0.0,-0.191668866082,1.032769267019,0.0,0.08759341984,1.005082587738,0.0,-0.229292185155,1.065664720635,0.0,0.153655389137,1.032026585549,0.0,-0.182590192504,1.294460157168,0.0,0.139254085628,1.247442322429,0.0,0.582791656256,0.476485207677,-0.000354281161,-0.250238211111
624,1,0.258901925615,0.002770149587,0.0,-0.258901925615,-0.002770149587,0.0,0.015448250587,0.584435478193,0.0,-0.095596398525,0.579630074215,0.0,-0.194136537845,1.030801050481,0.0,0.082573195116,0.999237997106,0.0,-0.230704913315,1.063502044437,0.0,0.150408669078,1.024481878879,0.0,-0.186066359283,1.29201962534,0.0,0.134824564503,1.243803939521,0.0,0.581861287355,0.476460888982,-0.000351993833,-0.25074018744
625,1,0.260027366485,0.002707477799,0.0,-0.260027366485,-0.002707477799,0.0,0.015228765814,0.585055349066,0.0,-0.096499925273,0.580062061077,0.0,-0.19599465568,1.032155032352,0.0,0.086878182926,1.000640174257,0.0,-0.232953422533,1.063541448038,0.0,0.157896587984,1.023868948074,0.0,-0.191657639292,1.295346871865,0.0,0.13581307245,1.245464272771,0.0,0.581677466631,0.476409927011,-0.000351733528,-0.250126916255
626,1,0.248811182598,0.002646572034,0.0,-0.248811182598,-0.002646572034,0.0,0.016173749167,0.559653228881,0.0,-0.093142937769,0.55504062865,0.0,-0.1896104827,0.987487693787,0.0,0.08193266574,0.958539949799,0.0,-0.225644412191,1.017808384791,0.0,0.150502018539,0.982833357791,0.0,-0.184771414631,1.238772575689,0.0,0.128351958728,1.192452490667,0.0,0.581324309111,0.476654738188,-0.000350349117,-0.261350188642
627,1,0.25740544393,0.002683626645,0.0,-0.25740544393,-0.002683626645,0.0,0.015030779888,0.577874231587,0.0,-0.098314973901,0.573092646577,0.0,-0.193630192056,1.018953271533,0.0,0.082825000905,0.988656409115,0.0,-0.228232151633,1.050290406937,0.0,0.155721759739,1.013282477835,0.0,-0.192326615414,1.278305021276,0.0,0.129066911631,1.229789851716,0.0,0.580893188715,0.476611465216,-0.000350201968,-0.253310562045
628,1,0.257132598086,0.00269057977,0.0,-0.257132598086,-0.00269057977,0.0,0.013902391723,0.579832695399,0.0,-0.099556647947,0.575280605738,0.0,-0.197604672156,1.023284222386,0.0,0.079267111323,0.991671150148,0.0,-0.232578902337,1.055021537005,0.0,0.152526890955,1.016573716612,0.0,-0.195989521206,1.284540675464,0.0,0.128782896501,1.233916865555,0.0,0.580053687096,0.476610213518,-0.000350300688,-0.252345801509
629,1,0.255893621722,0.002673292449,0.0,-0.255893621722,-0.002673292449,0.0,0.012233899237,0.5795521356,0.0,-0.101451280264,0.575010317768,0.0,-0.199574797369,1.022652940674,0.0,0.076080405446,0.991310573843,0.0,-0.234466447784,1.054296962384,0.0,0.149178133362,1.015233599655,0.0,-0.200019962551,1.283550185996,0.0,0.125985405044,1.233210878903,0.0,0.579304665327,0.476611748338,-0.000350296497,-0.252522804161
630,1,0.257540854069,0.002862730449,0.0,-0.257540854069,-0.002862730449,0.0,0.010784501264,0.585109139445,0.0,-0.10394043525,0.58057381714,0.0,-0.201689010366,1.030821274658,0.0,0.07510740137,0.999383682879,0.0,-0.237270444009,1.062212488134,0.0,0.149726284621,1.022503385572,0.0,-0.200073380578,1.293629752536,0.0,0.125034000719,1.248262972749,0.0,0.578799009323,0.476487874985,-0.000352622941,-0.250610848522
631,1,0.251796203457,0.002816616928,0.0,-0.251796203457,-0.002816616928,0.0,0.009123055887,0.569336350938,0.0,-0.102850631606,0.565236988928,0.0,-0.198412504407,1.002337748671,0.0,0.072315239169,0.970358739405,0.0,-0.232871846665,1.03224031325,0.0,0.14458714666,0.99210521648,0.0,-0.199071053207,1.260167714346,0.0,0.120608972365,1.213483741359,0.0,0.578381121159,0.476401135325,-0.000352184288,-0.257226799709
632,1,0.252142734239,0.002825104147,0.0,-0.252142734239,-0.002825104147,0.0,0.007357669067,0.569929170211,0.0,-0.104899816164,0.566014837844,0.0,-0.204267955817,1.003521912123,0.0,0.069698196194,0.974143890872,0.0,-0.240850204306,1.03388135798,0.0,0.134793717425,1.001340324217,0.0,-0.200939555513,1.259941648871,0.0,0.119749459391,1.213651392191,0.0,0.57765647769,0.476403996348,-0.000342897139,-0.2569603923
633,1,0.251076004874,0.002435763566,0.0,-0.251076004874,-0.002435763566,0.0,0.003962336177,0.563269348517,0.0,-0.108409853145,0.559472956628,0.0,-0.205659637097,0.992867299929,0.0,0.065887691564,0.963009041765,0.0,-0.241914731761,1.021763196061,0.0,0.132962258019,0.987234840718,0.0,-0.203560355721,1.248167936312,0.0,0.115446120646,1.19953787652,0.0,0.576729148626,0.476051032543,-0.000340822618,-0.259510925708
634,1,0.254132619639,0.002717423123,0.0,-0.254132619639,-0.002717423123,0.0,0.00271544597,0.569997439895,0.0,-0.11026166753,0.566785612076,0.0,-0.208681348224,1.004210369467,0.0,0.06666310531,0.975933119149,0.0,-0.243236177421,1.031401115748,0.0,0.131106216073,0.997994431258,0.0,-0.205890537812,1.260370618241,0.0,0.116285938146,1.215600650684,0.0,0.576466560364,0.475885599852,-0.000332420692,-0.256246904132
635,1,0.256305298873,0.002719696949,0.0,-0.256305298873,-0.002719696949,0.0,0.001869096478,0.574039289464,0.0,-0.114489535448,0.570281426738,0.0,-0.214451306602,1.011207655184,0.0,0.063638965041,0.982757908678,0.0,-0.251113182084,1.038669698239,0.0,0.1291577981,1.004528597448,0.0,-0.209070922014,1.269711519182,0.0,0.113625236388,1.224021453433,0.0,0.575586557388,0.475816547871,-0.000333815813,-0.254542384606
636,1,0.259679183285,0.002785760281,0.0,-0.259679183285,-0.002785760281,0.0,-0.000596867822,0.584140496949,0.0,-0.119463118392,0.580173445694,0.0,-0.216362203721,1.028307570302,0.0,0.061436657655,0.998795004982,0.0,-0.251770565556,1.056255560713,0.0,0.129389797197,1.014938779061,0.0,-0.208952325505,1.29180280157,0.0,0.11278039,1.245003219734,0.0,0.574767768383,0.475769981742,-0.000335119665,-0.250255139079
637,1,0.25715087311,0.002747594872,0.0,-0.25715087311,-0.002747594872,0.0,-0.003261766403,0.580690601275,0.0,-0.122168860459,0.576703655915,0.0,-0.218486499784,1.022107482342,0.0,0.057327728596,0.992256531105,0.0,-0.253740424897,1.049618115592,0.0,0.114765548024,1.007991233519,0.0,-0.211034415927,1.285598640294,0.0,0.110187663493,1.2370717858,0.0,0.573900461197,0.475775405765,-0.00033497531,-0.251757204398
638,1,0.256017261977,0.002648079413,0.0,-0.256017261977,-0.002648079413,0.0,-0.005225982028,0.580688791867,0.0,-0.123494357654,0.576726465547,0.0,-0.221798677205,1.021527121254,0.0,0.052891293113,0.991685059747,0.0,-0.256899383128,1.048715008736,0.0,0.100700271366,1.007462886467,0.0,-0.213319000659,1.285253890142,0.0,0.106655003334,1.237333197055,0.0,0.572933197021,0.475832507014,-0.000335278921,-0.251832201007
639,1,0.255633314043,0.002625400756,0.0,-0.255633314043,-0.002625400756,0.0,-0.00659387833,0.580848570913,0.0,-0.1218587891,0.576763087793,0.0,-0.224198613554,1.0213640297,0.0,0.050975692495,0.99270525026,0.0,-0.259560342284,1.048172274059,0.0,0.096571853692,1.007640037096,0.0,-0.215729212116,1.2877624461,0.0,0.105306767715,1.239829726785,0.0,0.572362571955,0.476045817137,-0.000337764621,-0.251652127181
640,1,0.255746828463,0.002549716109,0.0,-0.255746828463,-0.002549716109,0.0,-0.008959342841,0.580911412331,0.0,-0.121199516819,0.576588378558,0.0,-0.229407378388,1.02247323771,0.0,0.048936718688,0.991922224606,0.0,-0.266526427125,1.049093017809,0.0,0.092226334287,1.005746486005,0.0,-0.221186647299,1.291317524161,0.0,0.102206508239,1.239502049933,0.0,0.571276813745,0.47600863874,-0.000339657068,-0.252383645381
641,1,0.249576842111,0.002365466361,0.0,-0.249576842111,-0.002365466361,0.0,-0.008426872041,0.5727636025,0.0,-0.116488798485,0.570851018517,0.0,-0.234343229433,1.012097462202,0.0,0.047622502948,0.976347928563,0.0,-0.267755005197,1.04102675023,0.0,0.086968085656,0.989024676774,0.0,-0.23432087637,1.271542250408,0.0,0.104334320284,1.220320671415,0.0,0.57046943903,0.476435929537,-0.000336737372,-0.255984864674
642,1,0.271278189997,0.001845288676,0.0,-0.271278189997,-0.001845288676,0.0,-0.012825500214,0.615204041108,0.0,-0.129808475394,0.613501909525,0.0,-0.269063943609,1.089917462106,0.0,0.055093975938,1.045712302217,0.0,-0.306465078175,1.120321528073,0.0,0.090610688055,1.057659980641,0.0,-0.268681607897,1.369675428095,0.0,0.113254514336,1.312002248953,0.0,0.569318801165,0.476124852896,-0.000335962512,-0.238365130554
643,1,0.272200591082,0.001586141264,0.0,-0.272200591082,-0.001586141264,0.0,-0.013535741768,0.611404722238,0.0,-0.132881571521,0.610275741349,0.0,-0.286450750568,1.083280043097,0.0,0.057235635615,1.024120402814,0.0,-0.33360951249,1.117267278637,0.0,0.0922461961,1.036604173483,0.0,-0.284348048463,1.365540146565,0.0,0.109938358394,1.300529002301,0.0,0.567881971598,0.476142331958,-0.000336530153,-0.240323238033
644,1,0.286802702759,0.001010125172,0.0,-0.286802702759,-0.001010125172,0.0,-0.016580673912,0.64072655761,0.0,-0.139524041707,0.63916541972,0.0,-0.313782234887,1.143670641819,0.0,0.060551255455,1.072600500443,0.0,-0.368798476213,1.18672973867,0.0,0.096048606854,1.08604878825,0.0,-0.306914990998,1.431636550442,0.0,0.119529188783,1.358448425578,0.0,0.56678634882,0.476365923882,-0.000338459853,-0.229921503517
645,1,0.291988597876,0.000605775335,0.0,-0.291988597876,-0.000605775335,0.0,-0.015381859298,0.644823021676,0.0,-0.142345802309,0.643041789405,0.0,-0.332100593492,1.17410700492,0.0,0.060833512359,1.079269872735,0.0,-0.399132259917,1.221749951552,0.0,0.096361734101,1.093414707266,0.0,-0.311949344712,1.459691049906,0.0,0.122973630906,1.36873848952,0.0,0.565430656075,0.476247191429,-0.000337341684,-0.228716801002
646,1,0.290576344147,0.000133830247,0.0,-0.290576344147,-0.000133830247,0.0,-0.018680690795,0.634726620861,0.0,-0.144242547196,0.632738834892,0.0,-0.335640428397,1.167356651572,0.0,0.050036944578,1.072776273013,0.0,-0.400308689801,1.216280992086,0.0,0.094294844137,1.082100698441,0.0,-0.316005756654,1.44168828448,0.0,0.110875188052,1.348805608905,0.0,0.563206121325,0.476133659482,-0.000323900371,-0.232597088819
647,1,0.283225546588,-0.000641888687,0.0,-0.283225546588,0.000641888687,0.0,-0.003032848008,0.617234165387,0.0,-0.139120201771,0.61511253737,0.0,-0.325429184637,1.148376352922,0.0,0.042568374333,1.047039006654,0.0,-0.394356149016,1.204443197564,0.0,0.093776951519,1.063007702492,0.0,-0.269906589101,1.405909716673,0.0,0.104270133879,1.316270746726,0.0,0.561482906342,0.475615486503,-0.000328657807,-0.240061728756
648,1,0.243349799306,-0.001085733052,0.0,-0.243349799306,0.001085733052,0.0,0.0153616967,0.531271800422,0.0,-0.122866444992,0.528083787251,0.0,-0.235752075804,1.003512972732,0.0,0.029957852877,0.901756172593,0.0,-0.296427489698,1.053036226418,0.0,0.075943792451,0.921589060442,0.0,-0.185482062941,1.211144343096,0.0,0.052286358958,1.127760729575,0.0,0.559597477317,0.475685998797,-0.000335681252,-0.278484164329
649,1,0.236581841944,-0.001607451801,0.0,-0.236581841944,0.001607451801,0.0,0.036084994348,0.517402866439,0.0,-0.120440345576,0.512527682518,0.0,-0.167332122285,0.974032419018,0.0,0.029161497633,0.873174934876,0.0,-0.220157523306,1.019068912207,0.0,0.073685600951,0.895104639576,0.0,-0.136757241034,1.1856488125,0.0,0.047392478855,1.092514161583,0.0,0.559191152453,0.475475177169,-0.000331523363,-0.286861747788
650,1,0.232457007935,-0.003787475277,0.0,-0.232457007935,0.003787475277,0.0,0.068449633914,0.505954252371,0.0,-0.123580374958,0.497340214774,0.0,-0.083403743249,0.963177763525,0.0,0.020960774796,0.846510879078,0.0,-0.137989929047,1.017541845218,0.0,0.063803055957,0.869463437469,0.0,-0.039572598585,1.157647515961,0.0,0.035727496298,1.053294603356,0.0,0.556886300445,0.473839908838,-0.000337308273,-0.297883533552
651,1,0.212901132598,-0.005202728292,0.0,-0.212901132598,0.005202728292,0.0,0.08606990004,0.463684965355,0.0,-0.116831237611,0.453904133953,0.0,0.020165951353,0.893165619193,0.0,0.014015209086,0.779666865872,0.0,-0.022417507239,0.947701208002,0.0,0.049639907371,0.801806741744,0.0,0.024264509375,1.061255887066,0.0,0.022399531108,0.961085255131,0.0,0.555319428444,0.472123712301,-0.000349818263,-0.328260826034
652,1,0.16861029228,-0.005021292621,0.0,-0.16861029228,0.005021292621,0.0,0.082190785679,0.368800408135,0.0,-0.093961260215,0.360248355637,0.0,0.066201080152,0.714500517575,0.0,0.013940637963,0.623111822771,0.0,0.035243983751,0.757138096534,0.0,0.037777182181,0.641293233509,0.0,0.073068615592,0.848185875454,0.0,0.013091667923,0.76509520607,0.0,0.553318157792,0.471559166908,-0.000330618583,-0.4129645384
653,1,0.184647498508,-0.005781254079,0.0,-0.184647498508,0.005781254079,0.0,0.116009300835,0.400437169992,0.0,-0.101736054953,0.392601955817,0.0,0.127916899559,0.784799673967,0.0,0.01218994914,0.683662868387,0.0,0.106789144248,0.83208813702,0.0,0.03860951429,0.704084648948,0.0,0.129129375657,0.92760525724,0.0,0.006710037303,0.837661231206,0.0,0.552211150527,0.471456378698,-0.00032632798,-0.37739701321
654,1,0.197015550969,-0.006274232793,0.0,-0.197015550969,0.006274232793,0.0,0.146339282119,0.42163423895,0.0,-0.107981352333,0.41662957677,0.0,0.190702317964,0.832742632375,0.0,0.01065223822,0.73189600239,0.0,0.193553039716,0.880769498062,0.0,0.039631669967,0.752115801232,0.0,0.162104212264,0.988733203431,0.0,0.008245006999,0.893821344352,0.0,0.551881328225,0.471490979195,-0.000313557684,-0.353805135817
655,1,0.206360560485,-0.006625732767,0.0,-0.206360560485,0.006625732767,0.0,0.196655292627,0.437226753692,0.0,-0.112470413298,0.432856111481,0.0,0.254919747916,0.863239458726,0.0,0.009773723383,0.760682307713,0.0,0.249676308708,0.91500392393,0.0,0.04396504647,0.781694255985,0.0,0.231299569676,1.028935991895,0.0,0.012424524541,0.930030678179,0.0,0.551385238767,0.471587792039,-0.000316156074,-0.340228416351
656,1,0.211461882865,-0.006909473815,0.0,-0.211461882865,0.006909473815,0.0,0.229493982127,0.446472230809,0.0,-0.113094694459,0.441981030321,0.0,0.28940487483,0.873230063859,0.0,0.009305866568,0.776844387452,0.0,0.275891091861,0.915559534495,0.0,0.044796785087,0.798933118407,0.0,0.284062792936,1.049914853988,0.0,0.016520997245,0.949920180384,0.0,0.551198616624,0.471675798297,-0.000314841047,-0.333019947628
657,1,0.240601761446,-0.008068120041,0.0,-0.240601761446,0.008068120041,0.0,0.271210448205,0.50260391277,0.0,-0.12911638941,0.497809835882,0.0,0.337845530689,0.964839847351,0.0,0.007945676808,0.876040418116,0.0,0.317589459708,1.004047342521,0.0,0.050775956089,0.901480323407,0.0,0.336384900107,1.177473432588,0.0,0.024975792903,1.071486893211,0.0,0.550470948219,0.471781820059,-0.000317011029,-0.294997230877
658,1,0.227448018667,-0.00752637519,0.0,-0.227448018667,0.00752637519,0.0,0.264781668749,0.47114496214,0.0,-0.123303430937,0.467032659237,0.0,0.320128805943,0.8907566745,0.0,0.004879176192,0.822324290726,0.0,0.296591764286,0.924668809684,0.0,0.046678582056,0.849561020765,0.0,0.316457845089,1.096565611938,0.0,0.018838099887,1.008619746949,0.0,0.549795761704,0.471962317824,-0.000312028453,-0.314336264082
659,1,0.228304157285,-0.00744109408,0.0,-0.228304157285,0.00744109408,0.0,0.271031666898,0.469992004278,0.0,-0.124316258954,0.466244196322,0.0,0.306549042966,0.865777524618,0.0,0.003158243328,0.820457388347,0.0,0.27789564361,0.895931126234,0.0,0.045390512975,0.848183064669,0.0,0.311808695864,1.07467924585,0.0,0.017301168466,1.008966430234,0.0,0.549420699477,0.472103655338,-0.000317867845,-0.314848884079
660,1,0.244560425235,-0.008152829986,0.0,-0.244560425235,0.008152829986,0.0,0.290311284038,0.499110618084,0.0,-0.135198195666,0.497981266286,0.0,0.316341682327,0.902717535826,0.0,0.00019160629,0.87476189045,0.0,0.273011410969,0.938786347625,0.0,0.04404719276,0.904878342079,0.0,0.333237249471,1.116129903587,0.0,0.017721689497,1.077195626531,0.0,0.548502698541,0.472192972898,-0.000309608877,-0.295291501115
661,1,0.248206531579,-0.008607465453,0.0,-0.248206531579,0.008607465453,0.0,0.289467786402,0.502105550736,0.0,-0.139084338931,0.504377242841,0.0,0.308845189524,0.884635413092,0.0,-0.002941492507,0.882088172771,0.0,0.267889770785,0.922058776882,0.0,0.041567192888,0.91315393963,0.0,0.333639022112,1.100386811083,0.0,0.01356692543,1.08742401135,0.0,0.547601759434,0.472768843174,-0.000305171125,-0.292238781852
662,1,0.244324614332,-0.008674812935,0.0,-0.244324614332,0.008674812935,0.0,0.282181514569,0.49208718056,0.0,-0.140280431098,0.49375410873,0.0,0.286768215652,0.850396579032,0.0,-0.007403727732,0.862452673503,0.0,0.247532536537,0.888718136247,0.0,0.035681537987,0.892666870996,0.0,0.327978462036,1.070918242687,0.0,0.010587262693,1.067475043535,0.0,0.546420454979,0.472886815667,-0.000299664214,-0.298179094774
663,1,0.234698771097,-0.008312594284,0.0,-0.234698771097,0.008312594284,0.0,0.266945902435,0.470696954091,0.0,-0.138260769094,0.470843206576,0.0,0.263778736475,0.801661316901,0.0,-0.014012828229,0.828061720946,0.0,0.229042904259,0.837233620837,0.0,0.025705801088,0.857691626497,0.0,0.314889066241,1.016749392928,0.0,0.00878039991,1.029114568413,0.0,0.545473173261,0.472846388817,-0.000296755228,-0.309327567945
664,1,0.219254197042,-0.007493506371,0.0,-0.219254197042,0.007493506371,0.0,0.245449075364,0.442237350857,0.0,-0.130708436606,0.442461180174,0.0,0.237932411129,0.754285334666,0.0,-0.023921307706,0.776390011557,0.0,0.206860054105,0.785856622016,0.0,0.011191240576,0.803928406431,0.0,0.284415020147,0.954987063923,0.0,0.006558946886,0.966814154569,0.0,0.544463679194,0.472160518169,-0.000286868773,-0.330738483338
665,1,0.222582607552,-0.007448184046,0.0,-0.222582607552,0.007448184046,0.0,0.24397809572,0.446777421118,0.0,-0.132554013194,0.447111087809,0.0,0.233991694032,0.763223010935,0.0,-0.030357245189,0.784122828214,0.0,0.205476586014,0.794848089322,0.0,0.004956207759,0.812189463416,0.0,0.286631669171,0.965072224532,0.0,0.004267735472,0.978211147748,0.0,0.543495371938,0.472024649382,-0.000281287823,-0.327081208835
666,1,0.234343080254,-0.007753527933,0.0,-0.234343080254,0.007753527933,0.0,0.253175422035,0.470141375135,0.0,-0.142527361282,0.469996400926,0.0,0.240239978216,0.80559767762,0.0,-0.037970809566,0.826040193216,0.0,0.212501611545,0.841516526071,0.0,-0.000742008725,0.856084417888,0.0,0.301015086859,1.009540098268,0.0,0.000912233409,1.031195980788,0.0,0.542378351092,0.471944153309,-0.000282151839,-0.310410431514
667,1,0.211462871771,-0.00756252507,0.0,-0.211462871771,0.00756252507,0.0,0.220912120078,0.425062753904,0.0,-0.133210645514,0.423326159639,0.0,0.208969440418,0.727585754263,0.0,-0.042634766218,0.746770565492,0.0,0.184589915584,0.761756788553,0.0,-0.00859571725,0.774285867563,0.0,0.265804450181,0.906613103452,0.0,-0.001478729243,0.931623455766,0.0,0.540370389819,0.47140263021,-0.000274964841,-0.344119625728
668,1,0.215130044274,-0.007572686518,0.0,-0.215130044274,0.007572686518,0.0,0.221572629554,0.433847527621,0.0,-0.135973961269,0.431785964008,0.0,0.209555066845,0.74483479651,0.0,-0.046234654408,0.764224991817,0.0,0.181287235595,0.779764281813,0.0,-0.012040645854,0.792923266229,0.0,0.267522326521,0.927779773348,0.0,-0.003651470479,0.951727342011,0.0,0.539209574461,0.471347004175,-0.00028023473,-0.33697341704
669,1,0.215716134477,-0.007583700366,0.0,-0.215716134477,0.007583700366,0.0,0.216119099972,0.436580393229,0.0,-0.137229090296,0.434191586742,0.0,0.203606185536,0.750053582822,0.0,-0.052664664914,0.768711454315,0.0,0.175462442265,0.785818282096,0.0,-0.020623217438,0.797589818267,0.0,0.266634185819,0.932949591464,0.0,-0.00809963313,0.957255737477,0.0,0.537174001336,0.471202611923,-0.000280908949,-0.335175409887
670,1,0.21205171733,-0.007614225329,0.0,-0.21205171733,0.007614225329,0.0,0.20987522094,0.42969718579,0.0,-0.135243143044,0.427174841674,0.0,0.197439804557,0.742228159736,0.0,-0.054852467837,0.760369405091,0.0,0.168761749376,0.778302562325,0.0,-0.023349857859,0.789502444511,0.0,0.258535442845,0.919110965108,0.0,-0.0101321355,0.945190640598,0.0,0.53614589572,0.470761373639,-0.000282823807,-0.339430735127
671,1,0.212050371815,-0.006641862908,0.0,-0.212050371815,0.006641862908,0.0,0.206622203487,0.43161117678,0.0,-0.135245830338,0.428181564134,0.0,0.194504074668,0.745893620198,0.0,-0.057819625406,0.763543058963,0.0,0.163452380762,0.782190676447,0.0,-0.025987466885,0.792930769951,0.0,0.254841481032,0.923186234272,0.0,-0.013074980547,0.95022340672,0.0,0.534986793995,0.47010499239,-0.000284280744,-0.33893325641
672,1,0.212772399843,-0.006646927409,0.0,-0.212772399843,0.006646927409,0.0,0.204066541521,0.431770825336,0.0,-0.134483616079,0.427578013228,0.0,0.190523968025,0.747507385482,0.0,-0.061759120081,0.764814118888,0.0,0.158168873858,0.784062513759,0.0,-0.029986365821,0.794226511754,0.0,0.255766999138,0.922973480842,0.0,-0.01563043645,0.951712642272,0.0,0.533619254827,0.470110967755,-0.00028425816,-0.338381335241
673,1,0.207531909414,-0.00660278909,0.0,-0.207531909414,0.00660278909,0.0,0.198902704038,0.422586845518,0.0,-0.131803003944,0.419284089163,0.0,0.185360693978,0.734297424487,0.0,-0.062225155782,0.751300074379,0.0,0.15299501325,0.769930324817,0.0,-0.031351586327,0.780069971859,0.0,0.249188678336,0.907253846493,0.0,-0.014739754245,0.931403620326,0.0,0.533147975802,0.47001324594,-0.000275727332,-0.344678501329
674,1,0.198699349519,-0.006199284748,0.0,-0.198699349519,0.006199284748,0.0,0.18813358395,0.404664324366,0.0,-0.125892039613,0.401636566398,0.0,0.174614843386,0.702686971705,0.0,-0.061630029982,0.719497653713,0.0,0.142175265645,0.737066434638,0.0,-0.032399411915,0.747049091787,0.0,0.237780781445,0.869427988054,0.0,-0.017000745042,0.894286410987,0.0,0.531919032335,0.470051407814,-0.000274293241,-0.359861296166
675,1,0.189388433233,-0.005976373178,0.0,-0.189388433233,0.005976373178,0.0,0.177978386224,0.387862229327,0.0,-0.123068250745,0.385536034146,0.0,0.163182353368,0.674289624273,0.0,-0.062759910941,0.690901918515,0.0,0.130732527052,0.707512304085,0.0,-0.035609356068,0.717293139659,0.0,0.226869680551,0.833136069115,0.0,-0.019367662493,0.852844230913,0.0,0.530730828643,0.469993412495,-0.000273152778,-0.374739805557
676,1,0.211228773844,-0.006617424786,0.0,-0.211228773844,0.006617424786,0.0,0.1957101579,0.433805923681,0.0,-0.139755746763,0.431197811244,0.0,0.178261300341,0.754242044444,0.0,-0.074118635916,0.773005722312,0.0,0.141762760362,0.791283503797,0.0,-0.043951783047,0.802408413714,0.0,0.251025929321,0.931561486868,0.0,-0.025317452185,0.954137787794,0.0,0.529340818524,0.469978302717,-0.000278214458,-0.335010283786
677,1,0.220532273104,-0.00664811989,0.0,-0.220532273104,0.00664811989,0.0,0.203754069725,0.454899279728,0.0,-0.147085184597,0.451974919974,0.0,0.185059622941,0.791763768796,0.0,-0.079450557801,0.812775724429,0.0,0.145763643866,0.830748940032,0.0,-0.048123445039,0.843431694103,0.0,0.261426492254,0.97749472172,0.0,-0.024471398278,1.000228549049,0.0,0.52868282795,0.470335736871,-0.000274708902,-0.318918995956
678,1,0.239135136818,-0.007005264766,0.0,-0.239135136818,0.007005264766,0.0,0.220645017015,0.493630517843,0.0,-0.161431071943,0.48991439124,0.0,0.199934069172,0.860041007637,0.0,-0.087059520382,0.883148318127,0.0,0.156700383792,0.902787447189,0.0,-0.052843289776,0.916440500395,0.0,0.283082656151,1.062494852692,0.0,-0.02794097013,1.084219039981,0.0,0.528297528625,0.470633164048,-0.000288987299,-0.293040839715
679,1,0.232704097334,-0.006217023744,0.0,-0.232704097334,0.006217023744,0.0,0.214374027472,0.478584310136,0.0,-0.158020354663,0.475010098593,0.0,0.193872244642,0.835322643076,0.0,-0.085565590019,0.85757081206,0.0,0.151629851475,0.877070456356,0.0,-0.052237127471,0.889630724752,0.0,0.277467540145,1.032834983803,0.0,-0.028046900202,1.052879141532,0.0,0.528063505888,0.471308469772,-0.000286278548,-0.300807204417
680,1,0.216410223584,-0.005712092156,0.0,-0.216410223584,0.005712092156,0.0,0.199040103691,0.442948609023,0.0,-0.147521379394,0.440954742496,0.0,0.177786938873,0.777294664589,0.0,-0.080091718166,0.797954166615,0.0,0.138498018281,0.816435307716,0.0,-0.049270463772,0.827813506662,0.0,0.256580330705,0.96118434085,0.0,-0.026693030975,0.980090869633,0.0,0.527897670865,0.471228405833,-0.000288331416,-0.323393285529
681,1,0.225787751927,-0.00598830836,0.0,-0.225787751927,0.00598830836,0.0,0.206980670681,0.461809140323,0.0,-0.153605161807,0.460057655385,0.0,0.184866851987,0.809181092368,0.0,-0.08399069873,0.83076531414,0.0,0.143547817399,0.850016272755,0.0,-0.051860665638,0.861801942446,0.0,0.26697849548,1.001534999511,0.0,-0.028728494816,1.020514000353,0.0,0.527746036649,0.471663340926,-0.000286917726,-0.310123778977
682,1,0.231579138258,-0.006156194694,0.0,-0.231579138258,0.006156194694,0.0,0.212385217418,0.47245378548,0.0,-0.157997578525,0.471696903769,0.0,0.18882360213,0.830121698153,0.0,-0.086133838628,0.851571477429,0.0,0.146091527561,0.872040208674,0.0,-0.053402598453,0.883654863137,0.0,0.275694459007,1.028147505192,0.0,-0.028665835095,1.047274195851,0.0,0.527741029859,0.471660643816,-0.000294712088,-0.302322315275
683,1,0.239357679724,-0.006437377553,0.0,-0.239357679724,0.006437377553,0.0,0.219476673445,0.488450348198,0.0,-0.163522614962,0.487421501662,0.0,0.195096579385,0.857494031818,0.0,-0.088846302632,0.879991408094,0.0,0.150650307063,0.90072230891,0.0,-0.055029779055,0.913201840114,0.0,0.284125657777,1.062780423538,0.0,-0.028846297499,1.081024350418,0.0,0.527693673968,0.471792250872,-0.000295861959,-0.292274330884
684,1,0.226809917301,-0.006144254744,0.0,-0.226809917301,0.006144254744,0.0,0.207897266122,0.463611693916,0.0,-0.154965725969,0.462278685356,0.0,0.183966155836,0.813018512848,0.0,-0.084382216893,0.83517994936,0.0,0.141432198477,0.8540631092,0.0,-0.0523022143,0.867065792575,0.0,0.269261202216,1.007624805662,0.0,-0.02679965072,1.025129511271,0.0,0.527645990252,0.471843928099,-0.000293883641,-0.308216187778
685,1,0.22585701029,-0.005974499205,0.0,-0.22585701029,0.005974499205,0.0,0.207014929211,0.462535417109,0.0,-0.154397359227,0.460765836972,0.0,0.183092574189,0.809505409162,0.0,-0.083533473229,0.831390436367,0.0,0.140557856163,0.850553506574,0.0,-0.049858690571,0.86314409813,0.0,0.267958672198,1.002894330627,0.0,-0.026811401592,1.019683005549,0.0,0.527621850371,0.471903055906,-0.000287196191,-0.309546131384
686,1,0.216570172982,-0.005749532514,0.0,-0.216570172982,0.005749532514,0.0,0.198615218684,0.443963161092,0.0,-0.148047149085,0.442157488436,0.0,0.17544946916,0.776835110302,0.0,-0.080405905186,0.797728900282,0.0,0.134349359907,0.816275648277,0.0,-0.048408225777,0.828184295865,0.0,0.257073686216,0.96221337791,0.0,-0.025732959451,0.978245926213,0.0,0.527653187513,0.471835002303,-0.000286079972,-0.322702459608
687,1,0.227446711026,-0.006420396818,0.0,-0.227446711026,0.006420396818,0.0,0.209283116427,0.467107586823,0.0,-0.155231060232,0.464821697549,0.0,0.184916158252,0.818068887176,0.0,-0.083218556438,0.839606935991,0.0,0.141744216411,0.859687026372,0.0,-0.049105009207,0.872370313109,0.0,0.269945995475,1.010845872941,0.0,-0.026511411691,1.028742618613,0.0,0.527791693807,0.471702694893,-0.000290653537,-0.306903172039
688,1,0.210727639144,-0.006017617429,0.0,-0.210727639144,0.006017617429,0.0,0.194675110876,0.433424651452,0.0,-0.143168117027,0.431307179994,0.0,0.172043881131,0.758783579314,0.0,-0.076468395933,0.779327749149,0.0,0.131843144756,0.797202900826,0.0,-0.0448839347,0.809334768825,0.0,0.251850079336,0.937537255486,0.0,-0.023413202399,0.953513934835,0.0,0.52799937129,0.471497833729,-0.000279865228,-0.331228953524
689,1,0.208988003013,-0.00596809832,0.0,-0.208988003013,0.00596809832,0.0,0.194120149649,0.430311759107,0.0,-0.140657918747,0.427958225802,0.0,0.171880687383,0.752980818354,0.0,-0.074436022198,0.77283900096,0.0,0.132151474983,0.791213333456,0.0,-0.042885828724,0.802650720212,0.0,0.250421608903,0.930794631158,0.0,-0.021710809439,0.94547825229,0.0,0.528412178159,0.471497401595,-0.000279729022,-0.334044673565
690,1,0.188547614732,-0.005408070988,0.0,-0.188547614732,0.005408070988,0.0,0.175769647773,0.387869579992,0.0,-0.1261410345,0.38598844187,0.0,0.155668805252,0.6775568063,0.0,-0.066170022938,0.69637060089,0.0,0.119657286193,0.711989581959,0.0,-0.037569869518,0.723148984984,0.0,0.22573299487,0.838161306426,0.0,-0.018251681495,0.851988926576,0.0,0.528711184859,0.471491441131,-0.000276512525,-0.370465888916
691,1,0.19146399212,-0.005296975512,0.0,-0.19146399212,0.005296975512,0.0,0.180028776925,0.395138155461,0.0,-0.126957926383,0.392899030673,0.0,0.159397226343,0.689175253741,0.0,-0.065627792129,0.708098389674,0.0,0.122352940056,0.723908799177,0.0,-0.036374631187,0.735181673742,0.0,0.229124568515,0.8525518262,0.0,-0.017282785123,0.865486160756,0.0,0.529349431396,0.470838695765,-0.000277157407,-0.364954952054
692,1,0.209980950223,-0.005576835649,0.0,-0.209980950223,0.005576835649,0.0,0.199096971852,0.434475619367,0.0,-0.138443579267,0.431947909187,0.0,0.177284111103,0.757057399976,0.0,-0.070366595328,0.778076418831,0.0,0.136183948697,0.794699147199,0.0,-0.038124622147,0.807597980007,0.0,0.253843202007,0.936328715046,0.0,-0.017458202818,0.953397615361,0.0,0.529851391912,0.470609948039,-0.000282018329,-0.332508490328
693,1,0.20955331905,-0.005653736822,0.0,-0.20955331905,0.005653736822,0.0,0.201298312633,0.434993171318,0.0,-0.136890680166,0.432384278627,0.0,0.179397335601,0.758596669272,0.0,-0.067581665664,0.779006658302,0.0,0.13827915994,0.797015999702,0.0,-0.035640173635,0.808868748958,0.0,0.256794903964,0.936736238783,0.0,-0.0147082267,0.955407264964,0.0,0.530536010861,0.470583587885,-0.000281163957,-0.332305564416
694,1,0.206006849759,-0.00605806597,0.0,-0.206006849759,0.00605806597,0.0,0.200832917262,0.427586061782,0.0,-0.134275289373,0.424805616879,0.0,0.178231168822,0.746263805154,0.0,-0.063317643605,0.766678384402,0.0,0.137656246132,0.785080609151,0.0,-0.030947363065,0.796423002964,0.0,0.254833184809,0.921335822735,0.0,-0.012820288348,0.939229222889,0.0,0.531734123826,0.470848828554,-0.000278712341,-0.337719899725
695,1,0.207572030276,-0.006167801664,0.0,-0.207572030276,0.006167801664,0.0,0.204804432062,0.426527642249,0.0,-0.134896673147,0.424307274283,0.0,0.182323824753,0.743905463324,0.0,-0.060120729201,0.767073398893,0.0,0.141706531803,0.78131145547,0.0,-0.027116782614,0.79726549184,0.0,0.255625117887,0.922289627786,0.0,-0.009632798235,0.940281180368,0.0,0.53317989409,0.470779284835,-0.000281696441,-0.337381545424
696,1,0.184313939355,-0.005572498446,0.0,-0.184313939355,0.005572498446,0.0,0.183950561205,0.375509036379,0.0,-0.117800256856,0.37318158027,0.0,0.164305969687,0.654575520293,0.0,-0.049423084698,0.675145321901,0.0,0.128431498813,0.687608624536,0.0,-0.01975661561,0.701823703914,0.0,0.22924057925,0.812183616173,0.0,-0.00454125444,0.827822023881,0.0,0.534758418798,0.470832377672,-0.000270887977,-0.383090309628
697,1,0.190326642188,-0.006138068106,0.0,-0.190326642188,0.006138068106,0.0,0.189983998234,0.388099994056,0.0,-0.12088761073,0.385973692173,0.0,0.170445430768,0.67582833452,0.0,-0.049363352947,0.695695426217,0.0,0.132544645235,0.710216758796,0.0,-0.01866531075,0.723100203537,0.0,0.240909987314,0.837187081901,0.0,-0.003377983214,0.85276225924,0.0,0.535388588905,0.471120357513,-0.000270104734,-0.371481001276
698,1,0.185946225889,-0.006127466046,0.0,-0.185946225889,0.006127466046,0.0,0.191906310952,0.380638049147,0.0,-0.115144148561,0.377873390608,0.0,0.173523991507,0.661228856685,0.0,-0.042331925562,0.682035406774,0.0,0.137515518046,0.694775405337,0.0,-0.011748972509,0.707885577922,0.0,0.242853006009,0.820849406211,0.0,0.007510306823,0.836122861935,0.0,0.537497028708,0.471077382565,-0.000277612358,-0.378714107135
699,1,0.223617869778,-0.008209913094,0.0,-0.223617869778,0.008209913094,0.0,0.235116461537,0.456213686376,0.0,-0.13848202549,0.452453523225,0.0,0.213144330533,0.786451753046,0.0,-0.047167528871,0.815129986918,0.0,0.169240496326,0.824957720408,0.0,-0.010269038812,0.845042591069,0.0,0.294142559603,0.981364374114,0.0,0.013163971494,1.000313110269,0.0,0.538822472095,0.472127869725,-0.000279423781,-0.315510471825
700,1,0.223751453242,-0.008195059512,0.0,-0.223751453242,0.008195059512,0.0,0.23967471433,0.457725104852,0.0,-0.141876136487,0.450687237967,0.0,0.215179058562,0.782930287375,0.0,-0.046357134728,0.811972265915,0.0,0.169803089605,0.820407027592,0.0,-0.009276973773,0.841882304008,0.0,0.294268981441,0.979436820816,0.0,0.014502122511,0.997126293491,0.0,0.538986504078,0.472789406776,-0.000294793397,-0.31592414295
701,1,0.211645724599,-0.008557332678,0.0,-0.211645724599,0.008557332678,0.0,0.233299089665,0.430414681309,0.0,-0.132945161666,0.423069387758,0.0,0.208061582823,0.734528689371,0.0,-0.040782606607,0.761374377325,0.0,0.16596462815,0.769519677953,0.0,-0.003130431594,0.788486734305,0.0,0.282169739402,0.922536033567,0.0,0.017903931104,0.936224037457,0.0,0.539550602436,0.473560139537,-0.00028316956,-0.335720192303
702,1,0.208510616883,-0.008928628098,0.0,-0.208510616883,0.008928628098,0.0,0.234728771407,0.423474292977,0.0,-0.127523058841,0.417011174708,0.0,0.213977888399,0.72170750249,0.0,-0.03655327308,0.74380031588,0.0,0.171212930145,0.754962401744,0.0,0.001162818446,0.769952826379,0.0,0.284369442745,0.905105464008,0.0,0.020649295193,0.914673709456,0.0,0.540495619178,0.473970204592,-0.000283216126,-0.343677246773
703,1,0.21404760072,-0.009471212349,0.0,-0.21404760072,0.009471212349,0.0,0.2475625047,0.43521571523,0.0,-0.130870227927,0.427336192178,0.0,0.23217176794,0.741123289978,0.0,-0.036411567503,0.76368924831,0.0,0.185644602534,0.774818475907,0.0,0.003151818124,0.790051009693,0.0,0.302247406043,0.932368162074,0.0,0.021911111973,0.938573956414,0.0,0.540709033608,0.474494948983,-0.000283803791,-0.334751777198
704,1,0.230685542778,-0.010543094253,0.0,-0.230685542778,0.010543094253,0.0,0.277177733928,0.466407661409,0.0,-0.139881556027,0.458961152009,0.0,0.268733512137,0.800905652522,0.0,-0.0357160165,0.821017680813,0.0,0.215537949826,0.836129945498,0.0,0.014929400212,0.85034856778,0.0,0.336273116865,1.009195754614,0.0,0.02503519945,1.008725668456,0.0,0.541084647179,0.47465108335,-0.000281617045,-0.311282092913
705,1,0.250056956179,-0.011613275414,0.0,-0.250056956179,0.011613275414,0.0,0.307393957023,0.505607938024,0.0,-0.149251165348,0.497807523268,0.0,0.312067940149,0.882751362666,0.0,-0.035433410482,0.892492907844,0.0,0.254065050242,0.915700993452,0.0,0.023015445634,0.924581312423,0.0,0.395089855905,1.115141148116,0.0,0.030607556099,1.096513682158,0.0,0.541757076979,0.474707990885,-0.000281751156,-0.2872867533
706,1,0.259244920434,-0.012058286827,0.0,-0.259244920434,0.012058286827,0.0,0.332038872647,0.522620720306,0.0,-0.149989949133,0.514034676898,0.0,0.348910235895,0.933923385688,0.0,-0.031350860339,0.922346170894,0.0,0.291588125709,0.96747119876,0.0,0.031015223707,0.956535056358,0.0,0.428079570586,1.167521554998,0.0,0.039281052205,1.134241051765,0.0,0.543038964272,0.474692940712,-0.000282513909,-0.278278559399
707,1,0.240116954345,-0.011222337037,0.0,-0.240116954345,0.011222337037,0.0,0.31956206696,0.483168047516,0.0,-0.138372148985,0.474618902723,0.0,0.344173736519,0.880777355561,0.0,-0.027060358615,0.852964708252,0.0,0.285901839471,0.914342909451,0.0,0.032118166881,0.886566309412,0.0,0.424979336475,1.090105237552,0.0,0.038060222597,1.048739410995,0.0,0.543749168515,0.474752500653,-0.000282129273,-0.30093944474
708,1,0.223540911905,-0.010355376248,0.0,-0.223540911905,0.010355376248,0.0,0.301839850288,0.448943432973,0.0,-0.125473634516,0.439968758233,0.0,0.330274090057,0.828615704438,0.0,-0.020675672903,0.78994024652,0.0,0.279843428419,0.860836701191,0.0,0.038588885345,0.822639760182,0.0,0.394727393627,1.019061756132,0.0,0.040125950805,0.971532999784,0.0,0.545090332627,0.474664911628,-0.000270744786,-0.324108266195
709,1,0.219102190672,-0.010082444811,0.0,-0.219102190672,0.010082444811,0.0,0.299206134912,0.439107198358,0.0,-0.118507354526,0.429976978456,0.0,0.341746243772,0.81893498243,0.0,-0.014623928804,0.772319440787,0.0,0.293290572407,0.854479562005,0.0,0.044047319194,0.805265344684,0.0,0.390629338356,1.003057550362,0.0,0.044089360822,0.947124038812,0.0,0.546675413847,0.47406321764,-0.000281231478,-0.331754204269
710,1,0.242792740471,-0.011036933385,0.0,-0.242792740471,0.011036933385,0.0,0.332493284248,0.482614204431,0.0,-0.129073866877,0.472199198352,0.0,0.391927721788,0.925367856587,0.0,-0.012099079129,0.849265885991,0.0,0.337317674524,0.975997331561,0.0,0.052062560174,0.885400812623,0.0,0.440596403668,1.113591523363,0.0,0.050448359924,1.042273365354,0.0,0.547693312168,0.474406242371,-0.000292693265,-0.301124893315
711,1,0.249120970827,-0.011340342096,0.0,-0.249120970827,0.011340342096,0.0,0.338952371726,0.497183404241,0.0,-0.129909362743,0.485174509531,0.0,0.399596174319,0.948421882871,0.0,-0.010373392791,0.870088187244,0.0,0.344787234014,0.997542927852,0.0,0.051446044081,0.903567646866,0.0,0.453222380493,1.157985209674,0.0,0.054046618915,1.071044057623,0.0,0.548390060663,0.474416211247,-0.000280139968,-0.293831785189
712,1,0.208795737643,-0.009548662703,0.0,-0.208795737643,0.009548662703,0.0,0.281730689501,0.41788110962,0.0,-0.108270213112,0.407324148618,0.0,0.333812734707,0.80796986784,0.0,-0.007140840754,0.727009523209,0.0,0.289158953316,0.855033597404,0.0,0.043566217434,0.748697695991,0.0,0.381175496519,0.972196065116,0.0,0.047692454221,0.897849129929,0.0,0.548995569348,0.47440032661,-0.000281928107,-0.350413596564
713,1,0.211806511134,-0.009712193227,0.0,-0.211806511134,0.009712193227,0.0,0.272486248519,0.426389209774,0.0,-0.10747853724,0.415877221495,0.0,0.326950220371,0.835146444088,0.0,-0.003929299757,0.741889769045,0.0,0.273834001543,0.892495969721,0.0,0.046456661934,0.763726799799,0.0,0.390356748451,0.990270459875,0.0,0.051632061275,0.914457272455,0.0,0.550171107054,0.474281519651,-0.000290969387,-0.343895142359
714,1,0.212586911651,-0.009800638697,0.0,-0.212586911651,0.009800638697,0.0,0.252144254576,0.435037231534,0.0,-0.107173018307,0.424493177124,0.0,0.307339978212,0.853854499828,0.0,-0.002608617681,0.750452562922,0.0,0.244906383746,0.91454965873,0.0,0.042848623124,0.77153295705,0.0,0.379092569167,1.005115576558,0.0,0.054229896879,0.924188639577,0.0,0.550855338573,0.474261641502,-0.000318517908,-0.339949357582
715,1,0.187113174359,-0.008821783539,0.0,-0.187113174359,0.008821783539,0.0,0.196613166857,0.387226990812,0.0,-0.092893267636,0.378876757386,0.0,0.234206913069,0.764266893291,0.0,0.00057717921,0.667380767856,0.0,0.183394484479,0.81376803994,0.0,0.040605851494,0.686204418523,0.0,0.302521576227,0.896641276921,0.0,0.046192734211,0.820058544963,0.0,0.551969528198,0.47421887517,-0.000316807069,-0.3823013564
716,1,0.17264782568,-0.00770252024,0.0,-0.17264782568,0.00770252024,0.0,0.162055252613,0.364345284719,0.0,-0.084704775853,0.356217006576,0.0,0.172916244625,0.716101114345,0.0,0.004518178523,0.627372465916,0.0,0.118006848655,0.763755306264,0.0,0.037356930848,0.645023514528,0.0,0.242898975768,0.840801555399,0.0,0.043213184757,0.766386586566,0.0,0.553694725037,0.473544478416,-0.000312161632,-0.407810000076
717,1,0.181152157573,-0.008071807848,0.0,-0.181152157573,0.008071807848,0.0,0.141456834253,0.385288702226,0.0,-0.089256360115,0.377002997956,0.0,0.133686031706,0.760800718552,0.0,0.010188515182,0.662940841075,0.0,0.069978973794,0.822381552389,0.0,0.041187149177,0.68137123747,0.0,0.213769788712,0.888106619823,0.0,0.043809164745,0.807776271784,0.0,0.554012805223,0.47240665555,-0.000319063198,-0.388314453425
718,1,0.181745141974,-0.00766728438,0.0,-0.181745141974,0.00766728438,0.0,0.116177539027,0.391416600454,0.0,-0.087926670239,0.383114189278,0.0,0.087798304546,0.776112498628,0.0,0.01561450707,0.678706833814,0.0,0.034674667959,0.837862830606,0.0,0.042642991335,0.691863857812,0.0,0.163914948068,0.903058969583,0.0,0.0456742905,0.819162185566,0.0,0.55455237627,0.469714567065,-0.000342095271,-0.389112473283
719,1,0.194476425901,-0.008322851412,0.0,-0.194476425901,0.008322851412,0.0,0.101077615413,0.419479738746,0.0,-0.094302054895,0.410381993972,0.0,0.029249145523,0.829823886139,0.0,0.017271132885,0.725980892801,0.0,-0.032393889372,0.893637391651,0.0,0.041699810788,0.737057788621,0.0,0.127240444022,0.972492805175,0.0,0.04090621917,0.874519345712,0.0,0.554749369621,0.469287022948,-0.000367063796,-0.364196037682
720,1,0.176937005548,-0.00760438917,0.0,-0.176937005548,0.00760438917,0.0,0.068729873269,0.385593610915,0.0,-0.081990212079,0.377365913622,0.0,-0.022588376491,0.745802532285,0.0,0.022044486006,0.659217904607,0.0,-0.058483343541,0.786813318795,0.0,0.044611428759,0.669359296213,0.0,0.014112799907,0.893699380796,0.0,0.043658717937,0.798632257574,0.0,0.557075113058,0.469204455614,-0.000346408226,-0.396275356038
721,1,0.172710540424,-0.006699066427,0.0,-0.172710540424,0.006699066427,0.0,0.051078165743,0.381412533359,0.0,-0.08155775726,0.373265783866,0.0,-0.094163035359,0.731015496578,0.0,0.024914848816,0.646573572537,0.0,-0.134028870166,0.764153561984,0.0,0.049507883153,0.660903254104,0.0,-0.048587459624,0.882334459684,0.0,0.049643758729,0.78876454495,0.0,0.558361560106,0.468620240688,-0.000324309338,-0.401822432155
722,1,0.204577566457,-0.006842749511,0.0,-0.204577566457,0.006842749511,0.0,0.042162892918,0.458818113093,0.0,-0.093618559363,0.449337079902,0.0,-0.171298788035,0.882560182935,0.0,0.037464930009,0.775426159745,0.0,-0.215842443008,0.922659940259,0.0,0.069015166909,0.797954117333,0.0,-0.129002398636,1.064090798425,0.0,0.063721452388,0.95218106656,0.0,0.560849636793,0.469176962972,-0.000335604418,-0.331964206766
723,1,0.249296259555,-0.007547422517,0.0,-0.249296259555,0.007547422517,0.0,0.025169357446,0.56248925263,0.0,-0.112570443064,0.552276544719,0.0,-0.261678268058,1.078991930416,0.0,0.046717068216,0.950819595271,0.0,-0.308205516968,1.121092080189,0.0,0.089056954983,0.975416302711,0.0,-0.247991244951,1.30523122585,0.0,0.090786627679,1.172227386739,0.0,0.561956837773,0.46918541193,-0.000332229771,-0.270752781729
724,1,0.257711856864,-0.004511185024,0.0,-0.257711856864,0.004511185024,0.0,-0.011326650689,0.59155263681,0.0,-0.107564178687,0.579721828387,0.0,-0.310819263678,1.131817069411,0.0,0.059463680008,1.002757110375,0.0,-0.345938238774,1.174605617477,0.0,0.106021166335,1.030776343948,0.0,-0.351022280076,1.37254398193,0.0,0.10762130144,1.234047716486,0.0,0.564937338233,0.470572680235,-0.00033537019,-0.256166583034
725,1,0.277653799548,-0.004476364688,0.0,-0.277653799548,0.004476364688,0.0,-0.04926808187,0.636579650722,0.0,-0.117607136411,0.624961436229,0.0,-0.367633483524,1.196815565136,0.0,0.067994675321,1.077738474534,0.0,-0.40721473808,1.242489392986,0.0,0.117667421613,1.097067166447,0.0,-0.447740963188,1.48039916793,0.0,0.121094635384,1.331897874666,0.0,0.565845131874,0.470654830337,-0.000319396146,-0.23729064706
726,1,0.265100134876,-0.003222217891,0.0,-0.265100134876,0.003222217891,0.0,-0.063958347344,0.611043534329,0.0,-0.109436395236,0.60198421159,0.0,-0.375866076016,1.130830889943,0.0,0.076710232447,1.039780069478,0.0,-0.409750308749,1.167821363553,0.0,0.122843580822,1.053237046243,0.0,-0.450435530677,1.419416430673,0.0,0.126967261925,1.287774141425,0.0,0.568272054195,0.470695465803,-0.000322286272,-0.24540395673
727,1,0.276220922103,-0.001973996783,0.0,-0.276220922103,0.001973996783,0.0,-0.084990232674,0.644497262475,0.0,-0.112001400213,0.634877874462,0.0,-0.41924623622,1.182743083345,0.0,0.092507467323,1.099020797839,0.0,-0.449433631328,1.219438648653,0.0,0.135458358569,1.113407996105,0.0,-0.468594292868,1.470944686499,0.0,0.140176319444,1.361178157193,0.0,0.570716947317,0.470976039767,-0.000322913285,-0.231964806764
728,1,0.274159922858,-0.000701786798,0.0,-0.274159922858,0.000701786798,0.0,-0.089347690051,0.643167857103,0.0,-0.111313847598,0.633152844116,0.0,-0.429396342073,1.164298272029,0.0,0.097895284023,1.099090560671,0.0,-0.450850454229,1.202052709479,0.0,0.140795046894,1.112015283774,0.0,-0.514144341451,1.446126311798,0.0,0.142233748291,1.358790906289,0.0,0.572017908096,0.470867365599,-0.000322602689,-0.232460788932
729,1,0.271451178144,-0.000324558976,0.0,-0.271451178144,0.000324558976,0.0,-0.091712847599,0.632340379643,0.0,-0.112512217175,0.623935264195,0.0,-0.426636951265,1.125551288333,0.0,0.095522997825,1.081876586933,0.0,-0.451432801337,1.156329454009,0.0,0.139192635903,1.093575393706,0.0,-0.502731853847,1.403768204664,0.0,0.136964014478,1.340738193282,0.0,0.572206586599,0.470775783062,-0.000334748998,-0.235436885865
730,1,0.271530636407,0.000818257642,0.0,-0.271530636407,-0.000818257642,0.0,-0.104612750837,0.638289342568,0.0,-0.108271040099,0.632211957234,0.0,-0.427320166714,1.139431337989,0.0,0.102030157238,1.094251093427,0.0,-0.44703971388,1.173115422019,0.0,0.132216882852,1.106145089388,0.0,-0.472519918045,1.409358312619,0.0,0.143336254735,1.356554001245,0.0,0.573332190514,0.471421569586,-0.000334704877,-0.232224665954
731,1,0.267582899042,0.001624667218,0.0,-0.267582899042,-0.001624667218,0.0,-0.093209482841,0.62911114958,0.0,-0.110403525164,0.622827832271,0.0,-0.410840665462,1.100201653019,0.0,0.098747022292,1.076699804405,0.0,-0.427676209289,1.122237697218,0.0,0.129196672753,1.086861469532,0.0,-0.465094616086,1.380813069073,0.0,0.137918537229,1.33434585727,0.0,0.573284178972,0.471191331744,-0.000337783829,-0.236091912305
732,1,0.269409802579,0.002655623187,0.0,-0.269409802579,-0.002655623187,0.0,-0.090511569905,0.632499702467,0.0,-0.104524056913,0.627007273349,0.0,-0.394060721458,1.100696853196,0.0,0.106657391154,1.085850593588,0.0,-0.408891659057,1.121545254052,0.0,0.135568998697,1.096529011665,0.0,-0.439224638204,1.385036803376,0.0,0.143639355653,1.346503485572,0.0,0.574930816889,0.471990212798,-0.000332206488,-0.23340796436
733,1,0.263972242088,0.003818603758,0.0,-0.263972242088,-0.003818603758,0.0,-0.075427658137,0.619796156464,0.0,-0.103300681947,0.614974818117,0.0,-0.37218948501,1.075842013742,0.0,0.107536073641,1.065645131272,0.0,-0.387778537777,1.097403641401,0.0,0.128034381943,1.076644100648,0.0,-0.411544644869,1.357523649516,0.0,0.140262176674,1.323152059149,0.0,0.576638281345,0.473310858011,-0.000340640603,-0.236609259575
734,1,0.242931260025,0.004089828631,0.0,-0.242931260025,-0.004089828631,0.0,-0.063258025031,0.573743051615,0.0,-0.096150936881,0.567803475156,0.0,-0.332540076639,0.995693811617,0.0,0.095972233022,0.983020496885,0.0,-0.353265535984,1.020558312962,0.0,0.114708215805,0.995296148992,0.0,-0.374562010006,1.254046074561,0.0,0.112869520624,1.222542538681,0.0,0.577375143766,0.473415821791,-0.000348505098,-0.256157686141
735,1,0.238125915076,0.004854809075,0.0,-0.238125915076,-0.004854809075,0.0,-0.051325451839,0.57113995037,0.0,-0.087248635708,0.565733837093,0.0,-0.307481690467,0.994738020506,0.0,0.103616048847,0.982035906657,0.0,-0.312036321167,1.021275623296,0.0,0.122855561253,0.994680898959,0.0,-0.358173348552,1.246831663228,0.0,0.116329308363,1.218591559684,0.0,0.579550951719,0.473798409104,-0.000351403374,-0.256693722163
736,1,0.224810260027,0.004914309877,0.0,-0.224810260027,-0.004914309877,0.0,-0.042489190019,0.533166608294,0.0,-0.082915528394,0.526936290836,0.0,-0.280311675676,0.929205703975,0.0,0.100196317682,0.913404284237,0.0,-0.28730586763,0.955221043413,0.0,0.1300071653,0.929061433444,0.0,-0.331374114882,1.163583703586,0.0,0.112545007344,1.138647681279,0.0,0.580528348684,0.473896324635,-0.000356453471,-0.274741407676
737,1,0.226801171946,0.005221149306,0.0,-0.226801171946,-0.005221149306,0.0,-0.038034130363,0.538690100014,0.0,-0.080819127122,0.532418491353,0.0,-0.263360623203,0.939019304726,0.0,0.10309395433,0.923213061018,0.0,-0.276608168148,0.967321167158,0.0,0.14184008951,0.939150255704,0.0,-0.327898617391,1.169772695644,0.0,0.117578843443,1.151329884501,0.0,0.581384122372,0.473989218473,-0.000355666503,-0.271735067602
738,1,0.224144482577,0.005414568745,0.0,-0.224144482577,-0.005414568745,0.0,-0.033087371282,0.5309967842,0.0,-0.077404862992,0.525826442644,0.0,-0.252388447636,0.926922400753,0.0,0.10536887614,0.913249358894,0.0,-0.265349593221,0.955376816901,0.0,0.147476414908,0.943408169042,0.0,-0.322934380555,1.154448174121,0.0,0.119825480231,1.138144060629,0.0,0.58229881525,0.474312156439,-0.000352717005,-0.27529301534
739,1,0.227403809427,0.005416997124,0.0,-0.227403809427,-0.005416997124,0.0,-0.031164521002,0.533006156722,0.0,-0.08143109021,0.527244716206,0.0,-0.248070847596,0.928532134008,0.0,0.107443411737,0.909817448796,0.0,-0.260830899753,0.958388530719,0.0,0.154905538058,0.938759820959,0.0,-0.319975850535,1.157180829222,0.0,0.116012772173,1.140539541111,0.0,0.583456724882,0.47430023551,-0.000356943347,-0.27427834027
740,1,0.229368417003,0.005351635762,0.0,-0.229368417003,-0.005351635762,0.0,-0.027404139644,0.538248151651,0.0,-0.078654753181,0.5330732255,0.0,-0.23129500149,0.937534870665,0.0,0.105856844964,0.918070707374,0.0,-0.249662270857,0.968302525835,0.0,0.15960223404,0.944748483862,0.0,-0.296940812119,1.164043465831,0.0,0.121067911756,1.151130172429,0.0,0.58436948061,0.474368542433,-0.000371136703,-0.271697397114
741,1,0.231176033575,0.005275983424,0.0,-0.231176033575,-0.005275983424,0.0,-0.024183782637,0.537943012791,0.0,-0.078096459809,0.53268278939,0.0,-0.22358332678,0.939174965385,0.0,0.106763227643,0.91871483137,0.0,-0.241669463195,0.9700332001,0.0,0.163204098041,0.945863804662,0.0,-0.297589758619,1.166136208717,0.0,0.125055397528,1.152156025035,0.0,0.58529612422,0.474381104112,-0.00036600139,-0.271359583845
742,1,0.219986824033,0.005054772997,0.0,-0.219986824033,-0.005054772997,0.0,-0.020312794868,0.513128008907,0.0,-0.073798816785,0.508166258265,0.0,-0.20843132222,0.895579815429,0.0,0.104887861482,0.879362621578,0.0,-0.224209002458,0.92555301065,0.0,0.158375349142,0.91669908323,0.0,-0.276638642201,1.111191500249,0.0,0.123180757313,1.097775341946,0.0,0.586223453283,0.474389210343,-0.000372933224,-0.284655913686
743,1,0.208579508293,0.004892621098,0.0,-0.208579508293,-0.004892621098,0.0,-0.017718601424,0.487229563844,0.0,-0.067817108033,0.482801753436,0.0,-0.1869639961,0.850645584049,0.0,0.106590485013,0.836813947728,0.0,-0.202307174708,0.87972750646,0.0,0.151592235733,0.872595469525,0.0,-0.25967317822,1.051973707417,0.0,0.120475231189,1.045167490494,0.0,0.587146222591,0.474356785417,-0.000362310559,-0.299651355974
744,1,0.211496926572,0.005026675288,0.0,-0.211496926572,-0.005026675288,0.0,-0.015739443533,0.495522868135,0.0,-0.066259363443,0.491060533805,0.0,-0.182075742249,0.862353492933,0.0,0.106550040864,0.847807970122,0.0,-0.197407367386,0.892663341054,0.0,0.157012510166,0.882520072184,0.0,-0.261555825587,1.068381485799,0.0,0.125850815186,1.061394156813,0.0,0.588035941124,0.474336370826,-0.000363599509,-0.29464821813
745,1,0.214933693285,0.005159681838,0.0,-0.214933693285,-0.005159681838,0.0,-0.013425508786,0.504230855406,0.0,-0.065806055495,0.499885622242,0.0,-0.180667463191,0.877041833135,0.0,0.109833545922,0.862156953974,0.0,-0.19540582995,0.907706899358,0.0,0.161885107561,0.896508872247,0.0,-0.264049458734,1.085442470617,0.0,0.130712898831,1.079033118133,0.0,0.588791072369,0.474075645208,-0.000362832099,-0.290064944902
746,1,0.222150385369,0.005223427056,0.0,-0.222150385369,-0.005223427056,0.0,-0.013983937104,0.519185805612,0.0,-0.066927974276,0.515061431772,0.0,-0.185412526973,0.905647743058,0.0,0.1246215727,0.888024783329,0.0,-0.200348429939,0.942400209626,0.0,0.167785756416,0.92470674959,0.0,-0.274951093087,1.118429526764,0.0,0.135508683237,1.109678385,0.0,0.589023083448,0.474154129624,-0.000361159444,-0.281535605108
747,1,0.222862276769,0.005304199331,0.0,-0.222862276769,-0.005304199331,0.0,-0.015637990183,0.522934219053,0.0,-0.067949152616,0.519075534344,0.0,-0.185154089404,0.913145255701,0.0,0.125404162177,0.895582719341,0.0,-0.198693592038,0.95172698687,0.0,0.169767951834,0.93802505369,0.0,-0.276037816978,1.126574517053,0.0,0.136808832894,1.116560524661,0.0,0.58925190568,0.474099889398,-0.00036464259,-0.279619445757
748,1,0.225243535325,0.004966975227,0.0,-0.225243535325,-0.004966975227,0.0,-0.01583756145,0.528860592299,0.0,-0.069136137841,0.525195687805,0.0,-0.186862847777,0.922488653597,0.0,0.12052126962,0.905630609895,0.0,-0.200887881963,0.960715541815,0.0,0.171587170856,0.939431566959,0.0,-0.268919744919,1.139405807661,0.0,0.138417997316,1.129924531286,0.0,0.589268773794,0.473885819316,-0.000355589204,-0.276709373384
749,1,0.224744245211,0.00448660772,0.0,-0.224744245211,-0.00448660772,0.0,-0.016674992632,0.524879826771,0.0,-0.069363041279,0.521890330337,0.0,-0.185839974929,0.920746856504,0.0,0.119927765496,0.903249623457,0.0,-0.199127508915,0.959099672536,0.0,0.172211944259,0.934479506659,0.0,-0.271815065289,1.13705247681,0.0,0.138434028778,1.127271091954,0.0,0.589272350073,0.473732352257,-0.000355982222,-0.277457509963
750,1,0.228415082782,0.004472840462,0.0,-0.228415082782,-0.004472840462,0.0,-0.017086084687,0.533037824635,0.0,-0.074783172989,0.528912893591,0.0,-0.189089095917,0.935542611237,0.0,0.1217393765,0.919061002793,0.0,-0.202285644984,0.974428363914,0.0,0.170403915653,0.953777735528,0.0,-0.276379874386,1.155203537883,0.0,0.136539495512,1.14522635137,0.0,0.589271992445,0.473740458488,-0.000355556607,-0.273087760596
751,1,0.233635598958,0.004264937502,0.0,-0.233635598958,-0.004264937502,0.0,-0.017446741406,0.544240652517,0.0,-0.083434966432,0.538161462744,0.0,-0.192826469005,0.955886382708,0.0,0.12337172027,0.938752558821,0.0,-0.20672246113,0.995182352862,0.0,0.16789079141,0.966158778801,0.0,-0.283348766253,1.182030368108,0.0,0.139537675208,1.171364844978,0.0,0.589299052954,0.473536431789,-0.000360315666,-0.267148718303
752,1,0.226962472893,0.004039950653,0.0,-0.226962472893,-0.004039950653,0.0,-0.016221922285,0.529264704032,0.0,-0.08180748032,0.523335533444,0.0,-0.186228475821,0.930513906137,0.0,0.120744133754,0.91379089965,0.0,-0.197707148516,0.968648433885,0.0,0.169746345962,0.940490846638,0.0,-0.273434937506,1.150683614689,0.0,0.138813138854,1.140381957725,0.0,0.589483916759,0.47356274724,-0.000358591788,-0.27442077588
753,1,0.221610963015,0.003796131332,0.0,-0.221610963015,-0.003796131332,0.0,-0.014445278702,0.517413763347,0.0,-0.081960941038,0.510988184046,0.0,-0.180476075396,0.910120361439,0.0,0.118128337875,0.890140722847,0.0,-0.191769459835,0.947198107128,0.0,0.169871563389,0.913074372259,0.0,-0.270861197241,1.126844389874,0.0,0.134045733352,1.115810528187,0.0,0.589993953705,0.473603904247,-0.000357809477,-0.280427325213
754,1,0.224645601345,0.003889294847,0.0,-0.224645601345,-0.003889294847,0.0,-0.013124840597,0.525060410253,0.0,-0.081318728336,0.519135128606,0.0,-0.180419770028,0.926398251001,0.0,0.121714828107,0.908811068095,0.0,-0.191227409582,0.966772142555,0.0,0.174394659211,0.936380089867,0.0,-0.274046162823,1.144632361677,0.0,0.140608199151,1.132802712916,0.0,0.590518593788,0.473577871919,-0.000357543118,-0.276441752558
755,1,0.224518458297,0.003757815718,0.0,-0.224518458297,-0.003757815718,0.0,-0.012692502028,0.523254261314,0.0,-0.079162728353,0.517577611348,0.0,-0.179649591919,0.92386251348,0.0,0.121884394456,0.90333604509,0.0,-0.192007831515,0.963296655825,0.0,0.176308043776,0.929104815996,0.0,-0.273156978407,1.141805278552,0.0,0.142521279219,1.128052305818,0.0,0.590945422649,0.473716467619,-0.000357286073,-0.276926164326
756,1,0.223417220773,0.003835381232,0.0,-0.223417220773,-0.003835381232,0.0,-0.008852629679,0.521548376174,0.0,-0.075015947091,0.515943359645,0.0,-0.173280039951,0.922206083161,0.0,0.125507022781,0.9043280613,0.0,-0.18494655232,0.962928029455,0.0,0.179790503689,0.933339285193,0.0,-0.260874706892,1.138372107549,0.0,0.148752056679,1.125757225611,0.0,0.592020601034,0.473767146468,-0.00036047399,-0.277732366974
757,1,0.223159885359,0.003878021151,0.0,-0.223159885359,-0.003878021151,0.0,-0.008242122815,0.521693367947,0.0,-0.074080172394,0.516007191669,0.0,-0.172613091754,0.922916670351,0.0,0.137170418492,0.904726528916,0.0,-0.183746588852,0.965045579577,0.0,0.180528371028,0.938226811573,0.0,-0.256900954919,1.138806808525,0.0,0.149457632515,1.125858181636,0.0,0.592208862305,0.473678588867,-0.000364622101,-0.277741067264
758,1,0.225591075241,0.00375158013,0.0,-0.225591075241,-0.00375158013,0.0,-0.007895320931,0.525812546727,0.0,-0.074230489861,0.520365196695,0.0,-0.173959981455,0.931002267196,0.0,0.137801684391,0.913343120575,0.0,-0.186287476275,0.973128123004,0.0,0.183025176163,0.946662044392,0.0,-0.256683349775,1.14854895712,0.0,0.15187353587,1.135886500755,0.0,0.592367380857,0.473927482963,-0.000364465639,-0.275102567331
759,1,0.227439185672,0.003732457429,0.0,-0.227439185672,-0.003732457429,0.0,-0.008164767665,0.527274262149,0.0,-0.076706724563,0.519315044895,0.0,-0.176556898809,0.937478514279,0.0,0.138397364568,0.920034317779,0.0,-0.188506738266,0.979961258922,0.0,0.184335973209,0.95787129599,0.0,-0.261929345197,1.156945288215,0.0,0.145876346272,1.145208959477,0.0,0.5923165977,0.473852619529,-0.000368239358,-0.273302190615
760,1,0.224427850243,0.003737775369,0.0,-0.224427850243,-0.003737775369,0.0,-0.00726363943,0.520480646103,0.0,-0.072976162714,0.512941812557,0.0,-0.173143161408,0.925175063343,0.0,0.136556442818,0.908277046911,0.0,-0.184966714591,0.966641230815,0.0,0.183767785204,0.945372395689,0.0,-0.257475897537,1.140718889878,0.0,0.146004307734,1.130510770277,0.0,0.592584222555,0.473816514015,-0.000371199101,-0.27691194745
761,1,0.223432496858,0.00375855435,0.0,-0.223432496858,-0.00375855435,0.0,-0.007388105609,0.517567687928,0.0,-0.073122037901,0.508071388945,0.0,-0.172647708499,0.91401004482,0.0,0.133700775233,0.897657295824,0.0,-0.185646377122,0.948982954287,0.0,0.182643519452,0.929630776275,0.0,-0.257028159036,1.135201702267,0.0,0.150312816156,1.125807405728,0.0,0.592487573624,0.47354143858,-0.000369750895,-0.278148343663
762,1,0.234150161572,0.00404265262,0.0,-0.234150161572,-0.00404265262,0.0,-0.007547167206,0.542301593032,0.0,-0.076823185878,0.533304436561,0.0,-0.179913743806,0.958283189967,0.0,0.140004269785,0.941115263234,0.0,-0.193128520661,0.995109417941,0.0,0.193241352437,0.974645367715,0.0,-0.269292436976,1.189343375962,0.0,0.160320046047,1.18040543935,0.0,0.592386364937,0.473169147968,-0.000367915258,-0.265715362963
763,1,0.229902274353,0.003782547288,0.0,-0.229902274353,-0.003782547288,0.0,-0.008486903851,0.532054628661,0.0,-0.075526216123,0.524302219268,0.0,-0.17429379376,0.94190209502,0.0,0.136257867175,0.926994479947,0.0,-0.186614921751,0.978191145649,0.0,0.179031756805,0.961232763874,0.0,-0.256613808149,1.167158741515,0.0,0.153809265627,1.159013632114,0.0,0.59209561348,0.47308281064,-0.000364875421,-0.270474853959
764,1,0.230811593099,0.003779711299,0.0,-0.230811593099,-0.003779711299,0.0,-0.010015552685,0.533529515734,0.0,-0.076971669701,0.525834746336,0.0,-0.176317988418,0.946624963204,0.0,0.135624895862,0.929600214094,0.0,-0.188187405552,0.98476204526,0.0,0.177069522239,0.963780087191,0.0,-0.266145615313,1.170892289945,0.0,0.152748641488,1.161986139069,0.0,0.591695994139,0.473071172833,-0.000360978767,-0.269735560997
765,1,0.241525653066,0.003721160519,0.0,-0.241525653066,-0.003721160519,0.0,-0.01139018376,0.557794162576,0.0,-0.081092076837,0.549289741425,0.0,-0.188238916154,0.990176400431,0.0,0.1399245027,0.97188851203,0.0,-0.200714868962,1.03043344694,0.0,0.181788265719,1.006389273805,0.0,-0.282382620456,1.223662236201,0.0,0.162767448573,1.213484825524,0.0,0.5911064744,0.473272487521,-0.000360481441,-0.258122148863
766,1,0.24220460692,0.003845671629,0.0,-0.24220460692,-0.003845671629,0.0,-0.011527320791,0.558463695455,0.0,-0.08220837182,0.549372478329,0.0,-0.189171199087,0.989731019892,0.0,0.138761429546,0.966771703605,0.0,-0.20230693225,1.029380802636,0.0,0.178662797205,0.994969756439,0.0,-0.286782915085,1.225260201909,0.0,0.161577873298,1.213446097395,0.0,0.590916961432,0.47291007638,-0.000360668637,-0.258239102198
767,1,0.228539784023,0.004930893404,0.0,-0.228539784023,-0.004930893404,0.0,-0.008532285597,0.527048241113,0.0,-0.069374192197,0.52299913188,0.0,-0.17606363412,0.933250991884,0.0,0.130626906482,0.911281844312,0.0,-0.188505363073,0.97031956044,0.0,0.172754459195,0.937575720095,0.0,-0.271622175224,1.153699000198,0.0,0.153496511301,1.143845294136,0.0,0.590745121241,0.474000960588,-0.000358106568,-0.272916844303
768,1,0.22422751458,0.005966411789,0.0,-0.22422751458,-0.005966411789,0.0,-0.009533199247,0.517341940769,0.0,-0.071178202918,0.508357863172,0.0,-0.17916566519,0.913649267543,0.0,0.123826346336,0.890380570481,0.0,-0.195489757618,0.949914731353,0.0,0.169949795409,0.918167297744,0.0,-0.26795016758,1.129687040152,0.0,0.146793585731,1.118082091733,0.0,0.589741200209,0.472947627306,-0.000357886776,-0.279775841554
769,1,0.225664094101,0.005488140335,0.0,-0.225664094101,-0.005488140335,0.0,-0.011457276629,0.519576021663,0.0,-0.071054089382,0.511517947331,0.0,-0.181432596604,0.918723001329,0.0,0.123516699827,0.895814016146,0.0,-0.197749838413,0.954716961175,0.0,0.168612533785,0.923901738764,0.0,-0.270547698764,1.135688371315,0.0,0.149142905281,1.125639496256,0.0,0.589387267828,0.472811415792,-0.000353503972,-0.278322571456
770,1,0.226733689173,0.005670077626,0.0,-0.226733689173,-0.005670077626,0.0,-0.013006027988,0.524700791779,0.0,-0.068293225243,0.519840601864,0.0,-0.185615100652,0.932054446388,0.0,0.123518239704,0.913436529188,0.0,-0.200570278549,0.96967438909,0.0,0.172060115185,0.943238928742,0.0,-0.276026076433,1.147301915517,0.0,0.147901883758,1.135042404927,0.0,0.588612407446,0.472797036171,-0.000354252756,-0.276059285204
771,1,0.220069880286,0.005663273231,0.0,-0.220069880286,-0.005663273231,0.0,-0.01412238343,0.510482917905,0.0,-0.067649260124,0.505661828751,0.0,-0.182326763613,0.90664307428,0.0,0.118059572805,0.887988203545,0.0,-0.197123251252,0.943197978613,0.0,0.166270884279,0.917494251818,0.0,-0.27027778323,1.115563516622,0.0,0.142369737963,1.103799605555,0.0,0.588095158339,0.472721606493,-0.000353652984,-0.283874080122
772,1,0.219601879338,0.005711035831,0.0,-0.219601879338,-0.005711035831,0.0,-0.018770582236,0.51184905418,0.0,-0.072620302717,0.507434328404,0.0,-0.187676567644,0.908800797553,0.0,0.113547858194,0.890132080653,0.0,-0.202541961247,0.945190294431,0.0,0.162604856738,0.921048630875,0.0,-0.276966795753,1.118234032926,0.0,0.139471112792,1.1054501438,0.0,0.586744368076,0.472706690431,-0.000355117954,-0.283203780371
773,1,0.219591414248,0.005766162909,0.0,-0.219591414248,-0.005766162909,0.0,-0.021843250269,0.513409007698,0.0,-0.073193197284,0.508965897656,0.0,-0.194120482642,0.911618786828,0.0,0.114127190518,0.891976507942,0.0,-0.207551780941,0.948072513916,0.0,0.164118195247,0.921919683354,0.0,-0.284989957564,1.122330208862,0.0,0.132994469073,1.108727274696,0.0,0.585877209902,0.472665756941,-0.000347594731,-0.282333622634
774,1,0.221665702065,0.006025677174,0.0,-0.221665702065,-0.006025677174,0.0,-0.026094380209,0.51562433672,0.0,-0.078676371609,0.511390274533,0.0,-0.203078603161,0.915058923774,0.0,0.106446271551,0.895292767193,0.0,-0.216769478714,0.951602512069,0.0,0.157261370483,0.923037256409,0.0,-0.293894843146,1.1264818799,0.0,0.12650295743,1.112840978775,0.0,0.583568185568,0.472473070025,-0.000345778652,-0.281477885655
775,1,0.238298699838,0.006723540083,0.0,-0.238298699838,-0.006723540083,0.0,-0.033635914274,0.55772974584,0.0,-0.082804424013,0.553175481965,0.0,-0.231351854429,0.988435074751,0.0,0.109452154843,0.969454293337,0.0,-0.242725523804,1.025870434079,0.0,0.158266893219,0.997545657984,0.0,-0.312082296683,1.216153749814,0.0,0.128106114552,1.201913824402,0.0,0.58207988739,0.472047939897,-0.000341584906,-0.260980973863
776,1,0.237179598903,0.006447568255,0.0,-0.237179598903,-0.006447568255,0.0,-0.037893358753,0.549941451502,0.0,-0.079920616316,0.546016692861,0.0,-0.237154808582,0.974938837053,0.0,0.101029349785,0.955454771114,0.0,-0.248903392717,1.010990049546,0.0,0.146740449136,0.979260015473,0.0,-0.315646150174,1.202318596465,0.0,0.123475633788,1.185585805489,0.0,0.580224335194,0.47215552628,-0.000341440551,-0.264478655545
777,1,0.240257995986,0.006471069948,0.0,-0.240257995986,-0.006471069948,0.0,-0.042436926288,0.552809740366,0.0,-0.085660876892,0.549165039931,0.0,-0.252922622344,0.982666094658,0.0,0.094596337251,0.963333670579,0.0,-0.263437339667,1.021395707297,0.0,0.139089535816,0.984348838922,0.0,-0.325876187197,1.215546034898,0.0,0.125463858905,1.191935531873,0.0,0.57814642787,0.472155436873,-0.000338351354,-0.263214158397
778,1,0.248020172413,0.005479786399,0.0,-0.248020172413,-0.005479786399,0.0,-0.048488238552,0.561194246773,0.0,-0.102720114143,0.556764564276,0.0,-0.277540221989,0.989997403386,0.0,0.079153027294,0.972408804008,0.0,-0.302432544405,1.020170157118,0.0,0.122486521103,0.99154142247,0.0,-0.34053483319,1.230855948097,0.0,0.117856514948,1.202973812196,0.0,0.573653906584,0.47123016417,-0.000340520171,-0.261539169254
779,1,0.258679172436,0.004986445901,0.0,-0.258679172436,-0.004986445901,0.0,-0.05081416264,0.58105083355,0.0,-0.111353843077,0.576946196268,0.0,-0.313297935439,1.032077285879,0.0,0.068812363039,1.009084137942,0.0,-0.342517351251,1.064745059873,0.0,0.10972223736,1.027759163061,0.0,-0.368683498814,1.291236682692,0.0,0.108420542365,1.246621039531,0.0,0.569482237101,0.471224695444,-0.000341178849,-0.252394611208
780,1,0.260083688712,0.002563662063,0.0,-0.260083688712,-0.002563662063,0.0,-0.050721243518,0.589349627681,0.0,-0.123864392688,0.585158868443,0.0,-0.332674126658,1.061378093112,0.0,0.0589422284,1.023888147448,0.0,-0.369730750529,1.095770810608,0.0,0.096074005776,1.039186642356,0.0,-0.36288345757,1.326579355021,0.0,0.106650434701,1.261663374249,0.0,0.565873384476,0.470173627138,-0.000339569058,-0.250621280254
781,1,0.258431277496,0.002260847421,0.0,-0.258431277496,-0.002260847421,0.0,-0.046454016984,0.581252190545,0.0,-0.124943221486,0.576845727239,0.0,-0.336205647913,1.058576379066,0.0,0.050521467471,1.009498295014,0.0,-0.373093571838,1.098484471137,0.0,0.085018718006,1.024342179971,0.0,-0.356085490935,1.323068038219,0.0,0.094927692289,1.243535302556,0.0,0.563401013613,0.470217242837,-0.000324568246,-0.25423320715
782,1,0.273978966768,0.00093981045,0.0,-0.273978966768,-0.00093981045,0.0,-0.049760027764,0.613421166317,0.0,-0.140618558559,0.608175896803,0.0,-0.368052811149,1.151739593183,0.0,0.047459592522,1.052870370775,0.0,-0.407284437732,1.200584000207,0.0,0.09213644039,1.062637321953,0.0,-0.367411134236,1.419760343585,0.0,0.105843777794,1.310059327827,0.0,0.559973359108,0.470659062266,-0.000318233157,-0.24086084565
783,1,0.266988804055,-0.00035946509,0.0,-0.266988804055,0.00035946509,0.0,-0.033720697295,0.5974426841,0.0,-0.131383947371,0.594111085868,0.0,-0.341419676949,1.124472323134,0.0,0.036710085726,1.028526879376,0.0,-0.390499030027,1.171184684871,0.0,0.085179349682,1.039826801434,0.0,-0.32210050986,1.396419066637,0.0,0.113095753672,1.27869093136,0.0,0.55760461092,0.4709854424,-0.000325367553,-0.246981197563
784,1,0.274519956101,-0.001495723673,0.0,-0.274519956101,0.001495723673,0.0,-0.005120190593,0.605562365334,0.0,-0.139329120389,0.602379829243,0.0,-0.316341441168,1.147332490998,0.0,0.025741312343,1.033211414873,0.0,-0.3792858541,1.195171991088,0.0,0.081351917302,1.051024739341,0.0,-0.264491882192,1.417603191932,0.0,0.100551275381,1.293625497403,0.0,0.554806962609,0.470601305366,-0.000332546886,-0.244390318783
785,1,0.25398776498,-0.003230006594,0.0,-0.25398776498,0.003230006594,0.0,0.019546615514,0.554866660208,0.0,-0.133179639875,0.550388334103,0.0,-0.224455926873,1.050024176283,0.0,0.015654361168,0.938248490446,0.0,-0.283879424921,1.090907404256,0.0,0.075183872195,0.955320580756,0.0,-0.190718684968,1.291000570371,0.0,0.074130187626,1.177995400661,0.0,0.550559163094,0.470113918185,-0.00034012855,-0.268188060468
786,1,0.205962036518,-0.004763819704,0.0,-0.205962036518,0.004763819704,0.0,0.043670219926,0.445651325551,0.0,-0.111294324229,0.440785410093,0.0,-0.105381440707,0.852134331921,0.0,0.017915548709,0.748035590764,0.0,-0.145329544957,0.900992723614,0.0,0.063958964074,0.763091087074,0.0,-0.070193440371,1.035343480468,0.0,0.052251748426,0.939087710316,0.0,0.548844441772,0.469176471233,-0.0003542169,-0.336859065004
787,1,0.220590145789,-0.005765502873,0.0,-0.220590145789,0.005765502873,0.0,0.072968151866,0.481784860217,0.0,-0.121848480773,0.468705014129,0.0,-0.023445003601,0.930157267474,0.0,0.01599793478,0.804420001412,0.0,-0.071937466293,0.985724492413,0.0,0.061478388541,0.822365328285,0.0,0.006487432691,1.108664022664,0.0,0.043492194179,0.99658324671,0.0,0.546939730644,0.469029575586,-0.00035972381,-0.317949863274
788,1,0.212856099027,-0.006234070947,0.0,-0.212856099027,0.006234070947,0.0,0.085459624084,0.465041366994,0.0,-0.116065905781,0.451452799901,0.0,0.049093566819,0.899252995696,0.0,0.009589959886,0.772586951796,0.0,0.016353808806,0.946871964446,0.0,0.053003922587,0.790133456818,0.0,0.080283582863,1.070256634865,0.0,0.035493867296,0.957227637996,0.0,0.545071333647,0.468134373426,-0.000357243232,-0.33195699597
789,1,0.186419460105,-0.005700150453,0.0,-0.186419460105,0.005700150453,0.0,0.10479504064,0.406086502363,0.0,-0.101560643896,0.394535520851,0.0,0.097588005963,0.779560422538,0.0,0.003290237663,0.67613866213,0.0,0.075824193018,0.818794276359,0.0,0.040279513147,0.693805494379,0.0,0.11194314732,0.931656395627,0.0,0.009214142565,0.834913818848,0.0,0.542791232467,0.467515140772,-0.000336657278,-0.381328949373
790,1,0.197534714608,-0.005954322011,0.0,-0.197534714608,0.005954322011,0.0,0.138182930205,0.424821715566,0.0,-0.109054079056,0.412132590281,0.0,0.152817035758,0.812813263824,0.0,-0.004603545743,0.714518968888,0.0,0.140993628935,0.852826930029,0.0,0.031941842523,0.73415038166,0.0,0.139852220123,0.9742797056,0.0,0.002139936823,0.877533763651,0.0,0.540130764246,0.467523694038,-0.000328362919,-0.363975089
791,1,0.208516974371,-0.00634755971,0.0,-0.208516974371,0.00634755971,0.0,0.180778627175,0.443707351216,0.0,-0.117032771674,0.431147274263,0.0,0.210463251159,0.858318428207,0.0,-0.008104065838,0.756936315213,0.0,0.201036992072,0.901933242087,0.0,0.030476448135,0.777349671046,0.0,0.19688901135,1.030620473554,0.0,0.001838078023,0.929530822473,0.0,0.539022400975,0.467477932572,-0.000332077965,-0.343612028038
792,1,0.214072951482,-0.00674184967,0.0,-0.214072951482,0.00674184967,0.0,0.221419138006,0.454276582244,0.0,-0.120320374098,0.441316677071,0.0,0.252456698287,0.875815495644,0.0,-0.010359692071,0.774844124309,0.0,0.238900190491,0.915146996968,0.0,0.028830637301,0.795810292669,0.0,0.244550268918,1.05149901077,0.0,0.001466748127,0.951374493345,0.0,0.538369506598,0.467645227909,-0.000328755006,-0.335237187642
793,1,0.219197190964,-0.006935078461,0.0,-0.219197190964,0.006935078461,0.0,0.248477207452,0.460000421744,0.0,-0.123125782893,0.447588269329,0.0,0.27849476654,0.862281876586,0.0,-0.015941981957,0.785482011125,0.0,0.258428293808,0.891873231666,0.0,0.025360765175,0.807666490031,0.0,0.274429470766,1.056936910496,0.0,-0.002056551822,0.966106112685,0.0,0.537190914154,0.467970684171,-0.000318905339,-0.329766379319
794,1,0.210744727425,-0.006402496508,0.0,-0.210744727425,0.006402496508,0.0,0.241897018602,0.437486788367,0.0,-0.123799529699,0.424448252597,0.0,0.261538852786,0.79903202148,0.0,-0.024413500006,0.750014615538,0.0,0.233894275414,0.825950088499,0.0,0.016761804274,0.771635135739,0.0,0.269034393223,0.990608168794,0.0,-0.009085951921,0.923897073815,0.0,0.534715488553,0.467812642455,-0.000321887434,-0.345439477401
795,1,0.213047418491,-0.006399804766,0.0,-0.213047418491,0.006399804766,0.0,0.248740486993,0.440476189712,0.0,-0.123579262998,0.429008290168,0.0,0.262383762592,0.784003177987,0.0,-0.026688693042,0.756989136852,0.0,0.226824684013,0.809627661729,0.0,0.014389237052,0.779536731067,0.0,0.283539360066,0.98163221576,0.0,-0.005862059123,0.933852001699,0.0,0.534422531724,0.467665940523,-0.000291463919,-0.34208521709
796,1,0.237928274078,-0.007359682855,0.0,-0.237928274078,0.007359682855,0.0,0.279829825429,0.48830540395,0.0,-0.143192081045,0.479428495964,0.0,0.284631444235,0.858505221868,0.0,-0.038761372642,0.843385615836,0.0,0.23439977565,0.887072046343,0.0,0.006870889485,0.869357738654,0.0,0.322139110052,1.066631745677,0.0,-0.015198476632,1.04316888542,0.0,0.531708166003,0.467591241002,-0.000293068588,-0.306258379281
797,1,0.253649134007,-0.008035650267,0.0,-0.253649134007,0.008035650267,0.0,0.296685730471,0.51732628769,0.0,-0.156035225429,0.512350730926,0.0,0.292553223475,0.901163825011,0.0,-0.048451862561,0.903626280637,0.0,0.249165130488,0.933816215878,0.0,-0.002899455528,0.933485040085,0.0,0.335106290777,1.124932159394,0.0,-0.016345317761,1.118965367847,0.0,0.529770627618,0.467547029257,-0.000289089978,-0.285986423653
798,1,0.249862517429,-0.007930599259,0.0,-0.249862517429,0.007930599259,0.0,0.285073503838,0.50688117877,0.0,-0.164122603892,0.503348463812,0.0,0.267945798376,0.876527782241,0.0,-0.059925675954,0.889640469825,0.0,0.229257510537,0.907766439712,0.0,-0.014608698884,0.919463003831,0.0,0.309549556055,1.100664210642,0.0,-0.027226974667,1.103718727386,0.0,0.526386544108,0.467584699392,-0.000293629244,-0.290421039545
799,1,0.247512569155,-0.00765631304,0.0,-0.247512569155,0.00765631304,0.0,0.26254299593,0.499280084602,0.0,-0.173822225664,0.492773007745,0.0,0.242879805651,0.861089544754,0.0,-0.074448811041,0.877435046601,0.0,0.203994481663,0.893583039288,0.0,-0.029539558883,0.907784878714,0.0,0.288829421116,1.078431375654,0.0,-0.040070075393,1.087706211496,0.0,0.522051632404,0.467675447464,-0.000290131662,-0.294538914309
800,1,0.226563577391,-0.006765552514,0.0,-0.226563577391,0.006765552514,0.0,0.231546443076,0.459633263526,0.0,-0.16589972207,0.453274796626,0.0,0.212493384144,0.792383908398,0.0,-0.075510890427,0.808002851555,0.0,0.173003379992,0.825644469355,0.0,-0.033853362509,0.836799527457,0.0,0.257574508588,0.996089437748,0.0,-0.041656038467,1.000604895049,0.0,0.519830346107,0.467618346214,-0.000293493737,-0.320142867836
801,1,0.283653116634,-0.008374398924,0.0,-0.283653116634,0.008374398924,0.0,0.276565357904,0.569883384728,0.0,-0.212689556878,0.562296777759,0.0,0.250920606458,0.983394486348,0.0,-0.10815537106,1.003497943272,0.0,0.202375288875,1.023944365582,0.0,-0.056120311337,1.04040161974,0.0,0.308324206912,1.232377419261,0.0,-0.065783430434,1.240150530992,0.0,0.516129031777,0.46761919558,-0.000310074771,-0.257907346724
802,1,0.21988674459,-0.005661734945,0.0,-0.21988674459,0.005661734945,0.0,0.215390133629,0.442062112706,0.0,-0.168888694781,0.436423172099,0.0,0.191788354384,0.772444316545,0.0,-0.089854871621,0.785169683217,0.0,0.148236394647,0.802950887928,0.0,-0.048930657487,0.816255212744,0.0,0.244970606231,0.965668218641,0.0,-0.0546688841,0.968346598304,0.0,0.514172807336,0.467062860727,-0.000298809726,-0.330783365786
803,1,0.24183791466,-0.006072495374,0.0,-0.24183791466,0.006072495374,0.0,0.218323070631,0.478676060994,0.0,-0.187490117411,0.474630949511,0.0,0.186891231789,0.837899946738,0.0,-0.115329862142,0.853074772025,0.0,0.139479290839,0.870443625515,0.0,-0.072485155595,0.885972124948,0.0,0.246337750047,1.04610614205,0.0,-0.074833879662,1.047608233023,0.0,0.508095949888,0.467094585299,-0.000290532771,-0.305544586183
804,1,0.217420588878,-0.005164666009,0.0,-0.217420588878,0.005164666009,0.0,0.195495902651,0.434170322642,0.0,-0.169173501832,0.429696653816,0.0,0.167133651527,0.764358812404,0.0,-0.103652683082,0.777303507757,0.0,0.124600789534,0.79457723946,0.0,-0.061954519066,0.808018476738,0.0,0.222957439502,0.951161327187,0.0,-0.068366263073,0.951881472694,0.0,0.506792962551,0.466898038983,-0.000297491904,-0.335870523418
805,1,0.247262351624,-0.005487628267,0.0,-0.247262351624,0.005487628267,0.0,0.214140695496,0.490628815826,0.0,-0.197391345438,0.485029567308,0.0,0.180041510494,0.864574290407,0.0,-0.127224691589,0.877590574326,0.0,0.134563973565,0.898806638168,0.0,-0.080329357041,0.911789055259,0.0,0.236724758694,1.073304559973,0.0,-0.084747875726,1.073509564491,0.0,0.503725156188,0.466800779104,-0.000304639689,-0.297435160171
806,1,0.254264890621,-0.005531782041,0.0,-0.254264890621,0.005531782041,0.0,0.223110050378,0.508114062777,0.0,-0.200224086708,0.502674460658,0.0,0.184105843089,0.89252168337,0.0,-0.133553750617,0.908913402747,0.0,0.137552749334,0.927965097116,0.0,-0.084774732455,0.943845178976,0.0,0.242969188932,1.109301855345,0.0,-0.089551262323,1.112035158815,0.0,0.503003075719,0.466845974326,-0.000299019506,-0.286934079725
807,1,0.233240692053,-0.003960064301,0.0,-0.233240692053,0.003960064301,0.0,0.205641205927,0.470178674479,0.0,-0.182768781801,0.464167959925,0.0,0.168138929396,0.82446869158,0.0,-0.125712223546,0.839968337164,0.0,0.124873699318,0.856809583263,0.0,-0.081046010636,0.872949716391,0.0,0.222496699957,1.024264659766,0.0,-0.08359208728,1.025933675831,0.0,0.502191856503,0.46618437767,-0.000292219687,-0.311662509297
808,1,0.247527540918,-0.003955624664,0.0,-0.247527540918,0.003955624664,0.0,0.212750576715,0.496399002908,0.0,-0.197587306815,0.48966875832,0.0,0.169018206144,0.870872401517,0.0,-0.141818590945,0.88638792567,0.0,0.121599519521,0.905114378943,0.0,-0.095046325669,0.921512505221,0.0,0.225778740102,1.081412539934,0.0,-0.0930768079,1.082938941416,0.0,0.499357879162,0.466033622622,-0.00029416685,-0.29552379047
809,1,0.247128131249,-0.003954971528,0.0,-0.247128131249,0.003954971528,0.0,0.212203706964,0.501158967321,0.0,-0.20070492641,0.494318007146,0.0,0.167144492872,0.879494473369,0.0,-0.147502557028,0.896146866992,0.0,0.118841823808,0.914555439491,0.0,-0.098125194596,0.93134264141,0.0,0.225588783934,1.093876986277,0.0,-0.098854097546,1.09484552576,0.0,0.498145028949,0.466015383601,-0.000291736796,-0.292257014868
810,1,0.259089934004,-0.003599389075,0.0,-0.259089934004,0.003599389075,0.0,0.223892977808,0.530584280768,0.0,-0.209054282451,0.521445954408,0.0,0.176378243872,0.927973193039,0.0,-0.155561194108,0.94524853866,0.0,0.12687833036,0.965127670176,0.0,-0.101414630194,0.981963491055,0.0,0.236157698327,1.154006432487,0.0,-0.104835045311,1.156399496188,0.0,0.49783706665,0.466230034828,-0.000293512363,-0.276918846934
811,1,0.258709430319,-0.003518458498,0.0,-0.258709430319,0.003518458498,0.0,0.22601169193,0.53076696077,0.0,-0.210497798754,0.521511190254,0.0,0.175598427284,0.928445653841,0.0,-0.157640738609,0.945568151241,0.0,0.124587290534,0.965731778107,0.0,-0.103536488195,0.981985504378,0.0,0.234723727096,1.153359650434,0.0,-0.106292834656,1.156301116611,0.0,0.497278302908,0.466222792864,-0.000293495134,-0.276901865289
812,1,0.257970250675,-0.003397097418,0.0,-0.257970250675,0.003397097418,0.0,0.226016071221,0.530464111693,0.0,-0.210172161993,0.521241375562,0.0,0.1771871644,0.926884551052,0.0,-0.15906934735,0.944782246598,0.0,0.125675399059,0.959681902322,0.0,-0.105194313675,0.978990440137,0.0,0.229711359615,1.152874384048,0.0,-0.107866526357,1.155502077774,0.0,0.496845990419,0.466191500425,-0.000295008533,-0.277143999952
813,1,0.255365088823,-0.003338450381,0.0,-0.255365088823,0.003338450381,0.0,0.22334369006,0.526543337161,0.0,-0.208565468824,0.517273625699,0.0,0.174103426372,0.919309745154,0.0,-0.159304304831,0.937413887253,0.0,0.122987573647,0.952424997594,0.0,-0.105912558263,0.971124798363,0.0,0.225788279216,1.143246907884,0.0,-0.107506526363,1.145418833376,0.0,0.496416136622,0.466124817729,-0.000290230848,-0.279481825916
814,1,0.288500791679,-0.003586411453,0.0,-0.288500791679,0.003586411453,0.0,0.254637924383,0.595186327006,0.0,-0.237419100643,0.584517346391,0.0,0.194191172309,1.03655991016,0.0,-0.182032944671,1.057095348114,0.0,0.133392924679,1.074691333694,0.0,-0.121703438114,1.095127962475,0.0,0.255246564784,1.290331507052,0.0,-0.123267033014,1.29204572569,0.0,0.495922222733,0.466084033251,-0.000317630358,-0.247324249566
815,1,0.25109438468,-0.003088254425,0.0,-0.25109438468,0.003088254425,0.0,0.221387492536,0.51587314464,0.0,-0.204947062377,0.506723658787,0.0,0.167854162536,0.899926950139,0.0,-0.158189871852,0.916446251574,0.0,0.116040435277,0.937601930443,0.0,-0.106274186494,0.949941785518,0.0,0.223450681539,1.118375312418,0.0,-0.108141816519,1.119940619963,0.0,0.495638608932,0.466130837798,-0.000315279234,-0.285284511717
816,1,0.250126330481,-0.003023330764,0.0,-0.250126330481,0.003023330764,0.0,0.21940736562,0.514385608991,0.0,-0.204249008175,0.505113971071,0.0,0.166097634286,0.89882287108,0.0,-0.158927109461,0.913463395469,0.0,0.114336091548,0.937922234542,0.0,-0.107121520195,0.946893772951,0.0,0.223217234086,1.114878066847,0.0,-0.109248457259,1.116094709002,0.0,0.495282307267,0.466123744845,-0.000311411917,-0.286206041289
817,1,0.239338548235,-0.002545957689,0.0,-0.239338548235,0.002545957689,0.0,0.210290308428,0.49248654149,0.0,-0.195026215415,0.482980982069,0.0,0.159298646348,0.861024325096,0.0,-0.152806065804,0.874137770102,0.0,0.109631754756,0.90009633956,0.0,-0.104267136453,0.906164129026,0.0,0.215038008574,1.065579206973,0.0,-0.104945606987,1.067642506381,0.0,0.495349347591,0.465989232063,-0.000309207942,-0.299222162323
818,1,0.259926182285,-0.002755740254,0.0,-0.259926182285,0.002755740254,0.0,0.228511619553,0.535037248922,0.0,-0.211821740716,0.524396986041,0.0,0.172694912784,0.936199432408,0.0,-0.165783955606,0.94954302818,0.0,0.119157087952,0.978352474501,0.0,-0.113048628642,0.984263202836,0.0,0.226906082977,1.157470777521,0.0,-0.113638576529,1.159623751988,0.0,0.495390549302,0.465948775411,-0.000315420795,-0.275519024436
819,1,0.271977360501,-0.002791979363,0.0,-0.271977360501,0.002791979363,0.0,0.239552134694,0.559576281451,0.0,-0.221650945879,0.548309987178,0.0,0.180982986457,0.978854667004,0.0,-0.173287544572,0.992723084687,0.0,0.124619288201,1.019513919512,0.0,-0.118381519395,1.02782415998,0.0,0.237011751219,1.210997726819,0.0,-0.11845456701,1.213363745862,0.0,0.495350822806,0.465906351805,-0.0003167619,-0.263558231017
820,1,0.266134443478,-0.002066316943,0.0,-0.266134443478,0.002066316943,0.0,0.235615272407,0.548716628239,0.0,-0.215515457926,0.536214417975,0.0,0.178113025125,0.960082551586,0.0,-0.168888958858,0.973094026763,0.0,0.121951303794,1.000776402013,0.0,-0.114477254944,1.007591968234,0.0,0.233340061721,1.187349208888,0.0,-0.116211012165,1.187513580665,0.0,0.495752230287,0.465348467231,-0.000318371225,-0.269427342773
821,1,0.282718449006,-0.002167875679,0.0,-0.282718449006,0.002167875679,0.0,0.25087131597,0.583016378674,0.0,-0.22890902391,0.569744389845,0.0,0.189340049192,1.019947171405,0.0,-0.179341230091,1.033699513402,0.0,0.129366992631,1.063245228349,0.0,-0.122871297062,1.070331847617,0.0,0.24921299301,1.261344378908,0.0,-0.122636760633,1.262092404413,0.0,0.495780810714,0.465349271894,-0.00032020756,-0.253629833248
822,1,0.281299155057,-0.002133933329,0.0,-0.281299155057,0.002133933329,0.0,0.250854751614,0.579231713075,0.0,-0.225544069117,0.565839864517,0.0,0.189908158846,1.013243831854,0.0,-0.176653478792,1.026915854377,0.0,0.129203799819,1.056217615001,0.0,-0.12125234596,1.063228268033,0.0,0.249491238318,1.254436025489,0.0,-0.120014910949,1.2550374656,0.0,0.496270939708,0.465386673808,-0.000318364939,-0.25528986534
823,1,0.283610306804,-0.002193946196,0.0,-0.283610306804,0.002193946196,0.0,0.253738053585,0.583211510738,0.0,-0.227908313456,0.569540697309,0.0,0.192052346187,1.018908088714,0.0,-0.177045862357,1.0338760142,0.0,0.130315384406,1.061142405268,0.0,-0.121310248016,1.06943033297,0.0,0.248361398322,1.263350819112,0.0,-0.119363051703,1.263549958846,0.0,0.496530219913,0.465376466513,-0.000315870624,-0.253516127118
824,1,0.29168788875,-0.002365929383,0.0,-0.29168788875,0.002365929383,0.0,0.261776053101,0.598918908293,0.0,-0.234595171113,0.584596729096,0.0,0.197915209677,1.044758317418,0.0,-0.180633129538,1.060629903681,0.0,0.134191951861,1.086939168764,0.0,-0.123218413298,1.097428743911,0.0,0.257210021202,1.298182561953,0.0,-0.12111504312,1.297432116936,0.0,0.497030228376,0.46509949863,-0.000327502377,-0.246934600467
825,1,0.290739220141,-0.002467450806,0.0,-0.290739220141,0.002467450806,0.0,0.261813045236,0.597323054452,0.0,-0.234280081424,0.583487791331,0.0,0.198309071871,1.041472149725,0.0,-0.180903690267,1.057357839893,0.0,0.134715478148,1.084085906894,0.0,-0.123635077355,1.094140010046,0.0,0.253948256592,1.296249575309,0.0,-0.120230949266,1.291709051452,0.0,0.497238948941,0.465089857578,-0.000328003196,-0.247409500649
826,1,0.287200323548,-0.002479403751,0.0,-0.287200323548,0.002479403751,0.0,0.261335116852,0.590202538795,0.0,-0.230383287276,0.576153816259,0.0,0.19865037696,1.031135552572,0.0,-0.176710604729,1.045412482792,0.0,0.135734567846,1.073471058633,0.0,-0.120016376144,1.082160119837,0.0,0.251474017232,1.282422496735,0.0,-0.116562737816,1.278146166131,0.0,0.497841030359,0.465078234673,-0.000327384798,-0.249954971593
827,1,0.265822663726,-0.002518569539,0.0,-0.265822663726,0.002518569539,0.0,0.244164488885,0.546573188673,0.0,-0.211490966386,0.533531550384,0.0,0.186866535177,0.956019438224,0.0,-0.160373210137,0.96842795727,0.0,0.12884396016,0.994458915415,0.0,-0.107947272358,1.002427873412,0.0,0.235277309309,1.189019019379,0.0,-0.104514123662,1.18423375933,0.0,0.498719334602,0.464976459742,-0.000326515525,-0.270006200619
828,1,0.266257377874,-0.002575415145,0.0,-0.266257377874,0.002575415145,0.0,0.248625783059,0.547045466758,0.0,-0.206981287014,0.534111159584,0.0,0.192631551122,0.956870140828,0.0,-0.155054465336,0.969436310582,0.0,0.134601625317,0.995540700817,0.0,-0.102682387415,1.003464936126,0.0,0.242639462021,1.189967198076,0.0,-0.098507143385,1.18523046714,0.0,0.500236719847,0.464961200953,-0.000325751374,-0.269739865484
829,1,0.262339476533,-0.002972022227,0.0,-0.262339476533,0.002972022227,0.0,0.244840472248,0.537319652844,0.0,-0.199826636281,0.527402079504,0.0,0.193755535417,0.940215200638,0.0,-0.148653879451,0.953352550769,0.0,0.140406190347,0.976039456275,0.0,-0.097761103211,0.986102889069,0.0,0.242109465921,1.169878844575,0.0,-0.093621824946,1.167325325944,0.0,0.501309141517,0.465250149369,-0.000321782893,-0.274200373409
830,1,0.263605643738,-0.00327378444,0.0,-0.263605643738,0.00327378444,0.0,0.247933126037,0.537012576191,0.0,-0.195340432458,0.52734382233,0.0,0.199568099096,0.938602079139,0.0,-0.142098513313,0.952029530153,0.0,0.145885192457,0.974910555689,0.0,-0.09045612284,0.986860600984,0.0,0.249779720501,1.167937267973,0.0,-0.089165697553,1.16517659515,0.0,0.503005355597,0.465149104595,-0.000321403611,-0.274783852647
831,1,0.25315252511,-0.003556017097,0.0,-0.25315252511,0.003556017097,0.0,0.242738471317,0.515312344629,0.0,-0.183223724891,0.50658729862,0.0,0.199229163789,0.902496894479,0.0,-0.128932163626,0.915004850898,0.0,0.147579530944,0.938608010156,0.0,-0.079209325674,0.948401169593,0.0,0.250402388439,1.122203010273,0.0,-0.077993390185,1.119528869571,0.0,0.50512175262,0.465265735984,-0.000319415238,-0.285882180089
832,1,0.245299753739,-0.003524000875,0.0,-0.245299753739,0.003524000875,0.0,0.242756443357,0.497704403172,0.0,-0.167650293605,0.489597267772,0.0,0.202597474761,0.872061928302,0.0,-0.114218118718,0.88391137621,0.0,0.152939332014,0.907926864172,0.0,-0.06605120151,0.916704039057,0.0,0.25300440224,1.083572066094,0.0,-0.064649294429,1.080234556522,0.0,0.50832401216,0.465260982513,-0.000314641511,-0.295959652462
833,1,0.244887696307,-0.003608802538,0.0,-0.244887696307,0.003608802538,0.0,0.247587684277,0.495531719265,0.0,-0.160578084209,0.488923999013,0.0,0.208823621387,0.868969226944,0.0,-0.107310066347,0.879237859512,0.0,0.159374448552,0.904159360763,0.0,-0.061973357094,0.911561554705,0.0,0.25897056419,1.078742749455,0.0,-0.057516367711,1.075437386162,0.0,0.510470509529,0.46530932188,-0.000293393619,-0.297395388821
834,1,0.231899761477,-0.003687012663,0.0,-0.231899761477,0.003687012663,0.0,0.242138582585,0.472114817899,0.0,-0.146063788529,0.466001093015,0.0,0.208353342015,0.827370083505,0.0,-0.0927666722,0.836505021733,0.0,0.161319028614,0.860726772359,0.0,-0.049383627047,0.867361126574,0.0,0.256146676172,1.026083490185,0.0,-0.04564542838,1.023149588533,0.0,0.513515263796,0.465214580297,-0.000285758171,-0.312660611048
835,1,0.256174744507,-0.004667670061,0.0,-0.256174744507,0.004667670061,0.0,0.272484328915,0.520023471086,0.0,-0.16092565274,0.513225147051,0.0,0.238473045208,0.912030994803,0.0,-0.094540100555,0.921929006333,0.0,0.189360064679,0.948704005545,0.0,-0.046627331474,0.955843654827,0.0,0.290555113739,1.131521424666,0.0,-0.04312196536,1.128181989309,0.0,0.515744581819,0.465466365218,-0.000290456694,-0.283419815977
836,1,0.252434186831,-0.005780667362,0.0,-0.252434186831,0.005780667362,0.0,0.276654311452,0.517149841664,0.0,-0.159257052185,0.510243777081,0.0,0.24578710749,0.906885304477,0.0,-0.085909804419,0.916905030594,0.0,0.195998133173,0.94250745245,0.0,-0.038150381918,0.95052723698,0.0,0.297406390145,1.124866634593,0.0,-0.034207633975,1.120221582066,0.0,0.518503695726,0.465084820986,-0.000299834646,-0.285842422511
837,1,0.256326346346,-0.006559747898,0.0,-0.256326346346,0.006559747898,0.0,0.280838561896,0.520853412142,0.0,-0.15922122875,0.514279258729,0.0,0.251592012982,0.909332133191,0.0,-0.080433431226,0.919739725223,0.0,0.199831895923,0.945358493895,0.0,-0.033148767322,0.953086764822,0.0,0.305797086507,1.127793294073,0.0,-0.027189598459,1.123968655914,0.0,0.520327702165,0.465687736869,-0.00029902067,-0.284461832924
838,1,0.245759011069,-0.007272622424,0.0,-0.245759011069,0.007272622424,0.0,0.277433716967,0.498055507281,0.0,-0.156362184665,0.490401572521,0.0,0.250436382205,0.862321246166,0.0,-0.067408366754,0.876652611008,0.0,0.197631896726,0.896086398386,0.0,-0.021168151579,0.908423021187,0.0,0.302480048751,1.076851920512,0.0,-0.018108423544,1.072946503712,0.0,0.523301526904,0.466902077198,-0.000297990628,-0.297075695061
839,1,0.244237287977,-0.00765190926,0.0,-0.244237287977,0.00765190926,0.0,0.280078673415,0.492604483225,0.0,-0.161534052832,0.484784968786,0.0,0.253432142,0.85597829431,0.0,-0.062286860431,0.868798046541,0.0,0.200882883236,0.890762799975,0.0,-0.014190854325,0.90055269725,0.0,0.312744733369,1.070715126517,0.0,-0.013502486594,1.063439207221,0.0,0.524656310678,0.467797636986,-0.000298874453,-0.298903078179
840,1,0.223418602071,-0.006158467776,0.0,-0.223418602071,0.006158467776,0.0,0.26339139252,0.44851191762,0.0,-0.145024567121,0.440737765546,0.0,0.239413502563,0.780543662707,0.0,-0.049498932222,0.791984557791,0.0,0.191470860518,0.812078747414,0.0,-0.003936616755,0.82146794514,0.0,0.295120716984,0.979306679696,0.0,-0.004846414249,0.97020268323,0.0,0.527111649513,0.469091415405,-0.000300922431,-0.326653745181
841,1,0.223935547834,-0.006166821124,0.0,-0.223935547834,0.006166821124,0.0,0.266534028992,0.444444993003,0.0,-0.144094539157,0.43877496745,0.0,0.24256026693,0.780849293101,0.0,-0.047557525734,0.785717316836,0.0,0.194888987877,0.809857025987,0.0,-0.001085066632,0.815151147286,0.0,0.297384092812,0.980866546119,0.0,-0.004076660716,0.964260380126,0.0,0.52844324708,0.47006829083,-0.000295571983,-0.327750483193
842,1,0.22891836489,-0.006320022967,0.0,-0.22891836489,0.006320022967,0.0,0.27521938058,0.455140234781,0.0,-0.144328342062,0.446348278171,0.0,0.252490642653,0.809287193076,0.0,-0.043230375183,0.79956015039,0.0,0.203776101487,0.836190124886,0.0,0.004729673148,0.829647299287,0.0,0.306119245351,1.016675437104,0.0,0.000246036309,0.981426153947,0.0,0.530181229115,0.470229953527,-0.000287543982,-0.321962938459
843,1,0.226801025132,-0.006352880083,0.0,-0.226801025132,0.006352880083,0.0,0.27251212543,0.456111765402,0.0,-0.135752907043,0.443956472424,0.0,0.260227208086,0.823281464165,0.0,-0.035128203247,0.792070378814,0.0,0.21712375317,0.851273345376,0.0,0.013598064539,0.823216422314,0.0,0.307246127291,1.029392290759,0.0,0.009176137364,0.974040389706,0.0,0.533142715693,0.470252126455,-0.000276581384,-0.324407193755
844,1,0.215387238956,-0.006044830355,0.0,-0.215387238956,0.006044830355,0.0,0.259334027111,0.436585282673,0.0,-0.120702197947,0.425022879176,0.0,0.258884690975,0.803287121209,0.0,-0.024404164395,0.751484559135,0.0,0.222914012768,0.830194817241,0.0,0.02198939807,0.781327719693,0.0,0.291911246759,0.994238887413,0.0,0.016411788093,0.927217140765,0.0,0.536082714796,0.470237895846,-0.000293826684,-0.340779029952
845,1,0.215980181147,-0.006145331426,0.0,-0.215980181147,0.006145331426,0.0,0.24592042476,0.443540634704,0.0,-0.113426825808,0.431878978618,0.0,0.269432376937,0.831902649848,0.0,-0.014266686855,0.754010187486,0.0,0.236248836567,0.865623047803,0.0,0.030827046574,0.777817991698,0.0,0.287762886983,1.016884156571,0.0,0.027434539027,0.935496759304,0.0,0.539749369025,0.470208331943,-0.000301342458,-0.336350414558
846,1,0.206768397567,-0.005921647604,0.0,-0.206768397567,0.005921647604,0.0,0.223652777086,0.433355970791,0.0,-0.104298621643,0.420563491951,0.0,0.247296109655,0.823202399029,0.0,-0.006252304078,0.730216563143,0.0,0.221887444875,0.855318776906,0.0,0.036610044411,0.752576064555,0.0,0.247738815973,0.995674017148,0.0,0.030067466435,0.906237041446,0.0,0.542232334614,0.470206901431,-0.000307742506,-0.347228789525
847,1,0.205991678592,-0.005909991458,0.0,-0.205991678592,0.005909991458,0.0,0.204719688453,0.438786236035,0.0,-0.096573261601,0.426186856335,0.0,0.211013994769,0.839090884655,0.0,0.006077879569,0.744382019004,0.0,0.18893525378,0.874802470197,0.0,0.04741265314,0.764282165373,0.0,0.215238505948,1.010981566079,0.0,0.038693759435,0.917571868732,0.0,0.545780137181,0.470163732767,-0.000332150608,-0.343221387573
848,1,0.223384267521,-0.005600350254,0.0,-0.223384267521,0.005600350254,0.0,0.180092468785,0.481619839403,0.0,-0.104489991123,0.467024593789,0.0,0.159910946171,0.934624579984,0.0,0.011982168974,0.815910554982,0.0,0.118142091678,0.987566557091,0.0,0.056918216785,0.836777260351,0.0,0.189198955113,1.111864584625,0.0,0.023553512603,1.003117836403,0.0,0.547233611345,0.469654366374,-0.000369995832,-0.314471999129
849,1,0.248889350932,-0.005635026826,0.0,-0.248889350932,0.005635026826,0.0,0.160886588368,0.538897946782,0.0,-0.110694365164,0.52188786385,0.0,0.117382512568,1.035053387298,0.0,0.02371339561,0.911479613008,0.0,0.060750663513,1.090871664105,0.0,0.064943625133,0.934263833965,0.0,0.164240579843,1.236161058652,0.0,0.04701816847,1.123142943496,0.0,0.549540147185,0.468322947621,-0.000407260843,-0.283966916978
850,1,0.279142795792,-0.006527725563,0.0,-0.279142795792,0.006527725563,0.0,0.139568214675,0.609407652122,0.0,-0.126293474978,0.589032914432,0.0,0.04623782028,1.165062488247,0.0,0.032926532488,1.024751993552,0.0,-0.023619029556,1.230523899121,0.0,0.072941273261,1.042034055022,0.0,0.093897950941,1.393382682085,0.0,0.059367546568,1.251356549072,0.0,0.551146566868,0.467704474926,-0.000404715538,-0.252782530444
851,1,0.276849501203,-0.006520601001,0.0,-0.276849501203,0.006520601001,0.0,0.108536436384,0.608964464755,0.0,-0.128329735138,0.588270603978,0.0,-0.03911572079,1.156739435539,0.0,0.046360937626,1.005380286391,0.0,-0.108722856959,1.219513269022,0.0,0.086507973759,1.020040899452,0.0,0.023615038242,1.387653565278,0.0,0.072642472698,1.248288179292,0.0,0.554203301668,0.467691540718,-0.000390525442,-0.253227834631
852,1,0.289166576228,-0.006599061392,0.0,-0.289166576228,0.006599061392,0.0,0.085197393812,0.650444644935,0.0,-0.134316314183,0.629221525339,0.0,-0.17053724914,1.234300224417,0.0,0.058472216798,1.06643504032,0.0,-0.265311502113,1.301931094723,0.0,0.10246051075,1.084913795339,0.0,-0.071961926747,1.480081170462,0.0,0.090319470025,1.330975892268,0.0,0.556439012289,0.467783555388,-0.000374547672,-0.237018613986
853,1,0.293954630845,-0.005349845133,0.0,-0.293954630845,0.005349845133,0.0,0.056936739319,0.674373887299,0.0,-0.130241039303,0.656660089531,0.0,-0.267027269118,1.284272736213,0.0,0.074749297817,1.10609999757,0.0,-0.336944888175,1.349341910764,0.0,0.125838720849,1.128240476518,0.0,-0.231944943186,1.545770190381,0.0,0.129929039227,1.387802796713,0.0,0.560777425766,0.467462062836,-0.000367302913,-0.227529213538
854,1,0.293252745828,-0.005029673271,0.0,-0.293252745828,0.005029673271,0.0,0.032082255749,0.669019716238,0.0,-0.137834424071,0.654308116282,0.0,-0.330808667464,1.279405817225,0.0,0.070858830423,1.097456127394,0.0,-0.383052147077,1.334604892183,0.0,0.127180038573,1.122260654263,0.0,-0.328319538759,1.5398397604,0.0,0.134797425725,1.379097185811,0.0,0.562078729272,0.46753461659,-0.000363731117,-0.228085530628
855,1,0.285294937889,-0.003538547125,0.0,-0.285294937889,0.003538547125,0.0,-0.01113521206,0.653643412932,0.0,-0.137038128273,0.64163945462,0.0,-0.357282073934,1.245490303554,0.0,0.070971678446,1.081768376817,0.0,-0.401005640111,1.294127547694,0.0,0.121057601129,1.101912126497,0.0,-0.42631885246,1.509278074788,0.0,0.138217451951,1.354286113339,0.0,0.563473105431,0.467206403613,-0.000359947109,-0.232793590943
856,1,0.284808487273,-0.003215050656,0.0,-0.284808487273,0.003215050656,0.0,-0.045516012524,0.645157941508,0.0,-0.137167565097,0.635831737155,0.0,-0.393196849544,1.228701848903,0.0,0.076113172125,1.078626695042,0.0,-0.422702788642,1.274136673601,0.0,0.121458199133,1.097975035839,0.0,-0.493281476608,1.502170507925,0.0,0.143425469136,1.349667500056,0.0,0.56488250196,0.467167183757,-0.000355894124,-0.233645599157
857,1,0.291165495557,-0.002786497734,0.0,-0.291165495557,0.002786497734,0.0,-0.06598981874,0.660587579418,0.0,-0.142251834368,0.652802153162,0.0,-0.431496032619,1.246029854627,0.0,0.086818917182,1.109487595248,0.0,-0.456320967631,1.288417787623,0.0,0.1305382709,1.129864315029,0.0,-0.55672935028,1.53425567609,0.0,0.154048316429,1.387190102435,0.0,0.566963672638,0.467285975814,-0.000354336451,-0.227151314817
858,1,0.288638687483,-0.001958520088,0.0,-0.288638687483,0.001958520088,0.0,-0.075516357508,0.650087122882,0.0,-0.141934112053,0.645432487704,0.0,-0.448456984289,1.213421322193,0.0,0.088915373842,1.098576497607,0.0,-0.46400102484,1.252556742275,0.0,0.133990422468,1.117302315442,0.0,-0.554436157927,1.484520200036,0.0,0.149626192734,1.372780711305,0.0,0.567697763443,0.467105939984,-0.000347782974,-0.230024092795
859,1,0.287111941987,-0.000764489815,0.0,-0.287111941987,0.000764489815,0.0,-0.092654511357,0.654036856984,0.0,-0.134902190483,0.651265105486,0.0,-0.457934388164,1.210167158895,0.0,0.104406622177,1.112405677022,0.0,-0.470466349491,1.248302373833,0.0,0.153338696708,1.131227907286,0.0,-0.575698116523,1.478177621119,0.0,0.161362229347,1.394468152621,0.0,0.569966822863,0.467423409224,-0.000346930232,-0.226999653684
860,1,0.286166979812,0.000463561226,0.0,-0.286166979812,-0.000463561226,0.0,-0.104977535317,0.652618599365,0.0,-0.133548724553,0.650924108025,0.0,-0.447887772443,1.19418291898,0.0,0.10970471685,1.112060390682,0.0,-0.448952445867,1.23064561898,0.0,0.158893049445,1.131146212048,0.0,-0.607193343427,1.451947396708,0.0,0.153566266541,1.393056925371,0.0,0.571191191673,0.467706486583,-0.000339350197,-0.226847045467
861,1,0.28106965967,0.001281996252,0.0,-0.28106965967,-0.001281996252,0.0,-0.104562880295,0.643775578512,0.0,-0.129065045859,0.643945513767,0.0,-0.434207869151,1.162852315197,0.0,0.113913483153,1.102274950763,0.0,-0.428160984622,1.195489252818,0.0,0.162299749608,1.122102205255,0.0,-0.571187395805,1.420012240557,0.0,0.151791609206,1.380720763244,0.0,0.57249096036,0.467532590032,-0.00033908803,-0.229039188588
862,1,0.259453575066,0.001771373764,0.0,-0.259453575066,-0.001771373764,0.0,-0.088890931715,0.592438411472,0.0,-0.117004082844,0.595250257623,0.0,-0.397305967971,1.051411165898,0.0,0.107875057054,1.022965391882,0.0,-0.396323306311,1.069561320214,0.0,0.14915095026,1.041292478401,0.0,-0.533649488845,1.300007669282,0.0,0.140263305374,1.278831563953,0.0,0.573642492294,0.46747687459,-0.000338184182,-0.246931898019
863,1,0.233708770263,0.002633416303,0.0,-0.233708770263,-0.002633416303,0.0,-0.082355289879,0.533193826576,0.0,-0.106102722966,0.536388570038,0.0,-0.350215461977,0.942089792817,0.0,0.093023342004,0.922884681065,0.0,-0.346581124956,0.959242449877,0.0,0.126524079924,0.940330109617,0.0,-0.469385021672,1.158601728502,0.0,0.125649037857,1.156805830647,0.0,0.573948532343,0.467097222805,-0.000343739986,-0.273214556452
864,1,0.238794636852,0.003209837169,0.0,-0.238794636852,-0.003209837169,0.0,-0.074221757485,0.545093550801,0.0,-0.109404196062,0.544887152791,0.0,-0.343626634126,0.959347607536,0.0,0.091709890064,0.945964526999,0.0,-0.34408704318,0.979220883603,0.0,0.129996833202,0.963683762463,0.0,-0.455558363599,1.186914102812,0.0,0.128056826662,1.187134649978,0.0,0.574803233147,0.466955602169,-0.000341448933,-0.265393394859
865,1,0.233576021582,0.003588875426,0.0,-0.233576021582,-0.003588875426,0.0,-0.068352139661,0.534309912338,0.0,-0.10164750116,0.532732619725,0.0,-0.323745868919,0.942503670533,0.0,0.096430065047,0.932377509289,0.0,-0.329348532236,0.967127120024,0.0,0.131044283965,0.95628078016,0.0,-0.429015431935,1.162958813833,0.0,0.121390009509,1.166649674137,0.0,0.576558589935,0.467097401619,-0.000345633365,-0.270306232702
866,1,0.231907761953,0.00463880944,0.0,-0.231907761953,-0.00463880944,0.0,-0.06747535217,0.5290042361,0.0,-0.095354374825,0.527330225722,0.0,-0.305818241064,0.936731551101,0.0,0.100038146902,0.923963912676,0.0,-0.302498663826,0.964061395081,0.0,0.129927688622,0.954123886605,0.0,-0.412373344718,1.153344249341,0.0,0.110234928976,1.157249325439,0.0,0.578139096498,0.467443197966,-0.000350468792,-0.272420734794
867,1,0.221141270538,0.005521371134,0.0,-0.221141270538,-0.005521371134,0.0,-0.059388271298,0.512052219906,0.0,-0.085885401046,0.509395470443,0.0,-0.27082161913,0.905795041802,0.0,0.098076274087,0.893406386411,0.0,-0.269651618194,0.934122714825,0.0,0.131884166414,0.922377485992,0.0,-0.383697232314,1.114395411026,0.0,0.101013215213,1.118432410826,0.0,0.579861670732,0.467169329524,-0.000356131233,-0.282077482041
868,1,0.220416521863,0.005730418731,0.0,-0.220416521863,-0.005730418731,0.0,-0.052714777651,0.51230968964,0.0,-0.083459699202,0.509613768278,0.0,-0.22097304461,0.907720581584,0.0,0.09903874156,0.893928247894,0.0,-0.206086695459,0.936878186926,0.0,0.137500552997,0.926015844006,0.0,-0.37788835459,1.11344116035,0.0,0.103784197492,1.118833003075,0.0,0.581365972757,0.467232212424,-0.000361509621,-0.281892206312
869,1,0.216674796561,0.005824117018,0.0,-0.216674796561,-0.005824117018,0.0,-0.048188227372,0.504016017322,0.0,-0.080226014391,0.501045510867,0.0,-0.212613885225,0.892830041999,0.0,0.097515384409,0.873989333609,0.0,-0.202866949884,0.922476294928,0.0,0.137201799529,0.902875191748,0.0,-0.364890890715,1.096353790935,0.0,0.103914213586,1.094680673021,0.0,0.581851035357,0.467292189598,-0.000358983874,-0.286816004375
870,1,0.212586162089,0.005842939752,0.0,-0.212586162089,-0.005842939752,0.0,-0.044928853974,0.497437843975,0.0,-0.077581545648,0.494878928127,0.0,-0.20078460108,0.880643989192,0.0,0.097451738097,0.861341966969,0.0,-0.19246597474,0.91088252046,0.0,0.137878431679,0.893442663354,0.0,-0.349513343725,1.081720558107,0.0,0.104137719616,1.077065657179,0.0,0.58223515749,0.467269182205,-0.000364921987,-0.291115024727
871,1,0.217276285278,0.006467402322,0.0,-0.217276285278,-0.006467402322,0.0,-0.043503477327,0.510713478795,0.0,-0.078342518819,0.508046255664,0.0,-0.200459622848,0.903888733487,0.0,0.103120142492,0.88206182114,0.0,-0.186335993355,0.935550021294,0.0,0.150945503323,0.916003184987,0.0,-0.354116519742,1.1105755491,0.0,0.104069859422,1.101334589344,0.0,0.582788676023,0.467040374875,-0.000356638804,-0.284053715265
872,1,0.218976071021,0.006744516344,0.0,-0.218976071021,-0.006744516344,0.0,-0.042255894748,0.517211952369,0.0,-0.078010409536,0.514696609455,0.0,-0.199252440381,0.915542725,0.0,0.11390573772,0.892786304627,0.0,-0.188572889433,0.947304204485,0.0,0.154430942516,0.925879361396,0.0,-0.35362442789,1.12348487883,0.0,0.10856479587,1.10903326782,0.0,0.583157837391,0.466646105051,-0.000353511423,-0.281063344422
873,1,0.219877660019,0.005838543528,0.0,-0.219877660019,-0.005838543528,0.0,-0.042230245119,0.519671966914,0.0,-0.081181455435,0.518499705323,0.0,-0.19474424386,0.92090328195,0.0,0.120098199983,0.892090964262,0.0,-0.189035478839,0.954411879558,0.0,0.175830834937,0.920115462591,0.0,-0.353107636463,1.130490038289,0.0,0.117337321822,1.114357718933,0.0,0.583092719316,0.465753644705,-0.000347113237,-0.280160670004
874,1,0.218866137804,0.005643483868,0.0,-0.218866137804,-0.005643483868,0.0,-0.040637315734,0.514749048332,0.0,-0.080328593454,0.514509312016,0.0,-0.19180767322,0.915681058829,0.0,0.119878103008,0.887695388122,0.0,-0.187904181993,0.949326453265,0.0,0.175372510921,0.915864087879,0.0,-0.349023067613,1.121981882071,0.0,0.126528934332,1.108967776047,0.0,0.583343565464,0.465613767505,-0.000351525843,-0.281693085194
875,1,0.218194818809,0.005575979482,0.0,-0.218194818809,-0.005575979482,0.0,-0.03968462646,0.512583270792,0.0,-0.080909547876,0.512639982994,0.0,-0.190834660265,0.911288177648,0.0,0.123274827276,0.884086771102,0.0,-0.187717386622,0.944991458881,0.0,0.17431011623,0.908345889608,0.0,-0.345672673769,1.117850037912,0.0,0.12798468073,1.104401656444,0.0,0.583471357822,0.465568587184,-0.000354444608,-0.282719574444
876,1,0.221105608596,0.005654228576,0.0,-0.221105608596,-0.005654228576,0.0,-0.039009063193,0.518795775782,0.0,-0.081863477486,0.518654354743,0.0,-0.188705046035,0.921539004645,0.0,0.122992683088,0.893123401134,0.0,-0.182299291553,0.955763749295,0.0,0.177711959933,0.917587107829,0.0,-0.347466053484,1.131179377109,0.0,0.131532551438,1.117223914854,0.0,0.583729356527,0.465575501323,-0.000350324437,-0.279434232511
877,1,0.224366196352,0.005927715706,0.0,-0.224366196352,-0.005927715706,0.0,-0.039030294137,0.526975652848,0.0,-0.08274770489,0.526786864853,0.0,-0.192125883271,0.93579713769,0.0,0.123536520227,0.906971462512,0.0,-0.185441662462,0.972149002154,0.0,0.18024154911,0.933083093768,0.0,-0.351938168214,1.149532643095,0.0,0.130571038027,1.134368767028,0.0,0.583749264479,0.465478792787,-0.000347837806,-0.275310145381
878,1,0.228361523336,0.006232003802,0.0,-0.228361523336,-0.006232003802,0.0,-0.038375399213,0.534393200453,0.0,-0.084168124936,0.530397321008,0.0,-0.194702707008,0.947359236832,0.0,0.126286064749,0.921834497184,0.0,-0.19221939334,0.985356329881,0.0,0.184029751227,0.948338550147,0.0,-0.351322996181,1.168030877518,0.0,0.135205964043,1.15381073866,0.0,0.584103554487,0.465024650097,-0.000348301604,-0.271391297488
879,1,0.221282641012,0.005594633159,0.0,-0.221282641012,-0.005594633159,0.0,-0.034356622171,0.515660342505,0.0,-0.0813287005,0.511962938731,0.0,-0.187549837981,0.91403734176,0.0,0.122515157947,0.889289270117,0.0,-0.191576614874,0.950684546529,0.0,0.178300507364,0.914998789515,0.0,-0.335991910051,1.126674573434,0.0,0.134452816721,1.112927690977,0.0,0.584425330162,0.464806839824,-0.000360332429,-0.28157983116
880,1,0.218224824386,0.005747742137,0.0,-0.218224824386,-0.005747742137,0.0,-0.032346494914,0.508785501486,0.0,-0.080989280182,0.505143223623,0.0,-0.184956730368,0.900848348568,0.0,0.1213388181,0.87644329717,0.0,-0.192417760305,0.936888419568,0.0,0.176127609089,0.901711365726,0.0,-0.328952610327,1.110227507218,0.0,0.135181638286,1.096306647139,0.0,0.584696561098,0.4642046839,-0.000360006467,-0.286414307754
881,1,0.225017439412,0.005510708411,0.0,-0.225017439412,-0.005510708411,0.0,-0.032468967654,0.52523141763,0.0,-0.083501602525,0.521661436265,0.0,-0.189672951268,0.929584130412,0.0,0.122336300707,0.904511272939,0.0,-0.197808983404,0.966940271318,0.0,0.179784523186,0.934040388386,0.0,-0.338403590116,1.145261355183,0.0,0.140082204594,1.13048757658,0.0,0.584730118513,0.463874265552,-0.000365040265,-0.277956108059
882,1,0.222869529047,0.005644315973,0.0,-0.222869529047,-0.005644315973,0.0,-0.031543556711,0.519817723016,0.0,-0.081066883362,0.51575668483,0.0,-0.188733598717,0.920237533347,0.0,0.121627742948,0.897167597317,0.0,-0.198129863809,0.95669845958,0.0,0.178527123881,0.928061200882,0.0,-0.330612546946,1.135341843883,0.0,0.139328020282,1.121072205444,0.0,0.584845483303,0.463719561696,-0.000366814435,-0.280437143367
883,1,0.223583034851,0.005604797655,0.0,-0.223583034851,-0.005604797655,0.0,-0.030962008069,0.519924495955,0.0,-0.082155291386,0.51586358033,0.0,-0.189244306818,0.92175874646,0.0,0.130152186203,0.898645891445,0.0,-0.19878666061,0.958225917721,0.0,0.179100635365,0.931322378301,0.0,-0.329305573985,1.137066216158,0.0,0.140820999902,1.122770984591,0.0,0.584972351789,0.463605388999,-0.000367908739,-0.280122699047
884,1,0.217354102594,0.005593944709,0.0,-0.217354102594,-0.005593944709,0.0,-0.029972103242,0.505755408048,0.0,-0.080066855775,0.501953109765,0.0,-0.184798810629,0.896661699519,0.0,0.126370270637,0.873889477422,0.0,-0.193882262576,0.932415215292,0.0,0.173921540814,0.90757764168,0.0,-0.322376410259,1.105639619834,0.0,0.136887701497,1.09173122384,0.0,0.584954500198,0.463474839926,-0.000362316146,-0.28821805055
885,1,0.217432621559,0.005857921184,0.0,-0.217432621559,-0.005857921184,0.0,-0.027123092124,0.505676547023,0.0,-0.079186136011,0.502035432414,0.0,-0.1835755638,0.896334127269,0.0,0.121630763298,0.872722338618,0.0,-0.192300896302,0.931998007343,0.0,0.173195629839,0.901544748369,0.0,-0.320941357721,1.103749811005,0.0,0.137512334894,1.090583223331,0.0,0.585189133883,0.463273793459,-0.000362185761,-0.288584786663
886,1,0.219571182812,0.005601836876,0.0,-0.219571182812,-0.005601836876,0.0,-0.026619162559,0.510077518638,0.0,-0.078482354113,0.506459568049,0.0,-0.185110177422,0.904094722241,0.0,0.123129634316,0.878263075603,0.0,-0.194598474084,0.939983334494,0.0,0.175225207617,0.905603746006,0.0,-0.323823131807,1.113952931057,0.0,0.138766677047,1.098382521086,0.0,0.585420250893,0.463185548782,-0.000365497544,-0.286247884665
887,1,0.214267290351,0.005548153259,0.0,-0.214267290351,-0.005548153259,0.0,-0.024786536346,0.49787463522,0.0,-0.075834971498,0.494499446427,0.0,-0.180741552875,0.882126194413,0.0,0.126138918556,0.856924947314,0.0,-0.190262425866,0.917214462852,0.0,0.1702406946,0.883518858551,0.0,-0.319895805734,1.086694820539,0.0,0.135439127226,1.071672578782,0.0,0.585422635078,0.463223859668,-0.000364683568,-0.293344406847
888,1,0.214498812576,0.005710048199,0.0,-0.214498812576,-0.005710048199,0.0,-0.02499178304,0.498538896218,0.0,-0.075116183441,0.495400041099,0.0,-0.1813628575,0.882665933127,0.0,0.127583684341,0.857635481704,0.0,-0.189909384239,0.918121584155,0.0,0.169456251787,0.884327452494,0.0,-0.320533217564,1.08519240374,0.0,0.134631098922,1.07126527325,0.0,0.585349798203,0.463410243392,-0.000371063128,-0.292871891617
889,1,0.220013270947,0.006067242826,0.0,-0.220013270947,-0.006067242826,0.0,-0.025973231293,0.511812058895,0.0,-0.078042702165,0.508025951511,0.0,-0.188764153627,0.905218459718,0.0,0.126075872227,0.874036172028,0.0,-0.195765392744,0.941945518275,0.0,0.173708482193,0.902684990212,0.0,-0.328799378092,1.113848869508,0.0,0.13100038059,1.096400906161,0.0,0.585324555635,0.463345393538,-0.000370956957,-0.285404637398
890,1,0.225915153898,0.005921224709,0.0,-0.225915153898,-0.005921224709,0.0,-0.02766423122,0.525062495246,0.0,-0.080892144919,0.522145447724,0.0,-0.195329800168,0.929420487265,0.0,0.131822194699,0.898479322797,0.0,-0.202822844011,0.968029705559,0.0,0.17667986991,0.93077938831,0.0,-0.339085059136,1.14192850384,0.0,0.134122203348,1.12478910705,0.0,0.585042893887,0.463578060269,-0.000370275229,-0.277912089963
891,1,0.210803162782,0.005755562348,0.0,-0.210803162782,-0.005755562348,0.0,-0.028262793921,0.490829233967,0.0,-0.077971090369,0.48807732375,0.0,-0.185225783106,0.868579710965,0.0,0.120442859884,0.839670311418,0.0,-0.191503283671,0.904699761185,0.0,0.162794876473,0.870174811924,0.0,-0.318857612501,1.069679777532,0.0,0.123490040298,1.054775051476,0.0,0.584318608046,0.463788658381,-0.000368108973,-0.297144912875
892,1,0.222634561255,0.005664617369,0.0,-0.222634561255,-0.005664617369,0.0,-0.030113143455,0.515701175227,0.0,-0.081898812899,0.512281216878,0.0,-0.196646863125,0.913721537025,0.0,0.123610306392,0.888231368322,0.0,-0.203206747282,0.95361186507,0.0,0.171144823246,0.92288544823,0.0,-0.33773302313,1.128115594907,0.0,0.130368396776,1.114281860206,0.0,0.584083676338,0.465201810002,-0.000374864787,-0.281173522015
893,1,0.22454020097,0.005841878456,0.0,-0.22454020097,-0.005841878456,0.0,-0.032505217383,0.519902392336,0.0,-0.081338584529,0.516806697879,0.0,-0.201935758381,0.92090590182,0.0,0.12097147455,0.894623992115,0.0,-0.209951623806,0.960174705147,0.0,0.168635338209,0.929112641449,0.0,-0.341824207191,1.135107189773,0.0,0.127699098687,1.118660940584,0.0,0.583175897598,0.465234398842,-0.000374732539,-0.280107867305
894,1,0.217593513999,0.005586799918,0.0,-0.217593513999,-0.005586799918,0.0,-0.033780876458,0.505227774902,0.0,-0.078087122833,0.503999897708,0.0,-0.204752860166,0.903293827796,0.0,0.116120123141,0.876614560049,0.0,-0.212683657817,0.942816021692,0.0,0.160209879729,0.91166483512,0.0,-0.333076355655,1.106189792253,0.0,0.120587084185,1.088073026136,0.0,0.582072615623,0.46536770463,-0.000375088304,-0.288538634207
895,1,0.227694005666,0.00553367308,0.0,-0.227694005666,-0.00553367308,0.0,-0.037625951203,0.5248477651,0.0,-0.084734167858,0.523409357738,0.0,-0.226262894418,0.939629040885,0.0,0.116447369955,0.91114115024,0.0,-0.240797182148,0.978319688213,0.0,0.162511598572,0.944423660562,0.0,-0.353045316765,1.158546143623,0.0,0.121814519969,1.132792578893,0.0,0.580990642309,0.465586930513,-0.000372891314,-0.277758543483
896,1,0.236521701274,0.005688669935,0.0,-0.236521701274,-0.005688669935,0.0,-0.039268281159,0.54269170566,0.0,-0.09021424826,0.542664875187,0.0,-0.242557227129,0.976377022575,0.0,0.116663107092,0.944151629554,0.0,-0.257417317535,1.017525210717,0.0,0.164704952729,0.973687101411,0.0,-0.366588070641,1.197680967724,0.0,0.125173910332,1.176517711956,0.0,0.580050587654,0.466145530343,-0.000376117416,-0.268804883768
897,1,0.236384531475,0.00527108724,0.0,-0.236384531475,-0.00527108724,0.0,-0.039603925913,0.535409998424,0.0,-0.09492594738,0.535122526437,0.0,-0.25161089863,0.965389590611,0.0,0.107227599532,0.932926745157,0.0,-0.268937061172,1.00671407255,0.0,0.155346594823,0.961169387811,0.0,-0.370538564198,1.189396271219,0.0,0.117825251062,1.167051299485,0.0,0.577909499407,0.466639429331,-0.000375629403,-0.27182366525
898,1,0.244474482286,0.005280007374,0.0,-0.244474482286,-0.005280007374,0.0,-0.045094372839,0.55374443535,0.0,-0.104530624864,0.552236827611,0.0,-0.274858524722,0.991894455736,0.0,0.100224139976,0.958332268017,0.0,-0.29561844104,1.033101048498,0.0,0.1482877564,0.98658267367,0.0,-0.39053823558,1.228849378225,0.0,0.11768512211,1.199706126255,0.0,0.575037658215,0.466708987951,-0.000363215804,-0.264495241787
899,1,0.262553780361,0.005504941806,0.0,-0.262553780361,-0.005504941806,0.0,-0.050294981362,0.590916175,0.0,-0.118362177648,0.587627175587,0.0,-0.320132829431,1.070938332998,0.0,0.09989299668,1.019505377002,0.0,-0.352788545227,1.111441174996,0.0,0.147432093575,1.045631961846,0.0,-0.419700160073,1.338564670318,0.0,0.11988378903,1.275438638699,0.0,0.572490662336,0.466629594564,-0.00035017496,-0.248820893585
900,1,0.276736654288,0.005259954636,0.0,-0.276736654288,-0.005259954636,0.0,-0.052083681275,0.61952492782,0.0,-0.134277850705,0.616246575079,0.0,-0.348748008193,1.127065167391,0.0,0.091270358997,1.067785594685,0.0,-0.389730428343,1.165116992102,0.0,0.142974041403,1.092113049535,0.0,-0.444123082609,1.426701489428,0.0,0.121406565134,1.335715533678,0.0,0.569770663977,0.466618165374,-0.00034661172,-0.237556587141
901,1,0.281421007118,0.005206270447,0.0,-0.281421007118,-0.005206270447,0.0,-0.048182183906,0.631849917985,0.0,-0.134660023049,0.626923881125,0.0,-0.357375028642,1.174609035562,0.0,0.091134999787,1.090551465189,0.0,-0.398117878554,1.220656416332,0.0,0.141974425948,1.111846665619,0.0,-0.438125944771,1.472355180481,0.0,0.132258385473,1.358382036591,0.0,0.569340497255,0.466638028622,-0.000349212904,-0.233540527931
902,1,0.280075432144,0.004793400634,0.0,-0.280075432144,-0.004793400634,0.0,-0.034399706048,0.622958070739,0.0,-0.137515758574,0.617962338821,0.0,-0.351493544324,1.153206316232,0.0,0.082030936954,1.069569778595,0.0,-0.398891137493,1.195626246139,0.0,0.135413520856,1.090542968892,0.0,-0.416818253847,1.448061656513,0.0,0.128792864833,1.336419708766,0.0,0.56747853756,0.466551586986,-0.000347357476,-0.237512677457
903,1,0.278109548282,0.004479991911,0.0,-0.278109548282,-0.004479991911,0.0,-0.012888568256,0.620303947906,0.0,-0.137705286686,0.612307702028,0.0,-0.338626286432,1.164910672194,0.0,0.07740404967,1.056242023197,0.0,-0.393671256005,1.209225744774,0.0,0.132931136346,1.074367938962,0.0,-0.359917848101,1.442063244082,0.0,0.135458094952,1.320372470714,0.0,0.566560164094,0.466559320688,-0.000351929106,-0.240215134911
904,1,0.277189409109,0.003307552138,0.0,-0.277189409109,-0.003307552138,0.0,0.005799789862,0.620602609453,0.0,-0.128457912988,0.611226524593,0.0,-0.300109441889,1.168498098874,0.0,0.077969238749,1.051096284475,0.0,-0.366677320406,1.215643557536,0.0,0.134340464278,1.069710003414,0.0,-0.284998527779,1.443448993682,0.0,0.131874309693,1.312837491115,0.0,0.565267309546,0.467178061604,-0.000353136566,-0.241086400346
905,1,0.268995179154,0.002638658994,0.0,-0.268995179154,-0.002638658994,0.0,0.022387871358,0.609320431443,0.0,-0.120588957373,0.598258476915,0.0,-0.24923289219,1.159542228022,0.0,0.075067058722,1.024712862957,0.0,-0.314549734177,1.209701452063,0.0,0.130692549797,1.056168541318,0.0,-0.208494609837,1.409195736699,0.0,0.121408499767,1.278088716079,0.0,0.56455232203,0.467581629753,-0.000357719604,-0.247315570098
906,1,0.268420301797,0.001091163242,0.0,-0.268420301797,-0.001091163242,0.0,0.055996820124,0.599860249237,0.0,-0.124835569304,0.587703432054,0.0,-0.17335802769,1.134974794411,0.0,0.068754581504,1.000849254799,0.0,-0.247695061379,1.18200506577,0.0,0.121477024682,1.037732086558,0.0,-0.125904729471,1.386263395617,0.0,0.119334918873,1.255176409673,0.0,0.562718197703,0.467135578394,-0.000362296123,-0.251929877404
907,1,0.270471886666,0.000518351834,0.0,-0.270471886666,-0.000518351834,0.0,0.081400204244,0.608437341741,0.0,-0.127815884241,0.587957097101,0.0,-0.075682440228,1.164173374487,0.0,0.067262132852,0.998767558215,0.0,-0.128212934775,1.218522502279,0.0,0.123084129049,1.036940185537,0.0,-0.041757308251,1.401612429348,0.0,0.110732312376,1.255644836406,0.0,0.561978191137,0.467111244798,-0.000361460028,-0.252199140609
908,1,0.274221665745,-0.000207392836,0.0,-0.274221665745,0.000207392836,0.0,0.114190829041,0.617607651865,0.0,-0.129698384317,0.594550854481,0.0,0.024048520878,1.192072712539,0.0,0.066639056626,1.013080313116,0.0,-0.020157821744,1.252093532786,0.0,0.122167000375,1.054371964911,0.0,0.032754734044,1.425244168895,0.0,0.090835919337,1.265924801532,0.0,0.561579942703,0.466846913099,-0.000368829351,-0.250325163181
909,1,0.284979299304,-0.001797539102,0.0,-0.284979299304,0.001797539102,0.0,0.162742256395,0.634768645052,0.0,-0.137772525157,0.611721030012,0.0,0.129483947048,1.223603048215,0.0,0.063465149631,1.054378155375,0.0,0.104044159518,1.293306794703,0.0,0.120025829915,1.092501182021,0.0,0.135641684481,1.456914393071,0.0,0.09544675686,1.311768560037,0.0,0.560192406178,0.465961575508,-0.000365765998,-0.244730187049
910,1,0.278402571795,-0.00241540327,0.0,-0.278402571795,0.00241540327,0.0,0.180770967146,0.619651829538,0.0,-0.132384933986,0.596393775331,0.0,0.177887934799,1.192721946533,0.0,0.060980547191,1.021177026004,0.0,0.152301022716,1.258234266111,0.0,0.122270540013,1.050268582874,0.0,0.189378891533,1.42263099851,0.0,0.092974066365,1.263918931993,0.0,0.559400990605,0.464812085032,-0.000363853527,-0.251895540688
911,1,0.281481844323,-0.00328297553,0.0,-0.281481844323,0.00328297553,0.0,0.226621496589,0.617547035505,0.0,-0.133958480415,0.594314219973,0.0,0.280713555508,1.206043165087,0.0,0.05685182381,1.029174027201,0.0,0.262587418746,1.272258464161,0.0,0.121115073722,1.058166030981,0.0,0.261365065286,1.433584583307,0.0,0.090819480362,1.273645195693,0.0,0.558269411325,0.464514359832,-0.000366031192,-0.250198851894
912,1,0.280482605477,-0.003574033353,0.0,-0.280482605477,0.003574033353,0.0,0.27145580563,0.612393631084,0.0,-0.129476579754,0.59147372859,0.0,0.341423774313,1.200563667282,0.0,0.053169430165,1.025966148243,0.0,0.319842682179,1.264839753663,0.0,0.111997617851,1.053485124644,0.0,0.308529797483,1.42639275739,0.0,0.100446210981,1.272482198831,0.0,0.557666540146,0.464609026909,-0.000364919659,-0.251015931399
913,1,0.274570166795,-0.004041926346,0.0,-0.274570166795,0.004041926346,0.0,0.305492164085,0.593671455517,0.0,-0.126010808663,0.575286463502,0.0,0.400279724976,1.164092732404,0.0,0.049200302437,0.997970950129,0.0,0.386117201877,1.22649641472,0.0,0.103964766461,1.024353822185,0.0,0.349423612339,1.385435730054,0.0,0.107272347878,1.238494504176,0.0,0.556513592601,0.464480951428,-0.000366457738,-0.258253405263
914,1,0.27072557912,-0.004295590513,0.0,-0.27072557912,0.004295590513,0.0,0.334367638599,0.584044449323,0.0,-0.120675841493,0.56598395238,0.0,0.435393593075,1.144052085999,0.0,0.048193928638,0.982037448069,0.0,0.428574245155,1.201954006027,0.0,0.101967819468,1.008177013218,0.0,0.370256545863,1.362491150762,0.0,0.106259661152,1.218800791045,0.0,0.556304723024,0.464576244354,-0.000364176929,-0.262342328273
915,1,0.278039852137,-0.004650444928,0.0,-0.278039852137,0.004650444928,0.0,0.351417372755,0.596039954272,0.0,-0.127120642589,0.578398296399,0.0,0.472227398465,1.156493185467,0.0,0.044701664843,1.003300308884,0.0,0.467730138513,1.215636411872,0.0,0.100398955414,1.027311952254,0.0,0.416240351859,1.387539581452,0.0,0.104134647281,1.247791198955,0.0,0.555082082748,0.464578285813,-0.000364975072,-0.256515769548
916,1,0.246281115077,-0.004457418985,0.0,-0.246281115077,0.004457418985,0.0,0.322325972647,0.527633718192,0.0,-0.112957996739,0.512561530953,0.0,0.432601763458,1.010805142238,0.0,0.039603572724,0.887985204982,0.0,0.429812906933,1.056619646642,0.0,0.090543887844,0.905396917546,0.0,0.401549059119,1.223966259213,0.0,0.100503634259,1.102933773607,0.0,0.55458983779,0.464416623116,-0.000347156078,-0.28977811125
917,1,0.248314846394,-0.004880852012,0.0,-0.248314846394,0.004880852012,0.0,0.33262501529,0.527593904036,0.0,-0.117762298541,0.514315900624,0.0,0.442357271371,0.983437048565,0.0,0.035158855116,0.890458121457,0.0,0.441435567188,1.01893238572,0.0,0.089253826749,0.907957049929,0.0,0.392650224186,1.207132004959,0.0,0.095912280676,1.106594648286,0.0,0.553074598312,0.46533459425,-0.000347435474,-0.288030685695
918,1,0.249329155221,-0.005082806918,0.0,-0.249329155221,0.005082806918,0.0,0.337569529319,0.529283014122,0.0,-0.117771342071,0.515914925515,0.0,0.446710226812,0.962003083651,0.0,0.03627089355,0.893683552631,0.0,0.449052462349,0.997899842726,0.0,0.0990700195,0.911486620083,0.0,0.413394912518,1.194824827565,0.0,0.094611566365,1.110515981507,0.0,0.552982628345,0.465363651514,-0.000343244523,-0.286923479389
919,1,0.251637389333,-0.005319218599,0.0,-0.251637389333,0.005319218599,0.0,0.339905099058,0.526684438461,0.0,-0.123573947437,0.517612161074,0.0,0.439029789625,0.941480276404,0.0,0.031335679943,0.898314145755,0.0,0.43619885548,0.972249591925,0.0,0.094298814398,0.916745147314,0.0,0.409803442381,1.16817773033,0.0,0.087421375433,1.116626084207,0.0,0.551481053233,0.465388208628,-0.000346397981,-0.285281498234
920,1,0.247880496619,-0.005901496543,0.0,-0.247880496619,0.005901496543,0.0,0.332387174167,0.514143872391,0.0,-0.120290750621,0.508242068142,0.0,0.421106861961,0.904720231208,0.0,0.033967068167,0.883013407488,0.0,0.404290514895,0.929933469249,0.0,0.095658051545,0.907425173538,0.0,0.394282166733,1.124141189742,0.0,0.084794382813,1.094740070793,0.0,0.551229357719,0.4656881392,-0.000344527885,-0.290559557356
921,1,0.247390254019,-0.006854735125,0.0,-0.247390254019,0.006854735125,0.0,0.331751947776,0.509412559109,0.0,-0.122486925838,0.506009440403,0.0,0.410343384753,0.885657299496,0.0,0.03436724708,0.881513990206,0.0,0.387519717471,0.906180059514,0.0,0.094793250142,0.905653483721,0.0,0.385170670221,1.112997607865,0.0,0.081371086676,1.093798033058,0.0,0.550363361835,0.465252652764,-0.000347634777,-0.291584928953
922,1,0.247272684227,-0.006843081448,0.0,-0.247272684227,0.006843081448,0.0,0.323699100742,0.502794312501,0.0,-0.121788923147,0.503772905127,0.0,0.38925229975,0.869504003058,0.0,0.0265384274,0.875013772389,0.0,0.371811916326,0.891774713177,0.0,0.083458881668,0.899719168901,0.0,0.372495934676,1.091812102016,0.0,0.074086193189,1.08680301744,0.0,0.548417955637,0.465262636542,-0.000343861058,-0.29309187804
923,1,0.22927811571,-0.006453671173,0.0,-0.22927811571,0.006453671173,0.0,0.299889509355,0.463180693104,0.0,-0.115355201722,0.466607122146,0.0,0.351612033359,0.807140409169,0.0,0.021143787266,0.812753848286,0.0,0.33422854999,0.837172629342,0.0,0.072495108499,0.839796248626,0.0,0.342931475892,1.013012694178,0.0,0.065408372848,1.010136509773,0.0,0.547575488687,0.465278789401,-0.000320641324,-0.315764166923
924,1,0.218827922766,-0.006226807535,0.0,-0.218827922766,0.006226807535,0.0,0.279425274398,0.439062872075,0.0,-0.113464360764,0.441870926956,0.0,0.320129894709,0.760477456816,0.0,0.013980471411,0.770249158347,0.0,0.284980685913,0.791472774825,0.0,0.059474434066,0.796276709815,0.0,0.317730523451,0.957764843054,0.0,0.054914545419,0.957989730954,0.0,0.546164095402,0.465333983302,-0.000316809863,-0.332892227439
925,1,0.206931967664,-0.006344341743,0.0,-0.206931967664,0.006344341743,0.0,0.252315051229,0.411487454452,0.0,-0.115904965224,0.413431497843,0.0,0.266376803255,0.705072661759,0.0,0.002894468325,0.717910680994,0.0,0.230164893387,0.735543683587,0.0,0.044077818814,0.7437169697,0.0,0.287079643226,0.892827039823,0.0,0.041624828479,0.895195652111,0.0,0.542549073696,0.465021669865,-0.000312257558,-0.35602555907
926,1,0.221912989097,-0.00619362017,0.0,-0.221912989097,0.00619362017,0.0,0.264724666815,0.444067480755,0.0,-0.12954384609,0.445318282179,0.0,0.269784233662,0.761073720126,0.0,-0.004999089431,0.774724155915,0.0,0.231733399639,0.796072276612,0.0,0.03899644388,0.804633019931,0.0,0.300803493792,0.962017239572,0.0,0.038012159236,0.966446701406,0.0,0.540288850665,0.465422257781,-0.000320790336,-0.329426319421
927,1,0.248025094071,-0.006392606517,0.0,-0.248025094071,0.006392606517,0.0,0.291924847242,0.498013438479,0.0,-0.145508832304,0.500625278921,0.0,0.29430030088,0.857354308347,0.0,-0.009787236881,0.869931996938,0.0,0.249667301452,0.896264226738,0.0,0.039322274134,0.904518049047,0.0,0.333123733815,1.082588858746,0.0,0.03863953701,1.084392756327,0.0,0.539113864303,0.465880483389,-0.000328041613,-0.293249033541
928,1,0.223351277024,-0.005431310092,0.0,-0.223351277024,0.005431310092,0.0,0.25307699853,0.449128475902,0.0,-0.138852240187,0.451251427093,0.0,0.249293604751,0.775042870768,0.0,-0.020613200836,0.785546771482,0.0,0.206765112891,0.809979706058,0.0,0.02004240649,0.816573390199,0.0,0.289681801349,0.979170124578,0.0,0.024044574178,0.979990526742,0.0,0.535865187645,0.466113343835,-0.0003235396,-0.324758727058
929,1,0.219251635597,-0.005403151218,0.0,-0.219251635597,0.005403151218,0.0,0.243911422803,0.440434169278,0.0,-0.138306577291,0.441618668646,0.0,0.23960075043,0.758732305701,0.0,-0.023765235898,0.771703006609,0.0,0.198210901539,0.791503515004,0.0,0.016882317104,0.801663735073,0.0,0.279701139746,0.959661487211,0.0,0.019432922245,0.959977630237,0.0,0.534562155604,0.465606197715,-0.000327360816,-0.330505289722
930,1,0.200240438175,-0.004662401145,0.0,-0.200240438175,0.004662401145,0.0,0.219317650652,0.403523081148,0.0,-0.126963821864,0.40422980023,0.0,0.212189726161,0.695607045183,0.0,-0.024201791091,0.708310024019,0.0,0.174311610568,0.72456687029,0.0,0.012880688689,0.735496458892,0.0,0.252476174914,0.878958125157,0.0,0.015525116784,0.878023963833,0.0,0.533667996526,0.465354025364,-0.000321418978,-0.361649661513
931,1,0.20366579007,-0.004518546585,0.0,-0.20366579007,0.004518546585,0.0,0.215705667354,0.415792676829,0.0,-0.128544352578,0.413505716261,0.0,0.208392602284,0.711846439826,0.0,-0.033046091365,0.725471613834,0.0,0.170298366164,0.743439265266,0.0,0.004873929839,0.75393902202,0.0,0.249094752234,0.898907744852,0.0,0.007451838586,0.897674670734,0.0,0.530822440982,0.465675979853,-0.000320473686,-0.353594297548
932,1,0.19327715169,-0.004179722885,0.0,-0.19327715169,0.004179722885,0.0,0.200136654018,0.395692890662,0.0,-0.123157296608,0.393470064591,0.0,0.190280866014,0.677654888601,0.0,-0.035835027696,0.69060611556,0.0,0.152577571252,0.707446968037,0.0,-0.000441228094,0.718876564275,0.0,0.231876187099,0.854998732423,0.0,0.00354939132,0.852320233409,0.0,0.529207363725,0.465355187654,-0.000309573486,-0.37240399392
933,1,0.19700087134,-0.004117195325,0.0,-0.19700087134,0.004117195325,0.0,0.197808514335,0.403578231645,0.0,-0.126220855625,0.400400691644,0.0,0.188168532954,0.690185755342,0.0,-0.040500904095,0.705152288236,0.0,0.150148333511,0.720109090492,0.0,-0.005057864258,0.734345825499,0.0,0.229914512789,0.868180054317,0.0,-0.001022568473,0.867483016246,0.0,0.527490124106,0.46434545517,-0.000318196602,-0.367527648652
934,1,0.195247106242,-0.004502967629,0.0,-0.195247106242,0.004502967629,0.0,0.194565241805,0.401470922811,0.0,-0.123214379334,0.397408284199,0.0,0.184162218199,0.685390036492,0.0,-0.041838594024,0.701854059498,0.0,0.147217001896,0.715235859582,0.0,-0.007151637678,0.729470892361,0.0,0.226209188648,0.860748922104,0.0,-0.001704260138,0.860143640112,0.0,0.527174279094,0.46341457963,-0.000313516706,-0.37164153665
935,1,0.198896988208,-0.004507660625,0.0,-0.198896988208,0.004507660625,0.0,0.197766991727,0.409471357428,0.0,-0.126183131457,0.405025077609,0.0,0.18636121771,0.700593764321,0.0,-0.04496932292,0.716194562236,0.0,0.148991813143,0.731254193551,0.0,-0.009043001987,0.744980563327,0.0,0.228850412101,0.877591604175,0.0,-0.004275691134,0.877981263782,0.0,0.526541501284,0.463394626975,-0.000312341377,-0.363905951263
936,1,0.210665805483,-0.004841686937,0.0,-0.210665805483,0.004841686937,0.0,0.207303449018,0.435967491864,0.0,-0.136366472886,0.430031685432,0.0,0.194153612318,0.747263299837,0.0,-0.052521790176,0.762890240164,0.0,0.154828349761,0.780403999304,0.0,-0.013833459755,0.794009148751,0.0,0.238686634307,0.93483157445,0.0,-0.009206917246,0.934925741008,0.0,0.524924620986,0.463039383292,-0.000317409635,-0.341804020524
937,1,0.209160740896,-0.005119163104,0.0,-0.209160740896,0.005119163104,0.0,0.204333379553,0.43728868303,0.0,-0.133267800005,0.431331620853,0.0,0.189639281271,0.746645258047,0.0,-0.054232151551,0.763384833708,0.0,0.151456573816,0.779043154051,0.0,-0.01580808471,0.794338914397,0.0,0.235398242463,0.933063780645,0.0,-0.011011457619,0.934716137414,0.0,0.524223595858,0.461743652821,-0.000317046419,-0.343265940029
938,1,0.20178717649,-0.004692007163,0.0,-0.20178717649,0.004692007163,0.0,0.19716613325,0.423935798539,0.0,-0.126018340419,0.418980235052,0.0,0.182646209767,0.723707881201,0.0,-0.053321923512,0.740368298084,0.0,0.145899647087,0.755722509025,0.0,-0.017493026707,0.770283366781,0.0,0.226534041573,0.90045452275,0.0,-0.010685187366,0.905216319494,0.0,0.524169266224,0.460719048977,-0.000316299498,-0.35528988918
939,1,0.234431659629,-0.005379121701,0.0,-0.234431659629,0.005379121701,0.0,0.22719526255,0.491039860123,0.0,-0.147655461719,0.486235589666,0.0,0.210357530281,0.838109402138,0.0,-0.064749711379,0.855226891776,0.0,0.167820972636,0.874123026762,0.0,-0.022298259178,0.888993498987,0.0,0.258567135006,1.043906244647,0.0,-0.017336826036,1.048748491218,0.0,0.523659750819,0.460760787129,-0.000315191224,-0.306058327677
940,1,0.231099049614,-0.004923145407,0.0,-0.231099049614,0.004923145407,0.0,0.221978232422,0.484515867634,0.0,-0.148756109541,0.479345653184,0.0,0.205639823571,0.82978010963,0.0,-0.066705706914,0.846704940586,0.0,0.163406654308,0.86536016903,0.0,-0.0249750477,0.880147936955,0.0,0.251569453668,1.03302858392,0.0,-0.019933588217,1.037799446264,0.0,0.522816702724,0.460352733731,-0.000317648053,-0.309700727599
941,1,0.204179513155,-0.004325979118,0.0,-0.204179513155,0.004325979118,0.0,0.193704667648,0.426476324793,0.0,-0.130747578559,0.421928637444,0.0,0.179084632233,0.730928574009,0.0,-0.060762160668,0.744499117046,0.0,0.143249398125,0.762323882659,0.0,-0.024211733255,0.774095005441,0.0,0.218874185541,0.909781458874,0.0,-0.019441744648,0.913587520756,0.0,0.522085890174,0.46037966013,-0.000311156735,-0.351780705928
942,1,0.237702128685,-0.005074116808,0.0,-0.237702128685,0.005074116808,0.0,0.224817569971,0.497974901581,0.0,-0.155221967587,0.492846880705,0.0,0.206349382096,0.853321024962,0.0,-0.07338271001,0.870104809783,0.0,0.163756646326,0.89060163368,0.0,-0.030790370594,0.904945466691,0.0,0.253375331151,1.062341185205,0.0,-0.025401747328,1.066886566516,0.0,0.521371349692,0.460407435894,-0.000311207958,-0.300765114934
943,1,0.267630546248,-0.005852423768,0.0,-0.267630546248,0.005852423768,0.0,0.252699385433,0.560833236939,0.0,-0.175536707582,0.556091902857,0.0,0.231620053605,0.961862704702,0.0,-0.083335689846,0.980206849008,0.0,0.183576030945,1.004529575779,0.0,-0.035503234204,1.019427243135,0.0,0.2841770966,1.197476239268,0.0,-0.029239287467,1.202608330374,0.0,0.521210983396,0.460455477238,-0.000324245542,-0.266938588421
944,1,0.262159711282,-0.005734979605,0.0,-0.262159711282,0.005734979605,0.0,0.246653815114,0.548458838856,0.0,-0.172692542501,0.542331133305,0.0,0.225740393184,0.943349150352,0.0,-0.08271019425,0.959149372312,0.0,0.178646954448,0.986475094903,0.0,-0.035921139989,0.997930840759,0.0,0.27648480561,1.174766412384,0.0,-0.029465433926,1.175910696834,0.0,0.520892307162,0.460474133492,-0.000339962542,-0.2725817921
945,1,0.257305088307,-0.005633960043,0.0,-0.257305088307,0.005633960043,0.0,0.241680294888,0.534594095533,0.0,-0.169837732619,0.529687156888,0.0,0.219769056075,0.925324930735,0.0,-0.081809694253,0.940498754249,0.0,0.17143816636,0.967719533614,0.0,-0.036683961865,0.978320811864,0.0,0.268811845487,1.151073064844,0.0,-0.029384791429,1.152363879058,0.0,0.520819783211,0.46047899127,-0.000339115039,-0.277887203661
946,1,0.251655939221,-0.005525155772,0.0,-0.251655939221,0.005525155772,0.0,0.234543049163,0.523959310021,0.0,-0.168634087804,0.518843201137,0.0,0.212901151578,0.90707007122,0.0,-0.082354791146,0.92079083179,0.0,0.165536560393,0.948769197399,0.0,-0.038162587,0.95770188566,0.0,0.26056118596,1.128547959833,0.0,-0.031356458918,1.128379735949,0.0,0.520118013024,0.460492745042,-0.000339766964,-0.28345389834
947,1,0.259303811109,-0.005526673478,0.0,-0.259303811109,0.005526673478,0.0,0.241638160265,0.539924683083,0.0,-0.17372636192,0.535935322892,0.0,0.219133483068,0.934811796024,0.0,-0.085429504641,0.948970949966,0.0,0.170344911452,0.977847690324,0.0,-0.039838332464,0.986622593805,0.0,0.26842851981,1.162860115487,0.0,-0.033219640923,1.163903143496,0.0,0.520090952516,0.460437372327,-0.000341550447,-0.275271202121
948,1,0.255254079855,-0.005462981978,0.0,-0.255254079855,0.005462981978,0.0,0.237308540732,0.530653903911,0.0,-0.17238412482,0.526420438906,0.0,0.213902149033,0.917790980512,0.0,-0.085650156105,0.931822464997,0.0,0.165731339225,0.960556621619,0.0,-0.040755325491,0.969112773592,0.0,0.260717061833,1.143244658705,0.0,-0.034130754478,1.144355567962,0.0,0.519689247012,0.460436820984,-0.00034306664,-0.279912540046
949,1,0.258975674936,-0.005478452479,0.0,-0.258975674936,0.005478452479,0.0,0.241328567516,0.539580137369,0.0,-0.174741567667,0.535329299431,0.0,0.216350415862,0.929768596596,0.0,-0.087559027057,0.944657969127,0.0,0.166990706241,0.972990557278,0.0,-0.041763554608,0.982309851419,0.0,0.266364673368,1.158858845418,0.0,-0.03569336494,1.160112900887,0.0,0.519659921527,0.46042817831,-0.000340815634,-0.276146466038
950,1,0.237969277985,-0.005575610147,0.0,-0.237969277985,0.005575610147,0.0,0.22038131216,0.494107992507,0.0,-0.16169244659,0.490857621267,0.0,0.197099797541,0.853636498725,0.0,-0.081278400818,0.867526610017,0.0,0.152059321051,0.893112708181,0.0,-0.039370505521,0.902345902337,0.0,0.241424617774,1.06507706098,0.0,-0.033737189149,1.066795864424,0.0,0.519406229258,0.460119232535,-0.000338003039,-0.300831543689
951,1,0.238363867818,-0.005730399321,0.0,-0.238363867818,0.005730399321,0.0,0.219996222383,0.493503262099,0.0,-0.161815889785,0.49012357728,0.0,0.197248763112,0.853201234233,0.0,-0.081926681999,0.867061311763,0.0,0.152539497402,0.892720354639,0.0,-0.040144262986,0.901866515179,0.0,0.2414600952,1.064920350807,0.0,-0.034070939634,1.066173906631,0.0,0.519248083234,0.460372596979,-0.000337335281,-0.300696440043
952,1,0.243764018887,-0.005760375427,0.0,-0.243764018887,0.005760375427,0.0,0.224828903331,0.504686698942,0.0,-0.166142037965,0.501504432305,0.0,0.201396872854,0.87353538785,0.0,-0.084160826594,0.888095647748,0.0,0.155529781418,0.914297094367,0.0,-0.041399093298,0.923738170459,0.0,0.246756043528,1.089579270952,0.0,-0.035315610865,1.091469718343,0.0,0.519167840481,0.460350826383,-0.000336407684,-0.293727756366
953,1,0.251119714025,-0.005524899017,0.0,-0.251119714025,0.005524899017,0.0,0.231741041217,0.519081001164,0.0,-0.171283525089,0.516060169003,0.0,0.207458037255,0.897903682124,0.0,-0.086513526328,0.914452297866,0.0,0.160336275203,0.940184669877,0.0,-0.041963935226,0.951008987428,0.0,0.253328210151,1.120591425876,0.0,-0.036581882328,1.124001961902,0.0,0.519159585238,0.460077568889,-0.000335410237,-0.285096114746
954,1,0.239405748864,-0.005725957447,0.0,-0.239405748864,0.005725957447,0.0,0.220457186909,0.497625286708,0.0,-0.16328952123,0.494861643243,0.0,0.19713807294,0.85907922892,0.0,-0.082632082311,0.87461779536,0.0,0.152621024097,0.899369769349,0.0,-0.040314165573,0.909307282586,0.0,0.241470805783,1.071084495527,0.0,-0.035038680815,1.074761644572,0.0,0.519142895937,0.459240615368,-0.000332865864,-0.298967503018
955,1,0.239908409469,-0.006273240619,0.0,-0.239908409469,0.006273240619,0.0,0.22090632103,0.497286798314,0.0,-0.163661695444,0.49577791589,0.0,0.197340422692,0.861096692498,0.0,-0.082546877567,0.87634875257,0.0,0.152947371493,0.902098054925,0.0,-0.04057609015,0.910660043611,0.0,0.242564538039,1.070533449169,0.0,-0.035083614268,1.074547811679,0.0,0.519139498472,0.458734229207,-0.00033369381,-0.298322964023
956,1,0.262482227649,-0.006730111718,0.0,-0.262482227649,0.006730111718,0.0,0.241065547676,0.544430363202,0.0,-0.178645214008,0.542195756009,0.0,0.215476114265,0.937836665272,0.0,-0.093231666517,0.957790498486,0.0,0.166731244301,0.978979585651,0.0,-0.047297272579,0.993877622824,0.0,0.271337140136,1.171264462861,0.0,-0.038526969522,1.176154319478,0.0,0.519161954522,0.458634391427,-0.000335195102,-0.272629156564
957,1,0.257193160372,-0.006360660244,0.0,-0.257193160372,0.006360660244,0.0,0.235896279132,0.533353656376,0.0,-0.175422273733,0.53104125396,0.0,0.209600764314,0.918235477373,0.0,-0.091767350208,0.935542387639,0.0,0.162742954067,0.958554123881,0.0,-0.046843184961,0.970185137309,0.0,0.262744983352,1.147360248932,0.0,-0.038520164869,1.150973819679,0.0,0.519069299102,0.458733439445,-0.000334688462,-0.278149563185
958,1,0.21213033211,-0.004962654914,0.0,-0.21213033211,0.004962654914,0.0,0.194547917453,0.441002486933,0.0,-0.145179848672,0.43772610236,0.0,0.1728800623,0.758989241415,0.0,-0.075636246347,0.773265814292,0.0,0.134489359121,0.791841901066,0.0,-0.038390835869,0.801572864092,0.0,0.21668629179,0.948269051285,0.0,-0.031848858854,0.949899547544,0.0,0.519002899528,0.458325102925,-0.000327389687,-0.336901359438
959,1,0.18529857842,-0.004348599332,0.0,-0.18529857842,0.004348599332,0.0,0.170224717971,0.385090206314,0.0,-0.126733929353,0.381846420136,0.0,0.151430016666,0.662901388653,0.0,-0.066454110942,0.675519051733,0.0,0.117807948631,0.691843479152,0.0,-0.033902090159,0.700415458698,0.0,0.189651315629,0.828779054161,0.0,-0.026947827154,0.829384963101,0.0,0.519080355763,0.458290025592,-0.000311003998,-0.385324226749
960,1,0.197770041268,-0.004520215655,0.0,-0.197770041268,0.004520215655,0.0,0.181738479546,0.411352748416,0.0,-0.134988204439,0.407546668066,0.0,0.161599566801,0.707620182264,0.0,-0.070805005012,0.720038641947,0.0,0.125904026978,0.738518832652,0.0,-0.036197671368,0.746772493535,0.0,0.202374117472,0.88450172459,0.0,-0.029447887653,0.884359095625,0.0,0.519065335393,0.458329051733,-0.000309401192,-0.361065601278
961,1,0.205249731997,-0.004350265625,0.0,-0.205249731997,0.004350265625,0.0,0.188666704759,0.426967818995,0.0,-0.13998024674,0.42243179976,0.0,0.164453049384,0.734520645321,0.0,-0.073408516487,0.746757774585,0.0,0.126186092863,0.767641653049,0.0,-0.038474676845,0.774406030486,0.0,0.210585630772,0.917322751484,0.0,-0.029709744158,0.917068913909,0.0,0.519073083997,0.458476066589,-0.000295520294,-0.347994513605
962,1,0.229134891006,-0.004618578754,0.0,-0.229134891006,0.004618578754,0.0,0.210256559617,0.476952983715,0.0,-0.156204824548,0.470985120202,0.0,0.184458838804,0.821262443434,0.0,-0.082533408586,0.833469871232,0.0,0.141468496913,0.859186483059,0.0,-0.043340094538,0.864033724189,0.0,0.234518177506,1.024605059106,0.0,-0.033370472255,1.022375851717,0.0,0.519008278847,0.458563491702,-0.000302373897,-0.31195275677
963,1,0.229309465532,-0.004518902513,0.0,-0.229309465532,0.004518902513,0.0,0.210202568686,0.477736547548,0.0,-0.157537264652,0.471606062019,0.0,0.183512387963,0.822784913004,0.0,-0.084389504257,0.835274633523,0.0,0.140354543181,0.860842889071,0.0,-0.045477211169,0.865744827291,0.0,0.233965809143,1.026470132012,0.0,-0.034175265043,1.024483744441,0.0,0.518794029951,0.458539515734,-0.000302847009,-0.311378004957
964,1,0.219589631852,-0.004304560403,0.0,-0.219589631852,0.004304560403,0.0,0.199835603524,0.456796681498,0.0,-0.151795287493,0.450709073144,0.0,0.173074008711,0.786299257976,0.0,-0.081953867016,0.798868298017,0.0,0.132379449462,0.822519109405,0.0,-0.04488780783,0.827744405702,0.0,0.222524549001,0.980245171331,0.0,-0.033149420256,0.978909063452,0.0,0.518385887146,0.458544835448,-0.000300522428,-0.325702376566
965,1,0.214236276479,-0.00427102245,0.0,-0.214236276479,0.00427102245,0.0,0.193049124782,0.446115022256,0.0,-0.149366515888,0.440223359149,0.0,0.166205365412,0.768273012078,0.0,-0.082259306311,0.780981193423,0.0,0.125336899851,0.803362294499,0.0,-0.046674361577,0.808515288534,0.0,0.215103238823,0.957111240714,0.0,-0.032890696648,0.955831166881,0.0,0.517649739981,0.458522856236,-0.000302075874,-0.333580504611
966,1,0.220358304353,-0.004454687267,0.0,-0.220358304353,0.004454687267,0.0,0.19560560758,0.457681691833,0.0,-0.154518798158,0.451626535388,0.0,0.167849496828,0.788204961023,0.0,-0.086109095256,0.801284040364,0.0,0.125335532596,0.82415732656,0.0,-0.049761680966,0.829436847431,0.0,0.218922545608,0.980822897993,0.0,-0.034915865982,0.979598393308,0.0,0.51692044735,0.458447352052,-0.000299427193,-0.325597340568
967,1,0.221753521898,-0.004100108723,0.0,-0.221753521898,0.004100108723,0.0,0.194575268276,0.456468126554,0.0,-0.156237366397,0.451223491387,0.0,0.166085306072,0.78820458744,0.0,-0.088183561055,0.801359792072,0.0,0.123366856483,0.824108658258,0.0,-0.051692680475,0.829259095979,0.0,0.22113564897,0.981418574355,0.0,-0.037064220476,0.98011245531,0.0,0.516315549612,0.458604469895,-0.000299418345,-0.32524011109
968,1,0.220936247553,-0.003969810034,0.0,-0.220936247553,0.003969810034,0.0,0.192377353909,0.45620291495,0.0,-0.157980081755,0.450930638974,0.0,0.163612829422,0.787950347526,0.0,-0.089895133156,0.800962103538,0.0,0.121422084265,0.823838466169,0.0,-0.053496186135,0.828882141412,0.0,0.21750934138,0.981031760576,0.0,-0.039388098349,0.979489575012,0.0,0.515488341451,0.45839600265,-0.000301074702,-0.325660379931
969,1,0.221117685185,-0.003908059416,0.0,-0.221117685185,0.003908059416,0.0,0.190586565733,0.454811577306,0.0,-0.159458696807,0.44952263119,0.0,0.1610604595,0.785914573209,0.0,-0.092721573534,0.799315176458,0.0,0.120162442033,0.820842991488,0.0,-0.056398177875,0.827104377561,0.0,0.21664929247,0.97884911297,0.0,-0.042013605929,0.977439678918,0.0,0.514543011785,0.458825737238,-0.000299391802,-0.325715824214
970,1,0.215157588096,-0.003484090083,0.0,-0.215157588096,0.003484090083,0.0,0.18216629831,0.440610906037,0.0,-0.158686303924,0.435264367177,0.0,0.152419001875,0.761306932391,0.0,-0.094150079497,0.774613577411,0.0,0.113067480833,0.795391162041,0.0,-0.058887976595,0.80158205958,0.0,0.206355522002,0.949554852021,0.0,-0.044846782169,0.947867023087,0.0,0.513191044331,0.459231868386,-0.00029622484,-0.335451365529
971,1,0.228822045083,-0.003618875527,0.0,-0.228822045083,0.003618875527,0.0,0.194732823346,0.468080299067,0.0,-0.168978715669,0.461741577583,0.0,0.16167747142,0.811107061122,0.0,-0.098565803795,0.825159212183,0.0,0.118097105284,0.847979480073,0.0,-0.060881504651,0.853960898573,0.0,0.219687068171,1.01022190845,0.0,-0.048194788459,1.008070899064,0.0,0.512992039323,0.459179833531,-0.000300374813,-0.314952783
972,1,0.227144120402,-0.003576081388,0.0,-0.227144120402,0.003576081388,0.0,0.192176167022,0.465384816568,0.0,-0.167981772163,0.458326659971,0.0,0.158461629371,0.805415113261,0.0,-0.099390660393,0.8192903128,0.0,0.115312605258,0.842039057736,0.0,-0.062150140456,0.84774810369,0.0,0.215769185023,1.002118634784,0.0,-0.049289119362,1.000053501024,0.0,0.512407407165,0.459052741528,-0.000296586193,-0.31765919147
973,1,0.226255532885,-0.003384060045,0.0,-0.226255532885,0.003384060045,0.0,0.191534637894,0.46543346323,0.0,-0.168915213654,0.458321516187,0.0,0.156012324105,0.805076156828,0.0,-0.102073228131,0.818728131449,0.0,0.112709635915,0.841345867505,0.0,-0.065304565084,0.84737700118,0.0,0.212867384019,1.001922433451,0.0,-0.05045810599,0.999853469298,0.0,0.511591628194,0.458992242813,-0.000296268612,-0.317762504823
974,1,0.223834150331,-0.003342187996,0.0,-0.223834150331,0.003342187996,0.0,0.188163880079,0.461077474292,0.0,-0.169560733661,0.453532409595,0.0,0.151281888585,0.796704859187,0.0,-0.105929357673,0.808157504445,0.0,0.107929463457,0.832562526237,0.0,-0.07091910655,0.83640179375,0.0,0.206381466172,0.989923115826,0.0,-0.053273735045,0.98849856603,0.0,0.510587647557,0.458990439773,-0.000288549811,-0.321088139599
975,1,0.23083503425,-0.003420682454,0.0,-0.23083503425,0.003420682454,0.0,0.193833092819,0.477005705303,0.0,-0.175826704028,0.468748796279,0.0,0.154489081512,0.822232713814,0.0,-0.111805970749,0.835026232139,0.0,0.109327401634,0.858244724007,0.0,-0.07560057864,0.864266613859,0.0,0.211606962877,1.022903094788,0.0,-0.057314093026,1.021592011439,0.0,0.50986738503,0.458978757262,-0.000292740762,-0.310688212633
976,1,0.237773754761,-0.003374915977,0.0,-0.237773754761,0.003374915977,0.0,0.199625935152,0.493906272383,0.0,-0.182668139793,0.484905504012,0.0,0.158188201419,0.849629254188,0.0,-0.11738770867,0.863489766594,0.0,0.111460404869,0.886850836436,0.0,-0.079955135248,0.893995358841,0.0,0.217252729337,1.057723517611,0.0,-0.060849219491,1.056768201975,0.0,0.509400844574,0.458959177136,-0.000292860903,-0.300295676477
977,1,0.260529531476,-0.00313321265,0.0,-0.260529531476,0.00313321265,0.0,0.215287333524,0.538487669996,0.0,-0.205396728306,0.528878855191,0.0,0.164832121242,0.926288241897,0.0,-0.135833050417,0.940541508518,0.0,0.113853506554,0.966947501083,0.0,-0.094961311297,0.97357878107,0.0,0.228276875194,1.153341787154,0.0,-0.078696957837,1.152251013505,0.0,0.507276266813,0.459199532866,-0.000295245089,-0.275189074796
978,1,0.255419535817,-0.002762502146,0.0,-0.255419535817,0.002762502146,0.0,0.210432969784,0.529686535759,0.0,-0.205069788821,0.519405054823,0.0,0.158091698545,0.912888015459,0.0,-0.137600859383,0.926199928544,0.0,0.107309428364,0.953715434283,0.0,-0.097438631388,0.960182827762,0.0,0.221061534595,1.135514730014,0.0,-0.081729943275,1.134174334271,0.0,0.506063967943,0.459105223417,-0.000297845807,-0.27974784486
979,1,0.271729422245,-0.001715345515,0.0,-0.271729422245,0.001715345515,0.0,0.22579836071,0.565553261486,0.0,-0.218039776836,0.553455895846,0.0,0.167834246233,0.973072533513,0.0,-0.148856329492,0.987788911779,0.0,0.113637358535,1.016286355269,0.0,-0.105990726392,1.023814910663,0.0,0.232664052969,1.210754337913,0.0,-0.089632616261,1.209449482078,0.0,0.50537866354,0.458698064089,-0.000297909603,-0.262746203314
980,1,0.267384102228,-0.001522900336,0.0,-0.267384102228,0.001522900336,0.0,0.223636440947,0.554730486591,0.0,-0.211979664705,0.542676054883,0.0,0.163187917316,0.953425238587,0.0,-0.148455760884,0.967588044911,0.0,0.109129236629,0.99479497356,0.0,-0.106565381926,1.0025641561,0.0,0.227116927082,1.186798289178,0.0,-0.091256980913,1.185416725558,0.0,0.504639342427,0.458757400513,-0.000290559605,-0.268003621388
981,1,0.268826905333,-0.000790840035,0.0,-0.268826905333,0.000790840035,0.0,0.225210063037,0.556257916267,0.0,-0.213817114212,0.543486506329,0.0,0.163735772302,0.961682850224,0.0,-0.152157188636,0.970378529266,0.0,0.108777509317,1.002974137586,0.0,-0.109427565135,1.006157975429,0.0,0.214958857516,1.191233017997,0.0,-0.095947671147,1.18948373237,0.0,0.503924652934,0.458452224731,-0.000295826234,-0.267785258203
982,1,0.286934862717,-0.000751460516,0.0,-0.286934862717,0.000751460516,0.0,0.243030329478,0.591373632135,0.0,-0.229109437632,0.577091741071,0.0,0.173326361779,1.022428469865,0.0,-0.164513886927,1.030814158686,0.0,0.113870228329,1.066351579595,0.0,-0.118931435002,1.068606079466,0.0,0.222945355275,1.266862685191,0.0,-0.106527307816,1.26472532371,0.0,0.503137350082,0.458430200815,-0.000298252795,-0.251875574837
983,1,0.286837100353,-0.000600229603,0.0,-0.286837100353,0.000600229603,0.0,0.241572705985,0.589872386705,0.0,-0.230932963103,0.575629262887,0.0,0.169465492281,1.018956596687,0.0,-0.16921260277,1.027429691592,0.0,0.108651928217,1.062574263172,0.0,-0.123753061603,1.065005820573,0.0,0.217062103016,1.263266484001,0.0,-0.111879745837,1.263786639781,0.0,0.501766070724,0.458206608891,-0.000310136005,-0.252900104206
984,1,0.280850928101,0.000594235667,0.0,-0.280850928101,-0.000594235667,0.0,0.237251780407,0.577127904616,0.0,-0.224727271982,0.562280732167,0.0,0.165912088032,0.996005209567,0.0,-0.166622791811,1.004206597213,0.0,0.106385160924,1.038649977016,0.0,-0.120614365235,1.041077964707,0.0,0.208909089235,1.235328528654,0.0,-0.111475689342,1.235883556662,0.0,0.501543387771,0.458884432912,-0.000308707822,-0.258058979516
985,1,0.287549267995,0.000730931439,0.0,-0.287549267995,-0.000730931439,0.0,0.243395496195,0.589906034564,0.0,-0.230443748372,0.575390328884,0.0,0.170324593162,1.018289707615,0.0,-0.17117329465,1.028199427273,0.0,0.11047090856,1.060607426015,0.0,-0.125633728423,1.06587235646,0.0,0.21415918506,1.265536302156,0.0,-0.115440319586,1.267172897693,0.0,0.501411765814,0.458846434951,-0.000327826478,-0.251916443982
986,1,0.284487607542,0.000936370316,0.0,-0.284487607542,-0.000936370316,0.0,0.238907688548,0.582596214934,0.0,-0.22942966416,0.568912034489,0.0,0.166642530582,1.002256338334,0.0,-0.171439346299,1.015187027354,0.0,0.10740929086,1.04445022163,0.0,-0.126051716073,1.052499464497,0.0,0.209948532621,1.249725318955,0.0,-0.120441092211,1.252001456875,0.0,0.500977382064,0.459019646049,-0.000330276322,-0.254954155753
987,1,0.281654600138,0.000926072379,0.0,-0.281654600138,-0.000926072379,0.0,0.235894911876,0.576767690189,0.0,-0.227736531079,0.561931995622,0.0,0.16551016721,0.99078361941,0.0,-0.170451073547,1.005295851904,0.0,0.105950511793,1.031552121055,0.0,-0.125384650702,1.041261775907,0.0,0.20837352602,1.238051837774,0.0,-0.122361346168,1.241181032113,0.0,0.500635504723,0.459566876292,-0.000331415329,-0.257242165405
988,1,0.280043596162,0.000918124758,0.0,-0.280043596162,-0.000918124758,0.0,0.234395633006,0.572584961931,0.0,-0.226127386138,0.558300974186,0.0,0.165071600329,0.982082076381,0.0,-0.16531571201,0.99636399148,0.0,0.109031388387,1.020231435346,0.0,-0.121108238065,1.032718208414,0.0,0.207994378979,1.230880240988,0.0,-0.121116989239,1.23380451469,0.0,0.500690147281,0.459616824985,-0.000334398821,-0.258819746862
989,1,0.293693858388,0.001204792035,0.0,-0.293693858388,-0.001204792035,0.0,0.246257200083,0.596773152284,0.0,-0.238033009184,0.581912502428,0.0,0.173299095834,1.024045786837,0.0,-0.17254371083,1.038282055859,0.0,0.113695696632,1.064921500559,0.0,-0.126260395869,1.077105853434,0.0,0.218505908755,1.285263277148,0.0,-0.128626432513,1.288403275814,0.0,0.500839978456,0.460504427552,-0.000340807717,-0.247055662788
990,1,0.276893463284,0.002014664778,0.0,-0.276893463284,-0.002014664778,0.0,0.234538391552,0.561923915466,0.0,-0.222891320108,0.548400561865,0.0,0.167026517346,0.962920195532,0.0,-0.158667480535,0.973520145326,0.0,0.113451101216,1.001129237681,0.0,-0.115968211834,1.007142240666,0.0,0.20800219021,1.210396680964,0.0,-0.118106047361,1.211523948741,0.0,0.501588657498,0.460780650377,-0.000340621453,-0.262525965193
991,1,0.280639250254,0.002137963078,0.0,-0.280639250254,-0.002137963078,0.0,0.240759816098,0.574050389028,0.0,-0.223259361828,0.557558713851,0.0,0.173466591583,0.974033599511,0.0,-0.156549991789,0.983867700672,0.0,0.11964491496,1.012668734785,0.0,-0.11361455038,1.016647041209,0.0,0.214861724376,1.225935813095,0.0,-0.115584728609,1.225999293038,0.0,0.502661243081,0.461160331964,-0.00033612363,-0.25915086239
992,1,0.277521555646,0.002411141986,0.0,-0.277521555646,-0.002411141986,0.0,0.240159259963,0.567339560156,0.0,-0.221260969472,0.5497971177,0.0,0.173959692477,0.960716528051,0.0,-0.152730316781,0.965847212584,0.0,0.122958859654,0.997277914758,0.0,-0.112137206829,0.996035442591,0.0,0.212290857175,1.21074363933,0.0,-0.113796110724,1.208988758269,0.0,0.503285124898,0.461812287569,-0.000332246535,-0.26207442164
993,1,0.292585637231,0.002477149164,0.0,-0.292585637231,-0.002477149164,0.0,0.25619016081,0.599376025677,0.0,-0.23098294834,0.580747249225,0.0,0.189435664425,1.01191972584,0.0,-0.155485939815,1.018333190675,0.0,0.13811065619,1.046664770037,0.0,-0.111567345235,1.049104758662,0.0,0.229780363651,1.280433257995,0.0,-0.116511437922,1.27710958094,0.0,0.504708766937,0.461791589856,-0.000332280993,-0.248215417664
994,1,0.296227414236,0.002069465097,0.0,-0.296227414236,-0.002069465097,0.0,0.263835971181,0.606234546974,0.0,-0.231605336278,0.588908984456,0.0,0.193943242305,1.01859370395,0.0,-0.151405726503,1.02917842156,0.0,0.142676851395,1.052606447301,0.0,-0.106918381533,1.06053843676,0.0,0.237605930083,1.294084749267,0.0,-0.112824139761,1.291054861724,0.0,0.506125062704,0.461601689458,-0.000334936194,-0.245745497799
995,1,0.299218212491,0.001456050893,0.0,-0.299218212491,-0.001456050893,0.0,0.275052958624,0.616601081176,0.0,-0.228667952361,0.601308672034,0.0,0.203417641053,1.033049349784,0.0,-0.14678344864,1.045148213832,0.0,0.149827292464,1.068553275546,0.0,-0.10110032853,1.076906040591,0.0,0.248641447651,1.314350706582,0.0,-0.10770957196,1.313219028943,0.0,0.507940784097,0.461326152086,-0.000341393054,-0.242278681194
996,1,0.30609317649,0.00131830639,0.0,-0.30609317649,-0.00131830639,0.0,0.290731609232,0.632049100004,0.0,-0.226611756746,0.618796747521,0.0,0.217149275775,1.052691388151,0.0,-0.140726362067,1.068844303919,0.0,0.161691250205,1.087293677102,0.0,-0.093829940187,1.101230615839,0.0,0.264475135946,1.344644287188,0.0,-0.098222911565,1.344323120161,0.0,0.510290056467,0.461096063256,-0.000358971069,-0.236995473153
997,1,0.314115844567,0.000406676327,0.0,-0.314115844567,-0.000406676327,0.0,0.301431936188,0.647967308506,0.0,-0.230085417195,0.634228944673,0.0,0.227041510396,1.072268674274,0.0,-0.138380290771,1.087517880482,0.0,0.170348569648,1.10485133498,0.0,-0.090439240383,1.116295561352,0.0,0.275893150956,1.372178978191,0.0,-0.094795532537,1.370881364717,0.0,0.511570304632,0.461389750242,-0.000359373866,-0.232012896685
998,1,0.307083007152,0.000201128964,0.0,-0.307083007152,-0.000201128964,0.0,0.300885709117,0.635096750928,0.0,-0.222621724752,0.621688995332,0.0,0.232624749043,1.053056251358,0.0,-0.127086666818,1.068793440303,0.0,0.177451885283,1.084541238247,0.0,-0.080375491166,1.095822394477,0.0,0.281734190248,1.348924850573,0.0,-0.081549806459,1.347186995289,0.0,0.513751044869,0.461435124278,-0.000358106568,-0.235968989884
999,1,0.291317806406,-0.000439607069,0.0,-0.291317806406,0.000439607069,0.0,0.296128927805,0.598832942506,0.0,-0.208808422607,0.585822402943,0.0,0.230879658699,1.00497065044,0.0,-0.111496606902,1.019950032617,0.0,0.178320492677,1.035099864853,0.0,-0.066924879842,1.045987482654,0.0,0.278435345134,1.286986530152,0.0,-0.067787000825,1.285417571077,0.0,0.51615640521,0.461101233959,-0.000351595692,-0.247580371066
1000,1,0.302983597593,-0.002018691935,0.0,-0.302983597593,0.002018691935,0.0,0.311101864082,0.61885732442,0.0,-0.215858853617,0.609521092963,0.0,0.242674457303,1.040406699131,0.0,-0.112473327359,1.054061806361,0.0,0.189409989382,1.070034846918,0.0,-0.064538956126,1.079165334292,0.0,0.293529119538,1.334362243904,0.0,-0.067580618636,1.331492326453,0.0,0.516854450107,0.461850911379,-0.000349155162,-0.238425436884
1001,1,0.285393810224,-0.002917335845,0.0,-0.285393810224,0.002917335845,0.0,0.298006522579,0.580294511766,0.0,-0.206740672402,0.57146105128,0.0,0.236219449947,0.982053468575,0.0,-0.100375142651,0.998045122787,0.0,0.192603693619,1.010678463603,0.0,-0.054638191182,1.021920149525,0.0,0.282767040981,1.262359121631,0.0,-0.057802007663,1.2598344338,0.0,0.518358796835,0.460831552744,-0.00034133438,-0.252825768421
1002,1,0.284834435511,-0.003971817865,0.0,-0.284834435511,0.003971817865,0.0,0.302297668441,0.580071486239,0.0,-0.203506971465,0.57124389211,0.0,0.241267864038,0.980237102529,0.0,-0.097048052925,0.996903714972,0.0,0.197619361846,1.007595144789,0.0,-0.049428555702,1.02067796419,0.0,0.286543460931,1.259776251077,0.0,-0.052444828643,1.25756682527,0.0,0.519657254219,0.460514336824,-0.000333315693,-0.253533949788
1003,1,0.28440659524,-0.003951078906,0.0,-0.28440659524,0.003951078906,0.0,0.307320917385,0.577522221186,0.0,-0.200387648649,0.568795067072,0.0,0.247233784468,0.976468989782,0.0,-0.091027602791,0.993694555967,0.0,0.203536781413,1.004324609272,0.0,-0.043177582662,1.017756107436,0.0,0.293350409125,1.255662377904,0.0,-0.046343607146,1.252149369337,0.0,0.521159231663,0.460849061608,-0.000342058018,-0.254061421631
1004,1,0.277037005719,-0.003960177492,0.0,-0.277037005719,0.003960177492,0.0,0.305411525743,0.557084070886,0.0,-0.194442789247,0.553492044137,0.0,0.250442385689,0.949520078466,0.0,-0.083394628643,0.967250510828,0.0,0.207708329619,0.976437194662,0.0,-0.035898782977,0.990024774082,0.0,0.295634246522,1.223007112217,0.0,-0.03901952192,1.220682442832,0.0,0.522602021694,0.460882619023,-0.000341312028,-0.260784972635
1005,1,0.26828463694,-0.00437994341,0.0,-0.26828463694,0.00437994341,0.0,0.298698255756,0.532943802093,0.0,-0.186172755007,0.530887393447,0.0,0.247391322492,0.913880180546,0.0,-0.076515832007,0.931375509836,0.0,0.208609256817,0.940259820611,0.0,-0.029372366494,0.953373004296,0.0,0.292204976987,1.176995222405,0.0,-0.033065225414,1.175225539402,0.0,0.523637071252,0.461041837931,-0.00033703167,-0.270660296004
1006,1,0.221947528966,-0.003851955568,0.0,-0.221947528966,0.003851955568,0.0,0.250129153823,0.43768244668,0.0,-0.152954716702,0.439152347315,0.0,0.20744138902,0.753661182056,0.0,-0.060346787886,0.771965824983,0.0,0.173999373884,0.776610463305,0.0,-0.020443657046,0.791528561527,0.0,0.24409092367,0.970498388655,0.0,-0.024527908273,0.971627358304,0.0,0.52458268404,0.460973054171,-0.000331378542,-0.327280005473
1007,1,0.226852861007,-0.004422135117,0.0,-0.226852861007,0.004422135117,0.0,0.258720564497,0.442617618203,0.0,-0.153889280322,0.447085686121,0.0,0.215429294486,0.757811005457,0.0,-0.059586314266,0.78838748172,0.0,0.182682040559,0.772613721344,0.0,-0.018098545288,0.808326868761,0.0,0.251235329265,0.986991066448,0.0,-0.022041428058,0.991899048916,0.0,0.525451421738,0.460723444819,-0.000317487866,-0.320843670632
1008,1,0.221660949607,-0.004505549439,0.0,-0.221660949607,0.004505549439,0.0,0.255606951808,0.428422691694,0.0,-0.150271984776,0.433925977322,0.0,0.21212086605,0.733642419124,0.0,-0.056519693015,0.766508565444,0.0,0.180606619707,0.747121444323,0.0,-0.015511758933,0.782841521313,0.0,0.246306353878,0.959258318287,0.0,-0.019240427131,0.96486850422,0.0,0.526010334492,0.460698336363,-0.000308633782,-0.329525203684
1009,1,0.226856474675,-0.004865462783,0.0,-0.226856474675,0.004865462783,0.0,0.263369523499,0.436922714872,0.0,-0.150858814339,0.443321255695,0.0,0.220080206924,0.749669156948,0.0,-0.054648652583,0.784888752005,0.0,0.187185632425,0.765130927021,0.0,-0.011810409765,0.804597248014,0.0,0.254305924744,0.979011017539,0.0,-0.016570933005,0.985321616069,0.0,0.526881664991,0.460675925016,-0.000311654992,-0.322618503129
1010,1,0.230768041544,-0.005471255276,0.0,-0.230768041544,0.005471255276,0.0,0.270928528963,0.443625932118,0.0,-0.153027956762,0.452344910966,0.0,0.227190691379,0.764160273507,0.0,-0.054414377473,0.801005567721,0.0,0.192623450737,0.78084321163,0.0,-0.010422292838,0.820749451999,0.0,0.260526057979,0.998207301593,0.0,-0.015536613505,1.004773655415,0.0,0.527304157615,0.460552856326,-0.000314055942,-0.316488511147
1011,1,0.221028951062,-0.005993522331,0.0,-0.221028951062,0.005993522331,0.0,0.263943441183,0.426143820542,0.0,-0.143757196083,0.435350915845,0.0,0.222235245185,0.736223013981,0.0,-0.048460955417,0.770317852199,0.0,0.188811987588,0.753920212669,0.0,-0.005899895453,0.789357126598,0.0,0.251150662606,0.960263901,0.0,-0.010665910614,0.965219883739,0.0,0.528550669551,0.460280105472,-0.0003155265,-0.329450306845
1012,1,0.2347002208,-0.007338985564,0.0,-0.2347002208,0.007338985564,0.0,0.282425799347,0.455269903892,0.0,-0.151675440451,0.466366034315,0.0,0.239748189055,0.787952889932,0.0,-0.050379074469,0.826081470847,0.0,0.203847075884,0.80746593586,0.0,-0.00454656846,0.846387800638,0.0,0.269667826086,1.026273119779,0.0,-0.009454312694,1.033461506867,0.0,0.529080107808,0.459524795413,-0.000314879231,-0.308811386757
1013,1,0.231890754745,-0.007577817438,0.0,-0.231890754745,0.007577817438,0.0,0.279212839985,0.449761414219,0.0,-0.149239042691,0.461853100574,0.0,0.238085058169,0.779198326996,0.0,-0.049879637387,0.818020681474,0.0,0.202648379687,0.798292833568,0.0,-0.00436474079,0.838036862842,0.0,0.272610270883,1.014225781507,0.0,-0.004741234449,1.020893134997,0.0,0.529086813331,0.459364190698,-0.000310819596,-0.312355763286
1014,1,0.224367070866,-0.008195223288,0.0,-0.224367070866,0.008195223288,0.0,0.271904674836,0.435711517852,0.0,-0.143195079997,0.448505784985,0.0,0.232919581361,0.758849911081,0.0,-0.046247328231,0.79627655531,0.0,0.196527432967,0.779304164363,0.0,-0.002096877276,0.815749864218,0.0,0.266845957831,0.98609863322,0.0,-0.000614639434,0.992207939247,0.0,0.529763236642,0.45840972662,-0.000297618099,-0.322223603564
1015,1,0.226946853579,-0.008331542353,0.0,-0.226946853579,0.008331542353,0.0,0.27641772715,0.437962017571,0.0,-0.141952593509,0.451004647471,0.0,0.237705885179,0.764863032194,0.0,-0.044983994704,0.803173751914,0.0,0.200191159916,0.785274744256,0.0,-8.4981947e-05,0.8231134457,0.0,0.271113771588,0.993199168024,0.0,0.000950473165,0.999202009144,0.0,0.530659168959,0.458369746804,-0.000296248123,-0.319478628077
1016,1,0.205453968579,-0.0079296703,0.0,-0.205453968579,0.0079296703,0.0,0.249878851438,0.396872622542,0.0,-0.130256743078,0.408758979365,0.0,0.215381192636,0.693484022879,0.0,-0.040686858217,0.726088835679,0.0,0.181507896045,0.711399013152,0.0,-9.9430147e-05,0.741864747843,0.0,0.242436241083,0.900707594742,0.0,0.001548197047,0.90555505716,0.0,0.530780270696,0.457992434502,-0.000291507691,-0.352933549882
1017,1,0.210119220239,-0.008639096507,0.0,-0.210119220239,0.008639096507,0.0,0.256419909519,0.406654073934,0.0,-0.131775749957,0.419929912121,0.0,0.22341441978,0.71080987629,0.0,-0.040017108889,0.74594658432,0.0,0.19084309111,0.729119147821,0.0,0.002248380411,0.762014260557,0.0,0.249978283435,0.923407220145,0.0,0.00687245942,0.928464509442,0.0,0.531343355775,0.457460060716,-0.000291961245,-0.344796150741
1018,1,0.203111749306,-0.008573720546,0.0,-0.203111749306,0.008573720546,0.0,0.249410091264,0.393537036194,0.0,-0.126444430716,0.405325713686,0.0,0.217494046291,0.689476902138,0.0,-0.037775911455,0.721978389901,0.0,0.186165619542,0.70700203206,0.0,0.002888474487,0.737642017582,0.0,0.243294694944,0.894574488113,0.0,0.007893479031,0.898324936534,0.0,0.531766176224,0.457340598106,-0.000291109085,-0.35618655388
1019,1,0.205609686663,-0.008704980392,0.0,-0.205609686663,0.008704980392,0.0,0.251489729272,0.397768053204,0.0,-0.127895801114,0.408749285835,0.0,0.220307816077,0.697641516329,0.0,-0.037503227839,0.729925835784,0.0,0.18786682018,0.716021330533,0.0,0.004524317953,0.746616659315,0.0,0.24882225147,0.903814510245,0.0,0.008790894271,0.907632472221,0.0,0.531839221716,0.457363247871,-0.000281963497,-0.35208929841
1020,1,0.200078139756,-0.008355156032,0.0,-0.200078139756,0.008355156032,0.0,0.245321637819,0.388667010074,0.0,-0.12496753365,0.401039306479,0.0,0.217560470155,0.684865813372,0.0,-0.035008882406,0.716168263854,0.0,0.187971751593,0.702969560671,0.0,0.005823613682,0.732293362877,0.0,0.244077481504,0.886375989279,0.0,0.012298152888,0.888620463141,0.0,0.53224208951,0.456332713366,-0.000281082466,-0.360553212891
1021,1,0.200140931498,-0.008748279825,0.0,-0.200140931498,0.008748279825,0.0,0.247127682217,0.388693657899,0.0,-0.123079617454,0.401178657594,0.0,0.220243997905,0.686319114989,0.0,-0.033091245719,0.716481313504,0.0,0.189795601529,0.704457534259,0.0,0.007654409297,0.733053697722,0.0,0.250907311117,0.885625488568,0.0,0.014363250595,0.888416929527,0.0,0.532920122147,0.456172421575,-0.000281122513,-0.360816976595
1022,1,0.202142954614,-0.008982992992,0.0,-0.202142954614,0.008982992992,0.0,0.249501516585,0.391368883558,0.0,-0.123131927414,0.404871321321,0.0,0.224227431895,0.69340815305,0.0,-0.031877886845,0.723861428676,0.0,0.193189661879,0.713261440215,0.0,0.010328014195,0.742355011365,0.0,0.257838695835,0.89410213556,0.0,0.015796198646,0.897962835299,0.0,0.533455491066,0.456235557795,-0.00028162729,-0.357223395781
1023,1,0.202925425578,-0.008613142257,0.0,-0.202925425578,0.008613142257,0.0,0.249608324157,0.392203902618,0.0,-0.123413377452,0.405834060915,0.0,0.225636131261,0.696628133721,0.0,-0.031252458015,0.725953524309,0.0,0.19472894089,0.71760982145,0.0,0.010631530171,0.744866620886,0.0,0.25957687011,0.897055539946,0.0,0.016093173557,0.900633494182,0.0,0.533649206161,0.456476405263,-0.000281093642,-0.355883262359
1024,1,0.215249271791,-0.009179290262,0.0,-0.215249271791,0.009179290262,0.0,0.266155604083,0.416084872537,0.0,-0.130685423135,0.431449350565,0.0,0.241497493172,0.7361971922,0.0,-0.031637463392,0.770865803674,0.0,0.20983171128,0.754971823135,0.0,0.012957939872,0.78849950185,0.0,0.277719792893,0.951343520012,0.0,0.016122309574,0.956529367517,0.0,0.534157991409,0.456453114748,-0.000284517184,-0.334662452026
1025,1,0.2189714622,-0.009319641491,0.0,-0.2189714622,0.009319641491,0.0,0.270718749671,0.421864810476,0.0,-0.131299055927,0.437529960846,0.0,0.246539196084,0.751700092333,0.0,-0.030454458438,0.781182672533,0.0,0.214427959672,0.773817628827,0.0,0.014504271968,0.79970631488,0.0,0.283122021003,0.967880504537,0.0,0.019822657102,0.970143266548,0.0,0.534594610333,0.456548094749,-0.000291845761,-0.329875153827
1026,1,0.215131322276,-0.009345476641,0.0,-0.215131322276,0.009345476641,0.0,0.265916019931,0.412899923785,0.0,-0.130184274842,0.428964595105,0.0,0.242297059476,0.735323439731,0.0,-0.030170550337,0.766114607198,0.0,0.210752735703,0.755361800652,0.0,0.014084395775,0.784093417636,0.0,0.278024756395,0.949584335607,0.0,0.01950847054,0.951900797258,0.0,0.534605771303,0.45704972744,-0.000292533077,-0.33571106166
1027,1,0.220237187671,-0.009801596855,0.0,-0.220237187671,0.009801596855,0.0,0.272465997987,0.422889039784,0.0,-0.133377268706,0.440127214995,0.0,0.248821086771,0.754706863725,0.0,-0.030210633567,0.786641069309,0.0,0.216808138164,0.775439010518,0.0,0.016108812955,0.805074574515,0.0,0.286263666854,0.972604083361,0.0,0.017788967197,0.976906762154,0.0,0.534775361419,0.45642259717,-0.00029559806,-0.327759975395
1028,1,0.203447744739,-0.008898150854,0.0,-0.203447744739,0.008898150854,0.0,0.25378117785,0.394318418005,0.0,-0.12252566809,0.410011804266,0.0,0.23223793988,0.704604267252,0.0,-0.026734156482,0.731818288449,0.0,0.202266331566,0.725137059413,0.0,0.016519236261,0.750028928633,0.0,0.266604911515,0.904357437648,0.0,0.018006635445,0.907871973062,0.0,0.535232082009,0.455817818642,-0.000284673646,-0.353163925389
1029,1,0.22140430737,-0.009693679332,0.0,-0.22140430737,0.009693679332,0.0,0.280188147455,0.429983028727,0.0,-0.129794174404,0.44680119561,0.0,0.258977162062,0.767971966765,0.0,-0.025561310559,0.797235165084,0.0,0.226913357988,0.789732054472,0.0,0.021333130766,0.816870033685,0.0,0.295164384198,0.985902121271,0.0,0.024126102434,0.990483308549,0.0,0.536444306374,0.455827817321,-0.000285135582,-0.324019513616
1030,1,0.22197837269,-0.009548838699,0.0,-0.22197837269,0.009548838699,0.0,0.282354960992,0.430493657717,0.0,-0.126524578783,0.447618978665,0.0,0.261349158337,0.768145115997,0.0,-0.022525833861,0.79526187445,0.0,0.22913235132,0.788773973301,0.0,0.023789628483,0.814640425684,0.0,0.297427544738,0.985788846558,0.0,0.027308029773,0.989689698729,0.0,0.537408784032,0.455928191543,-0.00028959848,-0.32478962896
1031,1,0.212546613051,-0.009090621035,0.0,-0.212546613051,0.009090621035,0.0,0.273638147997,0.412531259217,0.0,-0.117959080103,0.429187420879,0.0,0.253984517634,0.736243804228,0.0,-0.018173237091,0.761414800237,0.0,0.223053543545,0.755133091068,0.0,0.025918186006,0.778980714543,0.0,0.286418932297,0.947132770905,0.0,0.02941117169,0.949051502741,0.0,0.53856664896,0.455913648009,-0.000284647569,-0.338790571875
1032,1,0.195719523288,-0.008413213738,0.0,-0.195719523288,0.008413213738,0.0,0.252608169007,0.380370789595,0.0,-0.107418200198,0.395148186438,0.0,0.234759570089,0.676665694783,0.0,-0.015465606682,0.698119414061,0.0,0.205812728771,0.693754959416,0.0,0.024903497382,0.71421245151,0.0,0.263918410751,0.870935168426,0.0,0.026832586336,0.87215204304,0.0,0.539023011923,0.455849528313,-0.000284506939,-0.36873459338
1033,1,0.198304711915,-0.008531825614,0.0,-0.198304711915,0.008531825614,0.0,0.255588606877,0.383858936674,0.0,-0.107883809483,0.398942243073,0.0,0.238635351599,0.683836684849,0.0,-0.01491832533,0.704558928156,0.0,0.208865216337,0.700413727723,0.0,0.025390986934,0.718257995174,0.0,0.267435947295,0.880381680408,0.0,0.028098833724,0.881147179494,0.0,0.539284199476,0.456193551421,-0.000278949738,-0.364713898566
1034,1,0.198581395327,-0.008103764703,0.0,-0.198581395327,0.008103764703,0.0,0.256860880382,0.384357847854,0.0,-0.108480725012,0.399139392562,0.0,0.239493294482,0.68489522389,0.0,-0.013958568189,0.703902126912,0.0,0.208786697401,0.701345742531,0.0,0.02645399874,0.71684232771,0.0,0.268760880807,0.882390254165,0.0,0.028772964779,0.882661753262,0.0,0.539499565959,0.456506490707,-0.000278727151,-0.363776149926
1035,1,0.201095541497,-0.008007148142,0.0,-0.201095541497,0.008007148142,0.0,0.260149695495,0.387667996653,0.0,-0.11043678062,0.402552134605,0.0,0.242669454168,0.691415327513,0.0,-0.013604588966,0.710343509011,0.0,0.211507418652,0.707651241367,0.0,0.027246888597,0.723407412508,0.0,0.272101777418,0.8918201706,0.0,0.02893453418,0.892169481707,0.0,0.539517745376,0.457121536136,-0.000271920115,-0.359186338226
1036,1,0.202118681775,-0.008766254694,0.0,-0.202118681775,0.008766254694,0.0,0.260750258192,0.3875455876,0.0,-0.112422211289,0.402327083405,0.0,0.24346420159,0.691242474693,0.0,-0.014534500907,0.709185238312,0.0,0.212157608646,0.707603603582,0.0,0.026571655288,0.723086843462,0.0,0.273536695762,0.893281882907,0.0,0.028852198425,0.894386291634,0.0,0.539352104068,0.457888409495,-0.000273814425,-0.357333606207
1037,1,0.200070729482,-0.008926847661,0.0,-0.200070729482,0.008926847661,0.0,0.257613964094,0.387648303672,0.0,-0.113534969806,0.401265084452,0.0,0.241964035275,0.690281974343,0.0,-0.01510438126,0.711080995796,0.0,0.215400167782,0.707829286703,0.0,0.026288355187,0.725621572656,0.0,0.270188279337,0.893822499164,0.0,0.026848508218,0.894804385188,0.0,0.538920402527,0.45596164465,-0.000276128761,-0.359126283235
1038,1,0.200960726862,-0.008936087556,0.0,-0.200960726862,0.008936087556,0.0,0.258427365063,0.389196128274,0.0,-0.113635040629,0.402652244835,0.0,0.242754849959,0.692473564927,0.0,-0.014932313772,0.716550073712,0.0,0.21426569695,0.710398953591,0.0,0.02683990766,0.734732119912,0.0,0.271267070501,0.894943716242,0.0,0.031326834338,0.896989814766,0.0,0.538973614573,0.455982849002,-0.000242808834,-0.357872826018
1039,1,0.20104940533,-0.00886502671,0.0,-0.20104940533,0.00886502671,0.0,0.258497590879,0.389683208003,0.0,-0.114093950929,0.402796346382,0.0,0.242335055926,0.694087030059,0.0,-0.015185168528,0.717690945725,0.0,0.212154827136,0.711707783721,0.0,0.026147634249,0.735734236252,0.0,0.270237067905,0.896010166983,0.0,0.031897867807,0.897380579333,0.0,0.538975059986,0.455713838339,-0.000252096914,-0.357737730082
1040,1,0.215205765244,-0.009742088749,0.0,-0.215205765244,0.009742088749,0.0,0.279021332659,0.421996547122,0.0,-0.121174399623,0.435466357875,0.0,0.262465149118,0.749222970607,0.0,-0.014804526197,0.774439315825,0.0,0.230514793825,0.768055637219,0.0,0.030091261771,0.793885801131,0.0,0.291846884467,0.96571116569,0.0,0.035802568967,0.966901558537,0.0,0.539485037327,0.454654708505,-0.000255563296,-0.332874714103
1041,1,0.227304020245,-0.010234211681,0.0,-0.227304020245,0.010234211681,0.0,0.296386140151,0.444986482425,0.0,-0.125213323501,0.458409955245,0.0,0.282281616136,0.788979318088,0.0,-0.012954501288,0.815565503857,0.0,0.250429477246,0.808478193988,0.0,0.034773989084,0.835542879779,0.0,0.31024292342,1.017709687275,0.0,0.04033334423,1.017393077245,0.0,0.540291517973,0.454811230302,-0.000277823769,-0.315898374457
1042,1,0.234561123738,-0.010771445233,0.0,-0.234561123738,0.010771445233,0.0,0.304840893567,0.458452903557,0.0,-0.128741920958,0.473660451326,0.0,0.291459392262,0.813453038302,0.0,-0.013273414071,0.840491490595,0.0,0.258353357724,0.833200541897,0.0,0.035083870323,0.861031861014,0.0,0.320000943299,1.049341333116,0.0,0.041517713048,1.049102285618,0.0,0.540499195457,0.455111652613,-0.000284151174,-0.306192302
1043,1,0.229520737541,-0.00993672711,0.0,-0.229520737541,0.00993672711,0.0,0.298569871541,0.445887805829,0.0,-0.127038505855,0.460695985447,0.0,0.285504043549,0.790519586829,0.0,-0.013195280776,0.814724543568,0.0,0.252642366351,0.807930914808,0.0,0.034337077091,0.830334673419,0.0,0.314421767201,1.023563734907,0.0,0.040825999042,1.0236389594,0.0,0.540566936135,0.45596550405,-0.000288262032,-0.31298096617
1044,1,0.226617418127,-0.010026707465,0.0,-0.226617418127,0.010026707465,0.0,0.293773790141,0.438690110003,0.0,-0.126370368408,0.45357229861,0.0,0.281484030691,0.777039955654,0.0,-0.014729228236,0.80212583261,0.0,0.249275954071,0.794358040525,0.0,0.031321526957,0.817658784396,0.0,0.310934401981,1.00782472128,0.0,0.040254337433,1.009380836871,0.0,0.540575951338,0.456376686692,-0.000290075317,-0.316999613012
1045,1,0.202731508743,-0.008569961324,0.0,-0.202731508743,0.008569961324,0.0,0.263561962999,0.392581896153,0.0,-0.114082397918,0.403300582488,0.0,0.252322801829,0.696790857809,0.0,-0.012974694095,0.718310322179,0.0,0.222984944151,0.712847186842,0.0,0.028534435632,0.73224067805,0.0,0.27964445035,0.905821390529,0.0,0.037435497342,0.904320357255,0.0,0.540570437908,0.455926164985,-0.000291205011,-0.354324087587
1046,1,0.19628789757,-0.008766857489,0.0,-0.19628789757,0.008766857489,0.0,0.254790698267,0.382771254388,0.0,-0.110035469492,0.392749447427,0.0,0.244588290796,0.678782954189,0.0,-0.012209639169,0.698211834327,0.0,0.216221829663,0.693252757809,0.0,0.027906845955,0.711689106719,0.0,0.268775137845,0.880288108429,0.0,0.038642291508,0.877692395203,0.0,0.540697976947,0.454693749547,-0.000289646909,-0.366324326107
1047,1,0.200885326309,-0.008995538857,0.0,-0.200885326309,0.008995538857,0.0,0.260555756304,0.39187045522,0.0,-0.11264950629,0.402296799224,0.0,0.251794097453,0.691184482594,0.0,-0.012217894883,0.71590086164,0.0,0.223321041653,0.703801991996,0.0,0.028839723599,0.729695111104,0.0,0.276626999456,0.89569586651,0.0,0.037435397709,0.899217745754,0.0,0.541049450636,0.454681992531,-0.000291396864,-0.357301648733
1048,1,0.200909452839,-0.00925629154,0.0,-0.200909452839,0.00925629154,0.0,0.261363044698,0.394147283003,0.0,-0.112373497157,0.403999920603,0.0,0.254220636723,0.695907357098,0.0,-0.011027604024,0.720255675195,0.0,0.226165008109,0.708918604819,0.0,0.030519584203,0.734471935024,0.0,0.277684010958,0.901665395482,0.0,0.037191318371,0.904583137277,0.0,0.541475489736,0.454113528132,-0.000285031274,-0.355596253729
1049,1,0.207273016729,-0.00934074947,0.0,-0.207273016729,0.00934074947,0.0,0.269708277326,0.406725650919,0.0,-0.115725189415,0.417101292707,0.0,0.262951753886,0.717335326589,0.0,-0.01115372413,0.742075552168,0.0,0.233557042068,0.730798567897,0.0,0.031817069743,0.756811948381,0.0,0.286956482615,0.929304896241,0.0,0.03839209684,0.932233221697,0.0,0.541566476226,0.454465970397,-0.000286228955,-0.344663004563
1050,1,0.206029150082,-0.009272495446,0.0,-0.206029150082,0.009272495446,0.0,0.267796385318,0.404390179731,0.0,-0.115279808955,0.414738802373,0.0,0.261066670481,0.710073880149,0.0,-0.011876576344,0.735709858072,0.0,0.231161924381,0.723187416398,0.0,0.030977608529,0.748573725594,0.0,0.285306531129,0.922957106899,0.0,0.038435366306,0.927087895732,0.0,0.541512176394,0.454657003284,-0.000286269002,-0.346881847049
1051,1,0.20681813995,-0.008840717281,0.0,-0.20681813995,0.008840717281,0.0,0.268633993491,0.406847141682,0.0,-0.116266302948,0.415965002704,0.0,0.261531684138,0.714536424278,0.0,-0.01155104603,0.738859569171,0.0,0.231853213719,0.727524041078,0.0,0.031471350387,0.751505873821,0.0,0.283036245721,0.92762070191,0.0,0.038554784143,0.931366861318,0.0,0.541515871882,0.454144373536,-0.000288951211,-0.345774965541
1052,1,0.207110940861,-0.009101778699,0.0,-0.207110940861,0.009101778699,0.0,0.268240488946,0.407374012364,0.0,-0.116968370526,0.416381885363,0.0,0.261101153895,0.71740931006,0.0,-0.011308799893,0.740519860853,0.0,0.231355347983,0.731432101149,0.0,0.03163539392,0.754664121142,0.0,0.282255947021,0.929076467489,0.0,0.038996876126,0.931918743274,0.0,0.541484981775,0.454068019986,-0.000289969146,-0.345451105961
1053,1,0.223353024326,-0.009815174103,0.0,-0.223353024326,0.009815174103,0.0,0.28950596198,0.441190001549,0.0,-0.125280910535,0.449341933684,0.0,0.281836444433,0.773750581847,0.0,-0.011830506163,0.801113888933,0.0,0.246224275785,0.789773146135,0.0,0.034516456839,0.818100724263,0.0,0.304868252695,1.001830543565,0.0,0.045997291495,1.003475553126,0.0,0.541604667902,0.454072296619,-0.000293809921,-0.320377632763
1054,1,0.233119192167,-0.010509844264,0.0,-0.233119192167,0.010509844264,0.0,0.300263704061,0.4583754803,0.0,-0.13041012922,0.468696679136,0.0,0.292740632812,0.804009329224,0.0,-0.012772621487,0.832584320365,0.0,0.255214420968,0.821132410454,0.0,0.035125701196,0.850512701727,0.0,0.32256403274,1.040711235862,0.0,0.047613854284,1.04347868074,0.0,0.541320472956,0.454425156116,-0.000299327075,-0.307904236302
1055,1,0.212564406925,-0.009551571719,0.0,-0.212564406925,0.009551571719,0.0,0.273098381246,0.414347202328,0.0,-0.120163696968,0.426263957057,0.0,0.266355431279,0.733115099694,0.0,-0.011118512078,0.759803091712,0.0,0.233941276337,0.749416676889,0.0,0.033702667276,0.776187218362,0.0,0.293552390079,0.949310183365,0.0,0.041240420334,0.951615923712,0.0,0.541171818972,0.454009801149,-0.000304657035,-0.337918325303
1056,1,0.218259927804,-0.009829919747,0.0,-0.218259927804,0.009829919747,0.0,0.280325690238,0.42567914976,0.0,-0.123162715234,0.437858574375,0.0,0.273784606375,0.753298463013,0.0,-0.011708898749,0.782407037887,0.0,0.242006925865,0.770294992974,0.0,0.033528601852,0.801128270879,0.0,0.301634249468,0.97483622316,0.0,0.042396640119,0.975177106494,0.0,0.541172966361,0.454001933336,-0.000304760411,-0.329074291316
1057,1,0.199701251933,-0.009265744308,0.0,-0.199701251933,0.009265744308,0.0,0.256625792407,0.389820079073,0.0,-0.112835769731,0.401436506392,0.0,0.249866956833,0.692391491725,0.0,-0.010911255585,0.717794590323,0.0,0.220522475627,0.708910123018,0.0,0.029755195646,0.73544494596,0.0,0.274679482395,0.893593804187,0.0,0.039290271774,0.893945063297,0.0,0.541124939919,0.453627973795,-0.000298871659,-0.359400323698
1058,1,0.202452022472,-0.00913496993,0.0,-0.202452022472,0.00913496993,0.0,0.260238646702,0.396603949348,0.0,-0.114026653847,0.406361921545,0.0,0.253392727619,0.70480729543,0.0,-0.01111190997,0.730409211349,0.0,0.223513426224,0.722144392726,0.0,0.030254565971,0.74934962392,0.0,0.280672465124,0.908263176924,0.0,0.039268315982,0.907762319598,0.0,0.541118010879,0.452826455235,-0.000300107524,-0.354397595672
1059,1,0.232357873377,-0.010340432662,0.0,-0.232357873377,0.010340432662,0.0,0.299757511015,0.455555085939,0.0,-0.129582436985,0.466415158199,0.0,0.291932350004,0.808820336714,0.0,-0.011857502583,0.83806730027,0.0,0.256611996189,0.827755313271,0.0,0.035589671573,0.858073376597,0.0,0.328851446543,1.042096185407,0.0,0.047746673245,1.04139690421,0.0,0.541476905346,0.452634453773,-0.000315267593,-0.309069431643
1060,1,0.232157182692,-0.010083629867,0.0,-0.232157182692,0.010083629867,0.0,0.299443360448,0.454619939568,0.0,-0.129548667165,0.466577805514,0.0,0.291613734293,0.809104523286,0.0,-0.012082994759,0.83484071331,0.0,0.256109408482,0.831283569318,0.0,0.035691465364,0.855803231889,0.0,0.328685371911,1.039310726795,0.0,0.047291902949,1.037010937204,0.0,0.541438058019,0.452959015965,-0.000318387523,-0.309505995866
1061,1,0.253393254691,-0.010937433018,0.0,-0.253393254691,0.010937433018,0.0,0.328102948491,0.496385740248,0.0,-0.142799042578,0.508347421699,0.0,0.318806069932,0.881031820815,0.0,-0.013433272529,0.908694050829,0.0,0.28062287112,0.90174845656,0.0,0.039152844508,0.92936776188,0.0,0.356664913762,1.13559903433,0.0,0.050897377505,1.133006509049,0.0,0.541345730424,0.452963247895,-0.000330338255,-0.283271616981
1062,1,0.246661298777,-0.010555676757,0.0,-0.246661298777,0.010555676757,0.0,0.319783246097,0.481898337872,0.0,-0.139974788945,0.493773858735,0.0,0.310825798835,0.859258911488,0.0,-0.012555078569,0.882878912134,0.0,0.274264209959,0.879532340359,0.0,0.039981320127,0.9026700114,0.0,0.344056503952,1.107621334693,0.0,0.049028076294,1.105043373188,0.0,0.541196063161,0.452716886997,-0.000332468189,-0.290652125015
1063,1,0.222346303823,-0.009536917361,0.0,-0.222346303823,0.009536917361,0.0,0.288070105624,0.435417028935,0.0,-0.126473146396,0.444294214271,0.0,0.280280936759,0.777633698921,0.0,-0.01187170613,0.798964633391,0.0,0.247300443266,0.796081209286,0.0,0.035826854521,0.817006254478,0.0,0.310191163818,1.000914445741,0.0,0.044272979151,0.998221658187,0.0,0.541114792228,0.451986610889,-0.000330013223,-0.32204099263
1064,1,0.23254139585,-0.010084767313,0.0,-0.23254139585,0.010084767313,0.0,0.300945644181,0.455144498014,0.0,-0.130662699305,0.464317771745,0.0,0.292978794582,0.812643474395,0.0,-0.012353415485,0.835520449226,0.0,0.258382188107,0.832114985756,0.0,0.039481995363,0.855775410677,0.0,0.326640349795,1.04548604092,0.0,0.046368964755,1.041576336666,0.0,0.541129797697,0.452059075236,-0.000320149586,-0.308046689439
1065,1,0.232719882441,-0.010147503426,0.0,-0.232719882441,0.010147503426,0.0,0.299597052228,0.452186167084,0.0,-0.131695047292,0.463057063668,0.0,0.290329176762,0.804860836927,0.0,-0.012252625226,0.830530186048,0.0,0.255644568719,0.824524639757,0.0,0.039003184719,0.850706932504,0.0,0.317591137774,1.039659095234,0.0,0.044655781074,1.035800741373,0.0,0.540654659271,0.452642187476,-0.000319741666,-0.309211288691
1066,1,0.224365052438,-0.009633432115,0.0,-0.224365052438,0.009633432115,0.0,0.287536921587,0.435358521425,0.0,-0.128022929736,0.445881887852,0.0,0.279540422497,0.771592644823,0.0,-0.011892353251,0.800022433213,0.0,0.249456704842,0.792451397395,0.0,0.03852351214,0.819378829552,0.0,0.30476628019,1.001008645664,0.0,0.041236409368,0.999027236918,0.0,0.540284574032,0.452770501375,-0.000322801992,-0.320884192722
1067,1,0.228353971577,-0.009841840256,0.0,-0.228353971577,0.009841840256,0.0,0.290999624303,0.443640930296,0.0,-0.128878689312,0.452866007095,0.0,0.280750800886,0.779545082971,0.0,-0.012985728858,0.808661274043,0.0,0.249896014544,0.800576238174,0.0,0.037821087825,0.827812384801,0.0,0.306616101325,1.011306224462,0.0,0.046091406156,1.009576921473,0.0,0.539609014988,0.452862024307,-0.000313051976,-0.317514045406
1068,1,0.227383925794,-0.009760383102,0.0,-0.227383925794,0.009760383102,0.0,0.289073510795,0.442178027799,0.0,-0.129262744455,0.451529597575,0.0,0.278065840386,0.776430272382,0.0,-0.014200630561,0.806114251924,0.0,0.244680104322,0.797750639895,0.0,0.035839317163,0.82509635305,0.0,0.306756346519,1.004844645211,0.0,0.045487610812,1.004929156359,0.0,0.539285853505,0.452790379524,-0.000299396925,-0.318789891379
1069,1,0.226754080471,-0.010028803979,0.0,-0.226754080471,0.010028803979,0.0,0.286971156999,0.438916220473,0.0,-0.130441713903,0.447800963216,0.0,0.27371720851,0.771062689032,0.0,-0.016845711354,0.802547336057,0.0,0.238419209967,0.793857825607,0.0,0.032402843092,0.823963388903,0.0,0.310423296723,0.99617054292,0.0,0.042986292718,0.996526423499,0.0,0.538441851735,0.453207135201,-0.000301171094,-0.320566214268
1070,1,0.226875784254,-0.00992227073,0.0,-0.226875784254,0.00992227073,0.0,0.284896265256,0.439980484661,0.0,-0.134590596552,0.450015455084,0.0,0.270079441749,0.771680006763,0.0,-0.021374801425,0.804258264656,0.0,0.234828856926,0.794486182662,0.0,0.028880424222,0.826590385552,0.0,0.306546513475,0.996814271455,0.0,0.038236126666,0.997294466102,0.0,0.536917001009,0.453166082501,-0.000301414169,-0.320369227782
1071,1,0.238597977091,-0.010242354518,0.0,-0.238597977091,0.010242354518,0.0,0.295462775683,0.465839809531,0.0,-0.144228526198,0.474045210047,0.0,0.280891838823,0.81444231256,0.0,-0.024860935702,0.848696084402,0.0,0.243295815187,0.839783804683,0.0,0.027671803933,0.873099967562,0.0,0.319943634052,1.049806841236,0.0,0.039717542641,1.04927878739,0.0,0.53578260541,0.45289452374,-0.000301128253,-0.304313894101
1072,1,0.237143516887,-0.010292080037,0.0,-0.237143516887,0.010292080037,0.0,0.292765346966,0.464390881618,0.0,-0.142462223061,0.471854112446,0.0,0.277356975058,0.815637532397,0.0,-0.02457971118,0.845740904926,0.0,0.237212263834,0.845608864048,0.0,0.027371752534,0.872416667659,0.0,0.318103855002,1.042824962645,0.0,0.039349106513,1.042169432272,0.0,0.535736843944,0.452633976936,-0.00029666163,-0.306056351423
1073,1,0.261310691688,-0.011330917153,0.0,-0.261310691688,0.011330917153,0.0,0.322505218851,0.512329950623,0.0,-0.155391582738,0.518686545455,0.0,0.303835434399,0.900716132814,0.0,-0.027427453945,0.930521132006,0.0,0.256687645258,0.936526397227,0.0,0.029501050731,0.961121618795,0.0,0.348980537318,1.146798995835,0.0,0.043829067321,1.146101278864,0.0,0.535546630621,0.45372544229,-0.000298399478,-0.277385085641
1074,1,0.23260778743,-0.009545541906,0.0,-0.23260778743,0.009545541906,0.0,0.285247586155,0.45623277408,0.0,-0.141299634238,0.461773462186,0.0,0.266780832251,0.80281185201,0.0,-0.026770591112,0.829368513236,0.0,0.223265382983,0.835376009784,0.0,0.023651627685,0.856724485588,0.0,0.308098847456,1.023104568908,0.0,0.035148200555,1.022620300719,0.0,0.534703731537,0.454168215394,-0.000302595086,-0.310658694135
1075,1,0.228150359302,-0.009025966785,0.0,-0.228150359302,0.009025966785,0.0,0.277678372468,0.448945949675,0.0,-0.140970071872,0.45290767054,0.0,0.258407107161,0.787362855668,0.0,-0.028008442996,0.813362826809,0.0,0.21553109096,0.820589480622,0.0,0.021586384159,0.840951255773,0.0,0.301151097411,1.004382419061,0.0,0.032334106916,1.003541825576,0.0,0.534055382013,0.454601094127,-0.000304123387,-0.316248841285
1076,1,0.2120360919,-0.008216260262,0.0,-0.2120360919,0.008216260262,0.0,0.256139252147,0.420385347918,0.0,-0.133191514044,0.422731632138,0.0,0.237812677459,0.735873418795,0.0,-0.027081913934,0.759012963119,0.0,0.198891957573,0.768707150257,0.0,0.018672299378,0.785963834116,0.0,0.279800329773,0.937869159126,0.0,0.028563842456,0.936809910039,0.0,0.533511698246,0.454744949937,-0.000304032117,-0.338861911868
1077,1,0.211462406282,-0.007857203131,0.0,-0.211462406282,0.007857203131,0.0,0.252350363142,0.422922786239,0.0,-0.13485925701,0.42377948075,0.0,0.236395176739,0.739349299909,0.0,-0.027924857969,0.762014702006,0.0,0.196458623007,0.772526389465,0.0,0.017303396615,0.788742971653,0.0,0.279351922214,0.937107941858,0.0,0.026977947994,0.936233979544,0.0,0.533036231995,0.455607146025,-0.000304332934,-0.338274354828
1078,1,0.206620211461,-0.007171405185,0.0,-0.206620211461,0.007171405185,0.0,0.244125352676,0.41555093985,0.0,-0.132918178737,0.415237456528,0.0,0.225366358937,0.724750679676,0.0,-0.028569616394,0.746737448062,0.0,0.185799349281,0.75839909662,0.0,0.015011980009,0.773817716918,0.0,0.272036145416,0.916901644218,0.0,0.024319399855,0.920809839761,0.0,0.532594487071,0.455827713013,-0.000296720304,-0.345668290912
1079,1,0.18807511574,-0.006450689911,0.0,-0.18807511574,0.006450689911,0.0,0.218579728708,0.379747637124,0.0,-0.122217405768,0.38024971955,0.0,0.202546977313,0.661243695177,0.0,-0.027552618322,0.68072505939,0.0,0.165364416486,0.692725348281,0.0,0.011871466145,0.705535919271,0.0,0.246146931478,0.836608837243,0.0,0.020382337211,0.839687060097,0.0,0.531936272979,0.455917224288,-0.000294294208,-0.379056547054
1080,1,0.184657494551,-0.00624745239,0.0,-0.184657494551,0.00624745239,0.0,0.211905610584,0.373386557789,0.0,-0.120730240325,0.374416494133,0.0,0.198487183831,0.65307015244,0.0,-0.026783762406,0.670229412009,0.0,0.162356292488,0.68522416454,0.0,0.01210368685,0.695019859081,0.0,0.241104863164,0.823955847128,0.0,0.019993674107,0.826411658676,0.0,0.531703352928,0.455869391561,-0.000285475515,-0.385081377694
1081,1,0.190830015961,-0.006386680019,0.0,-0.190830015961,0.006386680019,0.0,0.217204792419,0.387016223988,0.0,-0.123268779587,0.388274357408,0.0,0.202258955021,0.677217768567,0.0,-0.028228398081,0.695278922972,0.0,0.165596348426,0.710972852681,0.0,0.010737878181,0.721167591511,0.0,0.247686952662,0.852384071473,0.0,0.02076068225,0.855240845984,0.0,0.53152833879,0.45582382381,-0.000292999204,-0.372323710475
1082,1,0.194632045747,-0.006305701443,0.0,-0.194632045747,0.006305701443,0.0,0.219040731887,0.394457208919,0.0,-0.124613359713,0.396058737048,0.0,0.204422573373,0.690335662594,0.0,-0.029544187317,0.708695497678,0.0,0.167038382227,0.724534550615,0.0,0.009648054655,0.734974044867,0.0,0.248877886632,0.868049908207,0.0,0.020084780069,0.869455988991,0.0,0.531217321754,0.455339431763,-0.00029566139,-0.365958275301
1083,1,0.195659061258,-0.006211795319,0.0,-0.195659061258,0.006211795319,0.0,0.21636898379,0.397880247912,0.0,-0.123761319876,0.399578405277,0.0,0.204995973163,0.696727228587,0.0,-0.031534096377,0.714229456728,0.0,0.167174682558,0.730992299703,0.0,0.006782168785,0.740606768201,0.0,0.249271869828,0.875037033701,0.0,0.019627714361,0.875942148788,0.0,0.53087092936,0.455275431275,-0.000293860678,-0.363245763593
1084,1,0.190226280823,-0.005799441851,0.0,-0.190226280823,0.005799441851,0.0,0.208224044115,0.385942921519,0.0,-0.119527058328,0.387540892046,0.0,0.197165318345,0.675700239052,0.0,-0.032156174974,0.692671996486,0.0,0.160579697251,0.708882936743,0.0,0.004472146666,0.718194041283,0.0,0.238082062979,0.848625363909,0.0,0.01740794709,0.849295213815,0.0,0.530472800136,0.455120280385,-0.000292853918,-0.374792563808
1085,1,0.192068109695,-0.00574027266,0.0,-0.192068109695,0.00574027266,0.0,0.208368714176,0.389007332563,0.0,-0.120595858888,0.390398083845,0.0,0.197374523374,0.680812034036,0.0,-0.034120696434,0.697933667087,0.0,0.160392279696,0.714180454634,0.0,0.002641554512,0.723441291715,0.0,0.238366048488,0.854820918798,0.0,0.015903584472,0.855186905978,0.0,0.530038371682,0.455076649785,-0.000288595911,-0.372134929752
1086,1,0.193712007966,-0.005747130873,0.0,-0.193712007966,0.005747130873,0.0,0.208709264381,0.391686616508,0.0,-0.121959011261,0.392912567856,0.0,0.197564721387,0.685682493278,0.0,-0.035563638794,0.70295501861,0.0,0.160354678325,0.719201616235,0.0,0.001492676421,0.728643377329,0.0,0.238699905786,0.860972565867,0.0,0.013781709523,0.860933851614,0.0,0.529707163572,0.455058455467,-0.000288807321,-0.369505120177
1087,1,0.202684980467,-0.005983468551,0.0,-0.202684980467,0.005983468551,0.0,0.21676117536,0.410270833745,0.0,-0.129553454084,0.411418572802,0.0,0.204997187993,0.71827113847,0.0,-0.039107662165,0.734510328052,0.0,0.166117611928,0.753321284523,0.0,-0.000336489311,0.761776227983,0.0,0.244929703114,0.901970052837,0.0,0.010539487346,0.901443329834,0.0,0.529058203101,0.455067783594,-0.000291747041,-0.352723682995
1088,1,0.202622330937,-0.005685798149,0.0,-0.202622330937,0.005685798149,0.0,0.214009599993,0.410002565404,0.0,-0.131256010942,0.411032754254,0.0,0.20191486606,0.71703625531,0.0,-0.041590314773,0.733247615802,0.0,0.161938887381,0.751931395831,0.0,-0.002848270786,0.759858103304,0.0,0.241892698505,0.901426914699,0.0,0.006820134998,0.899716561902,0.0,0.528249785304,0.454807385802,-0.000292208046,-0.353685824936
1089,1,0.20190819667,-0.005623828799,0.0,-0.20190819667,0.005623828799,0.0,0.212063291851,0.408498725727,0.0,-0.131462230697,0.409319638046,0.0,0.197548527499,0.714521671717,0.0,-0.044301932317,0.73106100604,0.0,0.158315451649,0.74926450161,0.0,-0.006987201592,0.757287206503,0.0,0.238504377198,0.898198284113,0.0,0.005455296575,0.896707105617,0.0,0.527945324779,0.454820170999,-0.000291859731,-0.354906969507
1090,1,0.204420147837,-0.005648549674,0.0,-0.204420147837,0.005648549674,0.0,0.21264186817,0.412748558012,0.0,-0.134474244895,0.413514135059,0.0,0.19637878795,0.722050172603,0.0,-0.047286222793,0.73832725728,0.0,0.156627260722,0.757156039113,0.0,-0.009754614375,0.764798399255,0.0,0.237073112279,0.907617900778,0.0,0.002834120396,0.90523578488,0.0,0.527348086238,0.454860985279,-0.000292033888,-0.351129842444
1091,1,0.200667534658,-0.005525869085,0.0,-0.200667534658,0.005525869085,0.0,0.207128472726,0.40411980577,0.0,-0.133251865253,0.405500482514,0.0,0.191639213539,0.708304727646,0.0,-0.047717143559,0.72417269102,0.0,0.152934414126,0.743126540144,0.0,-0.010354659512,0.750543350546,0.0,0.230824154274,0.890093388455,0.0,0.000256546914,0.888462572228,0.0,0.526833325624,0.454802542925,-0.000289617572,-0.358143305624
1092,1,0.19485962455,-0.005111997754,0.0,-0.19485962455,0.005111997754,0.0,0.200487246564,0.393677405745,0.0,-0.12939679917,0.394075326575,0.0,0.185471068836,0.691303276885,0.0,-0.046890129213,0.70631905055,0.0,0.146894729275,0.725238876881,0.0,-0.010801360531,0.731946638989,0.0,0.225062171165,0.864879511031,0.0,-0.000336786162,0.863142203554,0.0,0.526648595929,0.454697534442,-0.000288576353,-0.368783497023
1093,1,0.201343666314,-0.005225235914,0.0,-0.201343666314,0.005225235914,0.0,0.205738114901,0.407147139993,0.0,-0.134591514511,0.407331063353,0.0,0.190622571559,0.713237540008,0.0,-0.050092178453,0.728468933351,0.0,0.153259651972,0.746458341829,0.0,-0.01282188875,0.754899104325,0.0,0.228727783105,0.89403537173,0.0,-0.003391347958,0.892247589902,0.0,0.526073798537,0.454689636827,-0.000305418856,-0.356804671713
1094,1,0.197928179647,-0.004989390429,0.0,-0.197928179647,0.004989390429,0.0,0.20171503065,0.401159930761,0.0,-0.132499485466,0.400812556957,0.0,0.186309807575,0.701703835899,0.0,-0.049475995859,0.716684618795,0.0,0.148860643786,0.73438425078,0.0,-0.012794373717,0.742099761487,0.0,0.224549353579,0.88043521725,0.0,-0.004003877471,0.877759091524,0.0,0.526014849544,0.454634472728,-0.000305125024,-0.362733796535
1095,1,0.186889822231,-0.004734499429,0.0,-0.186889822231,0.004734499429,0.0,0.186761156429,0.378277844198,0.0,-0.126269362677,0.378158147887,0.0,0.171876672735,0.660416740399,0.0,-0.049931261966,0.674405744135,0.0,0.13673938766,0.690939918264,0.0,-0.015609350017,0.698408565984,0.0,0.207346988824,0.82788131278,0.0,-0.008099257063,0.825649919924,0.0,0.524723365903,0.45460113883,-0.000302084256,-0.385425371166
1096,1,0.184688569346,-0.00455901797,0.0,-0.184688569346,0.00455901797,0.0,0.18447715857,0.374913157352,0.0,-0.123005709565,0.374478408102,0.0,0.169793934636,0.654201244435,0.0,-0.049741973869,0.668250541877,0.0,0.134999543746,0.683613415139,0.0,-0.016415224882,0.691032442445,0.0,0.206589961232,0.818786636853,0.0,-0.008052686189,0.81661304352,0.0,0.52466095984,0.454571381211,-0.000299813692,-0.389778717194
1097,1,0.186462033998,-0.004417290066,0.0,-0.186462033998,0.004417290066,0.0,0.183735017203,0.377087318767,0.0,-0.125205548653,0.376533834788,0.0,0.168725843068,0.657359538571,0.0,-0.053947256881,0.67074951041,0.0,0.133139024238,0.68748024136,0.0,-0.020541204946,0.694109427947,0.0,0.205157509939,0.822910813942,0.0,-0.010196934156,0.821073665786,0.0,0.523852065206,0.454764649272,-0.000297447667,-0.387252948276
1098,1,0.185713782425,-0.004110350325,0.0,-0.185713782425,0.004110350325,0.0,0.182834254054,0.377086532267,0.0,-0.125548413272,0.37637145477,0.0,0.165147194211,0.657779895238,0.0,-0.054412885097,0.670827176813,0.0,0.129427451171,0.688536376231,0.0,-0.021119885386,0.694505912675,0.0,0.203730399056,0.822995852814,0.0,-0.011198588692,0.820813106042,0.0,0.523655310273,0.454635411501,-0.000295076054,-0.38767994204
1099,1,0.201172509082,-0.004286997572,0.0,-0.201172509082,0.004286997572,0.0,0.197030038573,0.408379168836,0.0,-0.137032647882,0.407540828568,0.0,0.177387436199,0.710401246608,0.0,-0.060751180545,0.725433727214,0.0,0.137987526111,0.742976563775,0.0,-0.024808840957,0.750537120158,0.0,0.217564127191,0.89125749893,0.0,-0.013334641641,0.888696496027,0.0,0.523237526417,0.454721212387,-0.00029436266,-0.357767107036
1100,1,0.205109573924,-0.004325465037,0.0,-0.205109573924,0.004325465037,0.0,0.199912993563,0.415782071643,0.0,-0.140045826206,0.414946581289,0.0,0.180279903274,0.721699451886,0.0,-0.062859749609,0.738700026577,0.0,0.140360004508,0.75469716463,0.0,-0.026352298806,0.764322013511,0.0,0.220106583371,0.907514203087,0.0,-0.016140146859,0.906085132885,0.0,0.522982001305,0.454703569412,-0.000296918675,-0.351353997138
1101,1,0.182318904467,-0.003818872655,0.0,-0.182318904467,0.003818872655,0.0,0.177389397115,0.371058964747,0.0,-0.124640318129,0.370002593125,0.0,0.159857848232,0.64769356065,0.0,-0.056789012226,0.662246652805,0.0,0.124037790014,0.677816941289,0.0,-0.024370927424,0.684802244016,0.0,0.195830296829,0.81080375234,0.0,-0.0147080917,0.808098690758,0.0,0.522695675492,0.454691842198,-0.000282225665,-0.394064768915
1102,1,0.204821658633,-0.004248365757,0.0,-0.204821658633,0.004248365757,0.0,0.197668573416,0.416439761382,0.0,-0.140577934135,0.415034901516,0.0,0.179288818071,0.723284725901,0.0,-0.064845559003,0.741939603169,0.0,0.141382273637,0.755482384451,0.0,-0.028394998787,0.766927117318,0.0,0.217914325188,0.908796937525,0.0,-0.018147576181,0.90614932353,0.0,0.522279188037,0.454745367169,-0.000284068286,-0.351511559186
1103,1,0.211644320797,-0.003983458924,0.0,-0.211644320797,0.003983458924,0.0,0.204427334696,0.430981952284,0.0,-0.144847348557,0.429456310707,0.0,0.184955676474,0.748270858444,0.0,-0.065941867673,0.767650364408,0.0,0.146118541176,0.781769563433,0.0,-0.027788552987,0.793703938504,0.0,0.225902230453,0.940259172661,0.0,-0.019039963033,0.937704512146,0.0,0.522169426084,0.454542532563,-0.000283835456,-0.339896616339
1104,1,0.235614023772,-0.004364339391,0.0,-0.235614023772,0.004364339391,0.0,0.226779997517,0.480956598066,0.0,-0.162601867367,0.479163832537,0.0,0.204770592297,0.834889869913,0.0,-0.076847655398,0.856084372819,0.0,0.160852336362,0.871661126387,0.0,-0.034806482096,0.884777815952,0.0,0.250057289401,1.049404125253,0.0,-0.02326090776,1.046269133153,0.0,0.521730080247,0.454479128122,-0.000288113952,-0.304678417757
1105,1,0.225923066698,-0.004172414784,0.0,-0.225923066698,0.004172414784,0.0,0.217133145812,0.459955014893,0.0,-0.155209687417,0.458922935384,0.0,0.196273930446,0.798470908003,0.0,-0.074283482137,0.81828885899,0.0,0.154387922693,0.833127110698,0.0,-0.034241009067,0.846017232669,0.0,0.239118726191,1.005187286206,0.0,-0.022826089736,1.002102856799,0.0,0.521506488323,0.454478994012,-0.000286515802,-0.317982453271
1106,1,0.224441466985,-0.004065685143,0.0,-0.224441466985,0.004065685143,0.0,0.215770830518,0.456710163717,0.0,-0.154099362773,0.455826847575,0.0,0.193325063227,0.793399467209,0.0,-0.07492670499,0.813089481863,0.0,0.150077405691,0.827898532183,0.0,-0.03528533183,0.840620370909,0.0,0.236626088556,0.998790215407,0.0,-0.023406573841,0.995219509559,0.0,0.521513342857,0.454497888684,-0.00028708484,-0.319981954414
1107,1,0.239559243212,-0.004330538944,0.0,-0.239559243212,0.004330538944,0.0,0.22822377141,0.485490768024,0.0,-0.165091647639,0.48433946742,0.0,0.203958285374,0.843082122998,0.0,-0.081468668993,0.863050864929,0.0,0.157930308504,0.880191330149,0.0,-0.039389492879,0.893014566545,0.0,0.249669986094,1.061276645083,0.0,-0.026609007202,1.057421559445,0.0,0.521076902747,0.454491212964,-0.000297615305,-0.301155247844
1108,1,0.236884883734,-0.004355540794,0.0,-0.236884883734,0.004355540794,0.0,0.225939809738,0.47901085392,0.0,-0.163326511108,0.478946600192,0.0,0.199640641478,0.833959023759,0.0,-0.080248792016,0.855111625151,0.0,0.154250965922,0.871735318223,0.0,-0.038935212308,0.885414701763,0.0,0.247149710568,1.050370671733,0.0,-0.025231929516,1.047197556244,0.0,0.52108258009,0.454281717539,-0.000303509645,-0.304267537534
1109,1,0.240953757539,-0.004425182619,0.0,-0.240953757539,0.004425182619,0.0,0.228511578627,0.487148774348,0.0,-0.167012309288,0.487090369253,0.0,0.203235029595,0.847700767796,0.0,-0.083039138136,0.868734974051,0.0,0.157699586993,0.885611853818,0.0,-0.0408943804,0.899270074647,0.0,0.250045616881,1.067004324729,0.0,-0.029157148991,1.065277487399,0.0,0.520672664046,0.454363033175,-0.000303507783,-0.299017764199
1110,1,0.19309483594,-0.003542998477,0.0,-0.19309483594,0.003542998477,0.0,0.183504626031,0.391433162537,0.0,-0.133582246231,0.391408381013,0.0,0.162263582533,0.682369531605,0.0,-0.066223186547,0.698633246007,0.0,0.125347745557,0.714387260422,0.0,-0.032636867211,0.724752652385,0.0,0.200651601907,0.85698094807,0.0,-0.023306703421,0.856338387138,0.0,0.520721882582,0.454051300883,-0.00029959064,-0.372806773118
1111,1,0.24069250965,-0.00445988323,0.0,-0.24069250965,0.00445988323,0.0,0.228625499413,0.487091735523,0.0,-0.166529228076,0.487050058099,0.0,0.202437021216,0.849299462014,0.0,-0.082782332455,0.867544801434,0.0,0.157271356004,0.88795916164,0.0,-0.040914069397,0.898615420976,0.0,0.251403807115,1.067604215328,0.0,-0.03117551105,1.063648648874,0.0,0.520660042763,0.454389184713,-0.000305797905,-0.298899727116
1112,1,0.210484412288,-0.003987029189,0.0,-0.210484412288,0.003987029189,0.0,0.199888494617,0.42539667033,0.0,-0.146641326857,0.42672165095,0.0,0.177203852432,0.743852472183,0.0,-0.07286603589,0.760108663077,0.0,0.13743968467,0.777707638309,0.0,-0.036065052621,0.787284293125,0.0,0.217399760356,0.935238251454,0.0,-0.027600257449,0.933075274265,0.0,0.520585075021,0.454127535224,-0.000306999311,-0.341483378408
1113,1,0.199198192026,-0.003802600169,0.0,-0.199198192026,0.003802600169,0.0,0.18868709328,0.402749657213,0.0,-0.137828048949,0.403914262873,0.0,0.16553025339,0.70428160484,0.0,-0.069234906285,0.719559559583,0.0,0.128642099998,0.736114765151,0.0,-0.034530450443,0.74501967928,0.0,0.205223965104,0.885028535324,0.0,-0.02608701812,0.882398221167,0.0,0.520437687635,0.454119950533,-0.000292630866,-0.36087094966
1114,1,0.198175512891,-0.003767160278,0.0,-0.198175512891,0.003767160278,0.0,0.187913217543,0.400454646684,0.0,-0.135914205112,0.401673064367,0.0,0.16305519792,0.700413973032,0.0,-0.068710587979,0.715401331562,0.0,0.126645199328,0.732025672016,0.0,-0.034617060848,0.740562806154,0.0,0.204414566778,0.879766205335,0.0,-0.025250515966,0.876894877627,0.0,0.520556971431,0.454162299633,-0.0002901759,-0.362984279211
1115,1,0.249236773632,-0.004621023559,0.0,-0.249236773632,0.004621023559,0.0,0.236470141783,0.504928300498,0.0,-0.170789729328,0.505167801306,0.0,0.20598065663,0.882746192791,0.0,-0.086854400136,0.899120615255,0.0,0.160151660908,0.922082755195,0.0,-0.043549144175,0.931000237424,0.0,0.255083690333,1.110046499016,0.0,-0.031724824125,1.102592655774,0.0,0.520576700568,0.454126566648,-0.000308043323,-0.288689581463
1116,1,0.257461187176,-0.004755525778,0.0,-0.257461187176,0.004755525778,0.0,0.244117914511,0.522566334245,0.0,-0.176725634562,0.522556306441,0.0,0.213198249293,0.908964058355,0.0,-0.090119976482,0.929186510881,0.0,0.166219483529,0.949738814133,0.0,-0.045093218675,0.962422065307,0.0,0.259126442625,1.14700875104,0.0,-0.035333605606,1.141341761933,0.0,0.520609110594,0.454125761986,-0.000317196362,-0.279365098474
1117,1,0.195747222188,-0.003415631547,0.0,-0.195747222188,0.003415631547,0.0,0.187677792657,0.397924971421,0.0,-0.1339272133,0.397397204399,0.0,0.164516677606,0.693433432211,0.0,-0.066804533838,0.707202940396,0.0,0.128436228439,0.725311956514,0.0,-0.032493670777,0.732518387123,0.0,0.199373408589,0.873864493379,0.0,-0.024766453761,0.869363944263,0.0,0.521417960525,0.45405203104,-0.00031154789,-0.367159545372
1118,1,0.262938844867,-0.004515027164,0.0,-0.262938844867,0.004515027164,0.0,0.253413190999,0.533916109673,0.0,-0.17889935401,0.533481453423,0.0,0.221149813322,0.930123455539,0.0,-0.089371266933,0.948392512617,0.0,0.172793815807,0.972852102022,0.0,-0.044323510614,0.982475265153,0.0,0.266650944186,1.170846185861,0.0,-0.033961410093,1.166284798266,0.0,0.521608144045,0.453929901123,-0.000323086977,-0.273849681598
1119,1,0.250971913232,-0.004665099018,0.0,-0.250971913232,0.004665099018,0.0,0.241869202497,0.51038473708,0.0,-0.170351908661,0.509942844813,0.0,0.211142738739,0.889812790572,0.0,-0.085153709166,0.906073927601,0.0,0.16517099179,0.929993423082,0.0,-0.042024982434,0.93861987446,0.0,0.254045847076,1.120288887021,0.0,-0.032125183604,1.113565396513,0.0,0.521697953343,0.453567683697,-0.000328381546,-0.287035310919
1120,1,0.234085590483,-0.004344680165,0.0,-0.234085590483,0.004344680165,0.0,0.226334311955,0.475945262784,0.0,-0.157279271429,0.475312580445,0.0,0.198316670783,0.830054294988,0.0,-0.07829216394,0.84452697611,0.0,0.155232397851,0.867311480306,0.0,-0.038986265288,0.874953244949,0.0,0.238624171228,1.044577955643,0.0,-0.027571645633,1.038393471256,0.0,0.522209137678,0.453565940261,-0.000318233855,-0.307782219505
1121,1,0.234765600029,-0.004292703363,0.0,-0.234765600029,0.004292703363,0.0,0.226677522538,0.477174495391,0.0,-0.156897718411,0.476996524305,0.0,0.199288995027,0.831548310334,0.0,-0.077950171412,0.846201133737,0.0,0.156502475098,0.868706810032,0.0,-0.038400803868,0.8767052227,0.0,0.239483095339,1.04564888596,0.0,-0.027792407371,1.040574866237,0.0,0.522375226021,0.453612789512,-0.000315214507,-0.307114264075
1122,1,0.23151842558,-0.004124272341,0.0,-0.23151842558,0.004124272341,0.0,0.226178299511,0.472091527862,0.0,-0.15363074254,0.472136892311,0.0,0.199984463105,0.823537024965,0.0,-0.074072648229,0.838084211919,0.0,0.157660874038,0.859861646234,0.0,-0.034781653342,0.86826502593,0.0,0.236934479433,1.035608134232,0.0,-0.025224363535,1.03012614815,0.0,0.523359715939,0.453617498279,-0.0003143223,-0.310081937244
1123,1,0.254535958173,-0.004402548655,0.0,-0.254535958173,0.004402548655,0.0,0.249473401326,0.517531360317,0.0,-0.16904640278,0.518827771106,0.0,0.22009834729,0.898641356344,0.0,-0.081288602725,0.916150594897,0.0,0.173674258399,0.936966513482,0.0,-0.038245066731,0.948178116791,0.0,0.26227954143,1.133885642856,0.0,-0.027467848504,1.130003576471,0.0,0.523598194122,0.454043507576,-0.000316648744,-0.282802467375
1124,1,0.250270374071,-0.004467180713,0.0,-0.250270374071,0.004467180713,0.0,0.247457528158,0.50683140752,0.0,-0.165410315973,0.505849709787,0.0,0.218319906143,0.879978115514,0.0,-0.0775355172,0.897320543909,0.0,0.172537885107,0.918230747091,0.0,-0.034534627603,0.929771499417,0.0,0.259670606623,1.113045718885,0.0,-0.025222594456,1.110248004715,0.0,0.524125978351,0.455312103033,-0.00032070186,-0.287550422091
1125,1,0.213831173175,-0.004067190562,0.0,-0.213831173175,0.004067190562,0.0,0.21285487356,0.432238401482,0.0,-0.141072588547,0.433228629224,0.0,0.188328151326,0.750680100556,0.0,-0.065341014125,0.766261505293,0.0,0.148976401503,0.783305452097,0.0,-0.028466253083,0.794048739998,0.0,0.225623062752,0.950827287999,0.0,-0.020541592294,0.949611548797,0.0,0.524484097958,0.455959618092,-0.000319668092,-0.335936379493
1126,1,0.194693779883,-0.003816280056,0.0,-0.194693779883,0.003816280056,0.0,0.1944995347,0.392147682097,0.0,-0.130140922369,0.392501134056,0.0,0.171819027906,0.682734116708,0.0,-0.059146003277,0.695005471393,0.0,0.135808183023,0.712832270614,0.0,-0.025486364742,0.721794675556,0.0,0.207394960568,0.864998909437,0.0,-0.018400371501,0.860638968922,0.0,0.524602338672,0.456037849188,-0.000319587998,-0.369143710252
1127,1,0.202728676,-0.004260680149,0.0,-0.202728676,0.004260680149,0.0,0.2045511489,0.409256682744,0.0,-0.133760047109,0.408579689862,0.0,0.181051048169,0.709863691439,0.0,-0.058155846703,0.723622887389,0.0,0.142582787642,0.742196105661,0.0,-0.023497539545,0.751895527623,0.0,0.218127954806,0.899247873715,0.0,-0.016537663079,0.895735773701,0.0,0.525456026196,0.456194356084,-0.000318674371,-0.354902288301
1128,1,0.20666636,-0.005317959332,0.0,-0.20666636,0.005317959332,0.0,0.209555393953,0.414148401983,0.0,-0.137279115257,0.413891636953,0.0,0.185266225631,0.718399405475,0.0,-0.058600805701,0.73309416042,0.0,0.146060838254,0.749871925939,0.0,-0.023440236806,0.761516271306,0.0,0.223265655019,0.912427267626,0.0,-0.016035933399,0.908893073073,0.0,0.525768846273,0.45719692111,-0.000312557444,-0.348669663718
1129,1,0.200538331267,-0.005603142469,0.0,-0.200538331267,0.005603142469,0.0,0.20450396248,0.400649644306,0.0,-0.133974564191,0.40011267925,0.0,0.180882889563,0.69455493052,0.0,-0.054546520629,0.707222032376,0.0,0.143105208881,0.724859626396,0.0,-0.020165168801,0.732783758032,0.0,0.217819468712,0.883990166011,0.0,-0.012866722512,0.879045709521,0.0,0.526042833924,0.457595020533,-0.000305185094,-0.359427187292
1130,1,0.20322032628,-0.005765181381,0.0,-0.20322032628,0.005765181381,0.0,0.20985819773,0.405774758689,0.0,-0.137291608398,0.405928465399,0.0,0.184892402257,0.703012018673,0.0,-0.054166446751,0.717040958158,0.0,0.146567690353,0.732230282178,0.0,-0.018701151554,0.741472909329,0.0,0.221460441974,0.898274314887,0.0,-0.012035808401,0.892999747796,0.0,0.526415228844,0.4575330019,-0.000299172476,-0.353656884165
1131,1,0.196113552246,-0.005924637467,0.0,-0.196113552246,0.005924637467,0.0,0.204216069667,0.392900791567,0.0,-0.130551305403,0.393232782739,0.0,0.180157185937,0.679688376916,0.0,-0.050256056982,0.694173684495,0.0,0.142588908989,0.708994394114,0.0,-0.016089390169,0.719641662851,0.0,0.219610292412,0.867573128406,0.0,-0.009950639511,0.864121817049,0.0,0.527113437653,0.457062974572,-0.000298649073,-0.366973293875
1132,1,0.200788147026,-0.006011393857,0.0,-0.200788147026,0.006011393857,0.0,0.212217408158,0.398806462115,0.0,-0.131773865171,0.399025407477,0.0,0.185868949587,0.689999506612,0.0,-0.048589301016,0.704710557576,0.0,0.147131447939,0.71992346824,0.0,-0.01378836443,0.730894807126,0.0,0.226729380414,0.880853420022,0.0,-0.007363109433,0.877157562963,0.0,0.528036206961,0.457068756223,-0.000294236466,-0.361528408926
1133,1,0.201675231294,-0.006137674909,0.0,-0.201675231294,0.006137674909,0.0,0.216487924472,0.401359204334,0.0,-0.131613183908,0.400844373835,0.0,0.189559056124,0.689188418063,0.0,-0.046813719688,0.708765904818,0.0,0.15184196026,0.716587514848,0.0,-0.010770278916,0.733842212403,0.0,0.230316139037,0.884020839052,0.0,-0.005414715268,0.880849615822,0.0,0.528667882085,0.456962108612,-0.000297922641,-0.359482241793
1134,1,0.214631089058,-0.007035728391,0.0,-0.214631089058,0.007035728391,0.0,0.23428792052,0.426794786031,0.0,-0.14017459974,0.427627189024,0.0,0.203955582426,0.730757730522,0.0,-0.049759544186,0.754768446014,0.0,0.163502614219,0.758746266674,0.0,-0.009889593293,0.78064209987,0.0,0.2457353142,0.937938036496,0.0,-0.005728107623,0.93637167919,0.0,0.528667479753,0.457209527493,-0.000297540799,-0.337834818573
1135,1,0.218181779177,-0.007139110474,0.0,-0.218181779177,0.007139110474,0.0,0.239565854081,0.434318305014,0.0,-0.143419872891,0.435023289312,0.0,0.211329859594,0.740822032232,0.0,-0.050302344112,0.767952887086,0.0,0.172159517353,0.769554406038,0.0,-0.009552025601,0.793280080814,0.0,0.250668145001,0.95437339124,0.0,-0.005258389375,0.952754638142,0.0,0.528867781162,0.457202538848,-0.000291088596,-0.332017947982
1136,1,0.219555414,-0.007614121305,0.0,-0.219555414,0.007614121305,0.0,0.243687934038,0.438278598916,0.0,-0.145696697974,0.437927473329,0.0,0.213744493357,0.744017905679,0.0,-0.05030402618,0.776004669578,0.0,0.173635668758,0.772867489862,0.0,-0.009199381948,0.801452871467,0.0,0.255933235579,0.962650056363,0.0,-0.003708775306,0.96200292269,0.0,0.528986215591,0.456235423684,-0.000287687406,-0.329830206414
1137,1,0.226640800163,-0.008672150762,0.0,-0.226640800163,0.008672150762,0.0,0.253613327346,0.450039880521,0.0,-0.149569576099,0.452164512085,0.0,0.22366652073,0.7671194559,0.0,-0.050643163967,0.801368576284,0.0,0.182273340671,0.796982126063,0.0,-0.008347657686,0.82765879779,0.0,0.264751448653,0.991155469678,0.0,-0.002120815641,0.992464982824,0.0,0.529282599688,0.455844894052,-0.000285944901,-0.320209596269
1138,1,0.229975644666,-0.00929301436,0.0,-0.229975644666,0.00929301436,0.0,0.258799919849,0.455226543204,0.0,-0.150169560135,0.458445490135,0.0,0.229569716769,0.773097222585,0.0,-0.050326761474,0.811803602612,0.0,0.186873173954,0.801653236475,0.0,-0.007453986548,0.83667052869,0.0,0.270899305643,1.003300300024,0.0,0.003290986167,1.00549202779,0.0,0.529775261879,0.455503627658,-0.000296067446,-0.316063515051
1139,1,0.219690765845,-0.008976391825,0.0,-0.219690765845,0.008976391825,0.0,0.248917368461,0.433432785688,0.0,-0.143405886401,0.437920959056,0.0,0.22220331329,0.740345569306,0.0,-0.047753957225,0.777114683887,0.0,0.180830146242,0.766636507951,0.0,-0.006552579814,0.798353113442,0.0,0.261004144689,0.961188407862,0.0,0.004552154863,0.963658932226,0.0,0.530107423663,0.45460049808,-0.000296001323,-0.330482239347
1140,1,0.264293485094,-0.011067406767,0.0,-0.264293485094,0.011067406767,0.0,0.301497519073,0.521215145423,0.0,-0.17011584109,0.525455259677,0.0,0.269355381508,0.890137155067,0.0,-0.05502603506,0.93371490331,0.0,0.219641515346,0.921968131344,0.0,-0.005916723209,0.959538256545,0.0,0.316929797134,1.155083190451,0.0,0.009993022747,1.158154066331,0.0,0.530773669481,0.454497739673,-0.000296190381,-0.275073646393
1141,1,0.253584468143,-0.010843806711,0.0,-0.253584468143,0.010843806711,0.0,0.292192236915,0.500827300834,0.0,-0.164076614163,0.506172392829,0.0,0.259845882446,0.856719971972,0.0,-0.051785953674,0.898306282794,0.0,0.211966402032,0.887146536981,0.0,-0.003177455102,0.920928334656,0.0,0.307355647997,1.111900898258,0.0,0.010728030048,1.114658715016,0.0,0.531034216285,0.453887060285,-0.000295911916,-0.286242337493
1142,1,0.275883636573,-0.012438448891,0.0,-0.275883636573,0.012438448891,0.0,0.321165768677,0.545378388094,0.0,-0.17592323888,0.55191378274,0.0,0.286723530748,0.934828351844,0.0,-0.053247158514,0.981654225237,0.0,0.235320225545,0.968265676952,0.0,0.001001565004,1.007229511896,0.0,0.337742801508,1.212340673494,0.0,0.014262782721,1.215648771604,0.0,0.531735166907,0.453664124012,-0.000299731269,-0.262609411488
1143,1,0.242795273236,-0.01112272638,0.0,-0.242795273236,0.01112272638,0.0,0.284767334296,0.476533873466,0.0,-0.15554790945,0.487204359601,0.0,0.255519393789,0.8239477238,0.0,-0.046011927021,0.867062729311,0.0,0.209807825199,0.853219400534,0.0,0.002503320765,0.889497571131,0.0,0.300200088979,1.070075383186,0.0,0.013752690437,1.073355189083,0.0,0.532020121813,0.453502729535,-0.000299194828,-0.2975683574
1144,1,0.243429661455,-0.011336365521,0.0,-0.243429661455,0.011336365521,0.0,0.286694371916,0.47740860412,0.0,-0.154326218068,0.487162847233,0.0,0.260441646358,0.823453974798,0.0,-0.044394826511,0.868317283414,0.0,0.21599528932,0.849280334066,0.0,0.003923481287,0.891415579493,0.0,0.301575627093,1.070827349157,0.0,0.014717949978,1.07432261126,0.0,0.532302066684,0.453222945333,-0.000293687917,-0.297557498182
1145,1,0.244106853866,-0.011349303995,0.0,-0.244106853866,0.011349303995,0.0,0.290527955761,0.481058555016,0.0,-0.153468500228,0.490157679406,0.0,0.264695278863,0.830763738937,0.0,-0.043075349239,0.880352484728,0.0,0.21932135364,0.856640476706,0.0,0.004948176963,0.903921521778,0.0,0.306250225577,1.079158159179,0.0,0.01710877569,1.082433182542,0.0,0.532838597894,0.452724829316,-0.000297636725,-0.29558232976
1146,1,0.230492770743,-0.010728746553,0.0,-0.230492770743,0.010728746553,0.0,0.276839663059,0.452493344793,0.0,-0.1435774629,0.462949708765,0.0,0.252164680518,0.785770640341,0.0,-0.03976890544,0.832416228711,0.0,0.209106209608,0.81032320803,0.0,0.005274802596,0.854802320462,0.0,0.291019764805,1.020488153568,0.0,0.018009379427,1.023530219851,0.0,0.533393532038,0.45270460844,-0.000292662531,-0.312594274523
1147,1,0.225593640202,-0.010277591051,0.0,-0.225593640202,0.010277591051,0.0,0.273700888488,0.440285705612,0.0,-0.13868232698,0.45260828579,0.0,0.249706642388,0.772388685797,0.0,-0.036571731072,0.81782027534,0.0,0.207396000151,0.796660746329,0.0,0.007074028783,0.83985691622,0.0,0.288074208581,1.002202468404,0.0,0.022504465046,1.004981734818,0.0,0.534167855978,0.452257737517,-0.000292869285,-0.318711664882
1148,1,0.233930461604,-0.010347874175,0.0,-0.233930461604,0.010347874175,0.0,0.284988747,0.456244734155,0.0,-0.142611596835,0.468337460496,0.0,0.262591300927,0.800912301908,0.0,-0.036359940244,0.846209952989,0.0,0.224141950285,0.825532201784,0.0,0.011117881026,0.86749786544,0.0,0.299354241741,1.038515245295,0.0,0.024704563861,1.040613944541,0.0,0.534600943327,0.451801747084,-0.000296054408,-0.308006196634
1149,1,0.250281878221,-0.011307279546,0.0,-0.250281878221,0.011307279546,0.0,0.307252144929,0.488579220528,0.0,-0.150976300451,0.502273168094,0.0,0.283300069285,0.860059778809,0.0,-0.03722396865,0.908371009366,0.0,0.241906388117,0.883933609839,0.0,0.013701979298,0.930087154464,0.0,0.323459558245,1.115157949881,0.0,0.028313306108,1.116832902812,0.0,0.535123869777,0.450982108712,-0.000296779908,-0.287569355159
1150,1,0.249928267641,-0.011834500267,0.0,-0.249928267641,0.011834500267,0.0,0.308351920118,0.487750412515,0.0,-0.14880177398,0.501811917426,0.0,0.284807305525,0.860071550821,0.0,-0.035813431689,0.908232587707,0.0,0.24308631712,0.882056946804,0.0,0.015164745134,0.929846170022,0.0,0.324444441683,1.114675199569,0.0,0.030282548275,1.11644493337,0.0,0.535641431808,0.45041526854,-0.000298893079,-0.288233490027
1151,1,0.241297167863,-0.011364863508,0.0,-0.241297167863,0.011364863508,0.0,0.298062512204,0.469603767774,0.0,-0.143411240143,0.483831375868,0.0,0.275085117718,0.830956594464,0.0,-0.035280340947,0.87658388761,0.0,0.23470404426,0.852921964982,0.0,0.014265326991,0.897952142035,0.0,0.31334604986,1.076636139431,0.0,0.029350491186,1.076847884142,0.0,0.535704374313,0.450153201818,-0.000299618579,-0.298664027196
1152,1,0.277802702704,-0.012933416314,0.0,-0.277802702704,0.012933416314,0.0,0.346582309232,0.541338274922,0.0,-0.162510547565,0.559250089611,0.0,0.322890683111,0.960268281486,0.0,-0.037876067938,1.013080004571,0.0,0.277830648944,0.981873140024,0.0,0.019224655436,1.037498807954,0.0,0.363811913653,1.243338850408,0.0,0.036615267001,1.24378990042,0.0,0.536428257823,0.449451908469,-0.000311853364,-0.259139131786
1153,1,0.268865720067,-0.012797074884,0.0,-0.268865720067,0.012797074884,0.0,0.335064637177,0.519261544953,0.0,-0.157920532857,0.534586037133,0.0,0.310243801657,0.923415763429,0.0,-0.037860222931,0.972829323408,0.0,0.266612568598,0.943932445015,0.0,0.016329245958,0.996183635582,0.0,0.349746623933,1.19519411558,0.0,0.034316735064,1.195130430878,0.0,0.536073803902,0.450771331787,-0.000312234275,-0.268612905688
1154,1,0.264582679633,-0.012086778461,0.0,-0.264582679633,0.012086778461,0.0,0.332273486676,0.509125142443,0.0,-0.155088226718,0.523955270834,0.0,0.306265133997,0.902144835216,0.0,-0.0367404612,0.952005423549,0.0,0.262759893846,0.923874145033,0.0,0.016558908874,0.972649250509,0.0,0.345824444161,1.170667658215,0.0,0.034535867572,1.171536306536,0.0,0.536216378212,0.45203076303,-0.000301296823,-0.272961187056
1155,1,0.240609304609,-0.011153549173,0.0,-0.240609304609,0.011153549173,0.0,0.30287427275,0.462763592033,0.0,-0.143618610656,0.476537287844,0.0,0.277080171612,0.820473212318,0.0,-0.03431632324,0.865730209308,0.0,0.23718521038,0.840607132847,0.0,0.015569670701,0.884942067195,0.0,0.312354782093,1.065150753105,0.0,0.029072849751,1.066040814866,0.0,0.535483464599,0.45215331018,-0.00030087214,-0.299877616403
1156,1,0.272935978906,-0.012199798723,0.0,-0.272935978906,0.012199798723,0.0,0.342527578001,0.523748598795,0.0,-0.164270325899,0.539177477315,0.0,0.31466427189,0.929937644051,0.0,-0.03835290855,0.980793451213,0.0,0.267867769751,0.956135536408,0.0,0.018681985216,1.003391369677,0.0,0.353788635646,1.206482057025,0.0,0.031887980815,1.20776191238,0.0,0.535143822432,0.45258924365,-0.000305924565,-0.264199503952
1157,1,0.293515143128,-0.013385515771,0.0,-0.293515143128,0.013385515771,0.0,0.369536073493,0.56302592651,0.0,-0.176963613895,0.578944066583,0.0,0.340419109938,0.995607543419,0.0,-0.040281332222,1.053666601884,0.0,0.291801745691,1.022704907505,0.0,0.025446965444,1.077977466833,0.0,0.37991977856,1.294939736935,0.0,0.03396047338,1.297555248005,0.0,0.535054758191,0.452775642276,-0.000313915312,-0.245755598827
1158,1,0.285340785305,-0.012998410397,0.0,-0.285340785305,0.012998410397,0.0,0.360303755495,0.550314140475,0.0,-0.171583473593,0.563262092668,0.0,0.330998031924,0.967955745053,0.0,-0.039035668489,1.023331029397,0.0,0.283280369377,0.994319448857,0.0,0.025457460327,1.04408727064,0.0,0.372244783592,1.259741858456,0.0,0.034169045528,1.26144824171,0.0,0.535051256418,0.45277261734,-0.000315064564,-0.252791284232
1159,1,0.27978768723,-0.012581909784,0.0,-0.27978768723,0.012581909784,0.0,0.353613889775,0.538852391944,0.0,-0.16854229426,0.552003781925,0.0,0.323808783514,0.950311070992,0.0,-0.038410988913,1.004966159196,0.0,0.276888903709,0.978750209954,0.0,0.024495557883,1.028909960972,0.0,0.36580448399,1.234684909717,0.0,0.032723461334,1.236329612863,0.0,0.534922614694,0.452562123537,-0.000316372141,-0.258103890184
1160,1,0.271437080584,-0.011850153358,0.0,-0.271437080584,0.011850153358,0.0,0.343130085484,0.523990466696,0.0,-0.161886725707,0.536663657068,0.0,0.314202964383,0.923184200141,0.0,-0.037443394792,0.976621053185,0.0,0.267254844858,0.950326664653,0.0,0.022245693964,0.999799182603,0.0,0.354891790231,1.198939746357,0.0,0.034708489793,1.20065696018,0.0,0.534921854734,0.452266380191,-0.000321430154,-0.266018122839
1161,1,0.268837301406,-0.011455363963,0.0,-0.268837301406,0.011455363963,0.0,0.340657366507,0.519941837651,0.0,-0.159081423118,0.532097187217,0.0,0.311082877732,0.915770519213,0.0,-0.036628270928,0.968302116827,0.0,0.264003589306,0.942888484054,0.0,0.022008963167,0.991668775774,0.0,0.351789229159,1.187556670165,0.0,0.034653864365,1.188272356482,0.0,0.534919917583,0.451878294349,-0.000319531187,-0.268588311293
1162,1,0.256178766579,-0.011163075197,0.0,-0.256178766579,0.011163075197,0.0,0.327069656234,0.49648667322,0.0,-0.152529122173,0.507161832238,0.0,0.298065944223,0.880072571903,0.0,-0.036106485721,0.92360085956,0.0,0.253972684266,0.901676460184,0.0,0.019311217131,0.945714642227,0.0,0.333869342535,1.135109372068,0.0,0.033604147779,1.133443265155,0.0,0.534352079034,0.452119246125,-0.000321076252,-0.281368816992
1163,1,0.250199818848,-0.01090824713,0.0,-0.250199818848,0.01090824713,0.0,0.318845945351,0.484053769839,0.0,-0.149218769178,0.493974894131,0.0,0.290524181939,0.858275958312,0.0,-0.035141438756,0.90128912191,0.0,0.246528699146,0.879453103166,0.0,0.018681058245,0.923679470743,0.0,0.325240575756,1.106688563653,0.0,0.032331669085,1.105575564703,0.0,0.534219488502,0.452104911208,-0.000324203633,-0.28849103725
1164,1,0.244896799532,-0.010332512628,0.0,-0.244896799532,0.010332512628,0.0,0.312097922995,0.474365160255,0.0,-0.145271917944,0.484120166941,0.0,0.284849471575,0.842428475197,0.0,-0.0343705528,0.882630412193,0.0,0.241193824558,0.863679803981,0.0,0.018253980926,0.904669074414,0.0,0.319803496496,1.085353907485,0.0,0.032493936574,1.082692586985,0.0,0.53419932723,0.451949089766,-0.000318217091,-0.294717423434
1165,1,0.24620070195,-0.010518399726,0.0,-0.24620070195,0.010518399726,0.0,0.316474710916,0.475618838085,0.0,-0.147982861414,0.485383627232,0.0,0.283021946465,0.843923773192,0.0,-0.037593261812,0.884001130591,0.0,0.240673311645,0.863409946114,0.0,0.015113233703,0.905652298619,0.0,0.316652287571,1.087686928774,0.0,0.029307804854,1.085361090394,0.0,0.5332544595,0.451987326145,-0.000320001505,-0.293866705159
1166,1,0.262606985712,-0.011203735362,0.0,-0.262606985712,0.011203735362,0.0,0.338114759379,0.50813661259,0.0,-0.158019179615,0.51701988008,0.0,0.301708134591,0.899763417917,0.0,-0.0388182006,0.943047097129,0.0,0.256344490842,0.92096685801,0.0,0.016679241467,0.966848059744,0.0,0.337740270599,1.158728843588,0.0,0.031017522534,1.157680318261,0.0,0.533180102706,0.451892137527,-0.000323716551,-0.275590212448
1167,1,0.224143994971,-0.009357297613,0.0,-0.224143994971,0.009357297613,0.0,0.288945220115,0.434778416358,0.0,-0.135337820185,0.442759572814,0.0,0.257776570525,0.77029170778,0.0,-0.033601003354,0.806841499195,0.0,0.218965414467,0.789219126449,0.0,0.013312420676,0.827536221483,0.0,0.288247303447,0.991209097815,0.0,0.026197946371,0.989029830138,0.0,0.533055052161,0.451571971178,-0.000313613564,-0.322356152431
1168,1,0.226933979201,-0.009420840312,0.0,-0.226933979201,0.009420840312,0.0,0.292905389582,0.44096956917,0.0,-0.136412034618,0.449431626734,0.0,0.261395822921,0.780645748052,0.0,-0.034578805004,0.817100570832,0.0,0.221578398354,0.7998195294,0.0,0.013335132129,0.837761638801,0.0,0.291530708058,1.004110094416,0.0,0.027182186514,1.000474692261,0.0,0.532847568393,0.451638653874,-0.000312636606,-0.318124068098
1169,1,0.230055282786,-0.009547458297,0.0,-0.230055282786,0.009547458297,0.0,0.296915930365,0.446177252078,0.0,-0.138134640289,0.455571687822,0.0,0.264977469636,0.789703054278,0.0,-0.03512629605,0.827522746659,0.0,0.22439140678,0.809694266169,0.0,0.013300617704,0.848667491263,0.0,0.295578371771,1.017625469511,0.0,0.029561934554,1.014067635819,0.0,0.532817557454,0.451639011502,-0.000311434269,-0.313852054908
1170,1,0.232855014237,-0.010006451013,0.0,-0.232855014237,0.010006451013,0.0,0.301179412679,0.449795962601,0.0,-0.142929801109,0.459097485209,0.0,0.265294583066,0.796941333778,0.0,-0.038800050276,0.83461776043,0.0,0.224688057768,0.817036784608,0.0,0.010200152744,0.855727793671,0.0,0.295414626449,1.02832659533,0.0,0.026666719692,1.025192236384,0.0,0.531794071198,0.452078461647,-0.000308840536,-0.310482957483
1171,1,0.23537974219,-0.010083001596,0.0,-0.23537974219,0.010083001596,0.0,0.304749678646,0.456434201982,0.0,-0.145145185873,0.46398598024,0.0,0.268262879387,0.806506200256,0.0,-0.037585984632,0.843966655238,0.0,0.226106372852,0.828407580461,0.0,0.01418290867,0.865521251293,0.0,0.298768525805,1.040016006969,0.0,0.02573260723,1.036734372631,0.0,0.531593948603,0.452141806483,-0.000302067958,-0.306974512526
1172,1,0.238199931952,-0.010329613062,0.0,-0.238199931952,0.010329613062,0.0,0.307333836506,0.459002863411,0.0,-0.146689742358,0.46786869625,0.0,0.271249810561,0.811570725039,0.0,-0.038048774359,0.852954482595,0.0,0.227991516127,0.833157757197,0.0,0.014384327424,0.874618586782,0.0,0.301305646745,1.04918967509,0.0,0.025988668708,1.047444866322,0.0,0.531436413527,0.452052265406,-0.000305236317,-0.303931602349
1173,1,0.239360224828,-0.009826496913,0.0,-0.239360224828,0.009826496913,0.0,0.308709841488,0.462617390675,0.0,-0.146808813394,0.471672196917,0.0,0.272709507887,0.817626651112,0.0,-0.039306727149,0.859668780859,0.0,0.229159492696,0.839169308479,0.0,0.012453784923,0.882091933682,0.0,0.302465817326,1.056321377162,0.0,0.025905152464,1.054843761831,0.0,0.531375125051,0.451584532857,-0.000310685486,-0.302255664114
1174,1,0.237805002013,-0.009610613753,0.0,-0.237805002013,0.009610613753,0.0,0.307126488452,0.460273763977,0.0,-0.145495175966,0.468772939542,0.0,0.270924449041,0.813321913349,0.0,-0.038927429297,0.854402699019,0.0,0.227436380165,0.836164256052,0.0,0.012409002092,0.876881715194,0.0,0.300501070488,1.049887460424,0.0,0.025473275531,1.04765635335,0.0,0.5313667804,0.451527416706,-0.000306720845,-0.304153435136
1175,1,0.238632250102,-0.009838295841,0.0,-0.238632250102,0.009838295841,0.0,0.311115738266,0.462077464895,0.0,-0.146904516857,0.470925122235,0.0,0.270811569489,0.816548741217,0.0,-0.040648009286,0.857164526217,0.0,0.226672858295,0.839226570045,0.0,0.008255566836,0.879205150542,0.0,0.300711672521,1.053544341982,0.0,0.023928672289,1.050859148824,0.0,0.531034007668,0.451582342386,-0.000303386711,-0.302885241403
1176,1,0.230252062468,-0.009403424088,0.0,-0.230252062468,0.009403424088,0.0,0.299804193342,0.444461693807,0.0,-0.141723295613,0.453264450804,0.0,0.261313829755,0.787899881123,0.0,-0.03903301035,0.826660119958,0.0,0.218298070402,0.810063077154,0.0,0.007887868515,0.848686764051,0.0,0.29234055694,1.017449004987,0.0,0.023756001257,1.014893261709,0.0,0.531013950706,0.451363816857,-0.000303080305,-0.313842048161
1177,1,0.213326864943,-0.008492341316,0.0,-0.213326864943,0.008492341316,0.0,0.277789715739,0.413679599769,0.0,-0.1310109563,0.42086766019,0.0,0.242177785631,0.731551977083,0.0,-0.037405288805,0.767314304563,0.0,0.202088119609,0.751936063215,0.0,0.005481838808,0.787750725808,0.0,0.270952494411,0.944644875875,0.0,0.021423960165,0.94184750239,0.0,0.530914083123,0.451255992055,-0.000292120501,-0.338254344994
1178,1,0.2304012578,-0.009462890573,0.0,-0.2304012578,0.009462890573,0.0,0.300086790414,0.4468349066,0.0,-0.141289767973,0.454059587614,0.0,0.260341643388,0.78967554506,0.0,-0.04084734819,0.827672972253,0.0,0.217223940282,0.812096006156,0.0,0.005264383979,0.849763527965,0.0,0.291318277553,1.018684011461,0.0,0.022420793471,1.0157498098,0.0,0.530694171786,0.451072335243,-0.000290922821,-0.3138271542
1179,1,0.261009106393,-0.009941982549,0.0,-0.261009106393,0.009941982549,0.0,0.340139624312,0.508705447903,0.0,-0.160131167975,0.515433228341,0.0,0.295446632322,0.89639441482,0.0,-0.046380483097,0.939452252695,0.0,0.245811563632,0.92163484499,0.0,0.006029092351,0.964220788415,0.0,0.332705509849,1.156279029691,0.0,0.026845862042,1.152735621433,0.0,0.530708491802,0.450825810432,-0.00030963961,-0.27674361644
1180,1,0.256761639445,-0.01058975989,0.0,-0.256761639445,0.01058975989,0.0,0.335818630457,0.498467713138,0.0,-0.15795383052,0.505339764876,0.0,0.289485629746,0.87991097985,0.0,-0.046961580793,0.921837721602,0.0,0.240515930285,0.904199971126,0.0,0.004599256619,0.945913530725,0.0,0.32592229532,1.134943375094,0.0,0.024479869829,1.131486476023,0.0,0.530322834849,0.45161922276,-0.000304087065,-0.281272478628
1181,1,0.264317063432,-0.010870893819,0.0,-0.264317063432,0.010870893819,0.0,0.34510970444,0.513211013493,0.0,-0.163738141876,0.521274626984,0.0,0.297745804592,0.90527680636,0.0,-0.048945889248,0.950233264554,0.0,0.246822455897,0.93053730539,0.0,0.00461064995,0.974426507773,0.0,0.336207205165,1.170181668684,0.0,0.025441360227,1.167350797765,0.0,0.530054807663,0.451602429152,-0.00030986499,-0.272875810446
1182,1,0.261951021988,-0.010192409189,0.0,-0.261951021988,0.010192409189,0.0,0.342001057031,0.509396759442,0.0,-0.162517915486,0.5169294195,0.0,0.29732596174,0.897135771203,0.0,-0.04766538298,0.944482588912,0.0,0.249856810633,0.91947716547,0.0,0.006014165595,0.968519097163,0.0,0.333140824963,1.161567918224,0.0,0.02263395421,1.159451951343,0.0,0.529938995838,0.451246842742,-0.000313972123,-0.275041994713
1183,1,0.259886297562,-0.009885240658,0.0,-0.259886297562,0.009885240658,0.0,0.339582328533,0.506471364565,0.0,-0.161177519421,0.51274001965,0.0,0.295385545204,0.891861858392,0.0,-0.048424569766,0.937387016491,0.0,0.248114575378,0.914535570708,0.0,0.002649272254,0.961402767106,0.0,0.33101830812,1.153059047862,0.0,0.022456871031,1.15085825137,0.0,0.529977872968,0.451292797923,-0.000313842669,-0.277007123979
1184,1,0.258609100078,-0.010388123714,0.0,-0.258609100078,0.010388123714,0.0,0.339366492417,0.500796770426,0.0,-0.162314660054,0.507462861517,0.0,0.291249827281,0.88265195483,0.0,-0.05036116651,0.926084749756,0.0,0.245777868295,0.904483093331,0.0,0.002531460805,0.949688712085,0.0,0.323521759265,1.142923090601,0.0,0.019342625459,1.140425710235,0.0,0.529337674379,0.451758801937,-0.000318390317,-0.278955940186
1185,1,0.237033198266,-0.009477162339,0.0,-0.237033198266,0.009477162339,0.0,0.31031019131,0.459105681202,0.0,-0.148744595607,0.465806092531,0.0,0.266723130961,0.809319881515,0.0,-0.046462660892,0.849395579128,0.0,0.224319913793,0.830294008812,0.0,0.002167783017,0.870916954689,0.0,0.297562128259,1.049558929858,0.0,0.024711942656,1.046922223852,0.0,0.529154464602,0.451766237617,-0.000318248756,-0.304205210264
1186,1,0.242252062699,-0.009161672614,0.0,-0.242252062699,0.009161672614,0.0,0.316660367286,0.47534535858,0.0,-0.152197452139,0.478034321616,0.0,0.272208209115,0.828773056936,0.0,-0.047842319721,0.869477440309,0.0,0.228795423935,0.850035263613,0.0,0.001788266631,0.891141448365,0.0,0.303658235018,1.074375702247,0.0,0.02538753449,1.071684334414,0.0,0.528947800398,0.451495736837,-0.000313546509,-0.297428827678
1187,1,0.248117552405,-0.009231958369,0.0,-0.248117552405,0.009231958369,0.0,0.323151483392,0.489249154544,0.0,-0.15618155616,0.489425042417,0.0,0.277444854239,0.848898808326,0.0,-0.050143949769,0.88992460349,0.0,0.231183264981,0.870675451043,0.0,0.000784312145,0.912128138595,0.0,0.309978979902,1.0981651733,0.0,0.024750625482,1.0963478021,0.0,0.528599530458,0.451652675867,-0.000316126272,-0.290419001501
1188,1,0.248486739557,-0.009002072866,0.0,-0.248486739557,0.009002072866,0.0,0.32208974557,0.490968930384,0.0,-0.15756249129,0.489887623751,0.0,0.276400637426,0.853638230238,0.0,-0.049952966828,0.8935683124,0.0,0.230250474431,0.876353269904,0.0,0.000636120121,0.917441894887,0.0,0.308712068046,1.098951250606,0.0,0.022950805184,1.096621018379,0.0,0.528220161796,0.451720818877,-0.000321591273,-0.290166397277
1189,1,0.253750571857,-0.009025432385,0.0,-0.253750571857,0.009025432385,0.0,0.326598891859,0.502592150422,0.0,-0.162530843408,0.501799701043,0.0,0.279631591199,0.873042947706,0.0,-0.052355641969,0.916237308826,0.0,0.231440396499,0.898267156492,0.0,-0.001439721192,0.941411622651,0.0,0.313186581308,1.120338725876,0.0,0.021261228145,1.118360956713,0.0,0.527617067099,0.452064394951,-0.000323875807,-0.284315394
1190,1,0.241567033351,-0.008527394559,0.0,-0.241567033351,0.008527394559,0.0,0.308858493023,0.477898415894,0.0,-0.156168491115,0.477613538119,0.0,0.264275220916,0.826718392979,0.0,-0.051486773638,0.871091744654,0.0,0.219002979188,0.850320387056,0.0,-0.002754532846,0.894701513561,0.0,0.296227981344,1.065438392934,0.0,0.020000403382,1.063401187907,0.0,0.52705065906,0.45209929347,-0.000321321189,-0.29898800421
1191,1,0.243134579603,-0.00841794414,0.0,-0.243134579603,0.00841794414,0.0,0.308054376641,0.480416401192,0.0,-0.158776120443,0.478781987119,0.0,0.263163719666,0.83169274074,0.0,-0.054031888982,0.875426798672,0.0,0.217560299384,0.855552620228,0.0,-0.006238157383,0.89931233804,0.0,0.296309969858,1.071260597026,0.0,0.017837625939,1.068830726673,0.0,0.526382148266,0.452178567648,-0.000321195461,-0.297327755964
1192,1,0.2427363962,-0.007715365993,0.0,-0.2427363962,0.007715365993,0.0,0.30258375176,0.477641021216,0.0,-0.162743149054,0.475725181628,0.0,0.257928422607,0.826157761501,0.0,-0.058284228695,0.870075391495,0.0,0.212662091102,0.849010948051,0.0,-0.008269164935,0.894595420436,0.0,0.288428081262,1.066451647076,0.0,0.01305846415,1.064113351569,0.0,0.525001317263,0.452567741275,-0.000322496518,-0.298265957661
1193,1,0.242836767688,-0.007548126776,0.0,-0.242836767688,0.007548126776,0.0,0.301158919272,0.484199153802,0.0,-0.163983811397,0.478517295427,0.0,0.255172291681,0.834760243676,0.0,-0.057948086897,0.871650471125,0.0,0.210035119338,0.861815853922,0.0,-0.008038285683,0.897089873612,0.0,0.289200864195,1.069244134875,0.0,0.010414437494,1.066469688277,0.0,0.524691849947,0.452632471919,-0.000320943072,-0.29765299997
1194,1,0.229896378926,-0.006174677396,0.0,-0.229896378926,0.006174677396,0.0,0.279597652804,0.457629907741,0.0,-0.156372801288,0.450819025686,0.0,0.238750223161,0.787290057659,0.0,-0.056614133921,0.821735178781,0.0,0.196076640888,0.814604280537,0.0,-0.009489718103,0.846726307174,0.0,0.271269481943,1.00784132119,0.0,0.007573968502,1.006167521217,0.0,0.524084627628,0.453190043569,-0.000319021754,-0.315329871103
1195,1,0.225023604767,-0.005269234458,0.0,-0.225023604767,0.005269234458,0.0,0.269725821601,0.449812045526,0.0,-0.156118564965,0.441671575352,0.0,0.228500227349,0.769820715643,0.0,-0.058767776476,0.801161387292,0.0,0.1829325257,0.798786937273,0.0,-0.013035418465,0.826220367934,0.0,0.262528870244,0.983479845421,0.0,0.002537767335,0.982946443768,0.0,0.522964254022,0.454027935863,-0.000313374214,-0.322717811415
1196,1,0.22777927682,-0.005336491265,0.0,-0.22777927682,0.005336491265,0.0,0.268297550278,0.455796646631,0.0,-0.158870273078,0.448201241675,0.0,0.221849260086,0.783170348254,0.0,-0.060772780211,0.811428539638,0.0,0.178426542084,0.817188042318,0.0,-0.014502206258,0.837269603111,0.0,0.265140187467,0.99621358166,0.0,-0.00510064311,0.99564975351,0.0,0.522551059723,0.453994825482,-0.000314570032,-0.318622614712
1197,1,0.219861118206,-0.004864362475,0.0,-0.219861118206,0.004864362475,0.0,0.254488912021,0.438641688944,0.0,-0.155076374843,0.432273602252,0.0,0.208528300195,0.75574502631,0.0,-0.06001044158,0.782231369672,0.0,0.168820305678,0.791492068372,0.0,-0.015557894244,0.80782289314,0.0,0.25465320949,0.961182689479,0.0,-0.006341864201,0.960366175368,0.0,0.522023200989,0.454734861851,-0.00031229388,-0.329590104215
1198,1,0.217985367554,-0.004994203381,0.0,-0.217985367554,0.004994203381,0.0,0.245367422611,0.436020466705,0.0,-0.154822103428,0.431485988316,0.0,0.200816095992,0.748892461002,0.0,-0.060462649592,0.777083351461,0.0,0.162551094954,0.784862704096,0.0,-0.016513767755,0.802584598912,0.0,0.25125904299,0.955062932244,0.0,-0.009036222058,0.955223728075,0.0,0.521799683571,0.455006331205,-0.000307590701,-0.331392625641
1199,1,0.195059179364,-0.003529175283,0.0,-0.195059179364,0.003529175283,0.0,0.215110070104,0.394134823966,0.0,-0.139322744093,0.390377600216,0.0,0.176150955287,0.676650832838,0.0,-0.056129014807,0.700854032003,0.0,0.141326208867,0.709389929759,0.0,-0.018612051989,0.72402947766,0.0,0.223699626322,0.860908822233,0.0,-0.008900193464,0.860498787533,0.0,0.521130263805,0.454039335251,-0.000297391787,-0.368790700079
1200,1,0.19799627218,-0.003618144617,0.0,-0.19799627218,0.003618144617,0.0,0.208781011263,0.402550330897,0.0,-0.142174931442,0.398812644693,0.0,0.175974376354,0.693412796321,0.0,-0.05883798114,0.716041766992,0.0,0.141742650578,0.725994295263,0.0,-0.021543977062,0.740002076895,0.0,0.226055740257,0.878411015081,0.0,-0.00938135304,0.877910236104,0.0,0.520490914583,0.454003944993,-0.000301212538,-0.36111837843
1201,1,0.20311099271,-0.003457992035,0.0,-0.20311099271,0.003457992035,0.0,0.207939661565,0.412640388647,0.0,-0.146311724291,0.408775115594,0.0,0.179410761375,0.71583992908,0.0,-0.061709088525,0.734602132202,0.0,0.144232117596,0.749766912226,0.0,-0.023596293355,0.759199262751,0.0,0.22956519933,0.901745924771,0.0,-0.010917553953,0.900598456247,0.0,0.520034462214,0.45414853096,-0.000300427899,-0.351819897827
1202,1,0.205751863517,-0.003213437643,0.0,-0.205751863517,0.003213437643,0.0,0.209269226645,0.42054636151,0.0,-0.149933713292,0.416638218571,0.0,0.180912905634,0.729318619452,0.0,-0.064549747075,0.74752604481,0.0,0.143247007794,0.764074660302,0.0,-0.02600901281,0.773180441968,0.0,0.231863506675,0.918831224051,0.0,-0.01308957192,0.917240690738,0.0,0.519421651959,0.453940734267,-0.000298503321,-0.345703446477
1203,1,0.236657032134,-0.003698119534,0.0,-0.236657032134,0.003698119534,0.0,0.23923706949,0.483498258146,0.0,-0.169370172608,0.479318924278,0.0,0.207295979356,0.83814139337,0.0,-0.074660777533,0.85898995612,0.0,0.163664197031,0.877794087965,0.0,-0.031214789573,0.88837337945,0.0,0.265735681436,1.055650272181,0.0,-0.01516461128,1.053225343919,0.0,0.519263401628,0.453702881932,-0.000303207431,-0.301079955762
1204,1,0.235502234551,-0.003646287846,0.0,-0.235502234551,0.003646287846,0.0,0.234984946383,0.479470045519,0.0,-0.169592008266,0.475361181733,0.0,0.203296703466,0.831511190278,0.0,-0.076860130406,0.851798386271,0.0,0.159520738363,0.870323799454,0.0,-0.033824031647,0.880890374495,0.0,0.259746866585,1.046824563639,0.0,-0.023648636768,1.044353828121,0.0,0.518553555012,0.453658059239,-0.000302848406,-0.303676076584
1205,1,0.224984435233,-0.003309337202,0.0,-0.224984435233,0.003309337202,0.0,0.22211820274,0.459041616377,0.0,-0.161153727357,0.454681364768,0.0,0.19241945069,0.79695961577,0.0,-0.075275524431,0.814350174564,0.0,0.150531498055,0.832491634323,0.0,-0.033959468023,0.841920279909,0.0,0.246156222976,1.001372524566,0.0,-0.024616714705,0.998101116864,0.0,0.517950192094,0.453574433923,-0.000299011823,-0.317827528159
1206,1,0.218227049138,-0.003207235913,0.0,-0.218227049138,0.003207235913,0.0,0.212420927756,0.445575715932,0.0,-0.158871623646,0.441382491966,0.0,0.183532696863,0.773462322145,0.0,-0.07621856865,0.790577830209,0.0,0.142814974684,0.80794552123,0.0,-0.036186798669,0.817475344126,0.0,0.233343925394,0.971721248216,0.0,-0.029463921278,0.968945962042,0.0,0.516901254654,0.453495174646,-0.000299583655,-0.327587711623
1207,1,0.242462525641,-0.003662961118,0.0,-0.242462525641,0.003662961118,0.0,0.232672613183,0.49461023557,0.0,-0.176665967991,0.490106217375,0.0,0.200563077847,0.859317347331,0.0,-0.087770436183,0.877726882931,0.0,0.15556309051,0.898241687003,0.0,-0.043341050729,0.907701155325,0.0,0.255868337184,1.078708015026,0.0,-0.035826476402,1.074843878872,0.0,0.515967145562,0.453463554382,-0.000300960615,-0.295097381128
1208,1,0.209536782597,-0.003134319028,0.0,-0.209536782597,0.003134319028,0.0,0.199364730418,0.427702231478,0.0,-0.151905865173,0.423578851354,0.0,0.17128461656,0.746325122272,0.0,-0.077775838596,0.760589467677,0.0,0.132043782379,0.78061554259,0.0,-0.039577550694,0.787843770314,0.0,0.21932435272,0.932877597248,0.0,-0.032723937555,0.929096871584,0.0,0.515321820974,0.453443720937,-0.000297849067,-0.341289335641
1209,1,0.219902480179,-0.00323243485,0.0,-0.219902480179,0.00323243485,0.0,0.207716284488,0.448242018232,0.0,-0.157749031352,0.443758254841,0.0,0.177389963886,0.782207387031,0.0,-0.082912989774,0.796771294458,0.0,0.136056927988,0.818502088803,0.0,-0.043501788894,0.825430975877,0.0,0.228069021321,0.977245240563,0.0,-0.035389305364,0.973227598312,0.0,0.514872983098,0.453422144055,-0.000297038816,-0.325822242658
1210,1,0.230188788104,-0.003209549887,0.0,-0.230188788104,0.003209549887,0.0,0.215089762735,0.468590513274,0.0,-0.16361765219,0.463528233521,0.0,0.183365468439,0.817024949304,0.0,-0.088684343326,0.833468099862,0.0,0.13925407072,0.854647855187,0.0,-0.047701410822,0.863346775308,0.0,0.235673910818,1.020464720301,0.0,-0.039361764043,1.016078989287,0.0,0.514329627156,0.453397586942,-0.000298437197,-0.312230071705
1211,1,0.229491028637,-0.002938855126,0.0,-0.229491028637,0.002938855126,0.0,0.213673524659,0.468635298561,0.0,-0.162585944831,0.463408505766,0.0,0.18151023034,0.81742826371,0.0,-0.090342117294,0.833340172652,0.0,0.136916567708,0.854250204588,0.0,-0.049559745153,0.862968646018,0.0,0.233586678322,1.020970514675,0.0,-0.041367682915,1.015426177912,0.0,0.513928771019,0.453296631575,-0.000297208782,-0.312529108925
1212,1,0.243011129014,-0.003110116947,0.0,-0.243011129014,0.003110116947,0.0,0.224156051341,0.49624372626,0.0,-0.175206152288,0.49084526918,0.0,0.189082859527,0.86497225338,0.0,-0.099380916883,0.882873847574,0.0,0.140251324637,0.902681195771,0.0,-0.056603643251,0.913708369166,0.0,0.244669945655,1.082014325368,0.0,-0.047925356645,1.076319098703,0.0,0.512988418341,0.453318506479,-0.000294234138,-0.294840249808
1213,1,0.23516799272,-0.002889262725,0.0,-0.23516799272,0.002889262725,0.0,0.217714296757,0.481943595857,0.0,-0.170918391823,0.476286432905,0.0,0.182954112136,0.839372561468,0.0,-0.096566714225,0.85566461688,0.0,0.135724545096,0.875481589522,0.0,-0.055093955136,0.886178195056,0.0,0.235694519246,1.05071920875,0.0,-0.047596799147,1.045650678476,0.0,0.512633651495,0.453326329589,-0.00028604595,-0.303272171859
1214,1,0.26885432222,-0.003222024191,0.0,-0.26885432222,0.003222024191,0.0,0.248774607134,0.552447882848,0.0,-0.197253284413,0.546629398111,0.0,0.208199635226,0.962804127455,0.0,-0.112394754398,0.981302037672,0.0,0.153656855858,1.00417123987,0.0,-0.0651191157,1.016166799803,0.0,0.267359857651,1.204983922893,0.0,-0.057048016572,1.199298249437,0.0,0.512157633901,0.452983856201,-0.000292770099,-0.264787299051
1215,1,0.259268541165,-0.002916169778,0.0,-0.259268541165,0.002916169778,0.0,0.237577647231,0.531268013763,0.0,-0.191466673516,0.525247282753,0.0,0.198250714727,0.923683297549,0.0,-0.110534787711,0.9430282848,0.0,0.145458232391,0.962588081617,0.0,-0.065557086034,0.975755994606,0.0,0.251265802137,1.159193402711,0.0,-0.057155260282,1.153991416627,0.0,0.511489659548,0.452903449535,-0.000292896293,-0.27525686507
1216,1,0.257179365187,-0.002741050957,0.0,-0.257179365187,0.002741050957,0.0,0.235587258419,0.525075085496,0.0,-0.189716182299,0.519685034001,0.0,0.195842959377,0.916634582613,0.0,-0.110024364387,0.93576796576,0.0,0.143393446888,0.955261602239,0.0,-0.066084413688,0.968257789531,0.0,0.248384951926,1.150058548773,0.0,-0.056986781835,1.14506720341,0.0,0.511445358396,0.452827766538,-0.00028773956,-0.277463052692
1217,1,0.277000174053,-0.00294018486,0.0,-0.277000174053,0.00294018486,0.0,0.253257240707,0.566684877317,0.0,-0.20552093336,0.561532756551,0.0,0.209072436897,0.988914600484,0.0,-0.121061214491,1.009873004793,0.0,0.152966078284,1.030615288094,0.0,-0.073683176412,1.044988494568,0.0,0.268543512061,1.241225210306,0.0,-0.068324210218,1.235663572694,0.0,0.510843858123,0.452878698707,-0.00030205166,-0.257039005449
1218,1,0.279192305229,-0.002936302853,0.0,-0.279192305229,0.002936302853,0.0,0.254490982907,0.570320236166,0.0,-0.207485620392,0.565337709302,0.0,0.208016001843,0.991786343967,0.0,-0.12269743841,1.016341265598,0.0,0.152501186726,1.034388945033,0.0,-0.075803919485,1.051866432304,0.0,0.269273133056,1.24965633421,0.0,-0.067273218936,1.244246746956,0.0,0.510674268007,0.452894836664,-0.000305325724,-0.255272786159
1219,1,0.273725232926,-0.002869101254,0.0,-0.273725232926,0.002869101254,0.0,0.248956168194,0.559981662272,0.0,-0.20373330247,0.554268628321,0.0,0.202365048114,0.972887421486,0.0,-0.122218061956,0.996354814139,0.0,0.147848234592,1.014007583387,0.0,-0.076182022991,1.030946023187,0.0,0.26247111204,1.225615898974,0.0,-0.067309877351,1.219631273398,0.0,0.510315656662,0.4528632164,-0.000304402318,-0.260504031355
1220,1,0.265284564616,-0.002781344074,0.0,-0.265284564616,0.002781344074,0.0,0.240786716174,0.541618595363,0.0,-0.197358244344,0.536089325393,0.0,0.193264185539,0.94004295265,0.0,-0.119476184013,0.963315504775,0.0,0.139956547754,0.980007774157,0.0,-0.075918576374,0.996573231512,0.0,0.252357815723,1.184692124162,0.0,-0.065129373671,1.179690241733,0.0,0.510010242462,0.452859401703,-0.000302115455,-0.269323518841
1221,1,0.265313856632,-0.002731039553,0.0,-0.265313856632,0.002731039553,0.0,0.239359500983,0.539027676095,0.0,-0.198378153925,0.534710149481,0.0,0.191781914284,0.937129189655,0.0,-0.120743599485,0.961204259319,0.0,0.138976399178,0.977517863487,0.0,-0.077927408642,0.994767849343,0.0,0.24789682559,1.182376066125,0.0,-0.066372436509,1.178496549458,0.0,0.509659618139,0.452843859792,-0.000303344801,-0.269575616484
1222,1,0.278895153595,-0.002706848361,0.0,-0.278895153595,0.002706848361,0.0,0.249118778428,0.565314958495,0.0,-0.208096342566,0.56078727851,0.0,0.199974638381,0.982353207743,0.0,-0.12843713234,1.007643862378,0.0,0.144934615631,1.02472669163,0.0,-0.083534490262,1.043071781775,0.0,0.257127006634,1.239515740821,0.0,-0.068693825817,1.235419941836,0.0,0.509172514081,0.452884465456,-0.00030560419,-0.257115856444
1223,1,0.276575613896,-0.003255595915,0.0,-0.276575613896,0.003255595915,0.0,0.247576881099,0.560231693154,0.0,-0.206424368283,0.557030327459,0.0,0.198941518144,0.97426923894,0.0,-0.127385807613,0.999205478466,0.0,0.144798021138,1.016542356267,0.0,-0.082096961015,1.034718393518,0.0,0.255956398873,1.229130566936,0.0,-0.06815605661,1.225126156932,0.0,0.509176105261,0.453099474311,-0.000307268929,-0.259113740905
1224,1,0.274935824539,-0.003008695274,0.0,-0.274935824539,0.003008695274,0.0,0.246688061328,0.557274141412,0.0,-0.205600914425,0.553782353421,0.0,0.200054455059,0.968316899666,0.0,-0.12719110106,0.992309267512,0.0,0.145390010474,1.009938126379,0.0,-0.082289114684,1.02754528861,0.0,0.253157198664,1.221268151582,0.0,-0.069363401222,1.217789381573,0.0,0.508964434266,0.453027740121,-0.000308393035,-0.260982458385
1225,1,0.294203729408,-0.003149577812,0.0,-0.294203729408,0.003149577812,0.0,0.261212248541,0.596181606334,0.0,-0.223258714837,0.592402332898,0.0,0.211281973716,1.036190938983,0.0,-0.139744714129,1.061539563291,0.0,0.153090326906,1.080450104271,0.0,-0.09174244304,1.099207421557,0.0,0.2697285046,1.307099229379,0.0,-0.079377022035,1.303097085114,0.0,0.508150979877,0.453076258302,-0.000312484801,-0.243905567347
1226,1,0.264463432081,-0.002828942867,0.0,-0.264463432081,0.002828942867,0.0,0.234859519529,0.536526468447,0.0,-0.201252801481,0.533332593051,0.0,0.18891931534,0.933311418161,0.0,-0.126373800151,0.956585392106,0.0,0.136820957319,0.972938862221,0.0,-0.083435534906,0.990151035974,0.0,0.242812604024,1.177513386612,0.0,-0.069972673988,1.173841156689,0.0,0.507978528738,0.453206330538,-0.000310136005,-0.270638785656
1227,1,0.281706033387,-0.002625192886,0.0,-0.281706033387,0.002625192886,0.0,0.249745929671,0.572561692142,0.0,-0.213605686324,0.568813778573,0.0,0.203012747202,0.993977647346,0.0,-0.134544667927,1.018237185262,0.0,0.147218647725,1.035809531668,0.0,-0.088956661728,1.053724516315,0.0,0.258284915533,1.252759341424,0.0,-0.072815609766,1.24877385596,0.0,0.507909670472,0.453523740172,-0.000311831012,-0.254152559964
1228,1,0.280608871936,-0.002702096181,0.0,-0.280608871936,0.002702096181,0.0,0.248811040112,0.569612192206,0.0,-0.212338927359,0.565884438577,0.0,0.202053175095,0.989413972445,0.0,-0.133752418778,1.013123605953,0.0,0.146563449855,1.031726893913,0.0,-0.088457994674,1.048492214931,0.0,0.255587171857,1.247674237766,0.0,-0.071563591142,1.242796879465,0.0,0.507951661944,0.453589856625,-0.000311865471,-0.255351150262
1229,1,0.288835646225,-0.002278511747,0.0,-0.288835646225,0.002278511747,0.0,0.256332511362,0.586254143794,0.0,-0.219289193448,0.582252373717,0.0,0.207961350125,1.018365921409,0.0,-0.138990599872,1.043423536179,0.0,0.15068785031,1.061554677325,0.0,-0.091902800573,1.07986240253,0.0,0.265022540088,1.285011699632,0.0,-0.074818894316,1.281171357217,0.0,0.507849112153,0.453832656145,-0.000321677886,-0.247756278403
1230,1,0.259251162588,-0.00199130621,0.0,-0.259251162588,0.00199130621,0.0,0.230779116513,0.526596935529,0.0,-0.196928908134,0.522396143616,0.0,0.185366042708,0.918425283069,0.0,-0.124816105298,0.93934374132,0.0,0.133044095545,0.958768949321,0.0,-0.082278984839,0.97278835823,0.0,0.237694035418,1.154056113443,0.0,-0.068404021334,1.150381500081,0.0,0.507801070809,0.453867509961,-0.000313290861,-0.276059369909
1231,1,0.256974566105,-0.001871716054,0.0,-0.256974566105,0.001871716054,0.0,0.228514920556,0.522491239789,0.0,-0.195034085595,0.517005450248,0.0,0.183582826133,0.90941116757,0.0,-0.124305774948,0.929583625983,0.0,0.131935099426,0.948869023285,0.0,-0.082296682711,0.962596545299,0.0,0.235369162822,1.142644709915,0.0,-0.067263061074,1.138668229077,0.0,0.507753491402,0.454149529338,-0.000303000212,-0.27865099609
1232,1,0.269187270125,-0.002238299437,0.0,-0.269187270125,0.002238299437,0.0,0.239548120834,0.549282580754,0.0,-0.203096151833,0.544629409655,0.0,0.189028185545,0.952788656203,0.0,-0.130169133958,0.973934972767,0.0,0.135444005106,0.9941110384,0.0,-0.086274354371,1.008609903658,0.0,0.245599192727,1.196658427061,0.0,-0.069610238591,1.192470886778,0.0,0.507745444775,0.454403162003,-0.00030991761,-0.266001405726
1233,1,0.273484517939,-0.00234792678,0.0,-0.273484517939,0.00234792678,0.0,0.243751355767,0.557525291469,0.0,-0.20574990513,0.553261215689,0.0,0.192566972942,0.96726021717,0.0,-0.131451814983,0.988763774524,0.0,0.138235675339,1.009324133516,0.0,-0.087134007255,1.0239943382,0.0,0.249110292566,1.215361662947,0.0,-0.068714446862,1.210976985205,0.0,0.507859706879,0.454473212361,-0.00031028688,-0.261939865972
1234,1,0.271617047224,-0.002241093941,0.0,-0.271617047224,0.002241093941,0.0,0.24299550562,0.553654322098,0.0,-0.204115849397,0.549583860615,0.0,0.194363970585,0.960646432762,0.0,-0.129671601453,0.982104138513,0.0,0.138815839025,1.002367362898,0.0,-0.08221612071,1.01714632834,0.0,0.247659251053,1.208783600715,0.0,-0.069837196852,1.206329973652,0.0,0.508004918694,0.454551368952,-0.000314584468,-0.263621809042
1235,1,0.26176514708,-0.002147283745,0.0,-0.26176514708,0.002147283745,0.0,0.234650849164,0.532849984238,0.0,-0.195573548352,0.529527242127,0.0,0.188007690889,0.922859368648,0.0,-0.124598097318,0.944512125416,0.0,0.135055934803,0.962766865485,0.0,-0.079631974175,0.978098079823,0.0,0.238157752946,1.16311039691,0.0,-0.066757844195,1.160800380821,0.0,0.508226051927,0.454558044672,-0.000314466655,-0.273973034668
1236,1,0.285762174468,-0.002288006498,0.0,-0.285762174468,0.002288006498,0.0,0.258313951902,0.581808684331,0.0,-0.213151070968,0.578824581597,0.0,0.20927930717,1.008756993057,0.0,-0.133797171198,1.032047324553,0.0,0.15216930338,1.053123621307,0.0,-0.083040763936,1.069868731936,0.0,0.262058600922,1.272284495698,0.0,-0.074036324391,1.270014758974,0.0,0.50859926641,0.454572364688,-0.000320830848,-0.250394806553
1237,1,0.283605611719,-0.002032709272,0.0,-0.283605611719,0.002032709272,0.0,0.257070943057,0.579024292454,0.0,-0.210701107243,0.576162566852,0.0,0.208917079231,1.002608141302,0.0,-0.131928008698,1.025786085733,0.0,0.152054761719,1.046917137549,0.0,-0.081484244334,1.063670973689,0.0,0.26047849093,1.263101997519,0.0,-0.072640930707,1.262276290636,0.0,0.508841454983,0.454674243927,-0.000319726765,-0.252146407449
1238,1,0.261656833202,-0.001837114212,0.0,-0.261656833202,0.001837114212,0.0,0.239073073664,0.53591286678,0.0,-0.194040124462,0.533360090482,0.0,0.194807249398,0.927871443597,0.0,-0.12096463089,0.949789799448,0.0,0.142058267213,0.969114646704,0.0,-0.074019344121,0.984879578757,0.0,0.241743886029,1.170117585132,0.0,-0.066128665937,1.169300968266,0.0,0.509186267853,0.454790830612,-0.000314748846,-0.27217870386
1239,1,0.273208138612,-0.001943817942,0.0,-0.273208138612,0.001943817942,0.0,0.251995604058,0.560984302492,0.0,-0.200616287012,0.557802999958,0.0,0.20579396784,0.969984370038,0.0,-0.124128906895,0.992128807071,0.0,0.150784154565,1.012700894592,0.0,-0.075456076231,1.028400826204,0.0,0.253486739533,1.222773469554,0.0,-0.066913045847,1.220904402841,0.0,0.509778380394,0.454793915153,-0.000321515836,-0.260541769103
1240,1,0.266971046195,-0.002276799016,0.0,-0.266971046195,0.002276799016,0.0,0.247927076439,0.546395392644,0.0,-0.193720467079,0.542535690008,0.0,0.203393562746,0.944064182315,0.0,-0.118834348997,0.96533465509,0.0,0.148408507242,0.985776775613,0.0,-0.07237220936,1.000761306909,0.0,0.250121274165,1.190330766735,0.0,-0.063233153593,1.189018057895,0.0,0.51060757041,0.455029025674,-0.000318400096,-0.267531196966
1241,1,0.25573839399,-0.002548437185,0.0,-0.25573839399,0.002548437185,0.0,0.239544517877,0.522274587831,0.0,-0.183080496712,0.518431846741,0.0,0.195913466118,0.901817726781,0.0,-0.111683125917,0.921490251085,0.0,0.141070654627,0.941066451134,0.0,-0.068150955695,0.955303687533,0.0,0.24096455477,1.13715152147,0.0,-0.057353901717,1.135940222649,0.0,0.511504694819,0.455561876297,-0.000316740945,-0.279693825157
1242,1,0.257905755837,-0.002988122485,0.0,-0.257905755837,0.002988122485,0.0,0.243317906749,0.525132250337,0.0,-0.184176225742,0.520059910938,0.0,0.200140772664,0.907786398508,0.0,-0.110413955589,0.926180279157,0.0,0.144774429413,0.94770234296,0.0,-0.065958559236,0.959966940413,0.0,0.245832321543,1.149015134255,0.0,-0.055998474044,1.142183232217,0.0,0.512120470405,0.457212790847,-0.000318447594,-0.276722369931
1243,1,0.255979032423,-0.002690597441,0.0,-0.255979032423,0.002690597441,0.0,0.243229356961,0.515941610596,0.0,-0.185150422308,0.512386056163,0.0,0.20044058842,0.893363713647,0.0,-0.106185062626,0.912507083671,0.0,0.146385584121,0.933202162607,0.0,-0.062380161927,0.945413056187,0.0,0.245877967236,1.135308722723,0.0,-0.053514993786,1.128323682194,0.0,0.512678429484,0.458540171385,-0.000315532088,-0.278949825627
1244,1,0.242405410753,-0.002720187411,0.0,-0.242405410753,0.002720187411,0.0,0.236363982439,0.487646884413,0.0,-0.173014625637,0.484338152796,0.0,0.196127431739,0.845094632717,0.0,-0.092450768603,0.863617695483,0.0,0.145060573702,0.883311870568,0.0,-0.050406803252,0.89493142779,0.0,0.239910643725,1.075438305758,0.0,-0.044242915606,1.06859759987,0.0,0.514546945691,0.458870574832,-0.000315881334,-0.294228355661
1245,1,0.245486385378,-0.003353913449,0.0,-0.245486385378,0.003353913449,0.0,0.240854386335,0.494168035886,0.0,-0.176199723603,0.489736725433,0.0,0.201128581098,0.852015431618,0.0,-0.090309916773,0.870583524593,0.0,0.152267864931,0.890263894699,0.0,-0.047259043236,0.901544393738,0.0,0.24531259847,1.08589087734,0.0,-0.044327680534,1.079836055519,0.0,0.515423163772,0.459225982428,-0.000318386592,-0.291357652376
1246,1,0.245247214088,-0.003338804514,0.0,-0.245247214088,0.003338804514,0.0,0.247663033247,0.492221803573,0.0,-0.175847762853,0.487830109042,0.0,0.208480934551,0.849496301472,0.0,-0.0824221643,0.867029864755,0.0,0.160283859896,0.887107929226,0.0,-0.039152806468,0.898167044183,0.0,0.251323084347,1.083911147917,0.0,-0.037094709087,1.076920748842,0.0,0.517794176936,0.459216147661,-0.000319988467,-0.292506524597
1247,1,0.247258925527,-0.003448945401,0.0,-0.247258925527,0.003448945401,0.0,0.249839281351,0.496636735109,0.0,-0.176390974523,0.490520661852,0.0,0.210797695972,0.851641827595,0.0,-0.08228898099,0.867536500404,0.0,0.162688458794,0.888857160821,0.0,-0.038539309791,0.898695687787,0.0,0.254441011351,1.086522111692,0.0,-0.036519162797,1.07922098916,0.0,0.51831792295,0.459709092975,-0.000312088057,-0.291421900597
1248,1,0.25698794041,-0.003710601613,0.0,-0.25698794041,0.003710601613,0.0,0.265646455162,0.517949236514,0.0,-0.184378025567,0.511900134245,0.0,0.224942392993,0.885276882245,0.0,-0.082437546626,0.905458613708,0.0,0.175096216334,0.918826014297,0.0,-0.036018369925,0.937049886618,0.0,0.269786111582,1.133350218648,0.0,-0.032989659939,1.126789897604,0.0,0.519758835435,0.459551587701,-0.000315200537,-0.279473955748
1249,1,0.248565638707,-0.003828296377,0.0,-0.248565638707,0.003828296377,0.0,0.259561514128,0.500295846297,0.0,-0.175353476274,0.493479030082,0.0,0.220745370313,0.852153999366,0.0,-0.076502040437,0.868866949391,0.0,0.176169834388,0.880992763866,0.0,-0.032006825604,0.896592311532,0.0,0.264257113967,1.091621168721,0.0,-0.028253098425,1.084977320179,0.0,0.520797431469,0.459650278091,-0.000317838043,-0.290153125711
1250,1,0.227910539741,-0.003483965629,0.0,-0.227910539741,0.003483965629,0.0,0.241415367195,0.45697814978,0.0,-0.162882954558,0.450169934082,0.0,0.204242625775,0.777752455288,0.0,-0.068083001048,0.792145800188,0.0,0.163129983791,0.803220100077,0.0,-0.027065456878,0.817437504642,0.0,0.246553650272,0.996812614733,0.0,-0.024224339343,0.991096429555,0.0,0.521472841501,0.459577992558,-0.000314706005,-0.317773391333
1251,1,0.231782777495,-0.004116711837,0.0,-0.231782777495,0.004116711837,0.0,0.249249694138,0.467311545729,0.0,-0.164248383341,0.459501789681,0.0,0.211356006811,0.795547395734,0.0,-0.067211038734,0.810541089404,0.0,0.169311025454,0.822298843892,0.0,-0.024770055503,0.837729084074,0.0,0.253244819759,1.017236704619,0.0,-0.023150941123,1.011650702767,0.0,0.522167012095,0.45863480866,-0.000314338133,-0.312396098537
1252,1,0.238507091602,-0.005000646005,0.0,-0.238507091602,0.005000646005,0.0,0.261870245632,0.480228449364,0.0,-0.16793050642,0.473143415333,0.0,0.220525955496,0.819198369952,0.0,-0.067043298074,0.835859531109,0.0,0.176842571165,0.846459392433,0.0,-0.02210543186,0.863404324147,0.0,0.260661029571,1.047052380977,0.0,-0.021731915181,1.042271681702,0.0,0.522805631161,0.458309084177,-0.000317921862,-0.303515320443
1253,1,0.238778253974,-0.005784938452,0.0,-0.238778253974,0.005784938452,0.0,0.264655601665,0.478798992122,0.0,-0.166975917813,0.473759426492,0.0,0.222649153008,0.818650359731,0.0,-0.065382205318,0.837720057245,0.0,0.179439496779,0.846060230426,0.0,-0.019721120311,0.865258398224,0.0,0.262261739343,1.046115726405,0.0,-0.019737399752,1.04209764664,0.0,0.523397549987,0.457611128688,-0.000313217752,-0.303891615937
1254,1,0.232148450508,-0.005936524517,0.0,-0.232148450508,0.005936524517,0.0,0.264068458627,0.466607022964,0.0,-0.160049362397,0.460803020183,0.0,0.220697196221,0.798360205225,0.0,-0.061337730604,0.816869281352,0.0,0.177756235188,0.825012701367,0.0,-0.016614870752,0.844139224598,0.0,0.26135780849,1.020169762035,0.0,-0.016192024624,1.015930978105,0.0,0.524320960045,0.457485511899,-0.000313502736,-0.311804851358
1255,1,0.234397072712,-0.006108878523,0.0,-0.234397072712,0.006108878523,0.0,0.272936417448,0.466248181865,0.0,-0.158598222332,0.463627293149,0.0,0.231705830381,0.803507052289,0.0,-0.058555958839,0.823298072857,0.0,0.191500134762,0.829365422536,0.0,-0.012797620976,0.850074023635,0.0,0.268871595366,1.026900473095,0.0,-0.012316983555,1.023946776168,0.0,0.525558948517,0.45760063827,-0.000308752991,-0.309657116748
1256,1,0.245784564669,-0.00611126356,0.0,-0.245784564669,0.00611126356,0.0,0.289822321989,0.483944338468,0.0,-0.169463417517,0.483456756485,0.0,0.245457318255,0.839994101869,0.0,-0.060628442409,0.859615533848,0.0,0.204651865314,0.865768778014,0.0,-0.012235424775,0.885192344773,0.0,0.285137083994,1.078712217734,0.0,-0.012053137901,1.074998502014,0.0,0.52574492991,0.457978546619,-0.000309975818,-0.294611365528
1257,1,0.216108082145,-0.005127819067,0.0,-0.216108082145,0.005127819067,0.0,0.261886765555,0.425446221524,0.0,-0.149780281412,0.42571778674,0.0,0.216849499705,0.740554293652,0.0,-0.053070298505,0.758068736461,0.0,0.180667574888,0.762065464143,0.0,-0.010155159004,0.777428220062,0.0,0.252054234931,0.952761586319,0.0,-0.01030866013,0.949315290167,0.0,0.525848552585,0.457308337092,-0.000302628614,-0.334715485725
1258,1,0.220530632175,-0.005552368577,0.0,-0.220530632175,0.005552368577,0.0,0.269995361003,0.432614183087,0.0,-0.152063791069,0.435601135061,0.0,0.222923759612,0.756487431694,0.0,-0.053161805074,0.775456159534,0.0,0.185533826893,0.77826336315,0.0,-0.009268092805,0.795204282078,0.0,0.258460082867,0.973927456401,0.0,-0.008715566728,0.970551170938,0.0,0.526158347726,0.457025974989,-0.00029671099,-0.327621289665
1259,1,0.208871144954,-0.005762122543,0.0,-0.208871144954,0.005762122543,0.0,0.257249621304,0.409974692909,0.0,-0.14387653415,0.412423131859,0.0,0.212579644726,0.719765698147,0.0,-0.049924015652,0.738451044201,0.0,0.176853163579,0.739644776941,0.0,-0.008262898495,0.757277682887,0.0,0.245636593317,0.92659444774,0.0,-0.007676136794,0.923559074359,0.0,0.526383027434,0.456273511052,-0.000295537524,-0.345075314067
1260,1,0.212319567418,-0.005875044511,0.0,-0.212319567418,0.005875044511,0.0,0.267297350372,0.418109595005,0.0,-0.143969505321,0.420880300664,0.0,0.220498160654,0.733798467334,0.0,-0.048780114791,0.754341746327,0.0,0.182914310828,0.753203623798,0.0,-0.006102369557,0.773745141265,0.0,0.252899774497,0.944576082181,0.0,-0.005634155708,0.941748655357,0.0,0.52710583806,0.456304579973,-0.000293678604,-0.338369200227
1261,1,0.216807169403,-0.006261360524,0.0,-0.216807169403,0.006261360524,0.0,0.273784598839,0.423284251691,0.0,-0.145589959756,0.427428635864,0.0,0.226815779101,0.742158974916,0.0,-0.048177994842,0.767504713893,0.0,0.190303052701,0.757612686876,0.0,-0.004208464262,0.786229920762,0.0,0.257461318291,0.962670942679,0.0,-0.003667104191,0.960020145092,0.0,0.527614951134,0.456126064062,-0.000300518237,-0.332066619682
1262,1,0.217675966379,-0.006292272516,0.0,-0.217675966379,0.006292272516,0.0,0.277546536146,0.42216559431,0.0,-0.145506607551,0.428647182415,0.0,0.229402972719,0.744100114868,0.0,-0.047949915467,0.771870974258,0.0,0.19238611147,0.76154224067,0.0,-0.002994345321,0.790803977244,0.0,0.262722155286,0.967507492229,0.0,-0.002550457805,0.96417391323,0.0,0.528007879853,0.456129774451,-0.000299256295,-0.330191357522
1263,1,0.21818266194,-0.006000450043,0.0,-0.21818266194,0.006000450043,0.0,0.281810588505,0.4218062331,0.0,-0.143637313851,0.428205773896,0.0,0.232267792938,0.744035123729,0.0,-0.046301978158,0.771698371584,0.0,0.194451528207,0.76166736684,0.0,-0.001075305285,0.790609800354,0.0,0.264906083184,0.967665387998,0.0,-0.000418372463,0.964015139058,0.0,0.528653547168,0.456372410059,-0.000296697021,-0.329991265273
1264,1,0.244857638858,-0.006728140025,0.0,-0.244857638858,0.006728140025,0.0,0.316272203449,0.471567949724,0.0,-0.160567794407,0.47855876901,0.0,0.26046016983,0.828365801665,0.0,-0.05144982794,0.863158436089,0.0,0.219277443811,0.846795536419,0.0,-0.000765325865,0.882595790885,0.0,0.297197531168,1.082091812053,0.0,-0.00017046584,1.079146850266,0.0,0.528782337904,0.456709101796,-0.000296595506,-0.294586370684
1265,1,0.204604888373,-0.005688363312,0.0,-0.204604888373,0.005688363312,0.0,0.264967741971,0.390794284377,0.0,-0.133596086349,0.399151103034,0.0,0.219084635048,0.689268527739,0.0,-0.041916194198,0.719454431103,0.0,0.184732316171,0.706413435682,0.0,0.002202470217,0.735122410292,0.0,0.251357124708,0.902943782414,0.0,0.000680269026,0.899775556541,0.0,0.529080152512,0.456777304411,-0.000286404043,-0.352842618473
1266,1,0.209910662905,-0.006156650191,0.0,-0.209910662905,0.006156650191,0.0,0.27159658381,0.398145826973,0.0,-0.136662112363,0.406521759426,0.0,0.224886375629,0.703579839291,0.0,-0.042472952434,0.734522416458,0.0,0.189051597408,0.72136315226,0.0,0.003116740656,0.750559323903,0.0,0.257679212203,0.922914399025,0.0,0.000392846123,0.920527748577,0.0,0.529210239649,0.457514896989,-0.000295803882,-0.344643723843
1267,1,0.21021758365,-0.006089593611,0.0,-0.21021758365,0.006089593611,0.0,0.270941308767,0.397623358376,0.0,-0.136725309718,0.402884062135,0.0,0.226300219987,0.704372431704,0.0,-0.041820863245,0.732687935913,0.0,0.192953193766,0.722317180544,0.0,0.003912107285,0.749502274149,0.0,0.256459914288,0.92516960577,0.0,0.000483818509,0.921311871789,0.0,0.529334902763,0.457578584552,-0.00029659085,-0.344210431052
1268,1,0.212554927221,-0.006193369513,0.0,-0.212554927221,0.006193369513,0.0,0.274420436695,0.402272261746,0.0,-0.138510390801,0.407861732486,0.0,0.230058394808,0.712296301904,0.0,-0.042030495693,0.739940413495,0.0,0.197840060048,0.730286797353,0.0,0.004340831916,0.756386828168,0.0,0.25873116323,0.936571186079,0.0,0.000594827802,0.932202045723,0.0,0.529436081648,0.457560703158,-0.000293293968,-0.34004523881
1269,1,0.212372296543,-0.006676989339,0.0,-0.212372296543,0.006676989339,0.0,0.273973940858,0.402697859187,0.0,-0.138323282605,0.406937450814,0.0,0.229761919183,0.710627686464,0.0,-0.042031461531,0.73771484124,0.0,0.197641080539,0.728196758552,0.0,0.004412960267,0.754067051839,0.0,0.25824136019,0.934320040876,0.0,0.000843394904,0.931171319903,0.0,0.529423758388,0.45790117979,-0.000296805054,-0.340622744033
1270,1,0.188783497405,-0.005939033498,0.0,-0.188783497405,0.005939033498,0.0,0.244006354314,0.357776841035,0.0,-0.122436294477,0.361768217526,0.0,0.205476355779,0.631851100807,0.0,-0.037240466728,0.656656843762,0.0,0.177962428794,0.647533941959,0.0,0.003974925306,0.67050477492,0.0,0.231250735197,0.831566624818,0.0,0.00211030206,0.82786600261,0.0,0.529569879174,0.457883760333,-0.000286242925,-0.383145106567
1271,1,0.193114700658,-0.006044347017,0.0,-0.193114700658,0.006044347017,0.0,0.249013461128,0.365055501918,0.0,-0.125528055854,0.37000785917,0.0,0.209753988125,0.645629288029,0.0,-0.038375441534,0.671196987224,0.0,0.181457745697,0.66193709848,0.0,0.00376849373,0.685409551258,0.0,0.235429184783,0.849278302794,0.0,0.001783925175,0.845974505014,0.0,0.52943123877,0.457894384861,-0.00028178934,-0.374825029349
1272,1,0.184609160565,-0.00577443043,0.0,-0.184609160565,0.00577443043,0.0,0.238187722661,0.349032758619,0.0,-0.119979553643,0.354904419337,0.0,0.201007225306,0.615535696519,0.0,-0.036648751407,0.646248308974,0.0,0.17334541736,0.630429142501,0.0,0.003803911793,0.661344650517,0.0,0.230279659241,0.808507763714,0.0,0.002364341199,0.809905995288,0.0,0.529436990619,0.457371667027,-0.000265189447,-0.39218305633
1273,1,0.219171054885,-0.007116180586,0.0,-0.219171054885,0.007116180586,0.0,0.283498173288,0.415397552108,0.0,-0.142302340544,0.423028621695,0.0,0.239287810176,0.732898857766,0.0,-0.043047312813,0.769663404749,0.0,0.205851864102,0.750658621829,0.0,0.005971962733,0.788022916724,0.0,0.274280481439,0.962187542499,0.0,0.004978043152,0.963419193482,0.0,0.52954159677,0.456988081336,-0.000271471217,-0.329950995768
1274,1,0.213697007654,-0.006860698549,0.0,-0.213697007654,0.006860698549,0.0,0.279767290254,0.406543945022,0.0,-0.136395910581,0.414261932698,0.0,0.237387980196,0.718626520534,0.0,-0.040968489406,0.753091080792,0.0,0.205064919873,0.734959808921,0.0,0.007441707855,0.770148156928,0.0,0.268100011977,0.942307505171,0.0,0.009590982854,0.942584226757,0.0,0.530456632376,0.45692306757,-0.000270206481,-0.337309695104
1275,1,0.212444239377,-0.006781570175,0.0,-0.212444239377,0.006781570175,0.0,0.277660826519,0.403401006434,0.0,-0.134721182993,0.41090053961,0.0,0.237831786309,0.712764815464,0.0,-0.03891136786,0.746143103423,0.0,0.205663940398,0.728948636929,0.0,0.009076912661,0.76137028379,0.0,0.263368808412,0.934995207465,0.0,0.010081245543,0.935222269456,0.0,0.530670776963,0.456940159202,-0.000276487321,-0.339942474621
1276,1,0.219089628071,-0.007355722185,0.0,-0.219089628071,0.007355722185,0.0,0.28628554227,0.41660421478,0.0,-0.139426060431,0.424356970959,0.0,0.244651226827,0.735266616653,0.0,-0.040291428932,0.769591242182,0.0,0.209654412672,0.751973395137,0.0,0.009345906466,0.785254321337,0.0,0.275047885597,0.964264115337,0.0,0.009541058003,0.964422404916,0.0,0.530536338687,0.456716969609,-0.0002781488,-0.329861693686
1277,1,0.229784234197,-0.007800057916,0.0,-0.229784234197,0.007800057916,0.0,0.302002766197,0.437742340186,0.0,-0.145997617179,0.446478549477,0.0,0.258669860684,0.775862448797,0.0,-0.041528729688,0.812512074389,0.0,0.221105509968,0.794202179204,0.0,0.010945536038,0.833426185446,0.0,0.289835601311,1.014533778698,0.0,0.011496822542,1.01455715279,0.0,0.530737102032,0.456608012319,-0.00028552115,-0.313653741375
1278,1,0.236691187549,-0.007995304084,0.0,-0.236691187549,0.007995304084,0.0,0.311098579186,0.452114340271,0.0,-0.149319298268,0.461255356674,0.0,0.267872290703,0.801086510501,0.0,-0.041506079423,0.83858105417,0.0,0.229109652364,0.819729568793,0.0,0.012498866838,0.859267638159,0.0,0.298996977504,1.046233980551,0.0,0.013602707646,1.045926433068,0.0,0.531098395586,0.456286743283,-0.000285703689,-0.304275916482
1279,1,0.20350225787,-0.007247718783,0.0,-0.20350225787,0.007247718783,0.0,0.267538726308,0.389340659948,0.0,-0.128759362909,0.397290852398,0.0,0.229781882853,0.689301717631,0.0,-0.03610073588,0.721360765916,0.0,0.195690639491,0.705585055559,0.0,0.009715979929,0.738664076402,0.0,0.25687703099,0.900504271305,0.0,0.011454347431,0.900176916385,0.0,0.531008347869,0.456042319536,-0.000275529921,-0.353780615394
1280,1,0.211917481409,-0.007540061757,0.0,-0.211917481409,0.007540061757,0.0,0.279472198235,0.405918945641,0.0,-0.133625862073,0.414562881959,0.0,0.240159703025,0.719836122672,0.0,-0.037839286588,0.752109886164,0.0,0.204275326953,0.736729851625,0.0,0.009149525709,0.770082943519,0.0,0.26826299075,0.939150209129,0.0,0.013278022715,0.93846080897,0.0,0.531190961599,0.456035509706,-0.00027511362,-0.339350415753
1281,1,0.203009867616,-0.007446904531,0.0,-0.203009867616,0.007446904531,0.0,0.267680093395,0.38934121351,0.0,-0.127957654274,0.397337337964,0.0,0.22971619055,0.689580653785,0.0,-0.035921134129,0.717780273423,0.0,0.194885597448,0.705852554453,0.0,0.010257203047,0.735120027025,0.0,0.255673302218,0.899557278649,0.0,0.012465342756,0.898021714868,0.0,0.531157076359,0.455692917109,-0.000272597186,-0.354662988323
1282,1,0.204440332533,-0.007505696443,0.0,-0.204440332533,0.007505696443,0.0,0.26950143672,0.391619365811,0.0,-0.128665219245,0.400285558983,0.0,0.231270377107,0.698005565769,0.0,-0.037173766105,0.725825498057,0.0,0.195018077393,0.716005832239,0.0,0.007819452851,0.743999589385,0.0,0.257347321674,0.906388565976,0.0,0.012537773757,0.904565520653,0.0,0.531175211072,0.455632597208,-0.000272950158,-0.352158896225
1283,1,0.198717230465,-0.007289983533,0.0,-0.198717230465,0.007289983533,0.0,0.263450904287,0.3816551473,0.0,-0.123315452731,0.391317270619,0.0,0.226417924617,0.678915743624,0.0,-0.035707700275,0.707545763604,0.0,0.191041379519,0.694957750091,0.0,0.00825689572,0.724640846827,0.0,0.250357924414,0.88163688883,0.0,0.0128543703,0.880125200853,0.0,0.531653255224,0.455630585551,-0.000263216905,-0.361960038886
1284,1,0.207736359225,-0.007615546822,0.0,-0.207736359225,0.007615546822,0.0,0.274795038068,0.399699677442,0.0,-0.129368225833,0.408365333249,0.0,0.235495343326,0.708896466391,0.0,-0.037564199438,0.737576176423,0.0,0.199139994276,0.724610188922,0.0,0.008236542504,0.752839766276,0.0,0.259868359972,0.920638155347,0.0,0.01308827813,0.919200928821,0.0,0.531541004777,0.455608934164,-0.000264752656,-0.346664368349
1285,1,0.216080186629,-0.007574964116,0.0,-0.216080186629,0.007574964116,0.0,0.286346763249,0.41535014339,0.0,-0.134158498222,0.424735833454,0.0,0.245248820074,0.739523121031,0.0,-0.039161341949,0.767290447375,0.0,0.20656016998,0.756030087616,0.0,0.008258446758,0.784095221902,0.0,0.2705128605,0.958616399637,0.0,0.015461106231,0.955810029299,0.0,0.531611785293,0.455740571022,-0.000266077928,-0.333240721639
1286,1,0.211292868731,-0.007578014095,0.0,-0.211292868731,0.007578014095,0.0,0.278990324485,0.405756133087,0.0,-0.131308983881,0.414240301896,0.0,0.239138818356,0.721566094311,0.0,-0.038452121332,0.74884759134,0.0,0.201536389011,0.737915219657,0.0,0.007979366703,0.764532264364,0.0,0.263848444728,0.935872579208,0.0,0.014750701794,0.933168831185,0.0,0.531511306763,0.455825015903,-0.000267961994,-0.341237529733
1287,1,0.209978809314,-0.007139158458,0.0,-0.209978809314,0.007139158458,0.0,0.2779314122,0.401962908653,0.0,-0.130544116273,0.411785993869,0.0,0.237660630444,0.71483210979,0.0,-0.038283635338,0.742614177103,0.0,0.19987805258,0.73110719884,0.0,0.007706121726,0.757860788887,0.0,0.263398143922,0.928684098578,0.0,0.018011359859,0.925438758514,0.0,0.531434595585,0.456210494041,-0.000270260498,-0.343668796159
1288,1,0.209422725937,-0.007072884214,0.0,-0.209422725937,0.007072884214,0.0,0.276982244999,0.399530385817,0.0,-0.131624075336,0.409512453889,0.0,0.236861716617,0.709160947208,0.0,-0.03804119079,0.741353922501,0.0,0.199609520923,0.725349967305,0.0,0.008766020122,0.756953438109,0.0,0.262569969252,0.926637851868,0.0,0.013443414204,0.924565575506,0.0,0.531247749925,0.45619045198,-0.000275364146,-0.343975330775
1289,1,0.208700418219,-0.007083919876,0.0,-0.208700418219,0.007083919876,0.0,0.276055247776,0.39538157445,0.0,-0.13131193505,0.406625324317,0.0,0.23615332754,0.706650623215,0.0,-0.038978525703,0.740841217236,0.0,0.198893069443,0.72287480634,0.0,0.007222025402,0.758480215717,0.0,0.262706284434,0.923613844592,0.0,0.013412468572,0.921541441432,0.0,0.53124396503,0.456126928329,-0.000277735293,-0.345162252104
1290,1,0.212639175048,-0.007067431172,0.0,-0.212639175048,0.007067431172,0.0,0.281255659785,0.403085798257,0.0,-0.133377171467,0.414385244683,0.0,0.241466958982,0.72091447986,0.0,-0.039492520422,0.755219160148,0.0,0.20498562775,0.736811208687,0.0,0.00802351991,0.772819530837,0.0,0.267157473675,0.941144975742,0.0,0.013771750035,0.938821619861,0.0,0.531281575561,0.456022769213,-0.000280012377,-0.338845268843
1291,1,0.22546269725,-0.007444186288,0.0,-0.22546269725,0.007444186288,0.0,0.298766926198,0.427979955056,0.0,-0.141457025031,0.439384457775,0.0,0.2568394412,0.765913279555,0.0,-0.041400260354,0.801605273517,0.0,0.218923004076,0.783281710886,0.0,0.008781155617,0.8201448178,0.0,0.283262502327,0.997627088276,0.0,0.014529662115,0.995730441101,0.0,0.531286343932,0.455751597881,-0.000281205401,-0.319574268107
1292,1,0.224363406129,-0.007138916955,0.0,-0.224363406129,0.007138916955,0.0,0.298497251533,0.429479375585,0.0,-0.140148930704,0.439412727144,0.0,0.256226846009,0.766021906244,0.0,-0.040932494517,0.800556429208,0.0,0.217529499619,0.783561516732,0.0,0.008508095597,0.82001502696,0.0,0.284608195597,0.995758281578,0.0,0.015284391605,0.993512401172,0.0,0.531380698085,0.455234482884,-0.000285175629,-0.320730404918
1293,1,0.237083090397,-0.007246789389,0.0,-0.237083090397,0.007246789389,0.0,0.315710102354,0.456913365036,0.0,-0.147944900513,0.464756812545,0.0,0.273698674683,0.813105792948,0.0,-0.043211714903,0.847263856627,0.0,0.233635590555,0.831538670239,0.0,0.009051098466,0.86865341692,0.0,0.299379519559,1.055514525883,0.0,0.016353361252,1.051356475636,0.0,0.5313783288,0.454970449209,-0.000288636424,-0.303538504425
1294,1,0.250130124863,-0.007799345456,0.0,-0.250130124863,0.007799345456,0.0,0.333535782336,0.484773678645,0.0,-0.156162623945,0.490949021431,0.0,0.289216081922,0.859257021535,0.0,-0.046092540218,0.894284810372,0.0,0.246349019504,0.877834423044,0.0,0.009351311782,0.915301815114,0.0,0.315305253173,1.114903493872,0.0,0.017687848466,1.109668818343,0.0,0.53131942451,0.454803213477,-0.000292549841,-0.287736912267
1295,1,0.237733240935,-0.00745851422,0.0,-0.237733240935,0.00745851422,0.0,0.317484897823,0.462516465383,0.0,-0.146752869207,0.468537401964,0.0,0.275341788597,0.817136019887,0.0,-0.043108026897,0.850423217535,0.0,0.234782846107,0.834583913733,0.0,0.009322908883,0.870343577503,0.0,0.30006093488,1.060054191471,0.0,0.017381419114,1.055063564003,0.0,0.531421095133,0.454826459289,-0.000283506699,-0.302619760529
1296,1,0.224530962211,-0.00706679789,0.0,-0.224530962211,0.00706679789,0.0,0.299891971657,0.436875735879,0.0,-0.138886340401,0.442556444868,0.0,0.260231273497,0.771285297368,0.0,-0.040777754205,0.803007642796,0.0,0.222105155492,0.786746059901,0.0,0.008633513172,0.822073492113,0.0,0.283160964795,1.001220820409,0.0,0.0158699157,0.996610662216,0.0,0.531356185675,0.454795882106,-0.000285777263,-0.320418920518
1297,1,0.224088090635,-0.007048096868,0.0,-0.224088090635,0.007048096868,0.0,0.299972100553,0.437341184435,0.0,-0.138589567109,0.442366436057,0.0,0.259278218499,0.77003404256,0.0,-0.041598999136,0.802071530021,0.0,0.215123152387,0.786123981532,0.0,0.007866192387,0.822232685812,0.0,0.282524346724,0.999203264263,0.0,0.015061645769,0.994599243419,0.0,0.531382203102,0.454796180129,-0.000284879468,-0.32106613776
1298,1,0.227122245752,-0.007200783028,0.0,-0.227122245752,0.007200783028,0.0,0.302691176879,0.443027559284,0.0,-0.141209231634,0.44796601744,0.0,0.261504511015,0.778916739057,0.0,-0.04215993761,0.811380924834,0.0,0.218603428919,0.794126664109,0.0,0.009459491186,0.828432085948,0.0,0.282896104327,1.011596934354,0.0,0.014297808645,1.007029917392,0.0,0.531095340848,0.454648599029,-0.000288826413,-0.317246403354
1299,1,0.246016952437,-0.00786704939,0.0,-0.246016952437,0.00786704939,0.0,0.330096412421,0.480317554325,0.0,-0.152909361441,0.486251948842,0.0,0.284467138488,0.845884005916,0.0,-0.045316137755,0.881111469062,0.0,0.237749994193,0.863013197235,0.0,0.010767969047,0.900124167864,0.0,0.307675107531,1.098112495211,0.0,0.016169287712,1.093068259872,0.0,0.531268835068,0.454624921083,-0.000293106772,-0.292278371142
1300,1,0.207351964307,-0.006721070466,0.0,-0.207351964307,0.006721070466,0.0,0.277145385794,0.405454614858,0.0,-0.130422423598,0.410005263457,0.0,0.23883482804,0.713983082292,0.0,-0.039423909045,0.743536309234,0.0,0.201384057164,0.72844843071,0.0,0.008261518372,0.759584230037,0.0,0.257620969111,0.926830032234,0.0,0.011997043228,0.922101935877,0.0,0.530793532729,0.454595118761,-0.000288194045,-0.346312569186
1301,1,0.211000614387,-0.006852941772,0.0,-0.211000614387,0.006852941772,0.0,0.282169397229,0.41262408781,0.0,-0.132377812872,0.416931958752,0.0,0.242914966852,0.726425698473,0.0,-0.039328290594,0.756010916231,0.0,0.202621067678,0.742502372487,0.0,0.009994057557,0.772890076259,0.0,0.262621643033,0.94271256915,0.0,0.012833300332,0.936903690562,0.0,0.530901134014,0.454592779279,-0.000287618488,-0.340550852529
1302,1,0.199565369591,-0.006480120482,0.0,-0.199565369591,0.006480120482,0.0,0.266259919137,0.38945804292,0.0,-0.125644668678,0.39319778516,0.0,0.22833698551,0.68621831817,0.0,-0.037436476195,0.712110697893,0.0,0.188993237466,0.702028949243,0.0,0.009293688437,0.729169232169,0.0,0.247396066159,0.889822263888,0.0,0.01140548648,0.884068585402,0.0,0.530681297183,0.454591572285,-0.000278232619,-0.360569203
1303,1,0.242456396108,-0.007759915468,0.0,-0.242456396108,0.007759915468,0.0,0.322446214868,0.474099402732,0.0,-0.152838201066,0.477164998876,0.0,0.27556994379,0.831545108008,0.0,-0.04547300947,0.863443537533,0.0,0.227016310744,0.851073556543,0.0,0.01072838431,0.885433679808,0.0,0.299836341294,1.077652569014,0.0,0.014054055212,1.071279334886,0.0,0.530518352985,0.454633846879,-0.000288719311,-0.297479192369
1304,1,0.239282986969,-0.007472713993,0.0,-0.239282986969,0.007472713993,0.0,0.319823233829,0.466383077011,0.0,-0.151281354828,0.468740828263,0.0,0.269815048041,0.817291804123,0.0,-0.045765533875,0.851326407426,0.0,0.221996456013,0.836417231319,0.0,0.009465385185,0.873736767071,0.0,0.295895516345,1.058676513452,0.0,0.012655944537,1.052905569029,0.0,0.530218571424,0.454771012068,-0.000289236195,-0.302529278063
1305,1,0.237463627527,-0.007400848272,0.0,-0.237463627527,0.007400848272,0.0,0.313538284065,0.462147491395,0.0,-0.150175140846,0.465167607294,0.0,0.268697335687,0.811148134729,0.0,-0.04404558927,0.845640419865,0.0,0.224756849188,0.830634677291,0.0,0.011073236855,0.869387388792,0.0,0.293864023065,1.050206195731,0.0,0.013175487811,1.044928961165,0.0,0.530221045017,0.454786196351,-0.000285970978,-0.304820665651
1306,1,0.239057356472,-0.00735651532,0.0,-0.239057356472,0.00735651532,0.0,0.314380584561,0.465797809496,0.0,-0.151159318203,0.468525137534,0.0,0.268940792691,0.812760726101,0.0,-0.044403541014,0.850430554989,0.0,0.225827916728,0.831417373523,0.0,0.010943253721,0.87047772454,0.0,0.294286093576,1.056899578154,0.0,0.01313794508,1.051923842535,0.0,0.530189543962,0.454667970538,-0.000294562429,-0.302926516256
1307,1,0.237181668144,-0.007174247589,0.0,-0.237181668144,0.007174247589,0.0,0.311467334341,0.462715827371,0.0,-0.150085919644,0.464848611504,0.0,0.266935090672,0.806940468422,0.0,-0.044261471285,0.844718537633,0.0,0.223588562493,0.827924009925,0.0,0.009849064719,0.86539761888,0.0,0.29386224711,1.048773308922,0.0,0.012903431887,1.043272713931,0.0,0.530175238848,0.454909414053,-0.000289821066,-0.305207787072
1308,1,0.213414567419,-0.006316980286,0.0,-0.213414567419,0.006316980286,0.0,0.27947411488,0.416992929334,0.0,-0.135411485814,0.418227125851,0.0,0.239069942316,0.727760696694,0.0,-0.04023521041,0.760671784172,0.0,0.200363558372,0.747562815135,0.0,0.007480966179,0.78029247028,0.0,0.263854863543,0.943114201419,0.0,0.011762101812,0.938850453783,0.0,0.530027300119,0.454935982823,-0.000279192813,-0.339363977409
1309,1,0.228518642415,-0.006673900457,0.0,-0.228518642415,0.006673900457,0.0,0.298696084425,0.445225376966,0.0,-0.144897882116,0.447188371818,0.0,0.255971520275,0.777852034237,0.0,-0.042651421909,0.813631563967,0.0,0.214758781805,0.799439524845,0.0,0.009024793621,0.836325777534,0.0,0.28264531105,1.007023974124,0.0,0.013217592683,1.003652474058,0.0,0.530040234327,0.45530846715,-0.000279516913,-0.317001591131
1310,1,0.201566259585,-0.005870213237,0.0,-0.201566259585,0.005870213237,0.0,0.262526102513,0.393026331941,0.0,-0.127763206134,0.394762369188,0.0,0.225141366872,0.68767534084,0.0,-0.03753337067,0.717645567671,0.0,0.1888968849,0.708429201082,0.0,0.00782377325,0.738749420714,0.0,0.248904817042,0.887902890392,0.0,0.011381397857,0.885146220416,0.0,0.529934734106,0.455310642719,-0.000273844227,-0.359508551034
1311,1,0.195685745492,-0.005695016758,0.0,-0.195685745492,0.005695016758,0.0,0.253020762656,0.382849787031,0.0,-0.124296871968,0.383958424478,0.0,0.218255264841,0.668899190223,0.0,-0.036798764988,0.698623947797,0.0,0.183009631323,0.689570397502,0.0,0.006486262032,0.719094595119,0.0,0.24166898857,0.862782191672,0.0,0.011130231853,0.860849244749,0.0,0.529870226979,0.455297529697,-0.000274193473,-0.370002985784
1312,1,0.200593231159,-0.005535933111,0.0,-0.200593231159,0.005535933111,0.0,0.258017062009,0.394537343677,0.0,-0.127738246011,0.39497974238,0.0,0.223271494274,0.690709806453,0.0,-0.037315223329,0.71815670452,0.0,0.187249217098,0.714411602017,0.0,0.007136178624,0.740359764995,0.0,0.247895187919,0.886022801696,0.0,0.011747900027,0.883394685683,0.0,0.529788836837,0.455134868622,-0.000279730186,-0.360673829112
1313,1,0.195612786332,-0.00545451362,0.0,-0.195612786332,0.00545451362,0.0,0.248296516221,0.386564119028,0.0,-0.124620822255,0.387684927713,0.0,0.216697898981,0.675582061401,0.0,-0.036638468717,0.701470259932,0.0,0.181863458394,0.698702890775,0.0,0.006546189983,0.722670370712,0.0,0.241461823571,0.864436551879,0.0,0.011306483987,0.861765081653,0.0,0.529717117548,0.455009683967,-0.000274863094,-0.369813961443
1314,1,0.208321922019,-0.005526663195,0.0,-0.208321922019,0.005526663195,0.0,0.261978833739,0.413801679076,0.0,-0.132726712793,0.415036742288,0.0,0.229505754386,0.720366243247,0.0,-0.039561600429,0.746810813027,0.0,0.191954200876,0.745830901203,0.0,0.005821005905,0.769380206715,0.0,0.256076268676,0.920371964229,0.0,0.0114817266,0.91764239383,0.0,0.529545634985,0.455179914832,-0.000274802558,-0.347137058091
1315,1,0.220102206547,-0.005754005793,0.0,-0.220102206547,0.005754005793,0.0,0.273036756043,0.439395408378,0.0,-0.141591153682,0.439629778936,0.0,0.237822035608,0.761046504476,0.0,-0.043752511501,0.788486362616,0.0,0.19186518013,0.789169338737,0.0,0.002907364949,0.812578458655,0.0,0.269037490957,0.971043612206,0.0,0.007581352394,0.969183885462,0.0,0.529068008065,0.4552603513,-0.000280392356,-0.328578819557
1316,1,0.222466457443,-0.005664997857,0.0,-0.222466457443,0.005664997857,0.0,0.271820499947,0.445308333903,0.0,-0.143620585238,0.44385136366,0.0,0.23838081589,0.771790044371,0.0,-0.044297611883,0.796432299513,0.0,0.19199732904,0.802567807881,0.0,0.002242986635,0.821067409052,0.0,0.271497848463,0.980465120505,0.0,0.008032757723,0.978666627056,0.0,0.528866350651,0.455304741859,-0.000281232409,-0.325316276971
1317,1,0.247236870475,-0.006105368458,0.0,-0.247236870475,0.006105368458,0.0,0.295534314645,0.497423913942,0.0,-0.160084737294,0.495244550024,0.0,0.263660276463,0.859284756861,0.0,-0.049077426509,0.886354858079,0.0,0.212125077442,0.893512450997,0.0,0.00218196301,0.914830507347,0.0,0.30171597409,1.090505463353,0.0,0.007628843927,1.089676811746,0.0,0.528776213527,0.455410972238,-0.000293431804,-0.292394148609
1318,1,0.252791731393,-0.005402093006,0.0,-0.252791731393,0.005402093006,0.0,0.295687379478,0.509434998928,0.0,-0.164613215467,0.506484793007,0.0,0.266647319098,0.874051811614,0.0,-0.051184947172,0.902624036951,0.0,0.216078196669,0.907972926618,0.0,0.001061669765,0.931886811407,0.0,0.300731014336,1.11120989033,0.0,0.004520251569,1.111038764213,0.0,0.52849778533,0.45633713901,-0.000295939855,-0.285961103997
1319,1,0.22848472016,-0.00488648478,0.0,-0.22848472016,0.00488648478,0.0,0.260324665004,0.458845388374,0.0,-0.150984136615,0.455893132249,0.0,0.23579107389,0.787534234645,0.0,-0.048646789845,0.812497162662,0.0,0.191008033714,0.818973747505,0.0,-0.002496838888,0.840541524487,0.0,0.270531867414,1.000261631396,0.0,0.001073059799,1.002239970652,0.0,0.527808219194,0.456697806716,-0.000297034159,-0.316531351363
1320,1,0.192742234058,-0.003965070914,0.0,-0.192742234058,0.003965070914,0.0,0.21606748608,0.389166219892,0.0,-0.129196361555,0.386349952605,0.0,0.196980445698,0.667850868075,0.0,-0.042640568278,0.687173249349,0.0,0.159216455219,0.694736888453,0.0,-0.003668340218,0.711926512857,0.0,0.227751426887,0.848288677244,0.0,-0.000732646211,0.849609715598,0.0,0.527295783162,0.456628069282,-0.0002929857,-0.373319085956
1321,1,0.214716376059,-0.00387240702,0.0,-0.214716376059,0.00387240702,0.0,0.237063196875,0.433640965331,0.0,-0.145117538564,0.430147263679,0.0,0.215966593287,0.746236213641,0.0,-0.04903638203,0.765629488595,0.0,0.172149981665,0.777920191093,0.0,-0.005778349701,0.79365956001,0.0,0.251650429248,0.945672873868,0.0,-0.003233770035,0.947280257875,0.0,0.526694968343,0.456816405058,-0.00029830914,-0.334848387104
1322,1,0.197691283343,-0.003262689194,0.0,-0.197691283343,0.003262689194,0.0,0.214376624425,0.401370352903,0.0,-0.13472016317,0.398703442713,0.0,0.196641950696,0.691133887385,0.0,-0.04721586566,0.707835396036,0.0,0.156291064432,0.722486824168,0.0,-0.008066385671,0.733930836494,0.0,0.229877301285,0.874559138037,0.0,-0.005134064736,0.875758820864,0.0,0.5259141922,0.456059202552,-0.000298104249,-0.363137938408
1323,1,0.228438489762,-0.003739260572,0.0,-0.228438489762,0.003739260572,0.0,0.239969843973,0.465156176993,0.0,-0.154638886895,0.462457391861,0.0,0.221091649115,0.799814273952,0.0,-0.060331709286,0.81994105834,0.0,0.175028842262,0.834743238282,0.0,-0.016931869708,0.849871674231,0.0,0.259917824108,1.011122708207,0.0,-0.011723554532,1.014299951478,0.0,0.524161338806,0.455910727382,-0.000298099592,-0.313683649718
1324,1,0.214140878271,-0.003759922908,0.0,-0.214140878271,0.003759922908,0.0,0.222963611521,0.436710515708,0.0,-0.141744668511,0.435777266432,0.0,0.205717343515,0.751961942487,0.0,-0.058489366651,0.771970449738,0.0,0.162443244389,0.785342081085,0.0,-0.01752088442,0.799071651484,0.0,0.24230348362,0.950061203421,0.0,-0.012342556572,0.95240941935,0.0,0.523465543985,0.456244453788,-0.000300385058,-0.333709628286
1325,1,0.207562619179,-0.003590313124,0.0,-0.207562619179,0.003590313124,0.0,0.213566338164,0.426896219283,0.0,-0.139181253987,0.426114852788,0.0,0.196821865813,0.734261406956,0.0,-0.059514833171,0.752717200309,0.0,0.154874941066,0.766893346665,0.0,-0.019769752021,0.778614711512,0.0,0.231409910744,0.929714580281,0.0,-0.014665888277,0.928078464069,0.0,0.522471189499,0.455185413361,-0.000300372951,-0.343576697483
1326,1,0.249908898906,-0.004209181977,0.0,-0.249908898906,0.004209181977,0.0,0.253606605641,0.515135813518,0.0,-0.170598966314,0.514068131864,0.0,0.23333909141,0.885624909319,0.0,-0.076197973697,0.90660120829,0.0,0.183120341195,0.923539969356,0.0,-0.028442475681,0.938093836334,0.0,0.274837987503,1.12099905937,0.0,-0.023690286653,1.119406336462,0.0,0.521237447858,0.455224648118,-0.000308986753,-0.284490483217
1327,1,0.223052101097,-0.003329753945,0.0,-0.223052101097,0.003329753945,0.0,0.223426219226,0.45827567987,0.0,-0.153112437838,0.45673163811,0.0,0.206087695434,0.78856481108,0.0,-0.070075002428,0.806656607873,0.0,0.162383963697,0.822628868303,0.0,-0.026943314192,0.835278743357,0.0,0.241977852063,0.997703653914,0.0,-0.023906717385,0.996343919664,0.0,0.52039667964,0.455528467894,-0.000308042392,-0.319517034728
1328,1,0.195267348754,-0.002511272276,0.0,-0.195267348754,0.002511272276,0.0,0.193058025755,0.403168011086,0.0,-0.137774960553,0.401417041274,0.0,0.177137443777,0.695378533707,0.0,-0.06503964503,0.709670335144,0.0,0.138352880572,0.726898612775,0.0,-0.027417805765,0.735237313532,0.0,0.208691122846,0.878716038172,0.0,-0.024064853461,0.876439924928,0.0,0.519014105201,0.455042913556,-0.000302698463,-0.36365927928
1329,1,0.191593040056,-0.00268313501,0.0,-0.191593040056,0.00268313501,0.0,0.187382188954,0.396217529006,0.0,-0.133602052723,0.394477992829,0.0,0.171524054223,0.683533258346,0.0,-0.066410755109,0.698031166382,0.0,0.133296735188,0.714345342985,0.0,-0.029533748814,0.722864572702,0.0,0.202825549652,0.863090436148,0.0,-0.026528934215,0.861545148983,0.0,0.518077552319,0.455158054829,-0.000298799947,-0.369750126655
1330,1,0.195433033141,-0.002399600665,0.0,-0.195433033141,0.002399600665,0.0,0.189461194066,0.401544381351,0.0,-0.136992409791,0.399988397012,0.0,0.17224244735,0.693493516655,0.0,-0.067955634615,0.708622852492,0.0,0.133349634625,0.725538409879,0.0,-0.03021589111,0.734897568892,0.0,0.205446632421,0.875847119344,0.0,-0.028929117279,0.874359911412,0.0,0.517356589437,0.455483779311,-0.000299559906,-0.363990382328
1331,1,0.194690276445,-0.002637272098,0.0,-0.194690276445,0.002637272098,0.0,0.188691514705,0.399665942775,0.0,-0.138830969674,0.400739270736,0.0,0.169871043512,0.693901318924,0.0,-0.070318727056,0.709362719727,0.0,0.130820948136,0.72646872008,0.0,-0.033340085756,0.735942184272,0.0,0.208843148753,0.878547679673,0.0,-0.030805857407,0.877717425068,0.0,0.516423106194,0.454997763038,-0.000301339664,-0.363405044648
1332,1,0.244236768089,-0.003353592445,0.0,-0.244236768089,0.003353592445,0.0,0.234119892728,0.50132913671,0.0,-0.174174189962,0.502480508846,0.0,0.209631741754,0.873522828452,0.0,-0.09094796064,0.893876488061,0.0,0.159251189491,0.914378439795,0.0,-0.044625696924,0.925624988513,0.0,0.259150307482,1.102039962964,0.0,-0.040516503661,1.100402373657,0.0,0.515641197562,0.455006316304,-0.000318284146,-0.289799267555
1333,1,0.2443118033,-0.003234645871,0.0,-0.2443118033,0.003234645871,0.0,0.230301932791,0.499595109288,0.0,-0.17500711964,0.500409709268,0.0,0.20523363207,0.870150046086,0.0,-0.092210751807,0.889946791435,0.0,0.155370509329,0.911169598689,0.0,-0.044917673571,0.92174629274,0.0,0.255206617277,1.096961874617,0.0,-0.044273652219,1.096000450056,0.0,0.514593541622,0.455012381077,-0.000321614556,-0.291072038959
1334,1,0.21839155989,-0.002775108311,0.0,-0.21839155989,0.002775108311,0.0,0.20478029031,0.446601041813,0.0,-0.159012241367,0.449082580925,0.0,0.181912567585,0.780387522585,0.0,-0.08436163034,0.799213238728,0.0,0.13689724605,0.817318739116,0.0,-0.042244713424,0.828110954549,0.0,0.226589547519,0.984451408534,0.0,-0.041969007266,0.984078718464,0.0,0.513890996575,0.454801306129,-0.000320272986,-0.324499721619
1335,1,0.214105839806,-0.002568328296,0.0,-0.214105839806,0.002568328296,0.0,0.197853227893,0.438555325326,0.0,-0.15698180351,0.43967507314,0.0,0.173689846646,0.765626668978,0.0,-0.085762139411,0.783709814201,0.0,0.13056238838,0.801451768006,0.0,-0.04502697588,0.811693982077,0.0,0.21858177508,0.965847249399,0.0,-0.042824511565,0.963295144773,0.0,0.512836828828,0.4547419101,-0.00031566387,-0.331572276969
1336,1,0.202073676002,-0.002372925392,0.0,-0.202073676002,0.002372925392,0.0,0.184615736997,0.414250017954,0.0,-0.147392787056,0.41413151558,0.0,0.160716178238,0.722241242674,0.0,-0.08290836601,0.738395316989,0.0,0.119892702956,0.755901334101,0.0,-0.045081392541,0.764526106159,0.0,0.203101176228,0.9095102055,0.0,-0.042737415586,0.906092258459,0.0,0.511836573482,0.454712957144,-0.000315948389,-0.352087894828
1337,1,0.24106333416,-0.002785232026,0.0,-0.24106333416,0.002785232026,0.0,0.218793496542,0.496263608225,0.0,-0.176793985231,0.494150962643,0.0,0.189721441094,0.861620402266,0.0,-0.100872665715,0.881060013901,0.0,0.140346354608,0.90079736333,0.0,-0.056379852871,0.911371700855,0.0,0.240350298602,1.084758517379,0.0,-0.052491284167,1.080504745193,0.0,0.511270478368,0.454704359174,-0.000314780977,-0.295082613592
1338,1,0.256551852105,-0.002728573842,0.0,-0.256551852105,0.002728573842,0.0,0.230040848888,0.52735795244,0.0,-0.188417199844,0.524372063112,0.0,0.198197977057,0.914574962268,0.0,-0.110447068038,0.935608974797,0.0,0.145874766118,0.956171689183,0.0,-0.063467846035,0.967829936286,0.0,0.251663823207,1.151513936288,0.0,-0.058691366993,1.147404182157,0.0,0.510363027453,0.454831182957,-0.000316244084,-0.277852579075
1339,1,0.257121563407,-0.002652023632,0.0,-0.257121563407,0.002652023632,0.0,0.231585921661,0.529223837186,0.0,-0.191567516763,0.525955271599,0.0,0.196204656977,0.917936482238,0.0,-0.113500972302,0.938405589041,0.0,0.142375131157,0.960269852049,0.0,-0.066770126953,0.971166577321,0.0,0.250057105373,1.155428357108,0.0,-0.061459622624,1.151307459127,0.0,0.509656667709,0.454807251692,-0.000324290246,-0.27692763428
1340,1,0.250543504918,-0.002381086676,0.0,-0.250543504918,0.002381086676,0.0,0.224099184995,0.516447842175,0.0,-0.185923856846,0.512627878931,0.0,0.190915663794,0.893457388054,0.0,-0.112014733657,0.913610040784,0.0,0.138150745335,0.933803340337,0.0,-0.066398732259,0.945295496102,0.0,0.241973310945,1.124743675076,0.0,-0.061202434079,1.120649869579,0.0,0.509263440967,0.454831361771,-0.000323982444,-0.284482287986
1341,1,0.284279838985,-0.002779936137,0.0,-0.284279838985,0.002779936137,0.0,0.248228283547,0.583820841708,0.0,-0.215287066735,0.578985902665,0.0,0.210041564886,1.009353689871,0.0,-0.132909473757,1.030694910141,0.0,0.153276583486,1.054854224041,0.0,-0.081433180207,1.067173237924,0.0,0.261102326283,1.271434977725,0.0,-0.075300294773,1.267065027681,0.0,0.507646024227,0.45476154983,-0.000323529355,-0.251883651722
1342,1,0.270118932348,-0.002429432078,0.0,-0.270118932348,0.002429432078,0.0,0.235198000278,0.552488644032,0.0,-0.206296172679,0.548926307732,0.0,0.196947902604,0.956750722137,0.0,-0.127844393621,0.977289950678,0.0,0.143376795091,1.000084547185,0.0,-0.079278204706,1.012016106072,0.0,0.247078030351,1.20585942563,0.0,-0.07233180609,1.201277514823,0.0,0.507102742791,0.454825922847,-0.000324415509,-0.265468281041
1343,1,0.262319224462,-0.002250715761,0.0,-0.262319224462,0.002250715761,0.0,0.230483385498,0.537607712637,0.0,-0.201148475455,0.534297704674,0.0,0.189172684272,0.931806985017,0.0,-0.125407962253,0.951824256537,0.0,0.137630631879,0.973987774219,0.0,-0.078754715307,0.985806450999,0.0,0.2400655054,1.173973089215,0.0,-0.07270783348,1.169941907554,0.0,0.506708011031,0.45481954515,-0.000323220622,-0.272578047515
1344,1,0.272035320619,-0.002309126527,0.0,-0.272035320619,0.002309126527,0.0,0.235395021566,0.556639395597,0.0,-0.211548328216,0.553208615712,0.0,0.190659394984,0.963482123929,0.0,-0.135671837471,0.985133276618,0.0,0.13686700754,1.006776053269,0.0,-0.088057909942,1.020311957041,0.0,0.242591849235,1.215887916542,0.0,-0.080898661254,1.21330062632,0.0,0.505223765969,0.454826399684,-0.000322984066,-0.263295350269
1345,1,0.23538157334,-0.001926599566,0.0,-0.23538157334,0.001926599566,0.0,0.203755536382,0.480685043519,0.0,-0.185191784519,0.478609964214,0.0,0.163525538434,0.835747921633,0.0,-0.118709821648,0.855655904168,0.0,0.117331186534,0.873924269328,0.0,-0.078017428008,0.886879802357,0.0,0.211515408977,1.054415276728,0.0,-0.072399477632,1.05379992872,0.0,0.50457508862,0.454787805676,-0.000322479755,-0.303182159875
1346,1,0.284244370182,-0.002296095568,0.0,-0.284244370182,0.002296095568,0.0,0.241458043545,0.575905866949,0.0,-0.225677885452,0.572351450471,0.0,0.190548430074,1.0010766434,0.0,-0.147338678186,1.024013218261,0.0,0.13664091871,1.04621177292,0.0,-0.097904751773,1.062053177503,0.0,0.246589557136,1.262336737128,0.0,-0.092766642407,1.261705898283,0.0,0.503097444773,0.454722240567,-0.000326205511,-0.253030136031
1347,1,0.276495383377,-0.0019389064,0.0,-0.276495383377,0.0019389064,0.0,0.231009724491,0.561188987521,0.0,-0.221391023336,0.557892353338,0.0,0.180330971941,0.975563147241,0.0,-0.148218272061,0.998685933964,0.0,0.128206270851,1.019262364469,0.0,-0.101617062271,1.035181794416,0.0,0.235482941363,1.230049631339,0.0,-0.092953302059,1.229280309623,0.0,0.501883909106,0.45458856225,-0.000325574074,-0.259779972155
1348,1,0.28045660577,-0.001759834494,0.0,-0.28045660577,0.001759834494,0.0,0.23322015712,0.569174956151,0.0,-0.22896255879,0.564882989466,0.0,0.177336397526,0.990237858451,0.0,-0.157783250496,1.013763754231,0.0,0.123786307439,1.034520842187,0.0,-0.110507773376,1.050370595162,0.0,0.235317442252,1.247182432286,0.0,-0.101687572133,1.246657936248,0.0,0.500022679567,0.454832598567,-0.000326528214,-0.255807567344
1349,1,0.277542935155,-0.001440515074,0.0,-0.277542935155,0.001440515074,0.0,0.228740482237,0.561941793033,0.0,-0.230729575124,0.560060624669,0.0,0.169439191708,0.975354424235,0.0,-0.160351923675,1.004709432567,0.0,0.116650580005,1.019828110002,0.0,-0.115262351705,1.041315720965,0.0,0.227521998184,1.23636861454,0.0,-0.106450441424,1.23528289845,0.0,0.498487263918,0.454697653651,-0.000327285379,-0.257915143574
1350,1,0.283781218643,-0.001500417746,0.0,-0.283781218643,0.001500417746,0.0,0.228532300975,0.570947921596,0.0,-0.23447931535,0.56896433239,0.0,0.165064483706,0.990684405428,0.0,-0.167943925227,1.019643259626,0.0,0.111520242333,1.035795343163,0.0,-0.12306991099,1.056855261772,0.0,0.224481847471,1.255752538268,0.0,-0.114269962375,1.25272460905,0.0,0.496852487326,0.454546794295,-0.000328687951,-0.254093375094
1351,1,0.284315538636,-0.001446072242,0.0,-0.284315538636,0.001446072242,0.0,0.228908207227,0.573299044164,0.0,-0.236406137143,0.570402660035,0.0,0.161636582645,0.995211789567,0.0,-0.173340711453,1.023540626254,0.0,0.109562318798,1.040784675604,0.0,-0.127752986658,1.061151694554,0.0,0.218754728571,1.261424279673,0.0,-0.119896453438,1.257745916581,0.0,0.495308220387,0.454546660185,-0.00033010589,-0.25305977527
1352,1,0.284845694029,-0.001322264961,0.0,-0.284845694029,0.001322264961,0.0,0.228037515936,0.568598365568,0.0,-0.241408161962,0.56597932002,0.0,0.151300556876,0.986490907085,0.0,-0.179223949829,1.014200371571,0.0,0.09972778116,1.032040135222,0.0,-0.13377525638,1.052104988722,0.0,0.206582127408,1.251945739183,0.0,-0.127992875154,1.248390318218,0.0,0.492986664176,0.454595059156,-0.000329676084,-0.254936853375
1353,1,0.299842405113,-0.001152005008,0.0,-0.299842405113,0.001152005008,0.0,0.237909295513,0.599501533902,0.0,-0.258121914973,0.596603353871,0.0,0.155152522207,1.038947903949,0.0,-0.19620432474,1.067487771839,0.0,0.098474565571,1.086477317448,0.0,-0.147280878024,1.105829474277,0.0,0.211048721569,1.319068027668,0.0,-0.142267383761,1.314770641298,0.0,0.491148144007,0.45458906889,-0.000331663992,-0.241961727072
1354,1,0.294672233957,-0.00109221638,0.0,-0.294672233957,0.00109221638,0.0,0.23506118181,0.588912785274,0.0,-0.25504940718,0.586103156966,0.0,0.148947937904,1.020209367775,0.0,-0.198508541996,1.048874934603,0.0,0.091735889114,1.067172856795,0.0,-0.150431415842,1.086574976467,0.0,0.200742109365,1.295746091776,0.0,-0.146475232633,1.291832992116,0.0,0.489518553019,0.45458856225,-0.000331728254,-0.246257027896
1355,1,0.243503825091,-0.000868542138,0.0,-0.243503825091,0.000868542138,0.0,0.19667053865,0.488216237841,0.0,-0.209881698767,0.486312344466,0.0,0.120630495446,0.846569985392,0.0,-0.166097574192,0.8691726685,0.0,0.073229395251,0.885541250693,0.0,-0.12591375437,0.900776213917,0.0,0.170902600167,1.075255719366,0.0,-0.124471423077,1.071835178784,0.0,0.488503724337,0.454601332545,-0.000327830669,-0.296756338986
1356,1,0.246304069381,-0.000290896472,0.0,-0.246304069381,0.000290896472,0.0,0.200745245345,0.490132562789,0.0,-0.214581649901,0.489506000993,0.0,0.117046493167,0.852254761042,0.0,-0.170888666258,0.874086195169,0.0,0.069963001742,0.890796194025,0.0,-0.130276345482,0.906669227592,0.0,0.163874306956,1.082628193594,0.0,-0.129811274936,1.07914451001,0.0,0.487156033516,0.454399481416,-0.000328073744,-0.294902115149
1357,1,0.279982252824,-0.000231748996,0.0,-0.279982252824,0.000231748996,0.0,0.226650921476,0.559629193279,0.0,-0.246334766634,0.557381937279,0.0,0.132616301347,0.972903792542,0.0,-0.199814283976,0.997819663919,0.0,0.077008305693,1.016845339622,0.0,-0.154334048116,1.034989458061,0.0,0.183439046402,1.235963294302,0.0,-0.153394366197,1.234287136101,0.0,0.485889390111,0.454319670796,-0.000329548027,-0.258416510704
1358,1,0.26790496604,-0.000216817496,0.0,-0.26790496604,0.000216817496,0.0,0.217379724316,0.537410610812,0.0,-0.236658625904,0.535965086902,0.0,0.125886289921,0.93433280014,0.0,-0.193757153137,0.959564367857,0.0,0.072570146771,0.977112500216,0.0,-0.149978207209,0.995246427978,0.0,0.174626308509,1.188056737446,0.0,-0.150631210491,1.186940820492,0.0,0.485448434949,0.454318583012,-0.00032491982,-0.268721580751
1359,1,0.245872220346,0.000198139013,0.0,-0.245872220346,-0.000198139013,0.0,0.200975617381,0.493364464695,0.0,-0.217901028916,0.492067185209,0.0,0.113019173818,0.852364507541,0.0,-0.179237546942,0.874569696165,0.0,0.063553024809,0.889514225752,0.0,-0.137663825168,0.905630616236,0.0,0.155794942325,1.08779146318,0.0,-0.141592252518,1.088203494756,0.0,0.484450235963,0.454059705138,-0.000308545306,-0.293226592258
1360,1,0.286907942069,0.000890885279,0.0,-0.286907942069,-0.000890885279,0.0,0.232414769107,0.572562540686,0.0,-0.25404349051,0.569010829145,0.0,0.129920020658,0.98912516605,0.0,-0.210881630669,1.014977282252,0.0,0.07250931966,1.03212093866,0.0,-0.162854739891,1.051074520015,0.0,0.183241119347,1.262822726187,0.0,-0.166971905108,1.262960185846,0.0,0.483904704452,0.454884231091,-0.000315795653,-0.251930630324
1361,1,0.28498676913,0.001606123972,0.0,-0.28498676913,-0.001606123972,0.0,0.230957054844,0.567086087409,0.0,-0.252708471697,0.563243281868,0.0,0.132055047621,0.984603818857,0.0,-0.209559812534,1.006943607288,0.0,0.071912003403,1.030088102842,0.0,-0.160533078062,1.044359903297,0.0,0.180669322688,1.253183516922,0.0,-0.172851160551,1.248229538696,0.0,0.483839899302,0.455218374729,-0.000316850841,-0.253615629648
1362,1,0.243996954066,0.001357144381,0.0,-0.243996954066,-0.001357144381,0.0,0.201157670549,0.485357386057,0.0,-0.216349236904,0.482179515286,0.0,0.111247710434,0.843912517052,0.0,-0.180696078156,0.862937286906,0.0,0.057795437132,0.884538317198,0.0,-0.13826544701,0.896138933846,0.0,0.157838507218,1.073455028328,0.0,-0.153120795683,1.068050998115,0.0,0.48382344842,0.455221861601,-0.000313831959,-0.296234751889
1363,1,0.250073453988,0.001349229051,0.0,-0.250073453988,-0.001349229051,0.0,0.20782708821,0.495273120151,0.0,-0.221768760997,0.492123527595,0.0,0.112995575332,0.86314858149,0.0,-0.185333340919,0.884139887173,0.0,0.058607745667,0.904702218308,0.0,-0.141518363023,0.918357873707,0.0,0.16452580785,1.097141519511,0.0,-0.158541911816,1.093397835343,0.0,0.483754917979,0.45522724092,-0.000315865967,-0.289148310921
1364,1,0.286700370783,0.001677868591,0.0,-0.286700370783,-0.001677868591,0.0,0.238213409604,0.569110109105,0.0,-0.254647156293,0.564437997748,0.0,0.1304696261,0.99065682544,0.0,-0.212708127845,1.014631579806,0.0,0.067785997521,1.038660256794,0.0,-0.162151886063,1.05391752067,0.0,0.185901726337,1.259447849899,0.0,-0.182273774516,1.254839357775,0.0,0.483735159039,0.455174356699,-0.000318440609,-0.252025191075
1365,1,0.286687825664,0.001449633555,0.0,-0.286687825664,-0.001449633555,0.0,0.236500393918,0.569310110985,0.0,-0.255058424632,0.564536879714,0.0,0.130885434921,0.991031435431,0.0,-0.213922550947,1.016930923948,0.0,0.067882189558,1.039010313039,0.0,-0.162357124341,1.057758473206,0.0,0.185210400645,1.259968659411,0.0,-0.188949218844,1.25708773086,0.0,0.483714327216,0.455219253898,-0.000320358202,-0.251893282763
1366,1,0.292586586818,0.001330800363,0.0,-0.292586586818,-0.001330800363,0.0,0.241535946852,0.580431861336,0.0,-0.259649474155,0.576325957733,0.0,0.134266225148,1.012211371028,0.0,-0.217680726657,1.039875781495,0.0,0.070277989969,1.061423258189,0.0,-0.165001787721,1.081906867788,0.0,0.18977348484,1.28712255387,0.0,-0.190802558191,1.286798778738,0.0,0.483908548951,0.455084994435,-0.000328724738,-0.246684244619
1367,1,0.279297678967,0.000998633352,0.0,-0.279297678967,-0.000998633352,0.0,0.231566571899,0.554846081627,0.0,-0.246989312775,0.551091668139,0.0,0.129632664135,0.967402350972,0.0,-0.20817993062,0.993722264876,0.0,0.068539345258,1.014467933356,0.0,-0.15704523912,1.033645203163,0.0,0.182996892185,1.231007615921,0.0,-0.180908772415,1.22994139112,0.0,0.484262257814,0.455041393638,-0.000328556634,-0.258157800609
1368,1,0.277556560716,0.00090567464,0.0,-0.277556560716,-0.00090567464,0.0,0.234963771789,0.554114432806,0.0,-0.242448743394,0.551373866884,0.0,0.134000436955,0.967703082112,0.0,-0.203129446674,0.993991881086,0.0,0.073773304196,1.014374176566,0.0,-0.151704252771,1.03323339688,0.0,0.187266407639,1.231376497646,0.0,-0.175510755427,1.232231857028,0.0,0.485637649894,0.454861432314,-0.000329153612,-0.258247957663
1369,1,0.271451720556,6.102037e-06,0.0,-0.271451720556,-6.102037e-06,0.0,0.230222628711,0.544422622354,0.0,-0.234051883009,0.541548788869,0.0,0.136065483844,0.948823380793,0.0,-0.195103936044,0.974726528392,0.0,0.079515306784,0.994206942914,0.0,-0.144142659987,1.013036021473,0.0,0.186898843122,1.206893446932,0.0,-0.171093775962,1.207820956576,0.0,0.486718803644,0.454536437988,-0.000326656736,-0.263735761643
1370,1,0.273265198575,-0.000392416575,0.0,-0.273265198575,0.000392416575,0.0,0.234036777562,0.547264338241,0.0,-0.232807608808,0.545879070075,0.0,0.140914236113,0.956243882459,0.0,-0.192059500692,0.985150115805,0.0,0.085044796302,1.000961571213,0.0,-0.140668105682,1.023189762209,0.0,0.1938469987,1.219420643107,0.0,-0.166618948131,1.220915226504,0.0,0.488092079759,0.454201728106,-0.000331252813,-0.261177007263
1371,1,0.246229321394,-0.000756322255,0.0,-0.246229321394,0.000756322255,0.0,0.213815657514,0.493419203964,0.0,-0.205510833555,0.491653731434,0.0,0.133101238787,0.862576936424,0.0,-0.165117439726,0.889209938819,0.0,0.083838996276,0.902393643541,0.0,-0.118839000205,0.923493665322,0.0,0.183205966848,1.100327511653,0.0,-0.139605692537,1.101798978961,0.0,0.490457728505,0.454082727432,-0.000320945866,-0.289503133154
1372,1,0.267694649463,-0.001081154218,0.0,-0.267694649463,0.001081154218,0.0,0.237897801033,0.539451126677,0.0,-0.21605316039,0.536758296551,0.0,0.156534738737,0.942539753605,0.0,-0.17055884703,0.971373304076,0.0,0.102751164419,0.98538168322,0.0,-0.120667338015,1.007976828921,0.0,0.211434970208,1.201815432815,0.0,-0.140623582098,1.203606758062,0.0,0.493465229869,0.454084634781,-0.000322616659,-0.265260721903
1373,1,0.262267193187,-0.001274742165,0.0,-0.262267193187,0.001274742165,0.0,0.236481573903,0.528156553784,0.0,-0.206381036768,0.527312698766,0.0,0.165301809537,0.923131491557,0.0,-0.156732767452,0.955384650513,0.0,0.114643794476,0.964881867157,0.0,-0.107559194066,0.991197919017,0.0,0.217253530414,1.176106385472,0.0,-0.127804678696,1.178568252234,0.0,0.496312201023,0.454075023532,-0.000325386878,-0.271092334486
1374,1,0.271817542809,-0.002023448768,0.0,-0.271817542809,0.002023448768,0.0,0.248721165115,0.544152330133,0.0,-0.206466693844,0.543294295438,0.0,0.181356380967,0.954337537795,0.0,-0.151274314253,0.984109167193,0.0,0.129168028865,0.995910768478,0.0,-0.100042077371,1.020641330783,0.0,0.236675268577,1.212839063937,0.0,-0.121360207605,1.212696360173,0.0,0.499240890145,0.454399764538,-0.000327654183,-0.26313900313
1375,1,0.273665979246,-0.002800037525,0.0,-0.273665979246,0.002800037525,0.0,0.258496491062,0.544454590318,0.0,-0.202674857828,0.544892986036,0.0,0.19397397092,0.952652179809,0.0,-0.139599994619,0.982498187439,0.0,0.142748359733,0.994276902134,0.0,-0.086402848146,1.019010482019,0.0,0.247501272846,1.211626750911,0.0,-0.110942818351,1.21127440394,0.0,0.502255097032,0.454742625356,-0.000331250485,-0.263220163062
1376,1,0.238767145,-0.002619285005,0.0,-0.238767145,0.002619285005,0.0,0.230556171708,0.473926076685,0.0,-0.17508836263,0.476091803071,0.0,0.176568748785,0.830788146572,0.0,-0.113847550241,0.856666861817,0.0,0.131717158552,0.869081248624,0.0,-0.067322085737,0.888437354279,0.0,0.224711805485,1.054633296803,0.0,-0.088743773139,1.055591767738,0.0,0.504631146789,0.454795822501,-0.000327991322,-0.30235427317
1377,1,0.225278078961,-0.003541395835,0.0,-0.225278078961,0.003541395835,0.0,0.217805087619,0.449282850208,0.0,-0.164632142149,0.450541311848,0.0,0.171569087471,0.787093991951,0.0,-0.103454174292,0.810636318996,0.0,0.128548429733,0.823093576608,0.0,-0.058839757709,0.840984124232,0.0,0.217728522955,0.997866428418,0.0,-0.077765795731,0.998598274562,0.0,0.506332457066,0.455224066973,-0.000318427105,-0.319179932509
1378,1,0.208938225167,-0.003283786229,0.0,-0.208938225167,0.003283786229,0.0,0.207441866477,0.416242557408,0.0,-0.145811692688,0.417341451212,0.0,0.168775381741,0.725926184823,0.0,-0.08424414032,0.747712573912,0.0,0.129760080164,0.759245093486,0.0,-0.042872944986,0.775613953374,0.0,0.21251075135,0.920713305836,0.0,-0.060546676574,0.922229675779,0.0,0.510213777423,0.45563159883,-0.000295845792,-0.345512538022
1379,1,0.199038853411,-0.003601650906,0.0,-0.199038853411,0.003601650906,0.0,0.202880997613,0.396504543154,0.0,-0.135749328916,0.398002442317,0.0,0.168232060629,0.690580745998,0.0,-0.07271290339,0.71185633414,0.0,0.131130313767,0.722411595938,0.0,-0.033298117722,0.73950275678,0.0,0.213097343301,0.875935912797,0.0,-0.051190786011,0.87771253289,0.0,0.512952059507,0.455791726708,-0.000298531726,-0.362904509091
1380,1,0.220875712969,-0.005050161631,0.0,-0.220875712969,0.005050161631,0.0,0.227854273493,0.441229011098,0.0,-0.150200720785,0.441910050247,0.0,0.190963713619,0.762381148297,0.0,-0.075954909081,0.786490406851,0.0,0.150285714325,0.796937249232,0.0,-0.031988614251,0.816935002087,0.0,0.241073177919,0.967972795616,0.0,-0.050529568735,0.969795202564,0.0,0.514643326402,0.456325531006,-0.000306179747,-0.327850461713
1381,1,0.210210834067,-0.005174721732,0.0,-0.210210834067,0.005174721732,0.0,0.223688105497,0.420895329144,0.0,-0.142522566016,0.420162597693,0.0,0.190148729772,0.722287137271,0.0,-0.06292991415,0.745095862803,0.0,0.151636237006,0.755019317668,0.0,-0.019296843433,0.774061361764,0.0,0.237695166272,0.917038217828,0.0,-0.039063680767,0.918916985446,0.0,0.5177102983,0.456862047315,-0.00029064808,-0.345394375216
1382,1,0.211548469158,-0.005707819118,0.0,-0.211548469158,0.005707819118,0.0,0.230892641014,0.424189948946,0.0,-0.141704031784,0.425662503657,0.0,0.197579581683,0.723511803207,0.0,-0.057345502617,0.748343665552,0.0,0.157986438187,0.755395414181,0.0,-0.013443631772,0.776492201954,0.0,0.244980266114,0.920723983444,0.0,-0.032838542496,0.923522513913,0.0,0.519758284092,0.457041144371,-0.000288968906,-0.343609528184
1383,1,0.246314224329,-0.007767674607,0.0,-0.246314224329,0.007767674607,0.0,0.279615886267,0.49717735301,0.0,-0.165724701772,0.499348640124,0.0,0.242762869805,0.843202411884,0.0,-0.057682007097,0.877318636333,0.0,0.194853684529,0.878400524743,0.0,-0.005747709784,0.909993087167,0.0,0.296054805134,1.078061914323,0.0,-0.030289932243,1.082609702281,0.0,0.522568792105,0.456638008356,-0.000306008384,-0.293646510915
1384,1,0.263963091503,-0.010301958625,0.0,-0.263963091503,0.010301958625,0.0,0.303700180641,0.525496745936,0.0,-0.174020907925,0.529670616865,0.0,0.261958343481,0.890246556977,0.0,-0.059246899542,0.929465282797,0.0,0.21157905912,0.926340649978,0.0,-0.004232006141,0.963254244538,0.0,0.321501959105,1.144693701648,0.0,-0.026435989938,1.14778144719,0.0,0.523595541716,0.457409515977,-0.00031370949,-0.276311915564
1385,1,0.233983455542,-0.010826795138,0.0,-0.233983455542,0.010826795138,0.0,0.273525511838,0.463465246142,0.0,-0.153970391622,0.470634331196,0.0,0.241360023563,0.788262613446,0.0,-0.048805431498,0.824639958269,0.0,0.194145867184,0.819678682781,0.0,0.000669382981,0.852911444362,0.0,0.289776531816,1.010459796292,0.0,-0.014652876457,1.017237191661,0.0,0.524726063013,0.456626117229,-0.00031525176,-0.312411432599
1386,1,0.247818194276,-0.011718008697,0.0,-0.247818194276,0.011718008697,0.0,0.293192212457,0.487333958256,0.0,-0.158395651266,0.495568826997,0.0,0.264754428204,0.825723241966,0.0,-0.046278257199,0.868742659547,0.0,0.21380859255,0.857195666035,0.0,0.006613994665,0.897783671964,0.0,0.310233106472,1.059889980741,0.0,-0.008256383879,1.070934686269,0.0,0.52616250515,0.4567309618,-0.000308344141,-0.296428358356
1387,1,0.27070066619,-0.013485776354,0.0,-0.27070066619,0.013485776354,0.0,0.326772719595,0.527971453564,0.0,-0.170585093503,0.542132236711,0.0,0.295609291626,0.891674510579,0.0,-0.044700755499,0.949148843969,0.0,0.2398985916,0.921263234462,0.0,0.014507061797,0.975714479316,0.0,0.345436225536,1.148587520695,0.0,-0.003054008239,1.170852126532,0.0,0.527746230364,0.456378981471,-0.000314267352,-0.270845195314
1388,1,0.219787389911,-0.011557608006,0.0,-0.219787389911,0.011557608006,0.0,0.270684799703,0.424973134051,0.0,-0.131522062917,0.439808003896,0.0,0.247644828767,0.709997915665,0.0,-0.029595653603,0.769773352891,0.0,0.203875820087,0.729787548948,0.0,0.018362562275,0.791300755156,0.0,0.28770142014,0.916097923139,0.0,0.001989091102,0.949088966218,0.0,0.52995339036,0.456153690815,-0.000297846273,-0.334283137797
1389,1,0.225076313696,-0.012440744681,0.0,-0.225076313696,0.012440744681,0.0,0.280944099145,0.429531966187,0.0,-0.134593120056,0.449684197168,0.0,0.25742088839,0.699014441701,0.0,-0.027567527567,0.787393285774,0.0,0.212648315726,0.706405158606,0.0,0.021410363381,0.803058491578,0.0,0.297063160976,0.909941540198,0.0,0.005445267204,0.973907736317,0.0,0.531136721373,0.455767348409,-0.000301565975,-0.326156592763
1390,1,0.223378246537,-0.012927194012,0.0,-0.223378246537,0.012927194012,0.0,0.282680418484,0.423804843649,0.0,-0.130344736867,0.447479673635,0.0,0.255059328211,0.680270057819,0.0,-0.025509962126,0.784129239946,0.0,0.211941394537,0.690942571159,0.0,0.022057872188,0.797746924791,0.0,0.301699921571,0.882675020895,0.0,0.002222764934,0.972361612316,0.0,0.532583251595,0.45595279336,-0.000301772729,-0.327290384797
1391,1,0.207970639369,-0.012845945342,0.0,-0.207970639369,0.012845945342,0.0,0.268573705137,0.389438064288,0.0,-0.12139869988,0.41965166877,0.0,0.238771975802,0.625819433093,0.0,-0.021258705189,0.738415094429,0.0,0.197467223214,0.63350588377,0.0,0.021575110316,0.75072575634,0.0,0.288092010723,0.804217419754,0.0,0.005585167544,0.914939846182,0.0,0.533919304609,0.455309778452,-0.000308031216,-0.347750920087
1392,1,0.214552720119,-0.013339901167,0.0,-0.214552720119,0.013339901167,0.0,0.279474928159,0.390531271688,0.0,-0.120829474323,0.429885464483,0.0,0.242589216776,0.62027172511,0.0,-0.018556531113,0.75773049765,0.0,0.198150816857,0.628162219768,0.0,0.023934344603,0.767812100398,0.0,0.300758301936,0.804838086458,0.0,0.009619799105,0.940713960731,0.0,0.535432502627,0.455368623137,-0.000315003097,-0.337806465258
1393,1,0.188608992577,-0.01234049307,0.0,-0.188608992577,0.01234049307,0.0,0.247096691285,0.336094523464,0.0,-0.106848820253,0.377524694338,0.0,0.20914356931,0.527839271221,0.0,-0.020915940272,0.664222155252,0.0,0.165186743421,0.531990348956,0.0,0.006022805159,0.673997790819,0.0,0.26379273488,0.69659001116,0.0,0.008634112531,0.829971315554,0.0,0.535756543279,0.455067008734,-0.000297473744,-0.383036311446
1394,1,0.196475615277,-0.013586990461,0.0,-0.196475615277,0.013586990461,0.0,0.261083778675,0.35114901325,0.0,-0.108626220784,0.388317563415,0.0,0.219431813486,0.53318106595,0.0,-0.017283086046,0.69705991283,0.0,0.166748699092,0.533786822225,0.0,0.008470232693,0.709650966302,0.0,0.27994154453,0.711216928131,0.0,0.014447082512,0.873351033222,0.0,0.537648424506,0.454620137811,-0.000327908434,-0.364069172301
1395,1,0.204593011169,-0.015879753652,0.0,-0.204593011169,0.015879753652,0.0,0.273823974655,0.362555122548,0.0,-0.112043025959,0.405965763926,0.0,0.223520895122,0.538121712946,0.0,-0.016547643037,0.728591332022,0.0,0.165018343379,0.536347874939,0.0,0.011133856786,0.743789461759,0.0,0.288336228301,0.717838597828,0.0,0.015327353385,0.91275412271,0.0,0.538565680385,0.45291569829,-0.000365523912,-0.350436081672
1396,1,0.172553173209,-0.014062778934,0.0,-0.172553173209,0.014062778934,0.0,0.229838847534,0.29359989337,0.0,-0.090298175331,0.339479788409,0.0,0.188024363885,0.421476576274,0.0,-0.009827160887,0.61456324556,0.0,0.13861445298,0.422500394012,0.0,0.012788054961,0.627455987997,0.0,0.242647166897,0.577427404182,0.0,0.018539278425,0.76995827033,0.0,0.54027056694,0.452505022287,-0.000364900101,-0.416200647515
1397,1,0.177385831969,-0.015150152593,0.0,-0.177385831969,0.015150152593,0.0,0.237041940267,0.299999619725,0.0,-0.090482602197,0.347501672629,0.0,0.192933441526,0.41797050705,0.0,-0.007274103316,0.641830093816,0.0,0.147750856923,0.412301420082,0.0,0.014446036225,0.655648808182,0.0,0.239374374357,0.572975537021,0.0,0.022889801781,0.804358540681,0.0,0.54173001647,0.449969097972,-0.000364981825,-0.402243696908
1398,1,0.184385189837,-0.01560793463,0.0,-0.184385189837,0.01560793463,0.0,0.246298770545,0.316141005346,0.0,-0.092241372001,0.365533992332,0.0,0.1995313116,0.419893653264,0.0,-0.005940790603,0.672983433813,0.0,0.155953985536,0.411619611981,0.0,0.015628808833,0.688306485633,0.0,0.235912198251,0.579634304037,0.0,0.02513080787,0.845829078978,0.0,0.542433723807,0.447490796447,-0.000365559128,-0.386909583483
1399,1,0.170292739706,-0.015486260082,0.0,-0.170292739706,0.015486260082,0.0,0.227831610079,0.292473055966,0.0,-0.081754830751,0.340098292103,0.0,0.185305851642,0.371855161855,0.0,-0.00174507502,0.623747663377,0.0,0.148021097011,0.36454770674,0.0,0.019235673751,0.639317803912,0.0,0.218769259621,0.501542849488,0.0,0.024221561862,0.787771456036,0.0,0.542951777577,0.447099804878,-0.000354958349,-0.420314226663
1400,1,0.170141442168,-0.015547650842,0.0,-0.170141442168,0.015547650842,0.0,0.229800032854,0.285229541447,0.0,-0.079419091863,0.342635816056,0.0,0.185427152108,0.363895876614,0.0,0.000416922305,0.626587124182,0.0,0.150532555546,0.345755290835,0.0,0.021192014756,0.642115459939,0.0,0.213229391334,0.490300453651,0.0,0.026722862677,0.789987211947,0.0,0.543798387051,0.445853665471,-0.000340439509,-0.420455461654
1401,1,0.173168362686,-0.016158571706,0.0,-0.173168362686,0.016158571706,0.0,0.233201185285,0.29221603791,0.0,-0.079180075992,0.348123677358,0.0,0.184181662067,0.367279658979,0.0,0.001238869567,0.6353075148,0.0,0.152982090999,0.348585303628,0.0,0.022011908041,0.650649081281,0.0,0.216286885544,0.478686758532,0.0,0.030239286417,0.799901920221,0.0,0.544060513377,0.445707976818,-0.000336013611,-0.414858807065
1402,1,0.194044433364,-0.018156826551,0.0,-0.194044433364,0.018156826551,0.0,0.265312541076,0.330147493215,0.0,-0.084913859667,0.391684210137,0.0,0.194333446295,0.406711593722,0.0,0.006631388801,0.713666524217,0.0,0.15334991453,0.373116982003,0.0,0.028455409244,0.731453546319,0.0,0.216194358577,0.523320900569,0.0,0.03768416885,0.895106232135,0.0,0.545451238751,0.445738613605,-0.000304011512,-0.369985981466
1403,1,0.229872033407,-0.022441230843,0.0,-0.229872033407,0.022441230843,0.0,0.312140227926,0.39552343503,0.0,-0.098522012456,0.462355813564,0.0,0.230644688409,0.388018349046,0.0,0.009819869584,0.840102058128,0.0,0.181906359169,0.318928404788,0.0,0.034362112344,0.861797557233,0.0,0.248596571461,0.516600069439,0.0,0.046173591367,1.055606516674,0.0,0.545695498586,0.446485683322,-0.000284064095,-0.31381624921
1404,1,0.206792418508,-0.019658746104,0.0,-0.206792418508,0.019658746104,0.0,0.283544759963,0.355633407017,0.0,-0.084468004833,0.414544233841,0.0,0.208396743672,0.233370577108,0.0,0.014118418696,0.75410079034,0.0,0.168617203095,0.195015118601,0.0,0.035018962322,0.774860133618,0.0,0.225635009585,0.341890189969,0.0,0.044404532471,0.945645017243,0.0,0.547012120485,0.446409374475,-0.000253927894,-0.350366381577
1405,1,0.206703351904,-0.019924094683,0.0,-0.206703351904,0.019924094683,0.0,0.282857082528,0.355961144638,0.0,-0.082873513509,0.416057341968,0.0,0.20872156779,0.221256046895,0.0,0.015366413906,0.751022101001,0.0,0.169850958357,0.153107807207,0.0,0.038195571446,0.771767278187,0.0,0.194670147011,0.305542396164,0.0,0.044541123192,0.94024467326,0.0,0.547257319093,0.446780204773,-0.000250681303,-0.352111180164
1406,1,0.209757957992,-0.01976158925,0.0,-0.209757957992,0.01976158925,0.0,0.286751491972,0.360657514941,0.0,-0.082087024842,0.420930426148,0.0,0.211689876145,0.207946390097,0.0,0.017637562904,0.760248530512,0.0,0.163300966366,0.152486721313,0.0,0.041577921324,0.781607480408,0.0,0.191863269598,0.277476501555,0.0,0.045655410269,0.946874622728,0.0,0.547724112868,0.4463288486,-0.000261933543,-0.349281972678
1407,1,0.211656982051,-0.0199820343,0.0,-0.211656982051,0.0199820343,0.0,0.290919150007,0.363369318279,0.0,-0.080121971104,0.425385197017,0.0,0.209247921882,0.169444560146,0.0,0.020234365503,0.765820274483,0.0,0.167181464664,0.113608481717,0.0,0.045116759201,0.788065875672,0.0,0.198431878549,0.243221267155,0.0,0.04804685245,0.953428867177,0.0,0.548577681184,0.446141943336,-0.000264265575,-0.347709818956
1408,1,0.222730119997,-0.020925961659,0.0,-0.222730119997,0.020925961659,0.0,0.311575565966,0.380866927891,0.0,-0.079846636623,0.446451534525,0.0,0.205751910659,0.193010865654,0.0,0.025200223188,0.802246507494,0.0,0.15756166664,0.120357042742,0.0,0.050819384188,0.824569317762,0.0,0.18791390871,0.267467001429,0.0,0.05477827465,0.997583987042,0.0,0.550009310246,0.446160435677,-0.000247091986,-0.331786789667
1409,1,0.220415541062,-0.020632913308,0.0,-0.220415541062,0.020632913308,0.0,0.312645513904,0.376060715769,0.0,-0.076051483702,0.443753003229,0.0,0.207365690781,0.186993334899,0.0,0.028585010729,0.792792185761,0.0,0.161604362322,0.141369109276,0.0,0.053923777258,0.813995356469,0.0,0.194270021388,0.251414297291,0.0,0.058079756824,0.985966979711,0.0,0.551268786192,0.446172848344,-0.000249334611,-0.33627453744
1410,1,0.209516257055,-0.019637452515,0.0,-0.209516257055,0.019637452515,0.0,0.297848091067,0.356273419521,0.0,-0.07181021837,0.422553670257,0.0,0.196495286215,0.165777135415,0.0,0.02748667021,0.75100498148,0.0,0.155750191742,0.125350658889,0.0,0.051864047045,0.771196366142,0.0,0.177253463566,0.217297271383,0.0,0.055876217104,0.933842019017,0.0,0.551570639014,0.446146428585,-0.000247471966,-0.355250612382
1411,1,0.212613100143,-0.020124750956,0.0,-0.212613100143,0.020124750956,0.0,0.303973890298,0.361859436171,0.0,-0.073467074993,0.429586940502,0.0,0.197584550793,0.165847607868,0.0,0.027847436162,0.762422006437,0.0,0.159525424397,0.114645887763,0.0,0.053132423339,0.782887026435,0.0,0.183644845347,0.237582555054,0.0,0.056891732063,0.945158914181,0.0,0.551535442472,0.446087777615,-0.000249783508,-0.349987996562
1412,1,0.211525318816,-0.020648343735,0.0,-0.211525318816,0.020648343735,0.0,0.303315524257,0.360110439042,0.0,-0.073251127591,0.428779959635,0.0,0.205433430924,0.163558471662,0.0,0.028066131086,0.759315599612,0.0,0.174326619083,0.123630638073,0.0,0.053159493546,0.778640335922,0.0,0.212249686578,0.217533165445,0.0,0.057104678991,0.942512476737,0.0,0.55163320899,0.446307271719,-0.000251472928,-0.351069208321
1413,1,0.241073607056,-0.023740837116,0.0,-0.241073607056,0.023740837116,0.0,0.347614479755,0.410638808068,0.0,-0.083289573335,0.491455649004,0.0,0.238068079711,0.18171882583,0.0,0.032985573003,0.866929845258,0.0,0.202925314475,0.139107340157,0.0,0.061591318684,0.88862974688,0.0,0.249496892201,0.234740230556,0.0,0.066120099952,1.076111564584,0.0,0.551914289594,0.446202561259,-0.000256173313,-0.307619043563
1414,1,0.255399529203,-0.024954680997,0.0,-0.255399529203,0.024954680997,0.0,0.369901266553,0.435969227425,0.0,-0.087623016129,0.522174654071,0.0,0.240805282133,0.194930111862,0.0,0.035361244629,0.920916130351,0.0,0.199241800989,0.149335161573,0.0,0.065811987238,0.943752903073,0.0,0.24695409449,0.255015440329,0.0,0.0708537894,1.141685709455,0.0,0.552120923996,0.446070149541,-0.000248182565,-0.290078650821
1415,1,0.226024657892,-0.021967940599,0.0,-0.226024657892,0.021967940599,0.0,0.329158754377,0.386245008801,0.0,-0.077110290481,0.46349342839,0.0,0.213961352106,0.180955590413,0.0,0.031713797435,0.816331114123,0.0,0.167962767148,0.122861225457,0.0,0.059043257807,0.83678877643,0.0,0.209344919937,0.241727849885,0.0,0.062919969259,1.011213866384,0.0,0.55225391686,0.446115195751,-0.000239881221,-0.327627008396
1416,1,0.224667272522,-0.021958728602,0.0,-0.224667272522,0.021958728602,0.0,0.327681346974,0.383254850581,0.0,-0.077571288513,0.460430648817,0.0,0.20067811338,0.182615929116,0.0,0.031692698586,0.810660094862,0.0,0.160275813902,0.130703682741,0.0,0.058869195647,0.831004993496,0.0,0.183037230909,0.245230777966,0.0,0.06426203941,1.000730669896,0.0,0.552309140563,0.446333631873,-0.000240355264,-0.32964213471
1417,1,0.216967153439,-0.021361419263,0.0,-0.216967153439,0.021361419263,0.0,0.316144797311,0.369874405369,0.0,-0.075650261515,0.444377040798,0.0,0.205100493679,0.177966286478,0.0,0.030392449133,0.782465451072,0.0,0.160831424112,0.130987209563,0.0,0.056561396815,0.801305340449,0.0,0.205631705054,0.238842324377,0.0,0.060330596869,0.968340021405,0.0,0.55223941803,0.446411937475,-0.000251529738,-0.341384127356
1418,1,0.219718069989,-0.02171056674,0.0,-0.219718069989,0.02171056674,0.0,0.319504662941,0.376239048653,0.0,-0.078575057728,0.451005919632,0.0,0.208298150048,0.166960999047,0.0,0.031704366684,0.793995424668,0.0,0.164686543149,0.124653184904,0.0,0.057966717789,0.811852550651,0.0,0.212270073226,0.218049240012,0.0,0.06177388809,0.982168842808,0.0,0.55238725245,0.445833608508,-0.00025727367,-0.337180933098
1419,1,0.216345286418,-0.021406328559,0.0,-0.216345286418,0.021406328559,0.0,0.315315068039,0.370811104239,0.0,-0.076461232544,0.446191728432,0.0,0.220973863139,0.169468321859,0.0,0.031640561101,0.782803495569,0.0,0.188979664241,0.123750135464,0.0,0.057683396653,0.800454535816,0.0,0.224238258964,0.224451243384,0.0,0.061390057589,0.968097849603,0.0,0.552515804768,0.445843935013,-0.000260574743,-0.341982178146
1420,1,0.218134616291,-0.021508198207,0.0,-0.218134616291,0.021508198207,0.0,0.316636901491,0.3733034673,0.0,-0.07673245146,0.4491961368,0.0,0.213421222513,0.171121193415,0.0,0.032671533946,0.789024271317,0.0,0.170147276563,0.119392399666,0.0,0.061057165925,0.808474489677,0.0,0.216636945084,0.223593814128,0.0,0.060530643637,0.974807730875,0.0,0.552611678839,0.446090683341,-0.000262668356,-0.33916041139
1421,1,0.20259774459,-0.019991149013,0.0,-0.20259774459,0.019991149013,0.0,0.293614188938,0.346446102365,0.0,-0.07163504236,0.416607290438,0.0,0.197721236086,0.159534095925,0.0,0.029367375302,0.731780456123,0.0,0.158957616723,0.113738245691,0.0,0.054012961941,0.749180343356,0.0,0.199926452494,0.207608384394,0.0,0.057194768363,0.904132081939,0.0,0.552531376481,0.446108385921,-0.000262373127,-0.365498735629
1422,1,0.213625680032,-0.021197455468,0.0,-0.213625680032,0.021197455468,0.0,0.310000663923,0.363952120292,0.0,-0.075604714729,0.438862603563,0.0,0.206904735783,0.169898336248,0.0,0.031200283656,0.770982726955,0.0,0.162153124529,0.118911832998,0.0,0.057306342674,0.789817767383,0.0,0.205226325854,0.238048774531,0.0,0.060143251618,0.952523243549,0.0,0.552490159869,0.446225687861,-0.000255987048,-0.346797971397
1423,1,0.208293827143,-0.021106267587,0.0,-0.208293827143,0.021106267587,0.0,0.303403271924,0.353980445104,0.0,-0.073830032529,0.428371501528,0.0,0.200721533298,0.164755189801,0.0,0.030156782958,0.751681928377,0.0,0.161331666609,0.113413734125,0.0,0.055213085971,0.769411875006,0.0,0.204904983144,0.232841501998,0.0,0.058395865203,0.928181930386,0.0,0.5523994416,0.446399375796,-0.000255334657,-0.355779951763
1424,1,0.207823268833,-0.021545342066,0.0,-0.207823268833,0.021545342066,0.0,0.303279058329,0.352977840849,0.0,-0.074474389509,0.427557181942,0.0,0.19977804123,0.167319115871,0.0,0.029124336803,0.750154992819,0.0,0.156536313892,0.113250755556,0.0,0.053682588935,0.767014395254,0.0,0.204107555736,0.233373893246,0.0,0.058340814985,0.926913890414,0.0,0.552092418075,0.446638435125,-0.000254000537,-0.355947090284
1425,1,0.27441708287,-0.028803410649,0.0,-0.27441708287,0.028803410649,0.0,0.398609315816,0.467525044812,0.0,-0.101011500353,0.567057597064,0.0,0.287352966688,0.221988134026,0.0,0.037808476202,0.994130475176,0.0,0.21667927315,0.149392573906,0.0,0.072113678133,1.016470439705,0.0,0.293890066044,0.305591383975,0.0,0.070876170558,1.228650593547,0.0,0.551032811403,0.446756884456,-0.000247583259,-0.268472126179
1426,1,0.272081803438,-0.029140151971,0.0,-0.272081803438,0.029140151971,0.0,0.392840081654,0.463922874208,0.0,-0.102303020502,0.562442846347,0.0,0.284137380111,0.217413082286,0.0,0.035977657136,0.984418637006,0.0,0.210145980711,0.149459509034,0.0,0.069675304828,1.005725126969,0.0,0.302503175141,0.288297586916,0.0,0.068319158041,1.217994461435,0.0,0.550318941474,0.446198880672,-0.000241972506,-0.271664035902
1427,1,0.224295524188,-0.024368476281,0.0,-0.224295524188,0.024368476281,0.0,0.32167944309,0.381857256617,0.0,-0.086249272317,0.462088576437,0.0,0.241653046851,0.177243538874,0.0,0.027584110079,0.809159762565,0.0,0.199729015163,0.123786408092,0.0,0.05553568642,0.826056635036,0.0,0.254072046346,0.236103716299,0.0,0.054235705273,1.001110554196,0.0,0.54956586659,0.445916458964,-0.000254648039,-0.330856426391
1428,1,0.24228337369,-0.026401701024,0.0,-0.24228337369,0.026401701024,0.0,0.346451842956,0.41422085991,0.0,-0.094159617912,0.499699544855,0.0,0.287950504547,0.183444067491,0.0,0.028750630718,0.875101430236,0.0,0.250239004995,0.134269023764,0.0,0.058725287103,0.892296795184,0.0,0.327401793346,0.231912212297,0.0,0.056961934559,1.084093856858,0.0,0.549249261618,0.44583567977,-0.000259943074,-0.30607609375
1429,1,0.291175617429,-0.031535535302,0.0,-0.291175617429,0.031535535302,0.0,0.416003931909,0.500313110081,0.0,-0.114211459398,0.602102316654,0.0,0.342953336485,0.217925497177,0.0,0.034785685117,1.054685605015,0.0,0.294573344085,0.161177305651,0.0,0.072971793963,1.074937345791,0.0,0.385038124129,0.279106153582,0.0,0.067338427662,1.30713171186,0.0,0.548924922943,0.44568400085,-0.000262334826,-0.254147074946
1430,1,0.279717781205,-0.029809347673,0.0,-0.279717781205,0.029809347673,0.0,0.397469144787,0.483596902588,0.0,-0.11178725137,0.579882804062,0.0,0.326479513358,0.205572680641,0.0,0.031689308329,1.016386644321,0.0,0.278255195143,0.154922214117,0.0,0.067851404985,1.035101840574,0.0,0.36677196748,0.257004477814,0.0,0.06223682357,1.257868641488,0.0,0.54824642837,0.445155620575,-0.000264825067,-0.264445662371
1431,1,0.231970033256,-0.024711285812,0.0,-0.231970033256,0.024711285812,0.0,0.329050478899,0.402868095863,0.0,-0.092551999966,0.480079977326,0.0,0.270041438252,0.171499064502,0.0,0.025603597522,0.842204644355,0.0,0.234372450514,0.131455658579,0.0,0.056119469933,0.856726354409,0.0,0.298860248576,0.217568860356,0.0,0.05123568054,1.044992946149,0.0,0.547994539142,0.44515272975,-0.000266910996,-0.318576399881
1432,1,0.281150442602,-0.029333753312,0.0,-0.281150442602,0.029333753312,0.0,0.398957963496,0.490471386604,0.0,-0.111479820082,0.582672985455,0.0,0.330377890679,0.200663710173,0.0,0.031677293696,1.022010957889,0.0,0.286442392136,0.150699372471,0.0,0.069505353033,1.041952912856,0.0,0.370554991269,0.245177537206,0.0,0.06202235628,1.26696341314,0.0,0.547968268394,0.444989189506,-0.000266894931,-0.262760774456
1433,1,0.22452374079,-0.0231574864,0.0,-0.22452374079,0.0231574864,0.0,0.315396911558,0.390070428643,0.0,-0.087796620543,0.463427518294,0.0,0.265527037252,0.189392361271,0.0,0.022022663246,0.815460039336,0.0,0.224843878279,0.129605825582,0.0,0.052380347614,0.83715338082,0.0,0.292708139741,0.249665256204,0.0,0.045402291402,1.008642835716,0.0,0.546958610415,0.445454001427,-0.000277683139,-0.329360416129
1434,1,0.205401250175,-0.021010419724,0.0,-0.205401250175,0.021010419724,0.0,0.286701793193,0.355825450045,0.0,-0.080512853632,0.423751091879,0.0,0.233902586854,0.179081567124,0.0,0.018109567837,0.74447193994,0.0,0.202421761859,0.124715181071,0.0,0.045690208174,0.762492146316,0.0,0.263668814711,0.247149160343,0.0,0.039483437763,0.921532190587,0.0,0.54614636302,0.446070060134,-0.000273577869,-0.359849825443
1435,1,0.197353842231,-0.020228356338,0.0,-0.197353842231,0.020228356338,0.0,0.276232881799,0.342149495678,0.0,-0.077356274039,0.407867174861,0.0,0.212188561711,0.165404452499,0.0,0.017628200278,0.715903229389,0.0,0.193973941734,0.11336305627,0.0,0.04392386593,0.732316615048,0.0,0.242742703054,0.235856459167,0.0,0.038309292198,0.885363761419,0.0,0.546145752072,0.446102157235,-0.00026634708,-0.374523937797
1436,1,0.206656829165,-0.020858265101,0.0,-0.206656829165,0.020858265101,0.0,0.288059941137,0.358466944431,0.0,-0.081141485083,0.42389721273,0.0,0.234749042391,0.203490973243,0.0,0.017510946865,0.748359484084,0.0,0.202102715822,0.13742579485,0.0,0.043769650231,0.765905666754,0.0,0.256045779016,0.284264250408,0.0,0.03952338217,0.923606484697,0.0,0.545859709382,0.446123033762,-0.000266307034,-0.358194843969
1437,1,0.214832196581,-0.021189191203,0.0,-0.214832196581,0.021189191203,0.0,0.295559808833,0.378213879881,0.0,-0.084840869112,0.437888835562,0.0,0.246695599821,0.264675407245,0.0,0.01806982362,0.773934226986,0.0,0.225821422152,0.203555531949,0.0,0.046245497185,0.79296932975,0.0,0.26789065977,0.361803832367,0.0,0.040149079092,0.956809508776,0.0,0.545277521014,0.446553111076,-0.000274279155,-0.345313660666
1438,1,0.222593380372,-0.021849519771,0.0,-0.222593380372,0.021849519771,0.0,0.307570213483,0.395440522025,0.0,-0.090390464112,0.453570503069,0.0,0.254522760541,0.346545569118,0.0,0.016194732204,0.800424722114,0.0,0.231665097874,0.280148054442,0.0,0.042347379627,0.820831201514,0.0,0.286183691012,0.446000131958,0.0,0.040250334842,0.993640742283,0.0,0.544508188963,0.446889266372,-0.000282279681,-0.332494155427
1439,1,0.174204000966,-0.017302811418,0.0,-0.174204000966,0.017302811418,0.0,0.239458491844,0.301981764915,0.0,-0.077554060653,0.353431321664,0.0,0.209347055508,0.361388433402,0.0,0.006104266349,0.619190386452,0.0,0.182498255808,0.350811816794,0.0,0.026455641893,0.635093639063,0.0,0.270120159229,0.456965760735,0.0,0.024889340012,0.776493876194,0.0,0.541718408465,0.447275817394,-0.000336416066,-0.423773560051
1440,1,0.169623508431,-0.016809178326,0.0,-0.169623508431,0.016809178326,0.0,0.232954092816,0.275236920955,0.0,-0.077887483787,0.334222625273,0.0,0.208172046092,0.348824125284,0.0,0.00358314589,0.605829208679,0.0,0.17799218564,0.341658040788,0.0,0.024182754113,0.620009507589,0.0,0.264931520176,0.464490259384,0.0,0.023143155724,0.760529546868,0.0,0.54101575911,0.447276607156,-0.000367952045,-0.431325930629
1441,1,0.168495788839,-0.016197828605,0.0,-0.168495788839,0.016197828605,0.0,0.231836184683,0.275689301382,0.0,-0.078958374709,0.331365230188,0.0,0.206998487973,0.359339934349,0.0,0.00229844968,0.605195395462,0.0,0.176621347032,0.349429235515,0.0,0.023296458104,0.620144688614,0.0,0.259595390851,0.482068042807,0.0,0.022167060874,0.760103248984,0.0,0.540614679456,0.447020709515,-0.000364854001,-0.43175738867
1442,1,0.17353514539,-0.0167884591,0.0,-0.17353514539,0.0167884591,0.0,0.232906261345,0.284422449268,0.0,-0.085412907946,0.340465907213,0.0,0.207162925009,0.380030265661,0.0,-0.003676477835,0.6218282892,0.0,0.175998940682,0.373752148146,0.0,0.01800071543,0.63789041031,0.0,0.258565207507,0.521264752166,0.0,0.017722256269,0.781435113355,0.0,0.538472786546,0.447108328342,-0.000340897124,-0.419541247277
1443,1,0.176725763492,-0.016824045761,0.0,-0.176725763492,0.016824045761,0.0,0.235992441997,0.292707701724,0.0,-0.088214007483,0.342188264809,0.0,0.20994237229,0.420820484116,0.0,-0.006618334294,0.632921687703,0.0,0.166984141319,0.42170264273,0.0,0.016587075595,0.648216314414,0.0,0.265290373407,0.586508396079,0.0,0.021153449629,0.799700992868,0.0,0.538147076964,0.446954488754,-0.000352087896,-0.409927845449
1444,1,0.163161285342,-0.015336630737,0.0,-0.163161285342,0.015336630737,0.0,0.215626976113,0.275493697527,0.0,-0.085338762023,0.317754725467,0.0,0.190789776768,0.420233325009,0.0,-0.010129509548,0.584359330362,0.0,0.15111187744,0.419360886082,0.0,0.010987180804,0.599590800448,0.0,0.243257220779,0.567132404045,0.0,0.016129162404,0.739827164951,0.0,0.536592558026,0.447066053748,-0.000335565303,-0.441959242178
1445,1,0.161858008252,-0.014735472078,0.0,-0.161858008252,0.014735472078,0.0,0.212694976925,0.283687578904,0.0,-0.087415100708,0.317433220074,0.0,0.18687533647,0.451495111805,0.0,-0.013083765446,0.582995142664,0.0,0.144992043312,0.457312598054,0.0,0.007151951216,0.598287266325,0.0,0.244723009885,0.595071296156,0.0,0.01322000461,0.737408221645,0.0,0.535547748208,0.44694507122,-0.000337331789,-0.443406327339
1446,1,0.188593808724,-0.016259615459,0.0,-0.188593808724,0.016259615459,0.0,0.245818230256,0.340645323666,0.0,-0.105121335446,0.370238140532,0.0,0.214704636919,0.558801219354,0.0,-0.018735258791,0.67966168746,0.0,0.165891091688,0.576808941825,0.0,0.008180362741,0.697761521042,0.0,0.288787592623,0.723099307512,0.0,0.007961716738,0.859842655055,0.0,0.5342245996,0.447406575084,-0.000327731996,-0.379197698688
1447,1,0.189145962384,-0.014929350566,0.0,-0.189145962384,0.014929350566,0.0,0.243008979345,0.358637883278,0.0,-0.106149499595,0.373726148693,0.0,0.211492596714,0.580704486978,0.0,-0.021568761077,0.677688128619,0.0,0.162925798264,0.599832113208,0.0,0.006799347067,0.695771412361,0.0,0.292492721188,0.752771386431,0.0,0.00503257862,0.857530381099,0.0,0.533129259944,0.448216110468,-0.000289371237,-0.379198648391
1448,1,0.204706169811,-0.01502186448,0.0,-0.204706169811,0.01502186448,0.0,0.258364079842,0.396595795814,0.0,-0.117891661,0.403859243576,0.0,0.224029516886,0.665810883188,0.0,-0.026249051813,0.731763470812,0.0,0.171898895997,0.693115419072,0.0,0.005032714696,0.751439197432,0.0,0.312646226885,0.845712816714,0.0,0.002023276291,0.923333893384,0.0,0.531738325953,0.448734924197,-0.000284786569,-0.351237881683
1449,1,0.202572747546,-0.013739117989,0.0,-0.202572747546,0.013739117989,0.0,0.253301507391,0.399892169315,0.0,-0.118892867903,0.400730191243,0.0,0.220941511873,0.684351234416,0.0,-0.026815439875,0.725257674003,0.0,0.171960215341,0.716925067691,0.0,0.006350611266,0.747188241829,0.0,0.306094196969,0.865150806128,0.0,-0.000460230673,0.912432504684,0.0,0.530842393637,0.449745088816,-0.000267442316,-0.354275616937
1450,1,0.259828463546,-0.016931526669,0.0,-0.259828463546,0.016931526669,0.0,0.319805366126,0.517374194095,0.0,-0.154345901369,0.515381489284,0.0,0.282023161464,0.894366018869,0.0,-0.036162862661,0.932486410188,0.0,0.226678198652,0.929768634909,0.0,0.009634225706,0.959435760394,0.0,0.388662819752,1.125503616374,0.0,-0.003509050175,1.164562182081,0.0,0.530228540301,0.450859457254,-0.00028643664,-0.276620878249
1451,1,0.232236861216,-0.013818824782,0.0,-0.232236861216,0.013818824782,0.0,0.27582550972,0.461904970533,0.0,-0.142361261879,0.461439838819,0.0,0.246587395577,0.81025901252,0.0,-0.036044727426,0.828194752902,0.0,0.19724113175,0.846010893481,0.0,0.006136700554,0.853904480545,0.0,0.338806055062,1.017813704539,0.0,-0.003451665726,1.033791430766,0.0,0.528697490692,0.452388063073,-0.000283036381,-0.309984530154
1452,1,0.225713908388,-0.012250822123,0.0,-0.225713908388,0.012250822123,0.0,0.261216755922,0.446215109007,0.0,-0.142328589167,0.447004707191,0.0,0.236538155409,0.78848304002,0.0,-0.038628652931,0.80465686162,0.0,0.188318182074,0.823968632676,0.0,0.003056504559,0.831079517598,0.0,0.325955460847,0.994344977788,0.0,-0.003315046387,1.003071631914,0.0,0.527472421527,0.453813537955,-0.000291975215,-0.317801585411
1453,1,0.221651839768,-0.010502036119,0.0,-0.221651839768,0.010502036119,0.0,0.252082618079,0.438625878415,0.0,-0.142209835841,0.43793423204,0.0,0.230715362238,0.777049834606,0.0,-0.039544027294,0.792895646966,0.0,0.18514537745,0.814636613471,0.0,0.00453997973,0.823504831258,0.0,0.31858446316,0.977372048159,0.0,-0.005354718844,0.984561846119,0.0,0.52679939568,0.454769253731,-0.000300587155,-0.32273630414
1454,1,0.223293672199,-0.010488103527,0.0,-0.223293672199,0.010488103527,0.0,0.245588831835,0.438892420409,0.0,-0.1477045877,0.439954619358,0.0,0.221769538928,0.782398782687,0.0,-0.045215351873,0.798051587864,0.0,0.172245068509,0.822970486308,0.0,-0.000594107353,0.831954919078,0.0,0.310823328399,0.972434618787,0.0,-0.009339100925,0.985108970708,0.0,0.525151416659,0.454540073872,-0.00032517314,-0.321872134214
1455,1,0.235667376128,-0.010462627255,0.0,-0.235667376128,0.010462627255,0.0,0.250263231398,0.468295984683,0.0,-0.159594881677,0.46621158545,0.0,0.226917337139,0.824354155558,0.0,-0.05332497206,0.840871107143,0.0,0.175597789152,0.858510936604,0.0,-0.005642076914,0.874519683277,0.0,0.316552927281,1.025222584783,0.0,-0.01479424204,1.034871276424,0.0,0.523268386722,0.454699441791,-0.000324014574,-0.30623027046
1456,1,0.234640306953,-0.009916514676,0.0,-0.234640306953,0.009916514676,0.0,0.243960454927,0.465093847594,0.0,-0.1609233991,0.463697306753,0.0,0.220283065439,0.812637132805,0.0,-0.057171374756,0.836135500938,0.0,0.169367610788,0.85052750106,0.0,-0.009831506158,0.869526226999,0.0,0.304890164685,1.018249693565,0.0,-0.01534912051,1.028607565106,0.0,0.521978512406,0.454840525985,-0.000323446468,-0.307809614795
1457,1,0.232039572411,-0.009618059226,0.0,-0.232039572411,0.009618059226,0.0,0.235220176368,0.457695005372,0.0,-0.163281847829,0.457593724424,0.0,0.207909482117,0.802942838316,0.0,-0.063645473187,0.825135596063,0.0,0.160373364758,0.841254554472,0.0,-0.018153320016,0.857835201127,0.0,0.292575194983,1.007509714733,0.0,-0.020774585606,1.015556199401,0.0,0.520262673497,0.454831987619,-0.000319210812,-0.311909222609
1458,1,0.180591514051,-0.007354208062,0.0,-0.180591514051,0.007354208062,0.0,0.173489025184,0.356055815555,0.0,-0.135632257642,0.356338948532,0.0,0.151803254855,0.619696930828,0.0,-0.059153341555,0.642333888176,0.0,0.113766926878,0.64910350248,0.0,-0.023379400715,0.667676222755,0.0,0.215900902675,0.780919598988,0.0,-0.027557545278,0.790826427794,0.0,0.516465857625,0.454706117511,-0.000309675466,-0.400826653746
1459,1,0.227938536956,-0.007862664672,0.0,-0.227938536956,0.007862664672,0.0,0.213979441071,0.451114516438,0.0,-0.169936048074,0.450189502573,0.0,0.187354115342,0.787188906368,0.0,-0.078781361841,0.810257890833,0.0,0.140506657033,0.821876177337,0.0,-0.031249505622,0.842017137142,0.0,0.264677690909,0.988801483165,0.0,-0.042688781346,0.997502230997,0.0,0.515012457967,0.454241082072,-0.00031273067,-0.318316250245
1460,1,0.213662470134,-0.007061269934,0.0,-0.213662470134,0.007061269934,0.0,0.193206083122,0.42521077968,0.0,-0.165776446449,0.424665565021,0.0,0.167692098856,0.738313601496,0.0,-0.082800202952,0.762108855585,0.0,0.123454643205,0.770429634817,0.0,-0.038119562147,0.791607365139,0.0,0.238140916605,0.932854438473,0.0,-0.04900975797,0.938475224495,0.0,0.512004315853,0.454323619604,-0.000312659424,-0.338246171803
1461,1,0.192231708489,-0.005798047803,0.0,-0.192231708489,0.005798047803,0.0,0.171478310204,0.381114606611,0.0,-0.148333594035,0.380171119269,0.0,0.146784641651,0.666526174254,0.0,-0.078270559463,0.68495297896,0.0,0.107470954666,0.697817607699,0.0,-0.038030871777,0.711536945451,0.0,0.20984075559,0.839210469222,0.0,-0.047881943074,0.843306932381,0.0,0.510529741645,0.454107820988,-0.00030656904,-0.3766482878
1462,1,0.225818964039,-0.006518419308,0.0,-0.225818964039,0.006518419308,0.0,0.196918604654,0.44831468671,0.0,-0.176752189779,0.44670846112,0.0,0.162933412016,0.787731810348,0.0,-0.098414517273,0.804918498451,0.0,0.116346276369,0.825407718607,0.0,-0.051434647583,0.836008658912,0.0,0.240487659505,0.986514671223,0.0,-0.063226698514,0.990185513331,0.0,0.508402720094,0.453984856606,-0.000320624094,-0.320914429054
1463,1,0.266465526098,-0.006570682659,0.0,-0.266465526098,0.006570682659,0.0,0.227237671091,0.529078552659,0.0,-0.210173564002,0.527278602254,0.0,0.185513018989,0.929976180117,0.0,-0.12212489673,0.949441751649,0.0,0.130482574613,0.972408830203,0.0,-0.06811326539,0.985751684139,0.0,0.272457707933,1.160889788553,0.0,-0.081186083034,1.16716731238,0.0,0.50674931705,0.453542336822,-0.000322800595,-0.272599419552
1464,1,0.251373143309,-0.005617438882,0.0,-0.251373143309,0.005617438882,0.0,0.210369745468,0.498173907226,0.0,-0.198891770853,0.496116475265,0.0,0.166759300923,0.874652502505,0.0,-0.121872109657,0.893218317891,0.0,0.114981316102,0.915537384207,0.0,-0.071232311491,0.927326091077,0.0,0.247647439929,1.092057768956,0.0,-0.083962980117,1.097671918578,0.0,0.504529565573,0.453379243612,-0.000321520492,-0.289935850263
1465,1,0.243000162036,-0.005159065709,0.0,-0.243000162036,0.005159065709,0.0,0.201946091922,0.484203557032,0.0,-0.193478243166,0.482344887593,0.0,0.155619834458,0.849277944833,0.0,-0.124235817587,0.868119237797,0.0,0.105355086804,0.889027671503,0.0,-0.075487479013,0.901233227023,0.0,0.232122412966,1.060246910405,0.0,-0.088213014682,1.066525411103,0.0,0.502643197775,0.453275859356,-0.000319300219,-0.298493116614
1466,1,0.259346872962,-0.004814446437,0.0,-0.259346872962,0.004814446437,0.0,0.211267514986,0.519964391419,0.0,-0.210763797103,0.518051676956,0.0,0.158210623342,0.910592255879,0.0,-0.142203338519,0.930792156834,0.0,0.104291286155,0.952996435201,0.0,-0.091823626043,0.965358083259,0.0,0.23950248718,1.139012039418,0.0,-0.103156421757,1.14462254001,0.0,0.500227436423,0.453058332205,-0.000322918873,-0.278310794836
1467,1,0.27581435087,-0.004587265546,0.0,-0.27581435087,0.004587265546,0.0,0.221644242022,0.553597031255,0.0,-0.226393077509,0.55127721026,0.0,0.162370731937,0.968205085795,0.0,-0.157983293908,0.990511074415,0.0,0.105048016644,1.013043192636,0.0,-0.105192621173,1.027234020662,0.0,0.246249214921,1.211158228361,0.0,-0.117949473268,1.217937561925,0.0,0.498600184917,0.452851682901,-0.000326445792,-0.261741107493
1468,1,0.280749937581,-0.004315627456,0.0,-0.280749937581,0.004315627456,0.0,0.2262123883,0.565817012532,0.0,-0.234991150292,0.562762106033,0.0,0.162072360317,0.987487956436,0.0,-0.167665433941,1.010699531381,0.0,0.101752185004,1.032994239477,0.0,-0.11403743423,1.048045536846,0.0,0.243191150248,1.235990697306,0.0,-0.127589966735,1.242410623617,0.0,0.496864363551,0.452738747001,-0.0003304407,-0.256590728281
1469,1,0.272832111599,-0.00376835989,0.0,-0.272832111599,0.00376835989,0.0,0.216394404435,0.549002896298,0.0,-0.232121817844,0.545151904333,0.0,0.149556860414,0.957525981292,0.0,-0.169760346518,0.979615165072,0.0,0.0909853345,1.001409121874,0.0,-0.118190286901,1.015870072257,0.0,0.231818721144,1.199728575001,0.0,-0.132479452508,1.203972603338,0.0,0.494927078485,0.452613443136,-0.000330943614,-0.265087219202
1470,1,0.269516715567,-0.003598861731,0.0,-0.269516715567,0.003598861731,0.0,0.206706258982,0.541612110773,0.0,-0.234702322409,0.537453086008,0.0,0.137011042721,0.942709248703,0.0,-0.177873777104,0.964121427984,0.0,0.079476166321,0.985673564849,0.0,-0.127295635396,0.999505410796,0.0,0.213325853382,1.183265280358,0.0,-0.141805310776,1.187481752055,0.0,0.492101103067,0.452580273151,-0.000329905655,-0.268728069056
1471,1,0.266575859257,-0.003193142329,0.0,-0.266575859257,0.003193142329,0.0,0.203448587342,0.534599785423,0.0,-0.228737521949,0.530008898069,0.0,0.132207349217,0.929993268034,0.0,-0.178570104275,0.94996471104,0.0,0.075618530961,0.972272839789,0.0,-0.128772005472,0.983368596415,0.0,0.207740497068,1.167232070606,0.0,-0.142658438751,1.171923820519,0.0,0.49130295217,0.45247387886,-0.000327807385,-0.272427564601
1472,1,0.262854567859,-0.002883003282,0.0,-0.262854567859,0.002883003282,0.0,0.200176166078,0.530605465238,0.0,-0.229274309522,0.525093241116,0.0,0.127612514827,0.923507361427,0.0,-0.18066835042,0.945523476778,0.0,0.071441711419,0.965429659231,0.0,-0.131340120841,0.980320110671,0.0,0.201561983205,1.158551368106,0.0,-0.148213071225,1.163567750398,0.0,0.490327298641,0.452294051647,-0.000323807821,-0.27455732967
1473,1,0.276824301839,-0.002718622836,0.0,-0.276824301839,0.002718622836,0.0,0.205780157797,0.554279310567,0.0,-0.240072853205,0.548543013549,0.0,0.129101895448,0.962959456626,0.0,-0.193889889846,0.985872210614,0.0,0.069575707801,1.006453112574,0.0,-0.142370045032,1.021805775928,0.0,0.208568468555,1.208247109838,0.0,-0.160390922302,1.213724160979,0.0,0.488977238536,0.452811226249,-0.00032064761,-0.262793412918
1474,1,0.288292226261,-0.002546388828,0.0,-0.288292226261,0.002546388828,0.0,0.21654752216,0.571236004817,0.0,-0.251664295269,0.569155290197,0.0,0.130948435858,0.994348898527,0.0,-0.204186620723,1.021557282647,0.0,0.069194485231,1.03790908806,0.0,-0.150194103312,1.058006321206,0.0,0.214581826654,1.253976971089,0.0,-0.170045742367,1.26050124175,0.0,0.488168984652,0.452997580171,-0.000320662977,-0.252888982967
1475,1,0.282422097293,-0.002251494662,0.0,-0.282422097293,0.002251494662,0.0,0.213023753949,0.560202433163,0.0,-0.250222099194,0.558557812722,0.0,0.124957344855,0.978294872554,0.0,-0.202252301932,1.004083866457,0.0,0.064735705216,1.0216583408,0.0,-0.148926238012,1.04134229022,0.0,0.205074948453,1.234474081578,0.0,-0.171585117919,1.240776990834,0.0,0.487453773618,0.452886119485,-0.000320518389,-0.256957119656
1476,1,0.241999563205,-0.001511240968,0.0,-0.241999563205,0.001511240968,0.0,0.179481084138,0.477845486701,0.0,-0.214197311456,0.475382233543,0.0,0.103357140676,0.833196615118,0.0,-0.175232011941,0.856029502474,0.0,0.052582663446,0.868754203762,0.0,-0.13076902842,0.887250920249,0.0,0.171264381032,1.050440454459,0.0,-0.147713966518,1.058447014736,0.0,0.486520186067,0.45244346559,-0.000320582418,-0.301791607247
1477,1,0.243344506618,-0.001383358307,0.0,-0.243344506618,0.001383358307,0.0,0.178978638233,0.481549866215,0.0,-0.216145371974,0.478544757864,0.0,0.101893571175,0.84014713051,0.0,-0.178907926291,0.862552174508,0.0,0.049067871825,0.87514824887,0.0,-0.136020089229,0.893706205191,0.0,0.169957942651,1.057899732214,0.0,-0.150792420573,1.06599689602,0.0,0.48588116467,0.452393963933,-0.000319513958,-0.299658737032
1478,1,0.261265160916,-0.0015057482,0.0,-0.261265160916,0.0015057482,0.0,0.191473396187,0.515972629118,0.0,-0.230439252748,0.512750790424,0.0,0.108297937068,0.900889862063,0.0,-0.193377239021,0.924089103917,0.0,0.051242749837,0.937800139506,0.0,-0.148449446465,0.956900583662,0.0,0.18591680066,1.133472389831,0.0,-0.162538330976,1.142299520317,0.0,0.485609233379,0.452394127846,-0.000318738399,-0.279685951227
1479,1,0.261599339248,-0.001462062,0.0,-0.261599339248,0.001462062,0.0,0.1919070407,0.516672970334,0.0,-0.231950896762,0.513987698576,0.0,0.107390627732,0.904902293107,0.0,-0.194359442206,0.928024172862,0.0,0.050577763346,0.942152560696,0.0,-0.149276615685,0.96135687913,0.0,0.185081164919,1.138209231811,0.0,-0.164730013897,1.146778002573,0.0,0.485280588269,0.451934546232,-0.000321159372,-0.278992536873
1480,1,0.267251387296,-0.001654154126,0.0,-0.267251387296,0.001654154126,0.0,0.195232111951,0.529328445799,0.0,-0.237292514449,0.526371280436,0.0,0.108588150704,0.92714229152,0.0,-0.200350795745,0.950305696752,0.0,0.050260714975,0.965012592944,0.0,-0.154677732005,0.984345785767,0.0,0.186498799114,1.164796061161,0.0,-0.168508301486,1.173113731013,0.0,0.484906211495,0.4517827034,-0.000316443155,-0.272609990153
1481,1,0.270101243322,-0.001706244716,0.0,-0.270101243322,0.001706244716,0.0,0.197585372739,0.535921414829,0.0,-0.239366160047,0.532551074017,0.0,0.109805285482,0.939023070277,0.0,-0.202900413253,0.961325332066,0.0,0.050664466273,0.977899806621,0.0,-0.156836728797,0.995759537513,0.0,0.187663963779,1.178548919386,0.0,-0.168441427516,1.187479116711,0.0,0.484865114093,0.45180760324,-0.000319963787,-0.269396362136
1482,1,0.275026781213,-0.001782537498,0.0,-0.275026781213,0.001782537498,0.0,0.200964443899,0.544605827578,0.0,-0.243153711748,0.541078284419,0.0,0.110718805645,0.954991065173,0.0,-0.206338351151,0.976834369342,0.0,0.050985539222,0.994678622608,0.0,-0.1598970858,1.011520303879,0.0,0.189798947247,1.196555629516,0.0,-0.173946802962,1.207904627632,0.0,0.484716057777,0.451801896095,-0.000319767743,-0.265214190808
1483,1,0.276883551453,-0.00194956798,0.0,-0.276883551453,0.00194956798,0.0,0.202722725116,0.547314251728,0.0,-0.244750654045,0.544715807901,0.0,0.111362815372,0.962015979532,0.0,-0.207677591975,0.984462164254,0.0,0.051472168445,1.001933351414,0.0,-0.161013042224,1.019338491778,0.0,0.191271748689,1.207426875354,0.0,-0.1748091323,1.216456060516,0.0,0.484695732594,0.451597079635,-0.000321862753,-0.263518553685
1484,1,0.285721141524,-0.001937957857,0.0,-0.285721141524,0.001937957857,0.0,0.209273353828,0.566651300026,0.0,-0.251903522975,0.562675325277,0.0,0.116487805559,0.992982647265,0.0,-0.214282260056,1.01644806704,0.0,0.054383836557,1.033938199456,0.0,-0.166142305734,1.05191286512,0.0,0.202865022177,1.246052844571,0.0,-0.178633923117,1.257215323041,0.0,0.484746769071,0.45171020925,-0.000320393825,-0.255255214313
1485,1,0.282303504814,-0.001707362261,0.0,-0.282303504814,0.001707362261,0.0,0.206910549483,0.560225177811,0.0,-0.249227477853,0.556021747786,0.0,0.114936321265,0.979766669995,0.0,-0.211424524368,1.003984093342,0.0,0.053774787852,1.021125892781,0.0,-0.162587768945,1.040059900597,0.0,0.19834138014,1.232088983478,0.0,-0.178187226339,1.243013425636,0.0,0.484754145145,0.451490536332,-0.000318962382,-0.258345450449
1486,1,0.286281494792,-0.00196012593,0.0,-0.286281494792,0.00196012593,0.0,0.209909731302,0.568714715121,0.0,-0.252111308105,0.564534876487,0.0,0.117990030784,0.993534909796,0.0,-0.214592241352,1.018429258134,0.0,0.054829104092,1.035418732724,0.0,-0.165155122076,1.054651561375,0.0,0.202035404059,1.249338599854,0.0,-0.180438673837,1.260426161955,0.0,0.484799057245,0.451637595892,-0.000323593733,-0.254641443102
1487,1,0.284316346258,-0.001801436842,0.0,-0.284316346258,0.001801436842,0.0,0.209092129511,0.565019645165,0.0,-0.250053990711,0.560126285309,0.0,0.117399476784,0.987670783884,0.0,-0.212661168482,1.01193992333,0.0,0.054988384341,1.029029592538,0.0,-0.163685480007,1.047690308612,0.0,0.200074190281,1.241303464017,0.0,-0.179292002841,1.252398459285,0.0,0.484933644533,0.451586380601,-0.000324364053,-0.256318884566
1488,1,0.287609142982,-0.001925822196,0.0,-0.287609142982,0.001925822196,0.0,0.211678471904,0.570462727408,0.0,-0.25300725,0.566050332883,0.0,0.119383867925,0.998694752211,0.0,-0.213335206937,1.023304028439,0.0,0.056359503745,1.040712562762,0.0,-0.161277981865,1.060086132988,0.0,0.201883393465,1.254863614698,0.0,-0.183144062328,1.263397269898,0.0,0.485029950738,0.451611801982,-0.000324882334,-0.253459191732
1489,1,0.260667326177,-0.001654552769,0.0,-0.260667326177,0.001654552769,0.0,0.192435167549,0.516905395024,0.0,-0.22880397466,0.512534846081,0.0,0.108223875881,0.906531376234,0.0,-0.192582658379,0.927418551912,0.0,0.050968959547,0.944775972359,0.0,-0.145660311841,0.960626277544,0.0,0.181579394564,1.138139756249,0.0,-0.165391022907,1.146172940809,0.0,0.485230401158,0.451557442546,-0.000317519065,-0.279452030448
1490,1,0.262319555109,-0.001673021681,0.0,-0.262319555109,0.001673021681,0.0,0.194423587189,0.521992277801,0.0,-0.230136394835,0.516386550644,0.0,0.11086161775,0.913210072355,0.0,-0.192640112861,0.934561240939,0.0,0.053394207178,0.951409596392,0.0,-0.144950368369,0.96792944256,0.0,0.184232597091,1.147187585654,0.0,-0.165570345802,1.154021782741,0.0,0.485719159245,0.451556846499,-0.000315024052,-0.27723994844
1491,1,0.268006941118,-0.001855849201,0.0,-0.268006941118,0.001855849201,0.0,0.200824759218,0.535316616328,0.0,-0.234541042846,0.529855306173,0.0,0.116252587034,0.936235146181,0.0,-0.195005724211,0.960253846299,0.0,0.057903872635,0.97516764444,0.0,-0.146250670175,0.99461152199,0.0,0.190584747575,1.176235239983,0.0,-0.167706006135,1.183392381938,0.0,0.486412331462,0.451516032219,-0.000316130696,-0.270426664357
1492,1,0.269759505304,-0.001900050805,0.0,-0.269759505304,0.001900050805,0.0,0.202447393403,0.538500330701,0.0,-0.235828775926,0.532687028569,0.0,0.119518847604,0.93938478572,0.0,-0.194261936854,0.964652302992,0.0,0.060828943505,0.978960810404,0.0,-0.143828637313,0.998967142961,0.0,0.193383447339,1.182592397035,0.0,-0.166936003504,1.188213311403,0.0,0.486894026399,0.451522260904,-0.000313344877,-0.268919555144
1493,1,0.269701552438,-0.002033757553,0.0,-0.269701552438,0.002033757553,0.0,0.20587052008,0.537788776947,0.0,-0.233890146262,0.532357451208,0.0,0.12406269862,0.938030048931,0.0,-0.190216316983,0.963857967096,0.0,0.065114566729,0.977372281885,0.0,-0.139479948339,0.998185646514,0.0,0.197164808694,1.181784209982,0.0,-0.16467008545,1.187495007836,0.0,0.488037973642,0.451445564628,-0.00031462498,-0.269154086509
1494,1,0.280646251972,-0.002198924293,0.0,-0.280646251972,0.002198924293,0.0,0.216631430123,0.560807508205,0.0,-0.242533641294,0.555179803662,0.0,0.131281065287,0.977781989069,0.0,-0.196084365814,1.003493802199,0.0,0.069869850115,1.019508008401,0.0,-0.143340184895,1.03950211064,0.0,0.206113034548,1.230809678069,0.0,-0.169717352636,1.236949495648,0.0,0.48859500885,0.451422184706,-0.000313885976,-0.258268580323
1495,1,0.287798147841,-0.002316244634,0.0,-0.287798147841,0.002316244634,0.0,0.225031619286,0.576429172604,0.0,-0.246961656488,0.569768762751,0.0,0.13832975356,1.00520262035,0.0,-0.197726165419,1.030704464884,0.0,0.075158896272,1.048720898408,0.0,-0.143529534751,1.068083910048,0.0,0.218010700744,1.262548739069,0.0,-0.1702870012,1.269428249143,0.0,0.489457085729,0.451432541013,-0.000318318373,-0.251639620281
1496,1,0.286184578662,-0.002323054544,0.0,-0.286184578662,0.002323054544,0.0,0.229734129051,0.57459651434,0.0,-0.241442503311,0.567695200374,0.0,0.14341082876,0.99926485606,0.0,-0.191317766504,1.026942799564,0.0,0.080474423135,1.041903945783,0.0,-0.137352620637,1.064158164034,0.0,0.221926815553,1.257940584384,0.0,-0.162906810614,1.264793990586,0.0,0.490860968828,0.451429367065,-0.000320126535,-0.252563299659
1497,1,0.27408506749,-0.002347070146,0.0,-0.27408506749,0.002347070146,0.0,0.22660038025,0.553641061589,0.0,-0.227590660596,0.547031613838,0.0,0.143613500277,0.96276519529,0.0,-0.178867185049,0.987843581818,0.0,0.083183208081,1.003944305674,0.0,-0.126962671198,1.02448338624,0.0,0.219399219813,1.212027773514,0.0,-0.151381249768,1.218456922261,0.0,0.49233815074,0.45139208436,-0.000319643645,-0.262156096679
1498,1,0.27340361054,-0.002456676092,0.0,-0.27340361054,0.002456676092,0.0,0.229510649754,0.551703100946,0.0,-0.225251942239,0.545449372307,0.0,0.148529855971,0.959538334975,0.0,-0.175408862717,0.982545521265,0.0,0.087479758896,1.001137883739,0.0,-0.123095832678,1.01888522134,0.0,0.221955914106,1.20938182841,0.0,-0.148445444249,1.21449009906,0.0,0.493332162499,0.451452940702,-0.00032215938,-0.262675933808
1499,1,0.253154254634,-0.002496542494,0.0,-0.253154254634,0.002496542494,0.0,0.218500340163,0.510997607017,0.0,-0.203314012286,0.505604040916,0.0,0.144212355151,0.888168196059,0.0,-0.155931315454,0.910037618196,0.0,0.087793711244,0.927480725465,0.0,-0.107704349777,0.944047819718,0.0,0.210287008623,1.120832165677,0.0,-0.130800021956,1.125458405762,0.0,0.495239391923,0.451373487711,-0.000312797725,-0.283526100861
1500,1,0.261467498278,-0.002806815138,0.0,-0.261467498278,0.002806815138,0.0,0.226029169702,0.529720456903,0.0,-0.211141764695,0.524363457193,0.0,0.151305232563,0.919856432791,0.0,-0.160139598249,0.942941855531,0.0,0.09221702471,0.9610345284,0.0,-0.111631410358,0.977733597074,0.0,0.220334171414,1.161409627768,0.0,-0.132785350405,1.166429609236,0.0,0.495737865567,0.451333194971,-0.000312606338,-0.273600577676
1501,1,0.260739549967,-0.002867673779,0.0,-0.260739549967,0.002867673779,0.0,0.229285034644,0.531133257791,0.0,-0.203743694419,0.525631847876,0.0,0.160418726796,0.922135957174,0.0,-0.152122400657,0.945321873918,0.0,0.101654857219,0.963127989023,0.0,-0.102890261934,0.979875435318,0.0,0.229151964188,1.163944078835,0.0,-0.123275258455,1.168276564681,0.0,0.498021110892,0.451328858733,-0.000311819371,-0.273005986163
1502,1,0.260833417109,-0.003342908022,0.0,-0.260833417109,0.003342908022,0.0,0.232753296239,0.532942977382,0.0,-0.203718371564,0.526778023123,0.0,0.165283303817,0.924424359986,0.0,-0.147530981078,0.947592528702,0.0,0.106182459027,0.965820501811,0.0,-0.09846838431,0.982315115204,0.0,0.231537404717,1.166988752459,0.0,-0.11859151489,1.173193773009,0.0,0.499433726072,0.451471209526,-0.000314601697,-0.272240071409
1503,1,0.267513249229,-0.003660708035,0.0,-0.267513249229,0.003660708035,0.0,0.244752718826,0.546676646044,0.0,-0.204150974857,0.540219010842,0.0,0.17812939371,0.949633397105,0.0,-0.141429544802,0.973760410646,0.0,0.118024463834,0.992327150724,0.0,-0.090101351822,1.009539424899,0.0,0.246710404992,1.196668435903,0.0,-0.112520121052,1.202989052166,0.0,0.501857891679,0.45161126554,-0.000316314399,-0.265356261093
1504,1,0.261892301934,-0.003649653272,0.0,-0.261892301934,0.003649653272,0.0,0.242670081182,0.533157343777,0.0,-0.199112667272,0.528102331125,0.0,0.17916968185,0.928125845088,0.0,-0.132449070445,0.95184192269,0.0,0.119009981758,0.97138731298,0.0,-0.083497008505,0.988262602776,0.0,0.248568913211,1.16957893609,0.0,-0.101992317339,1.176887573276,0.0,0.50343374908,0.451627656817,-0.000321360538,-0.271492287011
1505,1,0.274683604265,-0.004729547921,0.0,-0.274683604265,0.004729547921,0.0,0.258106068777,0.556700327817,0.0,-0.204785794426,0.550912982242,0.0,0.195074680859,0.968648477075,0.0,-0.132940898171,0.993305606743,0.0,0.130976949396,1.013443394444,0.0,-0.082049147826,1.031019709325,0.0,0.267937513064,1.220888968102,0.0,-0.098525165023,1.228447664473,0.0,0.505565494299,0.452063158154,-0.000323006883,-0.259805942055
1506,1,0.264103652168,-0.005458961544,0.0,-0.264103652168,0.005458961544,0.0,0.25222992279,0.53076035521,0.0,-0.196950644341,0.525999249934,0.0,0.192559280263,0.925500325146,0.0,-0.120668702144,0.948843070158,0.0,0.130949531014,0.968623234455,0.0,-0.071891897838,0.985504856512,0.0,0.263665615526,1.167640338376,0.0,-0.088025459327,1.1747439444,0.0,0.507405221462,0.452873334289,-0.000322229695,-0.270987946284
1507,1,0.224827490366,-0.004942864993,0.0,-0.224827490366,0.004942864993,0.0,0.220787177473,0.45335762964,0.0,-0.165728538665,0.451086798218,0.0,0.172853366242,0.79074866393,0.0,-0.094433831156,0.811267919215,0.0,0.120292923972,0.827582940664,0.0,-0.051949733364,0.842944325705,0.0,0.233230318558,0.997616894872,0.0,-0.068824191428,1.004057183325,0.0,0.509947732091,0.452970311046,-0.000318493228,-0.317075103844
1508,1,0.227838647302,-0.005107921552,0.0,-0.227838647302,0.005107921552,0.0,0.222309365857,0.456846136702,0.0,-0.167892850978,0.455033966644,0.0,0.179274121287,0.795727629176,0.0,-0.090832557883,0.819405550922,0.0,0.126222804875,0.832654957597,0.0,-0.049308783043,0.851093674115,0.0,0.240545844803,1.006666538552,0.0,-0.063827202022,1.013993192184,0.0,0.511564135551,0.453041434288,-0.000317744911,-0.314177780473
1509,1,0.195365215408,-0.004827709497,0.0,-0.195365215408,0.004827709497,0.0,0.191863091337,0.387788486649,0.0,-0.142599330087,0.386350897556,0.0,0.156757918557,0.676257589307,0.0,-0.073570334432,0.697134620671,0.0,0.111682924854,0.707927363605,0.0,-0.03786584307,0.724205499313,0.0,0.207253598985,0.855823905762,0.0,-0.051712291494,0.861758444151,0.0,0.513055458665,0.453584298491,-0.00030051358,-0.36892470289
1510,1,0.172994352368,-0.004670250738,0.0,-0.172994352368,0.004670250738,0.0,0.170938078799,0.34345237257,0.0,-0.123601007104,0.342055332892,0.0,0.137816673682,0.59877609698,0.0,-0.060917033171,0.616354384017,0.0,0.099829586279,0.626860915242,0.0,-0.030395345352,0.640301415168,0.0,0.188749728645,0.756287935725,0.0,-0.040236510941,0.762114234301,0.0,0.514918029308,0.453203648329,-0.000283312052,-0.417988632824
1511,1,0.202629818691,-0.005718727041,0.0,-0.202629818691,0.005718727041,0.0,0.202715094444,0.40261758949,0.0,-0.141348311832,0.400270714073,0.0,0.168057878053,0.700860991574,0.0,-0.065383704046,0.722453345744,0.0,0.124095018047,0.733150409563,0.0,-0.029408006143,0.749360304911,0.0,0.22676102292,0.884053815342,0.0,-0.040938655037,0.891076269439,0.0,0.517092660069,0.453128397465,-0.000287655275,-0.357519865943
1512,1,0.211931261907,-0.006162652813,0.0,-0.211931261907,0.006162652813,0.0,0.215895383065,0.421447521082,0.0,-0.14596463197,0.417639783562,0.0,0.181699204881,0.734458271877,0.0,-0.061546295769,0.754739171759,0.0,0.136479673466,0.770207866648,0.0,-0.022329169525,0.783071093782,0.0,0.242769055887,0.92259551586,0.0,-0.035737698848,0.927758520351,0.0,0.519331544638,0.453298464417,-0.000293986872,-0.343219939506
1513,1,0.185285026552,-0.005916066135,0.0,-0.185285026552,0.005916066135,0.0,0.1889441373,0.36653531971,0.0,-0.127459516783,0.363678208952,0.0,0.161998164859,0.636928324547,0.0,-0.050620539428,0.655879674444,0.0,0.122329959092,0.667374931872,0.0,-0.015835844695,0.680040122977,0.0,0.215057050906,0.802954215621,0.0,-0.027765622945,0.807579710979,0.0,0.520691245794,0.453927502036,-0.000265077688,-0.393412956713
1514,1,0.1688357209,-0.005568635183,0.0,-0.1688357209,0.005568635183,0.0,0.176996758067,0.337028259553,0.0,-0.111516787571,0.333407597226,0.0,0.153016554817,0.586081310123,0.0,-0.040371479423,0.601718570273,0.0,0.117378301003,0.614119899837,0.0,-0.00928052756,0.623448501547,0.0,0.204998079925,0.735864982282,0.0,-0.017345485699,0.73993798495,0.0,0.523441493511,0.453854054213,-0.00028096512,-0.430227302671
1515,1,0.183016837638,-0.006246395627,0.0,-0.183016837638,0.006246395627,0.0,0.193964359061,0.363853144494,0.0,-0.121620263586,0.359232915034,0.0,0.169128659488,0.632103597977,0.0,-0.040122148426,0.648898576241,0.0,0.13038643028,0.662151942864,0.0,-0.005527878862,0.672479708466,0.0,0.225275885259,0.793647289636,0.0,-0.016207543526,0.797998913297,0.0,0.524853184819,0.454682767391,-0.000281045213,-0.397873496499
1516,1,0.184231695555,-0.006477689083,0.0,-0.184231695555,0.006477689083,0.0,0.201099647555,0.367699946336,0.0,-0.120453987407,0.363895205613,0.0,0.178743969077,0.637894058775,0.0,-0.034828425684,0.655796024838,0.0,0.139620051977,0.668010685898,0.0,0.001032268699,0.679126526789,0.0,0.234252600136,0.803356646134,0.0,-0.010370874205,0.807570105464,0.0,0.527192145586,0.454794898629,-0.000283403322,-0.392728164332
1517,1,0.18242823918,-0.006462079917,0.0,-0.18242823918,0.006462079917,0.0,0.201706569841,0.366275066128,0.0,-0.119371483525,0.361712246272,0.0,0.179723453156,0.631012484432,0.0,-0.032750296209,0.647383727684,0.0,0.140627171291,0.660157851079,0.0,0.000844048833,0.66849410989,0.0,0.235227773997,0.795007718371,0.0,-0.006000856791,0.799110366408,0.0,0.528313040733,0.454808324575,-0.000284311362,-0.396870525238
1518,1,0.220328749988,-0.007868224171,0.0,-0.220328749988,0.007868224171,0.0,0.246740261991,0.438826751687,0.0,-0.141560662238,0.43368921034,0.0,0.220779260585,0.758188688008,0.0,-0.035407869041,0.777903756166,0.0,0.173588750976,0.793870213938,0.0,0.00427382877,0.803613558296,0.0,0.288786710299,0.956907237019,0.0,0.000370188406,0.961792673542,0.0,0.529732167721,0.455740243196,-0.000287237577,-0.329107805478
1519,1,0.183132683912,-0.006713547192,0.0,-0.183132683912,0.006713547192,0.0,0.206317012158,0.364356257212,0.0,-0.117594532144,0.360321657845,0.0,0.185134050227,0.630427270312,0.0,-0.027790011092,0.644973082545,0.0,0.145626287002,0.659946690679,0.0,0.005948745524,0.66665448833,0.0,0.241339231636,0.794832271705,0.0,0.002594921855,0.796014798184,0.0,0.530372813344,0.455584183335,-0.000270239078,-0.396532127459
1520,1,0.216239937143,-0.008181223641,0.0,-0.216239937143,0.008181223641,0.0,0.245229563813,0.429177563341,0.0,-0.139470219284,0.42462302474,0.0,0.219378420549,0.736778909397,0.0,-0.031194182258,0.759606226362,0.0,0.173460953154,0.770495015993,0.0,0.008883842047,0.785560764976,0.0,0.286337285214,0.932125182251,0.0,0.00464002155,0.938558394868,0.0,0.530906558037,0.455806449056,-0.000281914137,-0.336083853158
1521,1,0.232847540428,-0.009645242871,0.0,-0.232847540428,0.009645242871,0.0,0.264461558263,0.4586039379,0.0,-0.148783636535,0.454488302344,0.0,0.235949042487,0.787999210689,0.0,-0.032573800695,0.811375496148,0.0,0.186915455105,0.824109698623,0.0,0.010432757012,0.83754931917,0.0,0.307654827515,0.995695423228,0.0,0.006033395921,1.004083284991,0.0,0.531180292368,0.456295162439,-0.000288354233,-0.313647254277
1522,1,0.225329958248,-0.009972069851,0.0,-0.225329958248,0.009972069851,0.0,0.260091537527,0.439838748726,0.0,-0.141476478054,0.439478977068,0.0,0.230386360277,0.753726730674,0.0,-0.027981309727,0.784884612513,0.0,0.183457229906,0.786579495875,0.0,0.015124671692,0.809742165712,0.0,0.305079189128,0.944092680577,0.0,0.010603142464,0.968694437047,0.0,0.532045334578,0.45655836165,-0.000298531726,-0.323891773791
1523,1,0.226214194034,-0.010150659091,0.0,-0.226214194034,0.010150659091,0.0,0.263579857504,0.440793904957,0.0,-0.140835723916,0.440605497504,0.0,0.231442823766,0.743988366895,0.0,-0.026229002304,0.787096767015,0.0,0.185630287695,0.771431084101,0.0,0.016895636657,0.811409078716,0.0,0.307479901083,0.926675687742,0.0,0.012464278616,0.970720220091,0.0,0.532583847642,0.456606507301,-0.000302723609,-0.323003902313
1524,1,0.235245294321,-0.010779043815,0.0,-0.235245294321,0.010779043815,0.0,0.276547346563,0.45841980019,0.0,-0.145197393826,0.459006852165,0.0,0.240165284997,0.756855607046,0.0,-0.025989955816,0.816240932737,0.0,0.193699324766,0.783622221687,0.0,0.018562664045,0.837655375908,0.0,0.320969083964,0.944825273833,0.0,0.015385214046,1.008431462922,0.0,0.532980620861,0.456543758512,-0.000300948508,-0.310586823989
1525,1,0.230898480681,-0.010729030468,0.0,-0.230898480681,0.010729030468,0.0,0.274051102334,0.449817388767,0.0,-0.141868110634,0.451644835581,0.0,0.236487463084,0.7323929114,0.0,-0.024451349738,0.802264911895,0.0,0.191615357803,0.757965841992,0.0,0.019254111382,0.822933256092,0.0,0.31725327003,0.915303123814,0.0,0.015250036117,0.990842814139,0.0,0.533253565431,0.456526368856,-0.000302363187,-0.315791500009
1526,1,0.229648192407,-0.011190916816,0.0,-0.229648192407,0.011190916816,0.0,0.273941562366,0.444645168743,0.0,-0.140271615857,0.4499200083,0.0,0.235749760181,0.71402958777,0.0,-0.023336931423,0.797105682376,0.0,0.191115448143,0.735432902617,0.0,0.020267420128,0.815299523198,0.0,0.317328507019,0.896048162438,0.0,0.014840883876,0.986177777906,0.0,0.53357885778,0.456327974796,-0.000300772488,-0.317479248739
1527,1,0.216395707484,-0.010758019266,0.0,-0.216395707484,0.010758019266,0.0,0.259713937368,0.414641895831,0.0,-0.132022464438,0.424031423503,0.0,0.222397044219,0.659997197647,0.0,-0.021421877888,0.748220545087,0.0,0.180523023646,0.676842089901,0.0,0.020347234726,0.762643354942,0.0,0.302637479804,0.835790031119,0.0,0.014738993242,0.926658014436,0.0,0.53358669579,0.45624679327,-0.000298218802,-0.336919665382
1528,1,0.215819996597,-0.011342416713,0.0,-0.215819996597,0.011342416713,0.0,0.261860471517,0.412355212522,0.0,-0.130578439799,0.42618690143,0.0,0.223167296021,0.651242166887,0.0,-0.020823586591,0.751041701026,0.0,0.178873346574,0.667836371006,0.0,0.016255880067,0.765372624745,0.0,0.305712790169,0.82573614818,0.0,0.016083333473,0.931474116682,0.0,0.534066155553,0.455524981022,-0.000306449831,-0.336804844108
1529,1,0.215410943762,-0.012229834948,0.0,-0.215410943762,0.012229834948,0.0,0.262714923752,0.407719435124,0.0,-0.130593794574,0.426945059424,0.0,0.222704725864,0.646858040442,0.0,-0.021073445013,0.752987028842,0.0,0.177192333186,0.66401232733,0.0,0.015672558901,0.767981067553,0.0,0.306687761025,0.822011005125,0.0,0.015645106375,0.936123896724,0.0,0.534273087978,0.454209506512,-0.000307361595,-0.336534413097
1530,1,0.226470681366,-0.013161590921,0.0,-0.226470681366,0.013161590921,0.0,0.276936835525,0.423152956134,0.0,-0.136684557172,0.4467618877,0.0,0.234501736181,0.667529335352,0.0,-0.02119199526,0.79216312867,0.0,0.186055031062,0.677704823513,0.0,0.017027741173,0.80756491229,0.0,0.321718666235,0.850325528382,0.0,0.009244517694,0.987065050772,0.0,0.53462742269,0.452894046903,-0.000309769996,-0.320713252699
1531,1,0.223775188982,-0.014337584304,0.0,-0.223775188982,0.014337584304,0.0,0.275022485836,0.413890790018,0.0,-0.134264175535,0.439304616549,0.0,0.232493003687,0.637347246484,0.0,-0.023815658579,0.786354260487,0.0,0.181414428646,0.645986538885,0.0,0.007418564798,0.801310093004,0.0,0.318503154446,0.82851117545,0.0,0.010188728713,0.982640712423,0.0,0.534944400191,0.451358407736,-0.000325416215,-0.324126801329
1532,1,0.205870049297,-0.014135039651,0.0,-0.205870049297,0.014135039651,0.0,0.255219787063,0.377955938503,0.0,-0.12155583435,0.406485628928,0.0,0.215994288283,0.574480284759,0.0,-0.020736810321,0.728597685013,0.0,0.166761651705,0.581273513322,0.0,0.00773713382,0.743552815385,0.0,0.292314350148,0.752711351977,0.0,0.011050808509,0.911288624904,0.0,0.535716876388,0.450270816684,-0.000325789675,-0.350701824548
1533,1,0.195649102738,-0.013494745738,0.0,-0.195649102738,0.013494745738,0.0,0.244469543248,0.35483138055,0.0,-0.112733556782,0.384114456283,0.0,0.207729487696,0.53287987716,0.0,-0.018968538733,0.694906285188,0.0,0.159737879104,0.536709635496,0.0,0.008427805924,0.714399163036,0.0,0.278278233762,0.702259570022,0.0,0.012525941766,0.868990753824,0.0,0.536839678884,0.449648350477,-0.000339016085,-0.368451540989
1534,1,0.197097420341,-0.014266310394,0.0,-0.197097420341,0.014266310394,0.0,0.2493203306,0.353642876431,0.0,-0.113969066648,0.387268802527,0.0,0.211376471987,0.525574889857,0.0,-0.022240900342,0.700529243007,0.0,0.161859705362,0.526088800683,0.0,0.006105804684,0.721544525023,0.0,0.280245029302,0.702269427659,0.0,0.01003797633,0.879052949382,0.0,0.537464082241,0.450240150094,-0.000363120576,-0.363721012181
1535,1,0.18001432011,-0.013046267439,0.0,-0.18001432011,0.013046267439,0.0,0.227403845097,0.31469331304,0.0,-0.103765576805,0.353226730521,0.0,0.193091379963,0.453277860291,0.0,-0.022094977009,0.639131752428,0.0,0.147004105025,0.450211324509,0.0,0.003313398265,0.65916729991,0.0,0.255974945077,0.619332828203,0.0,0.009497142782,0.801837223201,0.0,0.537595003843,0.450358361006,-0.000363933388,-0.398752655931
1536,1,0.184954156753,-0.014411206342,0.0,-0.184954156753,0.014411206342,0.0,0.232084844952,0.316952750437,0.0,-0.106878909652,0.362444876793,0.0,0.197967671304,0.45462852327,0.0,-0.022952084109,0.663707569593,0.0,0.149622604605,0.457288583145,0.0,0.003073100718,0.687872495307,0.0,0.263544264068,0.624170608479,0.0,0.008840149872,0.833307595787,0.0,0.537535876036,0.448370322585,-0.000376402168,-0.387824801048
1537,1,0.183431952628,-0.014461777576,0.0,-0.183431952628,0.014461777576,0.0,0.230579254586,0.314533900298,0.0,-0.103324876747,0.358136948837,0.0,0.197651176122,0.435106174149,0.0,-0.020181893867,0.658397491928,0.0,0.152018094304,0.434325216293,0.0,0.005703239983,0.682202611196,0.0,0.253150384251,0.60089766025,0.0,0.011012991493,0.826890558874,0.0,0.538538768888,0.448096141219,-0.000370804919,-0.391152739118
1538,1,0.176499868868,-0.013883300991,0.0,-0.176499868868,0.013883300991,0.0,0.219788614717,0.30453301262,0.0,-0.098887238992,0.345684226784,0.0,0.191784664344,0.402705450847,0.0,-0.019098205202,0.634759723374,0.0,0.148283480663,0.398415250088,0.0,0.006063810491,0.657777667442,0.0,0.245086279058,0.548805656985,0.0,0.01172181402,0.797624515048,0.0,0.538843885064,0.44815890491,-0.000374922878,-0.405570482149
1539,1,0.156465264469,-0.012588660046,0.0,-0.156465264469,0.012588660046,0.0,0.196389124292,0.263394770904,0.0,-0.086231108288,0.307866285353,0.0,0.173703225143,0.352403104013,0.0,-0.015617404034,0.565128697003,0.0,0.137034061877,0.350180018072,0.0,0.00663121812,0.585474746282,0.0,0.218042237349,0.47175960992,0.0,0.015153809442,0.711170331923,0.0,0.539406999946,0.447848424315,-0.0003799228,-0.456361420885
1540,1,0.165051435083,-0.01329243397,0.0,-0.165051435083,0.01329243397,0.0,0.207056405919,0.27900457921,0.0,-0.090375916083,0.324590199898,0.0,0.185739527181,0.363810465533,0.0,-0.015625798776,0.595054064516,0.0,0.150760216511,0.362493984365,0.0,0.008008100582,0.616221677825,0.0,0.230146439586,0.481350005784,0.0,0.016299385691,0.748933439885,0.0,0.539560347795,0.447858735919,-0.000377330696,-0.433062349037
1541,1,0.192012433615,-0.016494103362,0.0,-0.192012433615,0.016494103362,0.0,0.242642037803,0.316391743069,0.0,-0.10285221183,0.382519154393,0.0,0.219358664234,0.416210998345,0.0,-0.016127756434,0.699108901075,0.0,0.181556877007,0.404634065181,0.0,0.011508396548,0.723694510597,0.0,0.267008394545,0.548404649146,0.0,0.020960412895,0.879116077858,0.0,0.540030494332,0.446777820587,-0.000376188313,-0.37026452282
1542,1,0.168575300273,-0.014299651172,0.0,-0.168575300273,0.014299651172,0.0,0.214309690984,0.284021347777,0.0,-0.089114896933,0.339089821525,0.0,0.193810627657,0.371765829359,0.0,-0.012095737066,0.617432446394,0.0,0.160581829419,0.356457537216,0.0,0.011550936597,0.638608745138,0.0,0.234379348309,0.476037739966,0.0,0.01912963788,0.780182765516,0.0,0.54052747786,0.445318490267,-0.000377459917,-0.421488062893
1543,1,0.198435477928,-0.016291437988,0.0,-0.198435477928,0.016291437988,0.0,0.254282197357,0.346086905438,0.0,-0.101617898395,0.398854060716,0.0,0.22488063855,0.411510940737,0.0,-0.010721580819,0.724046407643,0.0,0.189329080991,0.359142497928,0.0,0.016351859028,0.747335398865,0.0,0.263841918088,0.529052273146,0.0,0.025305460449,0.915397518588,0.0,0.54153996706,0.445569515228,-0.000343276653,-0.359081713385
1544,1,0.236401376567,-0.019294820205,0.0,-0.236401376567,0.019294820205,0.0,0.296461415884,0.431855134231,0.0,-0.121179161473,0.478513967829,0.0,0.292558908702,0.405156894877,0.0,-0.008792676193,0.861877293589,0.0,0.225630417285,0.335581386897,0.0,0.019502473836,0.889953248194,0.0,0.300760191301,0.517663927775,0.0,0.029694173205,1.087897369705,0.0,0.54150313139,0.445655077696,-0.000303352252,-0.302108316156
1545,1,0.236702739491,-0.019135270744,0.0,-0.236702739491,0.019135270744,0.0,0.295155060417,0.434662429638,0.0,-0.118399815142,0.478424559166,0.0,0.286172466246,0.329101893088,0.0,-0.004650317448,0.853956040648,0.0,0.21124880836,0.270972900509,0.0,0.021922925112,0.881119930268,0.0,0.260043971522,0.453877063684,0.0,0.031048578858,1.075945332991,0.0,0.542235091329,0.446580812335,-0.000274731778,-0.30435707014
1546,1,0.235731018874,-0.019172683703,0.0,-0.235731018874,0.019172683703,0.0,0.293362656039,0.431728526112,0.0,-0.11595038723,0.479248376422,0.0,0.249176999303,0.248393041394,0.0,-0.003240122519,0.852071875173,0.0,0.207885694341,0.189629242282,0.0,0.022353044579,0.877685871247,0.0,0.247643830889,0.329461559911,0.0,0.030515667475,1.072863115864,0.0,0.542308405042,0.446534246206,-0.000271025114,-0.306193486618
1547,1,0.24337732153,-0.019699368611,0.0,-0.24337732153,0.019699368611,0.0,0.303049153683,0.440620414784,0.0,-0.115517856645,0.493615586804,0.0,0.249665238134,0.222491346256,0.0,-0.000476740202,0.877399939617,0.0,0.213930498572,0.178244601659,0.0,0.025225679508,0.900973059593,0.0,0.261917551225,0.294008769082,0.0,0.035100284551,1.103261328702,0.0,0.543132513762,0.446543335915,-0.000267866533,-0.298373168648
1548,1,0.272731690657,-0.021776495099,0.0,-0.272731690657,0.021776495099,0.0,0.33987043219,0.489965275799,0.0,-0.126111179293,0.550233501419,0.0,0.269150418257,0.218200326371,0.0,0.002938019583,0.976929390634,0.0,0.235109099018,0.172813679349,0.0,0.032581341555,1.003122169543,0.0,0.279093962921,0.26638298045,0.0,0.040499359635,1.228069786087,0.0,0.543924793601,0.446530416608,-0.00024451944,-0.268092317727
1549,1,0.23803524647,-0.018904814489,0.0,-0.23803524647,0.018904814489,0.0,0.296968616703,0.425403909124,0.0,-0.10944100625,0.479606125259,0.0,0.233808677799,0.19580349897,0.0,0.003186605612,0.852950732816,0.0,0.205565546984,0.156223802514,0.0,0.029083428712,0.875727279419,0.0,0.245268315418,0.247468166511,0.0,0.0347619756,1.069683101005,0.0,0.54412946105,0.446516469121,-0.000247491756,-0.307777223403
1550,1,0.220062562079,-0.017341050541,0.0,-0.220062562079,0.017341050541,0.0,0.275996234033,0.392569223553,0.0,-0.099031035119,0.445339017209,0.0,0.205388537075,0.175426470181,0.0,0.00373772335,0.791343007095,0.0,0.189041594218,0.12203716338,0.0,0.027704445528,0.811564588209,0.0,0.227415929299,0.24136476108,0.0,0.033841665189,0.991482930856,0.0,0.544389754534,0.446496292949,-0.000252168626,-0.33347104976
1551,1,0.235942305799,-0.018182442436,0.0,-0.235942305799,0.018182442436,0.0,0.29726671659,0.419296939026,0.0,-0.105574461428,0.477651633805,0.0,0.220886489528,0.189181501349,0.0,0.004507770386,0.847990787038,0.0,0.204103896151,0.144922409242,0.0,0.031516026256,0.869697584607,0.0,0.245542528247,0.243999020288,0.0,0.035586122558,1.061710644491,0.0,0.544528201222,0.446221798658,-0.000254965853,-0.311489139399
1552,1,0.23431047798,-0.018047166215,0.0,-0.23431047798,0.018047166215,0.0,0.300208769413,0.414689693262,0.0,-0.101307719758,0.47494284105,0.0,0.198491303116,0.192024863016,0.0,0.007604751482,0.841751890638,0.0,0.17431046756,0.148163095397,0.0,0.034305381132,0.863304919231,0.0,0.19661275239,0.257011024676,0.0,0.038430371763,1.053912516713,0.0,0.54549986124,0.446222960949,-0.00025321776,-0.313990756977
1553,1,0.21952171457,-0.017077863982,0.0,-0.21952171457,0.017077863982,0.0,0.281907873044,0.388579826803,0.0,-0.094585626858,0.446513734643,0.0,0.189319893486,0.170355105481,0.0,0.007831268728,0.789461107648,0.0,0.165696761801,0.131074687685,0.0,0.03353188596,0.809812117265,0.0,0.192560863506,0.214535829361,0.0,0.035016681552,0.987909797144,0.0,0.545633256435,0.446279272437,-0.000255352817,-0.334835545635
1554,1,0.268951754877,-0.020926921996,0.0,-0.268951754877,0.020926921996,0.0,0.345868469306,0.475922259128,0.0,-0.115126177234,0.547305284797,0.0,0.230061090155,0.212577034836,0.0,0.011218186269,0.967164909666,0.0,0.186438978149,0.150735415881,0.0,0.043392463977,0.992441895289,0.0,0.230574690448,0.268924548237,0.0,0.041032737791,1.206315089335,0.0,0.545790284872,0.446281030774,-0.000241188332,-0.273303852048
1555,1,0.2627149285,-0.020309920776,0.0,-0.2627149285,0.020309920776,0.0,0.338112914864,0.463431724963,0.0,-0.112996255138,0.533054987016,0.0,0.224617927737,0.19461885045,0.0,0.009777390028,0.942499120343,0.0,0.184218032148,0.142149778925,0.0,0.039932842622,0.967498333697,0.0,0.222799254206,0.244396161836,0.0,0.040276421816,1.174821163041,0.0,0.545804873109,0.446203187108,-0.000243610004,-0.280346155002
1556,1,0.257266791554,-0.019910953439,0.0,-0.257266791554,0.019910953439,0.0,0.33171025677,0.452520349934,0.0,-0.109210959928,0.52194799343,0.0,0.22521550249,0.193924008324,0.0,0.010632863854,0.921377200318,0.0,0.189934578028,0.145390126412,0.0,0.040636674957,0.945847911307,0.0,0.227979452113,0.248029476779,0.0,0.03767571643,1.148740661551,0.0,0.546104073524,0.446443960071,-0.00024482538,-0.286512932082
1557,1,0.263599896573,-0.020617807016,0.0,-0.263599896573,0.020617807016,0.0,0.340075437774,0.463310473093,0.0,-0.111844370629,0.534935580569,0.0,0.231919142473,0.205737436522,0.0,0.010985040882,0.943566291088,0.0,0.198064261813,0.157060767763,0.0,0.041704809728,0.968834757309,0.0,0.243074969522,0.261419588672,0.0,0.039472706459,1.176696176933,0.0,0.546123370528,0.446518704295,-0.00024572527,-0.279637527944
1558,1,0.222020594119,-0.017147111956,0.0,-0.222020594119,0.017147111956,0.0,0.286283620071,0.391306965407,0.0,-0.094619837706,0.451289272515,0.0,0.194439185099,0.175134433936,0.0,0.009476278865,0.795629154488,0.0,0.167089370078,0.134327750871,0.0,0.035215707708,0.816886431567,0.0,0.203692263004,0.225480994452,0.0,0.033289168792,0.991996449392,0.0,0.546086356044,0.446178972721,-0.000255790073,-0.332003385863
1559,1,0.284142035407,-0.021413876132,0.0,-0.284142035407,0.021413876132,0.0,0.366305629971,0.499672355079,0.0,-0.120365746874,0.576834521488,0.0,0.26072646185,0.22128208271,0.0,0.012448411378,1.017262654315,0.0,0.222993103653,0.170091650229,0.0,0.045414652291,1.044471673747,0.0,0.281109094358,0.279002767189,0.0,0.043259543875,1.268670518845,0.0,0.546162948012,0.446508586407,-0.000253264094,-0.259343219017
1560,1,0.288707320702,-0.021476613442,0.0,-0.288707320702,0.021476613442,0.0,0.372517989681,0.509984835189,0.0,-0.122085815272,0.588712397742,0.0,0.256070281549,0.227722746386,0.0,0.013394302123,1.037681926058,0.0,0.228476074537,0.166509931613,0.0,0.046961981647,1.065510051734,0.0,0.291286748133,0.283903734201,0.0,0.045593124279,1.293599247279,0.0,0.546366646886,0.446273505688,-0.000249768142,-0.254554463904
1561,1,0.241269097159,-0.018046949423,0.0,-0.241269097159,0.018046949423,0.0,0.310292586157,0.424482756516,0.0,-0.102235571771,0.491334354188,0.0,0.214572541614,0.187401643047,0.0,0.011307189091,0.866892519268,0.0,0.191334087092,0.140134830824,0.0,0.039370568677,0.889581152653,0.0,0.240533784763,0.235410420308,0.0,0.038400652884,1.081293021653,0.0,0.546397641301,0.44617292285,-0.000250622397,-0.304624614107
1562,1,0.252239858271,-0.019306206837,0.0,-0.252239858271,0.019306206837,0.0,0.322460661398,0.442672131146,0.0,-0.105872171317,0.512543577044,0.0,0.233337944192,0.196202089104,0.0,0.01325506341,0.904387146873,0.0,0.201746843575,0.138158354715,0.0,0.043565358021,0.927700066814,0.0,0.257362468493,0.247998825186,0.0,0.039728464244,1.129108857397,0.0,0.546716973186,0.446517527103,-0.00025451323,-0.291320523417
1563,1,0.225548556924,-0.017287176519,0.0,-0.225548556924,0.017287176519,0.0,0.288945725721,0.396546135122,0.0,-0.094458978472,0.459087919848,0.0,0.205383275903,0.176836824862,0.0,0.012058048254,0.809808396827,0.0,0.181220645329,0.123862187622,0.0,0.038805792759,0.830918923965,0.0,0.231221132853,0.222922221871,0.0,0.037587846023,1.01056588428,0.0,0.546824708581,0.446519002318,-0.000260291621,-0.325344012872
1564,1,0.274763460819,-0.020552479275,0.0,-0.274763460819,0.020552479275,0.0,0.350680393507,0.486330593907,0.0,-0.116198457976,0.562117686942,0.0,0.253133111642,0.214881836803,0.0,0.014214318696,0.988807819487,0.0,0.220818319899,0.154974445639,0.0,0.047158341952,1.01517307724,0.0,0.282725174789,0.267960599214,0.0,0.044954414237,1.233301909279,0.0,0.546801269054,0.445526152849,-0.000252111582,-0.267174953874
1565,1,0.248126331247,-0.019336742824,0.0,-0.248126331247,0.019336742824,0.0,0.314051579157,0.438311280878,0.0,-0.104789398016,0.506756545421,0.0,0.24241919918,0.197398698842,0.0,0.01222868311,0.89216546994,0.0,0.205093418428,0.140622119314,0.0,0.041588288085,0.915483687842,0.0,0.273600171376,0.250622659723,0.0,0.039887176058,1.113279793307,0.0,0.54674385488,0.445881024003,-0.00026778155,-0.295656008837
1566,1,0.225211780204,-0.01737881847,0.0,-0.225211780204,0.01737881847,0.0,0.284137691184,0.399243987262,0.0,-0.095450423428,0.457591122581,0.0,0.218407873536,0.179006494838,0.0,0.011251003724,0.809538309189,0.0,0.172367403869,0.126270959058,0.0,0.037462004629,0.830742827459,0.0,0.233108208248,0.224344714265,0.0,0.035848054675,1.009279570118,0.0,0.546840488911,0.445846438408,-0.000272168312,-0.325841442362
1567,1,0.213295138196,-0.016024172118,0.0,-0.213295138196,0.016024172118,0.0,0.270177893237,0.379832221572,0.0,-0.090479245752,0.435320842861,0.0,0.224693033383,0.183069068344,0.0,0.011361960329,0.769004385032,0.0,0.169626180683,0.129715211651,0.0,0.03644232334,0.789052480914,0.0,0.223356811537,0.243250461223,0.0,0.03395887359,0.958272801442,0.0,0.547147318721,0.445238649845,-0.000276637729,-0.343762674153
1568,1,0.219172420366,-0.016524004819,0.0,-0.219172420366,0.016524004819,0.0,0.276352405854,0.390682793938,0.0,-0.092674197237,0.446978500485,0.0,0.230991052553,0.190078003693,0.0,0.012456981071,0.790667892243,0.0,0.182458449002,0.146637756192,0.0,0.038716430114,0.811957059212,0.0,0.232884268459,0.249830631418,0.0,0.034549697767,0.982376608238,0.0,0.547357946634,0.444991618395,-0.000282853842,-0.334462615646
1569,1,0.220999676137,-0.016666852458,0.0,-0.220999676137,0.016666852458,0.0,0.279261406616,0.394846950432,0.0,-0.092981281373,0.453691479242,0.0,0.234382782872,0.205202157769,0.0,0.013260936138,0.800160809394,0.0,0.194283627814,0.169390366608,0.0,0.040274102633,0.826390607031,0.0,0.233494580563,0.262397991439,0.0,0.035323153802,0.993193415693,0.0,0.547578766942,0.445009455085,-0.000284274109,-0.330904907764
1570,1,0.242534272921,-0.019105779474,0.0,-0.242534272921,0.019105779474,0.0,0.300431757769,0.429006384261,0.0,-0.105670543741,0.492697581724,0.0,0.27270090582,0.247993831007,0.0,0.011280499559,0.866225532282,0.0,0.207928894341,0.196016832419,0.0,0.042020361281,0.893958935404,0.0,0.247873386231,0.331895220305,0.0,0.032007990669,1.080402542298,0.0,0.546434819698,0.445502564311,-0.000285256188,-0.303727168545
1571,1,0.268658381929,-0.021254342587,0.0,-0.268658381929,0.021254342587,0.0,0.335163561428,0.47506064611,0.0,-0.117598190606,0.545520035843,0.0,0.281975243377,0.265750246965,0.0,0.013252971511,0.960197725726,0.0,0.23074433014,0.213144557249,0.0,0.047021034414,0.990814175319,0.0,0.275000247268,0.359953836519,0.0,0.036900520116,1.197144277612,0.0,0.546546578407,0.445731073618,-0.000273845624,-0.273814063526
1572,1,0.263619974241,-0.020736199016,0.0,-0.263619974241,0.020736199016,0.0,0.328236418416,0.472249547747,0.0,-0.115870908242,0.535595041182,0.0,0.282760883668,0.306769174178,0.0,0.012943354228,0.942476307209,0.0,0.225804566193,0.231930497455,0.0,0.045493761437,0.97239971942,0.0,0.266613854842,0.423918142105,0.0,0.036523451181,1.176468932665,0.0,0.54650066793,0.445767998695,-0.000276071951,-0.2787832756
1573,1,0.263890551724,-0.019908279753,0.0,-0.263890551724,0.019908279753,0.0,0.328214114264,0.475026375625,0.0,-0.116153909886,0.534368732925,0.0,0.319753795292,0.390377791266,0.0,0.012458955088,0.940711572843,0.0,0.275753755693,0.357851032808,0.0,0.041899306275,0.970030943033,0.0,0.287349302586,0.515278573789,0.0,0.034373431686,1.17684249922,0.0,0.546478286386,0.446014896035,-0.000290540047,-0.278362923138
1574,1,0.213523706709,-0.016097421977,0.0,-0.213523706709,0.016097421977,0.0,0.264616598064,0.381800141974,0.0,-0.095042147134,0.429846912318,0.0,0.255597733236,0.382890617247,0.0,0.00914746188,0.759263339696,0.0,0.221874282812,0.349797500353,0.0,0.032481067716,0.781222932822,0.0,0.264939303874,0.473116527477,0.0,0.025729722474,0.951616626698,0.0,0.546128898859,0.446299135685,-0.000323849497,-0.34391648686
1575,1,0.209234257464,-0.01588019705,0.0,-0.209234257464,0.01588019705,0.0,0.260700764765,0.368604746491,0.0,-0.095743346047,0.418874453442,0.0,0.247470570829,0.436689881263,0.0,0.006258691222,0.746121000711,0.0,0.214160679196,0.426485789939,0.0,0.028167861688,0.766405564575,0.0,0.290282143323,0.544971411811,0.0,0.02675536787,0.935213580576,0.0,0.545412480831,0.446423962712,-0.00035997387,-0.349569584704
1576,1,0.191230905975,-0.014544820029,0.0,-0.191230905975,0.014544820029,0.0,0.244356037095,0.319443133227,0.0,-0.087903528842,0.382274856922,0.0,0.230132542359,0.395237332388,0.0,0.005032599783,0.681561240081,0.0,0.200669616863,0.370428724316,0.0,0.024089286016,0.699802960111,0.0,0.272889223414,0.507526526984,0.0,0.026063693501,0.855868753706,0.0,0.545400887728,0.446299687028,-0.000362397172,-0.381704959096
1577,1,0.172870817378,-0.013213168405,0.0,-0.172870817378,0.013213168405,0.0,0.22060779292,0.285502245873,0.0,-0.079839212336,0.344590456058,0.0,0.211013094229,0.356180045923,0.0,0.003707508427,0.615230550686,0.0,0.186797108146,0.337715678064,0.0,0.021131395321,0.631468385385,0.0,0.262954675681,0.469769417909,0.0,0.023740088293,0.773896124661,0.0,0.545196637511,0.446610555053,-0.000354462303,-0.421737071128
1578,1,0.161827443123,-0.012429032647,0.0,-0.161827443123,0.012429032647,0.0,0.204471378713,0.263414112426,0.0,-0.077882605464,0.318594089338,0.0,0.203627984454,0.341547234321,0.0,-0.000240960308,0.575296252714,0.0,0.181417031727,0.327948605159,0.0,0.016990057569,0.591597406687,0.0,0.238521837538,0.451390228408,0.0,0.020173441204,0.726650118139,0.0,0.543893188238,0.446624413133,-0.000353549607,-0.449087376481
1579,1,0.142334352288,-0.011542995089,0.0,-0.142334352288,0.011542995089,0.0,0.179924553825,0.232211690782,0.0,-0.068680880747,0.281588132785,0.0,0.17842822177,0.307022442794,0.0,-0.000925210047,0.509860945178,0.0,0.155979320928,0.306440409117,0.0,0.014692927648,0.524238253538,0.0,0.210221606596,0.416331620347,0.0,0.017692846702,0.644714778086,0.0,0.543729260564,0.445283100009,-0.000350030139,-0.509375169958
1580,1,0.158734859463,-0.012940762305,0.0,-0.158734859463,0.012940762305,0.0,0.200321479239,0.260999058899,0.0,-0.077551412839,0.313617197584,0.0,0.198397986537,0.352428510893,0.0,-0.001684824994,0.570151113197,0.0,0.172833156877,0.355363278574,0.0,0.016907409134,0.586937910952,0.0,0.239261134585,0.486416287152,0.0,0.018684543433,0.721653417352,0.0,0.543451815844,0.445399537683,-0.00038957037,-0.454899664683
1581,1,0.165000557117,-0.013218743406,0.0,-0.165000557117,0.013218743406,0.0,0.209134809423,0.272688204128,0.0,-0.083029611046,0.325140082418,0.0,0.206034901645,0.393554131421,0.0,-0.003746871614,0.59453292712,0.0,0.173327106267,0.395634327274,0.0,0.01625721862,0.612879367718,0.0,0.25543574365,0.539190904086,0.0,0.022736123344,0.754160537266,0.0,0.542824342847,0.446101799607,-0.000387029257,-0.434184685523
1582,1,0.165333269895,-0.013270007741,0.0,-0.165333269895,0.013270007741,0.0,0.20943368573,0.27647514706,0.0,-0.084713108416,0.325438219756,0.0,0.205496104183,0.423750066553,0.0,-0.005406902132,0.598328389042,0.0,0.159223267684,0.429701835833,0.0,0.015250303223,0.616987990029,0.0,0.2623649501,0.572685948128,0.0,0.026314032601,0.75852520383,0.0,0.542340919375,0.44612506032,-0.000379440375,-0.43130919904
1583,1,0.173396360527,-0.013732600579,0.0,-0.173396360527,0.013732600579,0.0,0.219239031148,0.299831283895,0.0,-0.089857193578,0.341488827339,0.0,0.214907155493,0.475121433167,0.0,-0.008161495385,0.628208341672,0.0,0.167188776469,0.483106699678,0.0,0.01484425116,0.646415028146,0.0,0.279567758846,0.633934509397,0.0,0.025815025053,0.795185309477,0.0,0.541985958815,0.446218445897,-0.000363022322,-0.410433514432
1584,1,0.203773781524,-0.015819778223,0.0,-0.203773781524,0.015819778223,0.0,0.256473983489,0.371562373086,0.0,-0.106814835759,0.402658629359,0.0,0.249969738532,0.586963827685,0.0,-0.011679119369,0.737418046756,0.0,0.195308263901,0.596690163452,0.0,0.015312865853,0.758914236775,0.0,0.328051733486,0.772689387388,0.0,0.028543180585,0.932127682256,0.0,0.541275724769,0.446470379829,-0.000335744815,-0.349311851678
1585,1,0.198898597876,-0.015215889772,0.0,-0.198898597876,0.015215889772,0.0,0.248280021645,0.37110348666,0.0,-0.104634515679,0.39507006515,0.0,0.241815152591,0.60841970791,0.0,-0.012810467124,0.717492979939,0.0,0.191393323975,0.632130978438,0.0,0.015607068715,0.738015556933,0.0,0.324749902447,0.780711746682,0.0,0.025019931336,0.904389032572,0.0,0.540812045336,0.446559816599,-0.00029998878,-0.35906417773
1586,1,0.197866317472,-0.014553071018,0.0,-0.197866317472,0.014553071018,0.0,0.246506178779,0.375069092092,0.0,-0.104436676143,0.395063215401,0.0,0.239961651826,0.620216319049,0.0,-0.013151622268,0.713598383642,0.0,0.191283960407,0.645628077975,0.0,0.019375006252,0.733525932561,0.0,0.324628831281,0.802500305595,0.0,0.024740439617,0.895924165029,0.0,0.54063488543,0.446871444583,-0.000281596556,-0.360809486612
1587,1,0.216937500143,-0.015221759604,0.0,-0.216937500143,0.015221759604,0.0,0.266052492953,0.419001683018,0.0,-0.116964673405,0.429498294798,0.0,0.261179875341,0.697209193424,0.0,-0.018247318119,0.775441196713,0.0,0.208217090026,0.728699388447,0.0,0.018690986372,0.796449886617,0.0,0.355802156464,0.899339917544,0.0,0.023159860479,0.971265788975,0.0,0.539341181517,0.447814375162,-0.000284378882,-0.331429300224
1588,1,0.211250499215,-0.014581043798,0.0,-0.211250499215,0.014581043798,0.0,0.259469855491,0.413253260083,0.0,-0.114692271343,0.419706387319,0.0,0.255850886162,0.698980088512,0.0,-0.015289298922,0.757173024335,0.0,0.206796672517,0.729124196555,0.0,0.026003330985,0.778126351917,0.0,0.343635324794,0.888984421367,0.0,0.023453087578,0.943426361055,0.0,0.539024800062,0.447736173868,-0.000285653397,-0.340625561797
1589,1,0.237732871907,-0.015536111702,0.0,-0.237732871907,0.015536111702,0.0,0.291260145056,0.474353913895,0.0,-0.127827540191,0.475568428742,0.0,0.287339921676,0.798235359256,0.0,-0.01764936557,0.856948319668,0.0,0.233248668277,0.827024711781,0.0,0.029068539469,0.878145479035,0.0,0.384729593299,1.008960570347,0.0,0.026035203066,1.058927607511,0.0,0.538896217942,0.448244899511,-0.000275861938,-0.303000887575
1590,1,0.223338101835,-0.013076375046,0.0,-0.223338101835,0.013076375046,0.0,0.272827582924,0.447305077317,0.0,-0.121142575286,0.444654064757,0.0,0.269106662444,0.757871965869,0.0,-0.017612390834,0.801766847227,0.0,0.218118441323,0.790913022393,0.0,0.027434855493,0.822631068534,0.0,0.359707914665,0.956530590248,0.0,0.026281011474,0.98989260066,0.0,0.538574799895,0.449613273144,-0.000277787447,-0.32239417294
1591,1,0.238722041244,-0.012668205355,0.0,-0.238722041244,0.012668205355,0.0,0.289971793906,0.477963795365,0.0,-0.131451998012,0.473198994128,0.0,0.286449971395,0.812058119524,0.0,-0.020348472686,0.855938126993,0.0,0.232031795044,0.850312429215,0.0,0.030919973616,0.880119191599,0.0,0.379408994349,1.025664710866,0.0,0.026291665627,1.055063773854,0.0,0.538100808859,0.450851723552,-0.0002904227,-0.301313109913
1592,1,0.18896450928,-0.009267597575,0.0,-0.18896450928,0.009267597575,0.0,0.226843622255,0.376609978279,0.0,-0.10678887428,0.372056868064,0.0,0.223625381274,0.644465712649,0.0,-0.018692038573,0.673383684384,0.0,0.18016478427,0.675810790416,0.0,0.022187462097,0.694749252556,0.0,0.296147934854,0.813498600507,0.0,0.018170113066,0.830855730763,0.0,0.537113681436,0.452195987105,-0.00027912762,-0.38126150976
1593,1,0.192411507903,-0.009360342764,0.0,-0.192411507903,0.009360342764,0.0,0.229010912469,0.38100838645,0.0,-0.110064833773,0.378200136646,0.0,0.224620896976,0.662841057238,0.0,-0.019401456506,0.686321578414,0.0,0.181557941783,0.698089883365,0.0,0.022035561137,0.712496106346,0.0,0.298033176948,0.829234068741,0.0,0.01662816285,0.844280465902,0.0,0.536539912224,0.452259704471,-0.000277470797,-0.375127771871
1594,1,0.209707946108,-0.009823658779,0.0,-0.209707946108,0.009823658779,0.0,0.248956955192,0.416953958628,0.0,-0.123631479101,0.413307881527,0.0,0.244500754832,0.730654512319,0.0,-0.023329094416,0.752923498106,0.0,0.19700066125,0.770907294075,0.0,0.022407866548,0.782179709931,0.0,0.325877305334,0.909894283398,0.0,0.016339430346,0.924931195061,0.0,0.535902529955,0.452401831746,-0.000294593163,-0.342269900752
1595,1,0.210300470505,-0.009646044991,0.0,-0.210300470505,0.009646044991,0.0,0.24851437228,0.421881084443,0.0,-0.126894913944,0.418755206853,0.0,0.243839939036,0.741133149223,0.0,-0.025904563823,0.763117079193,0.0,0.194142502109,0.779256191641,0.0,0.019617026194,0.790729728756,0.0,0.326280948104,0.923219333886,0.0,0.01468431032,0.932810784331,0.0,0.53510504961,0.452332422137,-0.00030525215,-0.33981317052
1596,1,0.196646911076,-0.008708712825,0.0,-0.196646911076,0.008708712825,0.0,0.231289856077,0.394635893991,0.0,-0.120154438807,0.392151782671,0.0,0.22683103057,0.692310637348,0.0,-0.025630818301,0.714359669841,0.0,0.178746026012,0.726837026769,0.0,0.017251292908,0.740121407967,0.0,0.304062399551,0.866684679968,0.0,0.011291691185,0.873195704499,0.0,0.534634679556,0.452265545726,-0.000303382054,-0.363082554825
1597,1,0.194797987272,-0.008052512285,0.0,-0.194797987272,0.008052512285,0.0,0.223759501819,0.387483725098,0.0,-0.121835942228,0.3849971785,0.0,0.217854578955,0.677876995538,0.0,-0.030995257605,0.701619328007,0.0,0.167883770843,0.710365246142,0.0,0.010350256267,0.72681189049,0.0,0.294603730161,0.84817308289,0.0,0.006825133907,0.857824769476,0.0,0.533084690571,0.452443510294,-0.000299867708,-0.369366884957
1598,1,0.191863127043,-0.007663739516,0.0,-0.191863127043,0.007663739516,0.0,0.217826046623,0.380819662976,0.0,-0.123669957791,0.378638758064,0.0,0.209322500105,0.663101244012,0.0,-0.035309683244,0.688784373318,0.0,0.157450747386,0.6940550257,0.0,0.005403449664,0.713527096427,0.0,0.285160732395,0.836233054594,0.0,0.002255333249,0.843953775207,0.0,0.531493380666,0.452332064509,-0.000296729617,-0.375790737568
1599,1,0.199109805055,-0.007610058973,0.0,-0.199109805055,0.007610058973,0.0,0.222199566606,0.396376720457,0.0,-0.133480327724,0.394085397214,0.0,0.212735455716,0.691247994905,0.0,-0.042977193815,0.717526442976,0.0,0.157985050831,0.723011992528,0.0,-0.000162059525,0.743472834387,0.0,0.291801321335,0.870998301404,0.0,-0.003821628185,0.879596386036,0.0,0.529573380947,0.452447608113,-0.000295789912,-0.360438868981
1600,1,0.198310844796,-0.007306106412,0.0,-0.198310844796,0.007306106412,0.0,0.220170099922,0.395353009046,0.0,-0.138467915309,0.392165034071,0.0,0.205694436711,0.691023809924,0.0,-0.049797074475,0.716967575379,0.0,0.150437029892,0.724033955853,0.0,-0.007754828428,0.743056068553,0.0,0.284543040076,0.872337904024,0.0,-0.010716459823,0.879647810364,0.0,0.527150571346,0.452323436737,-0.000296418555,-0.36077172337
1601,1,0.205841993359,-0.006870764508,0.0,-0.205841993359,0.006870764508,0.0,0.221607569249,0.411371582085,0.0,-0.147975832099,0.407957018257,0.0,0.20514955627,0.718911799529,0.0,-0.058952310262,0.744409797143,0.0,0.14727407588,0.752473495926,0.0,-0.015155301049,0.771341060019,0.0,0.286897401629,0.906650739531,0.0,-0.019267517259,0.913127621132,0.0,0.524477660656,0.451483309269,-0.000305330381,-0.348578972731
1602,1,0.213947536515,-0.00686494271,0.0,-0.213947536515,0.00686494271,0.0,0.224762705619,0.428467842047,0.0,-0.160179769275,0.424451598878,0.0,0.20576056558,0.750575889657,0.0,-0.070213249554,0.775944149302,0.0,0.148608748196,0.786990065296,0.0,-0.023097941884,0.804325125872,0.0,0.289176635456,0.944745566761,0.0,-0.030021239502,0.952354155915,0.0,0.521226257086,0.451382726431,-0.000309661962,-0.334513782368
1603,1,0.214800721624,-0.006206848629,0.0,-0.214800721624,0.006206848629,0.0,0.223088156736,0.429946756765,0.0,-0.161945030311,0.426059602465,0.0,0.20151425394,0.75884076069,0.0,-0.074871559696,0.780705646486,0.0,0.142875063458,0.797057837481,0.0,-0.02795410015,0.809394838085,0.0,0.287648078932,0.951136862493,0.0,-0.03449661941,0.955039909698,0.0,0.519685775042,0.451149895787,-0.000315099373,-0.33378502813
1604,1,0.231413050101,-0.005674972366,0.0,-0.231413050101,0.005674972366,0.0,0.23347821271,0.461379679822,0.0,-0.174324189637,0.457277583999,0.0,0.208440852604,0.813594180506,0.0,-0.088452485385,0.837809815597,0.0,0.14546693163,0.854120068139,0.0,-0.038403882163,0.867804218889,0.0,0.301026927829,1.020616650087,0.0,-0.045289741904,1.02607452497,0.0,0.517132878304,0.451456964016,-0.00032124744,-0.310381539574
1605,1,0.246192387767,-0.005787081638,0.0,-0.246192387767,0.005787081638,0.0,0.240583102346,0.487954589154,0.0,-0.187378028221,0.483795284423,0.0,0.211797879426,0.85931064187,0.0,-0.101343133682,0.884859902565,0.0,0.143873328969,0.901729378266,0.0,-0.049020594709,0.916186550614,0.0,0.309778466878,1.079900171223,0.0,-0.058195346507,1.085609749343,0.0,0.514665782452,0.451352253556,-0.000329125707,-0.293587615364
1606,1,0.245731693871,-0.005248836859,0.0,-0.245731693871,0.005248836859,0.0,0.23606258514,0.484642200555,0.0,-0.187299184555,0.480445910068,0.0,0.200984250817,0.85360946923,0.0,-0.109015349604,0.878140792511,0.0,0.133519990454,0.896832187578,0.0,-0.057618141395,0.909196725244,0.0,0.299918978128,1.070846542331,0.0,-0.066101140567,1.077520774772,0.0,0.511976063251,0.451197609305,-0.000322286738,-0.295985607223
1607,1,0.24491465695,-0.004903171792,0.0,-0.24491465695,0.004903171792,0.0,0.231514891567,0.483463651593,0.0,-0.192363475801,0.480022970317,0.0,0.190384682119,0.852337845095,0.0,-0.119292007213,0.876655342348,0.0,0.122568994862,0.89520809067,0.0,-0.068428809828,0.907475566432,0.0,0.289738272949,1.068799102915,0.0,-0.074837681626,1.076039003749,0.0,0.508815571666,0.450989156961,-0.000318657607,-0.296578333433
1608,1,0.246922945709,-0.004578574832,0.0,-0.246922945709,0.004578574832,0.0,0.228633109025,0.487841682348,0.0,-0.1985526834,0.484103465355,0.0,0.184220212468,0.861074248114,0.0,-0.128293530428,0.88459635023,0.0,0.11535928745,0.904454536832,0.0,-0.075640579637,0.916757724769,0.0,0.283528908807,1.079767047562,0.0,-0.084537877138,1.086611512965,0.0,0.506172820926,0.450843423605,-0.000324267778,-0.293605194888
1609,1,0.258497489083,-0.003691009562,0.0,-0.258497489083,0.003691009562,0.0,0.236599626911,0.511981755381,0.0,-0.208995089902,0.508765359091,0.0,0.18759543289,0.906800644823,0.0,-0.140623236989,0.931264258234,0.0,0.115613380637,0.952826603196,0.0,-0.0845462804,0.965598674808,0.0,0.291001986467,1.135731200183,0.0,-0.096346921337,1.140577678495,0.0,0.5040974617,0.450425088406,-0.000323583256,-0.279177033155
1610,1,0.274398234805,-0.003905885065,0.0,-0.274398234805,0.003905885065,0.0,0.247646486197,0.541588074278,0.0,-0.227776958367,0.538096121197,0.0,0.189325842081,0.962423113315,0.0,-0.157332313847,0.987773800393,0.0,0.113721966537,1.011492765443,0.0,-0.098030711513,1.024260282592,0.0,0.300293357658,1.20445108573,0.0,-0.110458069539,1.209956590588,0.0,0.501908451319,0.450428858399,-0.000329165487,-0.2631891083
1611,1,0.265155655005,-0.00286126803,0.0,-0.265155655005,0.00286126803,0.0,0.239152783122,0.526876566574,0.0,-0.218115922066,0.524260373973,0.0,0.182087577353,0.937331296607,0.0,-0.154514087318,0.96198105272,0.0,0.109021857399,0.985042909369,0.0,-0.096327357382,0.997639115041,0.0,0.290459239124,1.173504098987,0.0,-0.110297702587,1.178326135567,0.0,0.501431763172,0.449890807271,-0.000328167109,-0.27075284841
1612,1,0.291866956805,-0.003226175001,0.0,-0.291866956805,0.003226175001,0.0,0.261671234938,0.576607314402,0.0,-0.242473702867,0.573411899275,0.0,0.193646767698,1.022202187209,0.0,-0.176137356753,1.050279029328,0.0,0.112549895937,1.072629839714,0.0,-0.113397809008,1.088095254049,0.0,0.308981606007,1.283978463203,0.0,-0.131821468408,1.289067867886,0.0,0.499673679471,0.449735119939,-0.000335941324,-0.247546315346
1613,1,0.283104770438,-0.003111485053,0.0,-0.283104770438,0.003111485053,0.0,0.250048561986,0.560356447956,0.0,-0.2366493192,0.556286745796,0.0,0.183279118697,0.992808756532,0.0,-0.175843662858,1.02079445309,0.0,0.105061151562,1.039784446293,0.0,-0.115427424825,1.056950445324,0.0,0.294642106933,1.247573281893,0.0,-0.132206345801,1.252941123092,0.0,0.498416662216,0.449728399515,-0.000334466575,-0.254693029569
1614,1,0.292667064709,-0.003187765866,0.0,-0.292667064709,0.003187765866,0.0,0.255057773409,0.577889884751,0.0,-0.248057319901,0.57374678634,0.0,0.184342012081,1.024728777737,0.0,-0.185454179442,1.055072174869,0.0,0.104363024396,1.073700162265,0.0,-0.123144280807,1.094764498463,0.0,0.299700275238,1.288465348726,0.0,-0.145248380471,1.294200849355,0.0,0.49726960063,0.449754729867,-0.000338599551,-0.246555669465
1615,1,0.283709506809,-0.002929979156,0.0,-0.283709506809,0.002929979156,0.0,0.242841161994,0.557810709506,0.0,-0.243848382477,0.554123095926,0.0,0.172154115527,0.989574035716,0.0,-0.184744488351,1.019534406947,0.0,0.094827986462,1.037488018614,0.0,-0.124152187706,1.057939826723,0.0,0.283992495587,1.2452164982,0.0,-0.146331593841,1.250647827203,0.0,0.495729416609,0.449716508389,-0.000337294303,-0.255172757837
1616,1,0.280828563391,-0.003044927767,0.0,-0.280828563391,0.003044927767,0.0,0.239683925422,0.553816854327,0.0,-0.244928035417,0.550366528353,0.0,0.165445719717,0.984179185215,0.0,-0.186634524963,1.013897550173,0.0,0.088902845811,1.032005375486,0.0,-0.127326909412,1.052201091553,0.0,0.277027701203,1.237203864057,0.0,-0.150664563185,1.243070904421,0.0,0.494415059686,0.449604377151,-0.000336457044,-0.256673085006
1617,1,0.266469699665,-0.002703827706,0.0,-0.266469699665,0.002703827706,0.0,0.225372069495,0.525778209036,0.0,-0.232459927245,0.522064089152,0.0,0.15426936218,0.933586280305,0.0,-0.180983014626,0.959719332926,0.0,0.082002480042,0.978468883592,0.0,-0.125119813034,0.995586495864,0.0,0.260438028918,1.174274383628,0.0,-0.145435848251,1.180081704168,0.0,0.493750557303,0.449522659183,-0.000338852173,-0.270458980807
1618,1,0.271972022394,-0.002738429674,0.0,-0.271972022394,0.002738429674,0.0,0.228424031336,0.537373863058,0.0,-0.236155776603,0.533529160948,0.0,0.155454193312,0.953932956517,0.0,-0.187060432861,0.980632139094,0.0,0.081660506636,0.999881549753,0.0,-0.12994911832,1.017427183746,0.0,0.264335769699,1.199713494754,0.0,-0.150722806636,1.205458814351,0.0,0.493205264211,0.449515461922,-0.000337925041,-0.264652725172
1619,1,0.265868967898,-0.002544207764,0.0,-0.265868967898,0.002544207764,0.0,0.222872247686,0.526510797366,0.0,-0.23132823188,0.522005579747,0.0,0.151540149382,0.932525141666,0.0,-0.183956701286,0.958851543389,0.0,0.079298614791,0.977652213902,0.0,-0.126487861618,0.994947033269,0.0,0.257814338413,1.173204916229,0.0,-0.150775328554,1.178902743284,0.0,0.492913156748,0.449572518468,-0.000331293792,-0.270582754954
1620,1,0.27406343155,-0.002550330375,0.0,-0.27406343155,0.002550330375,0.0,0.229113264304,0.541314811338,0.0,-0.239941809024,0.536219585013,0.0,0.153209404668,0.958109170381,0.0,-0.189651639894,0.985342885628,0.0,0.078962138925,1.004720460207,0.0,-0.131101597603,1.02251118268,0.0,0.262894442746,1.206344874331,0.0,-0.157298469843,1.211635287087,0.0,0.492187336087,0.449563294649,-0.000331875868,-0.263231431012
1621,1,0.270387692443,-0.002445095496,0.0,-0.270387692443,0.002445095496,0.0,0.226304950195,0.535519490998,0.0,-0.234904261378,0.530629860127,0.0,0.150118658045,0.948105396759,0.0,-0.185285620836,0.975246388056,0.0,0.077721023247,0.994195051971,0.0,-0.126882045064,1.013140355161,0.0,0.259774746845,1.194425480944,0.0,-0.156253213492,1.199335500214,0.0,0.492063611746,0.44953905046,-0.000335421879,-0.266034758435
1622,1,0.273191521312,-0.0023719513,0.0,-0.273191521312,0.0023719513,0.0,0.227767950676,0.542586014997,0.0,-0.238656445749,0.537375480432,0.0,0.149902002521,0.96053694606,0.0,-0.190442043928,0.986562850499,0.0,0.076511025419,1.008263391946,0.0,-0.132635031867,1.025075300024,0.0,0.260985477162,1.208934872845,0.0,-0.160024309232,1.214424206966,0.0,0.491534307599,0.449473589659,-0.000335865654,-0.262748297457
1623,1,0.274238339983,-0.002348971395,0.0,-0.274238339983,0.002348971395,0.0,0.228775479338,0.544072372833,0.0,-0.238193453059,0.539342777964,0.0,0.150586190413,0.964108900026,0.0,-0.190117588027,0.990281070766,0.0,0.079671642329,1.011910371134,0.0,-0.132591641769,1.028877024196,0.0,0.261237077631,1.213801906445,0.0,-0.156902260364,1.219043627403,0.0,0.491558030248,0.449478745461,-0.000335041899,-0.261753597565
1624,1,0.270598043102,-0.002282766461,0.0,-0.270598043102,0.002282766461,0.0,0.225988844294,0.533888447278,0.0,-0.236051457444,0.529921230684,0.0,0.145585289978,0.946093374006,0.0,-0.18900009408,0.972769979479,0.0,0.075272658899,0.994208435711,0.0,-0.132588722433,1.011071400135,0.0,0.254476064414,1.190714898808,0.0,-0.157747773005,1.197445985484,0.0,0.490918412805,0.449459418654,-0.000337223057,-0.266335732601
1625,1,0.272933500463,-0.002418067479,0.0,-0.272933500463,0.002418067479,0.0,0.228441668764,0.538796114624,0.0,-0.237284328684,0.53489689116,0.0,0.147134128588,0.955530959168,0.0,-0.189716332481,0.982367854292,0.0,0.076169549163,1.004382733075,0.0,-0.133436584184,1.022263680487,0.0,0.256245858649,1.201775471149,0.0,-0.158933904826,1.209085752739,0.0,0.491001352668,0.449343129992,-0.000339480233,-0.263856581442
1626,1,0.272320953133,-0.002401643637,0.0,-0.272320953133,0.002401643637,0.0,0.228060875779,0.53880322269,0.0,-0.237072718963,0.534320019272,0.0,0.147801455181,0.954658334803,0.0,-0.189567043158,0.980081268577,0.0,0.075898376694,1.002993364907,0.0,-0.133295872613,1.019957922089,0.0,0.255579293375,1.199946069665,0.0,-0.159579503873,1.205999814869,0.0,0.490946516395,0.449237510562,-0.000339168007,-0.264333209342
1627,1,0.28220371104,-0.002314137306,0.0,-0.28220371104,0.002314137306,0.0,0.236279529428,0.559293700883,0.0,-0.245043154672,0.554691597156,0.0,0.15374648309,0.990500188095,0.0,-0.196457136827,1.016338097184,0.0,0.080891290523,1.040527474068,0.0,-0.139402734056,1.05749018114,0.0,0.264930692023,1.244167117335,0.0,-0.162498775406,1.251516696848,0.0,0.490969836712,0.44906142354,-0.000338701531,-0.255081925293
1628,1,0.282460571669,-0.002308882547,0.0,-0.282460571669,0.002308882547,0.0,0.238980283035,0.561866389021,0.0,-0.244220272708,0.557113362814,0.0,0.156152501707,0.994929064309,0.0,-0.195912464541,1.021124437492,0.0,0.082424520207,1.045058967526,0.0,-0.139384112429,1.062449581382,0.0,0.267392272622,1.249405543101,0.0,-0.161318467302,1.256887723264,0.0,0.491433218122,0.449019566178,-0.000336580793,-0.254042549164
1629,1,0.285357247896,-0.002167725302,0.0,-0.285357247896,0.002167725302,0.0,0.241927051229,0.56700026512,0.0,-0.246434730601,0.56181681881,0.0,0.15784470557,1.003877608616,0.0,-0.197674562873,1.030342797722,0.0,0.081705256981,1.054244928984,0.0,-0.140848782115,1.071352197035,0.0,0.270476279512,1.260832034528,0.0,-0.161938633161,1.268402045652,0.0,0.491535902023,0.449194505811,-0.000339191873,-0.251598945885
1630,1,0.268493296048,-0.001978050407,0.0,-0.268493296048,0.001978050407,0.0,0.230709867798,0.53631697578,0.0,-0.230267712719,0.531790373959,0.0,0.152031014544,0.949271452544,0.0,-0.186218852922,0.973875568383,0.0,0.078222922827,0.996887791543,0.0,-0.131807123452,1.01182116496,0.0,0.258724334274,1.192575908421,0.0,-0.151119489674,1.199241833018,0.0,0.49235740304,0.44915869832,-0.000330636278,-0.266104754516
1631,1,0.290129468553,-0.002154780485,0.0,-0.290129468553,0.002154780485,0.0,0.249842469982,0.579261106036,0.0,-0.248980291684,0.574182624269,0.0,0.165185342535,1.025184850474,0.0,-0.19941665136,1.051804968303,0.0,0.085679754611,1.076086754081,0.0,-0.140760948982,1.092626352918,0.0,0.279822760809,1.287914333832,0.0,-0.161877785637,1.295112942031,0.0,0.492570236325,0.449169769883,-0.000333074713,-0.246388658122
1632,1,0.282513681503,-0.002083617956,0.0,-0.282513681503,0.002083617956,0.0,0.246984112273,0.56780242485,0.0,-0.239738324474,0.562670716393,0.0,0.166261202591,1.004511997534,0.0,-0.190806336856,1.03051572943,0.0,0.090051783101,1.053203842963,0.0,-0.132901548719,1.06974857513,0.0,0.278056145625,1.26124055934,0.0,-0.158271920379,1.268578027039,0.0,0.493677318096,0.449220940471,-0.000326249137,-0.251928720412
1633,1,0.288615138402,-0.002215577024,0.0,-0.288615138402,0.002215577024,0.0,0.25330492214,0.579071366332,0.0,-0.244657106399,0.573619233494,0.0,0.171831586358,1.023965888201,0.0,-0.190946725507,1.050411746692,0.0,0.094226708828,1.074043041075,0.0,-0.131814112903,1.090574264725,0.0,0.287014704716,1.286182612036,0.0,-0.158721268614,1.293085914066,0.0,0.494276091456,0.449180215597,-0.000331103191,-0.24718051786
1634,1,0.281220246206,-0.002324542556,0.0,-0.281220246206,0.002324542556,0.0,0.251777889913,0.566989059637,0.0,-0.234005996824,0.562995022979,0.0,0.174299315885,1.002491573376,0.0,-0.180893124055,1.028587504441,0.0,0.098781637493,1.051482445436,0.0,-0.122762030019,1.06768359159,0.0,0.286994210887,1.259182267674,0.0,-0.149783457548,1.266995629923,0.0,0.495880693197,0.449199751019,-0.000331708987,-0.252459319245
1635,1,0.269647738341,-0.002304031824,0.0,-0.269647738341,0.002304031824,0.0,0.245011446658,0.543446376346,0.0,-0.22202576412,0.539401976717,0.0,0.172652393148,0.960547343955,0.0,-0.168818731241,0.98487731371,0.0,0.099990637467,1.007492876105,0.0,-0.112284689302,1.022491565047,0.0,0.278908886365,1.205981114437,0.0,-0.139089667837,1.213659297522,0.0,0.497066780925,0.449217602611,-0.00032382938,-0.263463636719
1636,1,0.261729533535,-0.002383555267,0.0,-0.261729533535,0.002383555267,0.0,0.240774606596,0.527201563455,0.0,-0.21235368461,0.523257284905,0.0,0.172538521786,0.932846640091,0.0,-0.158600892244,0.95581038399,0.0,0.102208734241,0.979748172956,0.0,-0.103076589729,0.993248196004,0.0,0.276425754208,1.170070868887,0.0,-0.129704807574,1.176944749954,0.0,0.49847894907,0.44932167232,-0.00032029819,-0.271390522208
1637,1,0.265510447219,-0.002895924125,0.0,-0.265510447219,0.002895924125,0.0,0.249366508747,0.53029904431,0.0,-0.209997393843,0.526098565091,0.0,0.180363126972,0.939889493152,0.0,-0.152445758658,0.962086301589,0.0,0.109448131966,0.988034605328,0.0,-0.096504753649,0.99996987306,0.0,0.284805464631,1.177591497151,0.0,-0.121441293828,1.18398442594,0.0,0.50049751997,0.449664622545,-0.000317906444,-0.269226168355
1638,1,0.284245919478,-0.003085126403,0.0,-0.284245919478,0.003085126403,0.0,0.268562514626,0.567481648104,0.0,-0.220637076858,0.561435381317,0.0,0.20065005824,1.007852829354,0.0,-0.156384923921,1.027367047952,0.0,0.122303646972,1.059317890846,0.0,-0.101217049487,1.067664157329,0.0,0.312421565211,1.260675200764,0.0,-0.12095940236,1.265900562022,0.0,0.502649411559,0.449709832668,-0.00032456324,-0.252386831326
1639,1,0.238675081257,-0.003274696205,0.0,-0.238675081257,0.003274696205,0.0,0.227248000346,0.473128160868,0.0,-0.181229023473,0.468499447452,0.0,0.172542537532,0.835573124571,0.0,-0.12506650062,0.855107093951,0.0,0.10664972209,0.87762797739,0.0,-0.078518095099,0.888656658817,0.0,0.265238096352,1.049433180766,0.0,-0.097525586938,1.053751240954,0.0,0.504396691918,0.44993878901,-0.000316447171,-0.302960747781
1640,1,0.23626696804,-0.003342969667,0.0,-0.23626696804,0.003342969667,0.0,0.22801198956,0.470896371391,0.0,-0.178460973654,0.466194735994,0.0,0.177535193568,0.833059348011,0.0,-0.118755842791,0.853316869023,0.0,0.111726786274,0.874123573315,0.0,-0.072951999361,0.886472463519,0.0,0.268732412425,1.044317331784,0.0,-0.091161194,1.048275171359,0.0,0.506176620722,0.449974656105,-0.000320621824,-0.304435758818
1641,1,0.24382324288,-0.004589201827,0.0,-0.24382324288,0.004589201827,0.0,0.238426843851,0.483738296732,0.0,-0.182544588554,0.479067054884,0.0,0.187303312881,0.854924236632,0.0,-0.118543495616,0.876965588245,0.0,0.119214429788,0.896978112328,0.0,-0.070779070099,0.911078715632,0.0,0.281148529344,1.071669132693,0.0,-0.089704311947,1.077678413005,0.0,0.507519215345,0.450433939695,-0.000314714125,-0.295698249659
1642,1,0.18134637558,-0.00358504453,0.0,-0.18134637558,0.00358504453,0.0,0.178145668906,0.358899796582,0.0,-0.131045770209,0.355526368094,0.0,0.142590280676,0.634434290057,0.0,-0.081819079754,0.650284267968,0.0,0.094298848525,0.665909939612,0.0,-0.045842780366,0.676073648854,0.0,0.214912206158,0.795738496444,0.0,-0.060707338024,0.800059311947,0.0,0.509976625443,0.450594112277,-0.000284348149,-0.398061807672
1643,1,0.20641019433,-0.004062871732,0.0,-0.20641019433,0.004062871732,0.0,0.206416046718,0.406649554731,0.0,-0.14965153315,0.402741347188,0.0,0.16682294757,0.719424902338,0.0,-0.087799089422,0.738782225974,0.0,0.111569198202,0.755187232057,0.0,-0.046787252751,0.767372412155,0.0,0.248726519737,0.901057062536,0.0,-0.064499292088,0.905948131945,0.0,0.511833116412,0.450745031238,-0.000283950707,-0.351371158152
1644,1,0.188106698117,-0.004365887347,0.0,-0.188106698117,0.004365887347,0.0,0.191083481505,0.368300880147,0.0,-0.135195501842,0.365338577825,0.0,0.156892067095,0.652101890142,0.0,-0.074533546066,0.670542603379,0.0,0.105805793244,0.684661026521,0.0,-0.03765165743,0.696138503763,0.0,0.231662586564,0.817333934367,0.0,-0.052722441742,0.821452411161,0.0,0.514075174928,0.451230019331,-0.000277969055,-0.386907746013
1645,1,0.190366081847,-0.004767401727,0.0,-0.190366081847,0.004767401727,0.0,0.198286481392,0.374488251463,0.0,-0.136500901673,0.373136456839,0.0,0.16483870243,0.662584754883,0.0,-0.070903330138,0.681831160275,0.0,0.112780882807,0.696422604326,0.0,-0.03291330475,0.707766729272,0.0,0.240678898858,0.830899108444,0.0,-0.049638723766,0.835823738459,0.0,0.515980631113,0.451878294349,-0.000271369703,-0.379949154128
1646,1,0.194488118189,-0.004636459707,0.0,-0.194488118189,0.004636459707,0.0,0.209064114063,0.38514819665,0.0,-0.139135098219,0.385244647116,0.0,0.175687316761,0.680965014789,0.0,-0.067721780897,0.700535235252,0.0,0.121821187543,0.715693817837,0.0,-0.027846147908,0.727054906039,0.0,0.253997489775,0.855274473519,0.0,-0.046991403729,0.860069647647,0.0,0.51799441874,0.452648237348,-0.000274735037,-0.368317225206
1647,1,0.197374663891,-0.005262222523,0.0,-0.197374663891,0.005262222523,0.0,0.21238938251,0.389144417641,0.0,-0.140198136611,0.388957825053,0.0,0.182095387152,0.687491537319,0.0,-0.064894746053,0.707741752106,0.0,0.127255530324,0.723145806491,0.0,-0.02420346079,0.734940327274,0.0,0.261526195924,0.864567575648,0.0,-0.044371856859,0.872291984113,0.0,0.519452139735,0.453600406647,-0.000277024228,-0.363519721691
1648,1,0.188949750918,-0.005309460803,0.0,-0.188949750918,0.005309460803,0.0,0.203024317362,0.369629562915,0.0,-0.129516650352,0.369330888452,0.0,0.176486873034,0.653400856658,0.0,-0.055975078492,0.671734418069,0.0,0.124907928789,0.687248966431,0.0,-0.017417857617,0.698223070587,0.0,0.253242624835,0.821873363204,0.0,-0.034777609333,0.828549735126,0.0,0.521776393056,0.453784421086,-0.000270714518,-0.382364458009
1649,1,0.174417284384,-0.004929837049,0.0,-0.174417284384,0.004929837049,0.0,0.190291731735,0.342730243395,0.0,-0.119182949389,0.342862913204,0.0,0.167637857152,0.603837405783,0.0,-0.047105172716,0.620835436629,0.0,0.120394859252,0.634585076047,0.0,-0.011420166674,0.645445830377,0.0,0.239208460219,0.760277462397,0.0,-0.027963082393,0.76763039814,0.0,0.523781701922,0.453782737255,-0.000265815295,-0.413328953046
1650,1,0.178951147481,-0.005434936505,0.0,-0.178951147481,0.005434936505,0.0,0.199564879627,0.352695931071,0.0,-0.119765989946,0.352162816672,0.0,0.177158925355,0.618329528944,0.0,-0.043983785454,0.635855646351,0.0,0.128624305713,0.649741894527,0.0,-0.008101653952,0.660826594757,0.0,0.250363055417,0.778820611169,0.0,-0.021468680924,0.785906436104,0.0,0.525933921337,0.453987762332,-0.000262639951,-0.403279209728
1651,1,0.176623975721,-0.005566794396,0.0,-0.176623975721,0.005566794396,0.0,0.19925613772,0.347667261885,0.0,-0.118606367291,0.347411038024,0.0,0.177857225833,0.608039156095,0.0,-0.040464637071,0.626240507683,0.0,0.130137605039,0.638322895906,0.0,-0.005451304509,0.650446751364,0.0,0.249825867036,0.766332831679,0.0,-0.01754824264,0.77475373582,0.0,0.52735619247,0.453840136528,-0.000250863377,-0.409656536052
1652,1,0.196803612174,-0.00623878631,0.0,-0.196803612174,0.00623878631,0.0,0.224588992315,0.386544084435,0.0,-0.128441509227,0.386116025146,0.0,0.202678596585,0.677035980702,0.0,-0.040652821337,0.698028829408,0.0,0.149642487213,0.709713651744,0.0,-0.001492509213,0.723953250891,0.0,0.282591914994,0.852591048256,0.0,-0.016093727932,0.860723366467,0.0,0.529212549329,0.453820496798,-0.00026360387,-0.36871784734
1653,1,0.197149983353,-0.006646898322,0.0,-0.197149983353,0.006646898322,0.0,0.229237326574,0.390222397442,0.0,-0.129160994925,0.389799508855,0.0,0.206932762569,0.681398531575,0.0,-0.040014224499,0.702762302815,0.0,0.153047849418,0.713979353372,0.0,0.000312606994,0.72875081751,0.0,0.287649117935,0.859769745841,0.0,-0.012916136131,0.867735260279,0.0,0.530267819762,0.453524366021,-0.000268506818,-0.366037929004
1654,1,0.211134916724,-0.007782636184,0.0,-0.211134916724,0.007782636184,0.0,0.245812472465,0.417868599907,0.0,-0.136704396069,0.417275923768,0.0,0.223923378737,0.736912932934,0.0,-0.041566741777,0.752757234515,0.0,0.16663541092,0.773206735817,0.0,0.000507523522,0.780300931783,0.0,0.31131605883,0.919763524663,0.0,-0.011016696095,0.927852936419,0.0,0.531029075384,0.453236073256,-0.000277544837,-0.342637422225
1655,1,0.252728801853,-0.010780146244,0.0,-0.252728801853,0.010780146244,0.0,0.293404636817,0.498234904162,0.0,-0.164182775048,0.498001298183,0.0,0.26826151924,0.878355931643,0.0,-0.049794268867,0.897343126043,0.0,0.199429923257,0.92158302264,0.0,0.001057155462,0.930029449318,0.0,0.372856984048,1.097052107554,0.0,-0.013082766885,1.106305858189,0.0,0.531063079834,0.454110816121,-0.00027782144,-0.286533831272
1656,1,0.24202516728,-0.010640977748,0.0,-0.24202516728,0.010640977748,0.0,0.283875459645,0.478199281837,0.0,-0.154272876792,0.478290284212,0.0,0.260583251678,0.841945776256,0.0,-0.044414409294,0.861449485336,0.0,0.195632956362,0.883237854051,0.0,0.005118083591,0.890928654794,0.0,0.359987646306,1.054267718229,0.0,-0.003817549645,1.061594309466,0.0,0.532293602824,0.454291582108,-0.000280010048,-0.29801544495
1657,1,0.221981877377,-0.00964656856,0.0,-0.221981877377,0.00964656856,0.0,0.261528483767,0.438929440465,0.0,-0.141901732987,0.439415935377,0.0,0.239833599047,0.772890220014,0.0,-0.039955733569,0.789536527633,0.0,0.180190001576,0.810665302511,0.0,0.00572617536,0.817223444708,0.0,0.330140684651,0.967835628783,0.0,-0.00237748706,0.974016609011,0.0,0.532553955913,0.454032048583,-0.000282309949,-0.324919159549
1658,1,0.212339843968,-0.009218421159,0.0,-0.212339843968,0.009218421159,0.0,0.251684361383,0.420824914687,0.0,-0.134797884228,0.420874290928,0.0,0.231475509453,0.74051164944,0.0,-0.036604707127,0.756409041822,0.0,0.174904131194,0.776479517276,0.0,0.00933417418,0.782980312313,0.0,0.318043920449,0.927521086507,0.0,-0.000726805965,0.932846691869,0.0,0.533089920878,0.454033613205,-0.000278092921,-0.339209808286
1659,1,0.197656455567,-0.008585518564,0.0,-0.197656455567,0.008585518564,0.0,0.234781777987,0.392823848056,0.0,-0.125468301331,0.393276226238,0.0,0.215399232523,0.690537845768,0.0,-0.033972724919,0.70536572448,0.0,0.163250399537,0.724251407633,0.0,0.008625210203,0.730366951152,0.0,0.296878507149,0.864809126493,0.0,0.003442604521,0.869283426893,0.0,0.533159270883,0.454029023647,-0.000274879858,-0.363785060043
1660,1,0.19640460467,-0.008519176765,0.0,-0.19640460467,0.008519176765,0.0,0.233193852666,0.389256696899,0.0,-0.124738146406,0.389247266781,0.0,0.214041689401,0.685946095079,0.0,-0.033018542133,0.700148503197,0.0,0.16308360776,0.719841841425,0.0,0.011721839956,0.725870613439,0.0,0.294751061805,0.8581891521,0.0,0.003879396102,0.862606024283,0.0,0.533264890313,0.45402033627,-0.000276046805,-0.366598740659
1661,1,0.195086680809,-0.008558618371,0.0,-0.195086680809,0.008558618371,0.0,0.231433197184,0.386189773935,0.0,-0.123519253407,0.386239632314,0.0,0.212713473412,0.680260625662,0.0,-0.032443807375,0.694679701186,0.0,0.162584342279,0.7139882863,0.0,0.01231159088,0.719711995957,0.0,0.293828699745,0.851465747932,0.0,0.004320857835,0.855446995981,0.0,0.533364698291,0.454052746296,-0.000277628191,-0.369403008009
1662,1,0.19832363388,-0.008864571672,0.0,-0.19832363388,0.008864571672,0.0,0.235666010293,0.391571689677,0.0,-0.124486360871,0.392380819023,0.0,0.21692582402,0.690706661377,0.0,-0.03176361231,0.707200149323,0.0,0.167127575737,0.725217330915,0.0,0.014485742543,0.734075633761,0.0,0.29950684014,0.865152948898,0.0,0.006936272381,0.86885278584,0.0,0.533699959517,0.454059675336,-0.000277095474,-0.363684907394
1663,1,0.196526969147,-0.008918369564,0.0,-0.196526969147,0.008918369564,0.0,0.233680862331,0.38732848206,0.0,-0.122912267314,0.388701662898,0.0,0.21519812101,0.683224437273,0.0,-0.03064581479,0.701647919785,0.0,0.166635202406,0.717619873491,0.0,0.014935573961,0.72815755089,0.0,0.298010764103,0.858309215241,0.0,0.008989074252,0.860707979355,0.0,0.533841460943,0.454057067633,-0.000277840532,-0.367130149001
1664,1,0.19637258598,-0.009061430122,0.0,-0.19637258598,0.009061430122,0.0,0.233585678862,0.386606355231,0.0,-0.122129002795,0.388209434114,0.0,0.214258322114,0.680436099841,0.0,-0.029472696003,0.700615061866,0.0,0.166695373471,0.715166397163,0.0,0.01528956333,0.726938997585,0.0,0.297923922853,0.853188669768,0.0,0.009845997407,0.859228651031,0.0,0.533981457353,0.45400378108,-0.000277915038,-0.367872324671
1665,1,0.219025292784,-0.010281881328,0.0,-0.219025292784,0.010281881328,0.0,0.26071809656,0.430235710035,0.0,-0.135596396518,0.433042802793,0.0,0.238758633603,0.756190891197,0.0,-0.031666325862,0.779727686683,0.0,0.186407607239,0.793821409867,0.0,0.017981500659,0.808429908013,0.0,0.332265503316,0.945962843206,0.0,0.008179132027,0.95712916708,0.0,0.534111231565,0.454042255878,-0.00027407892,-0.330458294992
1666,1,0.236311380683,-0.011468218796,0.0,-0.236311380683,0.011468218796,0.0,0.283810365828,0.463841738399,0.0,-0.146791294156,0.467571733899,0.0,0.256299557777,0.810535813169,0.0,-0.033759241109,0.840669134485,0.0,0.195764069116,0.852104233862,0.0,0.019361582982,0.871668132235,0.0,0.358440234062,1.006826096837,0.0,0.008609103517,1.032752230676,0.0,0.534130930901,0.453927442431,-0.000278313644,-0.306397007455
1667,1,0.205591279114,-0.010690954977,0.0,-0.205591279114,0.010690954977,0.0,0.249294027738,0.401355549544,0.0,-0.12746500464,0.407005521607,0.0,0.221475126152,0.679477613787,0.0,-0.029446324489,0.728477063284,0.0,0.170370927652,0.711715659839,0.0,0.014230979142,0.752479553972,0.0,0.310220754574,0.837705742468,0.0,0.007500651538,0.894874302927,0.0,0.534200802445,0.453276187181,-0.000277306885,-0.352544755438
1668,1,0.19532272052,-0.010293118371,0.0,-0.19532272052,0.010293118371,0.0,0.237039974271,0.380804659756,0.0,-0.121044023267,0.386922133354,0.0,0.208582012037,0.628939341586,0.0,-0.028358130026,0.689585440719,0.0,0.15865064767,0.659301344187,0.0,0.011629849962,0.711619686225,0.0,0.294494173451,0.771639163562,0.0,0.000968123447,0.850469020867,0.0,0.53412091732,0.453191533685,-0.000276534818,-0.371065482395
1669,1,0.216863710115,-0.011514844628,0.0,-0.216863710115,0.011514844628,0.0,0.26380562038,0.416979390709,0.0,-0.134132157482,0.430102098988,0.0,0.231032484385,0.669159180866,0.0,-0.032249344657,0.761854456309,0.0,0.175556192314,0.694056532849,0.0,0.008571763611,0.782347357471,0.0,0.325804546536,0.837221525928,0.0,0.001430679253,0.946457937328,0.0,0.534243583679,0.452620893717,-0.000283950008,-0.334044154783
1670,1,0.215220803812,-0.011497995119,0.0,-0.215220803812,0.011497995119,0.0,0.260736529692,0.403718226887,0.0,-0.134142083097,0.424207074338,0.0,0.22484763458,0.638500958364,0.0,-0.033803159858,0.747725901355,0.0,0.169448653548,0.659053978205,0.0,0.005189787334,0.765663940511,0.0,0.315727936497,0.808770284849,0.0,-0.00914911771,0.936498266879,0.0,0.533931657672,0.452632009983,-0.000286397524,-0.337161918766
1671,1,0.204903798824,-0.011771931329,0.0,-0.204903798824,0.011771931329,0.0,0.249307851668,0.378103512067,0.0,-0.127965108294,0.404765676659,0.0,0.214010188322,0.584302218277,0.0,-0.033449307541,0.714572152934,0.0,0.160848360296,0.59621093055,0.0,0.00049395461,0.730812655291,0.0,0.300421254353,0.756123876161,0.0,-0.007836696355,0.894513640354,0.0,0.533802375197,0.450714766979,-0.000320191029,-0.35340717505
1672,1,0.196036630003,-0.012308568935,0.0,-0.196036630003,0.012308568935,0.0,0.242082773192,0.358908471082,0.0,-0.121714130013,0.387374298857,0.0,0.200157623707,0.53359439424,0.0,-0.031990878584,0.685923552065,0.0,0.142643385394,0.536475972469,0.0,-0.00462511605,0.702205262567,0.0,0.280619954929,0.7027717322,0.0,-0.006253108965,0.86373914707,0.0,0.534194618464,0.449521273375,-0.000335499704,-0.368063944487
1673,1,0.197975733086,-0.012994986194,0.0,-0.197975733086,0.012994986194,0.0,0.245264712576,0.358631943895,0.0,-0.12289164467,0.390368039811,0.0,0.197824411625,0.51641726169,0.0,-0.032971342248,0.694439390136,0.0,0.136007507985,0.517784147054,0.0,-0.008480180695,0.71171278808,0.0,0.279034277575,0.689462559053,0.0,-0.006116488737,0.876023506283,0.0,0.534239545465,0.449222356081,-0.000353821088,-0.364155182019
1674,1,0.176949999153,-0.011921342129,0.0,-0.176949999153,0.011921342129,0.0,0.218045229697,0.306401844219,0.0,-0.109678029915,0.34862811468,0.0,0.175331228901,0.429046274325,0.0,-0.029556692361,0.621179111073,0.0,0.119531455403,0.430664239983,0.0,-0.007380907714,0.637423720345,0.0,0.247766351841,0.584774298605,0.0,-0.005528293148,0.784898071711,0.0,0.534267067909,0.449116006494,-0.000357859768,-0.40744212826
1675,1,0.162450303439,-0.011326424551,0.0,-0.162450303439,0.011326424551,0.0,0.199985403021,0.274631604719,0.0,-0.100128254353,0.321207346362,0.0,0.159889315749,0.377616683953,0.0,-0.027421258044,0.574732157083,0.0,0.110316760842,0.37537525688,0.0,-0.007255000501,0.59151449954,0.0,0.216239042348,0.512353252417,0.0,-0.006310230119,0.728991560722,0.0,0.534345179796,0.44787016511,-0.000373342074,-0.443452775512
1676,1,0.162759853491,-0.01173712564,0.0,-0.162759853491,0.01173712564,0.0,0.20111215991,0.279055109438,0.0,-0.097243216413,0.323976500686,0.0,0.153800256287,0.366839743768,0.0,-0.02613805664,0.580676642214,0.0,0.106648597283,0.367786907548,0.0,-0.007215967058,0.597701840321,0.0,0.208904636509,0.486674246736,0.0,-0.004531009409,0.737320582663,0.0,0.534971281886,0.447238117456,-0.000352425501,-0.441702913857
1677,1,0.205791953487,-0.014972768938,0.0,-0.205791953487,0.014972768938,0.0,0.254649573808,0.345213653956,0.0,-0.121968602494,0.40914080846,0.0,0.198811208998,0.438610324453,0.0,-0.032184956001,0.735290941725,0.0,0.145595442442,0.424459484359,0.0,-0.007424653446,0.756569060191,0.0,0.260362689337,0.59288662,0.0,-0.004914301169,0.935025152122,0.0,0.535038396716,0.446802213788,-0.000365037005,-0.349409905673
1678,1,0.202284085757,-0.015134585512,0.0,-0.202284085757,0.015134585512,0.0,0.24768972719,0.341575401412,0.0,-0.117267727754,0.403423118019,0.0,0.189696246324,0.420023775792,0.0,-0.030957409456,0.722865440004,0.0,0.143649572638,0.391407700617,0.0,-0.006829565329,0.743694129377,0.0,0.241211213307,0.55697346396,0.0,-0.004307657992,0.918609312942,0.0,0.535221502185,0.446657642722,-0.000340881757,-0.355750229277
1679,1,0.237412151997,-0.017760734923,0.0,-0.237412151997,0.017760734923,0.0,0.287803366824,0.412401962722,0.0,-0.137024718675,0.474710963629,0.0,0.221774817129,0.461426509894,0.0,-0.035644685119,0.85023102822,0.0,0.169002324667,0.380666463934,0.0,-0.007584420853,0.877143641453,0.0,0.263859907607,0.554941989626,0.0,-0.007189621037,1.07678756089,0.0,0.535333603621,0.446224853396,-0.000309405383,-0.303307465043
1680,1,0.238276657588,-0.017797065047,0.0,-0.238276657588,0.017797065047,0.0,0.287230900703,0.414818954693,0.0,-0.13577922927,0.477701237549,0.0,0.229983141677,0.282332679932,0.0,-0.033574791482,0.851272404644,0.0,0.179812781811,0.196544738955,0.0,-0.006157903429,0.878538774453,0.0,0.243855840943,0.370750078445,0.0,-0.006235026857,1.074634019231,0.0,0.535630106926,0.446284919977,-0.000280700158,-0.303729048352
1681,1,0.237476447261,-0.017418955597,0.0,-0.237476447261,0.017418955597,0.0,0.287423156416,0.412798264962,0.0,-0.131090547091,0.476418916887,0.0,0.198008025922,0.231108973932,0.0,-0.029946169633,0.849808084947,0.0,0.166130413814,0.172836356841,0.0,-0.00285694252,0.876435532977,0.0,0.200221186648,0.320056402609,0.0,-0.00260741093,1.0653470644,0.0,0.536582455039,0.445676386356,-0.000298803207,-0.306942974475
1682,1,0.22539389111,-0.015926352859,0.0,-0.22539389111,0.015926352859,0.0,0.272975880659,0.391989330088,0.0,-0.121215525372,0.453350228645,0.0,0.188289915795,0.167165369744,0.0,-0.025645054228,0.804558074955,0.0,0.177127581994,0.130503026714,0.0,0.000480982033,0.82912549516,0.0,0.202919511443,0.225658129242,0.0,-0.000148613931,1.009891647668,0.0,0.537338018417,0.444612458348,-0.000282513909,-0.32566914274
1683,1,0.21224294229,-0.01445707319,0.0,-0.21224294229,0.01445707319,0.0,0.261950559453,0.371241933225,0.0,-0.109269590613,0.429678083975,0.0,0.182163806657,0.176391959544,0.0,-0.018144724855,0.760833870623,0.0,0.170524439069,0.138748675687,0.0,0.008726635648,0.784420416941,0.0,0.172620884849,0.221778401748,0.0,0.004733200186,0.95414168288,0.0,0.539357215166,0.444185748696,-0.000274770893,-0.345454312833
1684,1,0.221148409474,-0.015140715384,0.0,-0.221148409474,0.015140715384,0.0,0.273123192003,0.384654939868,0.0,-0.111464918051,0.448372240287,0.0,0.185976487593,0.185183533038,0.0,-0.017877915851,0.790204767514,0.0,0.171370141968,0.144217842546,0.0,0.009992087396,0.814728263351,0.0,0.173853416017,0.24134763114,0.0,0.005672516395,0.994311798405,0.0,0.539693906903,0.444558531046,-0.000278470572,-0.332673865226
1685,1,0.20329046318,-0.013844995228,0.0,-0.20329046318,0.013844995228,0.0,0.253087933411,0.353625432865,0.0,-0.100262917365,0.41204326622,0.0,0.173460197524,0.159449967421,0.0,-0.013363447712,0.730087025134,0.0,0.161763955301,0.123452963367,0.0,0.013391679623,0.756006718354,0.0,0.169459990827,0.197401558068,0.0,0.007002213667,0.915372648511,0.0,0.540496006608,0.44456371665,-0.000276088715,-0.362079506837
1686,1,0.192902726667,-0.01315255914,0.0,-0.192902726667,0.01315255914,0.0,0.24182948903,0.336560685879,0.0,-0.094366074094,0.392650898426,0.0,0.161134150969,0.15010670019,0.0,-0.011739381451,0.697253285657,0.0,0.145723544346,0.115904833741,0.0,0.013660952465,0.721623135929,0.0,0.153029521548,0.187063697643,0.0,0.008441066756,0.871054065514,0.0,0.54086111486,0.444516599178,-0.00026081223,-0.380770115526
1687,1,0.195649615052,-0.013348999891,0.0,-0.195649615052,0.013348999891,0.0,0.247306587429,0.341481423961,0.0,-0.095699007665,0.398710909949,0.0,0.169555309541,0.155711215204,0.0,-0.011416487062,0.707630301091,0.0,0.154808851555,0.120419529365,0.0,0.014398016998,0.731460137396,0.0,0.158140808577,0.197616606537,0.0,0.00718196778,0.883964956678,0.0,0.541055172682,0.444531187415,-0.000261388253,-0.375136652404
1688,1,0.197511967418,-0.013392344109,0.0,-0.197511967418,0.013392344109,0.0,0.250750388647,0.345081920445,0.0,-0.096196391048,0.40414985033,0.0,0.175925015286,0.163776017548,0.0,-0.011192602114,0.715536779518,0.0,0.162010468907,0.128894829608,0.0,0.015440435038,0.740219032503,0.0,0.161041649438,0.207944630972,0.0,0.007267949475,0.894691193032,0.0,0.54112675786,0.444500654936,-0.000259889755,-0.371814029789
1689,1,0.198624760349,-0.013419062838,0.0,-0.198624760349,0.013419062838,0.0,0.254148767136,0.347192512638,0.0,-0.09584524878,0.406630432908,0.0,0.178157638012,0.165077143565,0.0,-0.010398632911,0.719633060615,0.0,0.163170010675,0.128658004061,0.0,0.01650753699,0.744119951965,0.0,0.164390453181,0.212706004751,0.0,0.008768070771,0.899802558351,0.0,0.541794851422,0.444487899542,-0.0002605794,-0.36965900019
1690,1,0.199163630033,-0.013475273505,0.0,-0.199163630033,0.013475273505,0.0,0.257079053494,0.348500511053,0.0,-0.094127658008,0.409272659173,0.0,0.178955047044,0.16934725897,0.0,-0.00860159722,0.723418708558,0.0,0.162064305599,0.134253522029,0.0,0.017184550792,0.748497287632,0.0,0.165233564138,0.216337989503,0.0,0.011077037017,0.903127145048,0.0,0.542564824224,0.444476187229,-0.000257054809,-0.368459809768
1691,1,0.200172556768,-0.013577313077,0.0,-0.200172556768,0.013577313077,0.0,0.258129590923,0.350009883314,0.0,-0.094465518862,0.411084233978,0.0,0.17168283141,0.17428304576,0.0,-0.008518111634,0.726138238823,0.0,0.152860085375,0.138231792928,0.0,0.017341139292,0.750016490103,0.0,0.154444495163,0.228056471216,0.0,0.010659388171,0.908046094215,0.0,0.542606309056,0.444497615099,-0.000257966574,-0.366864999442
1692,1,0.197569909535,-0.0134172867,0.0,-0.197569909535,0.0134172867,0.0,0.254665411994,0.345874508833,0.0,-0.093296298045,0.406286020431,0.0,0.169820245923,0.166900473813,0.0,-0.008407426412,0.716488530879,0.0,0.151870411785,0.1313178112,0.0,0.017192324529,0.739186072128,0.0,0.15470381529,0.21617837446,0.0,0.008941356009,0.896360414468,0.0,0.542648822069,0.444475799799,-0.000257827342,-0.371629262492
1693,1,0.197331971127,-0.013465871415,0.0,-0.197331971127,0.013465871415,0.0,0.254113486227,0.345790975159,0.0,-0.094025188271,0.406168009523,0.0,0.174159992374,0.160840899739,0.0,-0.008368553661,0.71572173162,0.0,0.156313631666,0.125549736861,0.0,0.017574595632,0.737698008131,0.0,0.167816617322,0.203089953629,0.0,0.006971431195,0.892558593975,0.0,0.542799204588,0.444404944777,-0.000260081608,-0.371973760556
1694,1,0.199669591007,-0.013523357723,0.0,-0.199669591007,0.013523357723,0.0,0.256772813475,0.349444524631,0.0,-0.095547430788,0.410564151969,0.0,0.177724821543,0.160908334345,0.0,-0.007228175487,0.722338430892,0.0,0.159941265994,0.125595834338,0.0,0.019321878159,0.743476175578,0.0,0.171624284705,0.203348486268,0.0,0.008083172819,0.901340724281,0.0,0.54330252111,0.444457903504,-0.000263455324,-0.367772262637
1695,1,0.206141373485,-0.0139553045,0.0,-0.206141373485,0.0139553045,0.0,0.264807791687,0.360734266242,0.0,-0.099040111973,0.423888138017,0.0,0.183445542338,0.16928681799,0.0,-0.007591719119,0.745959579357,0.0,0.161368338481,0.132989554223,0.0,0.019716914402,0.768703776062,0.0,0.177502938141,0.229200364707,0.0,0.007624185964,0.930793497724,0.0,0.543346703053,0.444474697113,-0.000263840891,-0.356157210057
1696,1,0.206925621438,-0.013863819102,0.0,-0.206925621438,0.013863819102,0.0,0.265097632739,0.363291627455,0.0,-0.099099474968,0.426210928556,0.0,0.188385567671,0.169293208348,0.0,-0.007312880209,0.749496245905,0.0,0.168180193317,0.133570417772,0.0,0.020091459232,0.773465063262,0.0,0.186340389945,0.218565553477,0.0,0.007204049458,0.934851906643,0.0,0.543475702405,0.444409325719,-0.000264159869,-0.354624103544
1697,1,0.207509072559,-0.013570724659,0.0,-0.207509072559,0.013570724659,0.0,0.264728261658,0.363211393362,0.0,-0.100573435804,0.426614915609,0.0,0.189731795391,0.171181276846,0.0,-0.007997743753,0.750265355965,0.0,0.170468754407,0.135391836093,0.0,0.0195316508,0.773604134628,0.0,0.188061604109,0.221156999413,0.0,0.005389352373,0.934995576023,0.0,0.543333768845,0.44422878325,-0.000264301896,-0.354375052097
1698,1,0.20916286764,-0.013410820656,0.0,-0.20916286764,0.013410820656,0.0,0.266351859253,0.366823505596,0.0,-0.10108038582,0.430280998245,0.0,0.191284631962,0.174983158467,0.0,-0.0087352141,0.758292363232,0.0,0.156875037562,0.126032760938,0.0,0.016843815836,0.781838384163,0.0,0.191367670836,0.23123902408,0.0,0.007235929394,0.945365871421,0.0,0.543537259102,0.443939730525,-0.000266451389,-0.351000318035
1699,1,0.212390990188,-0.01394795562,0.0,-0.212390990188,0.01394795562,0.0,0.267534640122,0.372756992452,0.0,-0.102593355525,0.437102174319,0.0,0.207235534786,0.188726698751,0.0,-0.009343265777,0.770465695687,0.0,0.160523302253,0.129652446345,0.0,0.016910654347,0.79455846574,0.0,0.206267501683,0.256648730592,0.0,0.00729017321,0.959293294101,0.0,0.543561413884,0.443709015846,-0.000263857655,-0.345578129525
1700,1,0.213922878009,-0.014194661814,0.0,-0.213922878009,0.014194661814,0.0,0.267154555012,0.37543038378,0.0,-0.104589156519,0.439001834189,0.0,0.208463633435,0.202316050084,0.0,-0.010670989717,0.775207252738,0.0,0.173059565645,0.157856650088,0.0,0.015891167401,0.800063602393,0.0,0.206447560616,0.27546808439,0.0,0.005303720695,0.965057833559,0.0,0.543164223433,0.443906515837,-0.000265333802,-0.34281780489
1701,1,0.211560610986,-0.013875397417,0.0,-0.211560610986,0.013875397417,0.0,0.263472741212,0.375673310394,0.0,-0.104212363603,0.434955270807,0.0,0.21528084338,0.280521877737,0.0,-0.011189776957,0.767359123559,0.0,0.171196076604,0.214492205045,0.0,0.015147379467,0.790474103262,0.0,0.20356401701,0.36666133327,0.0,0.004488007281,0.958353536894,0.0,0.542916744947,0.442915692925,-0.000269313343,-0.346398312216
1702,1,0.215309993141,-0.014009298,0.0,-0.215309993141,0.014009298,0.0,0.26808535009,0.382601472118,0.0,-0.106537350739,0.441009428003,0.0,0.248974752804,0.29571231935,0.0,-0.012305568531,0.779751768236,0.0,0.180843777013,0.223196349271,0.0,0.014713088446,0.803769557968,0.0,0.271006491756,0.395721624268,0.0,0.004346838029,0.974893028021,0.0,0.542942523956,0.443005412817,-0.000271433033,-0.340542100526
1703,1,0.211590399988,-0.013102759534,0.0,-0.211590399988,0.013102759534,0.0,0.26605946678,0.374272225381,0.0,-0.10551630545,0.429106192089,0.0,0.241210529955,0.398609769622,0.0,-0.01270439399,0.75697723027,0.0,0.185130731179,0.338325416497,0.0,0.013921185283,0.783089354893,0.0,0.258661200445,0.52607694875,0.0,0.003844036325,0.954201038532,0.0,0.542727053165,0.443420872092,-0.00029233424,-0.346863502575
1704,1,0.190335415948,-0.011800143211,0.0,-0.190335415948,0.011800143211,0.0,0.240722898161,0.330321999882,0.0,-0.097007912846,0.38615188163,0.0,0.217696798784,0.404542993083,0.0,-0.013022158973,0.68300051266,0.0,0.167443755431,0.387966300241,0.0,0.010563258995,0.704582659282,0.0,0.247188730058,0.521178162067,0.0,0.002367237119,0.863030259762,0.0,0.542193338275,0.443323716521,-0.000344841221,-0.38284028058
1705,1,0.174424672474,-0.010848685491,0.0,-0.174424672474,0.010848685491,0.0,0.221009554286,0.302344960455,0.0,-0.089473431176,0.352588590227,0.0,0.200401597037,0.376661687048,0.0,-0.014180723766,0.626546677298,0.0,0.155831472634,0.363017266386,0.0,0.004333301901,0.645620429322,0.0,0.231040356982,0.496035455632,0.0,0.004300831192,0.791881518175,0.0,0.542055115104,0.443577095866,-0.000348344678,-0.416691070441
1706,1,0.168168192922,-0.010805797882,0.0,-0.168168192922,0.010805797882,0.0,0.21580383533,0.293616946987,0.0,-0.088138673406,0.338751801118,0.0,0.191917126944,0.375703453698,0.0,-0.017392749385,0.605498071411,0.0,0.14843625787,0.372657040146,0.0,0.000714362505,0.624651132473,0.0,0.226649912646,0.501927353076,0.0,0.003330205192,0.767615205928,0.0,0.541513472795,0.44328956306,-0.000338722719,-0.430245636829
1707,1,0.157306821844,-0.010258985311,0.0,-0.157306821844,0.010258985311,0.0,0.201362007762,0.274742338732,0.0,-0.085021922207,0.314102948778,0.0,0.177564786985,0.36756851535,0.0,-0.019283837239,0.565809029092,0.0,0.136922392115,0.367576954978,0.0,-0.001637742391,0.583831920897,0.0,0.21754765734,0.506142802463,0.0,0.001396109332,0.718914668737,0.0,0.540752202272,0.443752363324,-0.000338162761,-0.459060711305
1708,1,0.162920661997,-0.010515986668,0.0,-0.162920661997,0.010515986668,0.0,0.208451650667,0.285005024729,0.0,-0.090934545856,0.32239222581,0.0,0.182951904504,0.416677736457,0.0,-0.02184147246,0.587911452631,0.0,0.137999510865,0.418371416109,0.0,-0.002202358019,0.607237918944,0.0,0.233712281164,0.563691022594,0.0,0.001437904287,0.74205279166,0.0,0.540040835738,0.444103136659,-0.000374259427,-0.440960720252
1709,1,0.177370898029,-0.011285701959,0.0,-0.177370898029,0.011285701959,0.0,0.227413183502,0.316318196051,0.0,-0.099671307392,0.350413968354,0.0,0.198611031079,0.487414097599,0.0,-0.024951989158,0.638968236729,0.0,0.150481540227,0.494654996784,0.0,-0.001826914499,0.659636793529,0.0,0.25812518314,0.649292272883,0.0,0.000829732418,0.804972784326,0.0,0.539835885167,0.444438070059,-0.000367555302,-0.404454549296
1710,1,0.183248663007,-0.01116889884,0.0,-0.183248663007,0.01116889884,0.0,0.234529476811,0.33675839011,0.0,-0.103859060791,0.361374365077,0.0,0.205846527284,0.542030603658,0.0,-0.027964942892,0.659920287897,0.0,0.157446515743,0.558562841892,0.0,-0.003660925745,0.680994229066,0.0,0.272067816073,0.70687009239,0.0,0.000801414145,0.83082158714,0.0,0.539434552193,0.44506713748,-0.000326826412,-0.390539637757
1711,1,0.193640384336,-0.010679974188,0.0,-0.193640384336,0.010679974188,0.0,0.246827824345,0.372352256602,0.0,-0.110586794662,0.379911260628,0.0,0.219795352296,0.6017754019,0.0,-0.031321347985,0.694614785381,0.0,0.172006670189,0.627574958899,0.0,-0.004864430109,0.715033512502,0.0,0.302892873705,0.775565304791,0.0,0.00100368669,0.873439555743,0.0,0.539051070809,0.447279110551,-0.000299286563,-0.369037636501
1712,1,0.189599005147,-0.009766621575,0.0,-0.189599005147,0.009766621575,0.0,0.239653944931,0.3644308016,0.0,-0.108804671094,0.37004478567,0.0,0.220469695347,0.605046073765,0.0,-0.031415052429,0.682524535748,0.0,0.175960846955,0.629965049268,0.0,-0.000104241251,0.699952948371,0.0,0.298212166907,0.785143924006,0.0,0.000665891696,0.850773617289,0.0,0.538725450635,0.447726935148,-0.000263570342,-0.378385458309
1713,1,0.20747229392,-0.01051495409,0.0,-0.20747229392,0.01051495409,0.0,0.261930080354,0.400597969834,0.0,-0.119854590422,0.406699929979,0.0,0.242687413807,0.688741545569,0.0,-0.035019992049,0.747613145271,0.0,0.191846025394,0.722781327475,0.0,0.001262487895,0.767491260178,0.0,0.331469933476,0.884155197804,0.0,0.000123027563,0.931270657875,0.0,0.538515880704,0.447859451175,-0.000270879362,-0.345556815125
1714,1,0.214720232702,-0.010767473191,0.0,-0.214720232702,0.010767473191,0.0,0.26981235743,0.424138584182,0.0,-0.124666738501,0.426408849337,0.0,0.253418080242,0.718709771602,0.0,-0.036946334403,0.77625831609,0.0,0.199996706465,0.754780215577,0.0,0.00316328966,0.797316631725,0.0,0.339823354717,0.92104411941,0.0,0.001534481499,0.962696702771,0.0,0.538255661726,0.448126360774,-0.000271764584,-0.333957062139
1715,1,0.238850656529,-0.011657104425,0.0,-0.238850656529,0.011657104425,0.0,0.296834710341,0.473235053546,0.0,-0.141344393366,0.473031569849,0.0,0.28020085742,0.80082185556,0.0,-0.042057598418,0.860641514248,0.0,0.221542578472,0.835022541074,0.0,0.00646525448,0.8858299879,0.0,0.371149467893,1.030247647549,0.0,-0.000920472049,1.066270787633,0.0,0.53748549521,0.448429465294,-0.000286061317,-0.301415692666
1716,1,0.212858837593,-0.010303203693,0.0,-0.212858837593,0.010303203693,0.0,0.263830578918,0.422562541799,0.0,-0.127006927291,0.422460514616,0.0,0.249138840677,0.729289031594,0.0,-0.036690314478,0.768288085555,0.0,0.19702902929,0.767417242132,0.0,0.009594431949,0.792269760109,0.0,0.328855727788,0.912373376607,0.0,0.00025674198,0.949930657828,0.0,0.537391662598,0.448387041688,-0.000289526768,-0.33825386599
1717,1,0.233310200399,-0.010304096925,0.0,-0.233310200399,0.010304096925,0.0,0.287159860117,0.467485440266,0.0,-0.139812793909,0.462229682599,0.0,0.272111579705,0.804097294179,0.0,-0.040808160863,0.839534722248,0.0,0.214134105466,0.839769014827,0.0,0.011637866294,0.86528239594,0.0,0.35934870392,1.001256429455,0.0,4.154158e-05,1.036345506531,0.0,0.537194684148,0.449287727475,-0.000291811302,-0.308844774429
1718,1,0.226952243775,-0.009942702521,0.0,-0.226952243775,0.009942702521,0.0,0.275631911539,0.458468819598,0.0,-0.13880515538,0.454157783782,0.0,0.263481522464,0.7874684546,0.0,-0.041994486847,0.82322935422,0.0,0.206411381671,0.827262660388,0.0,0.010557735958,0.850635346053,0.0,0.348929803196,0.988502267666,0.0,-0.002466312855,1.011950423345,0.0,0.536530092359,0.449328958988,-0.000293246005,-0.315911671044
1719,1,0.192250766081,-0.008473261741,0.0,-0.192250766081,0.008473261741,0.0,0.231023245703,0.388205143484,0.0,-0.119181851738,0.384665086107,0.0,0.222324382663,0.672176690114,0.0,-0.036327366134,0.697843345446,0.0,0.1739455175,0.705323089933,0.0,0.008936498007,0.72110118819,0.0,0.294468023844,0.836241886206,0.0,-0.004436465726,0.857147046827,0.0,0.536198943853,0.449533239007,-0.000291134231,-0.372725038279
1720,1,0.189761825799,-0.0082870948,0.0,-0.189761825799,0.0082870948,0.0,0.22542653174,0.384388510288,0.0,-0.120179003371,0.381982327398,0.0,0.215495016224,0.669727266075,0.0,-0.038485118588,0.696132429217,0.0,0.167640052277,0.706145203597,0.0,0.006114094695,0.720928285947,0.0,0.291116467351,0.834223616044,0.0,-0.005768744522,0.850233992919,0.0,0.53543138504,0.449708774686,-0.000291599892,-0.375559988826
1721,1,0.197915155921,-0.008128579113,0.0,-0.197915155921,0.008128579113,0.0,0.233828193245,0.400146255705,0.0,-0.126159005958,0.398207419787,0.0,0.223773785532,0.699656885959,0.0,-0.041923453524,0.728051776742,0.0,0.173220888329,0.737650845501,0.0,0.005097252817,0.753678511569,0.0,0.302555792358,0.873904399588,0.0,-0.005857228113,0.8864974711,0.0,0.535187855363,0.450139433146,-0.000295453239,-0.359717881288
1722,1,0.183450311416,-0.007443939295,0.0,-0.183450311416,0.007443939295,0.0,0.214018589147,0.369737921492,0.0,-0.119175546187,0.368210342725,0.0,0.205081586796,0.644476081077,0.0,-0.040672646614,0.672671240906,0.0,0.158579769173,0.676950882534,0.0,0.00282220522,0.696728346305,0.0,0.277409047317,0.808246193304,0.0,-0.009097628738,0.819316810537,0.0,0.534399554133,0.450154080987,-0.000287765171,-0.388980729828
1723,1,0.18191879825,-0.007094538231,0.0,-0.18191879825,0.007094538231,0.0,0.211564518791,0.366287498607,0.0,-0.118530095311,0.365058562924,0.0,0.202673330022,0.640275339443,0.0,-0.040968102634,0.66658467265,0.0,0.156386961161,0.673003189999,0.0,0.002017626714,0.690320466383,0.0,0.275272523386,0.802015935164,0.0,-0.009808754107,0.811943051745,0.0,0.534213647246,0.450031876564,-0.000282276887,-0.392664327742
1724,1,0.180977863104,-0.007000266666,0.0,-0.180977863104,0.007000266666,0.0,0.205849493538,0.363831340645,0.0,-0.121771250904,0.362159026284,0.0,0.195508211036,0.635711509613,0.0,-0.046082655204,0.661112352499,0.0,0.149587232456,0.668624595143,0.0,-0.003453316359,0.685045310127,0.0,0.267321911804,0.795338122829,0.0,-0.015793427745,0.805364632685,0.0,0.532047450542,0.450050026178,-0.000279762316,-0.395947086534
1725,1,0.182811584861,-0.006794776696,0.0,-0.182811584861,0.006794776696,0.0,0.204494108941,0.367361674368,0.0,-0.126410299429,0.365285902407,0.0,0.194142321777,0.639523546157,0.0,-0.049918832719,0.665941425022,0.0,0.147738673815,0.671598998689,0.0,-0.006878199976,0.690008698989,0.0,0.266655935333,0.802781763716,0.0,-0.021328450433,0.814005654954,0.0,0.530725210905,0.449791759253,-0.000272815581,-0.391894778047
1726,1,0.174818612128,-0.006335955216,0.0,-0.174818612128,0.006335955216,0.0,0.19432719633,0.352535220869,0.0,-0.121132859253,0.350043919033,0.0,0.184757559924,0.618618423912,0.0,-0.049653051942,0.639232462213,0.0,0.139994656156,0.650478843812,0.0,-0.008061572349,0.662888815236,0.0,0.253857668484,0.768447828511,0.0,-0.020555866105,0.780745321531,0.0,0.530001625419,0.449698016047,-0.00027152407,-0.408568927295
1727,1,0.178059146976,-0.006266412875,0.0,-0.178059146976,0.006266412875,0.0,0.191637269143,0.357058609274,0.0,-0.127518724844,0.354662361233,0.0,0.180506460901,0.624570121943,0.0,-0.057074449836,0.64793890597,0.0,0.134415135293,0.656325996142,0.0,-0.01479796769,0.671728946524,0.0,0.250997657313,0.779604661541,0.0,-0.028156950612,0.791437588665,0.0,0.5273758322,0.450022384524,-0.000271742698,-0.402687692343
1728,1,0.182887080937,-0.006225716605,0.0,-0.182887080937,0.006225716605,0.0,0.194928770499,0.369190120315,0.0,-0.134038385632,0.366892465209,0.0,0.18165272437,0.644464563572,0.0,-0.061194288274,0.668616641313,0.0,0.134087193781,0.677735962058,0.0,-0.017146999033,0.694191958569,0.0,0.256223620391,0.808135424749,0.0,-0.031643019391,0.817936529549,0.0,0.526121005416,0.449889987707,-0.000275516417,-0.389563667875
1729,1,0.180488045585,-0.005647860289,0.0,-0.180488045585,0.005647860289,0.0,0.190379907206,0.362578850162,0.0,-0.134246264525,0.359324095038,0.0,0.176359406274,0.634519780408,0.0,-0.062779155518,0.656838766046,0.0,0.128866506471,0.666964053744,0.0,-0.019556301692,0.681969972996,0.0,0.248169373906,0.793320967181,0.0,-0.034426668695,0.803415331553,0.0,0.525028765202,0.449526131153,-0.000273949001,-0.397064559011
1730,1,0.20470295573,-0.006272493066,0.0,-0.20470295573,0.006272493066,0.0,0.210122226507,0.410779602744,0.0,-0.156031198069,0.407152302809,0.0,0.193691916364,0.718214228653,0.0,-0.07723157991,0.743085539325,0.0,0.139264648971,0.754887654158,0.0,-0.028261245458,0.771376710476,0.0,0.274952157549,0.898969319355,0.0,-0.046288244302,0.909488540174,0.0,0.522888839245,0.449475288391,-0.000278417487,-0.350548868321
1731,1,0.195618809396,-0.005455998098,0.0,-0.195618809396,0.005455998098,0.0,0.200447717912,0.395767815927,0.0,-0.149044515528,0.392214008631,0.0,0.184678944367,0.693308542016,0.0,-0.075457069104,0.716673574572,0.0,0.132407476673,0.72887178683,0.0,-0.028131215768,0.744450872519,0.0,0.262915745572,0.867203842094,0.0,-0.046908597261,0.875577731415,0.0,0.522327885032,0.449013233185,-0.000278236577,-0.364657979051
1732,1,0.224318005112,-0.006094066868,0.0,-0.224318005112,0.006094066868,0.0,0.226111169466,0.452132499078,0.0,-0.170222956284,0.447104261679,0.0,0.204749962871,0.789683323533,0.0,-0.091616950063,0.815998529721,0.0,0.144461133787,0.829834891771,0.0,-0.037792957714,0.847068495019,0.0,0.293643261056,0.987868829426,0.0,-0.058844079424,0.998311862432,0.0,0.520495280623,0.449053928256,-0.000281203305,-0.319950877326
1733,1,0.225381713537,-0.005861588848,0.0,-0.225381713537,0.005861588848,0.0,0.22537082781,0.453557305324,0.0,-0.172729514518,0.449706760775,0.0,0.203482351391,0.795256347803,0.0,-0.094170785708,0.822092481179,0.0,0.142751253458,0.835627194067,0.0,-0.040632150644,0.853527459022,0.0,0.293010890486,0.995025023898,0.0,-0.063210087748,1.005317291493,0.0,0.519609555602,0.449015170336,-0.000281280605,-0.317578170212
1734,1,0.220881476888,-0.005593999565,0.0,-0.220881476888,0.005593999565,0.0,0.219070660196,0.442942059406,0.0,-0.168777996005,0.438840941651,0.0,0.194723621053,0.775766182298,0.0,-0.095373563595,0.800496827219,0.0,0.134625748247,0.815554427918,0.0,-0.043270996712,0.831054038991,0.0,0.282152285823,0.969059256336,0.0,-0.064792770624,0.978941058145,0.0,0.518407866359,0.449105456471,-0.000284691341,-0.326064815868
1735,1,0.232358193214,-0.005892363864,0.0,-0.232358193214,0.005892363864,0.0,0.229027224284,0.465911286794,0.0,-0.179192300766,0.462428752615,0.0,0.200439456913,0.816921189364,0.0,-0.105231348006,0.844445592666,0.0,0.13629471321,0.857833406967,0.0,-0.051405848215,0.875930336225,0.0,0.292080871521,1.020991182863,0.0,-0.074476698296,1.031349425457,0.0,0.517011106014,0.449111908674,-0.000289652264,-0.309496112881
1736,1,0.224857683418,-0.005507254046,0.0,-0.224857683418,0.005507254046,0.0,0.218563398779,0.452159623258,0.0,-0.174565569774,0.448696763317,0.0,0.190135838805,0.791918826393,0.0,-0.106406965607,0.81875888443,0.0,0.127939700757,0.831641656795,0.0,-0.055905026919,0.84915831446,0.0,0.27857308146,0.990669626029,0.0,-0.076235841652,1.000447771781,0.0,0.515686661005,0.449044495821,-0.000289630378,-0.319292775183
1737,1,0.249826726864,-0.005995598591,0.0,-0.249826726864,0.005995598591,0.0,0.239071583356,0.500437099987,0.0,-0.194553000245,0.496274518092,0.0,0.206590042205,0.875706547745,0.0,-0.122019953934,0.905246072575,0.0,0.137419256008,0.919560381582,0.0,-0.06624317381,0.938809199413,0.0,0.304172716261,1.09593515313,0.0,-0.087454230723,1.107194382683,0.0,0.514399662614,0.449064359069,-0.000295474194,-0.2886311561
1738,1,0.262182760358,-0.006190916806,0.0,-0.262182760358,0.006190916806,0.0,0.246594800237,0.525402249142,0.0,-0.205798551322,0.520692249187,0.0,0.212504908623,0.918272510649,0.0,-0.132421048814,0.9496216882,0.0,0.139970736069,0.964185914195,0.0,-0.074641252151,0.984935426133,0.0,0.313864332876,1.150232428395,0.0,-0.09699729249,1.162463961291,0.0,0.513183578849,0.449038535357,-0.000301173888,-0.275219071577
1739,1,0.256904594705,-0.005835455076,0.0,-0.256904594705,0.005835455076,0.0,0.240118228768,0.513118083226,0.0,-0.202102308563,0.509349067389,0.0,0.20541972408,0.896836111691,0.0,-0.132199828571,0.927299818258,0.0,0.133904098536,0.941664878335,0.0,-0.075778470087,0.961964349732,0.0,0.303998559763,1.124803783565,0.0,-0.097317910864,1.135673306883,0.0,0.51236975193,0.449193954468,-0.000301097287,-0.281590831932
1740,1,0.225321811441,-0.005030079949,0.0,-0.225321811441,0.005030079949,0.0,0.206201634283,0.450349676481,0.0,-0.181890603459,0.447271556759,0.0,0.174740354941,0.78748268595,0.0,-0.1217006404,0.814327993836,0.0,0.111483145296,0.826814442897,0.0,-0.072212631055,0.844824259133,0.0,0.261481679485,0.987737969486,0.0,-0.092080173673,0.997327517758,0.0,0.510454431176,0.449161112309,-0.000299993437,-0.320686851503
1741,1,0.237465544434,-0.00496952453,0.0,-0.237465544434,0.00496952453,0.0,0.216247966382,0.475498637655,0.0,-0.189493020513,0.472873276626,0.0,0.183500946134,0.832616061357,0.0,-0.128676017889,0.85966776412,0.0,0.118647833777,0.873594428734,0.0,-0.07494525185,0.891012674303,0.0,0.27435145459,1.044254871902,0.0,-0.097100809435,1.052993051928,0.0,0.509960785508,0.448892757297,-0.000307378359,-0.303589982936
1742,1,0.261893129218,-0.005196875844,0.0,-0.261893129218,0.005196875844,0.0,0.23619296304,0.524281557798,0.0,-0.213824860035,0.521358006827,0.0,0.196931991441,0.917721524963,0.0,-0.148395039071,0.946032027739,0.0,0.124684635222,0.96353560473,0.0,-0.088919435243,0.980798931443,0.0,0.297835372834,1.15167954246,0.0,-0.11350454091,1.161113919285,0.0,0.508218422532,0.449131563306,-0.000310403295,-0.274888118442
1743,1,0.208933710037,-0.003937387436,0.0,-0.208933710037,0.003937387436,0.0,0.18805643823,0.419047608697,0.0,-0.170475317607,0.416567300458,0.0,0.155927332474,0.734448606259,0.0,-0.118571125825,0.756917413522,0.0,0.098735250481,0.77095913897,0.0,-0.067154636075,0.785388667316,0.0,0.237127726385,0.922096819503,0.0,-0.092157343301,0.92889516384,0.0,0.507849857211,0.449080392718,-0.000306960195,-0.343669392191
1744,1,0.284772066613,-0.005413210454,0.0,-0.284772066613,0.005413210454,0.0,0.252685102987,0.568258290073,0.0,-0.235381868615,0.564270425177,0.0,0.207985570548,0.995336149666,0.0,-0.166293742884,1.025966270982,0.0,0.129106773447,1.04440996984,0.0,-0.097749523753,1.064441434075,0.0,0.316467436291,1.249844949856,0.0,-0.129968350647,1.259765251516,0.0,0.506431564689,0.449072360992,-0.000330223353,-0.253582413025
1745,1,0.221064537626,-0.004052164218,0.0,-0.221064537626,0.004052164218,0.0,0.195780269931,0.440931370125,0.0,-0.181475771725,0.437738827768,0.0,0.160124527194,0.773255361192,0.0,-0.127754650932,0.795435849352,0.0,0.099363593247,0.811236361448,0.0,-0.074294801179,0.8259981752,0.0,0.244810645054,0.970785025012,0.0,-0.100435953957,0.977290892846,0.0,0.506151840091,0.44911724329,-0.000322156004,-0.326686996636
1746,1,0.278596390989,-0.005237871283,0.0,-0.278596390989,0.005237871283,0.0,0.245321364144,0.557081985511,0.0,-0.233680817512,0.552520537613,0.0,0.197423970655,0.972479962109,0.0,-0.167777787521,1.003122275811,0.0,0.120747281271,1.018224491465,0.0,-0.100836429764,1.041252862716,0.0,0.302235814557,1.226468353961,0.0,-0.132878860322,1.235088111585,0.0,0.504757791758,0.448882311583,-0.000321202329,-0.258492283462
1747,1,0.267607815878,-0.004931831523,0.0,-0.267607815878,0.004931831523,0.0,0.236176776089,0.535813845529,0.0,-0.222869896169,0.53232405213,0.0,0.189272214245,0.938359968966,0.0,-0.162190354768,0.966787656585,0.0,0.115688529801,0.983723725996,0.0,-0.097950766117,1.003726731761,0.0,0.291205551175,1.182633501492,0.0,-0.128357789318,1.190066848138,0.0,0.504499554634,0.448853030801,-0.000314740944,-0.26810014292
1748,1,0.278706465989,-0.005124010259,0.0,-0.278706465989,0.005124010259,0.0,0.245069988929,0.559064491619,0.0,-0.234774597333,0.55438066176,0.0,0.193444431696,0.977695568042,0.0,-0.173248253062,1.007459893771,0.0,0.116115952737,1.024913066902,0.0,-0.107446929559,1.045842281125,0.0,0.298519738058,1.231857271471,0.0,-0.137613156614,1.240076211492,0.0,0.503407344222,0.44885520637,-0.000314895457,-0.257312061638
1749,1,0.262732384833,-0.004681587454,0.0,-0.262732384833,0.004681587454,0.0,0.23040756301,0.528773164454,0.0,-0.219914128906,0.524266578872,0.0,0.181177242877,0.924556565793,0.0,-0.162643356803,0.95261182365,0.0,0.108525355364,0.96913852529,0.0,-0.099406427673,0.98948319082,0.0,0.280496853857,1.16513996489,0.0,-0.131398105489,1.172351990733,0.0,0.502950519323,0.448796764016,-0.000306547736,-0.272220015894
1750,1,0.27003582033,-0.004481842033,0.0,-0.27003582033,0.004481842033,0.0,0.234955925636,0.541553958464,0.0,-0.226115417485,0.536243259195,0.0,0.183429914884,0.947351063457,0.0,-0.170117492813,0.975452448024,0.0,0.108278920766,0.993798255283,0.0,-0.106298009746,1.013152130636,0.0,0.284712600756,1.192936240376,0.0,-0.136535116592,1.200372341172,0.0,0.50223788619,0.448913410306,-0.000300932748,-0.265660296402
1751,1,0.253687215711,-0.0038303035,0.0,-0.253687215711,0.0038303035,0.0,0.220302312121,0.509736444006,0.0,-0.211677605441,0.50454797668,0.0,0.172389805453,0.890970388716,0.0,-0.157213775754,0.917943881827,0.0,0.103940942347,0.934449765995,0.0,-0.097217970784,0.953500434706,0.0,0.264688010578,1.121770411537,0.0,-0.129056245087,1.128680636055,0.0,0.501982465386,0.448757305741,-0.000297443126,-0.282660021262
1752,1,0.278797893039,-0.004144114689,0.0,-0.278797893039,0.004144114689,0.0,0.240845032424,0.5604573352,0.0,-0.233052513595,0.554279787328,0.0,0.187423267416,0.980405416859,0.0,-0.175350044026,1.009001088921,0.0,0.111791653141,1.02929450753,0.0,-0.111793855268,1.048153993264,0.0,0.289293002135,1.232099115785,0.0,-0.1421878544,1.240558763424,0.0,0.501540139318,0.448773309588,-0.0003082279,-0.257135001849
1753,1,0.271767715327,-0.004169790589,0.0,-0.271767715327,0.004169790589,0.0,0.235929695155,0.546713162191,0.0,-0.226913442888,0.540409924648,0.0,0.182489183283,0.955319857667,0.0,-0.171496725873,0.984742954523,0.0,0.108731582393,1.001588967285,0.0,-0.110031568615,1.022475337225,0.0,0.281773652757,1.20264596682,0.0,-0.138858932654,1.211339144251,0.0,0.501457735896,0.448722243309,-0.000296043465,-0.263638722955
1754,1,0.286188581602,-0.00432425547,0.0,-0.286188581602,0.00432425547,0.0,0.249704579359,0.575367932103,0.0,-0.241018240701,0.568146406436,0.0,0.191352230045,1.005670844411,0.0,-0.183647389843,1.036175687958,0.0,0.111710725997,1.055093591907,0.0,-0.11865318302,1.075838408143,0.0,0.29420877175,1.265479469204,0.0,-0.148896325366,1.275001348421,0.0,0.500755488873,0.448709964752,-0.000307232782,-0.250534232094
1755,1,0.280729123475,-0.004233060992,0.0,-0.280729123475,0.004233060992,0.0,0.245308899661,0.564754714083,0.0,-0.235197725634,0.557569724537,0.0,0.187608670078,0.987715457474,0.0,-0.178953758232,1.017187924992,0.0,0.109883755542,1.035939650227,0.0,-0.115330757529,1.056282954557,0.0,0.288418836937,1.24325543666,0.0,-0.142712642941,1.251359974104,0.0,0.500674694777,0.448719903827,-0.000310222109,-0.255259232877
1756,1,0.287855044484,-0.004343286187,0.0,-0.287855044484,0.004343286187,0.0,0.247768781528,0.579212893626,0.0,-0.245373786366,0.572067303841,0.0,0.18825181661,1.012258098544,0.0,-0.188248104553,1.043223358726,0.0,0.108102401246,1.06142776473,0.0,-0.12297577503,1.082583375712,0.0,0.291930763214,1.275975792407,0.0,-0.15198106917,1.283858764333,0.0,0.499517470598,0.448608741164,-0.000319204351,-0.248884114483
1757,1,0.262998906114,-0.003466426633,0.0,-0.262998906114,0.003466426633,0.0,0.227022240147,0.529035646542,0.0,-0.22410722076,0.524344576518,0.0,0.171525341374,0.92796175221,0.0,-0.171067825646,0.957477651901,0.0,0.099618571744,0.972448583207,0.0,-0.111239536957,0.994038592623,0.0,0.265764159218,1.168889578132,0.0,-0.139947334157,1.177631020868,0.0,0.499427586794,0.447733283043,-0.000320605701,-0.272022338931
1758,1,0.30329973718,-0.004189472631,0.0,-0.30329973718,0.004189472631,0.0,0.262222271705,0.611809512203,0.0,-0.256007778848,0.605522112805,0.0,0.197894695679,1.074469869106,0.0,-0.196719725281,1.104957943879,0.0,0.117437716359,1.126205967544,0.0,-0.1282674333,1.146995071702,0.0,0.308680795825,1.348594417837,0.0,-0.160300318062,1.359585994879,0.0,0.49943985045,0.447588607669,-0.000332042255,-0.235862789713
1759,1,0.295290295201,-0.003932871615,0.0,-0.295290295201,0.003932871615,0.0,0.256911782459,0.594255365398,0.0,-0.24986185058,0.585992096867,0.0,0.19219574432,1.042946940177,0.0,-0.191782617747,1.07186162358,0.0,0.11305111013,1.093606601566,0.0,-0.125808158968,1.112637695444,0.0,0.299190612982,1.308098282148,0.0,-0.155527474858,1.318841538565,0.0,0.499193608761,0.448317289352,-0.000328627786,-0.242601702968
1760,1,0.289606907339,-0.003359130764,0.0,-0.289606907339,0.003359130764,0.0,0.252175662702,0.582290359464,0.0,-0.245605267332,0.575951170804,0.0,0.186597745007,1.02278485207,0.0,-0.186880210377,1.053088489549,0.0,0.110079661312,1.073227715622,0.0,-0.121511548624,1.093431587912,0.0,0.295093151893,1.28311757674,0.0,-0.153091948873,1.296388865997,0.0,0.499115154147,0.448127880692,-0.000328234062,-0.247099455271
1761,1,0.288174655346,-0.003655012262,0.0,-0.288174655346,0.003655012262,0.0,0.252496546823,0.582383384009,0.0,-0.242018684855,0.574294552402,0.0,0.188173856166,1.019510599133,0.0,-0.183608153697,1.049282793987,0.0,0.112793522266,1.070149394719,0.0,-0.118574639427,1.089466789136,0.0,0.296506233577,1.279562979964,0.0,-0.148496013553,1.29195711093,0.0,0.499609127641,0.448026657104,-0.000329005772,-0.248120828384
1762,1,0.286573910905,-0.003506829036,0.0,-0.286573910905,0.003506829036,0.0,0.253477044558,0.577889013613,0.0,-0.240509015267,0.569146197451,0.0,0.188188765822,1.011872726798,0.0,-0.182290485728,1.041251586993,0.0,0.111986109009,1.062843805685,0.0,-0.118323212645,1.080968638142,0.0,0.295142128524,1.267734658559,0.0,-0.146416034634,1.282096134593,0.0,0.499591037631,0.448587939143,-0.000329154747,-0.249720283838
1763,1,0.284479490556,-0.003315389295,0.0,-0.284479490556,0.003315389295,0.0,0.254217604096,0.573937473228,0.0,-0.237734795518,0.566121888398,0.0,0.18930417635,1.00629571164,0.0,-0.179772476701,1.0334283451,0.0,0.113415125779,1.056773354593,0.0,-0.11606370498,1.073767384243,0.0,0.29664693242,1.263152861503,0.0,-0.143135006174,1.275514641068,0.0,0.500041425228,0.448524922132,-0.000330494591,-0.250732600149
1764,1,0.280868994899,-0.003281325233,0.0,-0.280868994899,0.003281325233,0.0,0.253059839577,0.565735489351,0.0,-0.232912100289,0.557697915125,0.0,0.187655684648,0.991086425143,0.0,-0.175607627795,1.017501245321,0.0,0.11166833767,1.040821883647,0.0,-0.114398174756,1.056886271355,0.0,0.29560665301,1.243088553731,0.0,-0.139304151436,1.255220123317,0.0,0.500384271145,0.448472470045,-0.000317642116,-0.254797770087
1765,1,0.217137190066,-0.00253645256,0.0,-0.217137190066,0.00253645256,0.0,0.195865774716,0.43521844014,0.0,-0.180028407984,0.430735453936,0.0,0.1449438185,0.765419793187,0.0,-0.135152104176,0.786383283332,0.0,0.086445438507,0.803509092971,0.0,-0.087804086192,0.817130446327,0.0,0.228900691876,0.960168209614,0.0,-0.107138861622,0.96977009094,0.0,0.500533208251,0.448358848691,-0.00030378066,-0.329840860623
1766,1,0.265079859246,-0.003554505331,0.0,-0.265079859246,0.003554505331,0.0,0.238701103966,0.532545493767,0.0,-0.218244076268,0.527361469743,0.0,0.179627945374,0.936217102253,0.0,-0.162291028255,0.96188741916,0.0,0.109783762644,0.983146975565,0.0,-0.103319579989,0.999593347549,0.0,0.283791687939,1.17397144984,0.0,-0.125688563034,1.186142454221,0.0,0.501012563705,0.448170080781,-0.000303204175,-0.269863837657
1767,1,0.218386977712,-0.003056317086,0.0,-0.218386977712,0.003056317086,0.0,0.198554906108,0.439741426084,0.0,-0.177945359926,0.435400799725,0.0,0.150423470604,0.774278385631,0.0,-0.131829781505,0.794718531293,0.0,0.092963342524,0.81423376287,0.0,-0.083704177971,0.826981903826,0.0,0.236630292954,0.968969428976,0.0,-0.099935098862,0.97904707415,0.0,0.501729041338,0.448079794645,-0.000295065118,-0.327050454789
1768,1,0.23104281443,-0.003270951978,0.0,-0.23104281443,0.003270951978,0.0,0.212938717981,0.466250768762,0.0,-0.18579584377,0.461211467269,0.0,0.163415280297,0.819426721126,0.0,-0.135942140455,0.841505104092,0.0,0.102160753318,0.860169841411,0.0,-0.084556977453,0.873761304851,0.0,0.254341018355,1.026332831393,0.0,-0.099487068688,1.036980857883,0.0,0.50287386775,0.448065206409,-0.000291344011,-0.308792491034
1769,1,0.249919105594,-0.004124557925,0.0,-0.249919105594,0.004124557925,0.0,0.231065431792,0.505768200487,0.0,-0.200319905315,0.500236532656,0.0,0.179183629519,0.887276040038,0.0,-0.14528246483,0.911634941862,0.0,0.112835803142,0.931465843539,0.0,-0.089345025793,0.946747844034,0.0,0.277614753095,1.110927143303,0.0,-0.107581596547,1.122686901439,0.0,0.503505468369,0.447828009725,-0.000292439945,-0.285175570348
1770,1,0.245831651079,-0.004105529515,0.0,-0.245831651079,0.004105529515,0.0,0.231381104819,0.497728675887,0.0,-0.19380478776,0.492106018529,0.0,0.182988867288,0.873451520037,0.0,-0.137947324518,0.899534905718,0.0,0.118055075494,0.916972180079,0.0,-0.083502521018,0.934374065935,0.0,0.279175235464,1.093563906405,0.0,-0.100460198837,1.105742490067,0.0,0.505083963275,0.447814211249,-0.000294457306,-0.289698558659
1771,1,0.238331668709,-0.004549083185,0.0,-0.238331668709,0.004549083185,0.0,0.227619415493,0.48085523311,0.0,-0.181905167922,0.475250503214,0.0,0.183848279782,0.847702654278,0.0,-0.124919384109,0.868133937522,0.0,0.121413849669,0.89214681373,0.0,-0.071796024738,0.902049891505,0.0,0.276838106704,1.055584981709,0.0,-0.089816837806,1.065904546844,0.0,0.507370606065,0.447500899434,-0.000290909393,-0.30053674174
1772,1,0.228747865979,-0.00452053126,0.0,-0.228747865979,0.00452053126,0.0,0.224925662283,0.462609774886,0.0,-0.172904932073,0.457117956012,0.0,0.183850038774,0.815124995183,0.0,-0.114007935717,0.834820655559,0.0,0.12294170262,0.856148163057,0.0,-0.06287761607,0.866103861106,0.0,0.272379700274,1.014130802175,0.0,-0.079327130998,1.025043863252,0.0,0.509312659502,0.447543233633,-0.00029289315,-0.31247886482
1773,1,0.206960081065,-0.00419997759,0.0,-0.206960081065,0.00419997759,0.0,0.206312029153,0.417713513847,0.0,-0.155398955512,0.413056738899,0.0,0.169246543251,0.735316486742,0.0,-0.100944335016,0.754420926206,0.0,0.112444672526,0.772215997625,0.0,-0.055609985775,0.782149176104,0.0,0.249163212971,0.915729522578,0.0,-0.068328133757,0.925588800401,0.0,0.510415911674,0.447580471635,-0.000293365156,-0.346010357006
1774,1,0.199335061438,-0.004347596005,0.0,-0.199335061438,0.004347596005,0.0,0.200503780768,0.404518956692,0.0,-0.14638581613,0.399204978852,0.0,0.1675123778,0.70999121545,0.0,-0.092610594915,0.728460289423,0.0,0.11333356228,0.745548247886,0.0,-0.048908688555,0.755322961144,0.0,0.24613570752,0.884125657228,0.0,-0.060792566536,0.893752566022,0.0,0.512335464358,0.44747325778,-0.000297209364,-0.358504253077
1775,1,0.195215158917,-0.004348051512,0.0,-0.195215158917,0.004348051512,0.0,0.20025921584,0.400261039915,0.0,-0.141206519444,0.394423156385,0.0,0.171384995255,0.701182867997,0.0,-0.086021560572,0.719944488623,0.0,0.117817270136,0.735612313637,0.0,-0.042528473721,0.746416276506,0.0,0.249058229545,0.87354241873,0.0,-0.057426218726,0.882999481097,0.0,0.514438852668,0.447540089488,-0.000294779893,-0.362699151145
1776,1,0.202581243783,-0.005056012148,0.0,-0.202581243783,0.005056012148,0.0,0.21010557389,0.415140624401,0.0,-0.144859829092,0.409000324428,0.0,0.181512897544,0.727625674777,0.0,-0.085880546627,0.747150281963,0.0,0.126522326081,0.763372474083,0.0,-0.040173920247,0.774679626411,0.0,0.262093173838,0.906008840922,0.0,-0.056169907861,0.916443782819,0.0,0.515653014183,0.447808668017,-0.000298121944,-0.349136079385
1777,1,0.179346720955,-0.004709578732,0.0,-0.179346720955,0.004709578732,0.0,0.183781644093,0.366350993191,0.0,-0.127879967784,0.361775980293,0.0,0.160547186239,0.640679059842,0.0,-0.074619254007,0.658070782658,0.0,0.112134600268,0.672010014386,0.0,-0.034550275847,0.682172534412,0.0,0.232228876727,0.797869841236,0.0,-0.048081263167,0.807072776469,0.0,0.516155138612,0.447714433074,-0.000289270421,-0.396542395289
1778,1,0.29282186898,-0.008080695556,0.0,-0.29282186898,0.008080695556,0.0,0.30612563397,0.59820408141,0.0,-0.201756039328,0.589696525118,0.0,0.270145428567,1.043223127382,0.0,-0.113658748506,1.07106650682,0.0,0.192141561943,1.093333857042,0.0,-0.047827827462,1.109737417781,0.0,0.386393590525,1.299024356213,0.0,-0.06843626671,1.313728072448,0.0,0.518186494708,0.448058009148,-0.000292279758,-0.243174131871
1779,1,0.203334896702,-0.00557283206,0.0,-0.203334896702,0.00557283206,0.0,0.214506369476,0.414655649225,0.0,-0.143636059848,0.409629969192,0.0,0.191766722684,0.724339509062,0.0,-0.075185012497,0.744248236986,0.0,0.137128945939,0.759719414554,0.0,-0.028147457287,0.771283742911,0.0,0.273914303479,0.90392587131,0.0,-0.045511212566,0.91338517058,0.0,0.519493713975,0.448943868279,-0.000284493901,-0.348731905649
1780,1,0.193087599707,-0.005467635853,0.0,-0.193087599707,0.005467635853,0.0,0.207454934743,0.393980166994,0.0,-0.137395285973,0.390246425843,0.0,0.186200442343,0.686473375793,0.0,-0.067957629,0.707805016986,0.0,0.133619145539,0.720538636817,0.0,-0.023104232363,0.733578573163,0.0,0.264506955259,0.859859428076,0.0,-0.038982235162,0.868879000858,0.0,0.520843580365,0.449277997017,-0.000281837769,-0.366209251238
1781,1,0.191001126984,-0.005686198144,0.0,-0.191001126984,0.005686198144,0.0,0.207319850135,0.388744768069,0.0,-0.135214591251,0.38617479041,0.0,0.186529828831,0.675122456761,0.0,-0.064350917557,0.698364140621,0.0,0.134503012712,0.708592609905,0.0,-0.020208452738,0.72385943784,0.0,0.263399601559,0.848550374877,0.0,-0.034698677054,0.857693270938,0.0,0.521873041987,0.449522227049,-0.000280665234,-0.370781221751
1782,1,0.196064642184,-0.006049695882,0.0,-0.196064642184,0.006049695882,0.0,0.214045556899,0.397750888725,0.0,-0.140581246217,0.395235212745,0.0,0.192808824123,0.690737453575,0.0,-0.064504490117,0.714983839431,0.0,0.139418118742,0.725006682575,0.0,-0.019090551339,0.74113333013,0.0,0.270267777236,0.869144226255,0.0,-0.033484408263,0.878193280596,0.0,0.522456750274,0.449732780457,-0.000283950008,-0.361867643982
1783,1,0.227241182772,-0.007432996904,0.0,-0.227241182772,0.007432996904,0.0,0.248725974058,0.458911828997,0.0,-0.161823169326,0.455220728245,0.0,0.223687120313,0.797960720542,0.0,-0.07258197054,0.82414225697,0.0,0.163326789205,0.837805031761,0.0,-0.019586734907,0.853973459549,0.0,0.314262019099,1.002039248245,0.0,-0.036178061725,1.012379842292,0.0,0.52322550118,0.450295671821,-0.00028993329,-0.31359810512
1784,1,0.225031196542,-0.007802711946,0.0,-0.225031196542,0.007802711946,0.0,0.248496544477,0.456255343273,0.0,-0.159317401981,0.452022779219,0.0,0.223198241633,0.791789676691,0.0,-0.069509114937,0.816773548642,0.0,0.163863925659,0.831045468855,0.0,-0.01606189536,0.846480293252,0.0,0.314507804236,0.993902951745,0.0,-0.033568231199,1.00364540823,0.0,0.523852974176,0.450487405062,-0.000292336568,-0.316192046242
1785,1,0.226037416754,-0.008354783792,0.0,-0.226037416754,0.008354783792,0.0,0.249859182875,0.458257631354,0.0,-0.159252980919,0.455760843925,0.0,0.224449771246,0.792741200472,0.0,-0.068920768232,0.819071937619,0.0,0.165600351774,0.831929693972,0.0,-0.016070589851,0.848590810506,0.0,0.316396263351,0.995119818526,0.0,-0.033333330531,1.007796993189,0.0,0.5241240412,0.45073954761,-0.000297446735,-0.315547164982
1786,1,0.235489253777,-0.008934214559,0.0,-0.235489253777,0.008934214559,0.0,0.264472728865,0.479274080742,0.0,-0.163691229546,0.479223518753,0.0,0.238034635152,0.828903123671,0.0,-0.067822933493,0.856193167146,0.0,0.178875923098,0.869597624421,0.0,-0.011650538908,0.886984035829,0.0,0.333850492893,1.04183012682,0.0,-0.032020305168,1.053720884552,0.0,0.52511896193,0.45083810389,-0.00030191429,-0.301783798382
1787,1,0.216876904433,-0.008310484554,0.0,-0.216876904433,0.008310484554,0.0,0.244636170129,0.43959462844,0.0,-0.149828992699,0.438278787035,0.0,0.220606838611,0.761554146736,0.0,-0.05948828449,0.784443570321,0.0,0.166956527314,0.79809571857,0.0,-0.008389866965,0.812626359481,0.0,0.307494841143,0.954793616655,0.0,-0.026720743154,0.964292036179,0.0,0.526001930237,0.450902089477,-0.000299100764,-0.32981286121
1788,1,0.226761967218,-0.008728011187,0.0,-0.226761967218,0.008728011187,0.0,0.256437384249,0.460364118061,0.0,-0.155769137328,0.457122055199,0.0,0.234623032293,0.796825126848,0.0,-0.060383679886,0.82014246802,0.0,0.178143271277,0.833846292982,0.0,-0.007274857829,0.849167852106,0.0,0.321575018839,0.998790362698,0.0,-0.02647193221,1.005057433945,0.0,0.526436939836,0.450879499316,-0.000295735896,-0.316347080899
1789,1,0.226805284208,-0.008909398642,0.0,-0.226805284208,0.008909398642,0.0,0.258889492662,0.459018353872,0.0,-0.154372332359,0.453763964471,0.0,0.240059435043,0.797615738832,0.0,-0.057245569884,0.815747518469,0.0,0.183890498194,0.833195745396,0.0,-0.003029935553,0.844819705554,0.0,0.318387653854,0.997109021701,0.0,-0.022533135023,0.998657519952,0.0,0.526973456144,0.451370432973,-0.000288252719,-0.317750660946
1790,1,0.220935606953,-0.008553150906,0.0,-0.220935606953,0.008553150906,0.0,0.254451300719,0.448270163396,0.0,-0.149302602284,0.442903042911,0.0,0.239466366906,0.788598501446,0.0,-0.05325013228,0.795475227458,0.0,0.184164649071,0.823512221995,0.0,0.001552224948,0.825634413116,0.0,0.311047880728,0.983347674763,0.0,-0.02078803452,0.973313453222,0.0,0.527352809906,0.451508700848,-0.000297177583,-0.325858063346
1791,1,0.202344230435,-0.007751123148,0.0,-0.202344230435,0.007751123148,0.0,0.235480374803,0.410458928417,0.0,-0.135711154373,0.40410873744,0.0,0.223793788528,0.720633136459,0.0,-0.048489315346,0.725710883992,0.0,0.180582324055,0.750988879991,0.0,0.002251747187,0.75331245058,0.0,0.284538347764,0.909343447737,0.0,-0.017604751134,0.889422141322,0.0,0.527667403221,0.451646909118,-0.000270611607,-0.356847438645
1792,1,0.204466320238,-0.007881758149,0.0,-0.204466320238,0.007881758149,0.0,0.240291020878,0.416885022338,0.0,-0.136708057678,0.408793755614,0.0,0.233307036082,0.746366492968,0.0,-0.04899830113,0.73198963149,0.0,0.193021566282,0.775253025629,0.0,0.002330034047,0.760011972921,0.0,0.287505799051,0.934071325636,0.0,-0.017051745121,0.898075001783,0.0,0.527690663934,0.452073603868,-0.00027188845,-0.353203521842
1793,1,0.204532092349,-0.00795768095,0.0,-0.204532092349,0.00795768095,0.0,0.239319504959,0.415305368753,0.0,-0.136676369998,0.408174244231,0.0,0.235036038615,0.749370181085,0.0,-0.049978943936,0.728426548369,0.0,0.193954860098,0.781760769195,0.0,0.00165769433,0.757336898884,0.0,0.285095137299,0.938682160447,0.0,-0.018331310895,0.894697337322,0.0,0.52735029161,0.452094480395,-0.000265957788,-0.35452066508
1794,1,0.19408343706,-0.007584630572,0.0,-0.19408343706,0.007584630572,0.0,0.228437680191,0.393974382438,0.0,-0.128662192589,0.387073119413,0.0,0.234738067553,0.725097600873,0.0,-0.043261015359,0.691569551816,0.0,0.197233032973,0.753967528524,0.0,0.016840419186,0.723565244393,0.0,0.275657389394,0.909534309522,0.0,-0.019742778555,0.848565554514,0.0,0.527720853686,0.452050209045,-0.000266427174,-0.373920466662
1795,1,0.187044573372,-0.007543423561,0.0,-0.187044573372,0.007543423561,0.0,0.22129241024,0.380597934428,0.0,-0.124125908635,0.373642639074,0.0,0.231339869083,0.702069180301,0.0,-0.042255729728,0.666291150822,0.0,0.199488374485,0.726745541489,0.0,0.015887751546,0.697185459473,0.0,0.265290264448,0.88604492495,0.0,-0.019188085708,0.818418778273,0.0,0.527663469315,0.45150282979,-0.000259837136,-0.388257852258
1796,1,0.189894767906,-0.00777771882,0.0,-0.189894767906,0.00777771882,0.0,0.224307070066,0.385473786504,0.0,-0.125286689498,0.378057061482,0.0,0.243259400158,0.725681318,0.0,-0.04311060967,0.673134138915,0.0,0.218385712792,0.753006741929,0.0,0.015956727876,0.704875273857,0.0,0.269152217555,0.910955544396,0.0,-0.019403844876,0.826732327612,0.0,0.527591750026,0.451878249645,-0.000258725137,-0.382731137283
1797,1,0.181978195565,-0.007544914929,0.0,-0.181978195565,0.007544914929,0.0,0.213743790607,0.370875355463,0.0,-0.119731855366,0.362448690311,0.0,0.237292488863,0.709694951219,0.0,-0.0412172105,0.640985896613,0.0,0.219428334444,0.736622083079,0.0,0.015643733145,0.671408124298,0.0,0.256908440233,0.896073921635,0.0,-0.018855634221,0.791347623511,0.0,0.527312621474,0.451923385262,-0.000230055302,-0.399792096455
1798,1,0.188661395801,-0.007947332351,0.0,-0.188661395801,0.007947332351,0.0,0.220927389035,0.385515060107,0.0,-0.124014163436,0.375767512689,0.0,0.249078980152,0.740274682453,0.0,-0.042617654702,0.663898631046,0.0,0.233518930212,0.769376279796,0.0,0.016149874116,0.694603011476,0.0,0.265927513209,0.937831794738,0.0,-0.019636757689,0.820034575859,0.0,0.527069866657,0.451983124018,-0.000245867297,-0.385827748257
1799,1,0.178955811071,-0.007723163706,0.0,-0.178955811071,0.007723163706,0.0,0.208797120253,0.36657507798,0.0,-0.117681523382,0.358155815334,0.0,0.238314425688,0.710174495706,0.0,-0.041169756277,0.629289740199,0.0,0.224282565459,0.737245913481,0.0,0.013318693038,0.655944048018,0.0,0.250965955233,0.898479789089,0.0,-0.019178084341,0.778612320913,0.0,0.526759162545,0.452060863376,-0.000248197466,-0.40683378828
1800,1,0.17819617616,-0.007929069512,0.0,-0.17819617616,0.007929069512,0.0,0.207876368007,0.367193291286,0.0,-0.117957180339,0.356226180661,0.0,0.236895229483,0.705582996389,0.0,-0.041435185968,0.625468191987,0.0,0.2220728634,0.732637566576,0.0,0.013274580135,0.651607085193,0.0,0.249814592615,0.902810770732,0.0,-0.020697546589,0.776746492847,0.0,0.526437923312,0.45241959393,-0.000249736011,-0.408461885358
1801,1,0.178584687454,-0.008443886388,0.0,-0.178584687454,0.008443886388,0.0,0.208623886267,0.37157086606,0.0,-0.117984208321,0.35655722265,0.0,0.238161758216,0.710210878487,0.0,-0.042080105458,0.624530755598,0.0,0.223876646514,0.736426034901,0.0,0.010612125079,0.647124958148,0.0,0.250322223279,0.907750325458,0.0,-0.019491018488,0.77701874886,0.0,0.52638438344,0.452823534608,-0.00026120618,-0.407805657082
1802,1,0.180694384803,-0.00850477916,0.0,-0.180694384803,0.00850477916,0.0,0.21176167329,0.377988808008,0.0,-0.119321068776,0.360660762967,0.0,0.241194877058,0.720589080455,0.0,-0.043161535067,0.629534133618,0.0,0.228141138366,0.748138736736,0.0,0.009340760566,0.652371074186,0.0,0.25355105215,0.920368069992,0.0,-0.019092816586,0.786499334158,0.0,0.526497647166,0.45286385715,-0.000259697437,-0.402839393739
1803,1,0.181091890262,-0.008178064166,0.0,-0.181091890262,0.008178064166,0.0,0.214429901942,0.379074154255,0.0,-0.119644796982,0.360604877668,0.0,0.24564711791,0.733093494966,0.0,-0.043232298814,0.630008746125,0.0,0.231108782653,0.760262013618,0.0,0.00627392165,0.651279367839,0.0,0.24980792843,0.929748962314,0.0,-0.018976941503,0.787566256067,0.0,0.52653683722,0.453437283635,-0.000263730064,-0.401393463808
1804,1,0.187879083241,-0.008224738788,0.0,-0.187879083241,0.008224738788,0.0,0.22250993539,0.39355487194,0.0,-0.124123239749,0.373634204365,0.0,0.254583851173,0.758631671537,0.0,-0.044324390594,0.654803367851,0.0,0.238927363625,0.785904426773,0.0,0.008091841887,0.677459785534,0.0,0.25106165958,0.964583192414,0.0,-0.021689082331,0.819080115643,0.0,0.526539742947,0.453574687243,-0.00026936084,-0.386833747956
1805,1,0.179479876331,-0.007381468071,0.0,-0.179479876331,0.007381468071,0.0,0.213527185322,0.375626321854,0.0,-0.119191452947,0.354532417484,0.0,0.243118196325,0.727646703296,0.0,-0.042402398497,0.622799127402,0.0,0.227981209372,0.751006110219,0.0,0.00800392925,0.644853257448,0.0,0.233160436731,0.930451871527,0.0,-0.022120336009,0.778885923405,0.0,0.526591256261,0.454437807202,-0.000259900466,-0.404905958761
1806,1,0.180300536691,-0.00698981889,0.0,-0.180300536691,0.00698981889,0.0,0.213919982309,0.380329085612,0.0,-0.119745800072,0.357107920629,0.0,0.244895958979,0.730122476847,0.0,-0.042615294932,0.624534313604,0.0,0.231282082804,0.754427095009,0.0,0.007250326952,0.646139322664,0.0,0.227417214188,0.930005978548,0.0,-0.024755329654,0.781789465382,0.0,0.526613250375,0.454771861434,-0.000252436846,-0.402919504964
1807,1,0.184092309658,-0.006191142036,0.0,-0.184092309658,0.006191142036,0.0,0.219084457,0.387500799705,0.0,-0.122639682614,0.362867487987,0.0,0.250270016967,0.743489220007,0.0,-0.04356939223,0.635402348099,0.0,0.23576489811,0.768609041445,0.0,0.00795834592,0.658387930999,0.0,0.23202507177,0.948720950917,0.0,-0.025453286769,0.796076223187,0.0,0.526615157723,0.455396547914,-0.000263568014,-0.39462019635
1808,1,0.200764354715,-0.006042228557,0.0,-0.200764354715,0.006042228557,0.0,0.238903550175,0.419431605809,0.0,-0.133763915459,0.392630738484,0.0,0.272848631299,0.808773596794,0.0,-0.047493390272,0.690451636522,0.0,0.254619519624,0.83721179814,0.0,0.009317966966,0.719940610108,0.0,0.252152485567,1.029723778612,0.0,-0.030825945819,0.864265107691,0.0,0.526622772217,0.456734806299,-0.000257909298,-0.361959731877
1809,1,0.198636728387,-0.005379347821,0.0,-0.198636728387,0.005379347821,0.0,0.236305349807,0.413274668175,0.0,-0.132522829397,0.386292134308,0.0,0.269760260012,0.79727020533,0.0,-0.047292164457,0.67902923264,0.0,0.251426066014,0.825197621162,0.0,0.008043177484,0.709115518171,0.0,0.248810465379,1.014734040597,0.0,-0.030426412106,0.851775926581,0.0,0.526662155986,0.457213878632,-0.000260662287,-0.366125475199
1810,1,0.20540966534,-0.005554438551,0.0,-0.20540966534,0.005554438551,0.0,0.244629654373,0.427222463412,0.0,-0.13714146843,0.39901452945,0.0,0.279479445137,0.823458427668,0.0,-0.049326829606,0.701460143754,0.0,0.259302860876,0.851967847435,0.0,0.008300869935,0.732643399411,0.0,0.254819184831,1.049376109768,0.0,-0.03350118015,0.880107980738,0.0,0.526595264673,0.457277268171,-0.000272829086,-0.354283755057
1811,1,0.208787546862,-0.005193103655,0.0,-0.208787546862,0.005193103655,0.0,0.249871042221,0.433063573439,0.0,-0.139398795435,0.404562726845,0.0,0.284067341403,0.834915547172,0.0,-0.050072456582,0.711780159582,0.0,0.263417971937,0.863743317906,0.0,0.008986995918,0.743652785201,0.0,0.257950751021,1.064623248288,0.0,-0.038444689484,0.893014563883,0.0,0.52667042613,0.457603752613,-0.000271391124,-0.348777198263
1812,1,0.203170385893,-0.004985907267,0.0,-0.203170385893,0.004985907267,0.0,0.243553469561,0.421161977565,0.0,-0.136006661765,0.393480281533,0.0,0.275346921905,0.812696241463,0.0,-0.049298725885,0.690724987958,0.0,0.25542571335,0.841612560503,0.0,0.007517183373,0.717244304863,0.0,0.247763045749,1.03543508648,0.0,-0.037981846548,0.868053488645,0.0,0.526433467865,0.457558184862,-0.00026993081,-0.358895732947
1813,1,0.203462903873,-0.004982430775,0.0,-0.203462903873,0.004982430775,0.0,0.244315242163,0.419937699233,0.0,-0.136486928971,0.393147541684,0.0,0.274787616634,0.811504557044,0.0,-0.049797373002,0.689982766227,0.0,0.254728075507,0.837699908984,0.0,0.007194566459,0.716200861223,0.0,0.247090309976,1.034344170848,0.0,-0.039131211899,0.867443675635,0.0,0.526250049472,0.457617416978,-0.000282371417,-0.359047458059
1814,1,0.19150173042,-0.004517616562,0.0,-0.19150173042,0.004517616562,0.0,0.228977323377,0.397521476324,0.0,-0.129995200704,0.371637427497,0.0,0.257607442763,0.76938065544,0.0,-0.048753364222,0.651720178097,0.0,0.238039732136,0.795975499853,0.0,0.006093020262,0.677763521572,0.0,0.231443336089,0.979127379208,0.0,-0.038444948659,0.816828061997,0.0,0.525449827313,0.457349643111,-0.000282114372,-0.380539614698
1815,1,0.181702079835,-0.004276926033,0.0,-0.181702079835,0.004276926033,0.0,0.215242207349,0.37766753305,0.0,-0.121909886073,0.352119004454,0.0,0.241287598779,0.730859707965,0.0,-0.048333650652,0.615491516329,0.0,0.22258781801,0.75611605133,0.0,0.002749500003,0.639908585359,0.0,0.216869716067,0.925327989265,0.0,-0.032229288409,0.772432562242,0.0,0.524495482445,0.457343161106,-0.000280123204,-0.402892279356
1816,1,0.183017439883,-0.004652803659,0.0,-0.183017439883,0.004652803659,0.0,0.216284753691,0.378943133755,0.0,-0.123268533543,0.355262108561,0.0,0.24240833816,0.733107611155,0.0,-0.049393662504,0.617765666121,0.0,0.223705818457,0.758721062014,0.0,0.001582819452,0.642092815942,0.0,0.215771274212,0.92891787252,0.0,-0.034272859198,0.7760345253,0.0,0.523674070835,0.45776848495,-0.000283315778,-0.400823882976
1817,1,0.203961341517,-0.004349462448,0.0,-0.203961341517,0.004349462448,0.0,0.242440963754,0.423361240406,0.0,-0.139217968633,0.393569676771,0.0,0.268778538844,0.814932721762,0.0,-0.056462261156,0.686874852235,0.0,0.247720240914,0.843892640605,0.0,0.001723842217,0.714332070394,0.0,0.241008023021,1.034179538617,0.0,-0.03932652961,0.863088488852,0.0,0.523049533367,0.458738639951,-0.000296434388,-0.359285703517
1818,1,0.20341616154,-0.004323914005,0.0,-0.20341616154,0.004323914005,0.0,0.240784934799,0.420454751585,0.0,-0.141225117579,0.388595035939,0.0,0.264609975663,0.8098360062,0.0,-0.058915916469,0.682614589052,0.0,0.243560168767,0.837199319827,0.0,-0.000946250597,0.7099901113,0.0,0.236847489632,1.029848880225,0.0,-0.041543379133,0.858175050092,0.0,0.522075265646,0.458886533976,-0.000300366431,-0.36128108252
1819,1,0.203233346837,-0.004340397282,0.0,-0.203233346837,0.004340397282,0.0,0.239132562112,0.419558676578,0.0,-0.140436575436,0.387710438402,0.0,0.262829703926,0.807910844147,0.0,-0.057959560833,0.680963216584,0.0,0.243450405034,0.835232735042,0.0,-0.000524965079,0.707716803456,0.0,0.235170073835,1.027506021057,0.0,-0.041447958284,0.856291757558,0.0,0.521632090211,0.458881855011,-0.000288996845,-0.362051341181
1820,1,0.205267116975,-0.004350556186,0.0,-0.205267116975,0.004350556186,0.0,0.24218781524,0.420716770314,0.0,-0.142367703655,0.387166517257,0.0,0.264602006994,0.814935899306,0.0,-0.058859623016,0.682290336578,0.0,0.244897015787,0.842900093053,0.0,5.2715132e-05,0.707447543,0.0,0.236792843092,1.03821111195,0.0,-0.03951611887,0.863416373884,0.0,0.521380975842,0.458892703056,-0.000287495553,-0.358712437002
1821,1,0.189283798742,-0.004025975285,0.0,-0.189283798742,0.004025975285,0.0,0.223002802717,0.388163973502,0.0,-0.130826703516,0.357163875671,0.0,0.243384482224,0.749753352526,0.0,-0.051919105418,0.628800196187,0.0,0.223984800249,0.773222580035,0.0,0.002169315549,0.652665656212,0.0,0.219653296738,0.956792429978,0.0,-0.033229652985,0.796128498259,0.0,0.521345227957,0.458895489573,-0.000290129334,-0.388857552615
1822,1,0.181280078943,-0.003854576738,0.0,-0.181280078943,0.003854576738,0.0,0.21338967325,0.371402682601,0.0,-0.12632392899,0.341090043004,0.0,0.231735519833,0.717048867719,0.0,-0.050595783295,0.601801210058,0.0,0.211972464264,0.739786683665,0.0,0.003065755635,0.628147160306,0.0,0.211467994178,0.914366915925,0.0,-0.032969099881,0.76141231905,0.0,0.520904153585,0.458872586489,-0.00027442351,-0.406446256501
1823,1,0.186993470332,-0.004074909477,0.0,-0.186993470332,0.004074909477,0.0,0.217964456111,0.382888063514,0.0,-0.130567192741,0.351621456804,0.0,0.236743434572,0.738022365516,0.0,-0.052780210719,0.620133473132,0.0,0.21602584326,0.763551317529,0.0,0.002154768222,0.648145158439,0.0,0.218150981534,0.940035429849,0.0,-0.033828503987,0.782831592488,0.0,0.520309090614,0.458909600973,-0.000284483656,-0.395286307449
1824,1,0.188597527812,-0.00406200698,0.0,-0.188597527812,0.00406200698,0.0,0.21969633814,0.386431868496,0.0,-0.131936099809,0.356346325491,0.0,0.238834395239,0.744804918798,0.0,-0.053186341724,0.628268451361,0.0,0.218321988316,0.770618171997,0.0,0.0023077865,0.655752405221,0.0,0.219256604006,0.948456057433,0.0,-0.033763799992,0.790134730576,0.0,0.520217105746,0.458882942796,-0.00028485246,-0.391798617481
1825,1,0.199579205739,-0.004052448394,0.0,-0.199579205739,0.004052448394,0.0,0.231739343368,0.410442249753,0.0,-0.139228991565,0.378754439167,0.0,0.252368077925,0.789312031153,0.0,-0.056954648452,0.666628183751,0.0,0.230311726419,0.817068939804,0.0,0.002212894903,0.695827857336,0.0,0.231658043814,1.004355556258,0.0,-0.035588899998,0.838082094751,0.0,0.520395219326,0.458472236991,-0.00028459169,-0.3698734093
1826,1,0.199017983551,-0.00407686046,0.0,-0.199017983551,0.00407686046,0.0,0.231495958189,0.409808096017,0.0,-0.138773023036,0.37768573137,0.0,0.251963458444,0.786795342194,0.0,-0.056556571431,0.664313973072,0.0,0.230926307298,0.814492105944,0.0,0.002495577078,0.689326708945,0.0,0.231200366422,1.001468561506,0.0,-0.035386769563,0.834801566242,0.0,0.520435228944,0.458490982652,-0.000288719311,-0.370926244891
1827,1,0.194635861746,-0.004002289072,0.0,-0.194635861746,0.004002289072,0.0,0.227289960648,0.399613185488,0.0,-0.135494225904,0.367884809071,0.0,0.247146660828,0.768919914661,0.0,-0.054804805051,0.647235782956,0.0,0.226160293364,0.793996879217,0.0,0.003255302961,0.6690406782,0.0,0.226085453397,0.979063630566,0.0,-0.033379528275,0.815867112186,0.0,0.520767703652,0.458494320512,-0.000290164724,-0.379497940337
1828,1,0.19245714864,-0.003948435214,0.0,-0.19245714864,0.003948435214,0.0,0.225786614496,0.3957542683,0.0,-0.133883485588,0.363019764681,0.0,0.244818100207,0.759368451163,0.0,-0.054696693256,0.639739460236,0.0,0.223078545361,0.780747142565,0.0,0.00273756465,0.662735858235,0.0,0.224736978309,0.9681284589,0.0,-0.032931101526,0.806681744666,0.0,0.520859137177,0.458820462227,-0.000285064802,-0.383447492455
1829,1,0.183840579138,-0.003837731763,0.0,-0.183840579138,0.003837731763,0.0,0.215773055675,0.378377972871,0.0,-0.127570082646,0.347103649901,0.0,0.23278755794,0.725374145641,0.0,-0.052384353613,0.613944232304,0.0,0.212085346394,0.745752700667,0.0,0.001008354526,0.636209929823,0.0,0.21483438494,0.924690577755,0.0,-0.031415064181,0.771738777545,0.0,0.520894899964,0.458843901753,-0.000275693834,-0.401377123531
1830,1,0.177306203917,-0.003727968974,0.0,-0.177306203917,0.003727968974,0.0,0.20913409223,0.364735406633,0.0,-0.122403563932,0.334239240217,0.0,0.225503176857,0.695211295172,0.0,-0.050577963912,0.591312061784,0.0,0.205169510376,0.715076319887,0.0,0.001382897892,0.613630812564,0.0,0.207851934769,0.892994021448,0.0,-0.032121514618,0.7446499575,0.0,0.521304652095,0.458295866847,-0.000270972028,-0.41608881077
1831,1,0.179202897553,-0.004220695486,0.0,-0.179202897553,0.004220695486,0.0,0.209174686712,0.368485390553,0.0,-0.12235310298,0.340753254433,0.0,0.228427475315,0.703188082549,0.0,-0.049226529813,0.59837712092,0.0,0.20824731795,0.723401207885,0.0,0.003399460452,0.621109548658,0.0,0.211355489032,0.902673656288,0.0,-0.029242734306,0.753293324449,0.0,0.521792173386,0.457676738501,-0.000267088413,-0.41221400227
1832,1,0.179350720095,-0.005056358157,0.0,-0.179350720095,0.005056358157,0.0,0.209387749953,0.371289493924,0.0,-0.12211053366,0.345625398554,0.0,0.232914264362,0.712680377986,0.0,-0.047300887009,0.605572829385,0.0,0.215021884914,0.736011201444,0.0,0.005444823652,0.627523317118,0.0,0.215470428405,0.912895114613,0.0,-0.027110451271,0.761878132963,0.0,0.522727385163,0.456613883376,-0.000268721953,-0.408753868782
1833,1,0.17209237351,-0.004856748653,0.0,-0.17209237351,0.004856748653,0.0,0.200078873041,0.355947837128,0.0,-0.116466040442,0.332271108815,0.0,0.223557037223,0.684421974807,0.0,-0.04483631903,0.582032635582,0.0,0.206805451404,0.706838544271,0.0,0.00565837882,0.603190723614,0.0,0.206808037421,0.875420959529,0.0,-0.02595322659,0.731686807948,0.0,0.52283360064,0.45604121685,-0.0002579391,-0.426403285058
1834,1,0.171730260876,-0.004886456922,0.0,-0.171730260876,0.004886456922,0.0,0.199349775057,0.352980623891,0.0,-0.112905776858,0.329565165634,0.0,0.222919935364,0.67231767599,0.0,-0.041911121024,0.577443594372,0.0,0.207454859412,0.696892429266,0.0,0.008097286872,0.599126971886,0.0,0.208525367098,0.862246740816,0.0,-0.022501142806,0.725466147352,0.0,0.523971483111,0.455985710025,-0.00025402382,-0.429979975884
1835,1,0.172432390211,-0.00525229865,0.0,-0.172432390211,0.00525229865,0.0,0.202791117649,0.351333050489,0.0,-0.112774198952,0.331943799181,0.0,0.227834506686,0.676994517149,0.0,-0.039180271768,0.582856553908,0.0,0.210292813078,0.700375936395,0.0,0.011370965572,0.605676454349,0.0,0.213909749396,0.860652703188,0.0,-0.019595642684,0.730566907468,0.0,0.525294795632,0.455418035388,-0.000252582133,-0.426188129244
1836,1,0.183259749642,-0.005458688479,0.0,-0.183259749642,0.005458688479,0.0,0.218042784054,0.375167056062,0.0,-0.120233584795,0.354275264351,0.0,0.244879841112,0.718745476144,0.0,-0.041774316716,0.621960696436,0.0,0.225945491864,0.745508474274,0.0,0.012708691273,0.647032968864,0.0,0.230028672154,0.908525699571,0.0,-0.019646764741,0.77987869182,0.0,0.525852382183,0.455525308847,-0.000252420083,-0.398791915843
1837,1,0.181175236231,-0.005563910853,0.0,-0.181175236231,0.005563910853,0.0,0.217630724801,0.369340044685,0.0,-0.118136650967,0.350915315011,0.0,0.243670814743,0.704742130392,0.0,-0.040294813836,0.616534178036,0.0,0.221800174752,0.731348794186,0.0,0.013733135043,0.642876267775,0.0,0.230834674679,0.883961927204,0.0,-0.018438328928,0.773094578088,0.0,0.526410892606,0.455603897572,-0.000243255869,-0.402134256765
1838,1,0.186296129078,-0.005885499488,0.0,-0.186296129078,0.005885499488,0.0,0.225872227954,0.379238856999,0.0,-0.121634177169,0.361070231165,0.0,0.250032271221,0.716687480178,0.0,-0.040671689998,0.634852027831,0.0,0.227184192126,0.739679833392,0.0,0.014411131469,0.66224733433,0.0,0.237701409359,0.897826838951,0.0,-0.019582352062,0.795077434754,0.0,0.526480570436,0.455756902695,-0.000250652432,-0.390825426295
1839,1,0.19296381491,-0.006006063889,0.0,-0.19296381491,0.006006063889,0.0,0.234576871476,0.392828142509,0.0,-0.125607046296,0.374785449177,0.0,0.252954933788,0.732779289141,0.0,-0.041863596922,0.661519614697,0.0,0.225827923333,0.758908399331,0.0,0.015488917728,0.690865426327,0.0,0.246801504823,0.915960667075,0.0,-0.019978285266,0.824791438279,0.0,0.526540607214,0.455339148641,-0.000243989751,-0.377673182385
1840,1,0.192700967508,-0.005785538787,0.0,-0.192700967508,0.005785538787,0.0,0.234873600651,0.390986934923,0.0,-0.125253897992,0.376113188377,0.0,0.249920002823,0.715446238797,0.0,-0.041503947042,0.663367252828,0.0,0.223630033155,0.740071089884,0.0,0.015256117319,0.691574708149,0.0,0.24654904351,0.902899207808,0.0,-0.018863217858,0.825252223644,0.0,0.52660818398,0.454603403807,-0.000236997381,-0.378364101358
1841,1,0.19163074341,-0.005542859726,0.0,-0.19163074341,0.005542859726,0.0,0.234864392044,0.385342474921,0.0,-0.123588683956,0.374264892581,0.0,0.246557186982,0.704196296329,0.0,-0.040241969063,0.663078375005,0.0,0.220763872669,0.728801201111,0.0,0.015280987398,0.692549898577,0.0,0.245997760545,0.885501005739,0.0,-0.018236871502,0.820769968375,0.0,0.526964470744,0.454354763031,-0.000238319859,-0.38090192234
1842,1,0.18966605513,-0.005437653007,0.0,-0.18966605513,0.005437653007,0.0,0.235107470992,0.381333020131,0.0,-0.122316291845,0.372900600425,0.0,0.241236396661,0.693758697992,0.0,-0.039842815477,0.660329165321,0.0,0.207389538547,0.719066947508,0.0,0.012301967716,0.68736786036,0.0,0.252387391331,0.867069960941,0.0,-0.0178462353,0.817670609522,0.0,0.527020096779,0.454379364848,-0.000226281583,-0.38505709359
1843,1,0.191724031463,-0.005447427951,0.0,-0.191724031463,0.005447427951,0.0,0.240401754637,0.382641072792,0.0,-0.12492974169,0.376955167029,0.0,0.243454114122,0.691069611226,0.0,-0.040267027448,0.668355411523,0.0,0.208416852268,0.719902146023,0.0,0.011898849447,0.695434752917,0.0,0.261139503447,0.855915178258,0.0,-0.018293106696,0.827031935135,0.0,0.527031391859,0.454364553094,-0.000239500776,-0.380842883252
1844,1,0.1931675278,-0.005397370434,0.0,-0.1931675278,0.005397370434,0.0,0.242525720095,0.384893274977,0.0,-0.126034814757,0.379904934866,0.0,0.241406841545,0.683420735802,0.0,-0.040742133382,0.673180780759,0.0,0.20159066574,0.710706355205,0.0,0.009557081048,0.699851829341,0.0,0.270044169717,0.850452913815,0.0,-0.018282850949,0.833215274944,0.0,0.526978731155,0.454490363598,-0.000244649127,-0.377856689743
1845,1,0.202332237473,-0.005647523275,0.0,-0.202332237473,0.005647523275,0.0,0.254050147244,0.403070545274,0.0,-0.132273887176,0.39760122737,0.0,0.249329936612,0.700680292627,0.0,-0.042821238059,0.705373640204,0.0,0.206949872565,0.727618233093,0.0,0.009825058877,0.731287643687,0.0,0.285776819796,0.884632373581,0.0,-0.017925716292,0.874045023871,0.0,0.526934489608,0.454494446516,-0.000248385593,-0.36056044047
1846,1,0.200005770868,-0.005563058384,0.0,-0.200005770868,0.005563058384,0.0,0.252900189656,0.395483554672,0.0,-0.13183177848,0.392923201208,0.0,0.24385370559,0.683584841157,0.0,-0.042731870625,0.697911236135,0.0,0.203567898622,0.708558431981,0.0,0.007777351804,0.721225538584,0.0,0.286106655293,0.863193767554,0.0,-0.017905212151,0.865178008765,0.0,0.526834756136,0.454473048449,-0.000259285793,-0.36428309394
1847,1,0.200861213813,-0.00560414009,0.0,-0.200861213813,0.00560414009,0.0,0.25466932712,0.395543615871,0.0,-0.133917112766,0.39452984794,0.0,0.239446417212,0.681113014525,0.0,-0.044170152075,0.702767189772,0.0,0.194426241978,0.705680825357,0.0,0.005288181869,0.724028641141,0.0,0.288588792935,0.862415870851,0.0,-0.018113812316,0.872332642975,0.0,0.526424854994,0.454004049301,-0.000271676108,-0.361825397015
1848,1,0.199518618739,-0.005742255668,0.0,-0.199518618739,0.005742255668,0.0,0.250842644984,0.394550024856,0.0,-0.135598824668,0.392507551959,0.0,0.23021479807,0.67568343164,0.0,-0.045977654166,0.699825006267,0.0,0.177991389778,0.702441316008,0.0,0.002752485512,0.721039783849,0.0,0.284405717115,0.845777281374,0.0,-0.019972009996,0.866678789212,0.0,0.525504529476,0.453410312533,-0.000273068435,-0.364169514014
1849,1,0.199450238005,-0.006233462642,0.0,-0.199450238005,0.006233462642,0.0,0.250069150254,0.393652977955,0.0,-0.136500582068,0.393815871465,0.0,0.226045717083,0.665401631938,0.0,-0.047096463015,0.700706260023,0.0,0.172826490185,0.691630108989,0.0,0.001666053183,0.719561921189,0.0,0.283618822008,0.830009292411,0.0,-0.020105795106,0.86902818749,0.0,0.52514180541,0.452889084816,-0.000253938138,-0.363716253053
1850,1,0.21811258168,-0.007009261728,0.0,-0.21811258168,0.007009261728,0.0,0.272163498425,0.432119362191,0.0,-0.151654956004,0.431936794203,0.0,0.235104714971,0.728013866149,0.0,-0.053962555638,0.765873250703,0.0,0.1733558145,0.758039375239,0.0,-0.00030357549,0.787977827278,0.0,0.309335420071,0.908208470643,0.0,-0.023974459496,0.951724405046,0.0,0.524512603879,0.452764391899,-0.000277033076,-0.33137635462
1851,1,0.211643813845,-0.006685180139,0.0,-0.211643813845,0.006685180139,0.0,0.260712977207,0.422068358989,0.0,-0.151935972145,0.422391459265,0.0,0.220796213342,0.706747988763,0.0,-0.057850015112,0.748247662871,0.0,0.160804978089,0.734868430073,0.0,-0.006220031699,0.769690171397,0.0,0.296139982507,0.88587608189,0.0,-0.028464229491,0.929931744478,0.0,0.522822931409,0.452548280358,-0.000287132338,-0.339253630824
1852,1,0.196828615973,-0.006009251591,0.0,-0.196828615973,0.006009251591,0.0,0.23902805407,0.39700347435,0.0,-0.145014834922,0.397448950615,0.0,0.199852076846,0.666196213465,0.0,-0.058262189513,0.702070512325,0.0,0.144865303279,0.694074098462,0.0,-0.011993882165,0.721791454429,0.0,0.272214148237,0.834668804293,0.0,-0.030540401763,0.87129699869,0.0,0.521379172802,0.451417654753,-0.000269486103,-0.363132715379
1853,1,0.197353084841,-0.006303109953,0.0,-0.197353084841,0.006303109953,0.0,0.233636185562,0.397676191573,0.0,-0.146812431878,0.398300611119,0.0,0.195263326771,0.667925037184,0.0,-0.060823759168,0.70323919401,0.0,0.140772155356,0.697172934268,0.0,-0.013608793983,0.723575668703,0.0,0.269981695347,0.837559617036,0.0,-0.034284201698,0.871304913584,0.0,0.520415723324,0.45123963058,-0.000270798802,-0.362446751374
1854,1,0.18199305004,-0.005518398938,0.0,-0.18199305004,0.005518398938,0.0,0.209844979487,0.366487829888,0.0,-0.139070820981,0.366246478153,0.0,0.172998715865,0.619197810312,0.0,-0.060594796418,0.650791070884,0.0,0.124179145924,0.647189453742,0.0,-0.018939853586,0.670567501765,0.0,0.244704983567,0.770432356696,0.0,-0.035904256123,0.805632088751,0.0,0.518726810813,0.45039910078,-0.000271963421,-0.392916131939
1855,1,0.17930623685,-0.005514496383,0.0,-0.17930623685,0.005514496383,0.0,0.203691906619,0.361315305967,0.0,-0.13753172242,0.359960970685,0.0,0.167536453973,0.613180051796,0.0,-0.06203939418,0.642916895322,0.0,0.119665858925,0.640454331446,0.0,-0.020624159585,0.662909021796,0.0,0.238907168844,0.763929829082,0.0,-0.038725276523,0.794629991668,0.0,0.517638385296,0.450121700764,-0.000273869373,-0.398160801494
1856,1,0.175729803965,-0.005688842087,0.0,-0.175729803965,0.005688842087,0.0,0.191987675676,0.355405956951,0.0,-0.139102050677,0.354382848507,0.0,0.155837328838,0.606444475842,0.0,-0.068353167147,0.634630075786,0.0,0.109110445755,0.633423128694,0.0,-0.028436483032,0.655016884061,0.0,0.227822008439,0.754857460987,0.0,-0.04533962987,0.784129313314,0.0,0.514726608992,0.448969691992,-0.000278308755,-0.404954028463
1857,1,0.185818789866,-0.005933627807,0.0,-0.185818789866,0.005933627807,0.0,0.197090314109,0.380304980306,0.0,-0.143464673636,0.378785031631,0.0,0.160898036146,0.645545217859,0.0,-0.075855006708,0.67702641849,0.0,0.113669846243,0.674800567878,0.0,-0.033536730973,0.69864447053,0.0,0.236961852699,0.804868531704,0.0,-0.049345350316,0.834914086739,0.0,0.512879371643,0.446991175413,-0.000277343672,-0.382502195582
1858,1,0.205553209327,-0.006354421883,0.0,-0.205553209327,0.006354421883,0.0,0.215047023351,0.421417826786,0.0,-0.153916041157,0.420245962045,0.0,0.177208018546,0.712244746014,0.0,-0.086265633136,0.750123469193,0.0,0.1240076733,0.744378119951,0.0,-0.039516242692,0.774163274502,0.0,0.259333097466,0.889492655623,0.0,-0.057800510133,0.925591995617,0.0,0.512125104666,0.446804702282,-0.000278213993,-0.34515683001
1859,1,0.199025112233,-0.006382248484,0.0,-0.199025112233,0.006382248484,0.0,0.202692176791,0.408255658057,0.0,-0.155828223484,0.408109305568,0.0,0.166259753989,0.693273509966,0.0,-0.090985818417,0.731305957882,0.0,0.114418973974,0.725133722694,0.0,-0.045361903521,0.755174213158,0.0,0.246180591613,0.868254162904,0.0,-0.06356367335,0.90132123632,0.0,0.509721919894,0.446746498346,-0.000276337145,-0.353915649626
1860,1,0.184734173315,-0.005912543776,0.0,-0.184734173315,0.005912543776,0.0,0.185145357039,0.379268850539,0.0,-0.142990195196,0.379230717195,0.0,0.151697959994,0.643545741798,0.0,-0.085834407184,0.678569030553,0.0,0.103786069721,0.672945925111,0.0,-0.044219832382,0.700934549549,0.0,0.225937408108,0.805836879154,0.0,-0.061330138939,0.836432324013,0.0,0.508769392967,0.446784228086,-0.000270473538,-0.381386253805
1861,1,0.185112584603,-0.005637310682,0.0,-0.185112584603,0.005637310682,0.0,0.184352518948,0.38093280421,0.0,-0.143895318891,0.378589621849,0.0,0.151085627952,0.647510871868,0.0,-0.087141393888,0.682532636503,0.0,0.102927717234,0.67723259612,0.0,-0.044076661295,0.705289683915,0.0,0.225171374547,0.811057869698,0.0,-0.063673286914,0.840895983421,0.0,0.508205205202,0.446545138955,-0.000275881262,-0.379476264973
1862,1,0.194334225766,-0.005732717006,0.0,-0.194334225766,0.005732717006,0.0,0.193268122041,0.399432664099,0.0,-0.149255386471,0.396952008282,0.0,0.158547507658,0.679478392014,0.0,-0.091373417413,0.716396949496,0.0,0.108075791483,0.710385185483,0.0,-0.046421106886,0.740714032441,0.0,0.236220932049,0.850927509345,0.0,-0.068742231458,0.882025743477,0.0,0.508219584823,0.446621671319,-0.000277549727,-0.361786238266
1863,1,0.199400560737,-0.005848208968,0.0,-0.199400560737,0.005848208968,0.0,0.192393625663,0.405071832731,0.0,-0.155107109211,0.402924133663,0.0,0.156963026779,0.690339025361,0.0,-0.09716319801,0.726640789694,0.0,0.105815426366,0.723903509787,0.0,-0.051979273808,0.751627182169,0.0,0.235693381897,0.863776590659,0.0,-0.074283215556,0.895025879561,0.0,0.506803616881,0.446596547961,-0.000280531356,-0.356567867167
1864,1,0.220172175867,-0.006021287386,0.0,-0.220172175867,0.006021287386,0.0,0.210340998931,0.447029474408,0.0,-0.17181849482,0.446381722013,0.0,0.168981158167,0.762545525003,0.0,-0.109585091941,0.802527228181,0.0,0.111887164021,0.799776313972,0.0,-0.059781732161,0.830246372182,0.0,0.258008476528,0.953619726053,0.0,-0.084884170927,0.988647713215,0.0,0.505950763822,0.446909934282,-0.000290438533,-0.32242980032
1865,1,0.214819061524,-0.005825608255,0.0,-0.214819061524,0.005825608255,0.0,0.20393741077,0.436194253912,0.0,-0.169065553018,0.436524493874,0.0,0.162596591406,0.744019110336,0.0,-0.109403826754,0.784428407181,0.0,0.106805740225,0.781130164937,0.0,-0.060752268273,0.811697154093,0.0,0.249510615849,0.931288305245,0.0,-0.086275280346,0.966354294205,0.0,0.505075737834,0.446948036551,-0.000279892469,-0.32975320575
1866,1,0.202878682747,-0.005479457084,0.0,-0.202878682747,0.005479457084,0.0,0.192268038976,0.40996480804,0.0,-0.159114352401,0.41135464752,0.0,0.153026872539,0.703831307519,0.0,-0.103493471228,0.740999488698,0.0,0.100656287552,0.738673704521,0.0,-0.057708285269,0.767643624453,0.0,0.235292657333,0.879568447257,0.0,-0.083016673516,0.912878693405,0.0,0.504987537861,0.446952924132,-0.000279385364,-0.349306404384
1867,1,0.204880977379,-0.005401090168,0.0,-0.204880977379,0.005401090168,0.0,0.192360620909,0.414325200296,0.0,-0.161919248703,0.415142189299,0.0,0.152715023019,0.710922371451,0.0,-0.10731973575,0.748332883921,0.0,0.099777151939,0.746087025966,0.0,-0.061622300438,0.77539159417,0.0,0.235956033144,0.888314814462,0.0,-0.086164029588,0.921895820251,0.0,0.504398360848,0.447005599737,-0.0002789055,-0.345813732163
1868,1,0.225075069503,-0.005814508354,0.0,-0.225075069503,0.005814508354,0.0,0.210745856548,0.454712035564,0.0,-0.178272740053,0.454626137859,0.0,0.166975583641,0.780569709183,0.0,-0.11824235325,0.821172456921,0.0,0.10888281445,0.819146860382,0.0,-0.067392803964,0.851116321172,0.0,0.258437529967,0.975326105287,0.0,-0.095408132298,1.01208105209,0.0,0.504240453243,0.446983739734,-0.00027844822,-0.315031801571
1869,1,0.269869874688,-0.006892095325,0.0,-0.269869874688,0.006892095325,0.0,0.24955229481,0.544811697258,0.0,-0.216347119625,0.544003900646,0.0,0.195791912532,0.934054588449,0.0,-0.146494685822,0.982662605627,0.0,0.125385959093,0.98021339167,0.0,-0.087572424295,1.018583957278,0.0,0.305943905789,1.167350599388,0.0,-0.117864570726,1.212864026123,0.0,0.503326267004,0.447119295597,-0.000308241215,-0.263123365523
1870,1,0.225399680341,-0.005464108381,0.0,-0.225399680341,0.005464108381,0.0,0.207020063817,0.453142697436,0.0,-0.180998106884,0.453260562032,0.0,0.160588673432,0.776886758034,0.0,-0.123163175393,0.815157109497,0.0,0.100942681704,0.815383032354,0.0,-0.074827564595,0.845009854384,0.0,0.253491245289,0.970907158385,0.0,-0.099198191391,1.008416764599,0.0,0.503029897809,0.447303503752,-0.000306530892,-0.316065249726
1871,1,0.207504156423,-0.005016949815,0.0,-0.207504156423,0.005016949815,0.0,0.190475132391,0.416036127502,0.0,-0.166880757934,0.416448988073,0.0,0.147160420741,0.714200215178,0.0,-0.113841878816,0.749805623028,0.0,0.092648774295,0.749681070973,0.0,-0.069714196131,0.777325555586,0.0,0.231528131386,0.892484858606,0.0,-0.093555853254,0.928758302614,0.0,0.502888828516,0.447312295437,-0.000309105497,-0.343600393675
1872,1,0.219355710767,-0.005302534538,0.0,-0.219355710767,0.005302534538,0.0,0.200993788548,0.438803181185,0.0,-0.176825982891,0.438779530845,0.0,0.154590721674,0.755434481598,0.0,-0.120784577502,0.792620699347,0.0,0.095852535862,0.793175473986,0.0,-0.074145190565,0.823184821927,0.0,0.244082691126,0.94368880373,0.0,-0.099380653232,0.980970539518,0.0,0.502738922834,0.447321206331,-0.000308562303,-0.325111571877
1873,1,0.204166593946,-0.004914424075,0.0,-0.204166593946,0.004914424075,0.0,0.186568900733,0.408289397049,0.0,-0.164795258223,0.408031001232,0.0,0.142859073657,0.704418849092,0.0,-0.112793569073,0.737757196801,0.0,0.087771387995,0.740304655497,0.0,-0.069424858587,0.767002657103,0.0,0.227147703906,0.878925909835,0.0,-0.094969033327,0.912563587352,0.0,0.502584293485,0.447384849191,-0.000307278475,-0.349467873973
1874,1,0.206596523357,-0.00484850351,0.0,-0.206596523357,0.00484850351,0.0,0.188492085672,0.412451402312,0.0,-0.166873914655,0.414126851102,0.0,0.144144786371,0.707029039759,0.0,-0.11438025663,0.745971968801,0.0,0.089324940282,0.742256415734,0.0,-0.070404081397,0.775457314576,0.0,0.22932987778,0.886426257077,0.0,-0.097903141491,0.923991982048,0.0,0.502512976527,0.44744092226,-0.00029809447,-0.345543187037
1875,1,0.204008113443,-0.004876021821,0.0,-0.204008113443,0.004876021821,0.0,0.185426578805,0.405962350815,0.0,-0.165139686094,0.407624016631,0.0,0.140828770563,0.696221741181,0.0,-0.113861297836,0.734319858748,0.0,0.087594771308,0.730873610768,0.0,-0.070319329123,0.763355148268,0.0,0.225223849124,0.870840479318,0.0,-0.098256361923,0.910208732481,0.0,0.502352073789,0.447630673647,-0.000298311003,-0.350597450058
1876,1,0.214090681784,-0.005054113196,0.0,-0.214090681784,0.005054113196,0.0,0.194329936866,0.427616476622,0.0,-0.17316025129,0.428939643269,0.0,0.147977732955,0.730422628932,0.0,-0.119591261095,0.770092127976,0.0,0.09399556525,0.766688451184,0.0,-0.073847856501,0.800310258356,0.0,0.235736939175,0.915446442314,0.0,-0.103174008502,0.95453870545,0.0,0.502297341824,0.447698757052,-0.000298107509,-0.334248497772
1877,1,0.203455081286,-0.004738050014,0.0,-0.203455081286,0.004738050014,0.0,0.184726957002,0.405907330264,0.0,-0.164852181731,0.407818584739,0.0,0.140792426981,0.692607874803,0.0,-0.113669512346,0.731793506965,0.0,0.089820104067,0.726878925243,0.0,-0.070125928446,0.76035655761,0.0,0.224050983921,0.867864960811,0.0,-0.098245234481,0.907045338549,0.0,0.50231282413,0.447747290134,-0.000297692604,-0.351654886022
1878,1,0.2031994793,-0.004734655829,0.0,-0.2031994793,0.004734655829,0.0,0.18456689918,0.404890959526,0.0,-0.16466545855,0.407395334024,0.0,0.140534341829,0.691672562367,0.0,-0.113666102051,0.730807666851,0.0,0.08979050093,0.7259355201,0.0,-0.070904859649,0.759332483921,0.0,0.223807883099,0.866504985803,0.0,-0.098059591745,0.905870469043,0.0,0.502340257168,0.447756275535,-0.000294902362,-0.352124141227
1879,1,0.214588319742,-0.005218927576,0.0,-0.214588319742,0.005218927576,0.0,0.194982115727,0.427556328584,0.0,-0.173385503064,0.430531937707,0.0,0.148594536405,0.731168497618,0.0,-0.120221298643,0.772082453159,0.0,0.09508948656,0.766958874768,0.0,-0.07591621697,0.801916074217,0.0,0.236658596785,0.918018422062,0.0,-0.104293563456,0.958269443974,0.0,0.502465173602,0.447635576129,-0.000295449514,-0.333657589752
1880,1,0.215300152217,-0.004961080981,0.0,-0.215300152217,0.004961080981,0.0,0.198277349458,0.431133068461,0.0,-0.171919545497,0.4338830505,0.0,0.152114815555,0.73634436037,0.0,-0.118789100624,0.777936758874,0.0,0.098753105831,0.772315493233,0.0,-0.074381210037,0.807577353895,0.0,0.2414268713,0.926004214574,0.0,-0.10235723805,0.966340943923,0.0,0.503399088979,0.447770431638,-0.00030042557,-0.331187243862
1881,1,0.207750787336,-0.004693123262,0.0,-0.207750787336,0.004693123262,0.0,0.192501426631,0.415923027669,0.0,-0.163343424429,0.417270153517,0.0,0.148525472984,0.710379457738,0.0,-0.111571715836,0.748189886497,0.0,0.097127340743,0.745578574812,0.0,-0.069233004921,0.776769386455,0.0,0.233653783723,0.890987996799,0.0,-0.094887267852,0.929579342984,0.0,0.504348903894,0.44782102108,-0.000297205988,-0.344232231251
1882,1,0.20949842536,-0.004688613241,0.0,-0.20949842536,0.004688613241,0.0,0.195993703399,0.41799056734,0.0,-0.163066344462,0.419790395462,0.0,0.152068575738,0.716612195191,0.0,-0.110155405023,0.752825329408,0.0,0.09985117123,0.752488188322,0.0,-0.06800667113,0.781580937653,0.0,0.236923850855,0.896715925225,0.0,-0.094166728596,0.935414843356,0.0,0.505149662495,0.447820812464,-0.000298253261,-0.342097099626
1883,1,0.201378154934,-0.004486536118,0.0,-0.201378154934,0.004486536118,0.0,0.189828427782,0.403478525368,0.0,-0.154711314285,0.405542911639,0.0,0.151019345619,0.692408136633,0.0,-0.103335707657,0.727607865963,0.0,0.100011640253,0.727101907081,0.0,-0.062571271932,0.754997286227,0.0,0.23229591067,0.866443858006,0.0,-0.08476750466,0.90387135441,0.0,0.50642080605,0.447772040963,-0.000292919576,-0.354240578406
1884,1,0.217449115766,-0.004889556275,0.0,-0.217449115766,0.004889556275,0.0,0.210455584679,0.438365419645,0.0,-0.166477189902,0.440506514819,0.0,0.168835521481,0.754049048094,0.0,-0.107976047723,0.790717017263,0.0,0.112171380082,0.791396338176,0.0,-0.063399429967,0.820525216649,0.0,0.257259149876,0.942893130497,0.0,-0.087515962396,0.981824527463,0.0,0.507929310203,0.447782665491,-0.00030580163,-0.325959720951
1885,1,0.215377809301,-0.004853949167,0.0,-0.215377809301,0.004853949167,0.0,0.214730501067,0.435413350474,0.0,-0.162261124743,0.437451613239,0.0,0.174595937727,0.748755390921,0.0,-0.100659063674,0.785247086204,0.0,0.118193589572,0.785601021889,0.0,-0.056183204035,0.814670782104,0.0,0.262321049214,0.936419209808,0.0,-0.081123230328,0.975015996144,0.0,0.510159298778,0.44778740406,-0.000305923633,-0.328221927229
1886,1,0.193002581239,-0.004375701806,0.0,-0.193002581239,0.004375701806,0.0,0.196585462462,0.392268893001,0.0,-0.144673346113,0.392656711348,0.0,0.161247979101,0.672261686836,0.0,-0.086031009636,0.70419667907,0.0,0.110216720217,0.705091055612,0.0,-0.04610379956,0.730367495116,0.0,0.239907915485,0.839803773664,0.0,-0.067827490723,0.87400964511,0.0,0.511859416962,0.447783172131,-0.000301239314,-0.365941065135
1887,1,0.187778769795,-0.00428987685,0.0,-0.187778769795,0.00428987685,0.0,0.193813239007,0.380559684234,0.0,-0.136061777007,0.37909867852,0.0,0.16199541443,0.650293973577,0.0,-0.077141777673,0.680030957542,0.0,0.111463386251,0.681525446602,0.0,-0.038240103246,0.705038300994,0.0,0.238524116755,0.81112658843,0.0,-0.058793532893,0.843862454041,0.0,0.514392644167,0.447770863771,-0.000299929874,-0.379167283947
1888,1,0.185311080579,-0.004434209867,0.0,-0.185311080579,0.004434209867,0.0,0.19480099892,0.373259791384,0.0,-0.134685848378,0.37051862945,0.0,0.163749735103,0.63661947971,0.0,-0.072853906219,0.665631639126,0.0,0.113442961193,0.667249447336,0.0,-0.034344736193,0.690108909293,0.0,0.239062230303,0.794054744241,0.0,-0.052838135736,0.826407208134,0.0,0.516270890832,0.448301374912,-0.000299803214,-0.386591892427
1889,1,0.187656057343,-0.005033450648,0.0,-0.187656057343,0.005033450648,0.0,0.202664173988,0.37504112761,0.0,-0.131268488643,0.371240430515,0.0,0.171741043983,0.635695685624,0.0,-0.066242255391,0.663506927261,0.0,0.121272840758,0.666774537561,0.0,-0.027059062197,0.688431864808,0.0,0.247123983617,0.793515961643,0.0,-0.048374496724,0.824872099086,0.0,0.51914653182,0.449786201119,-0.000291816192,-0.385634050351
1890,1,0.189835259856,-0.00450011802,0.0,-0.189835259856,0.00450011802,0.0,0.207771982077,0.38084001863,0.0,-0.133624055861,0.377129621411,0.0,0.176069566449,0.637095633508,0.0,-0.064283490883,0.66530805539,0.0,0.124675752633,0.666195888777,0.0,-0.0245486709,0.689829982447,0.0,0.250402755971,0.796220720952,0.0,-0.045159777405,0.828788657517,0.0,0.520635247231,0.450705438852,-0.000283545814,-0.383340530522
1891,1,0.191525947041,-0.004509812918,0.0,-0.191525947041,0.004509812918,0.0,0.214877314694,0.385434570666,0.0,-0.135946236724,0.380548995554,0.0,0.181214150973,0.640518400883,0.0,-0.062517214428,0.669061113614,0.0,0.129062765829,0.667768237578,0.0,-0.025170773454,0.693297481028,0.0,0.256060506073,0.801232318569,0.0,-0.040012262586,0.835856552036,0.0,0.522178679705,0.451499924064,-0.000266341958,-0.380021806562
1892,1,0.187106920071,-0.004980374568,0.0,-0.187106920071,0.004980374568,0.0,0.213405694577,0.376881452457,0.0,-0.13304191262,0.372440814246,0.0,0.178272707006,0.624079632442,0.0,-0.059637155909,0.652447281526,0.0,0.127359643558,0.649564555232,0.0,-0.023310366103,0.675679591329,0.0,0.251319399572,0.78086076166,0.0,-0.037481563891,0.815568725025,0.0,0.522734940052,0.451829046011,-0.000264537521,-0.389441580525
1893,1,0.190594433295,-0.005343883837,0.0,-0.190594433295,0.005343883837,0.0,0.221808479781,0.381839252036,0.0,-0.132914861407,0.377570147442,0.0,0.185749856966,0.635483870831,0.0,-0.056257774513,0.662750898697,0.0,0.134536076972,0.662722762092,0.0,-0.018850626732,0.68608708649,0.0,0.261765585573,0.793735237274,0.0,-0.031708273774,0.828741707366,0.0,0.524439617991,0.453508600593,-0.00026376266,-0.381312384754
1894,1,0.190416925871,-0.005603883758,0.0,-0.190416925871,0.005603883758,0.0,0.22357989647,0.379761443315,0.0,-0.135573441308,0.375705322602,0.0,0.187497624253,0.632687774004,0.0,-0.054554551151,0.659719238234,0.0,0.13912789827,0.659212515036,0.0,-0.017202435271,0.681923521844,0.0,0.259698441039,0.791301631117,0.0,-0.030599231434,0.82508613547,0.0,0.525041043758,0.453604921699,-0.000263042282,-0.382877909632
1895,1,0.191738045534,-0.005692800597,0.0,-0.191738045534,0.005692800597,0.0,0.22844033178,0.38323461832,0.0,-0.133643458233,0.379597047058,0.0,0.19434929868,0.640777838274,0.0,-0.05034785392,0.666391865624,0.0,0.146394759517,0.667951655427,0.0,-0.008584776618,0.689954514002,0.0,0.264248626662,0.810669200661,0.0,-0.026918160925,0.832855305071,0.0,0.526641115546,0.453585982323,-0.000262675807,-0.37926655136
1896,1,0.217576511303,-0.006570998031,0.0,-0.217576511303,0.006570998031,0.0,0.261074097037,0.439050257863,0.0,-0.148888001266,0.432999410268,0.0,0.224448672476,0.736022476479,0.0,-0.053627727914,0.755555324381,0.0,0.172628946721,0.763895705926,0.0,-0.005800048861,0.781366460561,0.0,0.300823716585,0.937099616644,0.0,-0.025911464572,0.94342506594,0.0,0.527747169137,0.453605636954,-0.000263693742,-0.334921329695
1897,1,0.215112737946,-0.006742367174,0.0,-0.215112737946,0.006742367174,0.0,0.25811946635,0.435233360406,0.0,-0.146359691862,0.428903575875,0.0,0.226243851869,0.751183732202,0.0,-0.051943688785,0.751436100529,0.0,0.17546681701,0.778905029886,0.0,-0.004432493523,0.777794257517,0.0,0.297623111345,0.943094807803,0.0,-0.021365089222,0.932758961875,0.0,0.528100326657,0.453484594822,-0.000263553113,-0.338919968656
1898,1,0.210514267412,-0.006758521341,0.0,-0.210514267412,0.006758521341,0.0,0.254161801819,0.425591745894,0.0,-0.140945938155,0.420369357564,0.0,0.229295879584,0.756821403584,0.0,-0.048644799055,0.73880738542,0.0,0.180235411407,0.787054040722,0.0,-0.001464785857,0.765429796416,0.0,0.29622294664,0.941483474222,0.0,-0.013370525438,0.913306803485,0.0,0.528798744082,0.453410685062,-0.000263548456,-0.34690702096
1899,1,0.208298232728,-0.007337853908,0.0,-0.208298232728,0.007337853908,0.0,0.252557777656,0.421192661688,0.0,-0.136867590848,0.417041805701,0.0,0.234476641517,0.761085460048,0.0,-0.046345996194,0.728405694213,0.0,0.187426512537,0.791839714409,0.0,0.000138469272,0.754783030688,0.0,0.300818092463,0.945598097461,0.0,-0.009839458609,0.899459423601,0.0,0.529420346022,0.45362341404,-0.000254238956,-0.351465647151
1900,1,0.208579496736,-0.007600263502,0.0,-0.208579496736,0.007600263502,0.0,0.254354325135,0.421738674796,0.0,-0.137204969119,0.41738567507,0.0,0.244427020742,0.769708892824,0.0,-0.045158743379,0.728542903258,0.0,0.200790239943,0.800832306095,0.0,0.005080452002,0.755653360423,0.0,0.303626272128,0.958977544983,0.0,-0.008137109701,0.898972324009,0.0,0.529865026474,0.453532323241,-0.000269317068,-0.35109643764
1901,1,0.208386372498,-0.00757528407,0.0,-0.208386372498,0.00757528407,0.0,0.257556995667,0.419976450431,0.0,-0.1324216984,0.41546657992,0.0,0.253210184465,0.769837990015,0.0,-0.040177805107,0.723918662945,0.0,0.2183202262,0.798145728364,0.0,0.015571065044,0.751805270411,0.0,0.304919004549,0.978958467522,0.0,-0.003606197346,0.895194334504,0.0,0.531534209847,0.453521281481,-0.00026435405,-0.352563006013
1902,1,0.18973574286,-0.00707995382,0.0,-0.18973574286,0.00707995382,0.0,0.236161260283,0.381733176697,0.0,-0.120653017087,0.377633507842,0.0,0.237866052476,0.70814590452,0.0,-0.035219542705,0.656871303152,0.0,0.212750475993,0.732160011878,0.0,0.015693373033,0.683512447122,0.0,0.270674421862,0.90762161639,0.0,-0.002129237291,0.815031328067,0.0,0.532081916928,0.453908935189,-0.000240793452,-0.386778157201
1903,1,0.187602431463,-0.007174456198,0.0,-0.187602431463,0.007174456198,0.0,0.233851959225,0.377428224632,0.0,-0.118061727019,0.37281702743,0.0,0.242174500264,0.717106977132,0.0,-0.034071965944,0.646939857949,0.0,0.2198294851,0.739661557605,0.0,0.016312674694,0.673780185869,0.0,0.267367733059,0.903302560782,0.0,-0.000957909646,0.803155283944,0.0,0.53257574141,0.453684672713,-0.000245289877,-0.391931282774
1904,1,0.187248783101,-0.007214552245,0.0,-0.187248783101,0.007214552245,0.0,0.232767073506,0.37757353868,0.0,-0.11610754647,0.372879820694,0.0,0.248237746949,0.72373265319,0.0,-0.031755755043,0.644317909248,0.0,0.230559379508,0.749703169507,0.0,0.018676299912,0.668992494351,0.0,0.268190385408,0.922034781492,0.0,0.001453775819,0.803580946689,0.0,0.533506050706,0.453718438745,-0.000251695514,-0.391682173652
1905,1,0.186812434608,-0.007525297498,0.0,-0.186812434608,0.007525297498,0.0,0.233431244279,0.377061689905,0.0,-0.115271390214,0.371867754908,0.0,0.253089511883,0.726374463105,0.0,-0.030605063888,0.64297221278,0.0,0.239829868647,0.756193395511,0.0,0.019340233564,0.665776679172,0.0,0.268017607695,0.922730998496,0.0,0.002450097744,0.801016082754,0.0,0.533899471164,0.453934937716,-0.000255761668,-0.391933559849
1906,1,0.173023934443,-0.007300608301,0.0,-0.173023934443,0.007300608301,0.0,0.215489134114,0.350912864061,0.0,-0.106166765988,0.345666364833,0.0,0.236884270096,0.680559403004,0.0,-0.027630370362,0.596240846465,0.0,0.22603571282,0.70766143408,0.0,0.018740132501,0.616508544149,0.0,0.248623273393,0.867868775572,0.0,0.002237133857,0.742818527031,0.0,0.534144043922,0.453341916203,-0.000254144892,-0.423282222808
1907,1,0.175377195804,-0.007661622829,0.0,-0.175377195804,0.007661622829,0.0,0.216966023968,0.359802792364,0.0,-0.107289844753,0.351215805118,0.0,0.242055468408,0.704082670781,0.0,-0.027473277241,0.605149267341,0.0,0.231112988606,0.730017319271,0.0,0.019775237376,0.625046192657,0.0,0.248119852141,0.893462413905,0.0,0.002622419789,0.754406941905,0.0,0.534386202693,0.453196272254,-0.000264918432,-0.41695548211
1908,1,0.184777095009,-0.008104564152,0.0,-0.184777095009,0.008104564152,0.0,0.22898016946,0.379174256764,0.0,-0.111389929706,0.369562053085,0.0,0.257144093283,0.743428514274,0.0,-0.026718173024,0.637020683655,0.0,0.244143472306,0.770663618076,0.0,0.023927649754,0.658195131488,0.0,0.260340034753,0.950908426545,0.0,0.003740712771,0.793337992859,0.0,0.535153925419,0.453209206462,-0.000287787989,-0.396072285077
1909,1,0.189454925688,-0.00830542182,0.0,-0.189454925688,0.00830542182,0.0,0.23342230289,0.38827289101,0.0,-0.113980944204,0.377528974063,0.0,0.263414016115,0.760090767418,0.0,-0.027004366872,0.651906640331,0.0,0.249075586145,0.786673204909,0.0,0.026312521399,0.674078071511,0.0,0.263380792116,0.979844015286,0.0,0.002387233038,0.811970004651,0.0,0.535209551454,0.453336670995,-0.000283066183,-0.386612117884
1910,1,0.188654437366,-0.008051246164,0.0,-0.188654437366,0.008051246164,0.0,0.230632797188,0.385517478247,0.0,-0.113198858317,0.373457770716,0.0,0.26495561039,0.757043182038,0.0,-0.024559239239,0.646533735359,0.0,0.249868138322,0.784600320972,0.0,0.029017748782,0.670124423571,0.0,0.251933309426,0.9803568637,0.0,0.002798032028,0.807497314635,0.0,0.536120548844,0.454078391194,-0.000258404762,-0.387686709976
1911,1,0.195494885744,-0.007816534606,0.0,-0.195494885744,0.007816534606,0.0,0.237912133817,0.401606295659,0.0,-0.115071427033,0.384161524744,0.0,0.27691834642,0.786500669081,0.0,-0.023902071038,0.667619409077,0.0,0.261261131811,0.813769668404,0.0,0.0322853053,0.692939564024,0.0,0.263451509851,1.016865612993,0.0,0.005318482043,0.835231340989,0.0,0.537031933665,0.454743102193,-0.000264566392,-0.373988608673
1912,1,0.192587254211,-0.007585035783,0.0,-0.192587254211,0.007585035783,0.0,0.232699063412,0.39860521856,0.0,-0.111568840231,0.377752044462,0.0,0.274733932349,0.784246158893,0.0,-0.021487557623,0.657900521686,0.0,0.25890626954,0.810956159615,0.0,0.034635848304,0.683971701535,0.0,0.258432219529,1.003259148747,0.0,0.003337866548,0.824250136639,0.0,0.537749484181,0.454744338989,-0.000262144953,-0.379468017836
1913,1,0.194068582096,-0.007390512778,0.0,-0.194068582096,0.007390512778,0.0,0.233990891231,0.400057855751,0.0,-0.111372635521,0.377968948587,0.0,0.274583018416,0.787160392392,0.0,-0.021472135797,0.659560330375,0.0,0.258617823434,0.813642181042,0.0,0.033777781166,0.685857107364,0.0,0.258381858519,1.007938393839,0.0,0.002835331353,0.827980821755,0.0,0.538049086928,0.455483049154,-0.000253863633,-0.37725751278
1914,1,0.194899410882,-0.007364635251,0.0,-0.194899410882,0.007364635251,0.0,0.234250285285,0.404088122101,0.0,-0.110234740614,0.379460256125,0.0,0.276992508847,0.788212474152,0.0,-0.019566564304,0.66171492862,0.0,0.260881063811,0.815256232509,0.0,0.03729703296,0.688622823746,0.0,0.260775639017,1.011135340939,0.0,0.00445126467,0.830322941618,0.0,0.538653120399,0.455518499017,-0.000256314874,-0.375975018116
1915,1,0.194447574618,-0.007547199492,0.0,-0.194447574618,0.007547199492,0.0,0.233678786144,0.403782404288,0.0,-0.109972682343,0.379958085875,0.0,0.275873396718,0.78390930338,0.0,-0.019081149126,0.657171990727,0.0,0.258053328159,0.811043182774,0.0,0.037337397527,0.68403731801,0.0,0.260376485697,1.006253854777,0.0,0.003405940999,0.826163978581,0.0,0.538713738322,0.455644965172,-0.000258911401,-0.377089909896
1916,1,0.190220191275,-0.006890685153,0.0,-0.190220191275,0.006890685153,0.0,0.228918485895,0.395721662758,0.0,-0.107422068916,0.370858759968,0.0,0.270428685909,0.766658823589,0.0,-0.018867171618,0.642092467179,0.0,0.252759700831,0.793181843376,0.0,0.03678025968,0.668502181079,0.0,0.255164432542,0.985724147485,0.0,0.003828523894,0.807666422215,0.0,0.538842305541,0.456174999475,-0.000257790089,-0.385069134649
1917,1,0.190611673033,-0.006870363345,0.0,-0.190611673033,0.006870363345,0.0,0.229196160327,0.396433723109,0.0,-0.10776139469,0.371117425324,0.0,0.269300242818,0.770597396252,0.0,-0.018692827944,0.642967375783,0.0,0.247946804858,0.79704412272,0.0,0.037026231373,0.67009425178,0.0,0.255768602004,0.989826884238,0.0,0.00218535844,0.809077883486,0.0,0.538848116994,0.456185609102,-0.000255793333,-0.384277803528
1918,1,0.190890061517,-0.006444145111,0.0,-0.190890061517,0.006444145111,0.0,0.22901023518,0.397295021837,0.0,-0.106926148248,0.371007356165,0.0,0.269118471391,0.773734599199,0.0,-0.018284842575,0.643746312162,0.0,0.247488947038,0.79991871267,0.0,0.037505264544,0.672429806285,0.0,0.255421790893,0.99095699977,0.0,0.003263951426,0.809367889889,0.0,0.538916453719,0.456359267235,-0.000253655016,-0.383925183684
1919,1,0.186259312683,-0.006036661808,0.0,-0.186259312683,0.006036661808,0.0,0.223714730025,0.387352011583,0.0,-0.104034864994,0.362072922223,0.0,0.262758611035,0.753926982024,0.0,-0.017828541139,0.626296997593,0.0,0.241850466541,0.779922254688,0.0,0.034640520063,0.65037245063,0.0,0.249519065918,0.965639431151,0.0,0.003438831084,0.789443190683,0.0,0.539005756378,0.456456899643,-0.000253926963,-0.393489709898
1920,1,0.186281454936,-0.006447386221,0.0,-0.186281454936,0.006447386221,0.0,0.223681595827,0.387135172852,0.0,-0.10483961345,0.361889814227,0.0,0.2608801694,0.753543757789,0.0,-0.017896910377,0.626048713412,0.0,0.23493812193,0.779781482826,0.0,0.035792796992,0.651635022625,0.0,0.251492653122,0.966602081044,0.0,0.001694401567,0.7893135391,0.0,0.538815125823,0.456882700324,-0.000251185149,-0.392993138846
1921,1,0.186120320874,-0.006103762784,0.0,-0.186120320874,0.006103762784,0.0,0.224340385814,0.387076099034,0.0,-0.101588460509,0.361513108654,0.0,0.261258575038,0.753655450754,0.0,-0.016116028619,0.626694793301,0.0,0.236183579927,0.779161831262,0.0,0.037999074527,0.651345668454,0.0,0.248420015886,0.968089108793,0.0,0.003006907573,0.789621035071,0.0,0.539442330599,0.456733867526,-0.000254191458,-0.393785323359
1922,1,0.185090921295,-0.006147647826,0.0,-0.185090921295,0.006147647826,0.0,0.223463919454,0.387323281282,0.0,-0.100933624325,0.361163773345,0.0,0.260156064637,0.750020680431,0.0,-0.015317991171,0.621492601104,0.0,0.235259418588,0.775704722562,0.0,0.038013875342,0.64529120136,0.0,0.24850150285,0.963150487692,0.0,0.002996933589,0.784785878406,0.0,0.539508387446,0.456682369113,-0.000253893435,-0.395637828467
1923,1,0.1843411452,-0.006217681066,0.0,-0.1843411452,0.006217681066,0.0,0.222951854932,0.386481750486,0.0,-0.100890595996,0.358024325539,0.0,0.258977716806,0.745236351286,0.0,-0.015493246681,0.617294227523,0.0,0.234246478683,0.771007053945,0.0,0.036666462112,0.639921161809,0.0,0.24793804189,0.957474499451,0.0,0.002990543823,0.780117195603,0.0,0.539412409067,0.457483634353,-0.000254314393,-0.396976463959
1924,1,0.180558272633,-0.006050407709,0.0,-0.180558272633,0.006050407709,0.0,0.218388198866,0.37825231381,0.0,-0.098451264412,0.350485828305,0.0,0.253599147161,0.72940181343,0.0,-0.014956666634,0.60422809865,0.0,0.229462906281,0.754823811869,0.0,0.036505375533,0.626495068456,0.0,0.241776496207,0.937766687205,0.0,0.003100806399,0.763548448355,0.0,0.539487123489,0.457463830709,-0.000255100429,-0.405629069423
1925,1,0.181916670228,-0.006469086338,0.0,-0.181916670228,0.006469086338,0.0,0.218402905432,0.379263858415,0.0,-0.100582926421,0.351718657877,0.0,0.251841052239,0.732546356724,0.0,-0.016284086173,0.606808885883,0.0,0.226149166305,0.758165227472,0.0,0.035748101929,0.631669669814,0.0,0.242393123687,0.942021603754,0.0,0.00074456275,0.767044406156,0.0,0.538953334093,0.457857877016,-0.00026024878,-0.403268090171
1926,1,0.17920527797,-0.006317793786,0.0,-0.17920527797,0.006317793786,0.0,0.215302900776,0.374986233438,0.0,-0.097817496254,0.346812834173,0.0,0.246888630129,0.722873114758,0.0,-0.015872070512,0.59841468472,0.0,0.222462147366,0.747412946313,0.0,0.035380365916,0.622825661192,0.0,0.238212679144,0.928164157668,0.0,0.003533359225,0.75586816927,0.0,0.539016351104,0.45778785646,-0.000268857926,-0.409375477033
1927,1,0.178886690352,-0.00626233756,0.0,-0.178886690352,0.00626233756,0.0,0.214491799066,0.374003431422,0.0,-0.09806434739,0.345875760206,0.0,0.246098853419,0.72107351566,0.0,-0.016027122418,0.597091915448,0.0,0.221735253369,0.745560754145,0.0,0.035246070546,0.622300789778,0.0,0.237004091534,0.925809319674,0.0,0.000250146269,0.754009719506,0.0,0.538921520114,0.457875221968,-0.000263780355,-0.410257157415
1928,1,0.179407573328,-0.005947532369,0.0,-0.179407573328,0.005947532369,0.0,0.215255725588,0.374753876046,0.0,-0.096902082025,0.346605691418,0.0,0.247411180178,0.722125746602,0.0,-0.015847869918,0.59777486883,0.0,0.224813749437,0.74672404909,0.0,0.034671305757,0.62228198462,0.0,0.238052254556,0.927245205422,0.0,0.002024868247,0.754126169262,0.0,0.539240121841,0.457713022828,-0.000265788287,-0.409841712162
1929,1,0.187897856799,-0.006530270053,0.0,-0.187897856799,0.006530270053,0.0,0.225727538674,0.392746151047,0.0,-0.101688119246,0.363266050136,0.0,0.259036850083,0.756547113466,0.0,-0.016456528764,0.62516016939,0.0,0.234181665484,0.783060488067,0.0,0.036220414456,0.651193988468,0.0,0.251237638652,0.971209353882,0.0,0.002016790627,0.788769924753,0.0,0.539239957929,0.457588046789,-0.000271711498,-0.391393732848
1930,1,0.186728623766,-0.006461478714,0.0,-0.186728623766,0.006461478714,0.0,0.223949469317,0.390034569969,0.0,-0.101435151736,0.361101836825,0.0,0.257398655608,0.752832536913,0.0,-0.016181194129,0.621584699137,0.0,0.232832417618,0.779619379506,0.0,0.036078220148,0.64742985701,0.0,0.249167392496,0.96534292137,0.0,0.001851462679,0.784699480919,0.0,0.53920121491,0.457620754838,-0.000267505646,-0.393699592356
1931,1,0.186625331414,-0.006408527264,0.0,-0.186625331414,0.006408527264,0.0,0.223979081472,0.390222173583,0.0,-0.101241656232,0.360972895043,0.0,0.257257632105,0.751728075353,0.0,-0.016179245378,0.621360433145,0.0,0.23381539925,0.778871506319,0.0,0.035994505348,0.64692099794,0.0,0.246916265011,0.966252444474,0.0,0.002034762356,0.785138203629,0.0,0.539202168584,0.457636728883,-0.000269792974,-0.393883321218
1932,1,0.181153807266,-0.006198913184,0.0,-0.181153807266,0.006198913184,0.0,0.217447579761,0.377314560695,0.0,-0.098375511474,0.349914157811,0.0,0.249183480135,0.727297861742,0.0,-0.015724265918,0.602444199902,0.0,0.223660850357,0.755325584344,0.0,0.034922951861,0.627876425727,0.0,0.240599290577,0.93578773894,0.0,0.001598776664,0.761207789932,0.0,0.539208769798,0.457586869597,-0.000270429999,-0.405808123861
1933,1,0.184927846055,-0.006332618228,0.0,-0.184927846055,0.006332618228,0.0,0.22222888339,0.384949429967,0.0,-0.100414016811,0.357389855036,0.0,0.255035932821,0.744488117145,0.0,-0.015958702058,0.615451362118,0.0,0.230108459711,0.771998930001,0.0,0.035756104743,0.641430895763,0.0,0.245221777415,0.956531728226,0.0,0.001375840717,0.779172356449,0.0,0.53924703598,0.457569599152,-0.000269941986,-0.397265894083
1934,1,0.184957803961,-0.006315120342,0.0,-0.184957803961,0.006315120342,0.0,0.22197503021,0.385053088412,0.0,-0.100464959104,0.357538158108,0.0,0.25431163035,0.743988517209,0.0,-0.015452653202,0.618661712822,0.0,0.230051509117,0.7710579594,0.0,0.03636531164,0.645498432864,0.0,0.24280096176,0.956547865826,0.0,0.001588730045,0.779460264321,0.0,0.539217308164,0.4575022012,-0.000266674906,-0.397241105813
1935,1,0.194022968952,-0.006736791681,0.0,-0.194022968952,0.006736791681,0.0,0.232801558923,0.403311573257,0.0,-0.105613601623,0.374535796508,0.0,0.266738275403,0.77990402479,0.0,-0.017546282119,0.648110306166,0.0,0.241262559698,0.807807918013,0.0,0.037797307807,0.677508159769,0.0,0.257727369392,0.996543391113,0.0,0.002156963343,0.816615216632,0.0,0.53919839859,0.457441613078,-0.000266008079,-0.378663109827
1936,1,0.194951421178,-0.006847706482,0.0,-0.194951421178,0.006847706482,0.0,0.233831287989,0.404361184618,0.0,-0.106192319132,0.375586405495,0.0,0.26793253977,0.77561085823,0.0,-0.01808811645,0.651091594669,0.0,0.243125261788,0.806204240075,0.0,0.037961750714,0.68070357614,0.0,0.265879299033,0.984844564104,0.0,0.002968747989,0.820246471425,0.0,0.539196208119,0.457406207919,-0.000264152884,-0.376977673971
1937,1,0.187337481169,-0.006625791888,0.0,-0.187337481169,0.006625791888,0.0,0.22416638979,0.388181245756,0.0,-0.102091228249,0.361610299819,0.0,0.256577421487,0.736957132442,0.0,-0.018090005102,0.627497468953,0.0,0.232786147426,0.763029520604,0.0,0.036017463387,0.655794261785,0.0,0.2553204888,0.931349630688,0.0,0.002448967951,0.788550432298,0.0,0.539043486118,0.456487700343,-0.000257182866,-0.393094004133
1938,1,0.200674037718,-0.007572838223,0.0,-0.200674037718,0.007572838223,0.0,0.240705582806,0.415508042574,0.0,-0.110466004348,0.39117309181,0.0,0.275252649941,0.783391566187,0.0,-0.019691727181,0.682215066037,0.0,0.249644099001,0.812820591572,0.0,0.039038988028,0.716594852396,0.0,0.275732889245,0.985384081307,0.0,0.001522116475,0.851688100501,0.0,0.538851186633,0.45510391891,-0.000262122601,-0.365579160065
1939,1,0.190195201499,-0.007394788871,0.0,-0.190195201499,0.007394788871,0.0,0.228139795792,0.393806927524,0.0,-0.105813531962,0.373058516235,0.0,0.2601449765,0.737037503861,0.0,-0.019811572201,0.649300436252,0.0,0.235896948776,0.766193443438,0.0,0.036327282829,0.681419506141,0.0,0.265801446653,0.928325058885,0.0,0.003689676741,0.809474117195,0.0,0.538447871804,0.45465131104,-0.000246142969,-0.385190397639
1940,1,0.193634513439,-0.0078896732,0.0,-0.193634513439,0.0078896732,0.0,0.236350670914,0.397771030407,0.0,-0.108572546618,0.37984555199,0.0,0.263261376769,0.739743729225,0.0,-0.02123407895,0.660631393279,0.0,0.235294353133,0.764754415515,0.0,0.036284051841,0.693112732563,0.0,0.272110888524,0.935460998759,0.0,0.004878373361,0.824361907335,0.0,0.538051724434,0.454382717609,-0.000242190436,-0.379018895979
1941,1,0.193521009335,-0.009033489738,0.0,-0.193521009335,0.009033489738,0.0,0.237196583447,0.397901521538,0.0,-0.110481861918,0.382150484077,0.0,0.259164509087,0.734671823612,0.0,-0.024354635162,0.662221562869,0.0,0.231053399996,0.75817337157,0.0,0.032805614728,0.694268473175,0.0,0.2744390114,0.927701924986,0.0,0.002986138102,0.824969751142,0.0,0.536885932088,0.452924191952,-0.000246016309,-0.380490989106
1942,1,0.191763622636,-0.009126778498,0.0,-0.191763622636,0.009126778498,0.0,0.232069430131,0.391991222813,0.0,-0.112318270475,0.378389063925,0.0,0.253589516004,0.718347929151,0.0,-0.026108066402,0.657435559201,0.0,0.225232898904,0.741291516613,0.0,0.031524586917,0.689444718471,0.0,0.269571366158,0.905688030297,0.0,-0.001054438439,0.817475459848,0.0,0.535291776061,0.452914834023,-0.0002449397,-0.384174222279
1943,1,0.19991747443,-0.009835600561,0.0,-0.19991747443,0.009835600561,0.0,0.245089865625,0.409991696319,0.0,-0.120791650923,0.396636789986,0.0,0.260690933583,0.740836143106,0.0,-0.031841183344,0.692206045962,0.0,0.23014837837,0.768949198094,0.0,0.028486224924,0.725387979055,0.0,0.284347781158,0.936367125865,0.0,-0.005545282525,0.858548127567,0.0,0.533295571804,0.452790856361,-0.000229675323,-0.367208247759
1944,1,0.19926367875,-0.010223135686,0.0,-0.19926367875,0.010223135686,0.0,0.246097068906,0.407358424978,0.0,-0.124338750958,0.398720196179,0.0,0.257097215478,0.726750875829,0.0,-0.035155073203,0.698029591115,0.0,0.223880783419,0.756339059727,0.0,0.026643314675,0.72935352659,0.0,0.291075236212,0.92341963527,0.0,-0.008826632068,0.862556997187,0.0,0.531423777342,0.452393487096,-0.000239791349,-0.366195220831
1945,1,0.211710250656,-0.011009814632,0.0,-0.211710250656,0.011009814632,0.0,0.261164544499,0.428047640128,0.0,-0.133337221157,0.423050430017,0.0,0.268755867486,0.758943692302,0.0,-0.039120218555,0.743080445549,0.0,0.232674905692,0.78791216086,0.0,0.025741982051,0.772615077586,0.0,0.313061773523,0.96349115754,0.0,-0.011245185482,0.915665315065,0.0,0.53033785522,0.451834797859,-0.00022075884,-0.346365119976
1946,1,0.214333679379,-0.011148506734,0.0,-0.214333679379,0.011148506734,0.0,0.266723256767,0.431318117495,0.0,-0.13484007759,0.428084718463,0.0,0.270115165992,0.76178532143,0.0,-0.041242463385,0.756945059044,0.0,0.232249770543,0.79023585554,0.0,0.023837939714,0.782925062509,0.0,0.32480066038,0.958340398305,0.0,-0.011352890003,0.926744903579,0.0,0.529569134116,0.45175100863,-0.00024203863,-0.342375641368
1947,1,0.209925687492,-0.010903536428,0.0,-0.209925687492,0.010903536428,0.0,0.259299454987,0.419924835214,0.0,-0.134424366478,0.417878479472,0.0,0.260779190315,0.736072190306,0.0,-0.04339125973,0.740009318967,0.0,0.220702430713,0.766385533244,0.0,0.019722713122,0.764995648696,0.0,0.32063670936,0.919885483413,0.0,-0.013941265584,0.904707325889,0.0,0.528333798051,0.451485514641,-0.000241032802,-0.350924692783
1948,1,0.213602992347,-0.011053708655,0.0,-0.213602992347,0.011053708655,0.0,0.262161683723,0.424854451465,0.0,-0.139521447157,0.425688739377,0.0,0.259768626615,0.731903059126,0.0,-0.046612741232,0.754511620732,0.0,0.213227502167,0.764977023913,0.0,0.016765082286,0.77953835295,0.0,0.325246372034,0.922062682364,0.0,-0.017348061965,0.922931090002,0.0,0.527414321899,0.451473370194,-0.000255831517,-0.344144472812
1949,1,0.200641379186,-0.01041258593,0.0,-0.200641379186,0.01041258593,0.0,0.243419039182,0.397530899997,0.0,-0.133672439576,0.399747676433,0.0,0.237748744722,0.682453773212,0.0,-0.046589389531,0.708583594898,0.0,0.191094569233,0.715213452656,0.0,0.012254781739,0.73199703684,0.0,0.301862552969,0.857249129761,0.0,-0.019509915377,0.866868321266,0.0,0.52632753551,0.451163873076,-0.000254950486,-0.366859625589
1950,1,0.194891181811,-0.009514082456,0.0,-0.194891181811,0.009514082456,0.0,0.235790230467,0.387311605601,0.0,-0.132208098376,0.390070645137,0.0,0.225652911583,0.664105127257,0.0,-0.046332695637,0.69203150768,0.0,0.180215608193,0.696407554534,0.0,0.010746252175,0.715014628743,0.0,0.292178665598,0.831985131331,0.0,-0.021273598993,0.845573349543,0.0,0.525607332587,0.450773984194,-0.000261820853,-0.37609365399
1951,1,0.195120926317,-0.008976843691,0.0,-0.195120926317,0.008976843691,0.0,0.233387310524,0.390298706744,0.0,-0.134161109169,0.39221636336,0.0,0.216754747722,0.665500668852,0.0,-0.0485840175,0.694990903582,0.0,0.169414066963,0.696206963037,0.0,0.007541376535,0.717500690611,0.0,0.289423181141,0.83095421667,0.0,-0.022841872123,0.848642109107,0.0,0.524675369263,0.449809342623,-0.000258067623,-0.375843807818
1952,1,0.195563918914,-0.009009438913,0.0,-0.195563918914,0.009009438913,0.0,0.230253781036,0.391595929258,0.0,-0.13678568481,0.393264545478,0.0,0.208692729288,0.664998196329,0.0,-0.051765405194,0.697443317476,0.0,0.160236266822,0.69583286999,0.0,0.003350423711,0.72009686069,0.0,0.284458140846,0.826063447075,0.0,-0.027225510335,0.851412459485,0.0,0.523484289646,0.449399515986,-0.000256781932,-0.375034809002
1953,1,0.194171819606,-0.008834353247,0.0,-0.194171819606,0.008834353247,0.0,0.227328377405,0.389216155238,0.0,-0.137191106955,0.390492155566,0.0,0.201022355265,0.66130500011,0.0,-0.053205173322,0.693880882088,0.0,0.151980312895,0.692456391946,0.0,-0.000796966496,0.716979350298,0.0,0.280393797934,0.819723073864,0.0,-0.030316868011,0.847733724279,0.0,0.522905781865,0.44916331768,-0.000268218108,-0.376919870581
1954,1,0.189540358876,-0.008257296228,0.0,-0.189540358876,0.008257296228,0.0,0.217064062628,0.377853836821,0.0,-0.138229086283,0.379031087208,0.0,0.18775443055,0.64551741528,0.0,-0.057384130749,0.676782267129,0.0,0.140110573653,0.676541017181,0.0,-0.009408400921,0.699353174226,0.0,0.268430248892,0.802796493693,0.0,-0.034462609117,0.827178780677,0.0,0.521143272519,0.44897146523,-0.00027359277,-0.386411126913
1955,1,0.189999287486,-0.007341814565,0.0,-0.189999287486,0.007341814565,0.0,0.215011397733,0.378636844358,0.0,-0.141034251156,0.380418291246,0.0,0.18542663814,0.650612213944,0.0,-0.060593210133,0.683011765151,0.0,0.137976894729,0.681330261794,0.0,-0.012381164507,0.705711051722,0.0,0.264490196579,0.812148429506,0.0,-0.038313717432,0.834374070646,0.0,0.52004159987,0.448008775711,-0.000284657348,-0.384070792067
1956,1,0.198537229002,-0.006857074105,0.0,-0.198537229002,0.006857074105,0.0,0.218018993617,0.399400906258,0.0,-0.154487632105,0.399712704603,0.0,0.187615308433,0.685865064548,0.0,-0.071946611117,0.717871736041,0.0,0.137462136496,0.717153620376,0.0,-0.021701205637,0.741490215822,0.0,0.270700588942,0.856703622257,0.0,-0.048460523199,0.878358425443,0.0,0.517265424132,0.447627618909,-0.000289876945,-0.365123398745
1957,1,0.203601847544,-0.006289308763,0.0,-0.203601847544,0.006289308763,0.0,0.220758950411,0.411702389746,0.0,-0.158305174932,0.411164497762,0.0,0.189348805299,0.708044305714,0.0,-0.077427250901,0.74156886175,0.0,0.13782694294,0.740986819484,0.0,-0.025378449873,0.766148267351,0.0,0.27505368639,0.885664597053,0.0,-0.054470283904,0.904760099511,0.0,0.515775218606,0.447310328484,-0.000305514317,-0.353710469353
1958,1,0.205148985565,-0.005654098564,0.0,-0.205148985565,0.005654098564,0.0,0.215130056386,0.418550733179,0.0,-0.166709701715,0.416854495058,0.0,0.183467001804,0.719824482869,0.0,-0.087016613668,0.753173170877,0.0,0.130449597232,0.753243811831,0.0,-0.033311186727,0.778166556275,0.0,0.270215718632,0.899999453709,0.0,-0.065990068495,0.915224888454,0.0,0.512688592076,0.447127878666,-0.000303586479,-0.348476581697
1959,1,0.202851294017,-0.00524987813,0.0,-0.202851294017,0.00524987813,0.0,0.208645651788,0.415443658479,0.0,-0.165060770317,0.414070563756,0.0,0.177778720318,0.716105519796,0.0,-0.091430605022,0.748818821832,0.0,0.124663066016,0.74926150893,0.0,-0.038249184921,0.774072718808,0.0,0.261724344691,0.895329898135,0.0,-0.071585477707,0.909918519759,0.0,0.51092761755,0.44691875577,-0.000301112887,-0.350744578335
1960,1,0.20317058622,-0.004680507663,0.0,-0.20317058622,0.004680507663,0.0,0.198399308359,0.413294152645,0.0,-0.170173587209,0.410754449933,0.0,0.16725463103,0.714792613883,0.0,-0.101332520972,0.744706982469,0.0,0.114222735774,0.747812813486,0.0,-0.048945246531,0.770498927696,0.0,0.250722315468,0.893620064081,0.0,-0.081155288251,0.907051343774,0.0,0.507407024503,0.446653783321,-0.000295328908,-0.351966729494
1961,1,0.201837629524,-0.004498096807,0.0,-0.201837629524,0.004498096807,0.0,0.192374420857,0.412861946758,0.0,-0.16919496062,0.410536599209,0.0,0.160495166344,0.714224958881,0.0,-0.107181012083,0.743308128883,0.0,0.107776179247,0.74685257097,0.0,-0.055076478409,0.768802532239,0.0,0.245306148917,0.8930391946,0.0,-0.088152073059,0.907259934085,0.0,0.505162656307,0.446692049503,-0.000298367115,-0.352319739493
1962,1,0.208059901001,-0.004271184422,0.0,-0.208059901001,0.004271184422,0.0,0.195345621924,0.431456489261,0.0,-0.180238830454,0.428822242664,0.0,0.157792133745,0.74798800721,0.0,-0.121100322472,0.779289128031,0.0,0.102737568157,0.782507048332,0.0,-0.067470977758,0.806140778804,0.0,0.247767093721,0.937059447171,0.0,-0.101026097097,0.95198489365,0.0,0.502241194248,0.446531787515,-0.000299728825,-0.336076277019
1963,1,0.238789940593,-0.004661702442,0.0,-0.238789940593,0.004661702442,0.0,0.217649557586,0.497863714281,0.0,-0.208067288368,0.494670543587,0.0,0.173068319891,0.861965845161,0.0,-0.148057940626,0.898289974369,0.0,0.108324154574,0.900910069466,0.0,-0.087173457839,0.929038972551,0.0,0.272780614621,1.079665133291,0.0,-0.123566617537,1.099322279831,0.0,0.499726235867,0.446215599775,-0.000312315766,-0.29184741759
1964,1,0.229183641415,-0.004205433225,0.0,-0.229183641415,0.004205433225,0.0,0.203264614705,0.477773578872,0.0,-0.202351925994,0.474533210578,0.0,0.158170795826,0.824904548782,0.0,-0.148820195133,0.859307641263,0.0,0.096127463707,0.863072457698,0.0,-0.090669165815,0.889816373131,0.0,0.25212530783,1.035896934275,0.0,-0.127960642711,1.055273686013,0.0,0.497301459312,0.446108832955,-0.000310745556,-0.304133082191
1965,1,0.268804694339,-0.004566218883,0.0,-0.268804694339,0.004566218883,0.0,0.230937508815,0.560658802138,0.0,-0.2421495046,0.556744488999,0.0,0.175475949774,0.970061596593,0.0,-0.184501761253,1.010313825596,0.0,0.102485766252,1.014916949149,0.0,-0.116604307082,1.046194837461,0.0,0.28164233797,1.218079404354,0.0,-0.160070293799,1.240854594813,0.0,0.49459592998,0.445948049426,-0.000311685493,-0.25881939211
1966,1,0.251523240276,-0.003950357148,0.0,-0.251523240276,0.003950357148,0.0,0.215792307406,0.521381136824,0.0,-0.227245459035,0.519060322811,0.0,0.158624082315,0.902719687861,0.0,-0.177197039331,0.937735342544,0.0,0.091100167261,0.945093072722,0.0,-0.114969877946,0.971466955261,0.0,0.259005572151,1.13604130566,0.0,-0.154109204291,1.15574641947,0.0,0.49317458272,0.446040406823,-0.000310239309,-0.277449625011
1967,1,0.257687528774,-0.002874630682,0.0,-0.257687528774,0.002874630682,0.0,0.216183631636,0.531951306153,0.0,-0.237007622117,0.529803703439,0.0,0.153373680395,0.920571050101,0.0,-0.18376302345,0.956682235991,0.0,0.084396417151,0.963611586476,0.0,-0.122235844268,0.9919164659,0.0,0.256688227166,1.158063139056,0.0,-0.164973793688,1.178481094986,0.0,0.491073817015,0.445198968053,-0.000309242827,-0.272822181905
1968,1,0.281279829732,-0.003023849397,0.0,-0.281279829732,0.003023849397,0.0,0.234104601386,0.577303741383,0.0,-0.256868488723,0.575163735348,0.0,0.160683825838,0.999245392348,0.0,-0.205610553827,1.037673488313,0.0,0.085350585899,1.045931625521,0.0,-0.139360245089,1.075169125974,0.0,0.274930244006,1.257301804967,0.0,-0.186585985546,1.279082010453,0.0,0.489524081349,0.445231884718,-0.000315169629,-0.251341494173
1969,1,0.290516712368,-0.002741551812,0.0,-0.290516712368,0.002741551812,0.0,0.242290396213,0.597490961126,0.0,-0.270070292367,0.595348153131,0.0,0.15992033635,1.034372606959,0.0,-0.215958927281,1.074088830035,0.0,0.083315134686,1.082232335244,0.0,-0.148287494093,1.113069913071,0.0,0.277602163026,1.301457528522,0.0,-0.201266193511,1.324757833859,0.0,0.487810820341,0.445294886827,-0.000321276573,-0.242751443991
1970,1,0.286831700819,-0.002537277579,0.0,-0.286831700819,0.002537277579,0.0,0.240377111163,0.587632483668,0.0,-0.264797024991,0.58608077318,0.0,0.155554261065,1.018346642244,0.0,-0.21340680143,1.057710081821,0.0,0.079416709619,1.065574306301,0.0,-0.146961818394,1.096484466271,0.0,0.273289115496,1.2815628788,0.0,-0.200441301518,1.304481137318,0.0,0.487327739596,0.445339038968,-0.000320322666,-0.246491216317
1971,1,0.29361125854,-0.002038761338,0.0,-0.29361125854,0.002038761338,0.0,0.24108893297,0.599370272737,0.0,-0.271876871482,0.597230808255,0.0,0.153281087834,1.038125805031,0.0,-0.224182876742,1.078201837855,0.0,0.071896933071,1.086181961538,0.0,-0.159137391437,1.11768831074,0.0,0.273274397078,1.30641918437,0.0,-0.210515335096,1.329563292268,0.0,0.486078843474,0.445209339261,-0.000332141295,-0.241932847852
1972,1,0.295223028651,-0.001865807238,0.0,-0.295223028651,0.001865807238,0.0,0.240793384671,0.602628622769,0.0,-0.271208413681,0.600301919851,0.0,0.150900588471,1.044137340048,0.0,-0.229956981267,1.083730662336,0.0,0.069885961673,1.09194816301,0.0,-0.163904718284,1.12268659283,0.0,0.272840770602,1.31514746644,0.0,-0.214192058475,1.335660636194,0.0,0.485292032361,0.445162013173,-0.000334318087,-0.240703373875
1973,1,0.302286264693,-0.001518038338,0.0,-0.302286264693,0.001518038338,0.0,0.240614442209,0.614991367862,0.0,-0.281070845667,0.612382018531,0.0,0.145625692979,1.064571602198,0.0,-0.240824649613,1.103025795909,0.0,0.062627982111,1.113853055378,0.0,-0.174054950378,1.143947180671,0.0,0.270037292565,1.341508558285,0.0,-0.226441665614,1.362019498442,0.0,0.48338778317,0.445062041283,-0.000336185563,-0.236056702553
1974,1,0.300784290952,-0.001609826881,0.0,-0.300784290952,0.001609826881,0.0,0.23716707227,0.611871826146,0.0,-0.279775786002,0.609486394284,0.0,0.140226009477,1.052551808916,0.0,-0.244879096498,1.097392242332,0.0,0.056918411794,1.101219700711,0.0,-0.18153533958,1.135614750146,0.0,0.264173371042,1.334739190555,0.0,-0.230536819505,1.357769350265,0.0,0.48221886158,0.445305407047,-0.000335262739,-0.236926172892
1975,1,0.294353967741,-0.001559385973,0.0,-0.294353967741,0.001559385973,0.0,0.233586426849,0.596652612161,0.0,-0.275561751747,0.594761747671,0.0,0.135647236222,1.027829649888,0.0,-0.241930253282,1.07149000082,0.0,0.05384597714,1.075337558807,0.0,-0.180536108685,1.108832486649,0.0,0.255334070427,1.302658132835,0.0,-0.228644584463,1.325767306925,0.0,0.481531783938,0.445301443338,-0.000337350706,-0.242659671152
1976,1,0.291889275156,-0.001472753048,0.0,-0.291889275156,0.001472753048,0.0,0.232074560516,0.592011661229,0.0,-0.270294913913,0.59049420908,0.0,0.133371994036,1.019095531684,0.0,-0.241635289611,1.062418168529,0.0,0.051599593129,1.067063216153,0.0,-0.182394406538,1.100270074495,0.0,0.252620047905,1.292299850919,0.0,-0.228542660758,1.316460538164,0.0,0.481206268072,0.445319369435,-0.000332381518,-0.244357290221
1977,1,0.291149149304,-0.001393862774,0.0,-0.291149149304,0.001393862774,0.0,0.229475328964,0.588114668748,0.0,-0.271919517412,0.585862372741,0.0,0.128310669989,1.01195225503,0.0,-0.243026449273,1.056437283615,0.0,0.046995097056,1.060424875726,0.0,-0.184619040131,1.09596449654,0.0,0.247184515554,1.284095474323,0.0,-0.230732424409,1.308717715882,0.0,0.480306357145,0.445335417986,-0.000342130428,-0.245797150592
1978,1,0.294311997904,-0.000857948936,0.0,-0.294311997904,0.000857948936,0.0,0.232730302551,0.594812660927,0.0,-0.274929025153,0.592285428444,0.0,0.129532441,1.025101407726,0.0,-0.246178535591,1.068559698483,0.0,0.047066423591,1.073616126158,0.0,-0.187259990281,1.109297675313,0.0,0.249874683632,1.299199041841,0.0,-0.234372353517,1.323652671903,0.0,0.480165496469,0.445418208838,-0.00034178677,-0.24294854153
1979,1,0.294589766412,-0.000634164752,0.0,-0.294589766412,0.000634164752,0.0,0.229867352673,0.592205781428,0.0,-0.275461154687,0.589066400324,0.0,0.12649892554,1.020560718085,0.0,-0.247550334959,1.062980826817,0.0,0.043133887505,1.068767984656,0.0,-0.188890431232,1.103322911915,0.0,0.245756333124,1.293119074744,0.0,-0.233234952497,1.316773719141,0.0,0.479555293918,0.445637866855,-0.000342803309,-0.244066484196
1980,1,0.273244647011,-0.000260882952,0.0,-0.273244647011,0.000260882952,0.0,0.21321879875,0.548731890553,0.0,-0.254958825063,0.54704266494,0.0,0.116252808006,0.946898407916,0.0,-0.229845640743,0.986347807142,0.0,0.038239856141,0.992126879961,0.0,-0.176263476799,1.023851062589,0.0,0.227443886354,1.199665329077,0.0,-0.21669319781,1.221980960035,0.0,0.47926171124,0.445546984673,-0.000327389454,-0.263086368121
1981,1,0.271442967641,-0.00014263313,0.0,-0.271442967641,0.00014263313,0.0,0.211897300298,0.546282182329,0.0,-0.253684071782,0.543428392191,0.0,0.114967320417,0.941180438295,0.0,-0.229961645288,0.980366325658,0.0,0.037216366256,0.986284078386,0.0,-0.178459471703,1.017631570539,0.0,0.225361304016,1.193745939351,0.0,-0.21618046608,1.215690018234,0.0,0.47915558517,0.445516824722,-0.000320716063,-0.264314032687
1982,1,0.275647234361,-5.6129409e-05,0.0,-0.275647234361,5.6129409e-05,0.0,0.214987265132,0.558058520764,0.0,-0.258183198624,0.55213285882,0.0,0.116895165468,0.962325896035,0.0,-0.234706213983,0.995998043334,0.0,0.038804379948,1.006047269529,0.0,-0.181793134212,1.03384003301,0.0,0.228295319022,1.217257655427,0.0,-0.220945573774,1.234758576204,0.0,0.478987261653,0.445512890816,-0.000318499922,-0.260169100371
1983,1,0.287031692543,-3.8960698e-05,0.0,-0.287031692543,3.8960698e-05,0.0,0.224300554331,0.58107135852,0.0,-0.269205234326,0.57489683376,0.0,0.121500397098,1.002911300759,0.0,-0.242793103248,1.037586202255,0.0,0.040107263749,1.05063451575,0.0,-0.185606197594,1.07801583147,0.0,0.239145713719,1.267611831217,0.0,-0.230342863309,1.285654035042,0.0,0.478951320052,0.44551075995,-0.000335576246,-0.249750617165
1984,1,0.290424522617,-0.000132763937,0.0,-0.290424522617,0.000132763937,0.0,0.227042210234,0.588755291618,0.0,-0.272286517657,0.581330171114,0.0,0.123297729116,1.014258697519,0.0,-0.246017008356,1.04913812018,0.0,0.041763042597,1.061719963447,0.0,-0.188210177566,1.089610412344,0.0,0.241246804338,1.282650262995,0.0,-0.233402804256,1.300106033992,0.0,0.478965505958,0.445608213544,-0.000340415922,-0.246811402925
1985,1,0.28841562025,-0.000126846734,0.0,-0.28841562025,0.000126846734,0.0,0.225640567492,0.5842778089,0.0,-0.270113739604,0.576381554746,0.0,0.122425912989,1.005998082383,0.0,-0.243314505872,1.041306892506,0.0,0.041392719839,1.053492088204,0.0,-0.186492681335,1.082903993172,0.0,0.239642361817,1.272424878148,0.0,-0.231364429015,1.290473904179,0.0,0.47903226316,0.445612534881,-0.000343973574,-0.248691922567
1986,1,0.284222821082,-0.000102918289,0.0,-0.284222821082,0.000102918289,0.0,0.223984640692,0.570741881809,0.0,-0.261944121278,0.563279895095,0.0,0.123255213269,0.984949622229,0.0,-0.238953560192,1.01972685053,0.0,0.042335737585,1.032037849465,0.0,-0.182996053054,1.060447756734,0.0,0.238096533662,1.245318342622,0.0,-0.22323182333,1.263735670256,0.0,0.479888483882,0.445692420006,-0.000332653057,-0.253955219157
1987,1,0.282894980694,0.000428388348,0.0,-0.282894980694,-0.000428388348,0.0,0.224032947303,0.570046346572,0.0,-0.264582753732,0.561587636684,0.0,0.123373503941,0.982610185789,0.0,-0.239121905914,1.014606969025,0.0,0.042966614115,1.028773155029,0.0,-0.181769119426,1.053330186513,0.0,0.233108789162,1.242400747113,0.0,-0.222343264772,1.260638319127,0.0,0.480074644089,0.445548266172,-0.000333857606,-0.254690172533
1988,1,0.280496655464,0.000386911396,0.0,-0.280496655464,-0.000386911396,0.0,0.225584378983,0.564783649377,0.0,-0.258590446267,0.5559357143,0.0,0.127079930445,0.974830779199,0.0,-0.233614256238,1.00648007332,0.0,0.047455016482,1.020625995137,0.0,-0.175679600925,1.045072990226,0.0,0.235769001502,1.232744464319,0.0,-0.216628236427,1.250363706861,0.0,0.481270521879,0.445578798652,-0.000330831739,-0.256689879002
1989,1,0.287051338083,1.7404819e-05,0.0,-0.287051338083,-1.7404819e-05,0.0,0.232508188723,0.575039457965,0.0,-0.264385528314,0.566524594485,0.0,0.132867260076,0.9904344609,0.0,-0.237083880003,1.021700619039,0.0,0.049670214563,1.037891836304,0.0,-0.177047438386,1.058237003598,0.0,0.243332446665,1.25421526057,0.0,-0.218025958881,1.273716471764,0.0,0.482106462121,0.445984870195,-0.000325098401,-0.251708535553
1990,1,0.289140934279,-7.6490233e-05,0.0,-0.289140934279,7.6490233e-05,0.0,0.240609919464,0.579086934258,0.0,-0.263589359895,0.573614885319,0.0,0.141840766902,1.0031377571,0.0,-0.232464069302,1.03464573864,0.0,0.059158421548,1.051118234061,0.0,-0.171765352659,1.072163358783,0.0,0.253662054599,1.269867113001,0.0,-0.213515592226,1.289917864691,0.0,0.483918145299,0.445962488651,-0.000323572196,-0.248579209285
1991,1,0.282740691635,4.911758e-06,0.0,-0.282740691635,-4.911758e-06,0.0,0.237407968771,0.564458918907,0.0,-0.251893445829,0.560058685104,0.0,0.143827628353,0.97791413051,0.0,-0.221914177891,1.009306581494,0.0,0.063347766085,1.024524846119,0.0,-0.161250219959,1.045327078311,0.0,0.253017185972,1.239606300357,0.0,-0.201481964829,1.257604620209,0.0,0.485656261444,0.446134001017,-0.000336479301,-0.254836954655
1992,1,0.272385135683,-0.000197393105,0.0,-0.272385135683,0.000197393105,0.0,0.235956077142,0.545124200084,0.0,-0.238752470041,0.541432220032,0.0,0.149263602433,0.94593064501,0.0,-0.20454135727,0.975848500135,0.0,0.071368768305,0.990635182011,0.0,-0.145713578144,1.010737067397,0.0,0.252449279767,1.198331155739,0.0,-0.184853358829,1.216186161696,0.0,0.488328561187,0.446035727859,-0.000334981654,-0.263685786351
1993,1,0.26879184074,-0.000341328928,0.0,-0.26879184074,0.000341328928,0.0,0.237360934031,0.543512986775,0.0,-0.231471339046,0.538535661734,0.0,0.158502774387,0.940883215598,0.0,-0.194773620823,0.970065294331,0.0,0.081012738823,0.984804278472,0.0,-0.13641215939,1.004784574154,0.0,0.261095679418,1.191188250239,0.0,-0.173599881491,1.208900284045,0.0,0.491022735834,0.44599442184,-0.000310497941,-0.265299390634
1994,1,0.269030842715,-0.000635014154,0.0,-0.269030842715,0.000635014154,0.0,0.240430422841,0.541932469002,0.0,-0.224842002973,0.536731517909,0.0,0.168619614245,0.93893385237,0.0,-0.18393592515,0.966398060681,0.0,0.091332165213,0.982601746663,0.0,-0.125401840989,1.00106711463,0.0,0.270512784829,1.186203921978,0.0,-0.163034107845,1.204289098227,0.0,0.493806272745,0.445936277509,-0.000301938155,-0.266361119166
1995,1,0.294726389853,-0.001403017136,0.0,-0.294726389853,0.001403017136,0.0,0.272470190668,0.592504113827,0.0,-0.24038754292,0.58674235419,0.0,0.198097481552,1.02362573296,0.0,-0.188227669122,1.054977809773,0.0,0.113142396103,1.069995182869,0.0,-0.123982995699,1.092864111065,0.0,0.309341115957,1.296800708985,0.0,-0.164608815497,1.315058857507,0.0,0.49704246223,0.446118578315,-0.000305484864,-0.243290613314
1996,1,0.290366149303,-0.00172672257,0.0,-0.290366149303,0.00172672257,0.0,0.278166675754,0.591757219157,0.0,-0.230376117941,0.586740965322,0.0,0.211324310521,1.022733521259,0.0,-0.174376777788,1.05458027442,0.0,0.126887014166,1.069134113887,0.0,-0.110647797569,1.093044255134,0.0,0.323949166289,1.296498559043,0.0,-0.149340034468,1.313926028902,0.0,0.500717207789,0.446039021015,-0.00031828403,-0.243634727528
1997,1,0.285797826799,-0.002287408081,0.0,-0.285797826799,0.002287408081,0.0,0.278636868732,0.582077899594,0.0,-0.223467443954,0.578304154018,0.0,0.218787821558,1.004948458829,0.0,-0.162264689652,1.036843928553,0.0,0.135326843263,1.049107219482,0.0,-0.097796596162,1.074231148798,0.0,0.32976512377,1.273189919299,0.0,-0.136255195732,1.291278369572,0.0,0.503562361002,0.446018174291,-0.000316327438,-0.247958771877
1998,1,0.253138135562,-0.002746770965,0.0,-0.253138135562,0.002746770965,0.0,0.254949174637,0.514477541999,0.0,-0.196167424942,0.511646304104,0.0,0.204458162678,0.891280263768,0.0,-0.130665341576,0.917703945132,0.0,0.132091811439,0.934950730659,0.0,-0.070834031759,0.953466647775,0.0,0.312536153429,1.127421716766,0.0,-0.108339263776,1.141266208375,0.0,0.507197648287,0.446271926165,-0.000315242563,-0.280145659744
1999,1,0.257559229006,-0.003584875539,0.0,-0.257559229006,0.003584875539,0.0,0.270684835884,0.521025704049,0.0,-0.189177324812,0.520368797875,0.0,0.220833447762,0.904001572076,0.0,-0.119380180575,0.931928500826,0.0,0.146843778985,0.94837424617,0.0,-0.058665346868,0.968998812526,0.0,0.330504300433,1.142055392223,0.0,-0.095954483424,1.155884087247,0.0,0.510941386223,0.446505591273,-0.000321556232,-0.276198558921
2000,1,0.260638785145,-0.004000404821,0.0,-0.260638785145,0.004000404821,0.0,0.278339165154,0.521427644724,0.0,-0.187421637698,0.519829077269,0.0,0.232005595675,0.900239004532,0.0,-0.110188571634,0.929313583061,0.0,0.157341894433,0.944246689607,0.0,-0.050120013189,0.96555381185,0.0,0.341026754117,1.137956693917,0.0,-0.083101051882,1.151168415452,0.0,0.514270812273,0.447110980749,-0.000312614953,-0.276626962604
2001,1,0.219296354085,-0.004476234059,0.0,-0.219296354085,0.004476234059,0.0,0.241591264233,0.435927486101,0.0,-0.157890316135,0.431443943389,0.0,0.2016865611,0.747443023172,0.0,-0.084316183276,0.771988005861,0.0,0.136505197921,0.784188583672,0.0,-0.034852664529,0.802067714049,0.0,0.293702590605,0.947042332274,0.0,-0.060621711224,0.958159063936,0.0,0.517075315118,0.449300557375,-0.000305239751,-0.330291801478
2002,1,0.2166057397,-0.005261708393,0.0,-0.2166057397,0.005261708393,0.0,0.248512161573,0.430802948713,0.0,-0.153333267143,0.425936754578,0.0,0.210794966029,0.73939056499,0.0,-0.072685096623,0.76185841428,0.0,0.147690222548,0.774967141602,0.0,-0.023971614918,0.790529118448,0.0,0.300466978703,0.933397196921,0.0,-0.043099684923,0.943837417945,0.0,0.520577609539,0.450475886464,-0.000302486354,-0.334218547842
2003,1,0.222409703609,-0.006256113555,0.0,-0.222409703609,0.006256113555,0.0,0.258566176688,0.440856887102,0.0,-0.157338857904,0.437089081942,0.0,0.219885117176,0.758073700559,0.0,-0.068958254311,0.778102098436,0.0,0.155393989966,0.793355485026,0.0,-0.019922027929,0.807407269961,0.0,0.31117380486,0.955272357622,0.0,-0.039557254005,0.964254526216,0.0,0.521929129958,0.45102520287,-0.000300172949,-0.326545302969
2004,1,0.201873512032,-0.00594572279,0.0,-0.201873512032,0.00594572279,0.0,0.239701834818,0.401763707008,0.0,-0.141406862262,0.399200480199,0.0,0.205633370118,0.689424646313,0.0,-0.055827786295,0.70761994181,0.0,0.14817790661,0.72189826592,0.0,-0.011102148155,0.734120602891,0.0,0.288469140073,0.871365164871,0.0,-0.028934797964,0.8749427052,0.0,0.524379879236,0.45140068233,-0.000280612148,-0.359456523935
2005,1,0.18975442718,-0.005847202213,0.0,-0.18975442718,0.005847202213,0.0,0.229108323797,0.378292464868,0.0,-0.131230213513,0.376241360805,0.0,0.197309366035,0.647372116608,0.0,-0.048214246147,0.663409463595,0.0,0.143589029425,0.67728292302,0.0,-0.006322876346,0.688242834626,0.0,0.274124574361,0.819684458865,0.0,-0.022945141898,0.821191090859,0.0,0.525990128517,0.451580539346,-0.000277847052,-0.383153276168
2006,1,0.207690348173,-0.007446089957,0.0,-0.207690348173,0.007446089957,0.0,0.253721231765,0.414334188786,0.0,-0.140037328956,0.409737993107,0.0,0.221562971587,0.711202286,0.0,-0.047832784817,0.722205958401,0.0,0.164812441576,0.742140745419,0.0,-0.0008744452,0.748498818937,0.0,0.30399459428,0.902781120369,0.0,-0.019573133495,0.894095833378,0.0,0.527710929513,0.452507302165,-0.000295917038,-0.351089609953
2007,1,0.204390668482,-0.007463315671,0.0,-0.204390668482,0.007463315671,0.0,0.252874458193,0.406648354561,0.0,-0.133703982902,0.402298478959,0.0,0.224816453617,0.709931764139,0.0,-0.040989382094,0.710353149493,0.0,0.172324924576,0.738818054822,0.0,0.005971360118,0.736088123707,0.0,0.30247231353,0.902180882097,0.0,-0.013061738929,0.877463492745,0.0,0.529829338193,0.452653825283,-0.000258529559,-0.358008066569
2008,1,0.199643972735,-0.007319100611,0.0,-0.199643972735,0.007319100611,0.0,0.251493445398,0.399129760116,0.0,-0.124817155887,0.393546728572,0.0,0.227435579799,0.714674257835,0.0,-0.03558360289,0.693616040235,0.0,0.177931220194,0.741607005521,0.0,0.011164564278,0.719471588197,0.0,0.298860176037,0.897869829887,0.0,-0.006943506603,0.856966540646,0.0,0.532008096576,0.452667102218,-0.000244119205,-0.36785349033
2009,1,0.20410111517,-0.007733788229,0.0,-0.20410111517,0.007733788229,0.0,0.260972420942,0.411653275527,0.0,-0.124962488756,0.405072025065,0.0,0.241656095825,0.748530191748,0.0,-0.0345388444,0.712429507982,0.0,0.198933256379,0.77521535905,0.0,0.01502348048,0.739229409431,0.0,0.310463161691,0.942036148824,0.0,-0.003031018437,0.880408281237,0.0,0.53337161243,0.452567949891,-0.000243579969,-0.358456534849
2010,1,0.209073361238,-0.008190523687,0.0,-0.209073361238,0.008190523687,0.0,0.269613263325,0.420382365581,0.0,-0.124638363406,0.413552629455,0.0,0.257124501311,0.772526379862,0.0,-0.030435755063,0.724662139976,0.0,0.218032878374,0.796400464162,0.0,0.022565952436,0.753605743589,0.0,0.321281676061,0.976519207723,0.0,0.002308547735,0.895236096005,0.0,0.535130023956,0.452450230718,-0.000252299942,-0.351759536215
2011,1,0.190203630602,-0.007649803115,0.0,-0.190203630602,0.007649803115,0.0,0.246915661502,0.38184333753,0.0,-0.110889070551,0.374757301164,0.0,0.241897614997,0.704430548745,0.0,-0.023439305596,0.655327986054,0.0,0.211545252162,0.725778086093,0.0,0.026042328387,0.682985285682,0.0,0.29737585873,0.901484928759,0.0,0.007292051702,0.811078499918,0.0,0.537143453956,0.452528566122,-0.000219227746,-0.387907661852
2012,1,0.19684171956,-0.008176956491,0.0,-0.19684171956,0.008176956491,0.0,0.258741833745,0.397647867205,0.0,-0.114098709343,0.388402127982,0.0,0.263647290817,0.749897278343,0.0,-0.02214213728,0.677802112663,0.0,0.235609405825,0.776594943719,0.0,0.02922872671,0.706284348118,0.0,0.311358615335,0.953504888795,0.0,0.010194055908,0.839961916207,0.0,0.538199558854,0.452695429325,-0.000242225826,-0.374180226008
2013,1,0.187015946999,-0.007930624449,0.0,-0.187015946999,0.007930624449,0.0,0.246031672877,0.378773595549,0.0,-0.107889294072,0.368466068376,0.0,0.256178974718,0.716702440216,0.0,-0.020046473798,0.641315286191,0.0,0.232059312715,0.7437608527,0.0,0.031686488705,0.668938345458,0.0,0.296098004447,0.913045196155,0.0,0.010765357068,0.796262715244,0.0,0.538589477539,0.452972769737,-0.00022996217,-0.39395342512
2014,1,0.183298067455,-0.008102503808,0.0,-0.183298067455,0.008102503808,0.0,0.242016596045,0.371416299929,0.0,-0.105258547948,0.360076006266,0.0,0.258652218684,0.707604753574,0.0,-0.018253296542,0.626755099173,0.0,0.239742306381,0.734768798862,0.0,0.033406742119,0.653990925966,0.0,0.291496623019,0.905056431652,0.0,0.012559617217,0.778895183637,0.0,0.539186149836,0.452741503716,-0.00024206005,-0.402725646051
2015,1,0.182249536827,-0.008281198813,0.0,-0.182249536827,0.008281198813,0.0,0.241533884419,0.369706367529,0.0,-0.105021535406,0.358257145844,0.0,0.262253685594,0.710069977159,0.0,-0.016892805372,0.621404399028,0.0,0.244223136664,0.735429637626,0.0,0.036023141135,0.647595864495,0.0,0.291493039061,0.911449186428,0.0,0.014197214722,0.777020035033,0.0,0.539710909128,0.452818185091,-0.000255344436,-0.404360409524
2016,1,0.174910791672,-0.008153397708,0.0,-0.174910791672,0.008153397708,0.0,0.229762775634,0.355681416763,0.0,-0.100599111148,0.343004892657,0.0,0.254980551325,0.682711379766,0.0,-0.015709077165,0.594417446016,0.0,0.240518599301,0.708024064972,0.0,0.035871315833,0.619565433224,0.0,0.27934999825,0.880152667124,0.0,0.014213176191,0.744109579937,0.0,0.539899125695,0.45291224122,-0.00023300387,-0.422340411159
2017,1,0.188624502063,-0.009750864802,0.0,-0.188624502063,0.009750864802,0.0,0.247345482664,0.378842395284,0.0,-0.106590074708,0.362933795419,0.0,0.276412017097,0.731047084901,0.0,-0.01465687904,0.631838472083,0.0,0.259655361546,0.758377387008,0.0,0.043824055863,0.657414030313,0.0,0.300473632723,0.947921610904,0.0,0.017814345104,0.792196100917,0.0,0.540421262383,0.454635635018,-0.000248247758,-0.394433138809
2018,1,0.195534295108,-0.009527334052,0.0,-0.195534295108,0.009527334052,0.0,0.256011391938,0.397256201691,0.0,-0.109999488496,0.374915776041,0.0,0.28932128677,0.761594557832,0.0,-0.014338210688,0.652154261393,0.0,0.271993656255,0.786390744778,0.0,0.046826176611,0.677850700949,0.0,0.312833669947,0.990121184329,0.0,0.019342390217,0.81955331273,0.0,0.540938094258,0.455248191953,-0.000262930989,-0.380501972176
2019,1,0.195959255641,-0.00963586916,0.0,-0.195959255641,0.00963586916,0.0,0.255963995538,0.401473485112,0.0,-0.109700755079,0.37608950662,0.0,0.292512395058,0.770140884632,0.0,-0.013431064082,0.654598904472,0.0,0.278455415171,0.797419450618,0.0,0.047842740964,0.680185750822,0.0,0.309667555881,0.999024303142,0.0,0.019736650386,0.82255255916,0.0,0.541239470243,0.455570563674,-0.000278219581,-0.378721339717
2020,1,0.1860223973,-0.009007192726,0.0,-0.1860223973,0.009007192726,0.0,0.244144747323,0.382930682589,0.0,-0.103563656799,0.356655310247,0.0,0.279181597684,0.730065278088,0.0,-0.012096675109,0.620023432777,0.0,0.264822227871,0.757456514236,0.0,0.045905326382,0.643659974445,0.0,0.294515213957,0.949852703126,0.0,0.020409111558,0.781164650924,0.0,0.54156537354,0.456108242273,-0.000269941986,-0.397946954968
2021,1,0.201789531076,-0.01002252665,0.0,-0.201789531076,0.01002252665,0.0,0.264015788099,0.415959184755,0.0,-0.112390312026,0.386816342734,0.0,0.302913479103,0.797387787821,0.0,-0.013606236723,0.6710670178,0.0,0.286681765511,0.825805928635,0.0,0.049649430968,0.693943316283,0.0,0.319762009843,1.030941735425,0.0,0.022200214206,0.847433633764,0.0,0.541579246521,0.456240996718,-0.000271931291,-0.366575767886
2022,1,0.201868550666,-0.01017329383,0.0,-0.201868550666,0.01017329383,0.0,0.263025603794,0.416462228661,0.0,-0.112471656872,0.387733136777,0.0,0.302832677236,0.795455825763,0.0,-0.01346445384,0.672700864709,0.0,0.286014717407,0.824072507808,0.0,0.049834649307,0.696756570382,0.0,0.31985365802,1.027710984747,0.0,0.022365979184,0.849178293821,0.0,0.541549623013,0.456078097224,-0.000269889832,-0.366398615001
2023,1,0.201133736279,-0.010267654738,0.0,-0.201133736279,0.010267654738,0.0,0.262670605312,0.416239826934,0.0,-0.11156621972,0.387726494018,0.0,0.303104352214,0.798578105885,0.0,-0.012684692904,0.672034843409,0.0,0.285464343573,0.827661929436,0.0,0.051422711171,0.695532727793,0.0,0.319320812246,1.027698343615,0.0,0.022463048455,0.848079326693,0.0,0.541657686234,0.455746248364,-0.000266611576,-0.367245864575
2024,1,0.216517191961,-0.011245527774,0.0,-0.216517191961,0.011245527774,0.0,0.28252127881,0.445601184272,0.0,-0.119880255152,0.414924507245,0.0,0.326345290215,0.857098755361,0.0,-0.013524535262,0.721244974789,0.0,0.30697023437,0.888317945126,0.0,0.05548842816,0.747988565418,0.0,0.344118562794,1.103544988713,0.0,0.025144732077,0.912157075859,0.0,0.541700974107,0.455825135112,-0.000270476565,-0.341359046729
2025,1,0.212201568836,-0.01118069039,0.0,-0.212201568836,0.01118069039,0.0,0.276594322575,0.437248051411,0.0,-0.115989111125,0.407309829416,0.0,0.320776119563,0.841432787865,0.0,-0.012814451323,0.707838839501,0.0,0.300437408919,0.871541291338,0.0,0.054890662218,0.734033949453,0.0,0.338647203444,1.083539848714,0.0,0.025075145569,0.895244473051,0.0,0.541688427329,0.455603018403,-0.000270338729,-0.34828580484
2026,1,0.203311068697,-0.010697582021,0.0,-0.203311068697,0.010697582021,0.0,0.264487711015,0.418210587313,0.0,-0.110089229859,0.389924466701,0.0,0.306920086476,0.804667213929,0.0,-0.011882757418,0.677989992681,0.0,0.286307012053,0.835848245653,0.0,0.052051676403,0.704838077543,0.0,0.323185715727,1.036676867867,0.0,0.024902649223,0.857121935155,0.0,0.54150365293,0.455596134067,-0.000266848132,-0.363836275817
2027,1,0.202349473709,-0.010645819768,0.0,-0.202349473709,0.010645819768,0.0,0.262865143924,0.416826044621,0.0,-0.108057332746,0.388736683821,0.0,0.305876528901,0.805933108994,0.0,-0.011432516382,0.675813554242,0.0,0.284800288562,0.838742975843,0.0,0.051815052063,0.70362746516,0.0,0.321760343131,1.033350276238,0.0,0.024998504703,0.850615387973,0.0,0.541425332427,0.455592080951,-0.000267554075,-0.365266593496
2028,1,0.201646139749,-0.010503048648,0.0,-0.201646139749,0.010503048648,0.0,0.261692482556,0.415011675945,0.0,-0.106818963129,0.386662628566,0.0,0.304906801985,0.802083031832,0.0,-0.011030639303,0.673544994588,0.0,0.282654691852,0.834967822762,0.0,0.052561447552,0.703025377085,0.0,0.320331077118,1.028768129091,0.0,0.024911032117,0.8471972953,0.0,0.54137827456,0.455632001162,-0.00026749447,-0.366689163419
2029,1,0.200774329537,-0.010127888964,0.0,-0.200774329537,0.010127888964,0.0,0.260342797312,0.413056437558,0.0,-0.10321892432,0.385120715063,0.0,0.30352786888,0.798934141625,0.0,-0.010426776012,0.669402070739,0.0,0.281268289389,0.831277709654,0.0,0.053247858426,0.699648129015,0.0,0.318750756315,1.025041161394,0.0,0.024888587859,0.84432046552,0.0,0.541367441416,0.455336526036,-0.000263944268,-0.368282528843
2030,1,0.202479821121,-0.010149435443,0.0,-0.202479821121,0.010149435443,0.0,0.26251314865,0.416006721199,0.0,-0.10389736056,0.388000145603,0.0,0.306337396135,0.802668195416,0.0,-0.010376111037,0.674532786924,0.0,0.283445078972,0.836454978265,0.0,0.053705956811,0.704964689365,0.0,0.32183253987,1.031053711309,0.0,0.025798620648,0.849564376672,0.0,0.54135774076,0.45536378026,-0.000267636031,-0.365173633558
2031,1,0.200418362658,-0.010077895871,0.0,-0.200418362658,0.010077895871,0.0,0.258644313587,0.410890250862,0.0,-0.102176419301,0.383649553835,0.0,0.302649292404,0.793326009205,0.0,-0.009850009127,0.667375975045,0.0,0.281165398663,0.825735313172,0.0,0.055007171705,0.69756612693,0.0,0.317039484949,1.019736654625,0.0,0.025358170142,0.840327004726,0.0,0.541189655662,0.455377176404,-0.000271037221,-0.369313970138
2032,1,0.200406779856,-0.009812615166,0.0,-0.200406779856,0.009812615166,0.0,0.257966468829,0.412367146819,0.0,-0.103251907281,0.385000343459,0.0,0.301934224761,0.793490891106,0.0,-0.010839033773,0.667270627198,0.0,0.280022520637,0.822667207338,0.0,0.054326841725,0.69726749705,0.0,0.316159899036,1.021259590075,0.0,0.02447270493,0.841519273363,0.0,0.540814861655,0.454879805446,-0.000275079161,-0.369154187429
2033,1,0.192089057666,-0.009495271532,0.0,-0.192089057666,0.009495271532,0.0,0.247374940258,0.39502705848,0.0,-0.099003635646,0.367999573652,0.0,0.289438081158,0.760222443366,0.0,-0.010224127006,0.639636292922,0.0,0.268763647957,0.788170270186,0.0,0.052381251393,0.668190564626,0.0,0.302687896283,0.978546314437,0.0,0.018730831496,0.806306994548,0.0,0.540775075555,0.454840898514,-0.000270131975,-0.385278553397
2034,1,0.202352674568,-0.010461191935,0.0,-0.202352674568,0.010461191935,0.0,0.260469583469,0.415080149266,0.0,-0.10439316878,0.387759637146,0.0,0.304703084646,0.799104115069,0.0,-0.009953069563,0.672679813241,0.0,0.283005130562,0.82896911038,0.0,0.055749039902,0.70234235832,0.0,0.31885292144,1.029297201126,0.0,0.023498326719,0.848427479146,0.0,0.540750771761,0.455454543233,-0.000272285193,-0.365665023153
2035,1,0.200815873966,-0.01025433,0.0,-0.200815873966,0.01025433,0.0,0.258740445273,0.411027312837,0.0,-0.103423465447,0.383731625336,0.0,0.3025545368,0.791910425522,0.0,-0.009862408188,0.665625515117,0.0,0.281146576441,0.821709266827,0.0,0.055129620225,0.693430118431,0.0,0.316801995033,1.021293265163,0.0,0.023924747282,0.841309079239,0.0,0.540858641267,0.455896481872,-0.000272337347,-0.368345024815
2036,1,0.200580563255,-0.010225073891,0.0,-0.200580563255,0.010225073891,0.0,0.258382742945,0.410164661713,0.0,-0.103372004445,0.382966316644,0.0,0.302033803364,0.790199422867,0.0,-0.009792024771,0.664199137395,0.0,0.280959634992,0.820249048344,0.0,0.055052950041,0.691198390565,0.0,0.31622596918,1.019940323677,0.0,0.02386274776,0.839991789643,0.0,0.540875554085,0.455907836556,-0.000272702426,-0.368839328948
2037,1,0.198420793463,-0.009987418796,0.0,-0.198420793463,0.009987418796,0.0,0.255808983952,0.405868507814,0.0,-0.102114763261,0.378831891265,0.0,0.29883257234,0.777576399692,0.0,-0.009683354429,0.657078778136,0.0,0.278297990797,0.808207245797,0.0,0.054503177872,0.683860914722,0.0,0.313296103327,1.008911641031,0.0,0.023957744903,0.831229764844,0.0,0.540904164314,0.45595729351,-0.000280383974,-0.372646196229
2038,1,0.189251826391,-0.009526104276,0.0,-0.189251826391,0.009526104276,0.0,0.244465186735,0.386811678417,0.0,-0.097389609817,0.361355536034,0.0,0.284480904788,0.741099314474,0.0,-0.008432717158,0.628482691771,0.0,0.264551163913,0.769949324369,0.0,0.052882403191,0.653537868329,0.0,0.299015076801,0.962307644172,0.0,0.022860010723,0.79336096825,0.0,0.540896981955,0.455957576632,-0.000279948115,-0.390659244566
2039,1,0.189979343097,-0.009428779242,0.0,-0.189979343097,0.009428779242,0.0,0.245638545482,0.389273721725,0.0,-0.097111164112,0.36347159262,0.0,0.286305943681,0.746225386915,0.0,-0.008186406848,0.631216477418,0.0,0.26402910369,0.775110008906,0.0,0.053814103211,0.65689176505,0.0,0.303430002041,0.967350975288,0.0,0.023505272078,0.797648267946,0.0,0.541179448366,0.455489337444,-0.000275924802,-0.38908919059
2040,1,0.192846869141,-0.009576149377,0.0,-0.192846869141,0.009576149377,0.0,0.249077255476,0.396876481228,0.0,-0.098823300227,0.370549919233,0.0,0.289264863954,0.758519652118,0.0,-0.008632429135,0.644396023244,0.0,0.267314742415,0.788105872322,0.0,0.054209982631,0.673666892925,0.0,0.306473071033,0.982978973479,0.0,0.024717947945,0.81296090216,0.0,0.541071176529,0.45475435257,-0.000273361802,-0.383502850513
2041,1,0.198964292665,-0.010297868224,0.0,-0.198964292665,0.010297868224,0.0,0.256279036258,0.409193867429,0.0,-0.102513530095,0.381670261413,0.0,0.297650686984,0.78279708335,0.0,-0.008701635331,0.66505087239,0.0,0.271169114753,0.813312539003,0.0,0.055344529495,0.695108028745,0.0,0.316804359602,1.014170422099,0.0,0.028487613504,0.837394331713,0.0,0.540851458907,0.45458522439,-0.000284083188,-0.371830547995
2042,1,0.217784726941,-0.011840933334,0.0,-0.217784726941,0.011840933334,0.0,0.276896066141,0.448512702903,0.0,-0.115326240745,0.419129886287,0.0,0.321378390609,0.853825917761,0.0,-0.011928520942,0.723484339148,0.0,0.290409445211,0.888413690463,0.0,0.058551856371,0.753616053917,0.0,0.341387361383,1.108450413565,0.0,0.028419615814,0.915233112651,0.0,0.539727166295,0.453922390938,-0.000291679054,-0.340087161395
2043,1,0.218308294836,-0.01192409627,0.0,-0.218308294836,0.01192409627,0.0,0.277521492708,0.448227201617,0.0,-0.11291338797,0.423201552811,0.0,0.321655883575,0.853861149129,0.0,-0.011082145591,0.731384071749,0.0,0.2911139304,0.89013179538,0.0,0.059498595196,0.761900003791,0.0,0.342369144957,1.10378815338,0.0,0.028652476076,0.920907587114,0.0,0.53965677321,0.452988743782,-0.000290285796,-0.339012426569
2044,1,0.216402037876,-0.013006653235,0.0,-0.216402037876,0.013006653235,0.0,0.27284510712,0.448025154877,0.0,-0.114071608798,0.425277707592,0.0,0.316917576987,0.851246550355,0.0,-0.011628747501,0.73407210036,0.0,0.286575717354,0.888969480453,0.0,0.057334801651,0.76332891924,0.0,0.337528113763,1.086430661119,0.0,0.023849728227,0.921195976438,0.0,0.538807317615,0.45077316463,-0.000294689089,-0.341409174126
2045,1,0.217774794269,-0.013269031133,0.0,-0.217774794269,0.013269031133,0.0,0.274946338967,0.448835246978,0.0,-0.114627601099,0.429076551398,0.0,0.318381000571,0.845447728584,0.0,-0.011342638811,0.742075143025,0.0,0.286298127196,0.878478710378,0.0,0.057995872051,0.771177505579,0.0,0.35427513431,1.075104097562,0.0,0.023929070592,0.930647283045,0.0,0.538671016693,0.450625479221,-0.000294487923,-0.338758333875
2046,1,0.220616145014,-0.013472436229,0.0,-0.220616145014,0.013472436229,0.0,0.278601423468,0.455317561893,0.0,-0.115051392672,0.437033487128,0.0,0.321083093396,0.848252711726,0.0,-0.01127688052,0.758134379433,0.0,0.285490449012,0.877587634242,0.0,0.058942895472,0.786998589937,0.0,0.360410832247,1.078887144697,0.0,0.024407479548,0.945840876083,0.0,0.538543239236,0.449897512794,-0.00029133074,-0.334040875688
2047,1,0.218290316336,-0.013636871686,0.0,-0.218290316336,0.013636871686,0.0,0.275442467488,0.448170692528,0.0,-0.113641758655,0.432916136559,0.0,0.316834599724,0.828568117676,0.0,-0.011604744829,0.749935334773,0.0,0.279982814201,0.857826052271,0.0,0.05802672288,0.77796519991,0.0,0.358658108556,1.049898443928,0.0,0.026010130105,0.935050136136,0.0,0.538380920887,0.449762061238,-0.000275783241,-0.337902334617
2048,1,0.216851301963,-0.013531786239,0.0,-0.216851301963,0.013531786239,0.0,0.274232642705,0.443463395323,0.0,-0.112206633126,0.43101974312,0.0,0.314762514509,0.818156290299,0.0,-0.011427926104,0.748406552548,0.0,0.277280521865,0.846524081721,0.0,0.058125044283,0.776525187076,0.0,0.360045465818,1.030556409613,0.0,0.026111362113,0.928859046056,0.0,0.538369715214,0.449784860015,-0.000269748271,-0.340178445865
2049,1,0.222899828961,-0.013659448832,0.0,-0.222899828961,0.013659448832,0.0,0.28666407637,0.455608138623,0.0,-0.11578092462,0.442876877629,0.0,0.323650489841,0.832044147767,0.0,-0.012603270816,0.769057121955,0.0,0.284830766858,0.862051785253,0.0,0.058031990344,0.798498376997,0.0,0.373190662967,1.052337365063,0.0,0.029876854139,0.954004506682,0.0,0.538257673383,0.449990674853,-0.000259658322,-0.33076130877
2050,1,0.220804999585,-0.013192063359,0.0,-0.220804999585,0.013192063359,0.0,0.287686082393,0.448667037469,0.0,-0.115051475055,0.436088565704,0.0,0.319474804046,0.815187946878,0.0,-0.015962958362,0.760278024926,0.0,0.279890373356,0.848339443212,0.0,0.053715745762,0.790830832796,0.0,0.369612564708,1.024000805453,0.0,0.029127359988,0.942761189372,0.0,0.538103029132,0.450110331178,-0.000254688784,-0.334527880736
2051,1,0.220033917243,-0.013089320186,0.0,-0.220033917243,0.013089320186,0.0,0.289329597306,0.444759268793,0.0,-0.115127350285,0.433264872862,0.0,0.31794187593,0.802315549934,0.0,-0.016266380173,0.7580356427,0.0,0.275133981032,0.835194133269,0.0,0.053331606375,0.789782441709,0.0,0.369764436537,1.009790160241,0.0,0.02826379136,0.939603368759,0.0,0.537977725267,0.450142502785,-0.00026157964,-0.335577006853
2052,1,0.234684398153,-0.013822728241,0.0,-0.234684398153,0.013822728241,0.0,0.311797606674,0.472250693771,0.0,-0.123333083104,0.461233386743,0.0,0.337809269483,0.844355781465,0.0,-0.017637607634,0.806902836356,0.0,0.29140085116,0.878909624314,0.0,0.05623883092,0.840663935252,0.0,0.3934056148,1.05925046027,0.0,0.029927785796,0.999895056608,0.0,0.537798687816,0.450139909983,-0.000262004323,-0.315262291972
2053,1,0.22256072611,-0.012552286646,0.0,-0.22256072611,0.012552286646,0.0,0.299201148007,0.447491197641,0.0,-0.118201996903,0.437528277566,0.0,0.319153285254,0.793397650834,0.0,-0.018063009423,0.769062334951,0.0,0.273166303679,0.82650847861,0.0,0.049519633103,0.800027750394,0.0,0.373578763021,0.986293052295,0.0,0.027171049458,0.948753901037,0.0,0.537416741252,0.450332567096,-0.000267109834,-0.332054917049
2054,1,0.221770838584,-0.011938750173,0.0,-0.221770838584,0.011938750173,0.0,0.299702350605,0.446950103848,0.0,-0.120263691743,0.437574610675,0.0,0.314584581032,0.778240839352,0.0,-0.020126281019,0.768557115208,0.0,0.26613969165,0.806570475175,0.0,0.046637909971,0.79740746234,0.0,0.371911596794,0.97975091569,0.0,0.025372304003,0.94863249785,0.0,0.536678791046,0.45015861094,-0.000271386467,-0.33241430654
2055,1,0.228334189256,-0.012155517582,0.0,-0.228334189256,0.012155517582,0.0,0.30803087068,0.459287455947,0.0,-0.124388153338,0.450514049024,0.0,0.318154060883,0.793597795741,0.0,-0.021319292156,0.792395714156,0.0,0.264928436664,0.824907051539,0.0,0.046469331954,0.820895503007,0.0,0.381099138898,0.996456208564,0.0,0.022794280742,0.975878467428,0.0,0.536447316408,0.450132995844,-0.000273683108,-0.323241520515
2056,1,0.261051559153,-0.013816726489,0.0,-0.261051559153,0.013816726489,0.0,0.348720145297,0.526112216088,0.0,-0.150323643539,0.51511279488,0.0,0.352698848299,0.897743628636,0.0,-0.030959170406,0.90828400939,0.0,0.290976725608,0.93122017393,0.0,0.046116703103,0.93964232932,0.0,0.429478703091,1.136318645168,0.0,0.01941200885,1.120325811084,0.0,0.534603640437,0.450163409114,-0.000279711559,-0.281896035004
2057,1,0.252108180341,-0.013149819864,0.0,-0.252108180341,0.013149819864,0.0,0.334211436577,0.507719401936,0.0,-0.146233660359,0.498578318925,0.0,0.333190251798,0.856315975708,0.0,-0.032074995642,0.876557265856,0.0,0.272314070777,0.887715826408,0.0,0.041373184004,0.90526918683,0.0,0.409185272404,1.086020116919,0.0,0.014673231682,1.082107377556,0.0,0.533844172955,0.450130045414,-0.000277090818,-0.292132484955
2058,1,0.226573827004,-0.011211096419,0.0,-0.226573827004,0.011211096419,0.0,0.295427183494,0.455545614474,0.0,-0.135187674356,0.447854795744,0.0,0.28885438227,0.765900175064,0.0,-0.032770098505,0.787266833495,0.0,0.231322085135,0.797110437427,0.0,0.031679525992,0.813044451101,0.0,0.362917713146,0.966974265009,0.0,0.009137124087,0.970390983593,0.0,0.532463952899,0.449757546186,-0.000279322267,-0.325767870281
2059,1,0.220431683974,-0.010276369812,0.0,-0.220431683974,0.010276369812,0.0,0.283673775849,0.443561174591,0.0,-0.133926123168,0.436909300116,0.0,0.273609337727,0.745416069286,0.0,-0.034185437214,0.767603124863,0.0,0.21436177499,0.77783912249,0.0,0.027280456768,0.792930655168,0.0,0.34885916903,0.936701620291,0.0,0.003443756285,0.944427234464,0.0,0.531000167131,0.449529618025,-0.000283175148,-0.334399836751
2060,1,0.215628210994,-0.009515842705,0.0,-0.215628210994,0.009515842705,0.0,0.271621014275,0.435006937043,0.0,-0.135613369732,0.429675907214,0.0,0.259689253104,0.730829173276,0.0,-0.038317696463,0.755260549432,0.0,0.201158360464,0.76315673013,0.0,0.021696324547,0.78091328421,0.0,0.332778800064,0.919866342001,0.0,-0.004045038864,0.928784554472,0.0,0.529348790646,0.449249476194,-0.000294139609,-0.340295782709
2061,1,0.210247398312,-0.009068825457,0.0,-0.210247398312,0.009068825457,0.0,0.25996269776,0.422766148102,0.0,-0.135189898146,0.419632783867,0.0,0.244639963773,0.710135526961,0.0,-0.042453700913,0.735189620897,0.0,0.186594523803,0.741508312855,0.0,0.014130949644,0.756914290984,0.0,0.317445598769,0.894431905611,0.0,-0.004971615411,0.905650891382,0.0,0.527572140098,0.449001342058,-0.000280995853,-0.348702755767
2062,1,0.213542015249,-0.008996634011,0.0,-0.213542015249,0.008996634011,0.0,0.256344385533,0.428590525139,0.0,-0.14354215099,0.425146390034,0.0,0.236044010235,0.715778926715,0.0,-0.050720185491,0.743579070596,0.0,0.175418314519,0.747079592982,0.0,0.005769112813,0.766669748792,0.0,0.314506043833,0.906514195414,0.0,-0.012686183911,0.918785802687,0.0,0.524995952845,0.449027359486,-0.000289300922,-0.343543957279
2063,1,0.206449335431,-0.008501385916,0.0,-0.206449335431,0.008501385916,0.0,0.245254558594,0.417035051514,0.0,-0.142164220521,0.414492110006,0.0,0.222340436996,0.700250723131,0.0,-0.052931290299,0.72511398792,0.0,0.164247548687,0.730518626406,0.0,0.000695723973,0.74919549858,0.0,0.303058199566,0.885933477956,0.0,-0.015528844852,0.89574742618,0.0,0.523778036237,0.4489364326,-0.000292060897,-0.352479459359
2064,1,0.192812658687,-0.00777390566,0.0,-0.192812658687,0.00777390566,0.0,0.224204582529,0.389847807546,0.0,-0.138187551711,0.388135123226,0.0,0.199011137201,0.653109522989,0.0,-0.056736728381,0.678748291592,0.0,0.141702602961,0.680405993818,0.0,-0.008223190182,0.700741129378,0.0,0.275560869307,0.828140346448,0.0,-0.022967740039,0.839346869829,0.0,0.521355882287,0.448953911662,-0.000288365409,-0.376173587751
2065,1,0.186913607357,-0.005554026579,0.0,-0.186913607357,0.005554026579,0.0,0.213213453171,0.382812827027,0.0,-0.137644652146,0.379542925273,0.0,0.188134170476,0.642367702771,0.0,-0.061077032665,0.665885330294,0.0,0.131446946861,0.669370243103,0.0,-0.01369534512,0.687640145793,0.0,0.263275735711,0.813733681142,0.0,-0.028761598562,0.822637987079,0.0,0.519133999944,0.447790101171,-0.000288004056,-0.385053928509
2066,1,0.185129238716,-0.005376415236,0.0,-0.185129238716,0.005376415236,0.0,0.202241473294,0.37589590042,0.0,-0.140749654494,0.374126558726,0.0,0.176223975722,0.636699284829,0.0,-0.069653592412,0.659135847904,0.0,0.118606629461,0.663408720837,0.0,-0.022936572793,0.680701211501,0.0,0.251941558921,0.8044862424,0.0,-0.043677733614,0.814020756046,0.0,0.515480205417,0.447580978274,-0.000284705777,-0.389359775263
2067,1,0.196084672289,-0.005160562475,0.0,-0.196084672289,0.005160562475,0.0,0.207614486337,0.397287990481,0.0,-0.150841367065,0.394808831961,0.0,0.180409333542,0.674256324282,0.0,-0.078489471209,0.697626313382,0.0,0.119321320673,0.702167896993,0.0,-0.027965975071,0.721751611553,0.0,0.263018141727,0.851974484145,0.0,-0.055207044774,0.860814908197,0.0,0.513048261404,0.447860732675,-0.00028778566,-0.367582551371
2068,1,0.188900933513,-0.004403021614,0.0,-0.188900933513,0.004403021614,0.0,0.199762580322,0.383194414539,0.0,-0.146954792574,0.380307408411,0.0,0.169867070268,0.650210637173,0.0,-0.080176226228,0.672477322946,0.0,0.111112244412,0.676601236449,0.0,-0.030990451521,0.694249402637,0.0,0.248659089689,0.824251583532,0.0,-0.058430814165,0.833276850355,0.0,0.511337757111,0.447636410594,-0.000284432899,-0.379965900135
2069,1,0.185074519604,-0.004307317754,0.0,-0.185074519604,0.004307317754,0.0,0.190539475383,0.374079718013,0.0,-0.147808487166,0.372059955128,0.0,0.158391057334,0.637251300099,0.0,-0.087524263071,0.661075674429,0.0,0.100584514649,0.663734447044,0.0,-0.041460043232,0.681982135013,0.0,0.235558979674,0.806392331232,0.0,-0.065540636626,0.81713492297,0.0,0.508156388998,0.44765637815,-0.000289154239,-0.387564206454
2070,1,0.187251863205,-0.004283335798,0.0,-0.187251863205,0.004283335798,0.0,0.187754215099,0.378775623898,0.0,-0.151967400677,0.376493408739,0.0,0.152402056452,0.645111922607,0.0,-0.094728853124,0.667063828906,0.0,0.095570852791,0.672128588016,0.0,-0.048476062986,0.688711024856,0.0,0.230630058231,0.816109675152,0.0,-0.071884603031,0.826926892573,0.0,0.505767688155,0.447679772973,-0.000282884575,-0.383006007225
2071,1,0.219439719115,-0.004267417248,0.0,-0.219439719115,0.004267417248,0.0,0.215752774868,0.447693358639,0.0,-0.182999046586,0.444557427816,0.0,0.171178321916,0.761822954083,0.0,-0.120221878052,0.787333847697,0.0,0.103559779114,0.794094316184,0.0,-0.066015703123,0.813223769532,0.0,0.263934695447,0.963734866462,0.0,-0.09235642075,0.976403770022,0.0,0.502971589565,0.447410970926,-0.000284406357,-0.324734636453
2072,1,0.259789656593,-0.004566054109,0.0,-0.259789656593,0.004566054109,0.0,0.251955663898,0.531641137792,0.0,-0.216079283353,0.527597063111,0.0,0.198404396774,0.902849037336,0.0,-0.149470635783,0.934781307133,0.0,0.117317639523,0.942705898948,0.0,-0.084313534218,0.965618329391,0.0,0.306045516659,1.144503243672,0.0,-0.11714221262,1.159264148926,0.0,0.501013711095,0.44725446403,-0.000296301208,-0.273684028153
2073,1,0.277688129677,-0.004844151502,0.0,-0.277688129677,0.004844151502,0.0,0.263420920902,0.565550460103,0.0,-0.235662318158,0.560034275533,0.0,0.201656078097,0.960519190227,0.0,-0.166626846642,0.993254914822,0.0,0.114952113582,1.002870014636,0.0,-0.098989417034,1.027119729102,0.0,0.316883109033,1.217560140517,0.0,-0.132455088613,1.232127806682,0.0,0.498464599252,0.447251319885,-0.000311671058,-0.257298461138
2074,1,0.292026939266,-0.005050515989,0.0,-0.292026939266,0.005050515989,0.0,0.27481701955,0.58915154067,0.0,-0.248935602095,0.585149087193,0.0,0.203551435016,1.001014717303,0.0,-0.180987215709,1.036943718275,0.0,0.113201841071,1.043127741597,0.0,-0.111063539027,1.07317135192,0.0,0.322654240721,1.274275489763,0.0,-0.145051912424,1.289234271796,0.0,0.496603652835,0.447240069509,-0.000322057516,-0.245897147933
2075,1,0.283518427582,-0.004689827706,0.0,-0.283518427582,0.004689827706,0.0,0.268647681512,0.567379784448,0.0,-0.246229207326,0.563063144492,0.0,0.189522495963,0.968594615101,0.0,-0.181443954599,0.998332588815,0.0,0.1023736565,1.00945386525,0.0,-0.113965463814,1.034089182572,0.0,0.30452484001,1.23323375352,0.0,-0.147752442523,1.246635673888,0.0,0.494700223207,0.447282612324,-0.00032618735,-0.254110671488
2076,1,0.266544733664,-0.004048021308,0.0,-0.266544733664,0.004048021308,0.0,0.246564666316,0.538673689356,0.0,-0.23946193558,0.534266041746,0.0,0.170176901938,0.919894037537,0.0,-0.182191001901,0.947742821841,0.0,0.086921855232,0.958377167428,0.0,-0.118740326402,0.981703918033,0.0,0.278491069885,1.170959929966,0.0,-0.150160004049,1.183272012366,0.0,0.491898059845,0.447137594223,-0.000322955893,-0.267836655481
2077,1,0.282774248353,-0.004180942043,0.0,-0.282774248353,0.004180942043,0.0,0.255366823064,0.571677438141,0.0,-0.251323325632,0.566492156865,0.0,0.174007893336,0.978755492366,0.0,-0.196829731132,1.007985300716,0.0,0.08732032358,1.022916138243,0.0,-0.128634967067,1.047184456369,0.0,0.294924375594,1.244676985157,0.0,-0.166592389913,1.257442064662,0.0,0.490148112178,0.447205156088,-0.000334680837,-0.251958213876
2078,1,0.275272909903,-0.004043948218,0.0,-0.275272909903,0.004043948218,0.0,0.245954643949,0.552663417163,0.0,-0.244204563488,0.548154062302,0.0,0.16492855808,0.950030374825,0.0,-0.194725600144,0.978726415451,0.0,0.08319073457,0.992848704074,0.0,-0.128769485813,1.01735258475,0.0,0.281681073374,1.207720484547,0.0,-0.166895992796,1.220691277606,0.0,0.489099785686,0.447205558419,-0.000331413583,-0.25969401213
2079,1,0.29055753931,-0.003807012139,0.0,-0.29055753931,0.003807012139,0.0,0.257561496327,0.582696186449,0.0,-0.255775347093,0.57809759095,0.0,0.170931926251,1.003103735182,0.0,-0.208648281575,1.035952506843,0.0,0.084926200405,1.048489947086,0.0,-0.138838283453,1.077343257448,0.0,0.293867752957,1.275143177319,0.0,-0.179501155235,1.288832628107,0.0,0.488269105554,0.447084724903,-0.000330193201,-0.246073867846
2080,1,0.291423271561,-0.003694770402,0.0,-0.291423271561,0.003694770402,0.0,0.255525228518,0.581260516258,0.0,-0.258648000122,0.576875131743,0.0,0.167042190267,1.001267197102,0.0,-0.211788911583,1.03401227116,0.0,0.081651243081,1.047806918135,0.0,-0.143287239016,1.076400214621,0.0,0.28964416264,1.271927534354,0.0,-0.184568025686,1.286269841038,0.0,0.486891284585,0.447073981166,-0.000333550153,-0.246729360464
2081,1,0.293105726961,-0.003698980209,0.0,-0.293105726961,0.003698980209,0.0,0.251448015439,0.58382329592,0.0,-0.265139741362,0.57912106987,0.0,0.159800322532,1.005388083572,0.0,-0.220184481354,1.038260982353,0.0,0.07420290475,1.05335859844,0.0,-0.151713240688,1.081108013413,0.0,0.282968136,1.276976864058,0.0,-0.19351864707,1.291427678511,0.0,0.484881266952,0.447076484561,-0.000330312498,-0.245771778123
2082,1,0.278238972587,-0.00232067897,0.0,-0.278238972587,0.00232067897,0.0,0.238525174834,0.55743173193,0.0,-0.250716550487,0.55336131773,0.0,0.15118695341,0.960005860823,0.0,-0.206625324886,0.991568203668,0.0,0.074665014533,1.00598883568,0.0,-0.140460303139,1.032407487119,0.0,0.268412225751,1.21845683357,0.0,-0.185307165792,1.232140078401,0.0,0.484567984939,0.446561738849,-0.000339428661,-0.258016454657
2083,1,0.294037942745,-0.002463119771,0.0,-0.294037942745,0.002463119771,0.0,0.249630648504,0.5887283328,0.0,-0.264309919861,0.584299207592,0.0,0.158334637071,1.013854556725,0.0,-0.220217074231,1.046947435985,0.0,0.077242281713,1.06225108978,0.0,-0.149972402797,1.08984764649,0.0,0.279759022916,1.28652359932,0.0,-0.198816753624,1.29988296745,0.0,0.483836218715,0.446601212025,-0.000337907579,-0.244238906562
2084,1,0.287613877728,-0.002305622366,0.0,-0.287613877728,0.002305622366,0.0,0.242704410448,0.574666960602,0.0,-0.25693913799,0.570063580821,0.0,0.153698187513,0.98948879765,0.0,-0.216237062113,1.022084730473,0.0,0.074889112164,1.0361498849,0.0,-0.147834151385,1.063834751516,0.0,0.271359645213,1.256211219959,0.0,-0.195494802435,1.268408090974,0.0,0.483573496342,0.446661472321,-0.000325490721,-0.250090969829
2085,1,0.284429955,-0.002228224927,0.0,-0.284429955,0.002228224927,0.0,0.239622653683,0.568055397574,0.0,-0.254007392411,0.563495040858,0.0,0.15205320198,0.977732351307,0.0,-0.215355453483,1.010213966201,0.0,0.072985263635,1.023105956803,0.0,-0.149374831792,1.050099121717,0.0,0.264818536187,1.241724580544,0.0,-0.195623516846,1.253633343631,0.0,0.483292609453,0.44667956233,-0.000322250882,-0.252973171021
2086,1,0.284590339774,-0.002188156966,0.0,-0.284590339774,0.002188156966,0.0,0.238138794072,0.568032231248,0.0,-0.254065058498,0.563120991327,0.0,0.150308256392,0.979024946153,0.0,-0.21683736536,1.010194776154,0.0,0.071358808883,1.025367222359,0.0,-0.150987658318,1.049859131937,0.0,0.263085796968,1.241577171226,0.0,-0.196837750807,1.252910819928,0.0,0.482904478908,0.446693196893,-0.00032302062,-0.253104081017
2087,1,0.283713385311,-0.002205930897,0.0,-0.283713385311,0.002205930897,0.0,0.236471905265,0.565804101219,0.0,-0.25417971008,0.561354310402,0.0,0.148734205218,0.975771288417,0.0,-0.217302834897,1.007496157417,0.0,0.070267039704,1.021580624883,0.0,-0.151584635953,1.047099225232,0.0,0.26110428164,1.238316696826,0.0,-0.197530657819,1.249089244194,0.0,0.482593640685,0.446671113372,-0.0003230148,-0.253793773908
2088,1,0.289991093286,-0.002301688169,0.0,-0.289991093286,0.002301688169,0.0,0.242100151618,0.578673755535,0.0,-0.259950318898,0.573864426351,0.0,0.15196497892,0.99781937925,0.0,-0.221600578115,1.031255073135,0.0,0.071973133967,1.044802327061,0.0,-0.155396645689,1.072179524708,0.0,0.267558925531,1.266457785905,0.0,-0.201935263746,1.279345270191,0.0,0.482605546713,0.44666133821,-0.000337448437,-0.248168374705
2089,1,0.289311606968,-0.00233220186,0.0,-0.289311606968,0.00233220186,0.0,0.24025144126,0.577608660566,0.0,-0.259906104804,0.572905171004,0.0,0.150536724074,0.994961290882,0.0,-0.222339574664,1.029553460352,0.0,0.071023651542,1.040826728502,0.0,-0.156133912621,1.070421904907,0.0,0.263068581076,1.264378803547,0.0,-0.20327311708,1.276761342291,0.0,0.482320219278,0.446673154831,-0.000333870994,-0.248569725084
2090,1,0.290269769571,-0.002342788159,0.0,-0.290269769571,0.002342788159,0.0,0.240387920054,0.579262037259,0.0,-0.260677896311,0.574495903176,0.0,0.150331311562,0.996878785458,0.0,-0.222980709458,1.03220060034,0.0,0.07191517999,1.042354004951,0.0,-0.156433983144,1.073325219539,0.0,0.260328492031,1.26801169706,0.0,-0.204715498538,1.28035843714,0.0,0.482163026929,0.446674585342,-0.00032446254,-0.247866308167
2091,1,0.287094052057,-0.002354640488,0.0,-0.287094052057,0.002354640488,0.0,0.238328106441,0.573606244751,0.0,-0.257662385272,0.568856605652,0.0,0.148592833031,0.987067709402,0.0,-0.22085863478,1.022293802551,0.0,0.071007735498,1.032535955924,0.0,-0.155377759628,1.06288978795,0.0,0.260202685028,1.255399460797,0.0,-0.202003415197,1.268124055379,0.0,0.482098892331,0.446663931012,-0.000325348694,-0.250333431488
2092,1,0.273508834735,-0.002266502841,0.0,-0.273508834735,0.002266502841,0.0,0.226810094311,0.546728229705,0.0,-0.244985572713,0.542255585433,0.0,0.140618540346,0.941037320285,0.0,-0.210027920619,0.974308029837,0.0,0.067011092137,0.98453883486,0.0,-0.148308379655,1.013153546686,0.0,0.246886049414,1.196562823321,0.0,-0.192758657584,1.208173544622,0.0,0.482035115361,0.446670413017,-0.000324442983,-0.262665098543
2093,1,0.289101369981,-0.002444448651,0.0,-0.289101369981,0.002444448651,0.0,0.239891742711,0.578322085266,0.0,-0.258971150753,0.573664198233,0.0,0.148437957772,0.997425353573,0.0,-0.221923104041,1.033327109335,0.0,0.068143108826,1.046728585004,0.0,-0.156882373109,1.075124967166,0.0,0.262899525361,1.265564551827,0.0,-0.203924224026,1.279290281909,0.0,0.481995373964,0.446678683162,-0.000330820912,-0.248341647781
2094,1,0.288373641739,-0.002424292343,0.0,-0.288373641739,0.002424292343,0.0,0.239351923249,0.576650728413,0.0,-0.258320773217,0.57237788248,0.0,0.148029508903,0.995296965747,0.0,-0.219308217276,1.031057417822,0.0,0.070738646507,1.044714721624,0.0,-0.152472957399,1.072962674896,0.0,0.262397755436,1.262757726353,0.0,-0.203234702305,1.276363789525,0.0,0.481989383698,0.446633949876,-0.000336967874,-0.248931251588
2095,1,0.289603298276,-0.00243034202,0.0,-0.289603298276,0.00243034202,0.0,0.240614444744,0.578371664521,0.0,-0.259664342469,0.574934989745,0.0,0.14841059668,0.998257256395,0.0,-0.220450502438,1.035870875187,0.0,0.07106316218,1.048820109861,0.0,-0.153316506456,1.077944280741,0.0,0.263511416739,1.268413428246,0.0,-0.202817517386,1.281946748483,0.0,0.48196195066,0.446604982018,-0.000341110863,-0.247772050191
2096,1,0.267113046072,-0.001948787002,0.0,-0.267113046072,0.001948787002,0.0,0.222599934282,0.535958742162,0.0,-0.238090269719,0.532703359339,0.0,0.138517094486,0.925757237443,0.0,-0.202779306606,0.958831749225,0.0,0.069608159365,0.97084456722,0.0,-0.141066977764,0.997178404025,0.0,0.243829783973,1.17336758601,0.0,-0.18675362674,1.185065194983,0.0,0.482099369168,0.446120411158,-0.00032826094,-0.268326681217
2097,1,0.26731812122,-0.00209810009,0.0,-0.26731812122,0.00209810009,0.0,0.222644480635,0.53664255065,0.0,-0.238046735633,0.53300532523,0.0,0.139285230463,0.926367087171,0.0,-0.202904892665,0.959798222894,0.0,0.070364976201,0.971205530851,0.0,-0.141374995939,0.997865848657,0.0,0.243861628922,1.174031133558,0.0,-0.186903323377,1.185626248144,0.0,0.482086017728,0.446095496416,-0.000322084874,-0.268179697139
2098,1,0.264238802002,-0.002057678954,0.0,-0.264238802002,0.002057678954,0.0,0.220669125182,0.531692490338,0.0,-0.234018837488,0.52824054523,0.0,0.138582151935,0.917996829014,0.0,-0.200844240129,0.949781282503,0.0,0.067180906606,0.961986978735,0.0,-0.147742635016,0.987014625078,0.0,0.243608587675,1.16192783421,0.0,-0.183314752368,1.17288695196,0.0,0.48236566782,0.445994928479,-0.000316569349,-0.271108751273
2099,1,0.26236914587,-0.002091305711,0.0,-0.26236914587,0.002091305711,0.0,0.219592443102,0.527575935415,0.0,-0.231677905515,0.522099882353,0.0,0.138808883052,0.911946529373,0.0,-0.198494001051,0.94181422439,0.0,0.068458024139,0.954862488947,0.0,-0.144891362971,0.978187622241,0.0,0.23748983247,1.153220450166,0.0,-0.180678726308,1.16401334334,0.0,0.482564106584,0.445847854018,-0.000306220725,-0.273290525908
2100,1,0.263989163893,-0.002419463233,0.0,-0.263989163893,0.002419463233,0.0,0.220464380903,0.530020934078,0.0,-0.232903730934,0.524881816272,0.0,0.139670135606,0.915525402754,0.0,-0.199040349031,0.946777767104,0.0,0.069454646296,0.958620244182,0.0,-0.144675335389,0.98390168542,0.0,0.238606269607,1.159688996079,0.0,-0.181136354012,1.170986368676,0.0,0.482720434666,0.445772483945,-0.000305881258,-0.27172321605
2101,1,0.286566237624,-0.002685726899,0.0,-0.286566237624,0.002685726899,0.0,0.240911621859,0.57599735391,0.0,-0.25080811783,0.570612550148,0.0,0.153912283512,0.995452064005,0.0,-0.213992490089,1.029034377888,0.0,0.078568537424,1.042053216132,0.0,-0.15547220309,1.069243519067,0.0,0.261584161944,1.26027222172,0.0,-0.194399747624,1.272288620624,0.0,0.483301058412,0.445782661438,-0.000311137643,-0.250027628795
2102,1,0.282652713513,-0.003393187297,0.0,-0.282652713513,0.003393187297,0.0,0.238557157208,0.567764720352,0.0,-0.247859635051,0.562746863357,0.0,0.154342739198,0.979616901019,0.0,-0.209988470293,1.014858342682,0.0,0.078670628158,1.024344070752,0.0,-0.151813697871,1.054370996639,0.0,0.258243853805,1.241620266147,0.0,-0.195458303359,1.25835343485,0.0,0.483678653836,0.445968031883,-0.000310455915,-0.253380412997
2103,1,0.281289868172,-0.003208233952,0.0,-0.281289868172,0.003208233952,0.0,0.239135602102,0.563647663941,0.0,-0.246746270055,0.558845093857,0.0,0.154564099967,0.973125565773,0.0,-0.207167470044,1.008942899185,0.0,0.080177560484,1.018101751742,0.0,-0.148497868272,1.048430098957,0.0,0.256149468007,1.234701176591,0.0,-0.192462937535,1.251613954252,0.0,0.48417685926,0.446349918842,-0.000310500618,-0.25442527576
2104,1,0.262317142874,-0.002914495545,0.0,-0.262317142874,0.002914495545,0.0,0.225474987545,0.524954454645,0.0,-0.230135923624,0.522806995037,0.0,0.145838767234,0.909056341248,0.0,-0.191785989161,0.945558772454,0.0,0.076488486244,0.950759914804,0.0,-0.137952040515,0.982863570469,0.0,0.241764107364,1.154573573036,0.0,-0.177832650707,1.171901584777,0.0,0.484736695886,0.445981279016,-0.000305887777,-0.272035441953
2105,1,0.282921931319,-0.003012041469,0.0,-0.282921931319,0.003012041469,0.0,0.245613442339,0.566419722726,0.0,-0.245095339348,0.564218699455,0.0,0.161779399197,0.982076607842,0.0,-0.199973300348,1.020901884329,0.0,0.089297840941,1.026397244995,0.0,-0.139759137156,1.061448900475,0.0,0.26082839623,1.244428812105,0.0,-0.187223553877,1.263062820962,0.0,0.485805049539,0.445590749383,-0.000311387703,-0.252579120327
2106,1,0.258580538568,-0.00279813241,0.0,-0.258580538568,0.00279813241,0.0,0.229653513262,0.519665193467,0.0,-0.220943016271,0.51690278466,0.0,0.152796454312,0.899774940273,0.0,-0.179321337937,0.936078781384,0.0,0.0864372633,0.939593550925,0.0,-0.124589313737,0.972523784856,0.0,0.239376503772,1.141400082485,0.0,-0.165956380208,1.158764135211,0.0,0.487161844969,0.445594668388,-0.000302731525,-0.27530163558
2107,1,0.282455159,-0.003146454198,0.0,-0.282455159,0.003146454198,0.0,0.252062694927,0.56695989954,0.0,-0.239696961088,0.563638111014,0.0,0.169082212018,0.982278629802,0.0,-0.195431950595,1.019508070002,0.0,0.095555614343,1.025710772724,0.0,-0.135120011885,1.05906585561,0.0,0.26662028496,1.24720348495,0.0,-0.180164758336,1.263777714921,0.0,0.487994804978,0.445603072643,-0.000307987444,-0.252411775078
2108,1,0.282086164434,-0.003887891641,0.0,-0.282086164434,0.003887891641,0.0,0.253721717088,0.563862502027,0.0,-0.235794693783,0.560583795356,0.0,0.171277547453,0.977627896991,0.0,-0.191174923612,1.014846640264,0.0,0.098538462486,1.021137748379,0.0,-0.130440864172,1.054504005432,0.0,0.269805541227,1.239242435214,0.0,-0.177278825144,1.257892505441,0.0,0.489077210426,0.445851325989,-0.000308193266,-0.253365127656
2109,1,0.267791704308,-0.003744121607,0.0,-0.267791704308,0.003744121607,0.0,0.245057685124,0.536819799354,0.0,-0.222334867668,0.533639852783,0.0,0.166569080663,0.930918549088,0.0,-0.178136881231,0.966490532789,0.0,0.096039752082,0.972598163015,0.0,-0.120600997153,1.004277994272,0.0,0.261955155902,1.180190604364,0.0,-0.163239030935,1.199253033131,0.0,0.490240439773,0.445836946368,-0.000308571383,-0.266051114057
2110,1,0.249150850966,-0.003571778672,0.0,-0.249150850966,0.003571778672,0.0,0.227762018319,0.497367875834,0.0,-0.202257598544,0.493461692762,0.0,0.158373260777,0.864561304986,0.0,-0.160385279567,0.894006290694,0.0,0.093450339876,0.903990369522,0.0,-0.107058289483,0.928829915885,0.0,0.247145874449,1.091400164179,0.0,-0.146153881684,1.108879499744,0.0,0.491620242596,0.445834726095,-0.000307753682,-0.287770433488
2111,1,0.231894430865,-0.003518358591,0.0,-0.231894430865,0.003518358591,0.0,0.214484630267,0.462192003842,0.0,-0.184790153167,0.458245309116,0.0,0.150898308993,0.803511744319,0.0,-0.144496545062,0.830178626573,0.0,0.090366996847,0.84017012242,0.0,-0.094091780173,0.862411089058,0.0,0.236115268413,1.014112299851,0.0,-0.131905405743,1.028484886558,0.0,0.492972910404,0.445920318365,-0.000308182556,-0.309826164031
2112,1,0.199465370544,-0.003091587676,0.0,-0.199465370544,0.003091587676,0.0,0.185713522668,0.40094845582,0.0,-0.159384570996,0.397321600343,0.0,0.134545909007,0.696900697082,0.0,-0.122612411449,0.720152453362,0.0,0.082056541391,0.728790660285,0.0,-0.078151852264,0.748047118627,0.0,0.208507979779,0.880027780372,0.0,-0.110041147999,0.891910383478,0.0,0.494290292263,0.445914164186,-0.000303635607,-0.357198394695
2113,1,0.21396430694,-0.003720367885,0.0,-0.21396430694,0.003720367885,0.0,0.204810809893,0.431217805271,0.0,-0.169351505347,0.42847160348,0.0,0.152229550583,0.750133577974,0.0,-0.124747684728,0.775757370416,0.0,0.095915080599,0.783715230585,0.0,-0.076721754322,0.805684306052,0.0,0.22840005281,0.947393455564,0.0,-0.110719764822,0.960143562694,0.0,0.496755182743,0.445634067059,-0.000303955283,-0.331838474902
2114,1,0.223700180014,-0.003959165259,0.0,-0.223700180014,0.003959165259,0.0,0.217117036495,0.449059755948,0.0,-0.170516634328,0.446176485383,0.0,0.168675022892,0.782720311695,0.0,-0.120392775256,0.808044900969,0.0,0.109982076965,0.81813092264,0.0,-0.0651122545,0.839671078987,0.0,0.246522486297,0.986821332828,0.0,-0.106558052859,0.99665423582,0.0,0.49949760735,0.445614129305,-0.000306449831,-0.31860582088
2115,1,0.231189700921,-0.004185523145,0.0,-0.231189700921,0.004185523145,0.0,0.22423360888,0.465469610809,0.0,-0.176934332007,0.461595789975,0.0,0.178577061267,0.81005632209,0.0,-0.123651822791,0.835612620331,0.0,0.116828639841,0.846451535787,0.0,-0.068423787783,0.867264344386,0.0,0.258752413385,1.021025739208,0.0,-0.105973268051,1.0311403824,0.0,0.500693112612,0.445687264204,-0.000302800909,-0.307868997698
2116,1,0.215668442384,-0.004308620377,0.0,-0.215668442384,0.004308620377,0.0,0.214608152456,0.434953535973,0.0,-0.163073178738,0.43161486611,0.0,0.173852054497,0.755984910148,0.0,-0.107731379851,0.781027827877,0.0,0.116441130335,0.790941290023,0.0,-0.055629501437,0.810785395985,0.0,0.249641035979,0.95422177918,0.0,-0.093384504143,0.963669527626,0.0,0.503227427602,0.44555285573,-0.000305662863,-0.329562906079
2117,1,0.21100053946,-0.004583071566,0.0,-0.21100053946,0.004583071566,0.0,0.216451266711,0.4293477714,0.0,-0.155715992995,0.426041592575,0.0,0.181452892738,0.747655189634,0.0,-0.097068550607,0.770904384665,0.0,0.124386929966,0.781381709413,0.0,-0.045495585377,0.799750023519,0.0,0.256393213622,0.941210137983,0.0,-0.082099160268,0.950578268896,0.0,0.506337672472,0.445468768477,-0.000305339694,-0.334189818191
2118,1,0.211498957272,-0.005473082139,0.0,-0.211498957272,0.005473082139,0.0,0.216291317506,0.428340845634,0.0,-0.153785300792,0.426013908003,0.0,0.183939472565,0.741663361136,0.0,-0.096503944392,0.764175769012,0.0,0.125185760254,0.774875107323,0.0,-0.046424338497,0.791781267612,0.0,0.258581542681,0.933973062241,0.0,-0.077786131144,0.943702119159,0.0,0.50755931437,0.446021825075,-0.000303801615,-0.336146419654
2119,1,0.186361300316,-0.005057979561,0.0,-0.186361300316,0.005057979561,0.0,0.195381302611,0.377216688315,0.0,-0.135450410795,0.375551052894,0.0,0.166636736187,0.653049511124,0.0,-0.078705418165,0.673635357344,0.0,0.116097212985,0.682978399072,0.0,-0.034038393705,0.697953478088,0.0,0.23446586785,0.823046764521,0.0,-0.062329954214,0.83188683127,0.0,0.509988069534,0.446207523346,-0.000300289132,-0.381109490697
2120,1,0.19463410666,-0.005472496261,0.0,-0.19463410666,0.005472496261,0.0,0.208074496307,0.393817702948,0.0,-0.139907590309,0.39268281449,0.0,0.180848049516,0.683473980764,0.0,-0.074189550847,0.704120151606,0.0,0.127686154932,0.716040323899,0.0,-0.02703844358,0.729970715827,0.0,0.254932354546,0.860944923443,0.0,-0.057059260851,0.868024115264,0.0,0.512943804264,0.446216359735,-0.000299933366,-0.364438132143
2121,1,0.192828541842,-0.005558945726,0.0,-0.192828541842,0.005558945726,0.0,0.208312829905,0.386354548844,0.0,-0.13323798485,0.385211010796,0.0,0.186804993677,0.668236838104,0.0,-0.064405914214,0.690605777092,0.0,0.134515080056,0.700468953185,0.0,-0.017237857457,0.715816074437,0.0,0.257723684349,0.843525113788,0.0,-0.048702640539,0.851036721319,0.0,0.516446739435,0.446183651686,-0.000289430376,-0.371532813188
2122,1,0.192499238697,-0.006248336246,0.0,-0.192499238697,0.006248336246,0.0,0.208326674175,0.385374039055,0.0,-0.132409852149,0.38398427716,0.0,0.188384278034,0.663884367991,0.0,-0.063150082273,0.687290942983,0.0,0.135323031472,0.694146920582,0.0,-0.016702987071,0.712096067742,0.0,0.259230817902,0.838990212495,0.0,-0.046123022477,0.846688707278,0.0,0.517466202378,0.446569979191,-0.000284347218,-0.37304318252
2123,1,0.189915371849,-0.006317271506,0.0,-0.189915371849,0.006317271506,0.0,0.211335948291,0.38586860494,0.0,-0.129401519758,0.384129148461,0.0,0.190683112153,0.662777094664,0.0,-0.057203789371,0.686464450666,0.0,0.139264606394,0.693291821333,0.0,-0.01225047351,0.711222241424,0.0,0.265257584073,0.837248072136,0.0,-0.039325200522,0.846663336842,0.0,0.519932702184,0.446633219719,-0.000287444796,-0.373741952394
2124,1,0.210769310035,-0.007466778129,0.0,-0.210769310035,0.007466778129,0.0,0.238536596842,0.430212137729,0.0,-0.142447113181,0.428313965243,0.0,0.215117882758,0.733817981388,0.0,-0.059539638063,0.759508231154,0.0,0.157881578521,0.766871444498,0.0,-0.009079518117,0.786434368748,0.0,0.300370559256,0.926857971762,0.0,-0.037978553833,0.936547749241,0.0,0.521813422441,0.447130605578,-0.000287809875,-0.337404484011
2125,1,0.202704114355,-0.00788965139,0.0,-0.202704114355,0.00788965139,0.0,0.23250837565,0.411356152444,0.0,-0.13556090481,0.410484173677,0.0,0.206972638734,0.705438971823,0.0,-0.05206053555,0.72720888527,0.0,0.154269856959,0.738720423676,0.0,-0.003819488247,0.754425330437,0.0,0.290838908052,0.885726788703,0.0,-0.030951319554,0.895196278827,0.0,0.52352462709,0.447565183043,-0.000288388226,-0.352920039404
2126,1,0.204769179054,-0.008008616903,0.0,-0.204769179054,0.008008616903,0.0,0.239007915699,0.418250398038,0.0,-0.13518688675,0.415230468499,0.0,0.212459278441,0.71988303302,0.0,-0.046360426676,0.733629695014,0.0,0.161230924086,0.750605932857,0.0,0.002030884719,0.761050068902,0.0,0.293589417916,0.898967513627,0.0,-0.025340571698,0.90284903837,0.0,0.525558367372,0.447723254561,-0.000285870396,-0.349701899465
2127,1,0.208538119556,-0.007976927334,0.0,-0.208538119556,0.007976927334,0.0,0.243629183841,0.424687282411,0.0,-0.136822089213,0.420495870811,0.0,0.21745308284,0.733221258722,0.0,-0.043805451028,0.740479266612,0.0,0.166309255334,0.763551605162,0.0,0.003782756298,0.767683171482,0.0,0.289513180423,0.917298439535,0.0,-0.021536970827,0.911116611885,0.0,0.526671677828,0.448842585087,-0.000288047828,-0.345604731866
2128,1,0.19185996007,-0.006806178999,0.0,-0.19185996007,0.006806178999,0.0,0.225344849567,0.39196455972,0.0,-0.124142172099,0.38650205718,0.0,0.201644318571,0.684625716822,0.0,-0.03664264958,0.681989762875,0.0,0.155453145703,0.711350496904,0.0,0.00666149603,0.707420646914,0.0,0.260868406975,0.851657684614,0.0,-0.015273626404,0.833699468678,0.0,0.527875781059,0.449616029859,-0.000270186923,-0.377464991842
2129,1,0.182811852252,-0.006474086991,0.0,-0.182811852252,0.006474086991,0.0,0.218530121842,0.372029905961,0.0,-0.114238630609,0.365836380079,0.0,0.19660481568,0.661593370319,0.0,-0.030616076649,0.645080494739,0.0,0.152370017636,0.691493243353,0.0,0.010361188743,0.669614790934,0.0,0.252529996741,0.819503206828,0.0,-0.009015004374,0.789672491715,0.0,0.529825121164,0.449967101216,-0.000243722461,-0.398180652583
2130,1,0.173328947978,-0.006285963198,0.0,-0.173328947978,0.006285963198,0.0,0.209405186974,0.351583365597,0.0,-0.105218833289,0.345025346053,0.0,0.191542389538,0.636117021956,0.0,-0.027689341319,0.605463692767,0.0,0.148305695301,0.662644528045,0.0,0.012536162954,0.629663221246,0.0,0.244269846722,0.783660528774,0.0,-0.005238232056,0.743936206941,0.0,0.531219169497,0.450034141541,-0.00024022162,-0.422075609914
2131,1,0.185541088671,-0.007253379772,0.0,-0.185541088671,0.007253379772,0.0,0.223910023645,0.375348286738,0.0,-0.11249051531,0.36835419824,0.0,0.208990310373,0.691436245415,0.0,-0.030388990033,0.641002586835,0.0,0.16172295662,0.719065221376,0.0,0.013728019912,0.667574521712,0.0,0.262128458254,0.846493933119,0.0,-0.005458480347,0.79051924109,0.0,0.531475678086,0.449834734201,-0.000242999755,-0.395845169244
2132,1,0.195442839772,-0.00777367848,0.0,-0.195442839772,0.00777367848,0.0,0.23911459763,0.394366025901,0.0,-0.115518091624,0.387006390334,0.0,0.233249115199,0.732247871347,0.0,-0.0285729639,0.674192293605,0.0,0.19091749777,0.761210028452,0.0,0.018542876387,0.701020784177,0.0,0.280696364201,0.898898499071,0.0,-0.00044515459,0.831674607445,0.0,0.532791018486,0.450068250299,-0.000253967941,-0.375981392521
2133,1,0.17313065854,-0.007372054458,0.0,-0.17313065854,0.007372054458,0.0,0.216000833184,0.351804336608,0.0,-0.100983257124,0.343865358033,0.0,0.218439335291,0.657977422238,0.0,-0.023119109882,0.598444583857,0.0,0.183395324454,0.685269446913,0.0,0.019086140295,0.621655571268,0.0,0.261665267047,0.807286746473,0.0,0.00229806426,0.738823313751,0.0,0.533943042159,0.449163600802,-0.00024837628,-0.423465153295
2134,1,0.164175417348,-0.00756131966,0.0,-0.164175417348,0.00756131966,0.0,0.208937911469,0.33168053224,0.0,-0.095256879352,0.325420322843,0.0,0.219107963384,0.632906976392,0.0,-0.020538027001,0.56494082052,0.0,0.185382482773,0.667983490523,0.0,0.018958982783,0.586389721547,0.0,0.255653390028,0.765364896632,0.0,0.003552432073,0.700150630874,0.0,0.534661903977,0.448924407363,-0.0002341168,-0.446229624182
2135,1,0.155055088038,-0.008045529298,0.0,-0.155055088038,0.008045529298,0.0,0.201756834835,0.314747149592,0.0,-0.089371910283,0.308236257438,0.0,0.222136608749,0.608581106742,0.0,-0.017739200475,0.536286649463,0.0,0.180658418845,0.643365836026,0.0,0.019919591384,0.556621160558,0.0,0.269530636456,0.725769706004,0.0,0.005032169764,0.66507669083,0.0,0.535436704755,0.447533905506,-0.000220677815,-0.471434685028
2136,1,0.16334553638,-0.010167132838,0.0,-0.16334553638,0.010167132838,0.0,0.215014091398,0.326950086979,0.0,-0.094321462515,0.322703759949,0.0,0.242958769982,0.644644472604,0.0,-0.017125295093,0.56613633968,0.0,0.1967128191,0.688056495363,0.0,0.024043204012,0.587901931328,0.0,0.289553738609,0.767293453581,0.0,0.006469957272,0.701650260032,0.0,0.535951241851,0.445883050561,-0.000233665109,-0.447182885302
2137,1,0.165889459027,-0.010936016039,0.0,-0.165889459027,0.010936016039,0.0,0.220757334869,0.325150219215,0.0,-0.096701725213,0.325232811387,0.0,0.250604047407,0.654458209638,0.0,-0.016999466235,0.575939455874,0.0,0.202140517568,0.706711298532,0.0,0.024953160159,0.598132920441,0.0,0.308275995209,0.778490666406,0.0,0.007894220789,0.713264107351,0.0,0.536304786801,0.445528209209,-0.000250706449,-0.440221296417
2138,1,0.166094436002,-0.010965089841,0.0,-0.166094436002,0.010965089841,0.0,0.222059384069,0.319369137874,0.0,-0.09557250833,0.324276218963,0.0,0.259208940468,0.65416837522,0.0,-0.016521989599,0.578031727523,0.0,0.211011655201,0.714802428324,0.0,0.025807992364,0.598743285872,0.0,0.321507405796,0.770527777314,0.0,0.008974652454,0.712610262444,0.0,0.536772251129,0.445100903511,-0.000254890416,-0.44069296548
2139,1,0.16774194595,-0.011109817096,0.0,-0.16774194595,0.011109817096,0.0,0.225351274155,0.316779740957,0.0,-0.095428074671,0.325496168242,0.0,0.270312070273,0.659687809834,0.0,-0.015351965051,0.583483468606,0.0,0.220522654918,0.727688446764,0.0,0.027604693012,0.604119067244,0.0,0.326970485718,0.773808534672,0.0,0.01216949238,0.718831689545,0.0,0.537435695529,0.445158272982,-0.000254598446,-0.436639377397
2140,1,0.167584974815,-0.012056279288,0.0,-0.167584974815,0.012056279288,0.0,0.224702151549,0.312232139662,0.0,-0.094364595112,0.324285797732,0.0,0.276305373064,0.658810382845,0.0,-0.014519135712,0.582487705474,0.0,0.223531658166,0.729525285787,0.0,0.027062383005,0.6023810548,0.0,0.330927013242,0.767510628347,0.0,0.013174688712,0.718420440874,0.0,0.537794157863,0.444309517741,-0.000257367734,-0.437731245547
2141,1,0.160216065515,-0.011806191909,0.0,-0.160216065515,0.011806191909,0.0,0.214854778087,0.295266699198,0.0,-0.089906654196,0.310488945769,0.0,0.270315143056,0.629380950509,0.0,-0.014636212211,0.556765939083,0.0,0.222234807568,0.693337170002,0.0,0.024036001546,0.572481880137,0.0,0.316468872276,0.730596651998,0.0,0.013395921996,0.686942055809,0.0,0.537938311696,0.444172784686,-0.000253587961,-0.457815148028
2142,1,0.147507917181,-0.011272645698,0.0,-0.147507917181,0.011272645698,0.0,0.197968085297,0.269592722473,0.0,-0.081452896026,0.286424030987,0.0,0.25462088546,0.578578504595,0.0,-0.01306047245,0.511758434845,0.0,0.213932534257,0.636185909675,0.0,0.022580425454,0.524947053833,0.0,0.294565675506,0.669291648895,0.0,0.01206546636,0.633184252105,0.0,0.538598269224,0.443512767553,-0.000232064165,-0.497920376611
2143,1,0.146921616378,-0.012176138988,0.0,-0.146921616378,0.012176138988,0.0,0.196303034597,0.268579661239,0.0,-0.081076074214,0.286155696654,0.0,0.258375352402,0.578536978354,0.0,-0.013158392935,0.512544276689,0.0,0.220034051834,0.648530965885,0.0,0.020031074976,0.525948054519,0.0,0.305278097433,0.653017544732,0.0,0.013587846267,0.631133403036,0.0,0.538711667061,0.441704571247,-0.00022597611,-0.500622390872
2144,1,0.152006861297,-0.012867652207,0.0,-0.152006861297,0.012867652207,0.0,0.201512382099,0.276944734984,0.0,-0.082787550373,0.297993776436,0.0,0.271547799522,0.598769762071,0.0,-0.012307336152,0.538618820431,0.0,0.229405624359,0.672997018806,0.0,0.021532026943,0.556887036333,0.0,0.327179499921,0.665618791261,0.0,0.019947288455,0.655092610157,0.0,0.539106667042,0.439949885011,-0.000225127209,-0.484626235538
2145,1,0.157853067194,-0.013402559572,0.0,-0.157853067194,0.013402559572,0.0,0.210852430639,0.285141606144,0.0,-0.084507727166,0.309584646094,0.0,0.283185797674,0.611972418952,0.0,-0.010008966544,0.561267635777,0.0,0.238536951567,0.693898615597,0.0,0.024191850718,0.583843822794,0.0,0.347223119069,0.688243776678,0.0,0.019726576568,0.680598964745,0.0,0.53985388577,0.439315751195,-0.000237909611,-0.466689730667
2146,1,0.158426547201,-0.013193311019,0.0,-0.158426547201,0.013193311019,0.0,0.212437080682,0.280698655488,0.0,-0.083415972911,0.30972803718,0.0,0.285530291069,0.609165241266,0.0,-0.007774225054,0.562235562402,0.0,0.246154495422,0.69417870847,0.0,0.025164290565,0.584652387792,0.0,0.347793831255,0.680276909275,0.0,0.023629632369,0.681731919682,0.0,0.540485411882,0.439161583781,-0.000227916054,-0.466223787126
2147,1,0.170602178796,-0.014252916673,0.0,-0.170602178796,0.014252916673,0.0,0.228291513683,0.298752403701,0.0,-0.088514730826,0.330974366903,0.0,0.310539357303,0.655756075897,0.0,-0.006198009005,0.605129363524,0.0,0.268416701583,0.757990946398,0.0,0.028146829737,0.629704199959,0.0,0.385953234827,0.710620855725,0.0,0.025055131537,0.729491287392,0.0,0.540972322226,0.438239783049,-0.000242093578,-0.434412214303
2148,1,0.156023613511,-0.013572721315,0.0,-0.156023613511,0.013572721315,0.0,0.209253592844,0.274545588084,0.0,-0.081039312926,0.302959115866,0.0,0.289117633392,0.595156474395,0.0,-0.003172223718,0.55634125508,0.0,0.263475041331,0.679401566909,0.0,0.027521846498,0.578939186004,0.0,0.352746853548,0.658792355455,0.0,0.021747723188,0.669886403886,0.0,0.541079640388,0.43725579977,-0.000238972716,-0.474266941025
2149,1,0.16498014365,-0.014557060761,0.0,-0.16498014365,0.014557060761,0.0,0.223140946491,0.289320728004,0.0,-0.084906983335,0.320410528861,0.0,0.305978225838,0.62949349322,0.0,-0.002749018002,0.591335746673,0.0,0.275927508582,0.73098821095,0.0,0.029676709554,0.621445540484,0.0,0.372943625977,0.692051317647,0.0,0.023517348016,0.707374581424,0.0,0.541332885623,0.437178909779,-0.000245275442,-0.448977882182
2150,1,0.171499876434,-0.015659120021,0.0,-0.171499876434,0.015659120021,0.0,0.231906523653,0.303147461257,0.0,-0.08913562804,0.335765774669,0.0,0.319443760323,0.655198370965,0.0,-0.003369635054,0.612791107174,0.0,0.301071297935,0.75139191048,0.0,0.029724134552,0.636398011829,0.0,0.387004301995,0.725607087412,0.0,0.023708970818,0.738707087627,0.0,0.541027382016,0.436320140958,-0.000245922944,-0.431123573565
2151,1,0.18938079829,-0.017520363973,0.0,-0.18938079829,0.017520363973,0.0,0.256774211094,0.33623737164,0.0,-0.098252787034,0.372149486846,0.0,0.355410257402,0.725134979637,0.0,-0.002901634858,0.678127082952,0.0,0.329157436014,0.831051616481,0.0,0.035710811545,0.704285339322,0.0,0.435147572546,0.811472612508,0.0,0.029398081379,0.816409074383,0.0,0.541057124734,0.435745880008,-0.000246612821,-0.390472904722
2152,1,0.184862735028,-0.016990110102,0.0,-0.184862735028,0.016990110102,0.0,0.251345295808,0.328084961686,0.0,-0.095082738172,0.362755017768,0.0,0.348864295925,0.706955593124,0.0,-0.002161131113,0.661574778551,0.0,0.320529912179,0.810622331427,0.0,0.033090732192,0.686725069751,0.0,0.423008037671,0.791469862615,0.0,0.032399557115,0.795692800973,0.0,0.541314795613,0.43583124876,-0.000246376498,-0.400569384448
2153,1,0.167720517274,-0.015362175835,0.0,-0.167720517274,0.015362175835,0.0,0.227766270788,0.298698154235,0.0,-0.086229789167,0.328973491823,0.0,0.316729057202,0.640985540774,0.0,-0.002228682542,0.599507780666,0.0,0.289270139872,0.7317365605,0.0,0.029826390947,0.621640438736,0.0,0.395728357369,0.728612345067,0.0,0.025196380016,0.721159844297,0.0,0.541245549917,0.435880571604,-0.000239669345,-0.44191011038
2154,1,0.177802603626,-0.016219745096,0.0,-0.177802603626,0.016219745096,0.0,0.241501846657,0.317276569669,0.0,-0.091603604188,0.348547541089,0.0,0.335460102273,0.679419494031,0.0,-0.002226959687,0.634231766307,0.0,0.305564085796,0.761467761592,0.0,0.031834365675,0.657440365507,0.0,0.417556888409,0.781801974681,0.0,0.026717835493,0.766724059567,0.0,0.541288390756,0.435925021768,-0.000253261533,-0.417072784913
2155,1,0.182600966149,-0.016511224393,0.0,-0.182600966149,0.016511224393,0.0,0.246206367241,0.325605689793,0.0,-0.093526495231,0.357355106234,0.0,0.343987424316,0.6963671135,0.0,-0.001795656032,0.647376938193,0.0,0.313208034938,0.772811164083,0.0,0.033661308727,0.66790995895,0.0,0.42240382908,0.815710911241,0.0,0.027388652601,0.788383745934,0.0,0.541446432471,0.435983881354,-0.000274340622,-0.406897882275
2156,1,0.172055247951,-0.014442225011,0.0,-0.172055247951,0.014442225011,0.0,0.232382696977,0.311086141797,0.0,-0.087348425069,0.335094965277,0.0,0.324468602389,0.66042054298,0.0,-0.001677922983,0.607469349434,0.0,0.294661017192,0.726492970825,0.0,0.028364238391,0.627195675201,0.0,0.397464681943,0.782959221505,0.0,0.026861489065,0.744079426784,0.0,0.541752621531,0.436847776175,-0.000273864716,-0.432215674794
2157,1,0.16223891543,-0.012944498639,0.0,-0.16223891543,0.012944498639,0.0,0.21794992707,0.298843539493,0.0,-0.082638440288,0.313326936316,0.0,0.299718659615,0.622833737683,0.0,-0.002343754605,0.569399490303,0.0,0.272688201308,0.679106275552,0.0,0.026185900302,0.588308981667,0.0,0.345714612825,0.736735602873,0.0,0.023589773266,0.699813065689,0.0,0.541520878673,0.437691524625,-0.000257479958,-0.459778200179
2158,1,0.168404110629,-0.012592908291,0.0,-0.168404110629,0.012592908291,0.0,0.223842503344,0.316090320791,0.0,-0.086332534033,0.322681024366,0.0,0.306704163672,0.650946507255,0.0,-0.004157242994,0.586497922278,0.0,0.278869195395,0.702173247197,0.0,0.026804608272,0.605745952636,0.0,0.328588247073,0.768106480247,0.0,0.023759004089,0.72270185537,0.0,0.541208595037,0.438932240009,-0.00027522631,-0.443668059127
2159,1,0.181546632592,-0.012337369742,0.0,-0.181546632592,0.012337369742,0.0,0.240772542711,0.343956153767,0.0,-0.093521462807,0.343001209172,0.0,0.320776757532,0.698308415476,0.0,-0.006818869549,0.625928397152,0.0,0.280710238457,0.751351747656,0.0,0.02851726844,0.646749522207,0.0,0.350447639617,0.827392725046,0.0,0.024080905956,0.772268077355,0.0,0.541040033102,0.441688641906,-0.000279298052,-0.411327119053
2160,1,0.175622500707,-0.010261421826,0.0,-0.175622500707,0.010261421826,0.0,0.232963204464,0.344358256858,0.0,-0.090454010363,0.32977907345,0.0,0.301197324112,0.678173512458,0.0,-0.006721946635,0.598838910541,0.0,0.251399191937,0.72142430949,0.0,0.028808092377,0.618626998005,0.0,0.341514003178,0.808833238422,0.0,0.023413851996,0.739932146333,0.0,0.541038841009,0.44450032711,-0.000273199752,-0.425158642332
2161,1,0.17783522785,-0.01002649283,0.0,-0.17783522785,0.01002649283,0.0,0.235693850124,0.347719717085,0.0,-0.091819835698,0.333542958367,0.0,0.29874345549,0.684511495283,0.0,-0.00675431322,0.603958599276,0.0,0.245758577729,0.728254349872,0.0,0.029292310741,0.624717135462,0.0,0.333375357278,0.818280807771,0.0,0.023858783562,0.748204453101,0.0,0.541063547134,0.445619598031,-0.000268497504,-0.419737023102
2162,1,0.156855925423,-0.008526770771,0.0,-0.156855925423,0.008526770771,0.0,0.206782438971,0.309279296058,0.0,-0.081595138514,0.294199893614,0.0,0.256442893334,0.60479761131,0.0,-0.005659491167,0.532275366701,0.0,0.208239749017,0.641934986945,0.0,0.026278388702,0.550934975827,0.0,0.291008405291,0.722496530016,0.0,0.021495965459,0.660751624878,0.0,0.541118472815,0.445805624127,-0.000246314332,-0.475610947402
2163,1,0.15838277739,-0.007942999221,0.0,-0.15838277739,0.007942999221,0.0,0.209246725687,0.311470148142,0.0,-0.082883897945,0.29682748869,0.0,0.255388276468,0.609317827827,0.0,-0.00552010493,0.536177173099,0.0,0.210905860926,0.645764511017,0.0,0.026809999231,0.555029556014,0.0,0.286780671816,0.730499496403,0.0,0.021496590154,0.667238226365,0.0,0.541317984462,0.446653023362,-0.000241976231,-0.470978419743
2164,1,0.172033219049,-0.008597573069,0.0,-0.172033219049,0.008597573069,0.0,0.226712017747,0.33741651591,0.0,-0.089834596222,0.327666207927,0.0,0.269250112598,0.659023357886,0.0,-0.005545814834,0.58202623095,0.0,0.229264344764,0.691116721152,0.0,0.029242865273,0.60292244412,0.0,0.297384944497,0.793899128518,0.0,0.023441170289,0.726028141079,0.0,0.541486054659,0.447479218245,-0.000239587389,-0.432685486923
2165,1,0.186416622206,-0.008829256386,0.0,-0.186416622206,0.008829256386,0.0,0.244629662851,0.366166349262,0.0,-0.097604835095,0.35437755018,0.0,0.285912311464,0.708834154747,0.0,-0.005850733179,0.629514562183,0.0,0.244601844656,0.733605474162,0.0,0.032052265791,0.652845749313,0.0,0.309903155252,0.856597096911,0.0,0.025419453523,0.784681171472,0.0,0.541556671262,0.44773709774,-0.000246351585,-0.399604155352
2166,1,0.185358150536,-0.008546969919,0.0,-0.185358150536,0.008546969919,0.0,0.243273568812,0.363760635045,0.0,-0.09739360799,0.35385664931,0.0,0.277501294154,0.699781302432,0.0,-0.00614020255,0.626571083805,0.0,0.239853445236,0.723744501817,0.0,0.031947210121,0.653444426741,0.0,0.295560137273,0.850779168436,0.0,0.020635344128,0.780355326928,0.0,0.541569545865,0.447800710797,-0.000248572789,-0.401645851424
2167,1,0.186917942875,-0.008670088998,0.0,-0.186917942875,0.008670088998,0.0,0.245135376169,0.366820987042,0.0,-0.099939001315,0.357646859278,0.0,0.274500291593,0.689274455554,0.0,-0.006438404604,0.636428912772,0.0,0.237371747309,0.710988866904,0.0,0.03271326665,0.664456871648,0.0,0.290647374184,0.854693928726,0.0,0.019657961673,0.792287429886,0.0,0.54173655808,0.447679534554,-0.000243146904,-0.397540681606
2168,1,0.189680919259,-0.008579571194,0.0,-0.189680919259,0.008579571194,0.0,0.248500731512,0.372934474279,0.0,-0.101121845116,0.369146407424,0.0,0.271846222919,0.689947976837,0.0,-0.006976239787,0.65285468808,0.0,0.235393003629,0.709550903236,0.0,0.031584825959,0.677753938228,0.0,0.293510428666,0.86143226593,0.0,0.016808443365,0.809710665809,0.0,0.541789531708,0.447511568666,-0.000244940631,-0.391671761448
2169,1,0.180902059887,-0.008002710508,0.0,-0.180902059887,0.008002710508,0.0,0.237142321761,0.355521484081,0.0,-0.096549143767,0.352538065997,0.0,0.251854202381,0.644490859219,0.0,-0.00716913188,0.625895381253,0.0,0.216219995457,0.665968275501,0.0,0.029859369315,0.649161832136,0.0,0.276795722746,0.804109388705,0.0,0.01388378248,0.773910229121,0.0,0.541748315096,0.44741089642,-0.000245261937,-0.410561113265
2170,1,0.180690349098,-0.007901601662,0.0,-0.180690349098,0.007901601662,0.0,0.236513175231,0.354505296448,0.0,-0.097864088858,0.351681326454,0.0,0.246537645541,0.633638629413,0.0,-0.007018803078,0.625093388382,0.0,0.212667468836,0.654124657865,0.0,0.031254207477,0.647926590088,0.0,0.270857177754,0.794577528624,0.0,0.013303607283,0.774453662802,0.0,0.541697904468,0.447417750955,-0.000241914764,-0.411284861573
2171,1,0.179811899483,-0.007830327675,0.0,-0.179811899483,0.007830327675,0.0,0.233040166535,0.353562636436,0.0,-0.098863942283,0.350813266958,0.0,0.237598438194,0.627211815248,0.0,-0.008987000579,0.62581812898,0.0,0.206540692424,0.650546125974,0.0,0.029724532049,0.64944577129,0.0,0.261396299521,0.783134313721,0.0,0.012209313048,0.772609345305,0.0,0.541280299425,0.447386577725,-0.000238479115,-0.412493695431
2172,1,0.177475978101,-0.007448151525,0.0,-0.177475978101,0.007448151525,0.0,0.228226780744,0.348668545593,0.0,-0.100323619753,0.345506259367,0.0,0.222818193165,0.608672732925,0.0,-0.011532848582,0.617738191436,0.0,0.188413390106,0.630552840503,0.0,0.026457568655,0.640356570398,0.0,0.259400754005,0.765047608276,0.0,0.012031431665,0.762830937737,0.0,0.540757909417,0.44759966433,-0.00023685582,-0.417402083315
2173,1,0.167886304595,-0.006907629709,0.0,-0.167886304595,0.006907629709,0.0,0.213569921183,0.330184334011,0.0,-0.097944922565,0.326638034858,0.0,0.199760491818,0.567397255117,0.0,-0.014200009013,0.585884895184,0.0,0.16579873891,0.590056908153,0.0,0.021405615437,0.607146555768,0.0,0.242265916081,0.719985467015,0.0,0.009204806133,0.724438542767,0.0,0.539799436927,0.44747312367,-0.000249849632,-0.439618605635
2174,1,0.168399078574,-0.006630069639,0.0,-0.168399078574,0.006630069639,0.0,0.209206796084,0.331631172158,0.0,-0.098963462987,0.327517894968,0.0,0.192752599729,0.57147386911,0.0,-0.015728465857,0.58802064683,0.0,0.151901922291,0.596390627554,0.0,0.020124993081,0.60922939247,0.0,0.238941048266,0.723106782039,0.0,0.008884718157,0.725842350641,0.0,0.539416387677,0.447243228555,-0.000249366276,-0.438433406941
2175,1,0.167401294212,-0.006395775489,0.0,-0.167401294212,0.006395775489,0.0,0.206098092044,0.331951222181,0.0,-0.100212917279,0.326877219229,0.0,0.188853249699,0.570879860966,0.0,-0.018487046927,0.588224180242,0.0,0.148088772223,0.595187837184,0.0,0.017513817365,0.609156327996,0.0,0.235932405864,0.71936263386,0.0,0.007565716604,0.72329903929,0.0,0.538875415921,0.44701911509,-0.000249315053,-0.438600182729
2176,1,0.165257736715,-0.006288490679,0.0,-0.165257736715,0.006288490679,0.0,0.200758665007,0.330039974209,0.0,-0.101629356401,0.325017412498,0.0,0.182210754666,0.568428215869,0.0,-0.021688546258,0.584713929226,0.0,0.141852353566,0.593791862407,0.0,0.0115812868,0.605568564005,0.0,0.229513144519,0.712642379729,0.0,0.005841698172,0.718095103617,0.0,0.537837252021,0.44680210948,-0.000250804238,-0.441739458895
2177,1,0.161314472079,-0.005848706088,0.0,-0.161314472079,0.005848706088,0.0,0.193634697946,0.323787525487,0.0,-0.101021094092,0.317944630465,0.0,0.17640607521,0.559034278161,0.0,-0.023357646734,0.573902287312,0.0,0.138058651073,0.584767000112,0.0,0.009445161769,0.594545043526,0.0,0.223318878895,0.696965746126,0.0,0.003594342566,0.703277752676,0.0,0.536875158548,0.446076542139,-0.000243590213,-0.451312077278
2178,1,0.160857397189,-0.006138760784,0.0,-0.160857397189,0.006138760784,0.0,0.191934544545,0.324543123781,0.0,-0.100625814059,0.319303158463,0.0,0.175604213499,0.561439763344,0.0,-0.025711465263,0.576130477383,0.0,0.137432215365,0.587629257044,0.0,0.007080874887,0.596817312017,0.0,0.22204755418,0.699088505654,0.0,0.00156536595,0.705297642663,0.0,0.535894423723,0.445868119597,-0.000248099677,-0.449938421608
2179,1,0.161407424187,-0.006035243569,0.0,-0.161407424187,0.006035243569,0.0,0.188449124093,0.325554806494,0.0,-0.101688822466,0.320268449152,0.0,0.173088002768,0.561722711113,0.0,-0.028736984831,0.578102724359,0.0,0.134547655028,0.588266128084,0.0,0.00438876366,0.59888841192,0.0,0.220071983743,0.701261335193,0.0,-0.00148976564,0.707447246391,0.0,0.534434184432,0.445853754878,-0.000248626806,-0.44851549207
2180,1,0.174650999002,-0.006567173476,0.0,-0.174650999002,0.006567173476,0.0,0.199574633472,0.352613810829,0.0,-0.11398075398,0.347026053756,0.0,0.183547544676,0.607916892003,0.0,-0.035573869784,0.626525515638,0.0,0.142065278117,0.637050965727,0.0,0.00066324103,0.649091983855,0.0,0.233933125409,0.760773247845,0.0,-0.006038438389,0.766396719558,0.0,0.532578021288,0.445777952671,-0.00024823891,-0.413890545325
2181,1,0.162337592563,-0.006277530903,0.0,-0.162337592563,0.006277530903,0.0,0.183406829041,0.329028818478,0.0,-0.106585295478,0.32390020856,0.0,0.168352740358,0.567440824924,0.0,-0.033860697237,0.584267186763,0.0,0.130565292306,0.594416456983,0.0,0.000361470687,0.605229343109,0.0,0.215662695414,0.709004637899,0.0,-0.007473370509,0.713541598321,0.0,0.531713560224,0.444796144962,-0.000247695018,-0.445587033816
2182,1,0.170420687194,-0.006283770837,0.0,-0.170420687194,0.006283770837,0.0,0.187224777957,0.342989621055,0.0,-0.114088187056,0.336097849287,0.0,0.171716125661,0.592504400025,0.0,-0.040138506259,0.610183201693,0.0,0.131989788491,0.620658214108,0.0,-0.004887377318,0.632134532969,0.0,0.22109313707,0.739689181498,0.0,-0.012094100904,0.744513086383,0.0,0.529872104526,0.444928839803,-0.000251749996,-0.426569594669
2183,1,0.166120638711,-0.006190471348,0.0,-0.166120638711,0.006190471348,0.0,0.180584954007,0.334310937802,0.0,-0.111604259263,0.327750440698,0.0,0.166034214304,0.577732832019,0.0,-0.038597684298,0.594817235894,0.0,0.127446601512,0.605139576451,0.0,-0.003526660186,0.616441030676,0.0,0.214627595733,0.720955358283,0.0,-0.013792246448,0.725235067667,0.0,0.529263198376,0.444795206189,-0.000245083589,-0.437942833684
2184,1,0.165420646636,-0.006262553528,0.0,-0.165420646636,0.006262553528,0.0,0.178557761109,0.334666850428,0.0,-0.112737609767,0.328062809565,0.0,0.163863249172,0.5793458629,0.0,-0.040652589267,0.596311395015,0.0,0.125299562586,0.606747258858,0.0,-0.005066803003,0.618694548095,0.0,0.212567965403,0.720657735276,0.0,-0.016455208102,0.724610788303,0.0,0.528176695108,0.444385707378,-0.000249502249,-0.437582391239
2185,1,0.169154180249,-0.006330068611,0.0,-0.169154180249,0.006330068611,0.0,0.180837436463,0.343944874375,0.0,-0.115645529985,0.337099571688,0.0,0.165588116842,0.595147405288,0.0,-0.045241679298,0.612318936273,0.0,0.125309264502,0.622968086567,0.0,-0.010028071118,0.635262767874,0.0,0.216284071758,0.740541074698,0.0,-0.019128790858,0.745758335646,0.0,0.527063667774,0.444361954927,-0.000262192916,-0.426008516949
2186,1,0.169872533942,-0.006181708889,0.0,-0.169872533942,0.006181708889,0.0,0.181108786078,0.346177703808,0.0,-0.116550433721,0.339269714246,0.0,0.164988290263,0.599721557965,0.0,-0.046710366448,0.616648328442,0.0,0.12520055372,0.628999710169,0.0,-0.011148128532,0.640590497921,0.0,0.216009604264,0.745428446039,0.0,-0.020935338637,0.750079288864,0.0,0.526351004839,0.444182619452,-0.00026268186,-0.423411052145
2187,1,0.173155094122,-0.006021119151,0.0,-0.173155094122,0.006021119151,0.0,0.182107819751,0.353296309613,0.0,-0.119733976538,0.345747497314,0.0,0.165717909494,0.61163815748,0.0,-0.050144841852,0.628808170941,0.0,0.125218859872,0.641489275124,0.0,-0.015510152291,0.653207671301,0.0,0.217788023973,0.760344999272,0.0,-0.021721009805,0.764709591027,0.0,0.525342643261,0.443890467286,-0.000262524001,-0.415687396215
2188,1,0.175850334261,-0.005892466093,0.0,-0.175850334261,0.005892466093,0.0,0.183104978201,0.359786402461,0.0,-0.123117776166,0.35198722356,0.0,0.166281325383,0.623326853448,0.0,-0.05435830665,0.639828944888,0.0,0.12498180901,0.653743198055,0.0,-0.019583928382,0.664399449802,0.0,0.218231977754,0.774526913648,0.0,-0.023784104639,0.777047370197,0.0,0.524209931493,0.443993330002,-0.000266313553,-0.407792189501
2189,1,0.178907547757,-0.005253049178,0.0,-0.178907547757,0.005253049178,0.0,0.18600016614,0.36628383354,0.0,-0.125967319184,0.358068536344,0.0,0.168705995584,0.635569707623,0.0,-0.055261797241,0.652515825398,0.0,0.126372064638,0.666972829404,0.0,-0.019176799372,0.67759648497,0.0,0.224315473119,0.789050703456,0.0,-0.025192480468,0.791704307923,0.0,0.523850828409,0.444377720356,-0.000267102383,-0.400044067231
2190,1,0.176867279171,-0.005153119306,0.0,-0.176867279171,0.005153119306,0.0,0.182306629754,0.361715563221,0.0,-0.126035958736,0.353920009138,0.0,0.164081178674,0.627020104925,0.0,-0.056864503448,0.64437420944,0.0,0.121618095564,0.658561305742,0.0,-0.020657387065,0.669251834303,0.0,0.217768044143,0.779643830293,0.0,-0.028223426476,0.782280453641,0.0,0.522892519832,0.444360911846,-0.000271026511,-0.405129856642
2191,1,0.176031782554,-0.004856453321,0.0,-0.176031782554,0.004856453321,0.0,0.180665170146,0.359834139167,0.0,-0.126215915711,0.351979211292,0.0,0.162208145443,0.623413696872,0.0,-0.057296433506,0.640593342883,0.0,0.120367262514,0.654926907227,0.0,-0.020693315339,0.665623234511,0.0,0.21546649665,0.775068836043,0.0,-0.029370857534,0.778240627328,0.0,0.522473841906,0.444452315569,-0.000268581323,-0.407356527794
2192,1,0.179487797135,-0.0048694617,0.0,-0.179487797135,0.0048694617,0.0,0.183814773178,0.367070271251,0.0,-0.12902185626,0.359044617548,0.0,0.164574739552,0.635980337132,0.0,-0.05911045356,0.653586720344,0.0,0.121613307975,0.668053700999,0.0,-0.021833555325,0.678991465469,0.0,0.217869366302,0.791233762772,0.0,-0.030597496938,0.793851871683,0.0,0.522224918008,0.444418430328,-0.000269183889,-0.399389146424
2193,1,0.197490982096,-0.005297250056,0.0,-0.197490982096,0.005297250056,0.0,0.201991255685,0.403949016685,0.0,-0.139352418996,0.395737729063,0.0,0.180882626285,0.698178148451,0.0,-0.065207665556,0.719176196134,0.0,0.13365725537,0.73317943717,0.0,-0.024414259235,0.746829342119,0.0,0.239668589099,0.870279420717,0.0,-0.033696720007,0.87354170449,0.0,0.522203296423,0.444369912148,-0.000275062397,-0.363023197714
2194,1,0.191750332878,-0.004937454195,0.0,-0.191750332878,0.004937454195,0.0,0.194724708619,0.39027978234,0.0,-0.133326003232,0.383852835912,0.0,0.17367324488,0.671075409503,0.0,-0.063908911009,0.691881259985,0.0,0.128135545929,0.703133700376,0.0,-0.024436611958,0.717401200424,0.0,0.231268162953,0.840010607003,0.0,-0.034562775319,0.844384604841,0.0,0.521905705333,0.44495126605,-0.000273959246,-0.375057030033
2195,1,0.189270624011,-0.004815132674,0.0,-0.189270624011,0.004815132674,0.0,0.190801296868,0.383902664614,0.0,-0.131530897549,0.377785128278,0.0,0.169933938494,0.65943549517,0.0,-0.064212534803,0.679684866932,0.0,0.123958999391,0.691013111422,0.0,-0.026155432017,0.704627094062,0.0,0.226577269848,0.828572619908,0.0,-0.034356408054,0.829781255506,0.0,0.521608397365,0.445062562823,-0.000273826998,-0.381555149947
2196,1,0.19391947681,-0.004838701319,0.0,-0.19391947681,0.004838701319,0.0,0.194849075787,0.392873515602,0.0,-0.135486993169,0.386500652334,0.0,0.172934017643,0.676577725837,0.0,-0.06675484374,0.695809948389,0.0,0.125436328534,0.709059270966,0.0,-0.027823081968,0.721334164771,0.0,0.23116264957,0.849058171419,0.0,-0.036496089391,0.849204088012,0.0,0.521282434464,0.444985553622,-0.000281272456,-0.372946211213
2197,1,0.206771786779,-0.005201250358,0.0,-0.206771786779,0.005201250358,0.0,0.206724910624,0.41909792921,0.0,-0.143384144878,0.412310091452,0.0,0.182782786416,0.721238103528,0.0,-0.07377407688,0.742207256732,0.0,0.130892331302,0.755753954263,0.0,-0.033255691834,0.76922769545,0.0,0.24548041131,0.90482200344,0.0,-0.04020444265,0.905782879396,0.0,0.520929142833,0.444959029555,-0.000281795859,-0.349671963878
2198,1,0.200606327301,-0.004779497803,0.0,-0.200606327301,0.004779497803,0.0,0.198921693385,0.406789780722,0.0,-0.140281198503,0.399314109399,0.0,0.175422647153,0.699435937231,0.0,-0.073129064555,0.719700070405,0.0,0.125248648794,0.732860401183,0.0,-0.034012183563,0.745873502896,0.0,0.233676995848,0.876518501314,0.0,-0.041579460415,0.87813108872,0.0,0.520404174924,0.444595098495,-0.000282045454,-0.361119885357
2199,1,0.195378613828,-0.004556974779,0.0,-0.195378613828,0.004556974779,0.0,0.193602464729,0.396558279324,0.0,-0.137153240412,0.389012381657,0.0,0.169566271584,0.681471521502,0.0,-0.07168228595,0.700917585943,0.0,0.12175782916,0.71316023598,0.0,-0.032721596037,0.726249598632,0.0,0.2272318104,0.854445042862,0.0,-0.041026493265,0.856141686918,0.0,0.520268216729,0.444630563259,-0.000274488237,-0.370350023053
2200,1,0.186295643726,-0.004270265981,0.0,-0.186295643726,0.004270265981,0.0,0.184318682933,0.378148705567,0.0,-0.131031519943,0.370740603735,0.0,0.159986385967,0.65037601508,0.0,-0.068620895657,0.668285278752,0.0,0.115232011173,0.680917433351,0.0,-0.031621788817,0.693063494041,0.0,0.217701833793,0.814529621254,0.0,-0.039519204738,0.81611456341,0.0,0.520130366087,0.444592535496,-0.000274104998,-0.388704159184
2201,1,0.209956521552,-0.0043852719,0.0,-0.209956521552,0.0043852719,0.0,0.207456870701,0.42668216996,0.0,-0.148228308873,0.41806930936,0.0,0.180417144485,0.733696725095,0.0,-0.077631238391,0.753914099884,0.0,0.130544856366,0.768186246862,0.0,-0.035738049033,0.782301229905,0.0,0.244865954892,0.91899162021,0.0,-0.046524895347,0.92124609186,0.0,0.520015284419,0.444748729467,-0.000282543711,-0.344360284204
2202,1,0.208543586458,-0.004063231767,0.0,-0.208543586458,0.004063231767,0.0,0.205655454239,0.42413308168,0.0,-0.148002925709,0.415271508834,0.0,0.177581418859,0.729196993911,0.0,-0.07783504286,0.749225346054,0.0,0.128655743318,0.763512189073,0.0,-0.036217790544,0.777812452462,0.0,0.243263801473,0.913220017806,0.0,-0.047049060617,0.915415624576,0.0,0.51977956295,0.444852933288,-0.000288450625,-0.34642581827
2203,1,0.218276990144,-0.004163291399,0.0,-0.218276990144,0.004163291399,0.0,0.21590773177,0.444093151904,0.0,-0.154932313821,0.434564603004,0.0,0.186699036853,0.763522533331,0.0,-0.081251773737,0.784907911341,0.0,0.135413018355,0.799364467224,0.0,-0.037330927267,0.814408947183,0.0,0.252806451985,0.956231220571,0.0,-0.049330234301,0.958892729807,0.0,0.519761055708,0.444882422686,-0.000301414169,-0.330909327492
2204,1,0.21381245402,-0.004080918279,0.0,-0.21381245402,0.004080918279,0.0,0.211471650012,0.434738445827,0.0,-0.151893292412,0.42554161803,0.0,0.182426062712,0.748028989277,0.0,-0.080027322129,0.768835803085,0.0,0.131536555261,0.782759184873,0.0,-0.037273124299,0.797132555189,0.0,0.247866168627,0.937800414064,0.0,-0.048568312226,0.939121825732,0.0,0.519667193294,0.444848001003,-0.000308970455,-0.338165639713
2205,1,0.210347176106,-0.004005176667,0.0,-0.210347176106,0.004005176667,0.0,0.207866208426,0.428030283318,0.0,-0.149805315659,0.418909244542,0.0,0.17942512748,0.736544798222,0.0,-0.079001787531,0.755090302852,0.0,0.129323033217,0.770307656822,0.0,-0.036570426992,0.78199810498,0.0,0.243883939872,0.923552217723,0.0,-0.048304792227,0.923174843315,0.0,0.519585847855,0.444857224822,-0.000307468697,-0.343373834549
2206,1,0.207608529679,-0.004029137296,0.0,-0.207608529679,0.004029137296,0.0,0.204894403552,0.422095094601,0.0,-0.148278922512,0.413081157492,0.0,0.176456777977,0.727512043461,0.0,-0.078516158958,0.745076618115,0.0,0.127555011769,0.760821601736,0.0,-0.037209624977,0.771581742678,0.0,0.240006063388,0.912119430158,0.0,-0.047856941673,0.911847657468,0.0,0.51952573657,0.444880351424,-0.000308844727,-0.347619041264
2207,1,0.220292829747,-0.00428174602,0.0,-0.220292829747,0.00428174602,0.0,0.217419709905,0.448510639953,0.0,-0.157509442306,0.438747956449,0.0,0.187240787184,0.774120012907,0.0,-0.085378230728,0.792094761009,0.0,0.13597621794,0.808962366848,0.0,-0.042954850469,0.82023702682,0.0,0.253174809135,0.969449691922,0.0,-0.049795655396,0.969329754548,0.0,0.519664660096,0.444878607988,-0.0003157272,-0.327002793136
2208,1,0.218244385153,-0.004589228314,0.0,-0.218244385153,0.004589228314,0.0,0.215379677018,0.445527822993,0.0,-0.15593366623,0.435964234205,0.0,0.186024970611,0.767370141566,0.0,-0.084250164562,0.785999273851,0.0,0.135862025819,0.802358590446,0.0,-0.04225406139,0.814467282734,0.0,0.251029719227,0.960822557815,0.0,-0.049247093837,0.96187045666,0.0,0.519694149494,0.444380626082,-0.000312328339,-0.330189277851
2209,1,0.228119135606,-0.004878301704,0.0,-0.228119135606,0.004878301704,0.0,0.224837158052,0.465492763088,0.0,-0.162872557779,0.455962925812,0.0,0.193990455384,0.801515459321,0.0,-0.088631740888,0.821050739047,0.0,0.142206182924,0.837819924737,0.0,-0.044584023282,0.850743519046,0.0,0.261314056283,1.00427645332,0.0,-0.051170994587,1.008346546946,0.0,0.519701734185,0.444531261921,-0.000314592384,-0.3159412841
2210,1,0.190712609247,-0.004170462242,0.0,-0.190712609247,0.004170462242,0.0,0.188101367129,0.388446954566,0.0,-0.136474750356,0.38098648817,0.0,0.162110736597,0.670102041805,0.0,-0.073054633353,0.686483831413,0.0,0.118894853071,0.700710936098,0.0,-0.035043959352,0.711776216559,0.0,0.218417459018,0.839687482631,0.0,-0.044826336182,0.842962736233,0.0,0.519692674279,0.444576650858,-0.000303449575,-0.377818691458
2211,1,0.201088883174,-0.004379471211,0.0,-0.201088883174,0.004379471211,0.0,0.199106936956,0.410528295864,0.0,-0.143657271209,0.402250549919,0.0,0.171923210563,0.707378944262,0.0,-0.076603396182,0.725514593726,0.0,0.12629936857,0.739834000999,0.0,-0.035052351178,0.75185899681,0.0,0.231871459272,0.887164946924,0.0,-0.050062514952,0.890365090977,0.0,0.519950538874,0.444611087441,-0.000307283364,-0.357667647084
2212,1,0.184473669583,-0.004072084032,0.0,-0.184473669583,0.004072084032,0.0,0.18476812769,0.377488772492,0.0,-0.131348455416,0.369473957313,0.0,0.159724457973,0.651586613297,0.0,-0.068631487054,0.667488118321,0.0,0.118217833407,0.681745322625,0.0,-0.030810422302,0.691997804601,0.0,0.214775158103,0.816895916567,0.0,-0.042773952927,0.818339052837,0.0,0.520706698298,0.444597572088,-0.000305387191,-0.388446812645
2213,1,0.183725183006,-0.00413773251,0.0,-0.183725183006,0.00413773251,0.0,0.185029051392,0.377308952154,0.0,-0.130002559827,0.369323763006,0.0,0.161274579601,0.650372964743,0.0,-0.066748140511,0.666501953693,0.0,0.120016289046,0.680420498008,0.0,-0.028817228992,0.691196530436,0.0,0.215790256057,0.815128711413,0.0,-0.042868816414,0.816683432654,0.0,0.521388173103,0.444570034742,-0.000303330831,-0.389320703621
2214,1,0.181836712597,-0.004363437764,0.0,-0.181836712597,0.004363437764,0.0,0.182903608047,0.374298946742,0.0,-0.129446327112,0.366306220917,0.0,0.160902786972,0.64466799117,0.0,-0.065761704304,0.660819132903,0.0,0.120515070134,0.673747359716,0.0,-0.027702600774,0.685228681173,0.0,0.214474852293,0.808430942539,0.0,-0.042235229563,0.809789692274,0.0,0.521759852767,0.44446836412,-0.000294593163,-0.392831424711
2215,1,0.184529409852,-0.004545971631,0.0,-0.184529409852,0.004545971631,0.0,0.188525666743,0.380563577672,0.0,-0.128341214374,0.373019873568,0.0,0.166932523202,0.657591736672,0.0,-0.063695809733,0.672514581333,0.0,0.126289259613,0.688577649343,0.0,-0.024949499624,0.697118451236,0.0,0.222243920392,0.822138473997,0.0,-0.036579839476,0.823371389654,0.0,0.523003578186,0.44443102181,-0.00029146485,-0.38646563343
2216,1,0.182716053573,-0.005007610507,0.0,-0.182716053573,0.005007610507,0.0,0.188433940143,0.376604152958,0.0,-0.125300352782,0.369404824723,0.0,0.167387704792,0.64814810881,0.0,-0.060362922445,0.665480006024,0.0,0.127842510039,0.6778877198,0.0,-0.022179453041,0.689583553145,0.0,0.223197892892,0.813612101513,0.0,-0.032899831424,0.815001024697,0.0,0.524180442095,0.444647908211,-0.000291421078,-0.390090846849
2217,1,0.168571518743,-0.004660515035,0.0,-0.168571518743,0.004660515035,0.0,0.177599652945,0.347117369251,0.0,-0.112627984662,0.340742228259,0.0,0.159165554514,0.597907622249,0.0,-0.051080206999,0.614408974776,0.0,0.122672930291,0.625396943519,0.0,-0.015772851652,0.636698971126,0.0,0.210767993717,0.751103589323,0.0,-0.025557351341,0.752389452975,0.0,0.526170223951,0.444665759802,-0.000269296113,-0.422468378693
2218,1,0.164514506343,-0.00459601131,0.0,-0.164514506343,0.00459601131,0.0,0.176968516903,0.339890986413,0.0,-0.110230183936,0.33313285401,0.0,0.158337352408,0.58554379698,0.0,-0.046479622036,0.60185504674,0.0,0.122518092297,0.612269496048,0.0,-0.012153489001,0.622859355899,0.0,0.209296459098,0.734674474747,0.0,-0.02173211811,0.736344322428,0.0,0.527671709657,0.444851711392,-0.000268309843,-0.432226634818
2219,1,0.169814610977,-0.005104717802,0.0,-0.169814610977,0.005104717802,0.0,0.186969066173,0.347532718062,0.0,-0.10909098345,0.340676906786,0.0,0.168412816524,0.600513781261,0.0,-0.041673690137,0.616480584412,0.0,0.13190348147,0.627940563571,0.0,-0.006331066873,0.63817681119,0.0,0.22116330037,0.752605402037,0.0,-0.015245248646,0.754296044673,0.0,0.53027664125,0.445344492793,-0.000269176438,-0.421269335796
2220,1,0.169001192472,-0.005424514115,0.0,-0.169001192472,0.005424514115,0.0,0.186883617257,0.345877773725,0.0,-0.109776566664,0.339284526228,0.0,0.165322352495,0.595619669161,0.0,-0.039667731598,0.611692412811,0.0,0.127897534262,0.623132636784,0.0,-0.005579774097,0.63355211942,0.0,0.221378228108,0.747235430299,0.0,-0.013182246587,0.748636070552,0.0,0.531034901738,0.445539072156,-0.000267398544,-0.424403854808
2221,1,0.177197631838,-0.006104581739,0.0,-0.177197631838,0.006104581739,0.0,0.197819165448,0.356182703031,0.0,-0.11106619801,0.34909264705,0.0,0.175645103098,0.61183694955,0.0,-0.035255412942,0.628548839529,0.0,0.137684741552,0.640501650835,0.0,0.000271459548,0.651217186142,0.0,0.235359214275,0.768886691358,0.0,-0.007272181786,0.770685743373,0.0,0.533264651895,0.447795882821,-0.000263361726,-0.409335238861
2222,1,0.176418368949,-0.006577411475,0.0,-0.176418368949,0.006577411475,0.0,0.200281959368,0.354743626708,0.0,-0.111649985727,0.348102961448,0.0,0.178564341786,0.609332142567,0.0,-0.032169914416,0.625904706793,0.0,0.138550267022,0.637965046496,0.0,0.003313748999,0.647983078275,0.0,0.238992329627,0.769430053085,0.0,-0.002961288291,0.769090759641,0.0,0.534637615085,0.448571696877,-0.000263256952,-0.409669075375
2223,1,0.176380773656,-0.006892425162,0.0,-0.176380773656,0.006892425162,0.0,0.204263935424,0.354861474276,0.0,-0.111258605619,0.347999753426,0.0,0.18063824375,0.611980694624,0.0,-0.028623164857,0.625782611001,0.0,0.141055863979,0.64081649231,0.0,0.005845306022,0.648003489243,0.0,0.242961870564,0.773860974109,0.0,0.000254203988,0.769964079117,0.0,0.536325499415,0.44926828146,-0.000257393345,-0.408632435065
2224,1,0.174066074703,-0.007014602313,0.0,-0.174066074703,0.007014602313,0.0,0.202539457358,0.352595268798,0.0,-0.108971145738,0.345580235418,0.0,0.178588896812,0.614297927909,0.0,-0.026829689969,0.617981822663,0.0,0.139668831801,0.644369274272,0.0,0.006549948492,0.640200285958,0.0,0.241131121501,0.773281019877,0.0,0.002868065382,0.760179901537,0.0,0.536944940686,0.44912686944,-0.000250595622,-0.414817464858
2225,1,0.203166795524,-0.008148188318,0.0,-0.203166795524,0.008148188318,0.0,0.238655473034,0.41194231773,0.0,-0.123324188875,0.40564202518,0.0,0.211500697179,0.72365715823,0.0,-0.028075108119,0.718524564931,0.0,0.165793313654,0.753889266354,0.0,0.010371690668,0.742903797915,0.0,0.284037074488,0.904414962462,0.0,0.006540720889,0.884453892809,0.0,0.538275718689,0.450088396668,-0.000258438755,-0.356494909815
2226,1,0.201393513043,-0.007971390912,0.0,-0.201393513043,0.007971390912,0.0,0.236695804103,0.408903561031,0.0,-0.119236312029,0.40038390341,0.0,0.213805597051,0.719232139203,0.0,-0.024953186459,0.707418523153,0.0,0.166570867984,0.74940288411,0.0,0.014263486326,0.732775375344,0.0,0.280673824806,0.903284636134,0.0,0.008428300393,0.870559671427,0.0,0.539278894663,0.450046613812,-0.0002744589,-0.36242759456
2227,1,0.202887211424,-0.007975669306,0.0,-0.202887211424,0.007975669306,0.0,0.240330897363,0.410527827501,0.0,-0.118012001433,0.403250551172,0.0,0.223794767282,0.737982277397,0.0,-0.022735556278,0.710885258211,0.0,0.17636051481,0.772636360036,0.0,0.019998785121,0.738108776895,0.0,0.285483032755,0.920828619881,0.0,0.010849481586,0.874873750095,0.0,0.540138587356,0.450197666883,-0.000279516913,-0.360456397915
2228,1,0.199678312149,-0.007873763266,0.0,-0.199678312149,0.007873763266,0.0,0.236673771532,0.403965521999,0.0,-0.114597081286,0.395527604102,0.0,0.225800884745,0.737963547325,0.0,-0.020989730164,0.69547854478,0.0,0.177915433153,0.770969714389,0.0,0.023770212352,0.723343519372,0.0,0.285339424902,0.908241450377,0.0,0.011178028048,0.853141888664,0.0,0.540592730045,0.45018607378,-0.000281297602,-0.367619709174
2229,1,0.208052653766,-0.008570144814,0.0,-0.208052653766,0.008570144814,0.0,0.249615270263,0.419859689421,0.0,-0.115816951886,0.411104647976,0.0,0.246980324245,0.77638045163,0.0,-0.01826809148,0.720858223905,0.0,0.199496959283,0.809641902281,0.0,0.029092825941,0.750125467875,0.0,0.310346377518,0.955168058552,0.0,0.015622413344,0.88683607722,0.0,0.542014360428,0.450574576855,-0.000288043171,-0.352669924834
2230,1,0.203939513443,-0.00878224303,0.0,-0.203939513443,0.00878224303,0.0,0.247683216723,0.410537101945,0.0,-0.112025832631,0.400873729973,0.0,0.25593197983,0.77317274046,0.0,-0.015310089853,0.704616485773,0.0,0.215020877525,0.807868987335,0.0,0.031809596504,0.733160508502,0.0,0.313597404874,0.944716448371,0.0,0.016959792963,0.866622909464,0.0,0.542965590954,0.450320899487,-0.000296803191,-0.361160759981
2231,1,0.185010939869,-0.008900857721,0.0,-0.185010939869,0.008900857721,0.0,0.227639909505,0.370789544742,0.0,-0.099762747772,0.362398576738,0.0,0.244555681724,0.714235752039,0.0,-0.011533419712,0.640105187665,0.0,0.200921853331,0.753836574338,0.0,0.031512204163,0.665633938542,0.0,0.305173212647,0.861063446246,0.0,0.017763439035,0.785050027589,0.0,0.543982818723,0.44928278029,-0.000298107043,-0.397479468552
2232,1,0.18559361773,-0.010699678165,0.0,-0.18559361773,0.010699678165,0.0,0.228170322805,0.373654107267,0.0,-0.099586828417,0.366000695709,0.0,0.253655293763,0.72276643831,0.0,-0.012110288874,0.642681401374,0.0,0.206878220139,0.766044867366,0.0,0.031428849093,0.66712023658,0.0,0.307918823239,0.86145757813,0.0,0.018177246214,0.788855546929,0.0,0.544172972441,0.447897598147,-0.000300708227,-0.397350718431
2233,1,0.17979367221,-0.010551332696,0.0,-0.17979367221,0.010551332696,0.0,0.221846803903,0.357083175597,0.0,-0.097117760779,0.353849961508,0.0,0.255121838494,0.70221886777,0.0,-0.011344278342,0.622646046014,0.0,0.214391009019,0.74901878123,0.0,0.030700430118,0.645809643946,0.0,0.312649391613,0.832384671556,0.0,0.018231141987,0.763729810937,0.0,0.544360131025,0.447891116142,-0.000300385989,-0.410420767117
2234,1,0.168956286164,-0.010397680107,0.0,-0.168956286164,0.010397680107,0.0,0.210909408789,0.32797777587,0.0,-0.090244085574,0.330918496647,0.0,0.248920613988,0.664313362791,0.0,-0.009504371323,0.583578699917,0.0,0.207529081657,0.727799073679,0.0,0.030171467508,0.601044451559,0.0,0.309424715248,0.782986190678,0.0,0.020707916776,0.715745668113,0.0,0.544866621494,0.447547897696,-0.000278067775,-0.436588219727
2235,1,0.169114981739,-0.011606315716,0.0,-0.169114981739,0.011606315716,0.0,0.211330343769,0.321898622333,0.0,-0.090054417943,0.331215112255,0.0,0.255624503946,0.664403082068,0.0,-0.009214953565,0.585511039945,0.0,0.217847175209,0.7325684602,0.0,0.030275792656,0.602416604354,0.0,0.310687321966,0.779444935064,0.0,0.02154298315,0.717693486361,0.0,0.545105367899,0.446802213788,-0.000271398574,-0.436455027656
2236,1,0.170387373362,-0.012893926314,0.0,-0.170387373362,0.012893926314,0.0,0.212076363939,0.315454069586,0.0,-0.090833135157,0.331617120962,0.0,0.260872876716,0.671414278232,0.0,-0.008440604997,0.593613163554,0.0,0.220449042469,0.744043188885,0.0,0.031916268235,0.611064266272,0.0,0.332233872605,0.775802295271,0.0,0.024979355255,0.724733728336,0.0,0.545429140329,0.445569351315,-0.000265353359,-0.432162724638
2237,1,0.169006007636,-0.013810063543,0.0,-0.169006007636,0.013810063543,0.0,0.210144401229,0.307144877366,0.0,-0.088917219867,0.328205789754,0.0,0.2610668793,0.668914023311,0.0,-0.006965304602,0.593494671493,0.0,0.218923801858,0.746461101717,0.0,0.03591163897,0.612739608601,0.0,0.340385377561,0.75079391186,0.0,0.022675124028,0.714125616522,0.0,0.545896694064,0.443361461163,-0.000259804539,-0.436111065677
2238,1,0.167342407783,-0.014899321895,0.0,-0.167342407783,0.014899321895,0.0,0.20870766557,0.299544443417,0.0,-0.08747606542,0.326448136073,0.0,0.26536664235,0.657242622187,0.0,-0.006049586764,0.596116043879,0.0,0.228524115777,0.737092459466,0.0,0.036014837201,0.623987177971,0.0,0.339070906331,0.719432966681,0.0,0.02347151457,0.709321573465,0.0,0.546130388975,0.441610381007,-0.000249382108,-0.440577381897
2239,1,0.193182162498,-0.017525596971,0.0,-0.193182162498,0.017525596971,0.0,0.243225474619,0.342623271386,0.0,-0.099169309946,0.375692471349,0.0,0.312414698243,0.756423398159,0.0,-0.003468254557,0.700067961406,0.0,0.282652762807,0.857236356794,0.0,0.044967819557,0.734921989544,0.0,0.391324791123,0.809889940875,0.0,0.03018508238,0.820829589219,0.0,0.546923011541,0.43948841095,-0.000264603179,-0.380604780846
2240,1,0.181689314399,-0.017367584045,0.0,-0.181689314399,0.017367584045,0.0,0.229287903773,0.320110079282,0.0,-0.091831316914,0.354807704417,0.0,0.31423005171,0.705704880273,0.0,-0.000127322781,0.662065860403,0.0,0.293025776032,0.806926564521,0.0,0.043802783562,0.693654840701,0.0,0.377345269284,0.744911480426,0.0,0.038129168773,0.774734839795,0.0,0.547484844923,0.437488779426,-0.000247307122,-0.405641664059
2241,1,0.186943531849,-0.018131784773,0.0,-0.186943531849,0.018131784773,0.0,0.235837250796,0.324056083394,0.0,-0.093901912399,0.366124589943,0.0,0.33711150498,0.718535767198,0.0,0.002586471052,0.683249851365,0.0,0.314170460448,0.831075143417,0.0,0.046834426708,0.71599448722,0.0,0.394332170467,0.754984559691,0.0,0.043386604723,0.800161728462,0.0,0.547923624516,0.43641884625,-0.000244884752,-0.394365243446
2242,1,0.193341400257,-0.019941071271,0.0,-0.193341400257,0.019941071271,0.0,0.241305921764,0.330723892264,0.0,-0.097616968492,0.380651226953,0.0,0.350029581471,0.741436078256,0.0,0.004361402958,0.716734119336,0.0,0.330412008719,0.86661170251,0.0,0.051135878537,0.767776491471,0.0,0.40529487636,0.778494022416,0.0,0.044857066384,0.82243069015,0.0,0.547992095351,0.433544278145,-0.000240772031,-0.381029273302
2243,1,0.189234049208,-0.021282503294,0.0,-0.189234049208,0.021282503294,0.0,0.235316358054,0.327292845063,0.0,-0.095976729369,0.377478711433,0.0,0.340539355024,0.710427669934,0.0,0.005517366104,0.704780232982,0.0,0.333967318068,0.812806690553,0.0,0.05286208458,0.747568381978,0.0,0.395176297033,0.781011305563,0.0,0.044663837132,0.815821979728,0.0,0.548297539353,0.431663915515,-0.000240486581,-0.38985408559
2244,1,0.189339477361,-0.021442932194,0.0,-0.189339477361,0.021442932194,0.0,0.235191376898,0.327491287507,0.0,-0.09575203004,0.379188886522,0.0,0.338892465216,0.715573578764,0.0,0.006813243761,0.707034485482,0.0,0.328409875587,0.817905574913,0.0,0.055110125449,0.752487856292,0.0,0.393346974984,0.774792471188,0.0,0.051195922125,0.815939836169,0.0,0.548394456506,0.430727109313,-0.000238518696,-0.389907422557
2245,1,0.196265608851,-0.021598358331,0.0,-0.196265608851,0.021598358331,0.0,0.243312890637,0.338805975426,0.0,-0.09817927989,0.39066045216,0.0,0.349517407023,0.74000930186,0.0,0.008162415983,0.728097234398,0.0,0.33634604764,0.859068166873,0.0,0.058316182436,0.775529328296,0.0,0.404540414548,0.78136056023,0.0,0.053855326272,0.841171762556,0.0,0.548824757338,0.431098490953,-0.000235649291,-0.378016000429
2246,1,0.171053695572,-0.019002358752,0.0,-0.171053695572,0.019002358752,0.0,0.212240091519,0.29650114608,0.0,-0.085557081427,0.340020685851,0.0,0.303977341455,0.642692002725,0.0,0.007163723823,0.633992547362,0.0,0.288635486438,0.720228236605,0.0,0.05102641542,0.671620649895,0.0,0.344036572294,0.684307510238,0.0,0.043280694006,0.73296388305,0.0,0.548833906651,0.431335046887,-0.000235749874,-0.433722879263
2247,1,0.173400321593,-0.018981592141,0.0,-0.173400321593,0.018981592141,0.0,0.216456913103,0.302559997506,0.0,-0.086454649078,0.345508544291,0.0,0.30228656608,0.653742392402,0.0,0.010175912142,0.643982165914,0.0,0.287168830803,0.722914637832,0.0,0.056065288172,0.681447407983,0.0,0.337667928718,0.714240169975,0.0,0.047665055437,0.745710397446,0.0,0.549082517624,0.431607380509,-0.000245698262,-0.426438130853
2248,1,0.176667900884,-0.019029892392,0.0,-0.176667900884,0.019029892392,0.0,0.221145990663,0.309293946868,0.0,-0.087908767368,0.35177715903,0.0,0.304239053841,0.665873676058,0.0,0.010134025281,0.654914413694,0.0,0.279691943449,0.739874715922,0.0,0.058562219051,0.68954781838,0.0,0.34227769604,0.755523360872,0.0,0.048407229153,0.757861858882,0.0,0.549091264606,0.431870341301,-0.000248383731,-0.418647476361
2249,1,0.17465231266,-0.018730610031,0.0,-0.17465231266,0.018730610031,0.0,0.218804408294,0.308763746439,0.0,-0.08646913789,0.34905013888,0.0,0.298933161129,0.664692125388,0.0,0.010149027562,0.646201789394,0.0,0.27609467419,0.733977729574,0.0,0.058040884801,0.678728209927,0.0,0.333818629445,0.76607707444,0.0,0.047779530006,0.751689338471,0.0,0.549156472087,0.432008564472,-0.000251842663,-0.423578561821
2250,1,0.169282028139,-0.017954659186,0.0,-0.169282028139,0.017954659186,0.0,0.210479570232,0.299460512919,0.0,-0.084275631548,0.337544452103,0.0,0.286324416461,0.647629608968,0.0,0.008706504669,0.623561675333,0.0,0.26289309814,0.710280985185,0.0,0.055938398586,0.652622739568,0.0,0.319149838372,0.755376733919,0.0,0.045498043388,0.726078290008,0.0,0.5487870574,0.432122379541,-0.00024232734,-0.438410360055
2251,1,0.167755443252,-0.017052841113,0.0,-0.167755443252,0.017052841113,0.0,0.208262733752,0.30278661779,0.0,-0.082936390889,0.33343180914,0.0,0.283698497024,0.650975459388,0.0,0.0087713003,0.609625703062,0.0,0.258059114573,0.717183449135,0.0,0.055508309901,0.628639030813,0.0,0.316484183607,0.75403147453,0.0,0.039270409437,0.72353708207,0.0,0.548841252923,0.433954790235,-0.000240682624,-0.442295017064
2252,1,0.166327972022,-0.016701236371,0.0,-0.166327972022,0.016701236371,0.0,0.205637625691,0.30377993974,0.0,-0.082748682649,0.329330918063,0.0,0.279003521265,0.657807071264,0.0,0.00693325197,0.601405252589,0.0,0.25170329391,0.729408056668,0.0,0.05307056156,0.616538709186,0.0,0.319941400031,0.753477691365,0.0,0.037917112022,0.716465026663,0.0,0.548541709781,0.434322237968,-0.000241180882,-0.447192677287
2253,1,0.158872378451,-0.01352923197,0.0,-0.158872378451,0.01352923197,0.0,0.197194386095,0.297785216129,0.0,-0.077960205593,0.312391290568,0.0,0.266445672379,0.622190017565,0.0,0.005936940343,0.567132758234,0.0,0.236068294203,0.682505672487,0.0,0.049445411914,0.582029742146,0.0,0.305797003034,0.729047114015,0.0,0.032881013842,0.681193460702,0.0,0.548549816012,0.437640920281,-0.000239643268,-0.468175244807
2254,1,0.180125735123,-0.014365003908,0.0,-0.180125735123,0.014365003908,0.0,0.225279212952,0.337835456939,0.0,-0.089793345014,0.349676414976,0.0,0.299717083396,0.70602499038,0.0,0.004067679903,0.631914750144,0.0,0.260155448496,0.769743748852,0.0,0.054057152026,0.648760403291,0.0,0.351470226284,0.829967641417,0.0,0.03549431424,0.766754410607,0.0,0.548198774457,0.438752710819,-0.000254346989,-0.414792614205
2255,1,0.184861042758,-0.014316339033,0.0,-0.184861042758,0.014316339033,0.0,0.232297634929,0.351981777921,0.0,-0.09305570593,0.358137236965,0.0,0.306766093485,0.725879085909,0.0,0.002695797256,0.645209593075,0.0,0.262819841578,0.787936478856,0.0,0.054557464479,0.661665645129,0.0,0.360354383637,0.859804199181,0.0,0.035101706525,0.791643412103,0.0,0.548075586557,0.439470425248,-0.00026295986,-0.40411937231
2256,1,0.204915480342,-0.014912848632,0.0,-0.204915480342,0.014912848632,0.0,0.258158368066,0.393768513794,0.0,-0.104329971704,0.396130912837,0.0,0.337739761923,0.799431955651,0.0,0.001272442027,0.711820484508,0.0,0.290558831406,0.851617101635,0.0,0.059291377553,0.729566803853,0.0,0.39072001532,0.951971085997,0.0,0.037018709501,0.877364598665,0.0,0.547731950879,0.440960019827,-0.000279745087,-0.364026482864
2257,1,0.199075359631,-0.013112079962,0.0,-0.199075359631,0.013112079962,0.0,0.251416452155,0.384037559289,0.0,-0.101341473268,0.381094376102,0.0,0.327419623866,0.772668035487,0.0,0.00092443793,0.684167948873,0.0,0.280938727249,0.819317170819,0.0,0.05683155484,0.702024320814,0.0,0.379260057067,0.92527494737,0.0,0.035902022379,0.847230001982,0.0,0.547745153308,0.44377283752,-0.000278046355,-0.374657592915
2258,1,0.194934949315,-0.012100034453,0.0,-0.194934949315,0.012100034453,0.0,0.246763149344,0.375946348987,0.0,-0.099819008265,0.370894902099,0.0,0.315280179704,0.752252131142,0.0,0.000533642465,0.663769532126,0.0,0.274227501932,0.79265561073,0.0,0.054189483285,0.68273686127,0.0,0.352676486114,0.908715121155,0.0,0.035452565008,0.826078108103,0.0,0.547737285495,0.444782659411,-0.000282330438,-0.382859000974
2259,1,0.193211981318,-0.01151949726,0.0,-0.193211981318,0.01151949726,0.0,0.244347449871,0.371725361422,0.0,-0.099168060665,0.365964166167,0.0,0.307218175038,0.746517530092,0.0,0.000388158524,0.652075652438,0.0,0.269018623596,0.786806857282,0.0,0.053857438884,0.672075962107,0.0,0.337931922301,0.898128500047,0.0,0.035037266919,0.814522039439,0.0,0.547725886106,0.445405945182,-0.000283459201,-0.38627384053
2260,1,0.185488678709,-0.010787985231,0.0,-0.185488678709,0.010787985231,0.0,0.232560716212,0.356645001823,0.0,-0.095555343836,0.350654264307,0.0,0.286670918762,0.715148826524,0.0,0.000320744599,0.623884825497,0.0,0.256281080728,0.751313178082,0.0,0.051396258206,0.643747813203,0.0,0.303107570708,0.859081882373,0.0,0.033738310942,0.780739486456,0.0,0.547750100493,0.445625320077,-0.000268366188,-0.40246588659
2261,1,0.184011223431,-0.010563129253,0.0,-0.184011223431,0.010563129253,0.0,0.228866478808,0.356258946159,0.0,-0.095687733517,0.348456091175,0.0,0.274779511963,0.704346841674,0.0,-0.003102293489,0.617993376596,0.0,0.248942081877,0.72854517879,0.0,0.046509877988,0.639239393227,0.0,0.286733957489,0.848975153968,0.0,0.030530134978,0.772980803457,0.0,0.547383710742,0.446022436023,-0.000265719369,-0.405881334707
2262,1,0.193207448538,-0.011061505746,0.0,-0.193207448538,0.011061505746,0.0,0.238767369139,0.382203481031,0.0,-0.100623572036,0.369796059612,0.0,0.277671160028,0.732043881577,0.0,-0.003322625644,0.654697977035,0.0,0.250005707143,0.751295914909,0.0,0.04879227847,0.680672876512,0.0,0.295037136923,0.890617822205,0.0,0.03135269862,0.814229990511,0.0,0.547328293324,0.446016490459,-0.000266160816,-0.386280897526
2263,1,0.212508265048,-0.01180424834,0.0,-0.212508265048,0.01180424834,0.0,0.259942382039,0.424548617622,0.0,-0.113133653081,0.410641653595,0.0,0.292585993153,0.793242053928,0.0,-0.005964353809,0.73168946015,0.0,0.261541309694,0.81223994648,0.0,0.051409672758,0.760344338456,0.0,0.312452635263,0.978144673184,0.0,0.027836881608,0.900696147312,0.0,0.546533286572,0.446350872517,-0.000259468332,-0.350561251248
2264,1,0.222906738837,-0.012276694616,0.0,-0.222906738837,0.012276694616,0.0,0.271069361862,0.447457750264,0.0,-0.119032705779,0.433177677775,0.0,0.293937746036,0.809948730523,0.0,-0.007587603179,0.769110019195,0.0,0.256303530178,0.830050069892,0.0,0.050053919763,0.798023119478,0.0,0.324358125903,1.017980052185,0.0,0.02880262349,0.952720577255,0.0,0.546396628022,0.446301430464,-0.000315682031,-0.334368672655
2265,1,0.214097922813,-0.010517047953,0.0,-0.214097922813,0.010517047953,0.0,0.259893517573,0.426677277227,0.0,-0.116093324467,0.414456927283,0.0,0.272182842722,0.752199802797,0.0,-0.008641265108,0.737848161857,0.0,0.239075086998,0.777134210923,0.0,0.045405991956,0.76536558431,0.0,0.311042188035,0.952382984757,0.0,0.025918654314,0.913896533969,0.0,0.545957177877,0.446924120188,-0.000333329663,-0.347818748487
2266,1,0.222907509645,-0.010627682054,0.0,-0.222907509645,0.010627682054,0.0,0.27081396369,0.44400506119,0.0,-0.122247128452,0.430954983494,0.0,0.272119740248,0.76474694297,0.0,-0.010818180434,0.769625525145,0.0,0.233497288689,0.790929877104,0.0,0.043190032389,0.79821404887,0.0,0.320881336249,0.976635135927,0.0,0.021826859249,0.953565254632,0.0,0.545726686716,0.446954339743,-0.000333007425,-0.333382094179
2267,1,0.182869356767,-0.008779950161,0.0,-0.182869356767,0.008779950161,0.0,0.221083907558,0.364170521756,0.0,-0.102220815546,0.354344596416,0.0,0.216169329483,0.619105475649,0.0,-0.012432455834,0.630576324537,0.0,0.180336694369,0.641495585813,0.0,0.027034988918,0.653816872365,0.0,0.263158470225,0.789935654438,0.0,0.015772380508,0.783023039818,0.0,0.545002579689,0.44691863656,-0.000312772579,-0.405873954818
2268,1,0.186479699408,-0.008158221139,0.0,-0.186479699408,0.008158221139,0.0,0.223012653364,0.372244622489,0.0,-0.107357423264,0.36051957404,0.0,0.213511145031,0.629672166951,0.0,-0.016536664981,0.64525578432,0.0,0.173681116877,0.65755133302,0.0,0.021501037797,0.668979048925,0.0,0.266653596182,0.798634799472,0.0,0.01306285728,0.801393943415,0.0,0.543833628297,0.446577176452,-0.000313766534,-0.397120341599
2269,1,0.178653103614,-0.007569921797,0.0,-0.178653103614,0.007569921797,0.0,0.209089077317,0.355821198303,0.0,-0.106723562326,0.345086079903,0.0,0.19899087311,0.601868699857,0.0,-0.020085005836,0.617242040385,0.0,0.157946503682,0.630585521889,0.0,0.015889308475,0.639937023855,0.0,0.253082009285,0.761915563711,0.0,0.008228685964,0.766906255703,0.0,0.542061939836,0.446434259415,-0.000290866126,-0.415323471277
2270,1,0.177189877218,-0.007409764881,0.0,-0.177189877218,0.007409764881,0.0,0.203370110878,0.353847115158,0.0,-0.110796917499,0.344556322388,0.0,0.191157642381,0.59523946501,0.0,-0.024872657576,0.616011179631,0.0,0.149514043445,0.623821408483,0.0,0.010532854009,0.638677454716,0.0,0.247901303501,0.757102806319,0.0,0.002608922889,0.766818478975,0.0,0.539869397879,0.446360498667,-0.000283244648,-0.416228178159
2271,1,0.192017125478,-0.007905553192,0.0,-0.192017125478,0.007905553192,0.0,0.212710411562,0.382043810141,0.0,-0.124591383501,0.373819862346,0.0,0.198446612296,0.643692041548,0.0,-0.034841372407,0.665995856553,0.0,0.153758715391,0.674334626297,0.0,0.002974872454,0.690537692359,0.0,0.260663451119,0.818313138101,0.0,-0.005715336131,0.829376023727,0.0,0.536613717675,0.446557685733,-0.000295739388,-0.384656784199
2272,1,0.188911321004,-0.006761170697,0.0,-0.188911321004,0.006761170697,0.0,0.208542017998,0.376522639202,0.0,-0.123161398438,0.369655237233,0.0,0.193671171087,0.640225025411,0.0,-0.037357155359,0.659939252725,0.0,0.149616851766,0.670874297977,0.0,-6.0982493e-05,0.684449238206,0.0,0.256026899218,0.812483072735,0.0,-0.008002258214,0.821339277255,0.0,0.535469815135,0.445833042264,-0.000297081308,-0.389251877313
2273,1,0.189100403754,-0.006731777671,0.0,-0.189100403754,0.006731777671,0.0,0.202967632749,0.375545644812,0.0,-0.126729004429,0.368811078707,0.0,0.185343045441,0.636730291325,0.0,-0.044530078073,0.657768075362,0.0,0.138808121095,0.667162731671,0.0,-0.008360949228,0.682238918951,0.0,0.249454809927,0.80759013111,0.0,-0.015782463383,0.819299417314,0.0,0.532768636942,0.445857152343,-0.000297696097,-0.390105893496
2274,1,0.189497041608,-0.006457189414,0.0,-0.189497041608,0.006457189414,0.0,0.20100272561,0.377350490811,0.0,-0.126144834539,0.370686797188,0.0,0.183439815011,0.64150751403,0.0,-0.047743220729,0.661426306916,0.0,0.134907335347,0.672169897531,0.0,-0.012623538637,0.68671559055,0.0,0.249322945652,0.812746544655,0.0,-0.018744074774,0.823227534972,0.0,0.531620085239,0.44578576088,-0.000299596228,-0.388360361851
2275,1,0.190766985364,-0.006477560479,0.0,-0.190766985364,0.006477560479,0.0,0.193978866399,0.380448713645,0.0,-0.129868426666,0.37374535467,0.0,0.174928579398,0.648160426154,0.0,-0.05797130607,0.667251661872,0.0,0.125793526286,0.678250688217,0.0,-0.022992123407,0.693257270173,0.0,0.241927722683,0.820298609881,0.0,-0.02871937027,0.831221312154,0.0,0.527806460857,0.445760369301,-0.000306218863,-0.385004223083
2276,1,0.19439951643,-0.006398233778,0.0,-0.19439951643,0.006398233778,0.0,0.195249846389,0.387789127374,0.0,-0.133518046459,0.38057051376,0.0,0.174940334906,0.662524462077,0.0,-0.063036531895,0.68255935153,0.0,0.123204507523,0.694251309242,0.0,-0.027127601621,0.709554396123,0.0,0.245399822659,0.839710660076,0.0,-0.033263890669,0.849273465097,0.0,0.526484876871,0.445664942265,-0.000307682203,-0.376134605432
2277,1,0.194716168328,-0.00634263929,0.0,-0.194716168328,0.00634263929,0.0,0.194244044709,0.386668413366,0.0,-0.135042968457,0.379481730571,0.0,0.170090162446,0.662270338429,0.0,-0.0665723948,0.682378598782,0.0,0.118570977017,0.695509991491,0.0,-0.029953721694,0.710357219936,0.0,0.241744961673,0.838377823907,0.0,-0.037988203163,0.84743813861,0.0,0.52468355,0.445639923215,-0.000306034926,-0.376976415433
2278,1,0.191277759843,-0.006231108445,0.0,-0.191277759843,0.006231108445,0.0,0.188231640144,0.378281068356,0.0,-0.132227537844,0.372368039851,0.0,0.16411303474,0.65001691629,0.0,-0.068157238585,0.669698461692,0.0,0.113339951004,0.682797924588,0.0,-0.030863839645,0.697176379166,0.0,0.234718402737,0.822916948164,0.0,-0.042406262445,0.830782832339,0.0,0.523491322994,0.445634931326,-0.000294623722,-0.384147210841
2279,1,0.190569379445,-0.006124348174,0.0,-0.190569379445,0.006124348174,0.0,0.185459494802,0.37428057644,0.0,-0.133972585281,0.370233721308,0.0,0.159990240309,0.648231894723,0.0,-0.071766769039,0.668713880116,0.0,0.109010446367,0.681806090847,0.0,-0.03343372658,0.696301215488,0.0,0.230272648663,0.822143646656,0.0,-0.047749923928,0.829273008522,0.0,0.521860346198,0.445533633232,-0.000288187002,-0.384756084581
2280,1,0.183443046324,-0.005364010542,0.0,-0.183443046324,0.005364010542,0.0,0.177467915623,0.361188273828,0.0,-0.13125311496,0.358468804104,0.0,0.151811059255,0.627560385737,0.0,-0.07243752013,0.647969071652,0.0,0.102609067886,0.660078032478,0.0,-0.035446767544,0.674628476785,0.0,0.220040796797,0.794969095694,0.0,-0.048993913796,0.802841126586,0.0,0.520642399788,0.445041209459,-0.000290207972,-0.397741324061
2281,1,0.189829627206,-0.005482983753,0.0,-0.189829627206,0.005482983753,0.0,0.183174439696,0.375209012345,0.0,-0.134755352396,0.371493286054,0.0,0.156038250891,0.650743655273,0.0,-0.076686934498,0.67139320722,0.0,0.104947363914,0.684493088108,0.0,-0.039690765617,0.698034307614,0.0,0.226668119672,0.823396844862,0.0,-0.050925093722,0.831771249014,0.0,0.520019128919,0.445057079196,-0.00028082919,-0.383689052042
2282,1,0.196050657572,-0.005063427551,0.0,-0.196050657572,0.005063427551,0.0,0.187833238283,0.38802530187,0.0,-0.143746129061,0.384026358611,0.0,0.158192529022,0.673859870125,0.0,-0.083958319466,0.695374403907,0.0,0.104609942885,0.708820182191,0.0,-0.045349865591,0.723694131487,0.0,0.231523803348,0.852740262385,0.0,-0.059184295804,0.86126080763,0.0,0.518378615379,0.445473760366,-0.000280413908,-0.370063795532
2283,1,0.193152233247,-0.00500334905,0.0,-0.193152233247,0.00500334905,0.0,0.185339722143,0.384034782818,0.0,-0.143247573405,0.380170181981,0.0,0.156161890156,0.669706880304,0.0,-0.084385356214,0.689418289789,0.0,0.10199816531,0.706250939966,0.0,-0.046366121745,0.718281618717,0.0,0.231598617877,0.8464701957,0.0,-0.058295394187,0.852622178483,0.0,0.517556786537,0.445468842983,-0.000293236692,-0.373828356644
2284,1,0.209901989016,-0.005380352691,0.0,-0.209901989016,0.005380352691,0.0,0.201197923027,0.416208021688,0.0,-0.156936419618,0.412760187395,0.0,0.169919952226,0.728075169624,0.0,-0.09158665089,0.74929123841,0.0,0.111148119665,0.767782277328,0.0,-0.047326447177,0.780910249516,0.0,0.252175823581,0.920133715055,0.0,-0.064905099307,0.926010941635,0.0,0.516987383366,0.445443794131,-0.000303779379,-0.343953308639
2285,1,0.202785147735,-0.005070364211,0.0,-0.202785147735,0.005070364211,0.0,0.194621172919,0.401497138459,0.0,-0.151371474678,0.397739322907,0.0,0.162691793589,0.702998726392,0.0,-0.089755553366,0.722936341774,0.0,0.105931502975,0.74157660013,0.0,-0.048282480948,0.754212187964,0.0,0.243549779516,0.887856701783,0.0,-0.059325416557,0.894139927413,0.0,0.516531392932,0.445490196347,-0.000289319782,-0.356059270947
2286,1,0.189032656243,-0.004699377496,0.0,-0.189032656243,0.004699377496,0.0,0.180967420141,0.375137209039,0.0,-0.14193589387,0.371252620734,0.0,0.150140166891,0.656136140568,0.0,-0.085239015388,0.675380320339,0.0,0.097584602365,0.691765563231,0.0,-0.047623507417,0.704702565405,0.0,0.226283290049,0.829482804837,0.0,-0.055385020575,0.835363018666,0.0,0.516036748886,0.445469692349,-0.000287847826,-0.381111214549
2287,1,0.187471930739,-0.004542156453,0.0,-0.187471930739,0.004542156453,0.0,0.177998358693,0.37220797889,0.0,-0.141485325099,0.368401459513,0.0,0.147757358765,0.652119279819,0.0,-0.085708182575,0.671675275053,0.0,0.095573722861,0.687073341784,0.0,-0.04804548384,0.699932593688,0.0,0.223030354477,0.822924084726,0.0,-0.057753199632,0.828165653704,0.0,0.515563979745,0.445006757975,-0.000287554227,-0.385028543219
2288,1,0.189144796782,-0.004595514714,0.0,-0.189144796782,0.004595514714,0.0,0.176957738551,0.373823993426,0.0,-0.143871196717,0.369570028323,0.0,0.148222946985,0.657122982402,0.0,-0.088065668748,0.67419984213,0.0,0.096294290375,0.693803284261,0.0,-0.050217066991,0.702972118009,0.0,0.221468614329,0.825330384428,0.0,-0.060492425248,0.830013983398,0.0,0.51471696794,0.444880604744,-0.000282648427,-0.384014551125
2289,1,0.180346613887,-0.004239059773,0.0,-0.180346613887,0.004239059773,0.0,0.166847500741,0.354908747404,0.0,-0.137516238331,0.350202386798,0.0,0.138913197018,0.624012340139,0.0,-0.085511329955,0.639773357553,0.0,0.090066867428,0.658396472662,0.0,-0.049643463792,0.667204130424,0.0,0.209694035919,0.784705829075,0.0,-0.059112116478,0.788624131432,0.0,0.514087349176,0.444813162088,-0.000279357599,-0.403889945052
2290,1,0.180852331904,-0.004018838119,0.0,-0.180852331904,0.004018838119,0.0,0.166761653767,0.355643536776,0.0,-0.137605798682,0.350959028735,0.0,0.139596456072,0.625123444286,0.0,-0.085587963649,0.64064732188,0.0,0.0906720066,0.65947413958,0.0,-0.047808758023,0.66767077295,0.0,0.210117359219,0.785965459119,0.0,-0.059526971421,0.786776347313,0.0,0.51397459209,0.444637179375,-0.000280230961,-0.403471030305
2291,1,0.180835909139,-0.003920772965,0.0,-0.180835909139,0.003920772965,0.0,0.164833491654,0.355663260444,0.0,-0.137749811201,0.350910249674,0.0,0.137805637875,0.625328811023,0.0,-0.08670151682,0.640265138149,0.0,0.088828461484,0.659909195227,0.0,-0.048030519716,0.667656197172,0.0,0.208635159235,0.785139118828,0.0,-0.062144122432,0.784670971235,0.0,0.513266816735,0.444449424744,-0.000278025331,-0.404114312156
2292,1,0.182500280783,-0.003937033312,0.0,-0.182500280783,0.003937033312,0.0,0.165292411638,0.357918385332,0.0,-0.139308162514,0.353170383509,0.0,0.138092878933,0.629368093037,0.0,-0.088236410076,0.643112355724,0.0,0.088681219752,0.663483926271,0.0,-0.049208369578,0.669824691181,0.0,0.209219148825,0.790779072572,0.0,-0.063180381946,0.789103315956,0.0,0.51292167604,0.44444014132,-0.000284526672,-0.401464997513
2293,1,0.193068646652,-0.004278768209,0.0,-0.193068646652,0.004278768209,0.0,0.173303660438,0.378352834548,0.0,-0.146225826173,0.373015206785,0.0,0.144174847019,0.664503952966,0.0,-0.094711993213,0.67903161741,0.0,0.092545964103,0.700522039245,0.0,-0.052804008017,0.707320887702,0.0,0.219780626766,0.834318470601,0.0,-0.068477152789,0.832335094078,0.0,0.512322932482,0.444592818618,-0.000283440284,-0.380008901296
2294,1,0.193345673546,-0.004617320907,0.0,-0.193345673546,0.004617320907,0.0,0.173359966845,0.377867101441,0.0,-0.147170811397,0.372730281257,0.0,0.143733984604,0.666915727589,0.0,-0.096478639528,0.680552514726,0.0,0.092149544487,0.702428082573,0.0,-0.055110454376,0.708844227289,0.0,0.219601345683,0.837858422854,0.0,-0.067864813011,0.835907161687,0.0,0.511925637722,0.444273814559,-0.000284709444,-0.378596150947
2295,1,0.19090930419,-0.004593342291,0.0,-0.19090930419,0.004593342291,0.0,0.171215619827,0.374152514152,0.0,-0.143733172219,0.368499397097,0.0,0.143299339926,0.659426290865,0.0,-0.0924720648,0.673919819835,0.0,0.094941930599,0.693934426562,0.0,-0.050379523496,0.701188967213,0.0,0.216933176369,0.827109198543,0.0,-0.06582081156,0.825254116417,0.0,0.511908441782,0.444302693009,-0.000281314715,-0.383252144281
2296,1,0.188319432449,-0.004644668175,0.0,-0.188319432449,0.004644668175,0.0,0.167967125043,0.367465665303,0.0,-0.142583166978,0.361703968543,0.0,0.139475468115,0.647882651425,0.0,-0.091812806668,0.660456125904,0.0,0.091812653907,0.681728743572,0.0,-0.050197887457,0.688272883548,0.0,0.211605367254,0.812869709644,0.0,-0.066033884344,0.810456998171,0.0,0.511368304491,0.444232717156,-0.000279834727,-0.390181656676
2297,1,0.188841288083,-0.004799344055,0.0,-0.188841288083,0.004799344055,0.0,0.168574019292,0.368792935183,0.0,-0.141871149742,0.363320099808,0.0,0.139515730899,0.649659735543,0.0,-0.091551409329,0.663826425086,0.0,0.092300609994,0.683064721133,0.0,-0.049425136428,0.691157804798,0.0,0.212794253261,0.815268868109,0.0,-0.066084410529,0.813602802767,0.0,0.511381044984,0.444043397903,-0.000283525296,-0.388917575432
2298,1,0.231433034103,-0.005898388493,0.0,-0.231433034103,0.005898388493,0.0,0.206618100216,0.452213119479,0.0,-0.173987687667,0.445512580965,0.0,0.171037812319,0.796351590069,0.0,-0.113115412794,0.811613531137,0.0,0.113720606965,0.836062548958,0.0,-0.062399915735,0.842516575596,0.0,0.260627029761,0.998545816713,0.0,-0.081277802731,0.998260599466,0.0,0.511358648539,0.44401024282,-0.000283958012,-0.317231344568
2299,1,0.220061404506,-0.005582926154,0.0,-0.220061404506,0.005582926154,0.0,0.197159902262,0.430002598823,0.0,-0.164663558619,0.423763609789,0.0,0.163234416057,0.756770722192,0.0,-0.107727241256,0.772328861398,0.0,0.108900448673,0.794865814735,0.0,-0.060550429119,0.801782768189,0.0,0.248941848513,0.949804106046,0.0,-0.076530686994,0.949660539213,0.0,0.511576384306,0.444002777338,-0.000288761814,-0.333381525892
2300,1,0.216691028414,-0.005455597764,0.0,-0.216691028414,0.005455597764,0.0,0.195030934752,0.424210800364,0.0,-0.161603663388,0.417663043357,0.0,0.161689041333,0.747425263997,0.0,-0.10671754008,0.761244155637,0.0,0.107406466959,0.784994202689,0.0,-0.062100559586,0.790260849987,0.0,0.246231532751,0.936101004691,0.0,-0.076377795979,0.937197437237,0.0,0.511809691787,0.44402487576,-0.000289432068,-0.338242513237
2301,1,0.2145567397,-0.005367131495,0.0,-0.2145567397,0.005367131495,0.0,0.195080493211,0.42019184698,0.0,-0.16059819588,0.413519621476,0.0,0.161728788752,0.740260437887,0.0,-0.104428722645,0.753668581811,0.0,0.107211754041,0.777506309737,0.0,-0.059318957021,0.782762982012,0.0,0.244491799132,0.927163895033,0.0,-0.075042556542,0.928018950608,0.0,0.512022584677,0.443973749876,-0.000291536446,-0.341571668435
2302,1,0.188012433273,-0.004702826664,0.0,-0.188012433273,0.004702826664,0.0,0.172556385633,0.368520072599,0.0,-0.139788658553,0.362759869469,0.0,0.143217460217,0.648634304613,0.0,-0.090564367083,0.661113749876,0.0,0.095367444393,0.680887768839,0.0,-0.051000258443,0.686641849793,0.0,0.216032412217,0.812693644488,0.0,-0.064779747957,0.814044043644,0.0,0.512631863356,0.443932563066,-0.000286545954,-0.389434322927
2303,1,0.185298581927,-0.004695001112,0.0,-0.185298581927,0.004695001112,0.0,0.172395884409,0.362683015853,0.0,-0.135817640231,0.357623720416,0.0,0.143843132878,0.638305951419,0.0,-0.086557501269,0.652012775363,0.0,0.096818640455,0.670327479177,0.0,-0.047544993739,0.677201492361,0.0,0.215766642471,0.800159184477,0.0,-0.061245478849,0.802751164067,0.0,0.513723567128,0.443897560239,-0.000284753391,-0.394929872581
2304,1,0.185179322667,-0.004757135571,0.0,-0.185179322667,0.004757135571,0.0,0.174493829571,0.362912895974,0.0,-0.134735957904,0.357963792094,0.0,0.146858701825,0.640002890748,0.0,-0.084645938704,0.654119793754,0.0,0.099200407089,0.674579242055,0.0,-0.045605710514,0.680381874121,0.0,0.217982148148,0.800916218235,0.0,-0.059312768924,0.803195214027,0.0,0.514511540532,0.443892136216,-0.00028873765,-0.394557846194
2305,1,0.181448174694,-0.004657349582,0.0,-0.181448174694,0.004657349582,0.0,0.172506403396,0.355073435576,0.0,-0.131380078035,0.350244215534,0.0,0.145865743105,0.626303790598,0.0,-0.080224749237,0.640023723259,0.0,0.099247986581,0.660290989439,0.0,-0.041813844148,0.666025374202,0.0,0.215476678603,0.783576345628,0.0,-0.055858601635,0.784771310841,0.0,0.515391603112,0.443862259388,-0.000286176524,-0.403328190674
2306,1,0.190333842493,-0.005025139555,0.0,-0.190333842493,0.005025139555,0.0,0.185850564912,0.374496029608,0.0,-0.133873910093,0.369705328612,0.0,0.16036787938,0.660752902441,0.0,-0.077748245219,0.674816103642,0.0,0.111221683067,0.696379004472,0.0,-0.037187495516,0.702058284408,0.0,0.233844254109,0.826383550105,0.0,-0.052248052659,0.826454356308,0.0,0.517955809832,0.443387448788,-0.000287940493,-0.383018892455
2307,1,0.227321465144,-0.006226074115,0.0,-0.227321465144,0.006226074115,0.0,0.22459625788,0.449354511757,0.0,-0.159164517371,0.444046041908,0.0,0.194919561224,0.791739066009,0.0,-0.092149841887,0.808603809855,0.0,0.135900698504,0.834132588293,0.0,-0.043834745735,0.841260785192,0.0,0.282774364176,0.990263714307,0.0,-0.059505736699,0.991890389133,0.0,0.518842950463,0.443461358547,-0.000297035614,-0.319555020294
2308,1,0.219956530242,-0.006595055915,0.0,-0.219956530242,0.006595055915,0.0,0.224416775117,0.438857471934,0.0,-0.153735868901,0.435390673855,0.0,0.198467619947,0.775548973896,0.0,-0.081731735719,0.792510661274,0.0,0.138618815214,0.816767297735,0.0,-0.035079247867,0.824365564276,0.0,0.285724861669,0.969853005121,0.0,-0.048452773683,0.971757408045,0.0,0.52179518342,0.443073153496,-0.000302564527,-0.326598148055
2309,1,0.193467551367,-0.005795941977,0.0,-0.193467551367,0.005795941977,0.0,0.199114957321,0.384352526032,0.0,-0.135100766453,0.381313551719,0.0,0.17639474009,0.679293678757,0.0,-0.07016051322,0.693902398484,0.0,0.124046441441,0.715423298216,0.0,-0.028509205948,0.721972470086,0.0,0.253322174115,0.848867870024,0.0,-0.039979687578,0.851213276614,0.0,0.522935733199,0.44308026135,-0.000299426436,-0.372890123266
2310,1,0.190792306942,-0.005761653141,0.0,-0.190792306942,0.005761653141,0.0,0.203510884888,0.382505699087,0.0,-0.128737899075,0.379203215408,0.0,0.18573918088,0.675873602364,0.0,-0.060471354801,0.690488663171,0.0,0.133572502982,0.711673861386,0.0,-0.019079377807,0.718160979459,0.0,0.262497076279,0.844980328752,0.0,-0.029390156492,0.846741547353,0.0,0.526772543788,0.443154752254,-0.000305885915,-0.374775644361
2311,1,0.198725034409,-0.00633277525,0.0,-0.198725034409,0.00633277525,0.0,0.214935706591,0.396697366204,0.0,-0.133698134432,0.391978370243,0.0,0.195736818995,0.695937450048,0.0,-0.058302326625,0.711737056714,0.0,0.141674350104,0.732308901487,0.0,-0.017214179811,0.739577275982,0.0,0.274516707427,0.871237213991,0.0,-0.025724213722,0.87388929728,0.0,0.528454169631,0.443683505058,-0.000306486967,-0.362718382938
2312,1,0.190514010891,-0.006081060288,0.0,-0.190514010891,0.006081060288,0.0,0.208775562354,0.376641992076,0.0,-0.127061566891,0.372142017647,0.0,0.190358428752,0.65969509969,0.0,-0.050730588086,0.676410230499,0.0,0.13889262497,0.693932884313,0.0,-0.010284245728,0.703455827309,0.0,0.265463473574,0.828562354998,0.0,-0.020629126186,0.831229343081,0.0,0.530253827572,0.444285616279,-0.000295677455,-0.380425495663
2313,1,0.188871860037,-0.006165900183,0.0,-0.188871860037,0.006165900183,0.0,0.21012683105,0.374440564818,0.0,-0.124890397658,0.369288806259,0.0,0.193242905335,0.654366677146,0.0,-0.04533402854,0.671490720609,0.0,0.142380490399,0.688159730439,0.0,-0.005079964363,0.69839386465,0.0,0.268781366368,0.823738440322,0.0,-0.015261050208,0.825192214441,0.0,0.532274514437,0.444365203381,-0.000283895526,-0.383144395067
2314,1,0.193550646119,-0.006319475906,0.0,-0.193550646119,0.006319475906,0.0,0.217981482032,0.381300707805,0.0,-0.126894282529,0.376515922079,0.0,0.200029805359,0.66331877848,0.0,-0.042644498017,0.683639197104,0.0,0.148570660284,0.695823860939,0.0,-0.001284450839,0.710122344822,0.0,0.277599556614,0.838655365667,0.0,-0.014665787298,0.841437284279,0.0,0.533670067787,0.444877415895,-0.000272112899,-0.375507392637
2315,1,0.202733972416,-0.007063902492,0.0,-0.202733972416,0.007063902492,0.0,0.229384915296,0.398931337608,0.0,-0.132974022374,0.394017564298,0.0,0.212520778783,0.694371833131,0.0,-0.040161242037,0.71588634475,0.0,0.159368634237,0.728465604422,0.0,0.003282832916,0.743963362753,0.0,0.293782866107,0.87811419642,0.0,-0.010894774947,0.880650734426,0.0,0.53527367115,0.44507445395,-0.000278183725,-0.358444955057
2316,1,0.203542531436,-0.007204347455,0.0,-0.203542531436,0.007204347455,0.0,0.231606310675,0.401064746703,0.0,-0.133346355327,0.393987345903,0.0,0.214479576408,0.694334313586,0.0,-0.038420205482,0.716725673713,0.0,0.161470862651,0.728277652939,0.0,0.004323714889,0.744088917052,0.0,0.295923841751,0.880675198918,0.0,-0.008745135444,0.883664185363,0.0,0.53598703444,0.445310950279,-0.000279447995,-0.358247674687
2317,1,0.203617720692,-0.007411500502,0.0,-0.203617720692,0.007411500502,0.0,0.233924092547,0.403591606,0.0,-0.131176494772,0.395317951358,0.0,0.218349885521,0.698690330067,0.0,-0.034797734511,0.716002724276,0.0,0.165611300121,0.733203754831,0.0,0.007951780439,0.744211470289,0.0,0.299259652478,0.883227550773,0.0,-0.005144419069,0.88196980634,0.0,0.537279516459,0.446118861437,-0.000274083111,-0.358600948598
2318,1,0.221949427066,-0.00819455334,0.0,-0.221949427066,0.00819455334,0.0,0.259494294531,0.440233566503,0.0,-0.14006281153,0.429591662633,0.0,0.243159587475,0.767408448492,0.0,-0.034427958771,0.777994506901,0.0,0.18583792644,0.801880640845,0.0,0.01128796718,0.808190997239,0.0,0.329955362443,0.968911704555,0.0,0.001143069842,0.958543606101,0.0,0.538676962256,0.446278750896,-0.000279855449,-0.329800037768
2319,1,0.21993131331,-0.009121244188,0.0,-0.21993131331,0.009121244188,0.0,0.261233765301,0.435513778422,0.0,-0.13772934434,0.425275142388,0.0,0.250054200731,0.780080392466,0.0,-0.032583022557,0.770663937439,0.0,0.19225184675,0.818583270629,0.0,0.013355870706,0.802278921174,0.0,0.33657400911,0.964359350852,0.0,0.003335192401,0.94833909926,0.0,0.539408281446,0.446664690971,-0.000278556719,-0.332538094684
2320,1,0.218051064916,-0.009248942333,0.0,-0.218051064916,0.009248942333,0.0,0.262083506549,0.431211194457,0.0,-0.134495215222,0.421027382349,0.0,0.259449609495,0.789277687523,0.0,-0.030046377498,0.760853895011,0.0,0.198685595617,0.826763961568,0.0,0.01718611192,0.79340557133,0.0,0.355012650014,0.965179011926,0.0,0.005758343057,0.935688566311,0.0,0.540364935994,0.446575865149,-0.000279520173,-0.336845032044
2321,1,0.186737779414,-0.008899155607,0.0,-0.186737779414,0.008899155607,0.0,0.229391246515,0.36783083622,0.0,-0.112421146487,0.35962667061,0.0,0.235204670639,0.684276019046,0.0,-0.02417067208,0.647465498833,0.0,0.182517530234,0.719512795114,0.0,0.017116915246,0.676500987917,0.0,0.316006295287,0.828897351966,0.0,0.008079936525,0.795626099188,0.0,0.54134477675,0.446127206087,-0.000267839525,-0.395711927463
2322,1,0.183731561804,-0.00901950594,0.0,-0.183731561804,0.00901950594,0.0,0.233264387827,0.361155827171,0.0,-0.108160741367,0.353102318211,0.0,0.246461408646,0.68164428602,0.0,-0.020661193673,0.632369093671,0.0,0.193463051369,0.717600696639,0.0,0.020935820678,0.66121076604,0.0,0.340981640198,0.822372118148,0.0,0.011890787799,0.779040306358,0.0,0.543042972684,0.446004286408,-0.000260283705,-0.403366130364
2323,1,0.175117461812,-0.010421712349,0.0,-0.175117461812,0.010421712349,0.0,0.224725811117,0.34326339279,0.0,-0.100876555138,0.336035524437,0.0,0.254845206178,0.654013561135,0.0,-0.017305538605,0.602315750334,0.0,0.200065165813,0.693473458591,0.0,0.022348867801,0.629625509242,0.0,0.340774345306,0.784800958416,0.0,0.012596736717,0.742481287843,0.0,0.544025063515,0.444695100188,-0.000253371894,-0.424414571273
2324,1,0.187462971823,-0.012283883676,0.0,-0.187462971823,0.012283883676,0.0,0.244665155772,0.36813089294,0.0,-0.103777925389,0.360085270542,0.0,0.295936417305,0.710043185796,0.0,-0.013989986975,0.643160391949,0.0,0.234913354979,0.756705512786,0.0,0.028762698308,0.66947053391,0.0,0.39167285057,0.843094161094,0.0,0.018952923496,0.792325140806,0.0,0.545630306005,0.443574219942,-0.000262527727,-0.396856956271
2325,1,0.186229651151,-0.013471874419,0.0,-0.186229651151,0.013471874419,0.0,0.246535663779,0.36411744913,0.0,-0.100814166851,0.360292189131,0.0,0.316065446697,0.707377037937,0.0,-0.011416269152,0.639039188184,0.0,0.258977347669,0.754940193304,0.0,0.029274372553,0.660749191547,0.0,0.402398405378,0.83942350274,0.0,0.022724224838,0.790352241865,0.0,0.546616956592,0.442382916808,-0.000262916554,-0.399378513054
2326,1,0.191071584572,-0.015040950328,0.0,-0.191071584572,0.015040950328,0.0,0.258842730019,0.365468698602,0.0,-0.099140356066,0.371867164143,0.0,0.350471125232,0.731014562932,0.0,-0.007031477636,0.659755311821,0.0,0.296902769172,0.787142427936,0.0,0.032757503367,0.680135348103,0.0,0.440727719378,0.867222504109,0.0,0.028096724101,0.817687322957,0.0,0.54862575233,0.440587878227,-0.000273519661,-0.388529172873
2327,1,0.190064633087,-0.015895184946,0.0,-0.190064633087,0.015895184946,0.0,0.262282531085,0.357669562357,0.0,-0.095576712562,0.3714893523,0.0,0.358622178845,0.731637478085,0.0,-0.002543933816,0.660549094662,0.0,0.309723444519,0.799630642523,0.0,0.034146153341,0.681826313986,0.0,0.472726803671,0.856168373631,0.0,0.031627326653,0.820258903826,0.0,0.550167560577,0.439248502254,-0.000281790504,-0.389338109387
2328,1,0.189820636131,-0.016041810682,0.0,-0.189820636131,0.016041810682,0.0,0.266690447584,0.35221648418,0.0,-0.092574739402,0.37094367354,0.0,0.372167581289,0.733177194673,0.0,0.001774471041,0.661768618965,0.0,0.332810706904,0.836384713972,0.0,0.037254246954,0.685320250739,0.0,0.479664786636,0.822599543004,0.0,0.033421239474,0.806641206673,0.0,0.551335319877,0.438952490687,-0.000269366545,-0.389334354025
2329,1,0.176595001987,-0.016297123973,0.0,-0.176595001987,0.016297123973,0.0,0.251223545166,0.321286658506,0.0,-0.086998048412,0.345466458839,0.0,0.357686550785,0.684235758229,0.0,0.003518822268,0.620744185706,0.0,0.324157808828,0.77441078617,0.0,0.03561159606,0.643707671841,0.0,0.469339149356,0.748902915359,0.0,0.028747302378,0.757737520854,0.0,0.551835507154,0.437343269587,-0.000255282852,-0.417075729905
2330,1,0.187314646348,-0.018524667078,0.0,-0.187314646348,0.018524667078,0.0,0.270495918307,0.335390328422,0.0,-0.091217190959,0.369295091668,0.0,0.38945418102,0.724962444136,0.0,0.005662497511,0.670844577675,0.0,0.357150019701,0.826139555957,0.0,0.038781383734,0.701324490069,0.0,0.512738942712,0.768518493871,0.0,0.03150594803,0.810272765662,0.0,0.5522249192,0.435349702835,-0.000254483195,-0.392572415545
2331,1,0.189777165186,-0.01961383819,0.0,-0.189777165186,0.01961383819,0.0,0.278325271024,0.324754816055,0.0,-0.091915990048,0.374512999208,0.0,0.399431837558,0.726058872942,0.0,0.007436613396,0.685071939716,0.0,0.377806743363,0.836348309175,0.0,0.04022092203,0.717932814807,0.0,0.552810549375,0.758289499795,0.0,0.029741947409,0.825852080141,0.0,0.552588388324,0.434138193727,-0.00023568375,-0.386899299222
2332,1,0.219792709266,-0.02352739769,0.0,-0.219792709266,0.02352739769,0.0,0.332461280479,0.374904544867,0.0,-0.104437974544,0.437374371872,0.0,0.473060219795,0.834404206941,0.0,0.011959697421,0.798031636256,0.0,0.451779248377,0.970466673786,0.0,0.04847754844,0.835192231835,0.0,0.660747811438,0.864012016532,0.0,0.037554294535,0.961393370569,0.0,0.553567275405,0.433550313115,-0.000253070146,-0.332731661834
2333,1,0.212479644552,-0.023819196323,0.0,-0.212479644552,0.023819196323,0.0,0.320941292277,0.345096496207,0.0,-0.101575523212,0.420442420184,0.0,0.462776093813,0.804357952179,0.0,0.012297428913,0.775248818753,0.0,0.446199343938,0.939614023863,0.0,0.046775422761,0.811845726537,0.0,0.645953575614,0.833898786657,0.0,0.036486518868,0.93244488188,0.0,0.553744643927,0.432045698166,-0.000255168416,-0.344758941945
2334,1,0.218054419482,-0.024259088462,0.0,-0.218054419482,0.024259088462,0.0,0.333093260011,0.356418391011,0.0,-0.104688793803,0.431846583029,0.0,0.478407873479,0.816606557782,0.0,0.013074251868,0.795441170164,0.0,0.472554813313,0.960198040126,0.0,0.047429594267,0.832781559062,0.0,0.673663854034,0.841859583032,0.0,0.037503968879,0.956882819183,0.0,0.55384221673,0.431991502643,-0.000237290747,-0.336137005064
2335,1,0.221627166555,-0.024544578484,0.0,-0.221627166555,0.024544578484,0.0,0.342598615911,0.359757846859,0.0,-0.104584141393,0.43823242631,0.0,0.487088081522,0.816685344829,0.0,0.014893922115,0.806941593577,0.0,0.478159427694,0.961443841162,0.0,0.046863154864,0.844358181241,0.0,0.689344946184,0.856305627805,0.0,0.042553806196,0.974195231754,0.0,0.554383099079,0.432061970234,-0.000226524659,-0.331332963656
2336,1,0.207833840196,-0.023356960754,0.0,-0.207833840196,0.023356960754,0.0,0.32269041148,0.328629044877,0.0,-0.097758278659,0.412019166204,0.0,0.456817398156,0.761576489157,0.0,0.015217613467,0.759140373633,0.0,0.446228801167,0.878699402988,0.0,0.045200534783,0.794534576316,0.0,0.641631162931,0.805326394092,0.0,0.038923833554,0.916742908755,0.0,0.554804936051,0.431434899569,-0.000242935494,-0.352839827884
2337,1,0.207789968834,-0.023713269407,0.0,-0.207789968834,0.023713269407,0.0,0.322509896116,0.334512024469,0.0,-0.097775490267,0.415401258294,0.0,0.456182756759,0.766859535282,0.0,0.016229212863,0.762508405403,0.0,0.447921791147,0.888291085469,0.0,0.046573969671,0.800044415952,0.0,0.639964880099,0.799975342356,0.0,0.035749005696,0.920178936272,0.0,0.554792568088,0.430273801088,-0.000242842361,-0.352932252239
2338,1,0.229443980105,-0.025521285649,0.0,-0.229443980105,0.025521285649,0.0,0.356716806523,0.374339663341,0.0,-0.107900098419,0.459020263451,0.0,0.502550313676,0.846077633998,0.0,0.018750557795,0.84584696577,0.0,0.491297452278,0.981815163897,0.0,0.052825308506,0.891887001457,0.0,0.704658756834,0.889229748225,0.0,0.039428276842,1.016714502242,0.0,0.554781213403,0.430062949657,-0.000247765332,-0.31964066418
2339,1,0.227067514309,-0.025795270639,0.0,-0.227067514309,0.025795270639,0.0,0.352762967075,0.374658100436,0.0,-0.106478704179,0.455219787119,0.0,0.496727265738,0.837652136016,0.0,0.01934959684,0.833359718666,0.0,0.484795521056,0.971890228959,0.0,0.052903638473,0.869980325458,0.0,0.692586495852,0.886492202535,0.0,0.038853968344,1.004638152551,0.0,0.554894983768,0.429409131408,-0.00024468638,-0.323489002014
2340,1,0.21453623534,-0.024156577503,0.0,-0.21453623534,0.024156577503,0.0,0.333525191158,0.355878047374,0.0,-0.100468789789,0.431398347003,0.0,0.468787580088,0.792136687068,0.0,0.018480746608,0.786717691535,0.0,0.456504558354,0.919003870727,0.0,0.04995554383,0.82192871884,0.0,0.639731331789,0.839446256701,0.0,0.036737420353,0.948675990885,0.0,0.554907292128,0.429556652904,-0.00023691915,-0.342482257667
2341,1,0.204323639749,-0.022577797743,0.0,-0.204323639749,0.022577797743,0.0,0.317958235791,0.34242984966,0.0,-0.094274050878,0.409553877752,0.0,0.446449686908,0.762194525102,0.0,0.018433667848,0.746955761478,0.0,0.431011940156,0.877656554379,0.0,0.047537185144,0.779567308278,0.0,0.594447030265,0.837894858442,0.0,0.035693219361,0.902248021646,0.0,0.555148929358,0.430051118135,-0.000244633295,-0.360054562228
2342,1,0.213488708778,-0.022824322013,0.0,-0.213488708778,0.022824322013,0.0,0.33121017863,0.360950629218,0.0,-0.099052261704,0.426835017013,0.0,0.465423576103,0.803762814256,0.0,0.0192896337,0.775785407718,0.0,0.447749572718,0.917735627636,0.0,0.04973266566,0.80913142276,0.0,0.594839436626,0.894728021647,0.0,0.035955553607,0.938423163599,0.0,0.555196017027,0.431288287044,-0.000267880503,-0.344797324457
2343,1,0.183279690249,-0.018587004971,0.0,-0.183279690249,0.018587004971,0.0,0.283720622528,0.317153492573,0.0,-0.086390097917,0.364608895757,0.0,0.39556164387,0.702318386969,0.0,0.016623834753,0.661896375754,0.0,0.370695661861,0.793331117032,0.0,0.042919269667,0.690506502116,0.0,0.498648128564,0.801520296859,0.0,0.028153820128,0.80385323759,0.0,0.555218845606,0.431929960847,-0.000267285155,-0.401734781455
2344,1,0.182693959572,-0.016897090208,0.0,-0.182693959572,0.016897090208,0.0,0.281331031823,0.324305420394,0.0,-0.086609641247,0.357858688493,0.0,0.391096641621,0.70177754276,0.0,0.0164428755,0.650288097622,0.0,0.361139021272,0.784868563148,0.0,0.042975312599,0.675512260345,0.0,0.486916392538,0.815005444733,0.0,0.028116367205,0.795485707197,0.0,0.555198103189,0.434164747596,-0.00026515685,-0.403158169036
2345,1,0.180079703539,-0.015374376959,0.0,-0.180079703539,0.015374376959,0.0,0.276834087302,0.333784856852,0.0,-0.085587577633,0.351135075497,0.0,0.380535247152,0.690988297515,0.0,0.015808992183,0.638868860896,0.0,0.342469146647,0.755830703209,0.0,0.042247004247,0.663954283349,0.0,0.467308198647,0.819989965174,0.0,0.02770775884,0.787966145635,0.0,0.55517539382,0.435019940138,-0.000271703815,-0.409030431866
2346,1,0.172568190025,-0.012936980758,0.0,-0.172568190025,0.012936980758,0.0,0.264185087465,0.322721235478,0.0,-0.082095062047,0.332207777533,0.0,0.3575333483,0.65879354625,0.0,0.01501195674,0.606777240248,0.0,0.317510772816,0.711676301954,0.0,0.040397606473,0.62967664712,0.0,0.433712011107,0.795443765528,0.0,0.026751826571,0.752599119377,0.0,0.555172249675,0.437159091234,-0.000274566002,-0.426853191471
2347,1,0.185069894404,-0.013077536225,0.0,-0.185069894404,0.013077536225,0.0,0.283310929317,0.352912098064,0.0,-0.0886346399,0.352799972239,0.0,0.370168794619,0.702873885368,0.0,0.015493525459,0.642892265433,0.0,0.331568804944,0.746367612655,0.0,0.043918021601,0.66457871904,0.0,0.425080543462,0.85574410605,0.0,0.028591710524,0.803363058055,0.0,0.555115908384,0.438940003514,-0.000292206183,-0.397627169717
2348,1,0.232916748406,-0.014035064056,0.0,-0.232916748406,0.014035064056,0.0,0.354505910319,0.446981339702,0.0,-0.112032632806,0.438386794958,0.0,0.449368797117,0.87788484934,0.0,0.018269776778,0.801541883562,0.0,0.405677345105,0.914583679954,0.0,0.05513392339,0.82705867211,0.0,0.502790114702,1.080732297228,0.0,0.035758359977,1.005643166488,0.0,0.55507555604,0.440854281187,-0.000300968066,-0.315841596378
2349,1,0.214748748983,-0.011337770243,0.0,-0.214748748983,0.011337770243,0.0,0.322421278603,0.416561764174,0.0,-0.103547959704,0.402521300911,0.0,0.402752732815,0.804427712618,0.0,0.016557671378,0.734456349594,0.0,0.368091116884,0.828235394137,0.0,0.054577421241,0.758447819111,0.0,0.44259748358,1.001731264751,0.0,0.03387029199,0.923136833379,0.0,0.554965630174,0.442481458187,-0.000298494473,-0.34247342256
2350,1,0.205345320971,-0.010548878804,0.0,-0.205345320971,0.010548878804,0.0,0.302009959442,0.398441274244,0.0,-0.099666275425,0.385855124114,0.0,0.374064740143,0.769751945427,0.0,0.015247256145,0.701536967606,0.0,0.343511501261,0.797082718706,0.0,0.054894786928,0.725734156523,0.0,0.399312843525,0.953595003348,0.0,0.031627227483,0.882321744484,0.0,0.554779887199,0.442684680223,-0.000283051282,-0.357770410502
2351,1,0.206979931739,-0.009367523988,0.0,-0.206979931739,0.009367523988,0.0,0.298499794305,0.407097425624,0.0,-0.102946717675,0.393306030584,0.0,0.362823400307,0.768096577313,0.0,0.011906247262,0.705288068611,0.0,0.323826043998,0.785934830626,0.0,0.052339095769,0.728666132346,0.0,0.386437846734,0.955755075976,0.0,0.028947946264,0.887693804961,0.0,0.553755059838,0.443782106042,-0.000283692032,-0.355283813876
2352,1,0.208473833813,-0.009410101549,0.0,-0.208473833813,0.009410101549,0.0,0.293973442529,0.407700781908,0.0,-0.10539012452,0.396757725882,0.0,0.345737250451,0.765633436536,0.0,0.0099322403,0.71595995587,0.0,0.303151505853,0.788709319417,0.0,0.051104657329,0.748260824517,0.0,0.380146590824,0.9543144815,0.0,0.027317511251,0.893082889496,0.0,0.553009465337,0.444085791707,-0.000279426575,-0.353137873926
2353,1,0.208858473582,-0.008297407689,0.0,-0.208858473582,0.008297407689,0.0,0.287149615416,0.404929045714,0.0,-0.106486111299,0.394558298064,0.0,0.326469876146,0.753453226071,0.0,0.008585690153,0.714563892177,0.0,0.290351123522,0.7743141328,0.0,0.050368558609,0.747539493129,0.0,0.363309313847,0.946683012121,0.0,0.0258613868,0.891627428443,0.0,0.552518978715,0.445141375065,-0.000275980681,-0.353400750467
2354,1,0.206328742829,-0.008491742319,0.0,-0.206328742829,0.008491742319,0.0,0.278798621862,0.399681218642,0.0,-0.109289965222,0.390801979935,0.0,0.302184707015,0.738143308235,0.0,0.00257692401,0.708554526466,0.0,0.25679700684,0.759275028298,0.0,0.044385801869,0.740363201378,0.0,0.334803764787,0.934042952008,0.0,0.022205066276,0.888125986438,0.0,0.551163300872,0.445006266236,-0.000277388841,-0.357054378237
2355,1,0.205334071346,-0.008580964744,0.0,-0.205334071346,0.008580964744,0.0,0.272812579901,0.399077901309,0.0,-0.11245216329,0.390855017833,0.0,0.288328522108,0.727127472777,0.0,-0.001345159187,0.707605965717,0.0,0.244663102412,0.74934253426,0.0,0.040178327976,0.738336150793,0.0,0.319274028906,0.919607501143,0.0,0.019311620241,0.886599137572,0.0,0.549777701497,0.444862887263,-0.000271778554,-0.359169646178
2356,1,0.231731304485,-0.009551423454,0.0,-0.231731304485,0.009551423454,0.0,0.299466112996,0.451319978148,0.0,-0.132084691819,0.443037348933,0.0,0.297806626944,0.809546111998,0.0,-0.0102467469,0.799692337576,0.0,0.248955069918,0.835719019247,0.0,0.036140296004,0.831275539848,0.0,0.350724562453,1.02530741152,0.0,0.017015294068,1.002838117448,0.0,0.547854438424,0.444678932428,-0.000286284834,-0.320150928878
2357,1,0.230469807886,-0.009306294548,0.0,-0.230469807886,0.009306294548,0.0,0.287229648261,0.450236120383,0.0,-0.135144692515,0.440323857771,0.0,0.272603068679,0.800881694195,0.0,-0.016706303007,0.796969236157,0.0,0.223404892929,0.830402262869,0.0,0.028985611048,0.828717047015,0.0,0.339493331258,1.007967722985,0.0,0.013836224619,0.995402617562,0.0,0.54640199244,0.444513738155,-0.00029789377,-0.322531237998
2358,1,0.217853337187,-0.008743170933,0.0,-0.217853337187,0.008743170933,0.0,0.263947591944,0.426434133984,0.0,-0.128560872341,0.417347704145,0.0,0.247173405119,0.756609651078,0.0,-0.018560699365,0.75694652255,0.0,0.20207900239,0.787081731946,0.0,0.022917541236,0.787864148751,0.0,0.316530603746,0.948788788398,0.0,0.013442440468,0.942588428334,0.0,0.545596346259,0.44438201189,-0.000296460465,-0.340601537205
2359,1,0.202803662433,-0.007792541314,0.0,-0.202803662433,0.007792541314,0.0,0.239962328984,0.399782289675,0.0,-0.122865657567,0.391695131606,0.0,0.227218049922,0.707369573057,0.0,-0.021846314862,0.709935921098,0.0,0.187780055695,0.737757597554,0.0,0.016418139733,0.738832917914,0.0,0.287268869489,0.886092842801,0.0,0.009019009308,0.882592426196,0.0,0.54424521327,0.444527342916,-0.000288159586,-0.362898001297
2360,1,0.200443658694,-0.007109998217,0.0,-0.200443658694,0.007109998217,0.0,0.231090726663,0.397555685751,0.0,-0.125953835327,0.389582157486,0.0,0.217689981907,0.700047585263,0.0,-0.027052169446,0.704391020422,0.0,0.177834153579,0.730823618567,0.0,0.011021851658,0.733915690781,0.0,0.275449669277,0.875126296295,0.0,0.00379523065,0.874874068451,0.0,0.542395085096,0.444997265935,-0.000288803596,-0.365812072122
2361,1,0.185371530385,-0.006243567843,0.0,-0.185371530385,0.006243567843,0.0,0.209362714438,0.366073546532,0.0,-0.11845370534,0.359074825833,0.0,0.193933015216,0.641317975804,0.0,-0.029086537217,0.649774543799,0.0,0.154904252975,0.670558614329,0.0,0.005803052602,0.677030794003,0.0,0.250401680262,0.805895162238,0.0,-0.001024820738,0.807195709541,0.0,0.540736362338,0.445322617888,-0.000276820268,-0.39597493282
2362,1,0.197243664978,-0.005924249362,0.0,-0.197243664978,0.005924249362,0.0,0.213184828936,0.387497060618,0.0,-0.133922670637,0.380166562775,0.0,0.197710693923,0.678958173439,0.0,-0.040819538173,0.688602209116,0.0,0.156926727094,0.710142998908,0.0,-0.003716505268,0.717462933382,0.0,0.257715430642,0.855104269977,0.0,-0.010639673206,0.856516400334,0.0,0.537185743451,0.445916935802,-0.000281210523,-0.372410222834
2363,1,0.18648894685,-0.005344328851,0.0,-0.18648894685,0.005344328851,0.0,0.198198646932,0.370280128706,0.0,-0.128449783125,0.363446840216,0.0,0.182789244378,0.647804047965,0.0,-0.043043076619,0.658085541997,0.0,0.142213795104,0.678025557419,0.0,-0.007472653138,0.685649024653,0.0,0.241841884941,0.817241755198,0.0,-0.014269413055,0.818888597745,0.0,0.535622105002,0.445738464594,-0.0002787665,-0.38998266609
2364,1,0.205726455217,-0.005736186022,0.0,-0.205726455217,0.005736186022,0.0,0.212638119163,0.40777661594,0.0,-0.142082127561,0.399722127403,0.0,0.196955106273,0.712913891821,0.0,-0.052864819812,0.723653097804,0.0,0.153116432254,0.746300137639,0.0,-0.013861696607,0.753958079407,0.0,0.261453211395,0.898493073151,0.0,-0.020798323331,0.900514469888,0.0,0.533603176475,0.445757761598,-0.000278744148,-0.354579504479
2365,1,0.213035430682,-0.005660072912,0.0,-0.213035430682,0.005660072912,0.0,0.211872704043,0.422185059899,0.0,-0.153069769967,0.413663964492,0.0,0.196031510343,0.738354856666,0.0,-0.062838077374,0.74926437768,0.0,0.151238875611,0.773104100835,0.0,-0.022711483433,0.781107153164,0.0,0.261311548501,0.929521624167,0.0,-0.029823703458,0.932232739469,0.0,0.530737742782,0.445637717843,-0.000280395849,-0.342640679408
2366,1,0.201553812546,-0.005155582557,0.0,-0.201553812546,0.005155582557,0.0,0.199450673215,0.401469885878,0.0,-0.142071150757,0.392847345045,0.0,0.183512082188,0.701447108354,0.0,-0.061404770882,0.712254898513,0.0,0.140367657463,0.733979353051,0.0,-0.023770637287,0.741822922796,0.0,0.245351565196,0.882614140624,0.0,-0.029533701644,0.885350204289,0.0,0.530143126845,0.445632606745,-0.00027677766,-0.360778345482
2367,1,0.236638698879,-0.005882480648,0.0,-0.236638698879,0.005882480648,0.0,0.231405483916,0.475702262038,0.0,-0.168300329689,0.465614639475,0.0,0.212239449456,0.82991015285,0.0,-0.077116737581,0.842513344851,0.0,0.161623045685,0.868450049177,0.0,-0.033053623227,0.877382728442,0.0,0.285201685994,1.043280662997,0.0,-0.039713653267,1.046745297928,0.0,0.528613001108,0.445008888841,-0.000276866136,-0.305727490391
2368,1,0.2313679952,-0.00552348917,0.0,-0.2313679952,0.00552348917,0.0,0.225459294174,0.46264171574,0.0,-0.158711507098,0.4538020075,0.0,0.205722820765,0.807512747096,0.0,-0.076148920601,0.819589392598,0.0,0.156322424974,0.845009294722,0.0,-0.033447197186,0.853597920177,0.0,0.276789402563,1.014294509036,0.0,-0.037591296742,1.017575096365,0.0,0.528227373958,0.445171192288,-0.000276949024,-0.314067508656
2369,1,0.251394954628,-0.005859178404,0.0,-0.251394954628,0.005859178404,0.0,0.239089658278,0.501008297196,0.0,-0.175532916097,0.491174082037,0.0,0.215450760625,0.872747010828,0.0,-0.089291823147,0.886374358719,0.0,0.162773552802,0.913515691789,0.0,-0.043645875849,0.92323407983,0.0,0.292388101971,1.097460449612,0.0,-0.046987611409,1.102174859736,0.0,0.526208758354,0.445187345147,-0.000286942115,-0.290234449172
2370,1,0.24082061782,-0.005288490754,0.0,-0.24082061782,0.005288490754,0.0,0.227161889821,0.48270600691,0.0,-0.169652781961,0.473114026501,0.0,0.202493198686,0.840429441638,0.0,-0.088937814806,0.853649853533,0.0,0.151768951467,0.880183536718,0.0,-0.043118420615,0.890058837069,0.0,0.276493246108,1.056527875384,0.0,-0.050476045909,1.059917440893,0.0,0.52468572557,0.444972470403,-0.000287210336,-0.301683883395
2371,1,0.235676876279,-0.005084877488,0.0,-0.235676876279,0.005084877488,0.0,0.217816979654,0.474321500919,0.0,-0.171215280575,0.464766794142,0.0,0.191656165697,0.829127600895,0.0,-0.095074954678,0.839501465646,0.0,0.141617324036,0.871863643387,0.0,-0.050043599691,0.876443392878,0.0,0.264361970784,1.038628320998,0.0,-0.057291341656,1.041476147584,0.0,0.522333741188,0.444932669401,-0.000284191919,-0.306915637147
2372,1,0.233261820294,-0.004936094082,0.0,-0.233261820294,0.004936094082,0.0,0.213067888848,0.469011198072,0.0,-0.166415879525,0.460329770099,0.0,0.186845662023,0.818616664807,0.0,-0.096154125218,0.829109160415,0.0,0.137570241174,0.859878710583,0.0,-0.051744522508,0.86522716051,0.0,0.258782629924,1.025373476698,0.0,-0.058673366236,1.02816610656,0.0,0.521566823125,0.444964319468,-0.000281592365,-0.310847512734
2373,1,0.242477479542,-0.004891856239,0.0,-0.242477479542,0.004891856239,0.0,0.217273501726,0.486205987401,0.0,-0.179554940474,0.476811599294,0.0,0.188705613323,0.853190761331,0.0,-0.106562971041,0.865092106377,0.0,0.13650104522,0.89628625919,0.0,-0.060382680068,0.902476846732,0.0,0.263661505701,1.067425972854,0.0,-0.067040696873,1.070461762901,0.0,0.519663184881,0.444793954492,-0.000287072966,-0.298004567068
2374,1,0.243760752368,-0.004542553732,0.0,-0.243760752368,0.004542553732,0.0,0.216775860904,0.491467617552,0.0,-0.179818211027,0.481513620851,0.0,0.187800815665,0.859789704143,0.0,-0.110518897947,0.87213269233,0.0,0.133995651642,0.903013867113,0.0,-0.061950471046,0.90951691901,0.0,0.263154816044,1.076720702225,0.0,-0.06992319048,1.078835530611,0.0,0.518529385328,0.445018202066,-0.000285151647,-0.295454465806
2375,1,0.272717516738,-0.004607834727,0.0,-0.272717516738,0.004607834727,0.0,0.241441288678,0.552337602549,0.0,-0.201651608669,0.54016772196,0.0,0.208862205666,0.96520861843,0.0,-0.126569433671,0.979038244625,0.0,0.146092644844,1.013600179457,0.0,-0.072016633934,1.020868141979,0.0,0.294014410972,1.21002971148,0.0,-0.080821448329,1.210527861903,0.0,0.517937064171,0.445327311754,-0.000290275319,-0.262875225082
2376,1,0.259460794963,-0.004021268583,0.0,-0.259460794963,0.004021268583,0.0,0.227745322815,0.526499008817,0.0,-0.196101265826,0.514899888525,0.0,0.195666390789,0.920225713092,0.0,-0.122596023089,0.933004049147,0.0,0.135724834448,0.966472438836,0.0,-0.071835210062,0.972899803154,0.0,0.276887716851,1.154447525198,0.0,-0.08084196008,1.154810227642,0.0,0.516886711121,0.445492491126,-0.000297635328,-0.275425176236
2377,1,0.252706918751,-0.003565274096,0.0,-0.252706918751,0.003565274096,0.0,0.220498749622,0.511830761872,0.0,-0.193207604045,0.500209836543,0.0,0.187627798088,0.895035532074,0.0,-0.121494337084,0.907690145065,0.0,0.12788022975,0.940013063008,0.0,-0.072176371679,0.946518867658,0.0,0.267391711168,1.124264674921,0.0,-0.081075568944,1.12372580859,0.0,0.516215950251,0.445740267634,-0.000298045459,-0.282832806675
2378,1,0.256795152257,-0.003369355717,0.0,-0.256795152257,0.003369355717,0.0,0.22140196605,0.519779880381,0.0,-0.200240810238,0.506910543456,0.0,0.186164272139,0.909409612389,0.0,-0.126449463778,0.925548772874,0.0,0.125554528726,0.955442380274,0.0,-0.076417468226,0.965240103598,0.0,0.267179495896,1.141882555123,0.0,-0.087698776007,1.142545746851,0.0,0.514925822616,0.445859700441,-0.000298371422,-0.279063224669
2379,1,0.255050917578,-0.003754854823,0.0,-0.255050917578,0.003754854823,0.0,0.220522744764,0.514480164405,0.0,-0.199251070879,0.501317690724,0.0,0.181141659276,0.90053807502,0.0,-0.127763440304,0.916101694629,0.0,0.121073002581,0.945258011801,0.0,-0.078427351945,0.955301097016,0.0,0.263135603299,1.133155056263,0.0,-0.08755374404,1.13348234054,0.0,0.514226585627,0.446372061968,-0.000299558043,-0.280827307657
2380,1,0.228399967385,-0.003252534799,0.0,-0.228399967385,0.003252534799,0.0,0.197604694142,0.46187608761,0.0,-0.178301720045,0.449832626011,0.0,0.161739507454,0.81090728338,0.0,-0.115813843745,0.824393712284,0.0,0.107313215522,0.851340088383,0.0,-0.071628447377,0.859595332147,0.0,0.234281764268,1.018011956813,0.0,-0.080587647332,1.017467652933,0.0,0.513789832592,0.446345493197,-0.000297959661,-0.312859188234
2381,1,0.26113002502,-0.003694141739,0.0,-0.26113002502,0.003694141739,0.0,0.222143294348,0.528068160909,0.0,-0.204282980773,0.514555035689,0.0,0.180709760559,0.927796667385,0.0,-0.135454130545,0.944143288104,0.0,0.118384828116,0.973809579047,0.0,-0.085750558899,0.983431408167,0.0,0.264062968138,1.162519160657,0.0,-0.094894952406,1.162750044515,0.0,0.512675657868,0.446176350117,-0.000302763656,-0.273906233461
2382,1,0.257493757247,-0.003562540434,0.0,-0.257493757247,0.003562540434,0.0,0.21789917679,0.522699326347,0.0,-0.200281157751,0.50916353908,0.0,0.17529961123,0.915763820547,0.0,-0.136644122138,0.931413770099,0.0,0.113401208618,0.960088932971,0.0,-0.087839688709,0.969224774174,0.0,0.258156645269,1.146106896478,0.0,-0.096354689156,1.145715813997,0.0,0.511801376939,0.446252137423,-0.000300523825,-0.277842329567
2383,1,0.23822840974,-0.003308011522,0.0,-0.23822840974,0.003308011522,0.0,0.199879197025,0.482563129465,0.0,-0.185915029334,0.470062313961,0.0,0.160597185155,0.847658659402,0.0,-0.127514792886,0.860379061886,0.0,0.10568756987,0.890264869661,0.0,-0.082330168151,0.895963042889,0.0,0.236382710882,1.058033678461,0.0,-0.089125682266,1.056599135927,0.0,0.511274546385,0.446169063449,-0.000303370412,-0.301026732384
2384,1,0.258068675778,-0.00358249476,0.0,-0.258068675778,0.00358249476,0.0,0.213164979366,0.522944080878,0.0,-0.204160434707,0.509200443282,0.0,0.169140151734,0.918036130779,0.0,-0.14265420361,0.93188978782,0.0,0.108715456815,0.963141958432,0.0,-0.093815649967,0.969872875134,0.0,0.251812579837,1.145699603375,0.0,-0.101042619253,1.143563767803,0.0,0.510000839829,0.44616663456,-0.000308016766,-0.277925260249
2385,1,0.254328703124,-0.003651654781,0.0,-0.254328703124,0.003651654781,0.0,0.210346961722,0.516498458769,0.0,-0.201063881422,0.50282269928,0.0,0.165513661625,0.906208477843,0.0,-0.142433911725,0.919750622129,0.0,0.105820275847,0.950708692816,0.0,-0.093653351739,0.9572856947,0.0,0.247791934026,1.13125755862,0.0,-0.101457877124,1.12922622639,0.0,0.509568423033,0.446228355169,-0.000304058834,-0.281483919148
2386,1,0.251872724325,-0.003534220234,0.0,-0.251872724325,0.003534220234,0.0,0.207967566322,0.511329620566,0.0,-0.200000173285,0.497484597818,0.0,0.162716233398,0.898917712291,0.0,-0.141607778721,0.912326834772,0.0,0.10396079828,0.942984943842,0.0,-0.093478015394,0.950654188645,0.0,0.243515558034,1.120617342597,0.0,-0.101755717423,1.118389407902,0.0,0.509231999516,0.446181789041,-0.000307685696,-0.284280754187
2387,1,0.249789387446,-0.003499464071,0.0,-0.249789387446,0.003499464071,0.0,0.20514934824,0.506195884822,0.0,-0.200054218221,0.492344570346,0.0,0.158859987196,0.890123386396,0.0,-0.142541954786,0.903161871232,0.0,0.101655025672,0.933614338553,0.0,-0.095006780798,0.941089838925,0.0,0.239528139733,1.110452525336,0.0,-0.103030256207,1.107347333456,0.0,0.508540704846,0.446181237698,-0.000306268572,-0.287159544478
2388,1,0.256413687048,-0.003573387414,0.0,-0.256413687048,0.003573387414,0.0,0.210364016085,0.520170146718,0.0,-0.205424189211,0.506019063359,0.0,0.163798971162,0.914690032123,0.0,-0.145518178034,0.929007041797,0.0,0.107613932244,0.959388619275,0.0,-0.092917616721,0.967945127962,0.0,0.244315248701,1.140099651421,0.0,-0.108514050512,1.137517343167,0.0,0.508198574185,0.446181088686,-0.00031763874,-0.27947594469
2389,1,0.220851992219,-0.003045005407,0.0,-0.220851992219,0.003045005407,0.0,0.180808757987,0.447841435821,0.0,-0.177779260232,0.435387048046,0.0,0.142982475619,0.789301757429,0.0,-0.126215125448,0.799379345238,0.0,0.092482129037,0.828752672775,0.0,-0.080994996626,0.832862659281,0.0,0.215071583871,0.983332944876,0.0,-0.09471807548,0.979148448233,0.0,0.507780700922,0.44619306922,-0.000314616133,-0.324781119824
2390,1,0.269663901614,-0.003845453346,0.0,-0.269663901614,0.003845453346,0.0,0.220175807817,0.547475535514,0.0,-0.21705898793,0.532558172698,0.0,0.173240510161,0.965072437305,0.0,-0.153821273522,0.978567294109,0.0,0.112607396858,1.013214274822,0.0,-0.098550983212,1.019500616615,0.0,0.260214429435,1.201505360563,0.0,-0.117985469797,1.196905707673,0.0,0.507381796837,0.446056246758,-0.00031955773,-0.265779025798
2391,1,0.251828030749,-0.003600082454,0.0,-0.251828030749,0.003600082454,0.0,0.20571678715,0.512483587659,0.0,-0.203813295277,0.498593876591,0.0,0.161505573956,0.90239911307,0.0,-0.145842752918,0.914737667594,0.0,0.105218877689,0.946750148529,0.0,-0.094835632141,0.95233695539,0.0,0.243343347106,1.124471066995,0.0,-0.108950233637,1.118923280301,0.0,0.506830438972,0.44604973495,-0.000314832665,-0.284121383549
2392,1,0.249155573862,-0.003571510514,0.0,-0.249155573862,0.003571510514,0.0,0.202867656794,0.507308242921,0.0,-0.201447556802,0.493563981509,0.0,0.159198933861,0.892529422377,0.0,-0.145640002084,0.904360235687,0.0,0.104460524752,0.936040091385,0.0,-0.09522992666,0.941210445945,0.0,0.240057724473,1.111990822604,0.0,-0.109926452595,1.106585668776,0.0,0.506450131536,0.446051850915,-0.000299845822,-0.287362300423
2393,1,0.207375859853,-0.002805374957,0.0,-0.207375859853,0.002805374957,0.0,0.169776869355,0.422366530842,0.0,-0.167073136854,0.410644544421,0.0,0.132918854522,0.741820959349,0.0,-0.122892031208,0.752658332698,0.0,0.086920269539,0.777353780983,0.0,-0.081282242328,0.783320775839,0.0,0.199321892879,0.925164442278,0.0,-0.091710974158,0.921351835896,0.0,0.506380066276,0.446116015315,-0.000289723277,-0.345251736811
2394,1,0.224574125626,-0.003061955278,0.0,-0.224574125626,0.003061955278,0.0,0.183242870647,0.457385038079,0.0,-0.181609908847,0.444646459084,0.0,0.143123086557,0.803410849546,0.0,-0.134078932904,0.814821858359,0.0,0.093052415202,0.841738572804,0.0,-0.089578129825,0.847667488894,0.0,0.214637727403,1.002046831945,0.0,-0.099459095776,0.997282273986,0.0,0.506112471223,0.446135044098,-0.000289932825,-0.318817482144
2395,1,0.245025486292,-0.003250981657,0.0,-0.245025486292,0.003250981657,0.0,0.200323010137,0.499294951224,0.0,-0.197189788118,0.484835495079,0.0,0.156148362247,0.879435093219,0.0,-0.145481786007,0.89095779732,0.0,0.102266343895,0.920386695504,0.0,-0.09628048386,0.9264755315,0.0,0.237082981052,1.092947080845,0.0,-0.107867624403,1.087590903514,0.0,0.506075203419,0.44617164135,-0.000307974638,-0.292304587308
2396,1,0.269985472206,-0.003498584828,0.0,-0.269985472206,0.003498584828,0.0,0.220466660682,0.549271079542,0.0,-0.217597219158,0.533830227243,0.0,0.171612706059,0.966296281513,0.0,-0.160571589226,0.980938182461,0.0,0.112285009107,1.01208358368,0.0,-0.105842410968,1.020327584639,0.0,0.257980200559,1.201569148151,0.0,-0.120184901697,1.197162225043,0.0,0.505964249372,0.446197628975,-0.000308483606,-0.265364995486
2397,1,0.264065990907,-0.003478764226,0.0,-0.264065990907,0.003478764226,0.0,0.215690246164,0.537621237904,0.0,-0.212824974502,0.522509508073,0.0,0.169250638264,0.947667542793,0.0,-0.156072189781,0.958929842912,0.0,0.113864208893,0.993160004278,0.0,-0.100187695823,0.997733631978,0.0,0.253809594546,1.182595657148,0.0,-0.117083232712,1.170740292252,0.0,0.50595267117,0.44621655345,-0.00030811457,-0.271357442013
2398,1,0.273765189494,-0.003597907568,0.0,-0.273765189494,0.003597907568,0.0,0.223513849991,0.558326265779,0.0,-0.220835280503,0.541890598935,0.0,0.17527921123,0.982186737267,0.0,-0.162969432091,0.994440933555,0.0,0.117646514655,1.027425483131,0.0,-0.107154226409,1.034253745274,0.0,0.260854022129,1.226251036625,0.0,-0.121662717348,1.214120307162,0.0,0.505887851119,0.446225896478,-0.000307914801,-0.261655043359
2399,1,0.273046210051,-0.003173480184,0.0,-0.273046210051,0.003173480184,0.0,0.222974659703,0.554897143941,0.0,-0.220319852675,0.538968074634,0.0,0.174491269068,0.977434395225,0.0,-0.162827880458,0.988279172907,0.0,0.115188086102,1.022993137049,0.0,-0.110555347897,1.027977260134,0.0,0.263994471955,1.221258932171,0.0,-0.120118149974,1.209257105635,0.0,0.50584949553,0.44658523798,-0.000310120056,-0.262414209694
2400,1,0.27004531375,-0.003204496653,0.0,-0.27004531375,0.003204496653,0.0,0.220704046278,0.546148211228,0.0,-0.217172912461,0.531571943713,0.0,0.170158234206,0.964120927957,0.0,-0.160704812151,0.975106204329,0.0,0.112635905163,1.009090144658,0.0,-0.110339468794,1.014388302584,0.0,0.257933957436,1.205121539537,0.0,-0.118648427758,1.193417975262,0.0,0.505999624729,0.446631938219,-0.000309819356,-0.265872892003
2401,1,0.26554668221,-0.003067914744,0.0,-0.26554668221,0.003067914744,0.0,0.21740296838,0.538484806241,0.0,-0.213387169968,0.523138506811,0.0,0.167290717269,0.948019725592,0.0,-0.159313808161,0.958951094484,0.0,0.109989787868,0.992093394323,0.0,-0.108990744723,0.997490719123,0.0,0.253381531971,1.185354712795,0.0,-0.116718912927,1.174508242173,0.0,0.506062835455,0.446674704552,-0.000308327144,-0.27029747875
2402,1,0.264554086628,-0.003075069677,0.0,-0.264554086628,0.003075069677,0.0,0.217333523283,0.538111283857,0.0,-0.211774585136,0.521485410429,0.0,0.167060231848,0.94415354269,0.0,-0.15785154571,0.955079731462,0.0,0.11019688588,0.988131886155,0.0,-0.107170287017,0.993463126753,0.0,0.255737338894,1.181822356446,0.0,-0.115265077621,1.169686538165,0.0,0.50631557405,0.446689292789,-0.000308092567,-0.271456661651
2403,1,0.266228928445,-0.003132589611,0.0,-0.266228928445,0.003132589611,0.0,0.218974346686,0.540694286741,0.0,-0.213641926843,0.523687522506,0.0,0.168312493304,0.948643287404,0.0,-0.157087357525,0.959757777403,0.0,0.111158758319,0.993051114482,0.0,-0.104959502779,0.998582078349,0.0,0.25540551856,1.187789452865,0.0,-0.115647090001,1.176254243885,0.0,0.506406322122,0.446944609284,-0.000307973241,-0.269887628963
2404,1,0.267132528612,-0.003179898287,0.0,-0.267132528612,0.003179898287,0.0,0.22079961747,0.541703477245,0.0,-0.213460863097,0.524741954867,0.0,0.170714809082,0.950437052469,0.0,-0.155714520804,0.962905988175,0.0,0.113803622878,0.995195003031,0.0,-0.103370255693,1.002764725075,0.0,0.25523205213,1.190162910841,0.0,-0.116357541258,1.17966604967,0.0,0.506880626082,0.446941316128,-0.000301180873,-0.269419737452
2405,1,0.266318207839,-0.003165167414,0.0,-0.266318207839,0.003165167414,0.0,0.22129743611,0.540120480727,0.0,-0.211610995567,0.522821305314,0.0,0.171691720535,0.946816086848,0.0,-0.153379938419,0.959884091546,0.0,0.11518412264,0.991454981976,0.0,-0.101341343767,0.999160182782,0.0,0.25137311157,1.185687230728,0.0,-0.11485988571,1.176408015018,0.0,0.507322013378,0.446943953633,-0.000301366206,-0.270414700368
2406,1,0.265886934576,-0.00322529433,0.0,-0.265886934576,0.00322529433,0.0,0.220158362055,0.539723755272,0.0,-0.212466869244,0.521826827257,0.0,0.170393659642,0.945472120746,0.0,-0.152680072024,0.958405432157,0.0,0.113528863754,0.990664538158,0.0,-0.100828634553,0.997710047697,0.0,0.251086324333,1.183863058001,0.0,-0.114246378393,1.174543291173,0.0,0.507445633411,0.447045326233,-0.000301425578,-0.270811397415
