frame_idx,pose_detected,left_hip_x,left_hip_y,left_hip_z,right_hip_x,right_hip_y,right_hip_z,left_knee_x,left_knee_y,left_knee_z,right_knee_x,right_knee_y,right_knee_z,left_ankle_x,left_ankle_y,left_ankle_z,right_ankle_x,right_ankle_y,right_ankle_z,left_heel_x,left_heel_y,left_heel_z,right_heel_x,right_heel_y,right_heel_z,left_foot_index_x,left_foot_index_y,left_foot_index_z,right_foot_index_x,right_foot_index_y,right_foot_index_z,mid_hip_x,mid_hip_y,mid_hip_z,torso_length
0,1,0.217820023415,-0.039540727348,0.0,-0.217820023415,0.039540727348,0.0,0.317842933137,0.080980156292,0.0,-0.120428317677,0.563245304831,0.0,0.297541414535,0.50892997244,0.0,-0.000912027587,1.010840432655,0.0,0.265694655687,0.527130067788,0.0,0.028170834739,1.043335922794,0.0,0.2398621559,0.738417044993,0.0,0.025254896973,1.231117301839,0.0,0.571893513203,0.51077362895,-0.000160246156,-0.271088364188
1,1,0.201668173677,-0.036150397877,0.0,-0.201668173677,0.036150397877,0.0,0.296583836127,0.101217350222,0.0,-0.108548931863,0.51901915847,0.0,0.276937338261,0.480704152141,0.0,0.000876001682,0.929209121198,0.0,0.24170543695,0.507101367055,0.0,0.027616211016,0.959715591401,0.0,0.232044933305,0.684945087514,0.0,0.026535222108,1.132624846394,0.0,0.572660565376,0.510894417763,-0.000158815179,-0.294552525025
2,1,0.196758629833,-0.034493563304,0.0,-0.196758629833,0.034493563304,0.0,0.291518020867,0.145657839599,0.0,-0.104212731066,0.503237373807,0.0,0.269989926945,0.484064764585,0.0,0.000900135859,0.901893444621,0.0,0.233352248464,0.50548766439,0.0,0.027765457446,0.932433691305,0.0,0.234426759274,0.680578170444,0.0,0.02649253012,1.098147005309,0.0,0.573084622622,0.511154323816,-0.000160677359,-0.303706046753
3,1,0.194966325199,-0.032817856365,0.0,-0.194966325199,0.032817856365,0.0,0.29852903149,0.195490171247,0.0,-0.098991677324,0.490143358721,0.0,0.268444791913,0.50569511056,0.0,0.003632230548,0.881180942671,0.0,0.229209821454,0.520839426584,0.0,0.030736348887,0.911342178752,0.0,0.236744107593,0.700194060238,0.0,0.025539133088,1.074832834445,0.0,0.57418191433,0.512493491173,-0.000163000077,-0.309261518655
4,1,0.194405133968,-0.030784785515,0.0,-0.194405133968,0.030784785515,0.0,0.315394892372,0.255906233797,0.0,-0.097001982707,0.480369746524,0.0,0.265465903536,0.53648266017,0.0,0.002279727574,0.869113455863,0.0,0.21996726912,0.541163948152,0.0,0.02767871766,0.898896897889,0.0,0.236675963325,0.72570129198,0.0,0.027208791015,1.062896515588,0.0,0.574734061956,0.514394134283,-0.000164931174,-0.311641431019
5,1,0.197851073865,-0.02858726853,0.0,-0.197851073865,0.02858726853,0.0,0.337665232434,0.295049390662,0.0,-0.09814851733,0.479557948631,0.0,0.268312863507,0.569050124611,0.0,0.0038196419,0.873282403945,0.0,0.219075665015,0.572277424928,0.0,0.028991888747,0.903895188914,0.0,0.242078923354,0.757129736175,0.0,0.03109247441,1.062329316754,0.0,0.5756983459,0.517938822508,-0.000169208506,-0.308467350226
6,1,0.192972159066,-0.025581916253,0.0,-0.192972159066,0.025581916253,0.0,0.339942882069,0.329396419797,0.0,-0.094877110562,0.453835233134,0.0,0.26056117081,0.576605555164,0.0,0.001861985546,0.831430377479,0.0,0.208652096269,0.581028120692,0.0,0.026497328728,0.862897727952,0.0,0.247238896535,0.759901509558,0.0,0.032701272751,1.014196228562,0.0,0.576656460762,0.521689891815,-0.000185001642,-0.319441121114
7,1,0.200601785161,-0.024918071427,0.0,-0.200601785161,0.024918071427,0.0,0.356056880315,0.367514393624,0.0,-0.09807848284,0.46622715782,0.0,0.270797108257,0.632343495346,0.0,-0.000813924891,0.853210758991,0.0,0.214771508442,0.641503957608,0.0,0.023642039734,0.886415130945,0.0,0.27556173591,0.834091914536,0.0,0.03735819219,1.044724540703,0.0,0.577684611082,0.524838805199,-0.000192852458,-0.307241233169
8,1,0.185123233901,-0.020826896557,0.0,-0.185123233901,0.020826896557,0.0,0.330028003931,0.355445493188,0.0,-0.095254218998,0.421730099581,0.0,0.251101925608,0.60674134606,0.0,-0.004449360156,0.757730884926,0.0,0.199564440005,0.618327942835,0.0,0.021671349485,0.782830155146,0.0,0.269928830227,0.788925623418,0.0,0.036342950095,0.941747083925,0.0,0.578330099583,0.530396908522,-0.000235700514,-0.334249294224
9,1,0.183217228105,-0.017882699396,0.0,-0.183217228105,0.017882699396,0.0,0.326479914082,0.366143212176,0.0,-0.093607025201,0.411925265913,0.0,0.250750326417,0.630673126089,0.0,-0.005065681762,0.732624849743,0.0,0.202971834729,0.643756744706,0.0,0.02326137422,0.755119833836,0.0,0.279501576134,0.808837476295,0.0,0.04095017402,0.918365052739,0.0,0.579327434301,0.53268840909,-0.000253676903,-0.339830180576
10,1,0.220179852333,-0.020081500674,0.0,-0.220179852333,0.020081500674,0.0,0.388855173481,0.458897154704,0.0,-0.113071708164,0.492744791046,0.0,0.301368093833,0.784532675962,0.0,-0.00690864762,0.868075415729,0.0,0.245816482555,0.802850750383,0.0,0.028468512567,0.894521756716,0.0,0.342779557177,1.000277224946,0.0,0.05589404356,1.090613871728,0.0,0.579390466213,0.53592145443,-0.00026552612,-0.283112777751
11,1,0.21892954691,-0.018392307651,0.0,-0.21892954691,0.018392307651,0.0,0.378002264811,0.474287139877,0.0,-0.11154422094,0.501325807724,0.0,0.300508787499,0.809344175472,0.0,-0.006774502248,0.859683854754,0.0,0.246510434033,0.828867621483,0.0,0.031662680394,0.882984657242,0.0,0.347932497189,1.033232051243,0.0,0.064846291077,1.079552830512,0.0,0.579254567623,0.537609666586,-0.000271712895,-0.285261074839
12,1,0.250604999389,-0.018897463192,0.0,-0.250604999389,0.018897463192,0.0,0.414646226395,0.55068032166,0.0,-0.128446278907,0.566065396692,0.0,0.344214992695,0.949257390098,0.0,-0.007543020959,0.97339520013,0.0,0.288598884059,0.981782423738,0.0,0.041138378703,1.001132368112,0.0,0.40738818042,1.197191582969,0.0,0.074445187362,1.218798214695,0.0,0.578937888145,0.540797293186,-0.000291320961,-0.250152326227
13,1,0.251609558958,-0.016896233321,0.0,-0.251609558958,0.016896233321,0.0,0.404497470279,0.556001673284,0.0,-0.12971809632,0.568841285204,0.0,0.347470478136,0.976718836353,0.0,-0.007121134307,0.970088333958,0.0,0.305445119811,1.009300513528,0.0,0.044361967484,0.99725435006,0.0,0.402666151211,1.212914544881,0.0,0.074756834945,1.212031717286,0.0,0.578619867563,0.543109238148,-0.000307419337,-0.250077824322
14,1,0.272099086054,-0.016154299699,0.0,-0.272099086054,0.016154299699,0.0,0.423631596463,0.596990994191,0.0,-0.141287504561,0.606266276364,0.0,0.376575169766,1.053121584193,0.0,-0.00772884435,1.042960969261,0.0,0.331872297679,1.088572458796,0.0,0.04939608768,1.071391703113,0.0,0.435913176404,1.322225435922,0.0,0.086318400251,1.299730110792,0.0,0.578475505114,0.545313328505,-0.000305198133,-0.231663835572
15,1,0.266522876037,-0.014988969875,0.0,-0.266522876037,0.014988969875,0.0,0.400822366021,0.595066920501,0.0,-0.141310757928,0.591377494301,0.0,0.36470376633,1.058226856759,0.0,-0.010081975182,1.029424231524,0.0,0.320494284409,1.094566283787,0.0,0.045549410893,1.062291790036,0.0,0.427468277802,1.304424689142,0.0,0.079488409558,1.266880772232,0.0,0.577805250883,0.547056466341,-0.000316419639,-0.236985505826
16,1,0.261281411892,-0.014402050841,0.0,-0.261281411892,0.014402050841,0.0,0.384073830695,0.577273414172,0.0,-0.140620982629,0.578323081065,0.0,0.364404714543,1.032520032974,0.0,-0.011363833274,1.003424863766,0.0,0.326400315821,1.064586999175,0.0,0.0430502675,1.032598160329,0.0,0.418981970865,1.277396548756,0.0,0.077074853829,1.237453014296,0.0,0.577438026667,0.547952115536,-0.000331929885,-0.241844516496
17,1,0.26580111453,-0.014796908419,0.0,-0.26580111453,0.014796908419,0.0,0.382468814836,0.5851145217,0.0,-0.144971313586,0.588367925867,0.0,0.376182786645,1.062217780247,0.0,-0.012525041871,1.01866955503,0.0,0.347413416274,1.096170281065,0.0,0.042857049218,1.047346651587,0.0,0.424499537007,1.308238072067,0.0,0.077450702594,1.257201375524,0.0,0.577227503061,0.548331439495,-0.000328791328,-0.237711094641
18,1,0.251759455829,-0.014935676616,0.0,-0.251759455829,0.014935676616,0.0,0.355508824369,0.551756361107,0.0,-0.140569023104,0.559138165234,0.0,0.357360998681,1.006044681859,0.0,-0.012898820356,0.966878781172,0.0,0.336128286394,1.041207315718,0.0,0.041088758682,0.996477633334,0.0,0.399324735694,1.240316589687,0.0,0.069175884377,1.193931909531,0.0,0.57673355937,0.548172056675,-0.000333290547,-0.250447889857
19,1,0.245974228608,-0.01455587067,0.0,-0.245974228608,0.01455587067,0.0,0.341428065891,0.54365311291,0.0,-0.138899863554,0.547604008691,0.0,0.347500700304,0.987488067453,0.0,-0.013443991318,0.943663358476,0.0,0.326067538045,1.023120727304,0.0,0.039135620122,0.972404667025,0.0,0.386599951083,1.214090450523,0.0,0.067097950807,1.166347613033,0.0,0.576419502497,0.547969937325,-0.000343671069,-0.256483243788
20,1,0.249880160304,-0.014009854135,0.0,-0.249880160304,0.014009854135,0.0,0.338159020759,0.556152389023,0.0,-0.142509277156,0.556534902549,0.0,0.352196129576,1.004287840455,0.0,-0.012388793096,0.961803480369,0.0,0.331196634694,1.037666293048,0.0,0.039978825392,0.9924256552,0.0,0.389632804202,1.23848613118,0.0,0.066267031915,1.186984026569,0.0,0.575889289379,0.548587024212,-0.000335849822,-0.251499333058
21,1,0.260858205857,-0.014695323698,0.0,-0.260858205857,0.014695323698,0.0,0.346517594957,0.584903042975,0.0,-0.15289181849,0.58308526673,0.0,0.362005018807,1.048055370646,0.0,-0.017961543529,1.007898161755,0.0,0.339536724202,1.080508788765,0.0,0.037901787704,1.041032223141,0.0,0.401417735381,1.298796167676,0.0,0.060689327557,1.241391036867,0.0,0.574426829815,0.548755317926,-0.000332571566,-0.240382528998
22,1,0.266754122556,-0.014034458485,0.0,-0.266754122556,0.014034458485,0.0,0.350252631455,0.597812719956,0.0,-0.158275712644,0.596745704996,0.0,0.369018941881,1.06667734464,0.0,-0.021953208312,1.020540800475,0.0,0.344882890135,1.098494833521,0.0,0.035579952887,1.047869230474,0.0,0.408606191041,1.335639800715,0.0,0.059602063953,1.272673427886,0.0,0.573623865843,0.549503475428,-0.000331186689,-0.23383462481
23,1,0.261160490476,-0.01449293561,0.0,-0.261160490476,0.01449293561,0.0,0.339058841259,0.585737957399,0.0,-0.161517395474,0.588805213444,0.0,0.357410351797,1.053568898469,0.0,-0.026837108063,1.007076243651,0.0,0.332974595575,1.087696268942,0.0,0.030515100931,1.0342236211,0.0,0.394739817947,1.318503264981,0.0,0.052634832534,1.25568684641,0.0,0.572275668383,0.549302369356,-0.000332592987,-0.237154992697
24,1,0.262801186822,-0.014255624515,0.0,-0.262801186822,0.014255624515,0.0,0.333066059279,0.592532878834,0.0,-0.165584668392,0.591514079425,0.0,0.34864670318,1.063639952062,0.0,-0.03450687977,1.01640539465,0.0,0.321731001479,1.094836553533,0.0,0.022026019465,1.04444924202,0.0,0.379806099176,1.321249398641,0.0,0.047790117129,1.261906540153,0.0,0.570253819227,0.549041748047,-0.000326720998,-0.236300843963
25,1,0.265364899847,-0.014472459839,0.0,-0.265364899847,0.014472459839,0.0,0.329939933736,0.597239067311,0.0,-0.167708726207,0.59488938599,0.0,0.342467257041,1.066576438053,0.0,-0.037238151218,1.023068159565,0.0,0.316557247321,1.096386736209,0.0,0.018612609992,1.050451442548,0.0,0.372778450358,1.32744304327,0.0,0.043254978429,1.2688924432,0.0,0.569052457809,0.54894772172,-0.000329576433,-0.235077088111
26,1,0.26559062106,-0.014652362688,0.0,-0.26559062106,0.014652362688,0.0,0.329956257335,0.600892715438,0.0,-0.166715948124,0.596365161538,0.0,0.340071410865,1.077490749528,0.0,-0.035901934717,1.025966225704,0.0,0.311231916489,1.110311513452,0.0,0.020092465543,1.054760238732,0.0,0.371777881752,1.335042478727,0.0,0.041275340064,1.27193977565,0.0,0.568581491709,0.548837542534,-0.000331237912,-0.234584764477
27,1,0.263117018789,-0.013629273212,0.0,-0.263117018789,0.013629273212,0.0,0.326953479427,0.594867676027,0.0,-0.163173548003,0.592290798308,0.0,0.336552493726,1.065700479482,0.0,-0.033871600833,1.018046498661,0.0,0.309247234627,1.098313733989,0.0,0.019596156584,1.047561103667,0.0,0.366134964319,1.322620954733,0.0,0.045599378525,1.261682442769,0.0,0.568478107452,0.548578977585,-0.000334165059,-0.236695100251
28,1,0.265505653008,-0.013526348054,0.0,-0.265505653008,0.013526348054,0.0,0.328822899881,0.600906378751,0.0,-0.164642690209,0.600004300164,0.0,0.337408664198,1.078336301561,0.0,-0.034051814027,1.032169353458,0.0,0.310524281512,1.109836590882,0.0,0.019883739267,1.062310677152,0.0,0.367118017339,1.334958590764,0.0,0.047280943968,1.276580783504,0.0,0.567908316851,0.548457920551,-0.00033641886,-0.234433321839
29,1,0.267959218742,-0.013568180607,0.0,-0.267959218742,0.013568180607,0.0,0.331964534302,0.610513474314,0.0,-0.16431355503,0.605727104529,0.0,0.340501689629,1.090563732777,0.0,-0.032361237804,1.041798132399,0.0,0.312126270858,1.121721835172,0.0,0.021392666154,1.072186217868,0.0,0.365371234939,1.348192254602,0.0,0.048203162157,1.288351085887,0.0,0.567915678024,0.548413425684,-0.000335473567,-0.232298191245
30,1,0.258036099779,-0.012636608313,0.0,-0.258036099779,0.012636608313,0.0,0.321275848748,0.589022504307,0.0,-0.158170781743,0.585135761666,0.0,0.334943691671,1.050765059133,0.0,-0.030011064482,1.008564374095,0.0,0.310646855435,1.081464642901,0.0,0.025716374473,1.042982678572,0.0,0.352727083572,1.299433071365,0.0,0.045745577173,1.24273061102,0.0,0.567920476198,0.54795011878,-0.000341198407,-0.241225403621
31,1,0.259694950096,-0.012346637727,0.0,-0.259694950096,0.012346637727,0.0,0.323580072503,0.592851357638,0.0,-0.158620507436,0.590091984146,0.0,0.3370003795,1.056339167621,0.0,-0.028768747647,1.014583927524,0.0,0.312859152618,1.087373612028,0.0,0.026541178875,1.048916505088,0.0,0.354992816112,1.306245408537,0.0,0.046751248625,1.249967006253,0.0,0.568014532328,0.547806769609,-0.00034381263,-0.239963165759
32,1,0.239185925154,-0.011032505628,0.0,-0.239185925154,0.011032505628,0.0,0.300275150911,0.545666226726,0.0,-0.142910442871,0.543194101447,0.0,0.31291628115,0.969765254225,0.0,-0.023156036773,0.931631770457,0.0,0.290063420953,0.998230356062,0.0,0.027583030037,0.961331909533,0.0,0.325627480384,1.1994648629,0.0,0.045898495578,1.148101669337,0.0,0.568869709969,0.547424525023,-0.000352207571,-0.261576869393
33,1,0.237351197386,-0.010860675665,0.0,-0.237351197386,0.010860675665,0.0,0.300621721444,0.541945195671,0.0,-0.139885936515,0.539346507775,0.0,0.313154209109,0.961797375678,0.0,-0.020056997733,0.924492937459,0.0,0.290855961722,0.9903024822,0.0,0.030061426304,0.954520235926,0.0,0.326336820771,1.191460091168,0.0,0.048258795928,1.139732008477,0.0,0.569597899914,0.547310620546,-0.000351930037,-0.263723168423
34,1,0.239537160226,-0.010830696535,0.0,-0.239537160226,0.010830696535,0.0,0.304100196256,0.547311349958,0.0,-0.142140090453,0.543340473867,0.0,0.322047768746,0.969633412283,0.0,-0.018931415758,0.931125836845,0.0,0.302227639603,0.999847846689,0.0,0.033816283927,0.961605633557,0.0,0.330007613811,1.201466076078,0.0,0.048292184631,1.147957564909,0.0,0.569921165705,0.547241508961,-0.000347951427,-0.261902365715
35,1,0.227114439869,-0.010257709346,0.0,-0.227114439869,0.010257709346,0.0,0.292543452424,0.518070049929,0.0,-0.134186517454,0.514380914379,0.0,0.311116954444,0.917726257566,0.0,-0.014859813872,0.881265218657,0.0,0.292710043956,0.946390769714,0.0,0.036205713427,0.910271098068,0.0,0.317858688669,1.13709532192,0.0,0.044384097701,1.086410144517,0.0,0.570760637522,0.547165185213,-0.000342074782,-0.276749917859
36,1,0.230154767646,-0.010788250133,0.0,-0.230154767646,0.010788250133,0.0,0.304716100145,0.517722605765,0.0,-0.135992417308,0.523550075246,0.0,0.326830647706,0.936818621017,0.0,-0.0113984114,0.900634802768,0.0,0.309575590944,0.966587708832,0.0,0.041821479353,0.93098102255,0.0,0.332235121953,1.159078505202,0.0,0.04356300424,1.110787246582,0.0,0.571828126907,0.547058820724,-0.000341182575,-0.270689864459
37,1,0.227946393849,-0.013540205536,0.0,-0.227946393849,0.013540205536,0.0,0.311497587072,0.484666585979,0.0,-0.134597972671,0.520528236441,0.0,0.327782613661,0.900601605643,0.0,-0.010642335274,0.897491610709,0.0,0.311610596244,0.934964270929,0.0,0.04334804322,0.929015371797,0.0,0.333802731545,1.13089613975,0.0,0.044335041049,1.109850615428,0.0,0.572297930717,0.545317083597,-0.000340810046,-0.272418585503
38,1,0.228950890697,-0.016602581414,0.0,-0.228950890697,0.016602581414,0.0,0.330082427329,0.468868233463,0.0,-0.135755030343,0.5254843841,0.0,0.329455958425,0.87873823788,0.0,-0.011609207185,0.904605362339,0.0,0.31192022115,0.910462235865,0.0,0.043298651993,0.930582748846,0.0,0.347216731517,1.104622259022,0.0,0.044106580097,1.122315906516,0.0,0.572204589844,0.543505519629,-0.00034669973,-0.270826883967
39,1,0.240062226422,-0.019861280809,0.0,-0.240062226422,0.019861280809,0.0,0.362086649457,0.486538872049,0.0,-0.146057013434,0.561380740222,0.0,0.34355335523,0.890440156386,0.0,-0.016097746252,0.957264838999,0.0,0.311462061622,0.918074952309,0.0,0.039689023683,0.981435975764,0.0,0.365409102344,1.134916668954,0.0,0.043214438901,1.189268015267,0.0,0.57153904438,0.540850132704,-0.000347516499,-0.25769843817
40,1,0.214160978084,-0.020869829102,0.0,-0.214160978084,0.020869829102,0.0,0.334747949266,0.427312332236,0.0,-0.132282934729,0.514741138865,0.0,0.307269409785,0.764600655565,0.0,-0.014896651071,0.871128474112,0.0,0.272596086552,0.780184466306,0.0,0.034073930012,0.893745784848,0.0,0.336803336255,0.990474324447,0.0,0.038762930008,1.077723674501,0.0,0.571513086557,0.53588527441,-0.000343983993,-0.288629359228
41,1,0.207790770476,-0.023053398988,0.0,-0.207790770476,0.023053398988,0.0,0.340287507545,0.399546482729,0.0,-0.129632953305,0.506061106388,0.0,0.301208297424,0.725666643334,0.0,-0.016729997187,0.850694746529,0.0,0.261161861725,0.744762086509,0.0,0.029208141897,0.870537595855,0.0,0.342325184375,0.933124518548,0.0,0.035587629313,1.058263787854,0.0,0.571261882782,0.531540513039,-0.000334312208,-0.296505546378
42,1,0.209674284669,-0.026085458179,0.0,-0.209674284669,0.026085458179,0.0,0.352641817371,0.389310000801,0.0,-0.130470764112,0.513764967428,0.0,0.304306521689,0.716898110801,0.0,-0.018042098296,0.871875756392,0.0,0.260221114892,0.734136718138,0.0,0.028132975496,0.892597311739,0.0,0.349904429965,0.918112527538,0.0,0.020233067052,1.078998458395,0.0,0.571030139923,0.528579622507,-0.000328395516,-0.292722557458
43,1,0.2073722917,-0.026705936057,0.0,-0.2073722917,0.026705936057,0.0,0.361975800817,0.365045142243,0.0,-0.124773706852,0.506447696408,0.0,0.301183090507,0.674120493222,0.0,-0.01876904604,0.877608197011,0.0,0.255346831234,0.682050820071,0.0,0.021520730115,0.899523525004,0.0,0.342511765731,0.867707506041,0.0,0.017687032002,1.083605454448,0.0,0.570868968964,0.524609655142,-0.000322867185,-0.295154846071
44,1,0.209851195727,-0.028802521241,0.0,-0.209851195727,0.028802521241,0.0,0.376242811465,0.341929319661,0.0,-0.12435729911,0.51923498888,0.0,0.304984761393,0.655843267985,0.0,-0.018719120746,0.900620069485,0.0,0.257031568822,0.660770273633,0.0,0.021477932734,0.925436889435,0.0,0.34066138392,0.850856022697,0.0,0.016746639779,1.108965239657,0.0,0.570876270533,0.52147847414,-0.000317009166,-0.291151479853
45,1,0.203442819214,-0.028874531949,0.0,-0.203442819214,0.028874531949,0.0,0.382637890529,0.303195883403,0.0,-0.116164724645,0.510984330173,0.0,0.297720830614,0.606145004989,0.0,-0.015482704203,0.889872300966,0.0,0.24618040599,0.614760071892,0.0,0.022699187523,0.919517113721,0.0,0.324905624033,0.800607313849,0.0,0.018827586615,1.093228433593,0.0,0.571497648954,0.518506586552,-0.000300714746,-0.298069340056
46,1,0.192424990753,-0.029989997045,0.0,-0.192424990753,0.029989997045,0.0,0.359443419819,0.242300414553,0.0,-0.107717125596,0.49208925737,0.0,0.282350929524,0.544240435787,0.0,-0.009573762984,0.855695388783,0.0,0.231752573267,0.560330064512,0.0,0.022429095537,0.886323055644,0.0,0.292426889462,0.74349733247,0.0,0.018340088759,1.046143138897,0.0,0.571603029966,0.514909118414,-0.000253147446,-0.314581977713
47,1,0.180934441166,-0.028320090143,0.0,-0.180934441166,0.028320090143,0.0,0.338645064395,0.203660380879,0.0,-0.096411648568,0.459188594924,0.0,0.265525687547,0.494375986357,0.0,-0.002769022587,0.817380301165,0.0,0.215654020349,0.508509857924,0.0,0.024712710063,0.850184069277,0.0,0.264863430764,0.675551402732,0.0,0.018431068907,0.995149314184,0.0,0.571943491697,0.512492567301,-0.000219366513,-0.333053573015
48,1,0.186667640098,-0.029621066061,0.0,-0.186667640098,0.029621066061,0.0,0.341991172534,0.164675551648,0.0,-0.096959259824,0.476555496817,0.0,0.2710996324,0.491035840208,0.0,-0.000840012781,0.850945316134,0.0,0.220589571595,0.516039420631,0.0,0.026024888269,0.887836831275,0.0,0.258774614109,0.679416737142,0.0,0.019194015109,1.03326870552,0.0,0.571950435638,0.510176420212,-0.000191238709,-0.322853580329
49,1,0.191703130391,-0.03047971862,0.0,-0.191703130391,0.03047971862,0.0,0.34845495204,0.153512349874,0.0,-0.098300188032,0.488043348985,0.0,0.275863429184,0.471902703053,0.0,-0.000770251936,0.880664917219,0.0,0.225815562163,0.501827584003,0.0,0.025566764173,0.918585231575,0.0,0.25441264837,0.677253292979,0.0,0.02084539981,1.068707761052,0.0,0.572001487017,0.508141294122,-0.000176121481,-0.31398278256
50,1,0.194069153046,-0.031111084638,0.0,-0.194069153046,0.031111084638,0.0,0.346836897963,0.120406632418,0.0,-0.098830909657,0.482016857424,0.0,0.273805630366,0.448211297082,0.0,-0.000355052834,0.894266888818,0.0,0.221044529673,0.467091008361,0.0,0.026326030203,0.932871373596,0.0,0.238201961147,0.662885896714,0.0,0.021645168754,1.084556970459,0.0,0.572155922651,0.506966158748,-0.000172197819,-0.310485595275
51,1,0.193935320919,-0.031435138514,0.0,-0.193935320919,0.031435138514,0.0,0.344324969511,0.108174427386,0.0,-0.098098915545,0.479797884995,0.0,0.272791535187,0.448775476443,0.0,-0.000308144851,0.893712664943,0.0,0.220046784796,0.472468199845,0.0,0.026105421821,0.932857322931,0.0,0.234039994455,0.652117511157,0.0,0.021819590167,1.083964537591,0.0,0.57218888402,0.506710186601,-0.000171168707,-0.31074626594
52,1,0.19515357255,-0.031782732561,0.0,-0.19515357255,0.031782732561,0.0,0.343280353648,0.102232530513,0.0,-0.098136765619,0.480478522728,0.0,0.27536550351,0.444920412903,0.0,0.000185695629,0.896442517545,0.0,0.223069237016,0.469535785886,0.0,0.027571269456,0.936603295053,0.0,0.234970822785,0.648898673703,0.0,0.021415546114,1.089242595644,0.0,0.572358548641,0.506836757064,-0.000171323307,-0.309104059676
53,1,0.196253962955,-0.032900182091,0.0,-0.196253962955,0.032900182091,0.0,0.337197125404,0.105753466188,0.0,-0.098665249232,0.485214560299,0.0,0.276056357841,0.458855757347,0.0,-0.00011455802,0.899784056117,0.0,0.223784298387,0.488231416217,0.0,0.027285628656,0.94028065507,0.0,0.237127063666,0.659941977064,0.0,0.023514994525,1.094137014433,0.0,0.572234481573,0.506554409862,-0.000170712359,-0.307758002672
54,1,0.195764327334,-0.032227257534,0.0,-0.195764327334,0.032227257534,0.0,0.335383246643,0.128527989633,0.0,-0.097137852638,0.479646939114,0.0,0.275932525919,0.467272466462,0.0,0.000110676066,0.895595021866,0.0,0.227388323049,0.495984310268,0.0,0.027060008354,0.936041425923,0.0,0.239790030126,0.666138814069,0.0,0.024440674797,1.089515907015,0.0,0.572323381901,0.507064625621,-0.000171347521,-0.308589406551
55,1,0.190513542699,-0.031263245872,0.0,-0.190513542699,0.031263245872,0.0,0.326321609451,0.13521864992,0.0,-0.094566463347,0.465861991595,0.0,0.26877463968,0.468338265965,0.0,3.6841489e-05,0.86985767777,0.0,0.222529736503,0.494214148941,0.0,0.026253508239,0.908029783645,0.0,0.234030765936,0.662729751318,0.0,0.026311214041,1.058367494586,0.0,0.572323322296,0.50732730329,-0.000170407817,-0.317102014123
56,1,0.187108097592,-0.030463804434,0.0,-0.187108097592,0.030463804434,0.0,0.328030652355,0.180906736508,0.0,-0.090574650473,0.458093464295,0.0,0.264896888537,0.460106158414,0.0,0.001129290679,0.853658283667,0.0,0.218069952906,0.491063767927,0.0,0.02722268942,0.891389237455,0.0,0.232226283052,0.657199548491,0.0,0.031662320125,1.038735873237,0.0,0.572686523199,0.507543623447,-0.000176991336,-0.322885348411
57,1,0.187419474489,-0.029068105585,0.0,-0.187419474489,0.029068105585,0.0,0.337105971455,0.229143409717,0.0,-0.091032692246,0.457495042197,0.0,0.265277538545,0.495207071272,0.0,0.001888141221,0.854291673928,0.0,0.216505933141,0.506237449541,0.0,0.027995285433,0.893021093187,0.0,0.235031963253,0.687620062888,0.0,0.033926477406,1.036214497734,0.0,0.572931826115,0.50969094038,-0.000187505037,-0.321519015702
58,1,0.183921875413,-0.026555926247,0.0,-0.183921875413,0.026555926247,0.0,0.340928381078,0.273693686545,0.0,-0.090250553083,0.449209938813,0.0,0.259912894111,0.523740507695,0.0,0.001876992651,0.834611871728,0.0,0.212438394294,0.529613452047,0.0,0.027949441435,0.871565432048,0.0,0.230199292682,0.709605490779,0.0,0.02661275238,1.012170586329,0.0,0.573073476553,0.511639267206,-0.000194347464,-0.327255232733
59,1,0.176488449374,-0.023854696411,0.0,-0.176488449374,0.023854696411,0.0,0.335404959271,0.303067643899,0.0,-0.086549932702,0.429189274124,0.0,0.248700638002,0.546700328425,0.0,-0.000934645975,0.795602004146,0.0,0.203856886018,0.54824053817,0.0,0.022680678141,0.827825628618,0.0,0.226231500204,0.727761182486,0.0,0.026113635695,0.968624500224,0.0,0.573239594698,0.513128727674,-0.000242223963,-0.340512888658
60,1,0.16715318775,-0.02134350008,0.0,-0.16715318775,0.02134350008,0.0,0.324755235074,0.314225187552,0.0,-0.082335190035,0.408083880718,0.0,0.236662990565,0.543657733369,0.0,-0.000285067723,0.745897861162,0.0,0.192749592317,0.549625782851,0.0,0.021996437348,0.776219789057,0.0,0.229049379548,0.725549562514,0.0,0.02625075512,0.91016670227,0.0,0.57353630662,0.516714781523,-0.000261087902,-0.358483810509
61,1,0.190735533237,-0.023926048567,0.0,-0.190735533237,0.023926048567,0.0,0.370576095786,0.380694687694,0.0,-0.095902338027,0.46453923909,0.0,0.270217891012,0.648879805572,0.0,-0.002826105899,0.834593171131,0.0,0.218018375796,0.659251097075,0.0,0.02394281312,0.868314359912,0.0,0.270833349023,0.855997433065,0.0,0.032001922266,1.024370188661,0.0,0.574012041092,0.520859092474,-0.0002945913,-0.314652644783
62,1,0.192259880961,-0.021700593657,0.0,-0.192259880961,0.021700593657,0.0,0.372616642911,0.3959971272,0.0,-0.101743913627,0.464132570069,0.0,0.272593634636,0.687415566965,0.0,-0.005319352322,0.826199484584,0.0,0.220585541515,0.697657066404,0.0,0.022813891142,0.858615578431,0.0,0.288469757324,0.884516326896,0.0,0.035675384287,1.017626509781,0.0,0.57427829504,0.52451762557,-0.00030305516,-0.313175385994
63,1,0.220850564277,-0.024410353139,0.0,-0.220850564277,0.024410353139,0.0,0.423868038265,0.474647162661,0.0,-0.124747456506,0.522719569365,0.0,0.315372023968,0.820689315727,0.0,-0.006553025543,0.93711857197,0.0,0.26101331128,0.833539455784,0.0,0.027341211337,0.972422721414,0.0,0.340064163102,1.055586382293,0.0,0.056095828903,1.156868849829,0.0,0.574161529541,0.527406483889,-0.000305408612,-0.272972382373
64,1,0.236532049632,-0.023312136068,0.0,-0.236532049632,0.023312136068,0.0,0.445472018051,0.506660389824,0.0,-0.135442097415,0.549831462024,0.0,0.354228730912,0.914817690883,0.0,-0.005728471891,0.97865260499,0.0,0.315390976165,0.937426760677,0.0,0.034791503226,1.010197156626,0.0,0.363722928545,1.161669165109,0.0,0.061089685559,1.2190821177,0.0,0.57447206974,0.532100141048,-0.000337631442,-0.255182174402
65,1,0.226740771853,-0.021627494599,0.0,-0.226740771853,0.021627494599,0.0,0.414343680805,0.50494551059,0.0,-0.132376335528,0.530676711181,0.0,0.348834245031,0.933801686943,0.0,-0.005642344107,0.943705649313,0.0,0.31648739262,0.958829887156,0.0,0.035533615976,0.97307912103,0.0,0.347202335787,1.156347494723,0.0,0.061903846817,1.169887912752,0.0,0.574426233768,0.5317055583,-0.00034693256,-0.266482642767
66,1,0.22614652648,-0.020313765755,0.0,-0.22614652648,0.020313765755,0.0,0.3964186255,0.504483629956,0.0,-0.132953106678,0.525815811001,0.0,0.360056370246,0.94016059782,0.0,-0.005286145291,0.927972405287,0.0,0.344886655698,0.964493038561,0.0,0.043365575202,0.956754153085,0.0,0.345801679139,1.174623643418,0.0,0.058511421513,1.155260480391,0.0,0.574427515268,0.534869045019,-0.000348662958,-0.267204360047
67,1,0.222241404257,-0.018364770157,0.0,-0.222241404257,0.018364770157,0.0,0.372197398914,0.507449048944,0.0,-0.13049837546,0.516590037395,0.0,0.357027725538,0.949362200188,0.0,-0.003856238143,0.913376923036,0.0,0.336530372019,0.983001887525,0.0,0.046751247473,0.942564173194,0.0,0.342720481885,1.174276643767,0.0,0.058301344373,1.132901262987,0.0,0.574456095695,0.535248279572,-0.000342324376,-0.272130334507
68,1,0.238488309424,-0.016263956305,0.0,-0.238488309424,0.016263956305,0.0,0.373639414506,0.545408926867,0.0,-0.139928344007,0.542112836516,0.0,0.38481055627,1.023291018547,0.0,-0.003620128331,0.964521553636,0.0,0.361200446234,1.058741737278,0.0,0.056390013008,0.999531759365,0.0,0.371525234174,1.265602788077,0.0,0.06039224053,1.195270679586,0.0,0.574477165937,0.540329515934,-0.000340905041,-0.253565964519
69,1,0.232566854369,-0.01509810224,0.0,-0.232566854369,0.01509810224,0.0,0.352952405508,0.540069809493,0.0,-0.137658174349,0.520203891497,0.0,0.371116534404,0.99755151332,0.0,-0.005203358777,0.925969139456,0.0,0.346442645821,1.033466587031,0.0,0.052982359719,0.959040292918,0.0,0.360524328911,1.235473219691,0.0,0.06073224203,1.14940795666,0.0,0.574044197798,0.543153017759,-0.000343827531,-0.261249202556
70,1,0.241015792276,-0.013777720392,0.0,-0.241015792276,0.013777720392,0.0,0.353404194017,0.563114743901,0.0,-0.142744714265,0.536108664929,0.0,0.383073745256,1.042316182599,0.0,-0.005918682987,0.955894746803,0.0,0.358241977538,1.083344326388,0.0,0.053028051922,0.988377918186,0.0,0.372452553488,1.281516389566,0.0,0.064132856785,1.18438629378,0.0,0.573905080557,0.544583022594,-0.000348301604,-0.252474790464
71,1,0.247766473416,-0.012912198172,0.0,-0.247766473416,0.012912198172,0.0,0.354540065418,0.5864149757,0.0,-0.147327972596,0.546437019532,0.0,0.393481815621,1.069611906286,0.0,-0.007421979816,0.970572392644,0.0,0.369679997288,1.109533844766,0.0,0.052859599238,1.000161129075,0.0,0.381570660795,1.325969455927,0.0,0.067657483715,1.207383891932,0.0,0.573816597462,0.546877205372,-0.000349894166,-0.245791527774
72,1,0.245925795461,-0.014360163789,0.0,-0.245925795461,0.014360163789,0.0,0.342542605042,0.585497772161,0.0,-0.147843535288,0.547320214027,0.0,0.390048942588,1.056263632203,0.0,-0.00791461297,0.952957852671,0.0,0.370746479565,1.095520565184,0.0,0.05213045836,0.982399769902,0.0,0.37744640458,1.313622662986,0.0,0.067837613578,1.191082678911,0.0,0.573732733727,0.549313157797,-0.000357801095,-0.247557763148
73,1,0.229449669635,-0.012899223428,0.0,-0.229449669635,0.012899223428,0.0,0.313635907764,0.539838279362,0.0,-0.138109963365,0.512096463177,0.0,0.361300123736,0.979293367223,0.0,-0.008250614806,0.891779297256,0.0,0.344602333245,1.0177833569,0.0,0.046695002358,0.920563896983,0.0,0.350618780943,1.221758512006,0.0,0.066809582524,1.116360771687,0.0,0.573732554913,0.548706263304,-0.000360574573,-0.265332880619
74,1,0.242771414061,-0.012820827262,0.0,-0.242771414061,0.012820827262,0.0,0.329658896602,0.576119819808,0.0,-0.146836565878,0.542264378755,0.0,0.378127300551,1.033893880261,0.0,-0.009352377114,0.944098740595,0.0,0.355856349809,1.070821791655,0.0,0.048629055215,0.974231733642,0.0,0.371125473837,1.284268938994,0.0,0.071096687819,1.183707429458,0.0,0.573765844107,0.548827499151,-0.00036075525,-0.250623218558
75,1,0.24257054607,-0.012441871583,0.0,-0.24257054607,0.012441871583,0.0,0.324142063593,0.578078435841,0.0,-0.147661700773,0.54282846762,0.0,0.375454485293,1.035344827985,0.0,-0.01010384165,0.942238308213,0.0,0.355342505954,1.069972779903,0.0,0.048334780202,0.97246459125,0.0,0.371278582649,1.286210470286,0.0,0.068556729931,1.182521351287,0.0,0.573766022921,0.549235492945,-0.000358603895,-0.250677916433
76,1,0.239278612301,-0.011894604149,0.0,-0.239278612301,0.011894604149,0.0,0.31654552373,0.574094547236,0.0,-0.145671174329,0.540146446718,0.0,0.368116206742,1.018247787515,0.0,-0.010102023998,0.931477199584,0.0,0.349980989474,1.053132513507,0.0,0.047573609179,0.961327974043,0.0,0.365992735619,1.268505718732,0.0,0.067182241032,1.171229870071,0.0,0.57375434041,0.549132615328,-0.000354677439,-0.254168777045
77,1,0.238148259589,-0.01198998215,0.0,-0.238148259589,0.01198998215,0.0,0.314606050795,0.569648595412,0.0,-0.145635299992,0.539396035785,0.0,0.36610642589,1.014991656757,0.0,-0.009892190554,0.93195413112,0.0,0.349155989622,1.052690034057,0.0,0.047690029092,0.961138766568,0.0,0.362257439429,1.266090189741,0.0,0.065743644579,1.168198385093,0.0,0.573733389378,0.548816382885,-0.000350352377,-0.255291199728
78,1,0.238429359901,-0.011776709252,0.0,-0.238429359901,0.011776709252,0.0,0.315089525093,0.570325500617,0.0,-0.14576437373,0.540919822263,0.0,0.364573594442,1.018596923952,0.0,-0.011206318337,0.93185615356,0.0,0.348371128279,1.057882758845,0.0,0.046178068185,0.959740244353,0.0,0.362616416522,1.268349180141,0.0,0.064041594927,1.169399497673,0.0,0.573783487082,0.54869478941,-0.000349301845,-0.255131588472
79,1,0.226836512861,-0.011408828214,0.0,-0.226836512861,0.011408828214,0.0,0.300367431381,0.539595558325,0.0,-0.140007536984,0.514706095053,0.0,0.34690740952,0.974396961787,0.0,-0.010588950994,0.887103485126,0.0,0.332380869827,1.014246239526,0.0,0.044885777502,0.915449367625,0.0,0.345054851491,1.209237889944,0.0,0.059560446272,1.113191573878,0.0,0.573756307364,0.54851987958,-0.000347711146,-0.268188369141
80,1,0.237519822951,-0.011761118591,0.0,-0.237519822951,0.011761118591,0.0,0.315092755379,0.569012403304,0.0,-0.145935262102,0.54047093314,0.0,0.362506601975,1.018078639771,0.0,-0.010649980923,0.926194770061,0.0,0.347752278586,1.059193870674,0.0,0.047412917066,0.954160396005,0.0,0.361201192406,1.262834510049,0.0,0.062733208413,1.162867906806,0.0,0.573870271444,0.548793792725,-0.000348730013,-0.25649351746
81,1,0.234416396182,-0.01170437831,0.0,-0.234416396182,0.01170437831,0.0,0.311420204768,0.558547276883,0.0,-0.144668021106,0.532375523988,0.0,0.35750300281,1.005227324113,0.0,-0.011048321262,0.912886092511,0.0,0.342737368432,1.047657384288,0.0,0.047006430189,0.941277218845,0.0,0.356560249978,1.24776943908,0.0,0.060844081606,1.147381490326,0.0,0.573951601982,0.54871070385,-0.000350128859,-0.260293381486
82,1,0.236674836263,-0.011581801491,0.0,-0.236674836263,0.011581801491,0.0,0.314835789637,0.565430350383,0.0,-0.146089795875,0.537717088245,0.0,0.360834355179,1.010854138276,0.0,-0.011359703429,0.918976029567,0.0,0.345838344874,1.051838741845,0.0,0.047356922836,0.947534928343,0.0,0.36016251432,1.256780017491,0.0,0.061035713678,1.155598287985,0.0,0.57397004962,0.549348980188,-0.000353494659,-0.257904382868
83,1,0.231992303405,-0.011784243325,0.0,-0.231992303405,0.011784243325,0.0,0.308955619314,0.552293216938,0.0,-0.143643263753,0.526262493068,0.0,0.353289365776,0.989718911376,0.0,-0.011424228049,0.899796178025,0.0,0.335297095595,1.029264647195,0.0,0.046495310339,0.931425654708,0.0,0.353760930296,1.229678209004,0.0,0.058570487682,1.132002520081,0.0,0.573980510235,0.549463897943,-0.000356931239,-0.263159897092
84,1,0.236972639769,-0.012045538896,0.0,-0.236972639769,0.012045538896,0.0,0.316035587018,0.565027275446,0.0,-0.14615462081,0.537836030147,0.0,0.360025113085,1.010289990301,0.0,-0.011248055509,0.92153103782,0.0,0.342670305978,1.051300347936,0.0,0.047727541469,0.952454745982,0.0,0.358425056482,1.255186797028,0.0,0.060902096592,1.156761337179,0.0,0.574048340321,0.549423575401,-0.000360203907,-0.257631962917
85,1,0.24133485272,-0.012285078189,0.0,-0.24133485272,0.012285078189,0.0,0.322116003508,0.574793420316,0.0,-0.15089166605,0.546962337134,0.0,0.36654080077,1.028813335788,0.0,-0.011649314084,0.937731911222,0.0,0.348127790629,1.069303392891,0.0,0.048494182292,0.969974115893,0.0,0.365606768235,1.27744575207,0.0,0.061427864736,1.178101396731,0.0,0.574051111937,0.549391329288,-0.000351108611,-0.252991845009
86,1,0.253590320756,-0.013020505708,0.0,-0.253590320756,0.013020505708,0.0,0.338234375561,0.60342262743,0.0,-0.157488438757,0.575601603152,0.0,0.384103061883,1.08068415135,0.0,-0.010621164216,0.990025034308,0.0,0.36390705724,1.123120044129,0.0,0.051147831684,1.02174718537,0.0,0.385499026635,1.341678196859,0.0,0.065350804565,1.238490423026,0.0,0.574093282223,0.549352645874,-0.000347297639,-0.240794327821
87,1,0.25550178722,-0.013198675275,0.0,-0.25550178722,0.013198675275,0.0,0.340758317474,0.60652042152,0.0,-0.158500051767,0.579933563805,0.0,0.389418894856,1.086319397229,0.0,-0.010063079764,0.99740263584,0.0,0.373415513553,1.12560198818,0.0,0.052125690942,1.029175506711,0.0,0.38353033376,1.351365363675,0.0,0.067575761197,1.247885724781,0.0,0.574106037617,0.549304842949,-0.000342395157,-0.239038614968
88,1,0.260523088911,-0.013530813339,0.0,-0.260523088911,0.013530813339,0.0,0.347705340585,0.616764351007,0.0,-0.160694520134,0.58810093869,0.0,0.40073312277,1.106274660432,0.0,-0.008811597117,1.015275069149,0.0,0.388256930374,1.145382029745,0.0,0.056840047231,1.047722328963,0.0,0.390658086465,1.375272902969,0.0,0.070033148439,1.270106401942,0.0,0.574304968119,0.549211442471,-0.000343462452,-0.234915405082
89,1,0.24815967262,-0.013671032601,0.0,-0.24815967262,0.013671032601,0.0,0.332278061525,0.585723453037,0.0,-0.152998139588,0.558823514436,0.0,0.383247338466,1.05575377191,0.0,-0.008368893934,0.965703859856,0.0,0.369811857203,1.092651180555,0.0,0.054182723584,0.997981516385,0.0,0.373277395692,1.30876729918,0.0,0.06649248436,1.210548790307,0.0,0.574327498674,0.548440426588,-0.000334942713,-0.246843561087
90,1,0.248405119854,-0.013946970365,0.0,-0.248405119854,0.013946970365,0.0,0.335981915613,0.574252395682,0.0,-0.152087378515,0.562416566959,0.0,0.384542885485,1.053163179673,0.0,-0.007401500937,0.972794326279,0.0,0.371358187919,1.082703938957,0.0,0.053018737337,1.003664622714,0.0,0.379189577368,1.302155137216,0.0,0.068837861296,1.215891325846,0.0,0.574583083391,0.547227352858,-0.000327331945,-0.246660843899
91,1,0.233699029339,-0.016396647915,0.0,-0.233699029339,0.016396647915,0.0,0.319422581503,0.519844314697,0.0,-0.14356238595,0.540038363585,0.0,0.361665028234,0.978414826263,0.0,-0.007372020787,0.93353243984,0.0,0.349162899777,1.007493965534,0.0,0.049535999421,0.962684133669,0.0,0.357717286937,1.211699566797,0.0,0.063728717327,1.162365651155,0.0,0.574508696795,0.542512953281,-0.00032489188,-0.2620632259
92,1,0.237599788573,-0.018208293847,0.0,-0.237599788573,0.018208293847,0.0,0.327542826846,0.51259440064,0.0,-0.147415433609,0.549748139033,0.0,0.366194951986,0.957904057062,0.0,-0.008147680577,0.956984413511,0.0,0.351623198771,0.986702031339,0.0,0.048595553914,0.986941263721,0.0,0.37356356409,1.196199657533,0.0,0.063360568912,1.190137559931,0.0,0.573999494314,0.540737390518,-0.000328726135,-0.257371504734
93,1,0.244663370372,-0.020813415531,0.0,-0.244663370372,0.020813415531,0.0,0.340683747672,0.517024097989,0.0,-0.151672514593,0.568579310157,0.0,0.375589301503,0.94583559439,0.0,-0.007681630184,0.990154564372,0.0,0.356079111302,0.97456717789,0.0,0.050704535415,1.021989542697,0.0,0.390538441734,1.194777410559,0.0,0.065328585371,1.232920381379,0.0,0.574016809464,0.539145469666,-0.000316247344,-0.24971994705
94,1,0.244371977207,-0.024006454736,0.0,-0.244371977207,0.024006454736,0.0,0.347621340037,0.499638860608,0.0,-0.149993235916,0.576319978968,0.0,0.373518954555,0.897744918403,0.0,-0.007810151427,0.988074852024,0.0,0.348038591764,0.919724943232,0.0,0.048393811076,1.017060558369,0.0,0.390165522652,1.147265979757,0.0,0.070647236493,1.238348897213,0.0,0.574032604694,0.536541372538,-0.000310529023,-0.250059913564
95,1,0.203690351178,-0.023233609384,0.0,-0.203690351178,0.023233609384,0.0,0.297720987407,0.39938377787,0.0,-0.1231330621,0.48566490937,0.0,0.309332128273,0.719480354743,0.0,-0.006627570406,0.822715999552,0.0,0.276722701249,0.736291185736,0.0,0.040487709265,0.839316573434,0.0,0.3280598165,0.917423910101,0.0,0.060509631357,1.039540961355,0.0,0.574019104242,0.533422648907,-0.000304012559,-0.299926666823
96,1,0.214668436647,-0.026105791523,0.0,-0.214668436647,0.026105791523,0.0,0.323251370862,0.398412160058,0.0,-0.126868215047,0.504574218141,0.0,0.322940540253,0.717714369385,0.0,-0.00796105472,0.876046329051,0.0,0.285358836564,0.738496872546,0.0,0.038253634008,0.894902897272,0.0,0.345457327405,0.923174239784,0.0,0.063100184546,1.102561831394,0.0,0.574009746313,0.531034350395,-0.000293381978,-0.284570728467
97,1,0.21606537805,-0.028123557384,0.0,-0.21606537805,0.028123557384,0.0,0.340127950739,0.377605397109,0.0,-0.122590592751,0.508264202794,0.0,0.321295548436,0.679193537045,0.0,-0.008837045948,0.888210049059,0.0,0.279221551864,0.690171232565,0.0,0.031154501247,0.90819359218,0.0,0.338708793805,0.884545334592,0.0,0.057475750411,1.116543543263,0.0,0.573991626501,0.529122710228,-0.000286421273,-0.282660253843
98,1,0.216103880744,-0.030152908813,0.0,-0.216103880744,0.030152908813,0.0,0.352265534052,0.353882897107,0.0,-0.120044350409,0.519384716625,0.0,0.309849969057,0.637793244543,0.0,-0.009011791251,0.900138540279,0.0,0.258662479999,0.646375511085,0.0,0.028472045298,0.929685663139,0.0,0.326488777399,0.850097645913,0.0,0.052520787762,1.127911527221,0.0,0.573981165886,0.52629879117,-0.000273164827,-0.282533354363
99,1,0.215148789615,-0.032580491041,0.0,-0.215148789615,0.032580491041,0.0,0.356114578278,0.303930150484,0.0,-0.117826952633,0.5266749976,0.0,0.303782502683,0.617432413357,0.0,-0.007730206074,0.918664089356,0.0,0.250706387634,0.622762288041,0.0,0.029347742443,0.955802362546,0.0,0.297286843149,0.831830097517,0.0,0.052344098345,1.14303496061,0.0,0.574346542358,0.52201834321,-0.000242363662,-0.282586337978
100,1,0.214367204317,-0.032704285847,0.0,-0.214367204317,0.032704285847,0.0,0.359895159903,0.265838518953,0.0,-0.111659757706,0.531473226971,0.0,0.30221792863,0.59566672335,0.0,-0.00495357424,0.93620152883,0.0,0.24466134164,0.608939489385,0.0,0.031211497078,0.974575674868,0.0,0.282654710741,0.813126042739,0.0,0.052991685256,1.155181850485,0.0,0.575082719326,0.518058657646,-0.000226975884,-0.283092250099
101,1,0.215349108183,-0.034183257493,0.0,-0.215349108183,0.034183257493,0.0,0.360872563641,0.225059917747,0.0,-0.111139847293,0.538298393845,0.0,0.302737600449,0.571397892994,0.0,-0.002606571785,0.953910236357,0.0,0.246947513557,0.594774610275,0.0,0.032304029636,0.992601754804,0.0,0.277911492793,0.793297016658,0.0,0.053674697402,1.172021874119,0.0,0.575215339661,0.515415817499,-0.000213306397,-0.281287758785
102,1,0.211752735007,-0.034667711986,0.0,-0.211752735007,0.034667711986,0.0,0.346748056208,0.182928861899,0.0,-0.108344043571,0.531681000578,0.0,0.299595442189,0.541186889336,0.0,0.001365132964,0.950648424699,0.0,0.245565031924,0.566099860745,0.0,0.033619755396,0.988766840121,0.0,0.272564200636,0.757715552517,0.0,0.054021425691,1.165102486947,0.0,0.57547929883,0.512628912926,-0.000203975476,-0.285266678704
103,1,0.204678294596,-0.034601734714,0.0,-0.204678294596,0.034601734714,0.0,0.330707975291,0.164709940722,0.0,-0.103692870377,0.51595111158,0.0,0.291535268325,0.513189320167,0.0,0.003349064245,0.927632503716,0.0,0.24046965401,0.532497571679,0.0,0.033842925186,0.964435879038,0.0,0.266701612357,0.717729474591,0.0,0.053419563317,1.135114385982,0.0,0.575843662024,0.510662525892,-0.00019426737,-0.294484722496
104,1,0.203043478492,-0.034263393268,0.0,-0.203043478492,0.034263393268,0.0,0.323755362733,0.136214453953,0.0,-0.10124740023,0.517357895729,0.0,0.291918450762,0.482147700751,0.0,0.006022576695,0.927716329307,0.0,0.241580159836,0.498563761016,0.0,0.036196849311,0.964499293962,0.0,0.268793463073,0.692231608032,0.0,0.054903026467,1.132991957239,0.0,0.576397776604,0.509042859077,-0.000178534072,-0.296134075383
105,1,0.20615916317,-0.034801391749,0.0,-0.20615916317,0.034801391749,0.0,0.321830945206,0.135448775364,0.0,-0.102301997944,0.522642266505,0.0,0.299117957217,0.464328363261,0.0,0.008224270828,0.945894436887,0.0,0.247173381058,0.469279185862,0.0,0.041108436277,0.983127206425,0.0,0.2742050365,0.682940244709,0.0,0.054593045827,1.154720933907,0.0,0.576661854982,0.508684560657,-0.000178996474,-0.290689904257
106,1,0.208302210384,-0.034391772641,0.0,-0.208302210384,0.034391772641,0.0,0.317122903635,0.139261049407,0.0,-0.102531666276,0.519129523915,0.0,0.301064324713,0.454281064815,0.0,0.011016442911,0.950763611174,0.0,0.250695056203,0.457842724517,0.0,0.042770613266,0.984593176968,0.0,0.269381470237,0.676766143143,0.0,0.055675686699,1.163518516324,0.0,0.576978176832,0.508694663644,-0.000169995707,-0.288345354477
107,1,0.20895816867,-0.034467566086,0.0,-0.20895816867,0.034467566086,0.0,0.313156796791,0.128580236459,0.0,-0.102653606083,0.521265980514,0.0,0.298695556313,0.440997785281,0.0,0.012920881484,0.953582627884,0.0,0.249078588022,0.449636023184,0.0,0.045074748572,0.988021179472,0.0,0.261928902102,0.65923841734,0.0,0.054851183796,1.166546766169,0.0,0.577136844397,0.508705079556,-0.000168596394,-0.287602775816
108,1,0.202693587157,-0.032830663474,0.0,-0.202693587157,0.032830663474,0.0,0.300625924591,0.132537547154,0.0,-0.099479424141,0.497024621789,0.0,0.281352372277,0.430332238744,0.0,0.013854125272,0.923026083186,0.0,0.238170239297,0.436469324251,0.0,0.044512816511,0.952219705829,0.0,0.240101685382,0.642276885762,0.0,0.05322844687,1.13173563842,0.0,0.577162593603,0.508628696203,-0.000164430821,-0.296503967279
109,1,0.19694505723,-0.031845476279,0.0,-0.19694505723,0.031845476279,0.0,0.289053139129,0.137717923619,0.0,-0.09681453314,0.482428830691,0.0,0.268748590683,0.429742905499,0.0,0.013530082941,0.897777034611,0.0,0.231154794529,0.435628191278,0.0,0.042668224243,0.926296412295,0.0,0.222075493139,0.63264268363,0.0,0.052213942148,1.100632671146,0.0,0.577169150114,0.508340105414,-0.000164869707,-0.305169064621
110,1,0.198715980416,-0.032028778304,0.0,-0.198715980416,0.032028778304,0.0,0.289411366956,0.149399996641,0.0,-0.097822212804,0.485665889847,0.0,0.263750263689,0.445238601141,0.0,0.014317743753,0.903403644629,0.0,0.230664718524,0.455397306691,0.0,0.042864035174,0.932099974498,0.0,0.222366922906,0.652192814667,0.0,0.054482169825,1.107904276664,0.0,0.577123075724,0.508881241083,-0.000162982848,-0.302714004518
111,1,0.195030295348,-0.031302377768,0.0,-0.195030295348,0.031302377768,0.0,0.284106030993,0.177332017078,0.0,-0.096190395579,0.477750694982,0.0,0.255272838836,0.441705725971,0.0,0.014104662329,0.88636303324,0.0,0.222194815889,0.448431241789,0.0,0.042513439051,0.914557089766,0.0,0.217083276984,0.64050299821,0.0,0.049332689608,1.086815641637,0.0,0.577101528645,0.509005844593,-0.000165363541,-0.308404900033
112,1,0.194995210151,-0.031042199061,0.0,-0.194995210151,0.031042199061,0.0,0.283498494924,0.200328627176,0.0,-0.096598477376,0.46989090844,0.0,0.251567070983,0.489649593486,0.0,0.014399085933,0.877482648342,0.0,0.216787596168,0.499381021701,0.0,0.042030753975,0.90490331387,0.0,0.218451463061,0.67776760952,0.0,0.049830311188,1.076021135599,0.0,0.577062815428,0.512263208628,-0.000167713035,-0.308471547907
113,1,0.208587548518,-0.031687843221,0.0,-0.208587548518,0.031687843221,0.0,0.311839258325,0.310402458413,0.0,-0.102562677591,0.495139272907,0.0,0.267774538442,0.569184171599,0.0,0.015193392618,0.929855736611,0.0,0.230259392352,0.573946184211,0.0,0.044554526304,0.960928354063,0.0,0.233633017952,0.768832365826,0.0,0.05251530001,1.138202769014,0.0,0.577001750469,0.516236007214,-0.000178919174,-0.288710015809
114,1,0.212649102243,-0.029052279725,0.0,-0.212649102243,0.029052279725,0.0,0.327025586224,0.366909478945,0.0,-0.104192622599,0.498681024735,0.0,0.27317332808,0.628362242657,0.0,0.012982976168,0.939668979327,0.0,0.234711736545,0.636029579561,0.0,0.039488686498,0.975774776189,0.0,0.239418073285,0.823655467547,0.0,0.054623551098,1.149146977088,0.0,0.577342331409,0.519078165293,-0.000189387472,-0.283690716756
115,1,0.159343475775,-0.020917783841,0.0,-0.159343475775,0.020917783841,0.0,0.253142192492,0.297955230087,0.0,-0.078148558585,0.370971895705,0.0,0.20473121492,0.498184616193,0.0,0.006454776039,0.693435929286,0.0,0.175696518754,0.499748766965,0.0,0.024746925592,0.720238977859,0.0,0.194801177396,0.64255203642,0.0,0.040680659777,0.851873314301,0.0,0.577370405197,0.522253513336,-0.000233889325,-0.378971262028
116,1,0.203955896229,-0.024897274679,0.0,-0.203955896229,0.024897274679,0.0,0.324540551018,0.394320467277,0.0,-0.101470338367,0.46744001401,0.0,0.262693351234,0.666538933573,0.0,0.001628918723,0.867959245923,0.0,0.225395126664,0.680319600058,0.0,0.02976511684,0.902127403213,0.0,0.274282507833,0.85250468964,0.0,0.049341116173,1.073246668266,0.0,0.577523857355,0.527156233788,-0.000242772512,-0.296226812817
117,1,0.183759301519,-0.020836710862,0.0,-0.183759301519,0.020836710862,0.0,0.292429680926,0.371995174921,0.0,-0.092003369865,0.42199438882,0.0,0.23888929687,0.619684906165,0.0,-0.000633793875,0.774009041713,0.0,0.206623063943,0.6351228002,0.0,0.026342687398,0.79863363505,0.0,0.257902931636,0.800500446099,0.0,0.046415397627,0.960322301169,0.0,0.577646583319,0.529524028301,-0.000244714087,-0.328449406361
118,1,0.182381720255,-0.018632653152,0.0,-0.182381720255,0.018632653152,0.0,0.28111570287,0.382423698674,0.0,-0.092365829908,0.421482853345,0.0,0.239545142494,0.644093120947,0.0,-0.001131972112,0.761204379344,0.0,0.213068742983,0.654338440052,0.0,0.027421178841,0.783706732772,0.0,0.260569743391,0.832252360654,0.0,0.046401321525,0.946688408418,0.0,0.577769577503,0.530713886023,-0.000297822524,-0.331308891011
119,1,0.182523467194,-0.017242359771,0.0,-0.182523467194,0.017242359771,0.0,0.270689981073,0.397964705117,0.0,-0.092765056803,0.420826130227,0.0,0.242063573507,0.67866382861,0.0,-0.002229678151,0.757243157192,0.0,0.222032904559,0.694294549086,0.0,0.027957755392,0.77904493328,0.0,0.259946227636,0.867697927287,0.0,0.047125485232,0.941528757533,0.0,0.577586174011,0.531032532454,-0.000322623178,-0.332096586118
120,1,0.234598396783,-0.01745277829,0.0,-0.234598396783,0.01745277829,0.0,0.334571271278,0.520006824764,0.0,-0.119187265505,0.532227487798,0.0,0.311393798446,0.907330010855,0.0,-0.0031459919,0.95546763538,0.0,0.290963096908,0.934301345704,0.0,0.036313534439,0.984979799868,0.0,0.33174530051,1.136207511908,0.0,0.065585337732,1.189458107131,0.0,0.577468186617,0.534700781107,-0.000318225473,-0.258890580316
121,1,0.241901531282,-0.016635320034,0.0,-0.241901531282,0.016635320034,0.0,0.329424497113,0.5404073856,0.0,-0.123169690321,0.548395063556,0.0,0.328710781868,0.957549325566,0.0,-0.001946075435,0.977475211052,0.0,0.323513060116,0.98686801219,0.0,0.046955818431,1.007416603845,0.0,0.338427869583,1.202042183074,0.0,0.067614285451,1.218179622947,0.0,0.577492028475,0.536725819111,-0.00031609647,-0.251165952054
122,1,0.231598158205,-0.013658349716,0.0,-0.231598158205,0.013658349716,0.0,0.308431557366,0.520375344083,0.0,-0.119264521183,0.518797061038,0.0,0.316893930343,0.92506910574,0.0,-0.00181759237,0.926462029119,0.0,0.309357674231,0.954090387207,0.0,0.047664125264,0.954765950502,0.0,0.323246360592,1.158968018094,0.0,0.065354615625,1.152493604829,0.0,0.577491015196,0.540523320436,-0.000324334018,-0.262394678213
123,1,0.225748791117,-0.012798276808,0.0,-0.225748791117,0.012798276808,0.0,0.298269444239,0.51868659799,0.0,-0.11691749208,0.513332042898,0.0,0.310076833857,0.932679487566,0.0,-0.00123456794,0.908159070652,0.0,0.3009865787,0.96560794211,0.0,0.049788261697,0.938700095992,0.0,0.320288839742,1.159724624841,0.0,0.063737517637,1.1241428069,0.0,0.577499896288,0.54109454155,-0.000329999253,-0.269183806143
124,1,0.22521595023,-0.011900578418,0.0,-0.22521595023,0.011900578418,0.0,0.293559797873,0.518571303003,0.0,-0.117229701815,0.509054190744,0.0,0.308912247191,0.944626293959,0.0,-0.000519654256,0.904736024169,0.0,0.299951269688,0.980540079008,0.0,0.051739819592,0.935956278754,0.0,0.31579681193,1.165211645342,0.0,0.063034667407,1.112902134796,0.0,0.577567368746,0.542864084244,-0.000331431627,-0.270406618388
125,1,0.222817786236,-0.011329636718,0.0,-0.222817786236,0.011329636718,0.0,0.287558380768,0.525467137245,0.0,-0.116271648002,0.507661850888,0.0,0.306520690523,0.952172530425,0.0,-0.001471793013,0.891422648244,0.0,0.297683724188,0.985075648783,0.0,0.050833114476,0.92243344574,0.0,0.309729489009,1.17174056545,0.0,0.062976033102,1.09959558754,0.0,0.577633708715,0.543492943048,-0.000328134745,-0.273624605468
126,1,0.205374492282,-0.010327541602,0.0,-0.205374492282,0.010327541602,0.0,0.26331463591,0.487672987312,0.0,-0.10722787751,0.470323679334,0.0,0.282585966814,0.880512549826,0.0,-0.002492357328,0.81784470274,0.0,0.273976141771,0.911114617699,0.0,0.045974844507,0.846570238168,0.0,0.281775254297,1.085985638217,0.0,0.059393534439,1.011134558538,0.0,0.577749550343,0.544070541859,-0.000322146341,-0.297430452177
127,1,0.202284432005,-0.010608157793,0.0,-0.202284432005,0.010608157793,0.0,0.256114825584,0.483129500823,0.0,-0.106234515811,0.46215898882,0.0,0.277484472971,0.868935358077,0.0,-0.001982283775,0.80130825367,0.0,0.266838105326,0.898195241358,0.0,0.045842663475,0.829158311599,0.0,0.276332071722,1.065136052949,0.0,0.059275198964,0.99157283143,0.0,0.577878564596,0.545208573341,-0.000319365412,-0.302626170385
128,1,0.232545476009,-0.012266831845,0.0,-0.232545476009,0.012266831845,0.0,0.294706766557,0.544437262697,0.0,-0.125516244683,0.522894266806,0.0,0.319565079575,0.98747832214,0.0,-0.002353707628,0.912009125873,0.0,0.307545243837,1.026834242563,0.0,0.0527046903,0.943996819636,0.0,0.317509419952,1.222330189383,0.0,0.06640539001,1.132033076527,0.0,0.577881902456,0.547536581755,-0.000321606174,-0.263278107263
129,1,0.235557822116,-0.011684369873,0.0,-0.235557822116,0.011684369873,0.0,0.298077424848,0.547662859189,0.0,-0.128032113994,0.527897521751,0.0,0.323997295541,0.987340708183,0.0,-0.002664868344,0.911942321106,0.0,0.31114852046,1.024154513933,0.0,0.053501475673,0.944997638511,0.0,0.319228686251,1.231979424823,0.0,0.067025115548,1.140050515565,0.0,0.577799916267,0.549221217632,-0.000320510939,-0.260193279096
130,1,0.242284481813,-0.011802399303,0.0,-0.242284481813,0.011802399303,0.0,0.308197327675,0.555711180981,0.0,-0.132162576909,0.54070625365,0.0,0.3326656447,1.013064482996,0.0,-0.003198408189,0.933729552247,0.0,0.319387871915,1.05135686356,0.0,0.054481702979,0.968740892407,0.0,0.326853727862,1.26278068494,0.0,0.06835332124,1.171405463568,0.0,0.577675282955,0.549366027117,-0.000317916274,-0.253184914538
131,1,0.247636456668,-0.012142534099,0.0,-0.247636456668,0.012142534099,0.0,0.315154378558,0.564788597129,0.0,-0.13602332746,0.550699408896,0.0,0.337650194952,1.039707661463,0.0,-0.004152326282,0.952425429486,0.0,0.320215367383,1.080393284748,0.0,0.054438771938,0.988676673988,0.0,0.331529259789,1.293605779616,0.0,0.068386394051,1.196953310085,0.0,0.577357381582,0.549170672894,-0.000327633694,-0.248412121302
132,1,0.252006766698,-0.01219140373,0.0,-0.252006766698,0.01219140373,0.0,0.319818747899,0.577874441997,0.0,-0.140832537099,0.561638207346,0.0,0.341094656246,1.057313917774,0.0,-0.005585945698,0.968642479718,0.0,0.32087892837,1.097644008499,0.0,0.054518873976,1.005583559028,0.0,0.333637731994,1.315689949781,0.0,0.066327044632,1.21815261361,0.0,0.576736658812,0.549239039421,-0.000330438837,-0.244028226811
133,1,0.246793572484,-0.011786142388,0.0,-0.246793572484,0.011786142388,0.0,0.31216220856,0.570173811665,0.0,-0.136940580322,0.554649796807,0.0,0.331175643901,1.032272559786,0.0,-0.005838323493,0.950239272103,0.0,0.309534199622,1.069769606307,0.0,0.053805182051,0.984886098427,0.0,0.321839908431,1.286973895016,0.0,0.062831038375,1.191192851229,0.0,0.576398789883,0.549175858498,-0.00033053942,-0.249860097338
134,1,0.245628446432,-0.011756839954,0.0,-0.245628446432,0.011756839954,0.0,0.309869612011,0.569677014716,0.0,-0.136296072474,0.554174995933,0.0,0.323547542999,1.025702995396,0.0,-0.005752718959,0.944991083092,0.0,0.298936350898,1.062169097962,0.0,0.053863953594,0.979299871579,0.0,0.318237386493,1.277755356789,0.0,0.064271523561,1.185679835264,0.0,0.576219588518,0.549083650112,-0.000332418829,-0.251314286633
135,1,0.253957700166,-0.012332976332,0.0,-0.253957700166,0.012332976332,0.0,0.316681347588,0.585989567428,0.0,-0.143553651433,0.570752112729,0.0,0.328699130937,1.054915827172,0.0,-0.009574337161,0.970884671073,0.0,0.302681150233,1.090594405815,0.0,0.053636537452,1.005763022612,0.0,0.321726628397,1.313892856812,0.0,0.061919765201,1.21820431197,0.0,0.575215011835,0.549071222544,-0.000325649977,-0.244607627753
136,1,0.263311390031,-0.012886212107,0.0,-0.263311390031,0.012886212107,0.0,0.327387501161,0.608364140062,0.0,-0.150400209164,0.591323294915,0.0,0.33750916232,1.089657904364,0.0,-0.009843267001,1.003605023434,0.0,0.310100747469,1.126468889901,0.0,0.055329674302,1.039605883229,0.0,0.330082170263,1.356797182596,0.0,0.063438486517,1.259157514125,0.0,0.574691683054,0.549010872841,-0.000331001356,-0.236689358558
137,1,0.26707831033,-0.013121363423,0.0,-0.26707831033,0.013121363423,0.0,0.329500590158,0.6162789665,0.0,-0.153573021307,0.59970383516,0.0,0.337633800331,1.102868368263,0.0,-0.010131680845,1.016080844041,0.0,0.311519193641,1.139590967314,0.0,0.054459217297,1.051756067181,0.0,0.331397812793,1.370996346913,0.0,0.064198641599,1.274056764883,0.0,0.57428842783,0.548940569162,-0.000334135257,-0.234007958946
138,1,0.26567587803,-0.012946607478,0.0,-0.26567587803,0.012946607478,0.0,0.32641687715,0.61309669109,0.0,-0.153776340419,0.59639854939,0.0,0.333732704147,1.099350332355,0.0,-0.010825085967,1.010243392538,0.0,0.306578266222,1.135131666953,0.0,0.052948592034,1.045200611737,0.0,0.329083296577,1.361216099953,0.0,0.063363518019,1.264972477659,0.0,0.573997080326,0.54870942235,-0.000319139101,-0.235564495334
139,1,0.26360739532,-0.01306391788,0.0,-0.26360739532,0.01306391788,0.0,0.322244899019,0.609530739719,0.0,-0.154368629595,0.592358750574,0.0,0.327816674819,1.092431878691,0.0,-0.011322824313,1.004190005406,0.0,0.30205467097,1.127442947453,0.0,0.050774630172,1.03885534291,0.0,0.324607730956,1.347604411235,0.0,0.064632272647,1.255169038903,0.0,0.5735655725,0.548466742039,-0.000319490209,-0.237224692379
140,1,0.267620419585,-0.013696570383,0.0,-0.267620419585,0.013696570383,0.0,0.321495212674,0.61553686563,0.0,-0.158431694572,0.598826455727,0.0,0.315131167618,1.102390501162,0.0,-0.008966375659,1.016899206359,0.0,0.293522126121,1.138984585285,0.0,0.049809079914,1.052655294841,0.0,0.323056204858,1.344432887171,0.0,0.062158663059,1.265456430945,0.0,0.572736620903,0.54832816124,-0.000306526199,-0.234792310018
141,1,0.270523773159,-0.01398987025,0.0,-0.270523773159,0.01398987025,0.0,0.320066402276,0.621462506352,0.0,-0.158927616937,0.60356469107,0.0,0.304967814409,1.096463786464,0.0,-0.011877564314,1.025604337792,0.0,0.279457461352,1.13861091481,0.0,0.045209946374,1.0613429274,0.0,0.322576076493,1.33813557848,0.0,0.062166969548,1.274361230572,0.0,0.572085022926,0.548007667065,-0.000306747854,-0.233022664151
142,1,0.26735977115,-0.013787566126,0.0,-0.26735977115,0.013787566126,0.0,0.314478328264,0.615481107012,0.0,-0.153219135032,0.597399326874,0.0,0.290175195021,1.074142994391,0.0,-0.010380056253,1.016010984774,0.0,0.261484344005,1.118085460277,0.0,0.04425777221,1.051918706613,0.0,0.31850632859,1.315100036337,0.0,0.067260962768,1.260357696228,0.0,0.571964621544,0.547787994146,-0.00030749524,-0.235540431042
143,1,0.267704489306,-0.013783242382,0.0,-0.267704489306,0.013783242382,0.0,0.313749992551,0.616483810481,0.0,-0.150889611958,0.598461491273,0.0,0.275628468874,1.069602500844,0.0,-0.008666131732,1.017856432395,0.0,0.241700136611,1.114639665838,0.0,0.044230621148,1.053748710965,0.0,0.318930861107,1.310475559254,0.0,0.06758959115,1.259554414167,0.0,0.57195058465,0.547756046057,-0.000313836616,-0.235117009794
144,1,0.266230532538,-0.013666692794,0.0,-0.266230532538,0.013666692794,0.0,0.309615228735,0.610796213957,0.0,-0.149484059683,0.595863244243,0.0,0.269261330873,1.060286087346,0.0,-0.008236155414,1.012453859664,0.0,0.237905194327,1.10647312531,0.0,0.043209289941,1.048839821023,0.0,0.315538970202,1.301728263149,0.0,0.070218325166,1.25276597562,0.0,0.571990996599,0.54761698842,-0.000316326506,-0.236507143897
145,1,0.25085385412,-0.013172795604,0.0,-0.25085385412,0.013172795604,0.0,0.291162630042,0.575675994468,0.0,-0.14076121188,0.561985889964,0.0,0.253439804964,0.994252388182,0.0,-0.007849037575,0.95435703195,0.0,0.225166504944,1.035943662341,0.0,0.040611538761,0.988702685962,0.0,0.297146648523,1.225147166056,0.0,0.065643732898,1.180816749778,0.0,0.571998894215,0.547515004873,-0.000326934736,-0.251008089796
146,1,0.251877158986,-0.013457051112,0.0,-0.251877158986,0.013457051112,0.0,0.292328857078,0.577118558042,0.0,-0.141129785447,0.56455286097,0.0,0.254365706036,0.997966822602,0.0,-0.00734422827,0.95753645219,0.0,0.225738478777,1.039633245256,0.0,0.04108509444,0.992011038208,0.0,0.29832265002,1.228422293105,0.0,0.068255605418,1.183884616654,0.0,0.572044819593,0.547555416822,-0.000324974302,-0.250126396155
147,1,0.251670121473,-0.013616578836,0.0,-0.251670121473,0.013616578836,0.0,0.292249404817,0.57672959012,0.0,-0.141550925134,0.564439922126,0.0,0.252171745433,0.994908273842,0.0,-0.007955156064,0.955452109166,0.0,0.218974333627,1.03329810073,0.0,0.03726480362,0.986227108159,0.0,0.297975464943,1.226885905185,0.0,0.072060174621,1.182699905092,0.0,0.572041302919,0.547489374876,-0.00032612076,-0.25036082092
148,1,0.243152209513,-0.013327965586,0.0,-0.243152209513,0.013327965586,0.0,0.283209862225,0.557283306294,0.0,-0.137577867515,0.545936855979,0.0,0.243398676368,0.961885918964,0.0,-0.006990476584,0.924118958199,0.0,0.21384083386,0.998982287371,0.0,0.037308431158,0.954080905094,0.0,0.286056888086,1.186003914398,0.0,0.068621458264,1.143201067369,0.0,0.571781724691,0.54750469327,-0.000325301196,-0.259006731543
149,1,0.23618234757,-0.013457638447,0.0,-0.23618234757,0.013457638447,0.0,0.278015394016,0.535471257707,0.0,-0.135204834905,0.529609963609,0.0,0.247571057516,0.934605174418,0.0,-0.008542593276,0.897384561084,0.0,0.219060534908,0.970658888851,0.0,0.034193152759,0.924752304423,0.0,0.280566491843,1.15198202496,0.0,0.069645439682,1.110402234659,0.0,0.571316599846,0.547320723534,-0.000321210828,-0.266890532362
150,1,0.23854820342,-0.014950002673,0.0,-0.23854820342,0.014950002673,0.0,0.291497510408,0.536605843996,0.0,-0.141376070291,0.536250912214,0.0,0.295157560618,0.943170360791,0.0,-0.011673048049,0.91120930798,0.0,0.272231998736,0.977635390595,0.0,0.032847477406,0.938770247275,0.0,0.29293974596,1.165722315843,0.0,0.06765658066,1.128486375007,0.0,0.570566028357,0.546686679125,-0.00030504493,-0.263486371729
151,1,0.226931879816,-0.016446852171,0.0,-0.226931879816,0.016446852171,0.0,0.314680368845,0.502337957261,0.0,-0.136829266799,0.511753378857,0.0,0.367596482149,0.890874991107,0.0,-0.012930922013,0.869526077541,0.0,0.372508857341,0.921477743463,0.0,0.031085352071,0.895500943583,0.0,0.3452603449,1.102086067032,0.0,0.061437994868,1.076802655078,0.0,0.569970428944,0.545632123947,-0.000294437632,-0.277397661127
152,1,0.24103217959,-0.019884455782,0.0,-0.24103217959,0.019884455782,0.0,0.41020602952,0.518877386789,0.0,-0.146338766521,0.544128323707,0.0,0.52945700144,0.945251877573,0.0,-0.014442443515,0.928469568753,0.0,0.547853573931,0.980293065976,0.0,0.032810334745,0.953241265787,0.0,0.516796795517,1.161951263417,0.0,0.057632309688,1.150041112477,0.0,0.569826453924,0.544393956661,-0.000289910473,-0.260810805662
153,1,0.242333866091,-0.022546220439,0.0,-0.242333866091,0.022546220439,0.0,0.487737392999,0.508818767074,0.0,-0.149238106989,0.545961938305,0.0,0.65885308598,0.926842185011,0.0,-0.015296905966,0.933039558984,0.0,0.672119536829,0.960275972421,0.0,0.03265271958,0.95624993948,0.0,0.702163801919,1.134760651421,0.0,0.046489597756,1.15883103257,0.0,0.569423496723,0.543313115835,-0.000291698612,-0.259765161487
154,1,0.254097631368,-0.027360962856,0.0,-0.254097631368,0.027360962856,0.0,0.606801929485,0.514969943379,0.0,-0.156629699537,0.572960931245,0.0,0.83468537415,0.938881059416,0.0,-0.014561476756,0.982538485535,0.0,0.824920674216,0.975102863366,0.0,0.034992695149,1.009373647624,0.0,0.921352846946,1.149897473174,0.0,0.046154889749,1.217105396833,0.0,0.569054335356,0.542248278856,-0.000280031934,-0.248314537664
155,1,0.254491267254,-0.03080690579,0.0,-0.254491267254,0.03080690579,0.0,0.699067976042,0.491365583741,0.0,-0.155783570668,0.577262086446,0.0,0.968031205241,0.893066123332,0.0,-0.013631563171,0.987816137776,0.0,0.939458846272,0.930786799261,0.0,0.036003177648,1.017944559782,0.0,1.109776986015,1.100832322134,0.0,0.046659822707,1.221871814103,0.0,0.569191753864,0.54087767005,-0.000278721564,-0.248483076439
156,1,0.269580596386,-0.033979816603,0.0,-0.269580596386,0.033979816603,0.0,0.827273299891,0.501945118763,0.0,-0.165603357676,0.610830672766,0.0,1.158483559885,0.890787699857,0.0,-0.014659623205,1.044240533912,0.0,1.125133550064,0.937828126705,0.0,0.038198319401,1.077715872118,0.0,1.387553274979,1.073912978499,0.0,0.048167369558,1.292326679314,0.0,0.569001793861,0.540530532598,-0.000295329606,-0.235415936971
157,1,0.269148144451,-0.03745458899,0.0,-0.269148144451,0.03745458899,0.0,0.880828849023,0.46491956005,0.0,-0.171012678065,0.612694482487,0.0,1.360664616882,0.843066157236,0.0,-0.013127951452,1.046075027252,0.0,1.373501981402,0.890640253433,0.0,0.040613241224,1.083694315774,0.0,1.589773259183,1.018659800939,0.0,0.046383143422,1.29154890561,0.0,0.568891495466,0.539407938719,-0.000298462808,-0.236501190249
158,1,0.277855003108,-0.04155780084,0.0,-0.277855003108,0.04155780084,0.0,0.992740743295,0.442566396035,0.0,-0.185329698151,0.637325040475,0.0,1.515181133102,0.810355871581,0.0,-0.013374151006,1.075963925031,0.0,1.523950457383,0.873752681946,0.0,0.042284127648,1.115153544029,0.0,1.929138369835,0.943295632566,0.0,0.046803006562,1.327073079933,0.0,0.568433135748,0.538653343916,-0.000328616239,-0.230761496414
159,1,0.279168669869,-0.044767375624,0.0,-0.279168669869,0.044767375624,0.0,1.047695774749,0.411322521318,0.0,-0.189509812737,0.643938141773,0.0,1.678096853592,0.792470601547,0.0,-0.010422691867,1.088310266983,0.0,1.705356814409,0.873870846952,0.0,0.044980350647,1.13343454418,0.0,2.081887715335,0.921396145479,0.0,0.048771409684,1.33427672677,0.0,0.568533688784,0.537876278162,-0.000328549184,-0.23005053572
160,1,0.276949004847,-0.047607985424,0.0,-0.276949004847,0.047607985424,0.0,1.072295901855,0.374781548942,0.0,-0.188792551445,0.643600941287,0.0,1.716022396507,0.706099787099,0.0,-0.008434693043,1.083668954865,0.0,1.74839788017,0.775461531476,0.0,0.047277845614,1.127901520963,0.0,2.080721990974,0.838322515858,0.0,0.04899704,1.326772139483,0.0,0.568528145552,0.537155210972,-0.000334463082,-0.231908312496
161,1,0.276106096235,-0.051275938644,0.0,-0.276106096235,0.051275938644,0.0,1.091263840835,0.344189936731,0.0,-0.196812546453,0.645610122967,0.0,1.843343973739,0.67485227467,0.0,-0.008255079181,1.086271512709,0.0,1.914024005506,0.726662716688,0.0,0.047864187727,1.130021356878,0.0,2.156783951912,0.798100655533,0.0,0.049437462277,1.326597655915,0.0,0.568540215492,0.536249399185,-0.000335237011,-0.232618343027
162,1,0.278973172336,-0.053538786364,0.0,-0.278973172336,0.053538786364,0.0,1.122545538291,0.32668592611,0.0,-0.202277184778,0.653506871707,0.0,1.917805329963,0.638256530739,0.0,-0.008842028752,1.09887751553,0.0,1.996046047894,0.690208870499,0.0,0.048142149399,1.142644023832,0.0,2.264613609512,0.795578181343,0.0,0.050449001987,1.342379398813,0.0,0.568478614092,0.536001712084,-0.000338668935,-0.230217304562
163,1,0.280123043597,-0.054680528879,0.0,-0.280123043597,0.054680528879,0.0,1.161843661444,0.313980889739,0.0,-0.209298604018,0.65355610604,0.0,2.032606960461,0.622008930683,0.0,-0.012681008871,1.098637036758,0.0,2.129812129462,0.680508844188,0.0,0.045768200259,1.142150185826,0.0,2.335842694253,0.828243024386,0.0,0.038682522604,1.342022950082,0.0,0.567660391331,0.535847902298,-0.000353915617,-0.23040438753
164,1,0.277819040336,-0.055884552202,0.0,-0.277819040336,0.055884552202,0.0,1.167331799299,0.29684428859,0.0,-0.207924807731,0.645148480185,0.0,2.039522606436,0.60199360502,0.0,-0.015669788892,1.086887534954,0.0,2.119971772676,0.655160905385,0.0,0.044705155572,1.129637443095,0.0,2.351652149467,0.827400044612,0.0,0.032943426614,1.332095836775,0.0,0.567508608103,0.535373538733,-0.000354891177,-0.232550635523
165,1,0.276043482524,-0.057056893868,0.0,-0.276043482524,0.057056893868,0.0,1.176297066657,0.28785596952,0.0,-0.207137456829,0.642005875315,0.0,2.042448467672,0.598604907067,0.0,-0.016169532055,1.080645530507,0.0,2.126192723771,0.661421019769,0.0,0.043577321501,1.122094652503,0.0,2.31169032586,0.826468070045,0.0,0.032365020866,1.324473879707,0.0,0.567394196987,0.534942239523,-0.000344618224,-0.234223174555
166,1,0.27662150384,-0.058047218404,0.0,-0.27662150384,0.058047218404,0.0,1.183820906243,0.288744166,0.0,-0.206428725366,0.643220088849,0.0,2.057732059198,0.600711137448,0.0,-0.017681511336,1.080153673793,0.0,2.139157820637,0.660844864254,0.0,0.041686916449,1.119279077426,0.0,2.32881831938,0.830030394152,0.0,0.031033791239,1.325198705937,0.0,0.567241311073,0.534686684608,-0.000337401405,-0.234275448473
167,1,0.275859631451,-0.058607414432,0.0,-0.275859631451,0.058607414432,0.0,1.162356551573,0.28553777352,0.0,-0.204625676094,0.642703281502,0.0,2.028401236666,0.599641647421,0.0,-0.01782731569,1.078049535648,0.0,2.119145260467,0.66182755799,0.0,0.041188837903,1.116031596775,0.0,2.307221509181,0.824946938718,0.0,0.030656958394,1.322232642847,0.0,0.567290306091,0.53429043293,-0.000335304299,-0.235070912402
168,1,0.275436652404,-0.058809360276,0.0,-0.275436652404,0.058809360276,0.0,1.15267916318,0.297515352359,0.0,-0.203919722859,0.642380294172,0.0,2.00014663662,0.611239947886,0.0,-0.018183090904,1.075649037843,0.0,2.088251226019,0.664804509138,0.0,0.040368112895,1.113351261594,0.0,2.295228292117,0.827951058694,0.0,0.030252727958,1.319045083299,0.0,0.567206770182,0.534151315689,-0.000338548212,-0.235734322882
169,1,0.272210983526,-0.058100620326,0.0,-0.272210983526,0.058100620326,0.0,1.133530451305,0.300976052345,0.0,-0.199246523136,0.634610298564,0.0,1.929766361618,0.617467281285,0.0,-0.015525815259,1.066781098159,0.0,2.015457479727,0.669678587793,0.0,0.04204462414,1.105066268923,0.0,2.21321343223,0.805187876335,0.0,0.032176450156,1.306851677825,0.0,0.567831963301,0.533733189106,-0.000339329243,-0.238112371149
170,1,0.274033367884,-0.058686276688,0.0,-0.274033367884,0.058686276688,0.0,1.142131152017,0.307029744296,0.0,-0.197907361144,0.643294761715,0.0,1.856539732535,0.627790528738,0.0,-0.013973357086,1.07986253459,0.0,1.931732901342,0.679309845103,0.0,0.043169383473,1.118264579114,0.0,2.160693735585,0.792836218394,0.0,0.044807364972,1.321287942142,0.0,0.568243324757,0.533819198608,-0.000350204296,-0.235400978183
171,1,0.271762901309,-0.057469951709,0.0,-0.271762901309,0.057469951709,0.0,1.129069431792,0.3348477781,0.0,-0.192395030584,0.636415601293,0.0,1.73200900721,0.650340093141,0.0,-0.01016266658,1.070370442207,0.0,1.784036247309,0.717386947057,0.0,0.04501972771,1.108754646158,0.0,2.119550371623,0.792361522195,0.0,0.056623010509,1.307935879439,0.0,0.569152981043,0.53422665596,-0.000358670019,-0.237344297729
172,1,0.266850074243,-0.055541463527,0.0,-0.266850074243,0.055541463527,0.0,1.051609250868,0.359961874236,0.0,-0.184880555019,0.621702426003,0.0,1.621872636544,0.71237972643,0.0,-0.006530774419,1.046602897659,0.0,1.65038375228,0.782757889604,0.0,0.047764296159,1.083984848766,0.0,1.963115222087,0.876609458735,0.0,0.057360636503,1.280038672224,0.0,0.569997191429,0.534212768078,-0.000355603173,-0.24236043699
173,1,0.265389746786,-0.051725963624,0.0,-0.265389746786,0.051725963624,0.0,0.959296822023,0.382347217519,0.0,-0.183436729403,0.614885338115,0.0,1.511638292028,0.750317092591,0.0,-0.006218082244,1.038258367579,0.0,1.53700218545,0.820456903711,0.0,0.047547421164,1.076486372834,0.0,1.857865432461,0.893484686528,0.0,0.057261263099,1.269946221154,0.0,0.570068538189,0.535074442625,-0.000350266695,-0.243601287046
174,1,0.264851650735,-0.048395620816,0.0,-0.264851650735,0.048395620816,0.0,0.868828578191,0.40577894881,0.0,-0.181062582418,0.605633051363,0.0,1.372689492027,0.779067371158,0.0,-0.008301269151,1.029943628354,0.0,1.405983215368,0.835906120344,0.0,0.042478466293,1.065375198229,0.0,1.607319630682,0.933073942607,0.0,0.059506215689,1.264893775015,0.0,0.570295363665,0.53587436676,-0.000343665481,-0.243907280198
175,1,0.260286743213,-0.04580272707,0.0,-0.260286743213,0.04580272707,0.0,0.787156908699,0.418016315675,0.0,-0.174744516505,0.591290026592,0.0,1.207799223424,0.792990303906,0.0,-0.008516339564,1.015045391647,0.0,1.208454818335,0.837896986918,0.0,0.04211141645,1.048168498108,0.0,1.437893673459,0.955310005921,0.0,0.061704945337,1.248712978725,0.0,0.570876389742,0.535929888487,-0.000334650278,-0.247021166688
176,1,0.2558021632,-0.040917061936,0.0,-0.2558021632,0.040917061936,0.0,0.726397022375,0.43615868689,0.0,-0.163981114167,0.582942878706,0.0,1.067556156758,0.830172215746,0.0,-0.003923707417,1.008182479727,0.0,1.059690976263,0.874060077913,0.0,0.045042034033,1.044275389417,0.0,1.257890066999,1.004028653332,0.0,0.064667725075,1.238640793374,0.0,0.572032749653,0.534818291664,-0.000324297696,-0.249951059288
177,1,0.254085481021,-0.036040439995,0.0,-0.254085481021,0.036040439995,0.0,0.650101042487,0.452932629122,0.0,-0.158300705471,0.58577441971,0.0,0.943574127447,0.859585389234,0.0,-0.001376676199,1.007732189715,0.0,0.934932291954,0.893899949671,0.0,0.046032062555,1.043826407976,0.0,1.075449093811,1.078390433228,0.0,0.065613984412,1.237270854179,0.0,0.572355628014,0.533234655857,-0.000321595464,-0.251593360168
178,1,0.261951500069,-0.034434006675,0.0,-0.261951500069,0.034434006675,0.0,0.629638666024,0.506704682393,0.0,-0.157137778911,0.602861478106,0.0,0.874834196184,0.933168542182,0.0,-0.000522219587,1.0374998575,0.0,0.872059080264,0.965060575404,0.0,0.047646064522,1.074823414087,0.0,0.944106819798,1.14833595758,0.0,0.063932818422,1.272285436034,0.0,0.572360932827,0.534054040909,-0.000309059862,-0.244025183494
179,1,0.265988814099,-0.033593178387,0.0,-0.265988814099,0.033593178387,0.0,0.567514541834,0.535815671146,0.0,-0.155828378364,0.612577028113,0.0,0.763997888444,0.984936542025,0.0,0.000894800489,1.055928695563,0.0,0.778787806303,1.011947639232,0.0,0.048090515038,1.093232177187,0.0,0.804195931994,1.218927803598,0.0,0.063648365194,1.295531291215,0.0,0.571999043226,0.534417539835,-0.000309212133,-0.23937100359
180,1,0.268488907178,-0.030340900239,0.0,-0.268488907178,0.030340900239,0.0,0.523992233195,0.55388750158,0.0,-0.15636107681,0.615813189614,0.0,0.662380206043,1.013371247188,0.0,0.001488884255,1.06500329309,0.0,0.687248883223,1.042287915079,0.0,0.048441795688,1.102626417714,0.0,0.707937115201,1.249738113009,0.0,0.063548161023,1.307292676827,0.0,0.571987569332,0.535373717546,-0.000305054709,-0.236475492027
181,1,0.274661379873,-0.026143214363,0.0,-0.274661379873,0.026143214363,0.0,0.480214699548,0.596562350894,0.0,-0.159714273986,0.627380540095,0.0,0.571894209266,1.060102668365,0.0,0.001204814653,1.084416869901,0.0,0.561480376275,1.088652804296,0.0,0.049249893508,1.119727068187,0.0,0.650133408088,1.299958520816,0.0,0.065912026294,1.332974362088,0.0,0.571909844875,0.536550790071,-0.000307983719,-0.231133394376
182,1,0.273440921472,-0.024748960426,0.0,-0.273440921472,0.024748960426,0.0,0.440308865481,0.596245825826,0.0,-0.158557877054,0.625118841754,0.0,0.517150312907,1.066008447877,0.0,0.001298247119,1.081848348122,0.0,0.489239028162,1.10119531514,0.0,0.050795653814,1.115772959275,0.0,0.582862697579,1.30588235458,0.0,0.065489240415,1.327967466165,0.0,0.571854829788,0.536820113659,-0.000310814939,-0.231853744714
183,1,0.275662690592,-0.021474210444,0.0,-0.275662690592,0.021474210444,0.0,0.406630538575,0.608045044259,0.0,-0.160219378157,0.622776756951,0.0,0.444506450281,1.075833107532,0.0,0.002117524746,1.079749989815,0.0,0.418857008895,1.115365512951,0.0,0.054154731913,1.10966705001,0.0,0.472607024851,1.318892612568,0.0,0.06900478412,1.33064585458,0.0,0.571942478418,0.539088606834,-0.000310621224,-0.229675757068
184,1,0.258506900734,-0.018335024153,0.0,-0.258506900734,0.018335024153,0.0,0.349898312805,0.568799455138,0.0,-0.149862400334,0.58266773941,0.0,0.37167566104,0.994716862667,0.0,0.002893269317,1.006402304629,0.0,0.353346717227,1.033204689628,0.0,0.058513307435,1.03447523762,0.0,0.39452339245,1.233897035681,0.0,0.068879072252,1.24269553188,0.0,0.572015941143,0.540039747953,-0.000319221988,-0.245071155388
185,1,0.268929135405,-0.016807889156,0.0,-0.268929135405,0.016807889156,0.0,0.351431542623,0.589755360418,0.0,-0.154259709582,0.603065231589,0.0,0.35793268582,1.029734894097,0.0,0.004484135791,1.039313023323,0.0,0.329432654471,1.071115923271,0.0,0.061847937723,1.068766795132,0.0,0.402260812222,1.279951062432,0.0,0.073109182986,1.284968792043,0.0,0.57238021493,0.541855931282,-0.000319861807,-0.235639906902
186,1,0.26641822221,-0.016168545325,0.0,-0.26641822221,0.016168545325,0.0,0.339184819213,0.589679797331,0.0,-0.151482664203,0.601727206198,0.0,0.341026535313,1.027600950791,0.0,0.007243519415,1.033207908251,0.0,0.31871195056,1.073437310409,0.0,0.067208371543,1.063524767133,0.0,0.406168215566,1.28000670305,0.0,0.078077375003,1.278372287322,0.0,0.572971254587,0.542783051729,-0.000322666019,-0.236060421588
187,1,0.26905970596,-0.016292411845,0.0,-0.26905970596,0.016292411845,0.0,0.334181169845,0.600662355857,0.0,-0.151613905597,0.610345576942,0.0,0.333324219349,1.045444330136,0.0,0.008451410663,1.042863637457,0.0,0.301408596673,1.087632622919,0.0,0.066635345857,1.072535724115,0.0,0.415272331183,1.300429343119,0.0,0.086460873215,1.290456765446,0.0,0.573362767696,0.543822586536,-0.000313302968,-0.233180997682
188,1,0.269406506571,-0.016411108555,0.0,-0.269406506571,0.016411108555,0.0,0.330738235675,0.601190735114,0.0,-0.150390075123,0.611168488466,0.0,0.320146758102,1.055234049776,0.0,0.012126811857,1.04444832004,0.0,0.292675049162,1.106385583552,0.0,0.072742188125,1.078173464197,0.0,0.410118268435,1.302213773126,0.0,0.087852907701,1.29211061324,0.0,0.573783040047,0.543787002563,-0.000305267517,-0.232892776501
189,1,0.27173766388,-0.016745137214,0.0,-0.27173766388,0.016745137214,0.0,0.328476515735,0.611195639233,0.0,-0.150172971645,0.61729342812,0.0,0.313363393595,1.062349262501,0.0,0.013808128804,1.052694322678,0.0,0.29248246903,1.108139524482,0.0,0.074714090944,1.087190024606,0.0,0.387463013656,1.317792298028,0.0,0.089940903732,1.30181734406,0.0,0.574126958847,0.543725937605,-0.000303290319,-0.231203258894
190,1,0.272322804597,-0.015961632811,0.0,-0.272322804597,0.015961632811,0.0,0.325453791534,0.617573283571,0.0,-0.149916748912,0.620009217247,0.0,0.310406087061,1.064481909825,0.0,0.015149223291,1.057414698036,0.0,0.29740649884,1.108351764908,0.0,0.076249048968,1.092832852554,0.0,0.342715227781,1.32395572108,0.0,0.089739915753,1.306524525687,0.0,0.574398130178,0.544025748968,-0.000304006971,-0.230154578624
191,1,0.271305654487,-0.015125311639,0.0,-0.271305654487,0.015125311639,0.0,0.324875177781,0.611932938352,0.0,-0.1489184461,0.616802718675,0.0,0.307350925816,1.060613791257,0.0,0.016853490094,1.053293473541,0.0,0.294779087071,1.109401857026,0.0,0.077816394619,1.090652853629,0.0,0.359895749464,1.315449248147,0.0,0.089861400154,1.301696496079,0.0,0.57455354929,0.544654846191,-0.000305282883,-0.230461290243
192,1,0.268736107342,-0.014722018328,0.0,-0.268736107342,0.014722018328,0.0,0.323157459722,0.604398279332,0.0,-0.146599841045,0.611414953606,0.0,0.298946131795,1.050008212924,0.0,0.017196451747,1.044284881562,0.0,0.278762533134,1.097358691357,0.0,0.076184447677,1.079325869298,0.0,0.340615277191,1.306153813255,0.0,0.091442297844,1.290963776897,0.0,0.574734210968,0.544919669628,-0.000305887312,-0.232041621605
193,1,0.264330586129,-0.013445281353,0.0,-0.264330586129,0.013445281353,0.0,0.320077553391,0.593883186299,0.0,-0.143583177564,0.599920632565,0.0,0.29439268511,1.041723017206,0.0,0.017751856515,1.024816246437,0.0,0.272342090005,1.088662815804,0.0,0.075419415745,1.059398277555,0.0,0.346164614738,1.286440687514,0.0,0.09030258155,1.267509553403,0.0,0.574936032295,0.545598983765,-0.00032597594,-0.235784745477
194,1,0.262207978949,-0.013379898257,0.0,-0.262207978949,0.013379898257,0.0,0.318919222405,0.589542282187,0.0,-0.144618085545,0.594819893393,0.0,0.301552018647,1.03027097859,0.0,0.013812592142,1.012502435577,0.0,0.278950096817,1.076688622662,0.0,0.072520498393,1.047095621842,0.0,0.338887480792,1.275522624844,0.0,0.083783833753,1.257185685111,0.0,0.574944317341,0.545689642429,-0.000330684707,-0.237622984557
195,1,0.26536214279,-0.013290176542,0.0,-0.26536214279,0.013290176542,0.0,0.323888623378,0.596696426153,0.0,-0.146604107437,0.602901523971,0.0,0.301839803501,1.04794036874,0.0,0.014254521774,1.02494092554,0.0,0.278057449191,1.096010500988,0.0,0.073338772529,1.060663118958,0.0,0.350890035764,1.291221165648,0.0,0.084795041419,1.272458234624,0.0,0.574921667576,0.545897960663,-0.000329575501,-0.234562913178
196,1,0.267543153188,-0.013211575704,0.0,-0.267543153188,0.013211575704,0.0,0.32712715844,0.602706914654,0.0,-0.148861797949,0.607338468432,0.0,0.300703878898,1.055240701713,0.0,0.014351204966,1.03287506101,0.0,0.274243824722,1.103135370482,0.0,0.073743905239,1.069405983353,0.0,0.350655236366,1.302729121972,0.0,0.084644573169,1.282607887178,0.0,0.574933618307,0.545973986387,-0.000324016437,-0.232586038436
197,1,0.267919292112,-0.012855335261,0.0,-0.267919292112,0.012855335261,0.0,0.328265028898,0.602895750048,0.0,-0.149787255292,0.606908076011,0.0,0.306092614727,1.055411048033,0.0,0.012328634038,1.031124255153,0.0,0.279742405942,1.1021276365,0.0,0.073113010375,1.067451363536,0.0,0.349301242112,1.302762163163,0.0,0.079848059452,1.282442510082,0.0,0.574971199036,0.54632845521,-0.000329899602,-0.2321599484
198,1,0.269128716718,-0.013352482773,0.0,-0.269128716718,0.013352482773,0.0,0.330126073957,0.605080700391,0.0,-0.150655745841,0.609506989059,0.0,0.310965988965,1.056525271765,0.0,0.010138227769,1.030214304185,0.0,0.28481617893,1.097401271487,0.0,0.071842486463,1.064770091769,0.0,0.345853890017,1.306937280129,0.0,0.078946053196,1.286876646776,0.0,0.574928998947,0.546534746885,-0.000332120806,-0.23115829282
199,1,0.267742304924,-0.013425566551,0.0,-0.267742304924,0.013425566551,0.0,0.329176137603,0.601717575871,0.0,-0.150261542316,0.604441942223,0.0,0.310784163307,1.050746206446,0.0,0.008307662589,1.024598549428,0.0,0.283153357039,1.091021879876,0.0,0.069975474184,1.058509585843,0.0,0.349314487429,1.30085530094,0.0,0.077128763818,1.280053241182,0.0,0.574848920107,0.546563386917,-0.000332537107,-0.232326215003
200,1,0.272645942284,-0.013999622215,0.0,-0.272645942284,0.013999622215,0.0,0.336023080158,0.613933549471,0.0,-0.153411971391,0.616215201705,0.0,0.317990970849,1.070043410514,0.0,0.008245572319,1.044004609773,0.0,0.287409774251,1.104721910902,0.0,0.071595528998,1.077683939887,0.0,0.35843279933,1.327040825205,0.0,0.079857828207,1.30522399585,0.0,0.574830889702,0.546288132668,-0.000331489369,-0.228057782438
201,1,0.274099636589,-0.016165847121,0.0,-0.274099636589,0.016165847121,0.0,0.34094749976,0.619299360066,0.0,-0.155004584406,0.62450742261,0.0,0.325707851019,1.079628611196,0.0,0.008863542756,1.054277897892,0.0,0.300250641951,1.115508502972,0.0,0.074198431625,1.089868992043,0.0,0.354733192787,1.337812114869,0.0,0.081603559486,1.316154915979,0.0,0.574543297291,0.54484128952,-0.000328957103,-0.227234256883
202,1,0.273859604452,-0.018280308636,0.0,-0.273859604452,0.018280308636,0.0,0.35735187947,0.621351174816,0.0,-0.156211023925,0.629944603116,0.0,0.363418352417,1.083997092764,0.0,0.009831906055,1.061226222424,0.0,0.343989094538,1.12011844441,0.0,0.07650787304,1.097569824676,0.0,0.357768239409,1.34161983761,0.0,0.079560481179,1.320912573305,0.0,0.574138104916,0.543263554573,-0.000326203182,-0.227690463669
203,1,0.271691155866,-0.020189540485,0.0,-0.271691155866,0.020189540485,0.0,0.388151398618,0.603749234563,0.0,-0.156388155743,0.626364336955,0.0,0.433567507912,1.06657456514,0.0,0.008281553971,1.053763724828,0.0,0.418133679247,1.103655006198,0.0,0.074155962639,1.088841420226,0.0,0.443699303705,1.317088142067,0.0,0.081792805983,1.310958730557,0.0,0.573808431625,0.54248303175,-0.000323151238,-0.230204931329
204,1,0.259331255413,-0.022191162207,0.0,-0.259331255413,0.022191162207,0.0,0.427860928805,0.561548005454,0.0,-0.150683540597,0.59795522274,0.0,0.5284091917,1.003265908245,0.0,0.006984176667,1.012564725594,0.0,0.50793564229,1.040161614117,0.0,0.069720632371,1.043005615408,0.0,0.551738102599,1.237629296995,0.0,0.073864882601,1.257931208605,0.0,0.5737619102,0.540679693222,-0.000325189903,-0.241352594136
205,1,0.258935220536,-0.02309095377,0.0,-0.258935220536,0.02309095377,0.0,0.515287999626,0.554803310487,0.0,-0.151158840469,0.595709989092,0.0,0.650292941398,0.992504525799,0.0,0.007726680537,1.004321628437,0.0,0.641524240331,1.022481539534,0.0,0.070681677982,1.033796309633,0.0,0.725688164844,1.221488291594,0.0,0.061876112981,1.252929295023,0.0,0.573940694332,0.540450960398,-0.000326769426,-0.242532355626
206,1,0.261153062714,-0.025893028154,0.0,-0.261153062714,0.025893028154,0.0,0.585554833876,0.536448727371,0.0,-0.154342539124,0.59883190091,0.0,0.760842555662,0.95087116918,0.0,0.007727735629,1.00745214875,0.0,0.748659792244,0.983722404695,0.0,0.068188317776,1.036186039248,0.0,0.838622809735,1.195905196165,0.0,0.057437049036,1.256289317197,0.0,0.573199152946,0.539800047874,-0.00032861717,-0.242437537282
207,1,0.259135747098,-0.027821207713,0.0,-0.259135747098,0.027821207713,0.0,0.643652337179,0.498657838707,0.0,-0.156118265831,0.592388498333,0.0,0.860678346103,0.892778832747,0.0,0.005504030949,0.996840093942,0.0,0.829540329562,0.928591860339,0.0,0.065430708419,1.025732184856,0.0,0.999223359032,1.126202687531,0.0,0.047958211638,1.242867093037,0.0,0.572336792946,0.539623230696,-0.000333790202,-0.245207191624
208,1,0.257923123817,-0.029371254644,0.0,-0.257923123817,0.029371254644,0.0,0.727682045508,0.472533855752,0.0,-0.155973723799,0.586810092461,0.0,0.984864848532,0.850962739011,0.0,0.003587039143,0.991143919342,0.0,0.945953776156,0.887690674735,0.0,0.062070689935,1.021149510232,0.0,1.163726038008,1.059921002047,0.0,0.046983179362,1.23500384846,0.0,0.571964502335,0.539701133966,-0.000327690039,-0.246607995583
209,1,0.258628824447,-0.030955664284,0.0,-0.258628824447,0.030955664284,0.0,0.805922445443,0.456953692812,0.0,-0.15731204614,0.586884704456,0.0,1.159402109621,0.82252182979,0.0,0.000545639628,0.996902733167,0.0,1.138740822103,0.869208044793,0.0,0.053786311309,1.031769662429,0.0,1.400555450584,0.97723791003,0.0,0.050450958909,1.235830164755,0.0,0.571724891663,0.539893805981,-0.000327810179,-0.246113474437
210,1,0.258123633847,-0.034394275293,0.0,-0.258123633847,0.034394275293,0.0,0.870851287785,0.429055561108,0.0,-0.159574087269,0.586841209059,0.0,1.323768135105,0.775515065092,0.0,-0.001061329813,0.994745072913,0.0,1.315986452411,0.827536335841,0.0,0.050892615982,1.029174573584,0.0,1.685651966424,0.9159029831,0.0,0.049270084586,1.230256899563,0.0,0.571371436119,0.539030045271,-0.000350011513,-0.247891747459
211,1,0.256511462741,-0.037662352421,0.0,-0.256511462741,0.037662352421,0.0,0.904041599073,0.386161630816,0.0,-0.161342809746,0.581263465616,0.0,1.437188217322,0.71703658186,0.0,-0.00288769785,0.988331109683,0.0,1.456005522391,0.78606033547,0.0,0.048035227902,1.022478883901,0.0,1.773195788458,0.855972794674,0.0,0.054215208492,1.219243588787,0.0,0.570818394423,0.538229048252,-0.000347311608,-0.250301715169
212,1,0.258349569142,-0.045537102649,0.0,-0.258349569142,0.045537102649,0.0,0.973564916916,0.353388860304,0.0,-0.167145780404,0.592950863059,0.0,1.513681240969,0.659633735503,0.0,-0.007071502132,1.00314484716,0.0,1.547010483915,0.720746910924,0.0,0.044501989185,1.038700438779,0.0,1.805529533611,0.774806635043,0.0,0.063814464132,1.232151776764,0.0,0.569677203894,0.536149382591,-0.000347991474,-0.24930436955
213,1,0.263307783682,-0.052417871656,0.0,-0.263307783682,0.052417871656,0.0,1.048098229946,0.331686382566,0.0,-0.175974831542,0.611617518109,0.0,1.620409317706,0.619738324039,0.0,-0.013719740465,1.028160171444,0.0,1.625857090996,0.685598096676,0.0,0.039410574477,1.064337040269,0.0,2.000629970369,0.731601542636,0.0,0.057218124257,1.261489793573,0.0,0.568202316761,0.534682005644,-0.000358625315,-0.244670399788
214,1,0.26926206561,-0.054591924649,0.0,-0.26926206561,0.054591924649,0.0,1.135702205541,0.314355740623,0.0,-0.187160648641,0.625785897633,0.0,1.857279471207,0.616774090602,0.0,-0.026880778859,1.050731123591,0.0,1.914168358794,0.663282309044,0.0,0.027320210227,1.088242875512,0.0,2.227423518379,0.767649733225,0.0,0.042048583883,1.287283016744,0.0,0.565042734146,0.53436756134,-0.000351772644,-0.240897343305
215,1,0.266387465906,-0.059726555656,0.0,-0.266387465906,0.059726555656,0.0,1.137237643075,0.282268106742,0.0,-0.19206375133,0.624618956617,0.0,1.931700016481,0.576505073386,0.0,-0.033179750265,1.051873964155,0.0,1.994146935519,0.62774409529,0.0,0.021652676145,1.090045388783,0.0,2.269690748907,0.733956442109,0.0,0.034979408431,1.287417097133,0.0,0.563444048166,0.532719939947,-0.000364028849,-0.241974583294
216,1,0.26699176011,-0.060317395668,0.0,-0.26699176011,0.060317395668,0.0,1.185887878531,0.272137326923,0.0,-0.202051175217,0.625986658189,0.0,2.033421967497,0.55748337944,0.0,-0.044075486082,1.045647203663,0.0,2.079434173408,0.612317286069,0.0,0.012817926163,1.085141064461,0.0,2.3483482812,0.748707270773,0.0,0.023867048363,1.284224475853,0.0,0.560793697834,0.532691478729,-0.000366408378,-0.242353937509
217,1,0.265339131221,-0.061185124319,0.0,-0.265339131221,0.061185124319,0.0,1.179805687319,0.24484370311,0.0,-0.207466399324,0.617869050268,0.0,2.076460366134,0.534613321883,0.0,-0.049865454672,1.044406499039,0.0,2.130508077826,0.607951484562,0.0,0.008308559811,1.086965299453,0.0,2.413293752086,0.694398013699,0.0,0.020523374583,1.280071992241,0.0,0.559310168028,0.532397091389,-0.000349521637,-0.243140865458
218,1,0.263448594118,-0.062306757873,0.0,-0.263448594118,0.062306757873,0.0,1.168662695213,0.234540300685,0.0,-0.212580758546,0.617437913668,0.0,2.055395844733,0.522763513816,0.0,-0.054985810949,1.04048183127,0.0,2.122703175809,0.588180515028,0.0,0.009546668236,1.081593046796,0.0,2.367401995127,0.691692071836,0.0,0.00855830039,1.277183835374,0.0,0.55789642036,0.53205871582,-0.0003377432,-0.243938316207
219,1,0.260885642706,-0.063424249986,0.0,-0.260885642706,0.063424249986,0.0,1.158429378435,0.229905699921,0.0,-0.213406423868,0.616404254716,0.0,2.039610407729,0.518891936309,0.0,-0.056233417975,1.037645220172,0.0,2.106390578988,0.57268665238,0.0,0.012359405952,1.079293009083,0.0,2.329592767673,0.691745317456,0.0,-0.002903795718,1.273428324252,0.0,0.557477086782,0.531421065331,-0.000328860246,-0.245034608501
220,1,0.26601334799,-0.065495200893,0.0,-0.26601334799,0.065495200893,0.0,1.185256431008,0.244713741372,0.0,-0.220036878803,0.634183784393,0.0,2.079647034645,0.544974913037,0.0,-0.059512062096,1.058532108619,0.0,2.13909455182,0.602716777525,0.0,0.011773837819,1.102035912946,0.0,2.341656477211,0.726571512501,0.0,-0.007514835241,1.298041409427,0.0,0.556957304478,0.532005757093,-0.000329485629,-0.240041852114
221,1,0.265849576572,-0.065333475769,0.0,-0.265849576572,0.065333475769,0.0,1.168365197493,0.254260282546,0.0,-0.221674186119,0.632381129485,0.0,2.045382051565,0.559610526308,0.0,-0.059106962735,1.057289157592,0.0,2.09999019797,0.619358154408,0.0,0.012898415041,1.100125899849,0.0,2.308431047241,0.743303082171,0.0,-0.004036539174,1.295838499184,0.0,0.557048618793,0.53226017952,-0.000326297246,-0.240217750739
222,1,0.263339084065,-0.064869709754,0.0,-0.263339084065,0.064869709754,0.0,1.139847153103,0.260736142979,0.0,-0.22033176975,0.627297376198,0.0,1.965545503771,0.565185282701,0.0,-0.05828428232,1.047118467251,0.0,2.012027542338,0.624803408008,0.0,0.014895132875,1.086384337858,0.0,2.234766144962,0.746726264356,0.0,-0.003599545518,1.283595302506,0.0,0.557107061148,0.532163262367,-0.000330128707,-0.24258013667
223,1,0.263531105585,-0.064589715188,0.0,-0.263531105585,0.064589715188,0.0,1.133914482923,0.285568569389,0.0,-0.218544276161,0.629512829646,0.0,1.847425005079,0.592394907527,0.0,-0.056601840183,1.045242726648,0.0,1.866618552471,0.675429580724,0.0,0.016443714143,1.084204801333,0.0,2.214564327449,0.749929715903,0.0,0.002116105003,1.28090492854,0.0,0.55748321116,0.532223105431,-0.000345806126,-0.24311770419
224,1,0.26224780877,-0.0640169812,0.0,-0.26224780877,0.0640169812,0.0,1.050604062927,0.302011133339,0.0,-0.214703239429,0.627404671777,0.0,1.618234804577,0.620897245052,0.0,-0.053648819602,1.036418594845,0.0,1.642491937918,0.696052265812,0.0,0.018634803996,1.073357122375,0.0,1.951981293234,0.749683152906,0.0,0.003257983008,1.274411527086,0.0,0.558147341013,0.532295614481,-0.000350898132,-0.244301649862
225,1,0.254818068946,-0.060694132315,0.0,-0.254818068946,0.060694132315,0.0,0.947989060885,0.335340695326,0.0,-0.203334199844,0.608775539979,0.0,1.462664427186,0.65257323455,0.0,-0.047493388359,1.004229054351,0.0,1.484971763282,0.705761392367,0.0,0.018103435733,1.040833852805,0.0,1.742173352335,0.789661205732,0.0,0.00823361916,1.233819944831,0.0,0.559260219336,0.53206333518,-0.000349324197,-0.252542386866
226,1,0.251341434844,-0.057101763465,0.0,-0.251341434844,0.057101763465,0.0,0.845093385409,0.361133529951,0.0,-0.195004608851,0.60228439529,0.0,1.384913384497,0.722579350888,0.0,-0.040404663903,1.000548270791,0.0,1.402675782298,0.783759143383,0.0,0.024378756036,1.040630292491,0.0,1.691409150254,0.864802280059,0.0,0.014497962814,1.226874320448,0.0,0.560895904899,0.531344950199,-0.000342851505,-0.254801465246
227,1,0.24819884128,-0.052654447337,0.0,-0.24819884128,0.052654447337,0.0,0.779116863028,0.38063073442,0.0,-0.189592849026,0.597516345645,0.0,1.185817721948,0.729678754925,0.0,-0.03508588726,0.994735905953,0.0,1.165285306756,0.777517777465,0.0,0.024810215891,1.034127868394,0.0,1.469405758573,0.879845233101,0.0,0.018527205242,1.222673802125,0.0,0.562281236053,0.532519072294,-0.00033938,-0.255076710568
228,1,0.244052142,-0.0473591447,0.0,-0.244052142,0.0473591447,0.0,0.715393198575,0.404817508318,0.0,-0.182252100045,0.584125200804,0.0,1.06418736915,0.765059307114,0.0,-0.032149643176,0.973209889096,0.0,1.04331816622,0.812818321708,0.0,0.026775110931,1.009246292977,0.0,1.310923957235,0.919794453546,0.0,0.020828168498,1.19925424603,0.0,0.562923058867,0.534042537212,-0.000336844474,-0.258917385851
229,1,0.243613747086,-0.044355547694,0.0,-0.243613747086,0.044355547694,0.0,0.657040041557,0.425615385324,0.0,-0.179255347384,0.579118372358,0.0,0.922498177797,0.795360822818,0.0,-0.029622561723,0.96758914641,0.0,0.886306192623,0.847662727853,0.0,0.028894488126,1.003375651302,0.0,1.141689774053,0.965745657632,0.0,0.023141306124,1.19290186473,0.0,0.563512802124,0.534830152988,-0.000333311502,-0.259597833647
230,1,0.24450196559,-0.04252670026,0.0,-0.24450196559,0.04252670026,0.0,0.601053040052,0.447769958074,0.0,-0.176627662712,0.580294954099,0.0,0.850165216114,0.822108227554,0.0,-0.024458578129,0.972180647882,0.0,0.818756061877,0.87054121807,0.0,0.033903047118,1.008204290083,0.0,1.040562931722,1.02567680049,0.0,0.028003808942,1.199451607897,0.0,0.56444683671,0.53539904952,-0.000325277913,-0.257788016239
231,1,0.245934555658,-0.039742867392,0.0,-0.245934555658,0.039742867392,0.0,0.550272903492,0.461985342596,0.0,-0.173624011069,0.577722253491,0.0,0.762834679328,0.837804078542,0.0,-0.017582094258,0.976733398631,0.0,0.74382393285,0.87995724304,0.0,0.038766000218,1.013117185364,0.0,0.929231877613,1.049515421759,0.0,0.035505037434,1.205902499082,0.0,0.565619856119,0.53619658947,-0.000323752174,-0.255749067105
232,1,0.243401162416,-0.036677572737,0.0,-0.243401162416,0.036677572737,0.0,0.505133989837,0.472227150457,0.0,-0.162613860272,0.570994796975,0.0,0.673764765927,0.853206235942,0.0,-0.008742371874,0.967316658832,0.0,0.660623706913,0.8881277845,0.0,0.045202366673,0.999436905911,0.0,0.812753066477,1.073710765256,0.0,0.04488948983,1.195621803038,0.0,0.567338258028,0.536931067705,-0.000326780952,-0.257372435111
233,1,0.246723152556,-0.035583032762,0.0,-0.246723152556,0.035583032762,0.0,0.482325087614,0.504077422255,0.0,-0.157375449823,0.58201400227,0.0,0.633649828333,0.926462717072,0.0,-0.003140679226,0.989917728697,0.0,0.648130924566,0.962655306249,0.0,0.049323666681,1.020760999981,0.0,0.702961019826,1.138634148716,0.0,0.053569786616,1.219589236987,0.0,0.568015784025,0.536820650101,-0.000317294267,-0.252477357503
234,1,0.258517753692,-0.036171288009,0.0,-0.258517753692,0.036171288009,0.0,0.466389225777,0.543233541807,0.0,-0.159478232358,0.611879461139,0.0,0.575162597934,0.978033144615,0.0,0.001239582589,1.042515764236,0.0,0.578299158883,1.016808946061,0.0,0.054250726655,1.073714325457,0.0,0.659011647734,1.211463126785,0.0,0.058999315862,1.282323118342,0.0,0.568252205849,0.536851882935,-0.000322791282,-0.240133734312
235,1,0.259298570897,-0.03340006337,0.0,-0.259298570897,0.03340006337,0.0,0.442792468743,0.560234506546,0.0,-0.155483901784,0.611796612099,0.0,0.538568233901,1.001384234599,0.0,0.005051955142,1.048427773185,0.0,0.53095996099,1.043145332423,0.0,0.057689077593,1.081453890491,0.0,0.576901763326,1.226298995535,0.0,0.061783630925,1.286698713881,0.0,0.568679153919,0.537712424994,-0.000313260127,-0.238692057755
236,1,0.265327145691,-0.031913406147,0.0,-0.265327145691,0.031913406147,0.0,0.42642513575,0.582474252692,0.0,-0.15798336332,0.623322126125,0.0,0.477117807653,1.029381648634,0.0,0.005373161851,1.068156422426,0.0,0.456446538561,1.070308137518,0.0,0.058804101785,1.098264098036,0.0,0.520484310821,1.264709087337,0.0,0.075626021494,1.312845991361,0.0,0.568635702133,0.538241356611,-0.000313664321,-0.233519371275
237,1,0.264044446257,-0.028672261325,0.0,-0.264044446257,0.028672261325,0.0,0.405237200632,0.578847747402,0.0,-0.152812892406,0.616598463817,0.0,0.418276073492,1.030256886279,0.0,0.010403716744,1.057796928376,0.0,0.405821788978,1.072162332906,0.0,0.062607468791,1.087891226572,0.0,0.462096450184,1.262058167335,0.0,0.077956881687,1.302800025339,0.0,0.56863617897,0.53901091218,-0.000312577933,-0.234661006777
238,1,0.265696859409,-0.027928259143,0.0,-0.265696859409,0.027928259143,0.0,0.387348635315,0.588770606116,0.0,-0.152886425167,0.62088777798,0.0,0.387092959563,1.037406982879,0.0,0.015739342973,1.063802082827,0.0,0.359209849765,1.079678792362,0.0,0.066705662822,1.093729831224,0.0,0.432793305409,1.273303995718,0.0,0.079467451272,1.310854692978,0.0,0.568682968616,0.539235502481,-0.000313316006,-0.233009357166
239,1,0.265383361306,-0.025165687798,0.0,-0.265383361306,0.025165687798,0.0,0.369918110512,0.597598542631,0.0,-0.147938630865,0.618144453439,0.0,0.359248400496,1.035815673255,0.0,0.017387713431,1.0579509018,0.0,0.333649424981,1.076631325046,0.0,0.069205194362,1.088078960238,0.0,0.413707889044,1.280337099634,0.0,0.093636387948,1.305452969564,0.0,0.568676650524,0.540085494518,-0.000314415433,-0.233307969989
240,1,0.27049149923,-0.024990898983,0.0,-0.27049149923,0.024990898983,0.0,0.364304492728,0.606199199285,0.0,-0.146417875049,0.630475350954,0.0,0.343253556944,1.059417737117,0.0,0.021665175825,1.077486132606,0.0,0.314185083121,1.10084053364,0.0,0.072522376512,1.108215319861,0.0,0.408502305462,1.309806610115,0.0,0.103147150771,1.329727880608,0.0,0.568668812513,0.540266275406,-0.000326770823,-0.228912717393
241,1,0.269075446826,-0.022763557073,0.0,-0.269075446826,0.022763557073,0.0,0.346081534968,0.607500907333,0.0,-0.141484395942,0.624840807163,0.0,0.326245612893,1.059844284253,0.0,0.026377471891,1.067809430751,0.0,0.307065011621,1.104914396661,0.0,0.079492006608,1.099793334673,0.0,0.387802762478,1.305312767455,0.0,0.102900133025,1.317239891036,0.0,0.568646878004,0.541374504566,-0.000325802946,-0.230070445542
242,1,0.258655830986,-0.021661653007,0.0,-0.258655830986,0.021661653007,0.0,0.328454283047,0.578956239448,0.0,-0.134397723706,0.599388700813,0.0,0.302990445172,1.015775843347,0.0,0.026749088728,1.025575491801,0.0,0.280732945036,1.058698014559,0.0,0.077493886872,1.056435963091,0.0,0.354380173399,1.248708593749,0.0,0.098041207332,1.261810752634,0.0,0.568606764078,0.541654199362,-0.000320305116,-0.239229998845
243,1,0.244392632907,-0.019663896823,0.0,-0.244392632907,0.019663896823,0.0,0.304486609887,0.550529082626,0.0,-0.124735283067,0.565986517586,0.0,0.261678227407,0.966049077547,0.0,0.027833175799,0.967336981339,0.0,0.253816858897,1.006673014179,0.0,0.07654682433,0.996250197824,0.0,0.316355404863,1.178822742518,0.0,0.09239244305,1.186628084507,0.0,0.568601489067,0.542013525963,-0.000320681604,-0.253199822609
244,1,0.247551643965,-0.019775095856,0.0,-0.247551643965,0.019775095856,0.0,0.298934522833,0.562046923345,0.0,-0.124906581169,0.573058084685,0.0,0.253847309047,0.981109410085,0.0,0.029153686031,0.980180459466,0.0,0.244801950132,1.022933863466,0.0,0.077971232035,1.010838688211,0.0,0.317243544058,1.194792586338,0.0,0.100978004179,1.20003663168,0.0,0.56873473525,0.541931897402,-0.000319360755,-0.250237321344
245,1,0.249335763479,-0.019611710083,0.0,-0.249335763479,0.019611710083,0.0,0.293264555115,0.563970427434,0.0,-0.123335652458,0.577263701396,0.0,0.261751037189,0.985638622259,0.0,0.030092313475,0.985898592833,0.0,0.249984250964,1.02747038188,0.0,0.078292153045,1.016773216284,0.0,0.320357374148,1.202068682217,0.0,0.104103345925,1.205109906253,0.0,0.568752110004,0.542183160782,-0.000316453865,-0.248533646774
246,1,0.249953442803,-0.018787951248,0.0,-0.249953442803,0.018787951248,0.0,0.290156915637,0.565084836968,0.0,-0.119788649215,0.577980256501,0.0,0.262790447845,0.986436973004,0.0,0.031671471533,0.988144214625,0.0,0.243898047641,1.029887257857,0.0,0.078024211376,1.020877964492,0.0,0.333456236292,1.201742209129,0.0,0.107011981774,1.20472591555,0.0,0.568820714951,0.542623490095,-0.000314464793,-0.247950953132
247,1,0.262681311883,-0.019343373537,0.0,-0.262681311883,0.019343373537,0.0,0.297604815219,0.596131898713,0.0,-0.125738308937,0.606911533059,0.0,0.278138118784,1.037070648114,0.0,0.03314656694,1.03814492197,0.0,0.256488126893,1.082544450692,0.0,0.078996403275,1.072564646211,0.0,0.344255871328,1.263390910947,0.0,0.114583398967,1.26556927854,0.0,0.568837821484,0.542766422033,-0.000311508542,-0.235861036273
248,1,0.261142475587,-0.018548759411,0.0,-0.261142475587,0.018548759411,0.0,0.295697060922,0.591312229699,0.0,-0.124555687419,0.601872416708,0.0,0.265889200901,1.029997503439,0.0,0.033929638831,1.031556599044,0.0,0.247673419226,1.078066556908,0.0,0.079507963482,1.067809031189,0.0,0.349524352351,1.253289580812,0.0,0.114068964331,1.25583968458,0.0,0.568870037794,0.543399482965,-0.000310538802,-0.23691297869
249,1,0.260954372893,-0.018450434006,0.0,-0.260954372893,0.018450434006,0.0,0.293609239371,0.590152088948,0.0,-0.123776345426,0.599535114815,0.0,0.274354168773,1.027038951321,0.0,0.034184669382,1.030288682231,0.0,0.253128310659,1.073395525299,0.0,0.077982853595,1.065413288873,0.0,0.35998729433,1.249560012671,0.0,0.118691253412,1.253071039853,0.0,0.568899482489,0.543963193893,-0.000309289782,-0.23700769112
250,1,0.238283813771,-0.016970996087,0.0,-0.238283813771,0.016970996087,0.0,0.271246904271,0.537928967811,0.0,-0.112855149644,0.546558408479,0.0,0.254603280085,0.936579557574,0.0,0.032728466318,0.939562636454,0.0,0.236123756115,0.978862875593,0.0,0.07467499992,0.971885905433,0.0,0.321624871342,1.139526949349,0.0,0.108328647698,1.14269116177,0.0,0.568936705589,0.544136881828,-0.000319528277,-0.259632006151
251,1,0.255155493124,-0.018719029077,0.0,-0.255155493124,0.018719029077,0.0,0.292292980629,0.576507403409,0.0,-0.121270246298,0.585880736582,0.0,0.270209083396,1.002516613612,0.0,0.036144511154,1.003912971252,0.0,0.249638357325,1.047571994311,0.0,0.080671467279,1.038559296785,0.0,0.349629380819,1.217364071781,0.0,0.115214613676,1.220769474597,0.0,0.568816870451,0.544494658709,-0.000329071656,-0.242626094627
252,1,0.251641285291,-0.018539930056,0.0,-0.251641285291,0.018539930056,0.0,0.288979780122,0.568036830258,0.0,-0.12056835902,0.578579677869,0.0,0.269429781545,0.987572146071,0.0,0.035493890206,0.989541161871,0.0,0.249011812117,1.030543305333,0.0,0.081195796002,1.024164052716,0.0,0.343417482424,1.200346750587,0.0,0.112841783053,1.20365460991,0.0,0.568572938442,0.544492632151,-0.000337416539,-0.246014759282
253,1,0.260714576837,-0.020177731503,0.0,-0.260714576837,0.020177731503,0.0,0.311037188291,0.584630722584,0.0,-0.127890835562,0.600872739805,0.0,0.286787288692,1.023187260962,0.0,0.033636116001,1.026212572454,0.0,0.265315127211,1.066813852993,0.0,0.0817290621,1.06195644838,0.0,0.355029622028,1.244720278928,0.0,0.107274771265,1.249699338136,0.0,0.567839324474,0.543995410204,-0.000332366442,-0.237625653635
254,1,0.260509470519,-0.021439326219,0.0,-0.260509470519,0.021439326219,0.0,0.334654147148,0.581534738067,0.0,-0.129810419016,0.60444101116,0.0,0.334115391725,1.014325634327,0.0,0.030948171051,1.031974709402,0.0,0.306453252,1.053338308459,0.0,0.078869272842,1.066888070129,0.0,0.386277842441,1.244268960367,0.0,0.106075040258,1.257368628929,0.0,0.567420423031,0.542846888304,-0.000331173418,-0.237309839833
255,1,0.261888018112,-0.02372111793,0.0,-0.261888018112,0.02372111793,0.0,0.381296664807,0.578217795737,0.0,-0.132847088253,0.60704460095,0.0,0.433385590423,1.014214893458,0.0,0.028171759153,1.038436633074,0.0,0.409361911383,1.057775142018,0.0,0.077916779318,1.073038255936,0.0,0.490601455536,1.235626749131,0.0,0.100747693552,1.267237971668,0.0,0.566740959883,0.541711837053,-0.000329378643,-0.236991422388
256,1,0.267366061789,-0.026086429475,0.0,-0.267366061789,0.026086429475,0.0,0.457834970636,0.566464542842,0.0,-0.13978875574,0.612177926807,0.0,0.54776253605,1.010189507046,0.0,0.021948813971,1.05345428274,0.0,0.530810426866,1.056155624275,0.0,0.072353559155,1.082957069784,0.0,0.614216862608,1.240849628985,0.0,0.095839154426,1.287669740067,0.0,0.56559920311,0.541079968214,-0.000322599895,-0.23395340445
257,1,0.267544189895,-0.029207517533,0.0,-0.267544189895,0.029207517533,0.0,0.537815826568,0.557808109451,0.0,-0.145726548521,0.613763339033,0.0,0.685108897529,0.985933894192,0.0,0.01618027162,1.056057185931,0.0,0.670027698764,1.01834330774,0.0,0.067447260596,1.079320470498,0.0,0.791333601838,1.203697185169,0.0,0.087987298177,1.295492422083,0.0,0.5641464293,0.539562374353,-0.000314246587,-0.234172698103
258,1,0.259790489081,-0.031827916419,0.0,-0.259790489081,0.031827916419,0.0,0.596907989761,0.509426893758,0.0,-0.149390462814,0.595774827079,0.0,0.771398523759,0.900122944477,0.0,0.008678334788,1.027369519868,0.0,0.751784034935,0.943806168649,0.0,0.05728129964,1.054061714208,0.0,0.942718495199,1.115520749939,0.0,0.077524378164,1.26008405314,0.0,0.562128812075,0.538492918015,-0.000302712666,-0.241750766761
259,1,0.269024529446,-0.034284570183,0.0,-0.269024529446,0.034284570183,0.0,0.704821245294,0.503620450876,0.0,-0.159528267796,0.616986758212,0.0,0.940838632925,0.916136908687,0.0,0.0036616302,1.063072054446,0.0,0.88705279199,0.968616093418,0.0,0.053586849676,1.096998758749,0.0,1.172751897472,1.1215007276,0.0,0.070499769482,1.307101689812,0.0,0.560912832618,0.538170933723,-0.00029449258,-0.23401092555
260,1,0.268228679406,-0.03798011452,0.0,-0.268228679406,0.03798011452,0.0,0.776712396223,0.482716553791,0.0,-0.162558427896,0.617717765026,0.0,1.054616721713,0.864957962821,0.0,-0.003024346667,1.060331301204,0.0,0.97968848404,0.917898791196,0.0,0.043806465681,1.094309130167,0.0,1.377259238489,1.049379700589,0.0,0.066996811253,1.303041711851,0.0,0.55977936089,0.536905229092,-0.000291148201,-0.23570599829
261,1,0.275900552962,-0.04062187619,0.0,-0.275900552962,0.04062187619,0.0,0.845690623587,0.463435769612,0.0,-0.172852191595,0.637456932326,0.0,1.233856805077,0.849661282481,0.0,-0.014751574228,1.091619868402,0.0,1.193707762385,0.925788254572,0.0,0.026589029651,1.13386225742,0.0,1.616537170251,0.986102957852,0.0,0.057687244651,1.339532625073,0.0,0.557933926582,0.536928653717,-0.000298066065,-0.229552387198
262,1,0.277205434136,-0.044136112981,0.0,-0.277205434136,0.044136112981,0.0,0.901191146456,0.436076816999,0.0,-0.180296081063,0.640966825016,0.0,1.404584129392,0.8074960611,0.0,-0.025732196148,1.092065689242,0.0,1.411452312405,0.882399739235,0.0,0.016617112456,1.134091959767,0.0,1.777961727139,0.958621712994,0.0,0.049083215973,1.339107248577,0.0,0.556082859635,0.536024212837,-0.000315144658,-0.230271913484
263,1,0.277121962759,-0.0464505801,0.0,-0.277121962759,0.0464505801,0.0,0.947636363772,0.408619641952,0.0,-0.183184642337,0.638031573915,0.0,1.48361777283,0.737162018462,0.0,-0.030357427832,1.086306936552,0.0,1.481543206003,0.786181177111,0.0,0.011784461236,1.128460635177,0.0,1.829970436804,0.891174809753,0.0,0.045073804027,1.330623042333,0.0,0.554975405335,0.535173952579,-0.000318851322,-0.232169061512
264,1,0.277460464035,-0.04839404903,0.0,-0.277460464035,0.04839404903,0.0,1.004583990248,0.378108599114,0.0,-0.18580807873,0.638046546041,0.0,1.53561265882,0.683696302523,0.0,-0.03243732297,1.085413698962,0.0,1.526316622104,0.730039009186,0.0,0.010484389981,1.128762748251,0.0,1.86178732229,0.817346381907,0.0,0.048528071429,1.328019958764,0.0,0.554227307439,0.534766107798,-0.000327600166,-0.232930710453
265,1,0.276847737366,-0.050722200657,0.0,-0.276847737366,0.050722200657,0.0,1.060638933218,0.360573466906,0.0,-0.194791706797,0.640873585537,0.0,1.645833739039,0.658911242869,0.0,-0.04263896547,1.082129098977,0.0,1.662804699001,0.722638924065,0.0,0.000630913632,1.124916780257,0.0,2.005635587701,0.764691609721,0.0,0.039987513261,1.322299219469,0.0,0.551787480712,0.534199148417,-0.000329939649,-0.234365236479
266,1,0.279033602648,-0.053818331035,0.0,-0.279033602648,0.053818331035,0.0,1.119831545615,0.34844566785,0.0,-0.209702503122,0.649895287272,0.0,1.681927653946,0.610410813485,0.0,-0.055719813121,1.085876453719,0.0,1.6897569073,0.665445032213,0.0,-0.004314896753,1.1266558683,0.0,2.099727850367,0.759527657623,0.0,0.025065060682,1.328048742975,0.0,0.54853567481,0.533686220646,-0.000323044136,-0.233734536358
267,1,0.275976165318,-0.054512477625,0.0,-0.275976165318,0.054512477625,0.0,1.12946006518,0.332458110383,0.0,-0.220836373974,0.643733599589,0.0,1.703496134109,0.581771803072,0.0,-0.067889368859,1.074491542841,0.0,1.753388132153,0.633836571676,0.0,-0.011662435523,1.112358640619,0.0,2.031317401028,0.707292561556,0.0,0.011192517767,1.314370558258,0.0,0.545550942421,0.533468186855,-0.000341436826,-0.236304016467
268,1,0.273192885328,-0.056253815441,0.0,-0.273192885328,0.056253815441,0.0,1.117904335881,0.307920578839,0.0,-0.224716945417,0.637461658315,0.0,1.672731868146,0.552370264112,0.0,-0.073264815238,1.063343924542,0.0,1.721239475006,0.600632436563,0.0,-0.013078947699,1.100788069919,0.0,2.032005273231,0.664671344364,0.0,0.004447495465,1.29972146185,0.0,0.543999955058,0.532665997744,-0.000348091125,-0.239514423039
269,1,0.273141153754,-0.057285690817,0.0,-0.273141153754,0.057285690817,0.0,1.120309906208,0.309854916822,0.0,-0.234712784284,0.634363187674,0.0,1.66569515566,0.546735053899,0.0,-0.083567184703,1.056687998632,0.0,1.717544664736,0.595544836107,0.0,-0.01597028785,1.096417796908,0.0,2.020638527431,0.668457595797,0.0,-0.006080322018,1.294105477455,0.0,0.541427820921,0.531975567341,-0.000350005925,-0.240263597361
270,1,0.270842797373,-0.057690541279,0.0,-0.270842797373,0.057690541279,0.0,1.10010603818,0.308948607919,0.0,-0.239809319407,0.633573483908,0.0,1.633547256212,0.537180320162,0.0,-0.089375615187,1.053336561484,0.0,1.686932799929,0.590499146093,0.0,-0.022059533922,1.090641882271,0.0,1.971321781048,0.658237422945,0.0,-0.019856053849,1.290800679628,0.0,0.540028333664,0.531831651926,-0.000348003581,-0.240990507156
271,1,0.269522177023,-0.057275671851,0.0,-0.269522177023,0.057275671851,0.0,1.068860357781,0.310452574074,0.0,-0.241350585769,0.632325983493,0.0,1.578777868028,0.540602245412,0.0,-0.088801350038,1.051113387899,0.0,1.609134726714,0.592889753178,0.0,-0.019478330421,1.088372987228,0.0,1.922581032039,0.660054154967,0.0,-0.022864310513,1.288034279155,0.0,0.540057495236,0.531763494015,-0.000354115851,-0.241553379907
272,1,0.268870808442,-0.05795475925,0.0,-0.268870808442,0.05795475925,0.0,1.047082031432,0.317894757917,0.0,-0.244032648396,0.63477916634,0.0,1.548610003491,0.565077039544,0.0,-0.089043429443,1.051759733304,0.0,1.571952290132,0.614763246848,0.0,-0.019479723617,1.089096318251,0.0,1.887811054781,0.687125775259,0.0,-0.022421169237,1.290151541773,0.0,0.539816692472,0.532041877508,-0.000356998295,-0.241138326017
273,1,0.270028463803,-0.057481566625,0.0,-0.270028463803,0.057481566625,0.0,1.045828369155,0.319429106009,0.0,-0.245240556211,0.636085488201,0.0,1.52459977007,0.571826676428,0.0,-0.088135348114,1.052697235607,0.0,1.51783109114,0.62439222632,0.0,-0.018570446257,1.086602083569,0.0,1.853198579394,0.713081399139,0.0,-0.019234638628,1.294210741503,0.0,0.539947599173,0.532415211201,-0.000356365927,-0.240054586093
274,1,0.267425893788,-0.056782910104,0.0,-0.267425893788,0.056782910104,0.0,0.933938655105,0.324887296755,0.0,-0.242693401061,0.629987516103,0.0,1.376550556649,0.609660795607,0.0,-0.083617105867,1.04216848346,0.0,1.373592428706,0.666745039262,0.0,-0.014499215217,1.074913888266,0.0,1.70062937352,0.768778450308,0.0,-0.018476128752,1.282670076846,0.0,0.540564596653,0.532404184341,-0.000355405733,-0.242110728166
275,1,0.266227920436,-0.053336506261,0.0,-0.266227920436,0.053336506261,0.0,0.85583163176,0.350538191603,0.0,-0.238374670824,0.624981461446,0.0,1.260505658926,0.671971956083,0.0,-0.080310063893,1.037951077912,0.0,1.253638978191,0.718680782298,0.0,-0.013897463407,1.074399511832,0.0,1.542237498211,0.847604126653,0.0,-0.007151418777,1.276518582326,0.0,0.540985897183,0.533231437206,-0.000352049246,-0.242719887927
276,1,0.260398004638,-0.049763364088,0.0,-0.260398004638,0.049763364088,0.0,0.759672945782,0.378093942408,0.0,-0.227321535372,0.606054619979,0.0,1.114238364076,0.734612956046,0.0,-0.072505534979,1.020844321539,0.0,1.0712119271,0.791327723685,0.0,-0.008040390755,1.057360384216,0.0,1.434492805567,0.885302700289,0.0,-4.8969705e-05,1.258634927642,0.0,0.542532220483,0.532823085785,-0.000346900895,-0.246782001497
277,1,0.258505385741,-0.04907610384,0.0,-0.258505385741,0.04907610384,0.0,0.68494682908,0.402727570078,0.0,-0.216054917943,0.608359600461,0.0,0.967533196895,0.798883989261,0.0,-0.064926196361,1.032174617555,0.0,0.920834824875,0.874378609063,0.0,-0.002941229318,1.073642657611,0.0,1.297795460809,0.923017620945,0.0,0.005127415575,1.266218351659,0.0,0.543799042702,0.532682180405,-0.000337870792,-0.246141302569
278,1,0.262093391427,-0.04565645046,0.0,-0.262093391427,0.04565645046,0.0,0.629750617128,0.443453360905,0.0,-0.217120470787,0.612168765815,0.0,0.878146385465,0.841094990673,0.0,-0.063472942671,1.042272656669,0.0,0.835740264258,0.910148209858,0.0,-0.001957961586,1.08411391984,0.0,1.14396663601,1.00828584399,0.0,0.00682940146,1.281714970601,0.0,0.544055104256,0.533870577812,-0.000334417447,-0.242593837216
279,1,0.267016112146,-0.043768331487,0.0,-0.267016112146,0.043768331487,0.0,0.59004911527,0.48440023072,0.0,-0.220632882278,0.621738302863,0.0,0.782301935807,0.888523947049,0.0,-0.062128652794,1.060477767121,0.0,0.746131956634,0.943835504422,0.0,-0.000615480593,1.101982831713,0.0,0.969514579559,1.088571140022,0.0,0.004352788683,1.306423535858,0.0,0.544326290488,0.534558802843,-0.000316170976,-0.237481883095
280,1,0.269039745807,-0.042089335946,0.0,-0.269039745807,0.042089335946,0.0,0.53173588693,0.514827685268,0.0,-0.220313649631,0.631494257556,0.0,0.68009791254,0.933910833214,0.0,-0.058156753437,1.076757954037,0.0,0.668334350939,0.979092976154,0.0,0.003274582613,1.114625594372,0.0,0.846616016973,1.151047981063,0.0,0.008431818452,1.328632339707,0.0,0.545263335109,0.535248339176,-0.000308176503,-0.233056563492
281,1,0.266690356805,-0.039244400814,0.0,-0.266690356805,0.039244400814,0.0,0.47826869356,0.542255433392,0.0,-0.213527273808,0.626791630771,0.0,0.583754752079,0.947795624809,0.0,-0.054340177688,1.067906749925,0.0,0.556337824245,0.991124193307,0.0,0.00628740823,1.098685766434,0.0,0.740913034585,1.179532585395,0.0,0.00923850265,1.32253817036,0.0,0.546013504267,0.535896539688,-0.000310723204,-0.23356355781
282,1,0.266028254849,-0.035903296329,0.0,-0.266028254849,0.035903296329,0.0,0.444565771272,0.559817230429,0.0,-0.209167770475,0.626551714159,0.0,0.513156661226,0.979395545744,0.0,-0.050957402282,1.069431632202,0.0,0.47514481456,1.020655654649,0.0,0.00915134433,1.09982480413,0.0,0.624868937421,1.213680369379,0.0,0.011620485104,1.325101148008,0.0,0.546659424901,0.536719948053,-0.000312449876,-0.232490727021
283,1,0.264715887488,-0.033138888507,0.0,-0.264715887488,0.033138888507,0.0,0.407586807291,0.574353148535,0.0,-0.199840973543,0.624516084343,0.0,0.439356820544,1.009624441412,0.0,-0.044568733954,1.070406196464,0.0,0.371505471855,1.049723906037,0.0,0.014038827029,1.100371905672,0.0,0.551720662973,1.237143744258,0.0,0.016480306401,1.324536547115,0.0,0.547627195716,0.537353724241,-0.000309345312,-0.232366087333
284,1,0.260898745662,-0.031158329957,0.0,-0.260898745662,0.031158329957,0.0,0.372316659867,0.571452938413,0.0,-0.188056342274,0.613758724367,0.0,0.383398113436,1.008134356514,0.0,-0.033902741245,1.054309756062,0.0,0.332691685161,1.050865491446,0.0,0.022446135946,1.083855578433,0.0,0.475038185241,1.23292421082,0.0,0.024024630787,1.302755790822,0.0,0.549381554127,0.537594050169,-0.000312839635,-0.235700607335
285,1,0.267023905944,-0.02786827638,0.0,-0.267023905944,0.02786827638,0.0,0.351604316591,0.595155230217,0.0,-0.185598504192,0.623426683224,0.0,0.348950275001,1.028366126138,0.0,-0.025138857166,1.071622418102,0.0,0.310969512385,1.070517137992,0.0,0.031296827892,1.10168949915,0.0,0.407240624216,1.271239416247,0.0,0.038095411529,1.323703533788,0.0,0.550890311599,0.538686186075,-0.000304267509,-0.230700496823
286,1,0.267529120074,-0.026152861477,0.0,-0.267529120074,0.026152861477,0.0,0.333548316827,0.601173685022,0.0,-0.181874007808,0.626141045018,0.0,0.317335509238,1.044635667101,0.0,-0.020476690257,1.078157030114,0.0,0.28005241637,1.089061253772,0.0,0.035660513214,1.109919949054,0.0,0.404329522487,1.283224237215,0.0,0.04751163134,1.329184338458,0.0,0.551849454641,0.539127320051,-0.000303485896,-0.229443658052
287,1,0.266938333549,-0.022749534012,0.0,-0.266938333549,0.022749534012,0.0,0.318186980985,0.599818626368,0.0,-0.17854189713,0.62235031223,0.0,0.278300232437,1.034621958013,0.0,-0.016820060903,1.070125227427,0.0,0.241831334199,1.076923233556,0.0,0.038338934838,1.10228096625,0.0,0.339205558063,1.283840762162,0.0,0.052882768526,1.322593296532,0.0,0.552622258663,0.54048293829,-0.000300213462,-0.229282149959
288,1,0.268305918986,-0.022437141068,0.0,-0.268305918986,0.022437141068,0.0,0.302661103833,0.608993360956,0.0,-0.174006388066,0.62809656902,0.0,0.259687470193,1.06058807248,0.0,-0.005656794926,1.080764671192,0.0,0.237548362133,1.107267852731,0.0,0.046037646248,1.118269648157,0.0,0.315994869931,1.298351833579,0.0,0.06123942662,1.327065492122,0.0,0.553361490369,0.540581941605,-0.000296149519,-0.227392534909
289,1,0.263434818979,-0.020484724151,0.0,-0.263434818979,0.020484724151,0.0,0.292255967806,0.603243078468,0.0,-0.164561005017,0.617425247949,0.0,0.259158251599,1.053869534571,0.0,0.003848445432,1.065128896262,0.0,0.241427309127,1.102178696235,0.0,0.052820789057,1.104588998247,0.0,0.316580220874,1.288283164647,0.0,0.071290122355,1.304400864019,0.0,0.55489513278,0.541035473347,-0.000297950173,-0.230623761891
290,1,0.267293284178,-0.019779938736,0.0,-0.267293284178,0.019779938736,0.0,0.292985822859,0.615370992894,0.0,-0.159941900352,0.628994807305,0.0,0.255048529176,1.071576718429,0.0,0.012993765113,1.080447572797,0.0,0.249024655918,1.121145982119,0.0,0.061267619823,1.125479908238,0.0,0.305755933827,1.311715210127,0.0,0.078970500167,1.314621085308,0.0,0.556595101953,0.54129204154,-0.000302418601,-0.228726752653
291,1,0.268784895214,-0.018916567892,0.0,-0.268784895214,0.018916567892,0.0,0.288916117018,0.613920054389,0.0,-0.151738631381,0.622640183649,0.0,0.254705535966,1.068429904349,0.0,0.019368565128,1.069297016877,0.0,0.252596817338,1.121084422802,0.0,0.066163239252,1.113400082928,0.0,0.290360960677,1.306344484528,0.0,0.085260090206,1.301009756531,0.0,0.558866649866,0.541275441647,-0.000308333896,-0.231101280704
292,1,0.268369756122,-0.017823676188,0.0,-0.268369756122,0.017823676188,0.0,0.291106323625,0.609658084043,0.0,-0.148472811615,0.617928646136,0.0,0.256940431945,1.064039682073,0.0,0.020676277398,1.058526741011,0.0,0.252106285973,1.113466446936,0.0,0.065603819667,1.101352958669,0.0,0.271858583916,1.30285308929,0.0,0.079335166815,1.289153956147,0.0,0.560019135475,0.541294127703,-0.000321451575,-0.233134173015
293,1,0.265919447224,-0.017033324664,0.0,-0.265919447224,0.017033324664,0.0,0.294713390433,0.60027154788,0.0,-0.144741693103,0.609589012625,0.0,0.260376779359,1.046544300854,0.0,0.022074229517,1.040948019091,0.0,0.252901362004,1.094192296708,0.0,0.066993341031,1.083416281633,0.0,0.277855414753,1.281267208405,0.0,0.075987103981,1.269547336422,0.0,0.560760363936,0.54141753912,-0.000320888124,-0.236244471204
294,1,0.268539393038,-0.015797747532,0.0,-0.268539393038,0.015797747532,0.0,0.302122258066,0.601999665414,0.0,-0.145358820398,0.612124698703,0.0,0.261132720753,1.051497994326,0.0,0.023486504287,1.039955227505,0.0,0.246439915319,1.100009402722,0.0,0.068074033149,1.08014053481,0.0,0.282190577566,1.289162266232,0.0,0.078156343706,1.272953058098,0.0,0.561055406928,0.542253732681,-0.000318092294,-0.234385296722
295,1,0.243283932026,-0.01398216638,0.0,-0.243283932026,0.01398216638,0.0,0.27551829461,0.544897621733,0.0,-0.131129922258,0.554814805475,0.0,0.23417195325,0.954370741048,0.0,0.023002628875,0.943206907306,0.0,0.226336822541,1.001164145313,0.0,0.06246988971,0.979249799473,0.0,0.270055441113,1.165447857582,0.0,0.071386157346,1.153617361155,0.0,0.561215519905,0.542340576649,-0.000337122008,-0.258566493241
296,1,0.251650993616,-0.013979675786,0.0,-0.251650993616,0.013979675786,0.0,0.285379151667,0.563828860544,0.0,-0.135520044608,0.573705250119,0.0,0.237663917639,0.987780277279,0.0,0.02359121016,0.975712476487,0.0,0.229553786408,1.03640143784,0.0,0.061055986925,1.012527946224,0.0,0.271429076643,1.20362735944,0.0,0.074864503469,1.193176142173,0.0,0.561233073473,0.542591571808,-0.000333911739,-0.249688709576
297,1,0.256261925333,-0.014252085425,0.0,-0.256261925333,0.014252085425,0.0,0.292344186937,0.57448651714,0.0,-0.138247249903,0.585446475183,0.0,0.244912201422,1.012668342877,0.0,0.024388007072,0.995595842963,0.0,0.236648337046,1.062397645673,0.0,0.062406312815,1.033113212506,0.0,0.271450008952,1.228842891396,0.0,0.07507900022,1.217399287609,0.0,0.561153456569,0.542545288801,-0.000326339155,-0.244755228757
298,1,0.259765390481,-0.014362230067,0.0,-0.259765390481,0.014362230067,0.0,0.297507813612,0.583932859102,0.0,-0.140599716284,0.595247609708,0.0,0.25228497717,1.029086810517,0.0,0.023551981481,1.012353355322,0.0,0.243003943806,1.080331530778,0.0,0.062380870364,1.050548100948,0.0,0.280879636106,1.251279708443,0.0,0.07443999616,1.238035032011,0.0,0.560858249664,0.542617887259,-0.000323974527,-0.240620536343
299,1,0.260552968014,-0.014463785368,0.0,-0.260552968014,0.014463785368,0.0,0.298014783797,0.591466362081,0.0,-0.143233304528,0.601474892769,0.0,0.252181962638,1.040165059232,0.0,0.020427161958,1.024819779641,0.0,0.244344457029,1.09098425817,0.0,0.059595676645,1.063520465693,0.0,0.279793734065,1.26653482709,0.0,0.070911375579,1.251595582727,0.0,0.560142830014,0.542625159025,-0.000331811607,-0.238251097321
300,1,0.260838867248,-0.013514843937,0.0,-0.260838867248,0.013514843937,0.0,0.298792897661,0.594392924929,0.0,-0.143609174545,0.603851314083,0.0,0.251261892599,1.042734720502,0.0,0.01827337017,1.028577475524,0.0,0.242995904516,1.093895927178,0.0,0.058329334777,1.067301556333,0.0,0.282332425276,1.270962702507,0.0,0.06867069491,1.256687879129,0.0,0.559599429369,0.543286412954,-0.000338399783,-0.236738799167
301,1,0.255362881269,-0.012907143453,0.0,-0.255362881269,0.012907143453,0.0,0.290195251056,0.585116191601,0.0,-0.141942634386,0.594398148598,0.0,0.241305172686,1.023416524103,0.0,0.015062464769,1.015159730378,0.0,0.233308060685,1.075697631478,0.0,0.054162936733,1.056244683663,0.0,0.274939134746,1.247361800929,0.0,0.064203716772,1.236104487231,0.0,0.55886285007,0.543161869049,-0.000338107347,-0.241694679348
302,1,0.256195749461,-0.013120749065,0.0,-0.256195749461,0.013120749065,0.0,0.289070267713,0.591165747163,0.0,-0.141869580399,0.598510954632,0.0,0.239041960383,1.028066380026,0.0,0.011204295102,1.020491882973,0.0,0.229190697163,1.080748391703,0.0,0.050958741634,1.06171040802,0.0,0.275465752366,1.254307207129,0.0,0.061965137988,1.244338073181,0.0,0.558017045259,0.543422430754,-0.000338466838,-0.240197093525
303,1,0.25624091756,-0.012947032452,0.0,-0.25624091756,0.012947032452,0.0,0.288821466648,0.594450282338,0.0,-0.143120506079,0.60132825715,0.0,0.238682920277,1.030405465342,0.0,0.010121051617,1.025673480427,0.0,0.229343456706,1.08351859077,0.0,0.049726492904,1.066567810517,0.0,0.273827675789,1.257621670344,0.0,0.059960907471,1.248241617733,0.0,0.55767570436,0.543593734503,-0.000337030739,-0.239364048058
304,1,0.255641663507,-0.012801027436,0.0,-0.255641663507,0.012801027436,0.0,0.287610110635,0.595954986636,0.0,-0.141772368871,0.602167583254,0.0,0.238039596996,1.030228790106,0.0,0.008782727216,1.030428786702,0.0,0.2285921862,1.08246999303,0.0,0.048214185543,1.073555574407,0.0,0.27315082998,1.25874744082,0.0,0.061356925717,1.250605362724,0.0,0.557301059365,0.543660581112,-0.000338498503,-0.239316722264
305,1,0.252698408591,-0.012603997552,0.0,-0.252698408591,0.012603997552,0.0,0.280431710482,0.592729255766,0.0,-0.142824288044,0.595474754133,0.0,0.230793533485,1.019982199435,0.0,0.004515158883,1.021213449667,0.0,0.217202737762,1.070836602407,0.0,0.04336690406,1.066294596899,0.0,0.280323831386,1.244364561976,0.0,0.056865337542,1.236773617356,0.0,0.556291103363,0.543718785048,-0.000337701291,-0.24200086337
306,1,0.248603071377,-0.012580461679,0.0,-0.248603071377,0.012580461679,0.0,0.276202804917,0.583286451701,0.0,-0.139823485911,0.585828691407,0.0,0.224312720123,1.000766918141,0.0,0.003431238216,1.002207681746,0.0,0.210610483091,1.045370900438,0.0,0.041538009796,1.045177090909,0.0,0.275210316469,1.222447320625,0.0,0.058765791987,1.214936355577,0.0,0.555539533496,0.543224096298,-0.000336553901,-0.246648992822
307,1,0.215056056682,-0.011379707815,0.0,-0.215056056682,0.011379707815,0.0,0.240480749616,0.504381987989,0.0,-0.12416789775,0.506779891907,0.0,0.197410352815,0.864997588145,0.0,-0.001742416294,0.864584574043,0.0,0.186913989874,0.903157126165,0.0,0.034410098698,0.898361944741,0.0,0.234395055726,1.056757864195,0.0,0.049433538863,1.049865038853,0.0,0.553881719708,0.543062657118,-0.000338744372,-0.285457534653
308,1,0.216429064209,-0.011644441713,0.0,-0.216429064209,0.011644441713,0.0,0.254451293362,0.508336380517,0.0,-0.124929468153,0.507206280862,0.0,0.222971342515,0.87022940179,0.0,-0.003389405396,0.871777060126,0.0,0.202345814878,0.904993579921,0.0,0.032970578573,0.903608235433,0.0,0.255499710465,1.063435443728,0.0,0.049964544111,1.060481205543,0.0,0.553405597806,0.54262855649,-0.000337794423,-0.283492667589
309,1,0.219248750721,-0.013040702186,0.0,-0.219248750721,0.013040702186,0.0,0.270333925219,0.513627463119,0.0,-0.126727928618,0.512676553135,0.0,0.260285848923,0.881589686904,0.0,-0.004358602983,0.887363129647,0.0,0.240120332589,0.918093710535,0.0,0.032460903518,0.920407251582,0.0,0.287691431564,1.077286791599,0.0,0.049260525677,1.080715888571,0.0,0.553106054664,0.54113522172,-0.000335924327,-0.280563244239
310,1,0.210774031173,-0.013388645945,0.0,-0.210774031173,0.013388645945,0.0,0.278890407685,0.484509520831,0.0,-0.122955818364,0.49247591595,0.0,0.305607692328,0.847306616259,0.0,-0.005699618791,0.853250695815,0.0,0.278641413265,0.881496484256,0.0,0.030091189597,0.884436329993,0.0,0.341347153258,1.031500136525,0.0,0.045646616771,1.041618438411,0.0,0.552693411708,0.540467858315,-0.0003378205,-0.292524129396
311,1,0.21701113287,-0.013860310709,0.0,-0.21701113287,0.013860310709,0.0,0.319745163188,0.486683613986,0.0,-0.129368107698,0.503133007489,0.0,0.366080037947,0.862956355739,0.0,-0.009653077209,0.869273767749,0.0,0.348745536005,0.894383017223,0.0,0.029443135347,0.898142384603,0.0,0.426755481712,1.051304473551,0.0,0.042515201685,1.063912633913,0.0,0.551664054394,0.540518045425,-0.000343969092,-0.286134584761
312,1,0.216595022417,-0.013884958704,0.0,-0.216595022417,0.013884958704,0.0,0.354538444553,0.479458453883,0.0,-0.129821674307,0.500684042744,0.0,0.434471040506,0.855437187126,0.0,-0.010684050106,0.864743852065,0.0,0.424438241365,0.883564678471,0.0,0.031641303048,0.891619730988,0.0,0.492491920218,1.039956117318,0.0,0.038977476486,1.059203959555,0.0,0.551349177957,0.540514498949,-0.000345135108,-0.287543363172
313,1,0.221401234998,-0.014660586035,0.0,-0.221401234998,0.014660586035,0.0,0.398200802761,0.481237895805,0.0,-0.13486764252,0.50828267677,0.0,0.496930710018,0.86771743552,0.0,-0.011790141839,0.877645094813,0.0,0.48598438637,0.892460817082,0.0,0.034043714008,0.89803766798,0.0,0.578267026728,1.06021289055,0.0,0.035825025546,1.080471097089,0.0,0.55112361908,0.541192233562,-0.000341804698,-0.281240551545
314,1,0.220216849022,-0.014949210398,0.0,-0.220216849022,0.014949210398,0.0,0.425868007281,0.471610203778,0.0,-0.136748288406,0.497956098721,0.0,0.533296815879,0.853576302043,0.0,-0.014160724994,0.860868196646,0.0,0.519387272185,0.877629239167,0.0,0.032675747385,0.880967094454,0.0,0.614883242901,1.04607093743,0.0,0.02672250997,1.062956053679,0.0,0.550358533859,0.542293399572,-0.000343794003,-0.284875411404
315,1,0.212376806138,-0.014623905946,0.0,-0.212376806138,0.014623905946,0.0,0.428344599429,0.452203821201,0.0,-0.134211813901,0.476556439585,0.0,0.537154322672,0.826370820783,0.0,-0.014103689933,0.824483618919,0.0,0.512049153918,0.846396776772,0.0,0.032283024725,0.843927182083,0.0,0.624219036664,1.0157364808,0.0,0.024598814454,1.019346352025,0.0,0.550077468157,0.542677104473,-0.000341881067,-0.296696418033
316,1,0.213567217401,-0.014856646215,0.0,-0.213567217401,0.014856646215,0.0,0.442472891292,0.451802517669,0.0,-0.137465824861,0.474942279242,0.0,0.554289268445,0.857007321367,0.0,-0.014961654213,0.822278376436,0.0,0.519457074865,0.884121804073,0.0,0.032373076162,0.841601858816,0.0,0.677971700213,1.029475393451,0.0,0.021989499234,1.017648949321,0.0,0.54976709187,0.54346755147,-0.000341840088,-0.296439568644
317,1,0.212277974149,-0.014936806722,0.0,-0.212277974149,0.014936806722,0.0,0.440259525623,0.448889773463,0.0,-0.138500874579,0.470539802043,0.0,0.530661958667,0.853253432726,0.0,-0.0162099165,0.81320508774,0.0,0.483274978386,0.887347069844,0.0,0.03242629902,0.833873076961,0.0,0.664282380144,1.034497988235,0.0,0.017577728614,1.008648428294,0.0,0.549453347921,0.543594092131,-0.000339567661,-0.299589343073
318,1,0.202236433531,-0.014271899155,0.0,-0.202236433531,0.014271899155,0.0,0.411372707423,0.430008972522,0.0,-0.133294239676,0.444909270205,0.0,0.499242306443,0.827487687574,0.0,-0.017252430249,0.768197536667,0.0,0.454644496029,0.867159883411,0.0,0.029411654118,0.788558856167,0.0,0.611920113603,1.000710839399,0.0,0.015857372313,0.95493686839,0.0,0.549023747444,0.543978780508,-0.000331550837,-0.315998311865
319,1,0.203843708239,-0.014395500135,0.0,-0.203843708239,0.014395500135,0.0,0.404158754615,0.435635858712,0.0,-0.137521542008,0.447810121161,0.0,0.482694032688,0.838588008059,0.0,-0.020934895137,0.771715696533,0.0,0.44198811335,0.880795503782,0.0,0.027121423953,0.792453881089,0.0,0.588593590792,1.012805548851,0.0,0.013051500675,0.959400331742,0.0,0.548105478287,0.543977200985,-0.000315742567,-0.314521064496
320,1,0.207492996712,-0.014642905966,0.0,-0.207492996712,0.014642905966,0.0,0.406963213085,0.452199887234,0.0,-0.142125048357,0.456516325902,0.0,0.480365887465,0.879560455041,0.0,-0.022514631182,0.784565279349,0.0,0.443118565002,0.922907880457,0.0,0.026391776891,0.805671571985,0.0,0.583568134599,1.054431421736,0.0,0.012063119529,0.975408591229,0.0,0.547741860151,0.54397135973,-0.000311549753,-0.309357542065
321,1,0.185412989795,-0.013094981174,0.0,-0.185412989795,0.013094981174,0.0,0.353646386947,0.406216941756,0.0,-0.127443026296,0.408137694986,0.0,0.410228604517,0.789052102301,0.0,-0.021969518322,0.70215900861,0.0,0.377000898417,0.829082877537,0.0,0.022695736468,0.721975593796,0.0,0.487430531248,0.947427359097,0.0,0.010449128116,0.872435399692,0.0,0.547610074282,0.543459892273,-0.000307353213,-0.346440263093
322,1,0.188317976422,-0.012744199006,0.0,-0.188317976422,0.012744199006,0.0,0.33745825222,0.417112597573,0.0,-0.12960579024,0.416366649379,0.0,0.381728416575,0.808437474281,0.0,-0.022340397035,0.717316643598,0.0,0.348046033644,0.849590434888,0.0,0.023083287348,0.736210503117,0.0,0.434803705181,0.972298825377,0.0,0.012277085863,0.887897119991,0.0,0.547615870833,0.542826473713,-0.000306978822,-0.341112466936
323,1,0.191845076587,-0.01281796074,0.0,-0.191845076587,0.01281796074,0.0,0.319144187642,0.428173977379,0.0,-0.131456931458,0.425124956498,0.0,0.349256558253,0.841500336135,0.0,-0.02260379219,0.737795042245,0.0,0.307860783393,0.884845044859,0.0,0.019512453432,0.757730318843,0.0,0.385367221342,1.00017370847,0.0,0.019172310153,0.908002525585,0.0,0.547730982304,0.542454212904,-0.000310471281,-0.335222515231
324,1,0.19087529565,-0.012309680127,0.0,-0.19087529565,0.012309680127,0.0,0.295488431701,0.431052627478,0.0,-0.1301654739,0.425129252165,0.0,0.298602660597,0.852824999638,0.0,-0.022130904161,0.736681602874,0.0,0.258555146693,0.89774445967,0.0,0.016213099919,0.756151701447,0.0,0.341399630867,1.011983611182,0.0,0.023840161915,0.906248921192,0.0,0.548048570752,0.541661113501,-0.000322859734,-0.337017098776
325,1,0.198303303379,-0.012618846945,0.0,-0.198303303379,0.012618846945,0.0,0.277747935338,0.452305612392,0.0,-0.134679081685,0.443367020732,0.0,0.258594454994,0.894142163376,0.0,-0.022190522081,0.768331821897,0.0,0.209400245091,0.943584283777,0.0,0.01580977369,0.788207392217,0.0,0.316947631676,1.064654856494,0.0,0.02790636936,0.944685883099,0.0,0.548338487744,0.541411370039,-0.000316152349,-0.323616194324
326,1,0.208775267107,-0.013639412758,0.0,-0.208775267107,0.013639412758,0.0,0.251504641787,0.480727017071,0.0,-0.139425538689,0.472270526918,0.0,0.203502165446,0.937506893719,0.0,-0.020622816886,0.826309240044,0.0,0.145392273242,0.986543571761,0.0,0.016545677425,0.857368611819,0.0,0.272727134868,1.127987145316,0.0,0.038587143569,1.003530167623,0.0,0.548415064812,0.540450751781,-0.000337870792,-0.30767634169
327,1,0.209724737643,-0.013565849972,0.0,-0.209724737643,0.013565849972,0.0,0.219121384365,0.485663044336,0.0,-0.137343251294,0.477301630494,0.0,0.133976867778,0.941447643614,0.0,-0.018920175032,0.84333127592,0.0,0.085526331218,0.987612069334,0.0,0.017119070648,0.872550209684,0.0,0.196479528122,1.140052474908,0.0,0.049622204925,1.021614970312,0.0,0.548530057073,0.540365129709,-0.000338718295,-0.305700164449
328,1,0.211245230225,-0.012506957874,0.0,-0.211245230225,0.012506957874,0.0,0.189831424763,0.49888383738,0.0,-0.135803963231,0.491380036959,0.0,0.084335949718,0.957878641913,0.0,-0.017353843611,0.869508931589,0.0,0.048635668682,1.002957589966,0.0,0.015944984889,0.894495267078,0.0,0.11634461311,1.163456178198,0.0,0.050383666086,1.048624588537,0.0,0.548755064607,0.537963122129,-0.000337086618,-0.302558809153
329,1,0.212907588137,-0.013079619905,0.0,-0.212907588137,0.013079619905,0.0,0.164057127786,0.506279706132,0.0,-0.13711587096,0.500581571202,0.0,0.028693412437,0.96681464823,0.0,-0.008093900986,0.874802317179,0.0,-0.009462057904,1.003694232701,0.0,0.019445228482,0.893262293706,0.0,0.034024054056,1.173071860245,0.0,0.050453073228,1.059431513734,0.0,0.548699349165,0.537472307682,-0.000332658179,-0.299731668764
330,1,0.194625770769,-0.011796152876,0.0,-0.194625770769,0.011796152876,0.0,0.127917821471,0.465131502431,0.0,-0.125344249578,0.458977526659,0.0,-0.012329773828,0.879780995826,0.0,-0.007181901114,0.794572394907,0.0,-0.05559694331,0.915939840376,0.0,0.017391359675,0.812660199856,0.0,-0.039863576234,1.076487719743,0.0,0.020174953986,0.957051387133,0.0,0.548790231347,0.537383884192,-0.000318746082,-0.327081049536
331,1,0.180434455225,-0.010519847439,0.0,-0.180434455225,0.010519847439,0.0,0.101450714081,0.434133024092,0.0,-0.116524859862,0.427136300307,0.0,-0.038753766584,0.80752103975,0.0,-0.013993532372,0.734213169024,0.0,-0.06917070629,0.835517262953,0.0,0.012031078042,0.755859357436,0.0,-0.076729996925,0.999138397915,0.0,-0.015329989041,0.88036081144,0.0,0.549082964659,0.537439227104,-0.000300355256,-0.351440201284
332,1,0.182909341888,-0.008839219144,0.0,-0.182909341888,0.008839219144,0.0,0.090975542999,0.438392253299,0.0,-0.116994936708,0.430991475095,0.0,-0.06721982334,0.805335266488,0.0,-0.013332437818,0.740007835649,0.0,-0.09158659347,0.831233934366,0.0,0.013880665983,0.764712534552,0.0,-0.11870995112,1.008431494708,0.0,-0.028520420437,0.888425876692,0.0,0.549638167024,0.538730412722,-0.000315830112,-0.345356488494
333,1,0.179966499792,-0.006207104549,0.0,-0.179966499792,0.006207104549,0.0,0.077654665081,0.433167765393,0.0,-0.113716146144,0.42561648219,0.0,-0.086902431826,0.792562456871,0.0,-0.009539719526,0.727651808164,0.0,-0.113406943758,0.820645501185,0.0,0.027440335236,0.756664180295,0.0,-0.128068849445,0.992641350209,0.0,-0.028118360836,0.878772108448,0.0,0.551112696528,0.540442764759,-0.000316189602,-0.346405951209
334,1,0.185682684605,-0.005345106137,0.0,-0.185682684605,0.005345106137,0.0,0.063902034871,0.447179361306,0.0,-0.117194500256,0.439019153983,0.0,-0.112066533452,0.806031605745,0.0,-0.008496091928,0.744102248547,0.0,-0.142913049524,0.834499092356,0.0,0.030496107696,0.768886255944,0.0,-0.14432902749,1.012847048752,0.0,-0.023803966676,0.89784012418,0.0,0.551795706153,0.541737854481,-0.000320579857,-0.332418929608
335,1,0.180236893524,-0.004198422235,0.0,-0.180236893524,0.004198422235,0.0,0.04880123005,0.433010205668,0.0,-0.114258979816,0.425657022904,0.0,-0.120369875278,0.768873281115,0.0,-0.009460991632,0.718876832063,0.0,-0.148395560978,0.797585734117,0.0,0.03153378748,0.741346264979,0.0,-0.130744202501,0.962603248342,0.0,-0.01881815226,0.875586988616,0.0,0.55236966908,0.543088704348,-0.000331381336,-0.339696690367
336,1,0.172976808819,-0.002921529088,0.0,-0.172976808819,0.002921529088,0.0,0.035003057341,0.41366546646,0.0,-0.112413327939,0.40610002887,0.0,-0.1214920572,0.738280225433,0.0,-0.008803971977,0.695117472176,0.0,-0.145749637837,0.769951829428,0.0,0.034254492602,0.718306306518,0.0,-0.118790078748,0.915999021748,0.0,-0.014056854907,0.848036488803,0.0,0.553181409836,0.5438157022,-0.000338476151,-0.350351042758
337,1,0.180905850175,-0.00282805917,0.0,-0.180905850175,0.00282805917,0.0,0.027559582792,0.430009569982,0.0,-0.121853714256,0.42324087491,0.0,-0.136102932455,0.763417673034,0.0,-0.013817718122,0.726741325241,0.0,-0.164253209527,0.799152225782,0.0,0.038207054429,0.750972536958,0.0,-0.137591478476,0.943004065321,0.0,-0.01294045645,0.886441634039,0.0,0.553341060877,0.544393599033,-0.000336471945,-0.334352298833
338,1,0.169853145204,-0.001972253262,0.0,-0.169853145204,0.001972253262,0.0,0.019053571578,0.402125882059,0.0,-0.118306992888,0.395129380842,0.0,-0.132163336318,0.718682086593,0.0,-0.015313968992,0.687316646649,0.0,-0.1595788575,0.754709154563,0.0,0.040221679074,0.708524331134,0.0,-0.127497310849,0.878684071149,0.0,-0.009516785834,0.838996300873,0.0,0.553973600268,0.544888019562,-0.00033935532,-0.352414051539
339,1,0.179140307126,-0.001833050343,0.0,-0.179140307126,0.001833050343,0.0,0.019011147639,0.421494299404,0.0,-0.126080901976,0.414625366996,0.0,-0.141740680382,0.75624126142,0.0,-0.015956629931,0.72587828082,0.0,-0.169509640851,0.794677566459,0.0,0.04611801433,0.748353530645,0.0,-0.151111193687,0.92285895782,0.0,-0.010756431318,0.884819050811,0.0,0.55405895412,0.545151174068,-0.000337067991,-0.333360630515
340,1,0.175157702058,-0.001629672415,0.0,-0.175157702058,0.001629672415,0.0,0.017213162527,0.412707736433,0.0,-0.127135822152,0.40679611423,0.0,-0.145702641533,0.74106381825,0.0,-0.0158161876,0.712646460369,0.0,-0.175326234377,0.776713670385,0.0,0.045052594996,0.735225577827,0.0,-0.168183799581,0.903320766274,0.0,-0.016740657592,0.869616409098,0.0,0.553985789418,0.54547727108,-0.000334583223,-0.339522171611
341,1,0.175337625444,-0.001641722178,0.0,-0.175337625444,0.001641722178,0.0,0.016238343348,0.413681818932,0.0,-0.128152076666,0.409021258138,0.0,-0.146071735836,0.744861088687,0.0,-0.016380809764,0.717691894652,0.0,-0.175577838669,0.780183215049,0.0,0.044842630231,0.741540348533,0.0,-0.178571577744,0.908269007713,0.0,-0.01099448333,0.875714547787,0.0,0.553945541382,0.545503675938,-0.000331230462,-0.337211708662
342,1,0.174901146038,-0.001569823997,0.0,-0.174901146038,0.001569823997,0.0,0.007167115903,0.415409670013,0.0,-0.128066432114,0.411120016048,0.0,-0.149899105052,0.750551699497,0.0,-0.014451643822,0.722082378051,0.0,-0.17844245969,0.786525067953,0.0,0.046554553463,0.746064683009,0.0,-0.18813208753,0.914130883702,0.0,-0.013630694031,0.881198215033,0.0,0.554454132915,0.54570800066,-0.000334843993,-0.334924534532
343,1,0.177639932745,-0.000945871675,0.0,-0.177639932745,0.000945871675,0.0,0.003909112412,0.422697997776,0.0,-0.129564072322,0.417523090512,0.0,-0.151949247791,0.763500294904,0.0,-0.01472218878,0.734733733002,0.0,-0.179821260163,0.800123595948,0.0,0.04873905154,0.760618261243,0.0,-0.18341417366,0.932475687028,0.0,-0.011956424757,0.896975659693,0.0,0.554841965437,0.546571940184,-0.000342726707,-0.328090576285
344,1,0.178357894035,-0.000417303597,0.0,-0.178357894035,0.000417303597,0.0,0.008100705177,0.428857493709,0.0,-0.129388914877,0.423721094193,0.0,-0.153318200401,0.774314859313,0.0,-0.012820447648,0.745491539178,0.0,-0.178961404814,0.81106251428,0.0,0.052157361519,0.772150200816,0.0,-0.183304022322,0.947175346505,0.0,-0.009567733292,0.911283727335,0.0,0.555603966117,0.546887040138,-0.000336479396,-0.322659314772
345,1,0.171947699585,4.6380996e-05,0.0,-0.171947699585,-4.6380996e-05,0.0,0.010828838957,0.414636395128,0.0,-0.123799911396,0.410199100089,0.0,-0.149275662101,0.749929827398,0.0,-0.01029680579,0.722875684664,0.0,-0.17287226339,0.785849571647,0.0,0.05191017682,0.748836458342,0.0,-0.173177694831,0.919001860299,0.0,-0.003553943806,0.884428782871,0.0,0.556284114718,0.547769725323,-0.000335630029,-0.331558175384
346,1,0.171786423985,8.0836756e-05,0.0,-0.171786423985,-8.0836756e-05,0.0,0.012470126157,0.414689591019,0.0,-0.122348858021,0.410301566888,0.0,-0.145357930125,0.749935533771,0.0,-0.014797127724,0.723345546236,0.0,-0.169376607454,0.785235929041,0.0,0.046288664098,0.748786374992,0.0,-0.158550776445,0.917782672035,0.0,-0.001695099117,0.885268851925,0.0,0.556841805577,0.547808498144,-0.000338189304,-0.331436949589
347,1,0.178210445195,0.000378406964,0.0,-0.178210445195,-0.000378406964,0.0,0.013623964278,0.432091492933,0.0,-0.126434276715,0.427691163208,0.0,-0.151730589886,0.780045375042,0.0,-0.013473464707,0.753637016412,0.0,-0.175267822038,0.816727487425,0.0,0.050053304938,0.779330408252,0.0,-0.164717839645,0.958009804105,0.0,0.019143282708,0.923372384147,0.0,0.557448744774,0.547968059778,-0.000336043537,-0.317628314868
348,1,0.177897112488,0.000409591907,0.0,-0.177897112488,-0.000409591907,0.0,0.015559071108,0.429977843577,0.0,-0.123676005143,0.425554587482,0.0,-0.148228712507,0.77537224776,0.0,-0.010964575312,0.747903791894,0.0,-0.171358784357,0.811150876618,0.0,0.051812348004,0.770949552494,0.0,-0.160771272887,0.954589177163,0.0,0.023769603531,0.919690114677,0.0,0.558333218098,0.547932565212,-0.000336181372,-0.318838762646
349,1,0.170669531655,0.000551387866,0.0,-0.170669531655,-0.000551387866,0.0,0.014091711269,0.413166845675,0.0,-0.11832214617,0.408879589634,0.0,-0.141406666857,0.746317655592,0.0,-0.012946576314,0.718809647291,0.0,-0.163372975825,0.782311329295,0.0,0.049668972262,0.741224856341,0.0,-0.15300753011,0.916853737742,0.0,0.015417590879,0.882778972786,0.0,0.558462828398,0.547828137875,-0.000339321792,-0.332081063423
350,1,0.177414212548,0.000508692382,0.0,-0.177414212548,-0.000508692382,0.0,0.01634048318,0.427351238772,0.0,-0.1215879294,0.424558282467,0.0,-0.146648027015,0.776222961911,0.0,-0.011594864701,0.747537264775,0.0,-0.169868546675,0.813653092296,0.0,0.053572436269,0.771141636317,0.0,-0.157575396246,0.952509504589,0.0,0.017921049753,0.917698225596,0.0,0.559041142464,0.547779798508,-0.000342804939,-0.319411627354
351,1,0.178846846473,0.000687258353,0.0,-0.178846846473,-0.000687258353,0.0,0.017277169678,0.430208043469,0.0,-0.121777634171,0.427829643029,0.0,-0.146622629466,0.782486324688,0.0,-0.010969270746,0.753534498145,0.0,-0.169871442111,0.820568721755,0.0,0.054614919454,0.777440043112,0.0,-0.161461098053,0.960052580702,0.0,0.016605221303,0.924898052624,0.0,0.559235334396,0.547450333834,-0.000342309475,-0.317294932641
352,1,0.186842179827,-5.3562217e-05,0.0,-0.186842179827,5.3562217e-05,0.0,0.018161024995,0.450384865619,0.0,-0.127166022288,0.44787528937,0.0,-0.152918069085,0.818402617407,0.0,-0.011490665108,0.790307566969,0.0,-0.177172531994,0.858618228546,0.0,0.056975581956,0.819240777811,0.0,-0.171369762301,1.004116361005,0.0,0.016211007143,0.968239878028,0.0,0.559244483709,0.546933531761,-0.000343799591,-0.30379750828
353,1,0.190843766834,-0.000650231069,0.0,-0.190843766834,0.000650231069,0.0,0.019615120932,0.458884582997,0.0,-0.13259963074,0.457119228101,0.0,-0.157333961492,0.834106933522,0.0,-0.010928472996,0.804623869961,0.0,-0.183470555715,0.875234672404,0.0,0.056727895051,0.833878978378,0.0,-0.187359167059,1.023385953971,0.0,0.022081308147,0.986508520583,0.0,0.55946290493,0.546527892351,-0.000346820801,-0.298604818627
354,1,0.196227746563,-0.001766154777,0.0,-0.196227746563,0.001766154777,0.0,0.019307928595,0.473232189388,0.0,-0.136646951547,0.470128695102,0.0,-0.161862229448,0.859509717663,0.0,-0.012215716513,0.832486384542,0.0,-0.18869956548,0.903703852386,0.0,0.05395550723,0.867551945646,0.0,-0.192261716325,1.050499500048,0.0,-0.007616069817,1.01608533754,0.0,0.559157550335,0.545818567276,-0.000350426883,-0.291618686131
355,1,0.197557669254,-0.002763696617,0.0,-0.197557669254,0.002763696617,0.0,0.029295735836,0.477502431143,0.0,-0.136893450662,0.472544307717,0.0,-0.159101511768,0.858472457042,0.0,-0.017597506934,0.834109916092,0.0,-0.188959161448,0.89829641499,0.0,0.053319085156,0.867788171245,0.0,-0.192843109937,1.052552594765,0.0,-0.009786904503,1.018196773682,0.0,0.558819174767,0.545211702585,-0.000346206129,-0.291704457719
356,1,0.197942835427,-0.003254619187,0.0,-0.197942835427,0.003254619187,0.0,0.042612662626,0.477633795341,0.0,-0.132822145341,0.471495186858,0.0,-0.155266839891,0.855278366267,0.0,-0.020360817805,0.823225397254,0.0,-0.1897669844,0.893261413538,0.0,0.049780685449,0.85556102247,0.0,-0.177941854445,1.055641292697,0.0,-0.005982007171,1.0132229053,0.0,0.558333516121,0.545059382915,-0.000345507637,-0.292692133278
357,1,0.192637860133,-0.003561712122,0.0,-0.192637860133,0.003561712122,0.0,0.063630001237,0.462715850327,0.0,-0.127077208919,0.455567199693,0.0,-0.143398879139,0.826274679434,0.0,-0.017888395292,0.789843469348,0.0,-0.185976528609,0.861321958003,0.0,0.044413358263,0.82123800568,0.0,-0.153168727747,1.023538600038,0.0,-0.008609385755,0.972480776732,0.0,0.557110264897,0.545161992311,-0.000339487568,-0.304799815492
358,1,0.18442471496,-0.004421777207,0.0,-0.18442471496,0.004421777207,0.0,0.081809859157,0.440299369187,0.0,-0.12377564357,0.434137007828,0.0,-0.121791793712,0.787319238689,0.0,-0.019754636171,0.747048085157,0.0,-0.174915254195,0.81776915192,0.0,0.035920201688,0.777795169037,0.0,-0.129207745507,0.98581980111,0.0,0.015024500496,0.950117345806,0.0,0.555203348398,0.544804960489,-0.000340344384,-0.32232208835
359,1,0.17585844028,-0.004867854349,0.0,-0.17585844028,0.004867854349,0.0,0.094922636814,0.420728894543,0.0,-0.119336346712,0.411149732596,0.0,-0.07502507406,0.75285450705,0.0,-0.023654728364,0.705449605617,0.0,-0.119253192146,0.779458215346,0.0,0.022274658926,0.733619827393,0.0,-0.101039727264,0.940560860453,0.0,-0.016661725719,0.879929850488,0.0,0.553262010217,0.544158011675,-0.000328261405,-0.341910455649
360,1,0.17997895206,-0.005223978049,0.0,-0.17997895206,0.005223978049,0.0,0.100929098045,0.441916482575,0.0,-0.125461646447,0.419082247356,0.0,-0.039703561639,0.801670334048,0.0,-0.028686312824,0.719408244993,0.0,-0.063657960872,0.832259101267,0.0,0.01670778474,0.745717751868,0.0,-0.068265087058,0.992020811028,0.0,-0.039212914213,0.890575647541,0.0,0.551692813635,0.544058471918,-0.000330850482,-0.336504091252
361,1,0.193912315201,-0.006205298292,0.0,-0.193912315201,0.006205298292,0.0,0.128175420721,0.48089383631,0.0,-0.130750146497,0.452532109963,0.0,-0.000626852549,0.885885650487,0.0,-0.036094555818,0.773763378758,0.0,-0.021926718399,0.92439719685,0.0,0.006697804922,0.799260389905,0.0,-0.017806016216,1.090664012042,0.0,-0.037459692919,0.958716161683,0.0,0.551189273596,0.543217509985,-0.00033185631,-0.313449648826
362,1,0.197658479053,-0.006730391082,0.0,-0.197658479053,0.006730391082,0.0,0.151832254601,0.491906265657,0.0,-0.124605898129,0.461869048308,0.0,0.0492953396,0.903525636298,0.0,-0.03613431809,0.784709531021,0.0,0.031410523664,0.945106057813,0.0,0.006891882538,0.809816856401,0.0,0.050003618485,1.113815379089,0.0,-0.023274605384,0.974264119158,0.0,0.551133543253,0.543382585049,-0.000325143337,-0.308004381222
363,1,0.194888627796,-0.00690818812,0.0,-0.194888627796,0.00690818812,0.0,0.179297918146,0.483355099185,0.0,-0.11825367501,0.454812963966,0.0,0.108645406036,0.89578138918,0.0,-0.034588750268,0.776919793996,0.0,0.077340490316,0.942008250029,0.0,0.004118719833,0.802593158719,0.0,0.127840631812,1.098752229821,0.0,0.005354445197,0.965901477581,0.0,0.550567850471,0.543170034885,-0.000328473747,-0.313235103979
364,1,0.212600650899,-0.0085458968,0.0,-0.212600650899,0.0085458968,0.0,0.222308485721,0.524006821611,0.0,-0.124410134732,0.495815124356,0.0,0.175562530643,0.969020181211,0.0,-0.02459506221,0.848406169636,0.0,0.152244989474,1.016501043453,0.0,0.0190355863,0.875179192741,0.0,0.174642110922,1.193940077087,0.0,0.013245772534,1.055277722792,0.0,0.550385907292,0.543477326632,-0.000326637179,-0.287882193418
365,1,0.209114135948,-0.009462846989,0.0,-0.209114135948,0.009462846989,0.0,0.24388994571,0.513391766792,0.0,-0.120695340804,0.488301867036,0.0,0.214768497966,0.964576477976,0.0,-0.008706492089,0.844878498001,0.0,0.189313521124,1.006769642787,0.0,0.043363022268,0.876743478123,0.0,0.22345164388,1.185421098336,0.0,0.011829782117,1.037251387529,0.0,0.550333231688,0.544109344482,-0.000332981348,-0.29232762267
366,1,0.220963066066,-0.009819715934,0.0,-0.220963066066,0.009819715934,0.0,0.285638213946,0.540746792807,0.0,-0.126659780023,0.516090970243,0.0,0.267228154698,1.010805949916,0.0,-0.008942299064,0.890141672674,0.0,0.244870687035,1.057335489111,0.0,0.046914175015,0.923421163622,0.0,0.259374617955,1.241912307606,0.0,0.016667695534,1.093357310905,0.0,0.550225734711,0.544178545475,-0.000332992524,-0.277230314909
367,1,0.218889027765,-0.009751152542,0.0,-0.218889027765,0.009751152542,0.0,0.300036398634,0.533521183825,0.0,-0.1253960265,0.510374986179,0.0,0.295694667073,0.995789797058,0.0,-0.007302075522,0.879813375201,0.0,0.268296198956,1.042261752018,0.0,0.049047573735,0.912627745446,0.0,0.284557823874,1.224917922798,0.0,0.035179617337,1.080616334932,0.0,0.550225660205,0.544161051512,-0.000334836543,-0.280496867421
368,1,0.235701230465,-0.010469077781,0.0,-0.235701230465,0.010469077781,0.0,0.341405251877,0.572077223974,0.0,-0.135490465481,0.549513988158,0.0,0.342878145345,1.072293449442,0.0,-0.008457294335,0.947866677257,0.0,0.321047923478,1.120062249847,0.0,0.052720420627,0.982675571338,0.0,0.330502041264,1.310827127737,0.0,0.036808548354,1.165389196103,0.0,0.550159797072,0.544064342976,-0.000334117562,-0.260450264768
369,1,0.239107751678,-0.010851440734,0.0,-0.239107751678,0.010851440734,0.0,0.353092479431,0.579305191879,0.0,-0.137755102671,0.556865046702,0.0,0.36801777774,1.063607876631,0.0,-0.009111864923,0.95911130132,0.0,0.345110869006,1.101035261405,0.0,0.053258371416,0.98689394051,0.0,0.356370147878,1.3051406181,0.0,0.053441875379,1.18223750495,0.0,0.550084233284,0.543832093477,-0.000336118042,-0.256927824612
370,1,0.24864716112,-0.011238169202,0.0,-0.24864716112,0.011238169202,0.0,0.365237801548,0.59593036347,0.0,-0.144762972322,0.575342758746,0.0,0.377213289026,1.07294004087,0.0,-0.011901336038,0.988415312337,0.0,0.356935357978,1.107541248633,0.0,0.052205311029,1.015373107191,0.0,0.360057631128,1.318561499552,0.0,0.050767600335,1.221323245929,0.0,0.549525275826,0.543808996677,-0.000337641686,-0.248582313173
371,1,0.253189105016,-0.011612375988,0.0,-0.253189105016,0.011612375988,0.0,0.364847551728,0.60023376866,0.0,-0.149152250523,0.580180762956,0.0,0.363116069241,1.054615181382,0.0,-0.010685370063,0.996489620009,0.0,0.341773484284,1.088004553628,0.0,0.052700011933,1.023699597222,0.0,0.357506544499,1.297279630391,0.0,0.053170070337,1.230596347632,0.0,0.548537626863,0.543733149767,-0.000344481319,-0.246631127184
372,1,0.251259975652,-0.011629418562,0.0,-0.251259975652,0.011629418562,0.0,0.351987885799,0.593556759136,0.0,-0.149956760694,0.574341698214,0.0,0.335210417099,1.011184708737,0.0,-0.01473726184,0.970998380659,0.0,0.312789932582,1.039970782332,0.0,0.046365017925,0.996991382329,0.0,0.328112077669,1.257266701638,0.0,0.047595368024,1.217617005435,0.0,0.547915011644,0.543888747692,-0.000343244523,-0.248911805701
373,1,0.25007286616,-0.011609780276,0.0,-0.25007286616,0.011609780276,0.0,0.341977027049,0.587076794807,0.0,-0.151730370063,0.5708650856,0.0,0.318723832245,0.987570084279,0.0,-0.02375466718,0.941322749971,0.0,0.295811512232,1.01499893562,0.0,0.036802729153,0.969518987036,0.0,0.316203887334,1.237167240467,0.0,0.038839151882,1.211081850857,0.0,0.547296330333,0.543875217438,-0.000343631953,-0.249871917666
374,1,0.248159179008,-0.011907367144,0.0,-0.248159179008,0.011907367144,0.0,0.335483150519,0.577344041666,0.0,-0.15128027576,0.566594758276,0.0,0.310770963546,0.966005767635,0.0,-0.026312004239,0.929695201785,0.0,0.291852632498,0.987363292589,0.0,0.028038166535,0.956454036006,0.0,0.284594667617,1.209447038352,0.0,0.035579281768,1.198503852084,0.0,0.546992123127,0.543765574694,-0.000341042876,-0.25144855975
375,1,0.24646552452,-0.012707627135,0.0,-0.24646552452,0.012707627135,0.0,0.328631080831,0.569010669062,0.0,-0.149834712877,0.562975835517,0.0,0.290399164542,0.955281463375,0.0,-0.023399698522,0.926741405924,0.0,0.288530028748,0.98646449815,0.0,0.028925977356,0.954514215748,0.0,0.25139635043,1.187899734278,0.0,0.021253972078,1.191271102304,0.0,0.546930000186,0.543093860149,-0.000341631472,-0.253102030973
376,1,0.245651253441,-0.012681229674,0.0,-0.245651253441,0.012681229674,0.0,0.313215158932,0.565127472295,0.0,-0.149469771534,0.560491094014,0.0,0.261764558497,0.946809059346,0.0,-0.023518898943,0.928950243117,0.0,0.265693808068,0.982209646384,0.0,0.026018391094,0.956817126433,0.0,0.223424608144,1.183178866833,0.0,0.019645073609,1.186155101356,0.0,0.546901106834,0.542430311441,-0.000341761857,-0.253800450667
377,1,0.237339171442,-0.012341557967,0.0,-0.237339171442,0.012341557967,0.0,0.289225929626,0.546082486085,0.0,-0.144839257044,0.541604760905,0.0,0.238499271066,0.924691316015,0.0,-0.02040304452,0.90537823958,0.0,0.25005317167,0.960393444493,0.0,0.025156404274,0.932861839191,0.0,0.207497150044,1.1497827226,0.0,0.023597470636,1.14499557685,0.0,0.546811059117,0.542394638062,-0.000345725566,-0.261981020907
378,1,0.222803920664,-0.011647160046,0.0,-0.222803920664,0.011647160046,0.0,0.269572689213,0.509822962019,0.0,-0.136033391254,0.508382790808,0.0,0.215611086952,0.867432534398,0.0,-0.018704790519,0.852035195901,0.0,0.22362519477,0.901736719521,0.0,0.023443321762,0.877720816319,0.0,0.19491097901,1.079065822255,0.0,0.02466892201,1.075584338849,0.0,0.546801954508,0.542336583138,-0.000346180052,-0.278618587485
379,1,0.211889964935,-0.011059498863,0.0,-0.211889964935,0.011059498863,0.0,0.253681014584,0.485603936101,0.0,-0.129614491135,0.483881649401,0.0,0.20034925986,0.826724180359,0.0,-0.017891599117,0.812160771542,0.0,0.207864137584,0.859161835149,0.0,0.022093502345,0.83655471031,0.0,0.185139866309,1.027894839275,0.0,0.023223034186,1.023435946688,0.0,0.546777114272,0.542107015848,-0.000338401645,-0.292817043327
380,1,0.215565816083,-0.011245567802,0.0,-0.215565816083,0.011245567802,0.0,0.2549365385,0.493636635478,0.0,-0.131900183339,0.492020022329,0.0,0.195831268912,0.840725715104,0.0,-0.015902287626,0.826976633588,0.0,0.202258890483,0.873768119819,0.0,0.022966841523,0.8520320664,0.0,0.183596390194,1.043163953138,0.0,0.033990710072,1.038708843985,0.0,0.546768784523,0.542017787695,-0.000339090824,-0.287807789749
381,1,0.215301902022,-0.011168996198,0.0,-0.215301902022,0.011168996198,0.0,0.25324830562,0.492880494606,0.0,-0.131768930723,0.49166334913,0.0,0.19068471057,0.842199383871,0.0,-0.015730808608,0.82822083434,0.0,0.196482188435,0.875131011536,0.0,0.023040096205,0.853792891111,0.0,0.184120981481,1.044038191885,0.0,0.033691671074,1.03722035626,0.0,0.546796143055,0.541940122843,-0.000342290848,-0.288046521541
382,1,0.211373297672,-0.010826943852,0.0,-0.211373297672,0.010826943852,0.0,0.247464058346,0.483395070014,0.0,-0.130950897261,0.48204278104,0.0,0.185900991119,0.827466902447,0.0,-0.015524563797,0.814525102942,0.0,0.19011902375,0.859859890057,0.0,0.023209436393,0.841586318573,0.0,0.181649344216,1.023795579074,0.0,0.030822307421,1.017270551204,0.0,0.546776220202,0.542076677084,-0.000341393054,-0.293463699474
383,1,0.212696886081,-0.010938017618,0.0,-0.212696886081,0.010938017618,0.0,0.248310074945,0.484737642287,0.0,-0.132533056017,0.484809171335,0.0,0.185308004947,0.832491435744,0.0,-0.01758546749,0.8198222108,0.0,0.184162416154,0.862691817193,0.0,0.019624760642,0.847059450353,0.0,0.184380886303,1.026685851942,0.0,0.030184287414,1.023104085967,0.0,0.546666458249,0.542097866535,-0.000344790518,-0.291652500873
384,1,0.233123920121,-0.012055034223,0.0,-0.233123920121,0.012055034223,0.0,0.271829960782,0.533614787773,0.0,-0.146952015278,0.530898330723,0.0,0.202841562143,0.911827555327,0.0,-0.018841696463,0.903738669367,0.0,0.201321143703,0.944737322716,0.0,0.021421501789,0.932821964475,0.0,0.20214833467,1.125479836941,0.0,0.033370014874,1.122701774606,0.0,0.546667009592,0.542377799749,-0.000351944938,-0.26606933565
385,1,0.230784169403,-0.010202165589,0.0,-0.230784169403,0.010202165589,0.0,0.266867427744,0.52655799202,0.0,-0.148048689648,0.521302929774,0.0,0.20138097709,0.898888077894,0.0,-0.018664652014,0.891253494687,0.0,0.199007339987,0.929767674483,0.0,0.020977452246,0.919765782096,0.0,0.200025358425,1.110664999328,0.0,0.033402161907,1.107640474319,0.0,0.54680390656,0.543684542179,-0.000356381759,-0.268450242136
386,1,0.229759629425,-0.008708261596,0.0,-0.229759629425,0.008708261596,0.0,0.268216687966,0.524711078929,0.0,-0.148095995414,0.518675017152,0.0,0.208554613446,0.895658406315,0.0,-0.019103670493,0.887891857369,0.0,0.202832751847,0.926731483206,0.0,0.022327246676,0.914587662968,0.0,0.202054077015,1.106882389448,0.0,0.034532552925,1.103325301596,0.0,0.547379687428,0.544546037912,-0.000364158303,-0.268524273845
387,1,0.242000559215,-0.008083656146,0.0,-0.242000559215,0.008083656146,0.0,0.281728932934,0.551444032418,0.0,-0.154985949464,0.545401672861,0.0,0.225509933429,0.943190031757,0.0,-0.020115094038,0.933852307607,0.0,0.220392947623,0.975815919222,0.0,0.024608847467,0.960684754152,0.0,0.212234077809,1.165467824523,0.0,0.038097477054,1.161253987589,0.0,0.547839656472,0.544866889715,-0.000369645655,-0.254779403771
388,1,0.243967949905,-0.007977457804,0.0,-0.243967949905,0.007977457804,0.0,0.287140603635,0.556522223178,0.0,-0.154538610923,0.551652824314,0.0,0.240246540822,0.953866117379,0.0,-0.018113299734,0.944046123549,0.0,0.230304634478,0.987560132319,0.0,0.02802123628,0.971895439512,0.0,0.240553807702,1.187777409306,0.0,0.045415193001,1.176992057744,0.0,0.548468902707,0.544917970896,-0.000371579081,-0.251790329209
389,1,0.245844526008,-0.007925933129,0.0,-0.245844526008,0.007925933129,0.0,0.292100107167,0.566135722643,0.0,-0.15359578329,0.559039628708,0.0,0.24926435337,0.989458727403,0.0,-0.015448488817,0.963510763366,0.0,0.241739943761,1.024461004931,0.0,0.031504764873,0.994002868462,0.0,0.25426587481,1.224586689961,0.0,0.048202497775,1.193328855474,0.0,0.549102142453,0.544858396053,-0.000373512506,-0.249166964099
390,1,0.251174498894,-0.008259700434,0.0,-0.251174498894,0.008259700434,0.0,0.29709313114,0.583465224041,0.0,-0.155247443117,0.572684554699,0.0,0.260814616687,1.04004216747,0.0,-0.013892705648,0.991454159255,0.0,0.255861332882,1.070109413537,0.0,0.035328684877,1.02223795412,0.0,0.262403925824,1.284619685955,0.0,0.050904231475,1.224036680124,0.0,0.549566030502,0.544624835253,-0.000372793525,-0.244391514966
391,1,0.250831309139,-0.008712271731,0.0,-0.250831309139,0.008712271731,0.0,0.282583590927,0.591049599151,0.0,-0.153915985198,0.581076467857,0.0,0.260688493701,1.064930255087,0.0,-0.011697288561,1.004216974561,0.0,0.257747629582,1.100081194895,0.0,0.038072968699,1.035869209484,0.0,0.250368133743,1.321502028248,0.0,0.053153626946,1.235095049632,0.0,0.550138622522,0.543265193701,-0.000368461013,-0.243668803759
392,1,0.247858220053,-0.00908643754,0.0,-0.247858220053,0.00908643754,0.0,0.259347392816,0.588254610693,0.0,-0.150303255281,0.581812438482,0.0,0.225492701293,1.068983618311,0.0,-0.014407953551,0.993800938526,0.0,0.213053357064,1.103277510404,0.0,0.036055527391,1.023118996266,0.0,0.212629018026,1.327718063537,0.0,0.049161707369,1.217828026913,0.0,0.55056655407,0.542281776667,-0.00036631152,-0.24665596837
393,1,0.236054412793,-0.008951687205,0.0,-0.236054412793,0.008951687205,0.0,0.208371397435,0.56637644866,0.0,-0.142095396954,0.561916762504,0.0,0.150599753702,1.047490050205,0.0,-0.011832213751,0.958132906054,0.0,0.153153322769,1.091476391092,0.0,0.036399842532,0.982609591492,0.0,0.129432344203,1.286714207842,0.0,0.034465334501,1.169405834716,0.0,0.551108688116,0.541060268879,-0.00037092343,-0.258229234405
394,1,0.221626257032,-0.009654742419,0.0,-0.221626257032,0.009654742419,0.0,0.170638177992,0.529952218008,0.0,-0.136921235182,0.529381627758,0.0,0.080812363285,0.997923338793,0.0,-0.011451408241,0.896431304761,0.0,0.067575883061,1.043482792295,0.0,0.031904349004,0.916623221614,0.0,0.077905451928,1.210750034482,0.0,0.030468663321,1.084265800797,0.0,0.55110438168,0.540644288063,-0.000363595784,-0.275046813145
395,1,0.203465305194,-0.00908810473,0.0,-0.203465305194,0.00908810473,0.0,0.130403643928,0.483975025944,0.0,-0.127419836078,0.487194892338,0.0,0.02975337397,0.913789985206,0.0,-0.01067023415,0.821829614183,0.0,0.012067983244,0.957852257221,0.0,0.028877977768,0.841251472647,0.0,0.01812831136,1.116018445096,0.0,0.021745289304,0.992305663242,0.0,0.55101980269,0.540373116732,-0.000351835042,-0.299590558428
396,1,0.199980474881,-0.009011209208,0.0,-0.199980474881,0.009011209208,0.0,0.110334085444,0.475862855059,0.0,-0.12521760551,0.478617773567,0.0,-0.011275302159,0.901329528949,0.0,-0.017005673422,0.810882725321,0.0,-0.014537175723,0.94383555,0.0,0.022283050136,0.830627969788,0.0,-0.046520506834,1.107696210317,0.0,-0.006323252561,0.984517862311,0.0,0.551036626101,0.540055155754,-0.000334866345,-0.304868927029
397,1,0.197377556879,-0.00867614711,0.0,-0.197377556879,0.00867614711,0.0,0.094494255823,0.467881229394,0.0,-0.125190836263,0.472921526852,0.0,-0.057384862584,0.885538499537,0.0,-0.017832926179,0.805202420693,0.0,-0.063658140195,0.92461454547,0.0,0.021699850749,0.82412734036,0.0,-0.107412388802,1.091704934799,0.0,-0.01576234783,0.981241060427,0.0,0.550888866186,0.539873600006,-0.000324182212,-0.307986459438
398,1,0.200930476365,-0.008737439294,0.0,-0.200930476365,0.008737439294,0.0,0.081296309394,0.461717738399,0.0,-0.126837425163,0.477662529401,0.0,-0.118235910359,0.86688990246,0.0,-0.014777250923,0.831693942433,0.0,-0.14459954041,0.905452212997,0.0,0.028438451306,0.861837417525,0.0,-0.157246436342,1.092740970174,0.0,-0.03684318138,1.029116077501,0.0,0.551404371858,0.539865553379,-0.000326648355,-0.302135400117
399,1,0.205586171323,-0.007853709182,0.0,-0.205586171323,0.007853709182,0.0,0.066876732693,0.476085088241,0.0,-0.12745254368,0.491627008937,0.0,-0.148111660442,0.879120971073,0.0,-0.010901471912,0.855022026993,0.0,-0.194093956193,0.917828087009,0.0,0.036302615978,0.88383042811,0.0,-0.186942136264,1.108800793808,0.0,-0.031348678375,1.054999394783,0.0,0.55267316103,0.54024207592,-0.000327818096,-0.292805188815
400,1,0.220262052958,-0.006787468106,0.0,-0.220262052958,0.006787468106,0.0,0.053470393205,0.508269608944,0.0,-0.133840844826,0.526384954718,0.0,-0.189274975637,0.943259670493,0.0,-0.007414786187,0.919663516693,0.0,-0.232653445017,0.985662250515,0.0,0.04356336371,0.952166562192,0.0,-0.229254695946,1.186097844716,0.0,-0.030200821759,1.133684628243,0.0,0.553809925914,0.542266279459,-0.000329963863,-0.270389014899
401,1,0.221369807938,-0.004643278456,0.0,-0.221369807938,0.004643278456,0.0,0.034824699677,0.510953108015,0.0,-0.133060512827,0.528499079779,0.0,-0.208031869858,0.948717893948,0.0,0.012722676426,0.925176625714,0.0,-0.243282246043,0.992253497048,0.0,0.070445567961,0.959010676248,0.0,-0.227816815496,1.189981458717,0.0,-0.014499703395,1.141100088539,0.0,0.554772675037,0.543029069901,-0.000330448151,-0.267864642271
402,1,0.225573386891,-0.003894555696,0.0,-0.225573386891,0.003894555696,0.0,0.014829457836,0.522248456271,0.0,-0.136736852068,0.539422118685,0.0,-0.218723344668,0.968387505537,0.0,0.016748988908,0.944111578157,0.0,-0.249737190004,1.012096183263,0.0,0.072063779209,0.978582626315,0.0,-0.22769192148,1.206032957525,0.0,-0.015018113171,1.163682507235,0.0,0.554606541991,0.543557047844,-0.00033063814,-0.262076092044
403,1,0.218075149124,-0.002860750552,0.0,-0.218075149124,0.002860750552,0.0,-0.008396119771,0.501945465231,0.0,-0.133147609823,0.51820594666,0.0,-0.217219880009,0.928713503197,0.0,0.022640861828,0.91062005012,0.0,-0.245552958191,0.969989006897,0.0,0.073564339416,0.944049005673,0.0,-0.234124956835,1.158373225061,0.0,-0.013926801224,1.123909431381,0.0,0.554570898414,0.544883787632,-0.000323724002,-0.270192391637
404,1,0.21406638737,-0.001078267619,0.0,-0.21406638737,0.001078267619,0.0,-0.030540663328,0.497299849773,0.0,-0.131808283107,0.509877194104,0.0,-0.237450050747,0.916899960422,0.0,0.027637626704,0.899376004557,0.0,-0.261738053487,0.957391640475,0.0,0.074718002427,0.936318847667,0.0,-0.255445769218,1.142317109346,0.0,-0.001494973012,1.110261332792,0.0,0.554667234421,0.546078950167,-0.000324733555,-0.272272553434
405,1,0.211324174542,-0.000326017688,0.0,-0.211324174542,0.000326017688,0.0,-0.029621541869,0.497140337728,0.0,-0.129423297649,0.504871645476,0.0,-0.232282423316,0.906238672071,0.0,0.032471634291,0.890320940243,0.0,-0.258985779772,0.943851736141,0.0,0.076381092139,0.926855856187,0.0,-0.252672812519,1.122203692042,0.0,0.006801939266,1.098323714184,0.0,0.555188909173,0.547577500343,-0.000326395035,-0.273325489032
406,1,0.20571285554,6.2589344e-05,0.0,-0.20571285554,-6.2589344e-05,0.0,-0.029969668308,0.483805160411,0.0,-0.125364372879,0.490424250537,0.0,-0.225633356108,0.882863494855,0.0,0.032769419962,0.859998945357,0.0,-0.252442102343,0.918607350553,0.0,0.076008830214,0.892771195725,0.0,-0.247424914911,1.08517297472,0.0,0.011308751582,1.063871877124,0.0,0.555548116565,0.548724591732,-0.000327255577,-0.279027704382
407,1,0.203392231674,0.000318174839,0.0,-0.203392231674,-0.000318174839,0.0,-0.032393678523,0.482196780594,0.0,-0.122821747534,0.485106504884,0.0,-0.219100881031,0.868482678731,0.0,0.034238646998,0.848779391477,0.0,-0.243580504153,0.901654554134,0.0,0.077278080075,0.881074933378,0.0,-0.239819696649,1.06501691114,0.0,0.014304075599,1.051092756882,0.0,0.556095212698,0.550197869539,-0.000328399241,-0.280905822123
408,1,0.20367506969,-1.8054368e-05,0.0,-0.20367506969,1.8054368e-05,0.0,-0.031823121272,0.485421181341,0.0,-0.127365557205,0.486421756577,0.0,-0.213550275086,0.872830110508,0.0,0.021922703858,0.851104188583,0.0,-0.237965122775,0.90640995388,0.0,0.067926516667,0.882838640471,0.0,-0.238876387645,1.066185345917,0.0,0.012270988042,1.052102511195,0.0,0.556088685989,0.550797790289,-0.000329487026,-0.278968078786
409,1,0.199763975336,0.00063227685,0.0,-0.199763975336,-0.00063227685,0.0,-0.032324557718,0.481815417269,0.0,-0.126435336415,0.479526500874,0.0,-0.205616961607,0.864624547658,0.0,0.021933805824,0.842413769594,0.0,-0.231087171881,0.898951721726,0.0,0.070337275135,0.87363690422,0.0,-0.227920381743,1.05138545543,0.0,0.015468788282,1.041505400914,0.0,0.557028919458,0.551283508539,-0.000332880765,-0.281159832192
410,1,0.199202965321,0.000625489144,0.0,-0.199202965321,-0.000625489144,0.0,-0.03062637534,0.484228408263,0.0,-0.128456186783,0.478257569721,0.0,-0.201560667998,0.864400646218,0.0,0.019145674314,0.839016839374,0.0,-0.22635642807,0.897150099513,0.0,0.067049635992,0.862527679065,0.0,-0.213537772142,1.051142196146,0.0,0.028601093042,1.039407565833,0.0,0.557483315468,0.552017182112,-0.00033319369,-0.280970975859
411,1,0.198747899889,0.001214706322,0.0,-0.198747899889,-0.001214706322,0.0,-0.026833908603,0.488292263268,0.0,-0.128000186709,0.480638907586,0.0,-0.199765609465,0.871961073172,0.0,0.022286513566,0.840493570089,0.0,-0.224198553379,0.903507075503,0.0,0.069151205347,0.864157563619,0.0,-0.209016328559,1.058245346121,0.0,0.041647593364,1.042861846666,0.0,0.558412373066,0.553487956524,-0.000333774835,-0.278663880704
412,1,0.198030850476,0.000863401236,0.0,-0.198030850476,-0.000863401236,0.0,-0.024642012904,0.487038261483,0.0,-0.129997434574,0.479616294719,0.0,-0.198228522234,0.869240336171,0.0,0.025024348892,0.833026529026,0.0,-0.221750181941,0.899820178371,0.0,0.077454703483,0.855083882413,0.0,-0.20484572825,1.056216921376,0.0,0.042045230609,1.039989285547,0.0,0.558432877064,0.553356826305,-0.000329796225,-0.279521497764
413,1,0.197444638674,0.001432464014,0.0,-0.197444638674,-0.001432464014,0.0,-0.018804130447,0.484063281812,0.0,-0.125663027273,0.476134922369,0.0,-0.19329169856,0.86373794285,0.0,0.02885485463,0.827461473761,0.0,-0.216414370675,0.895088030086,0.0,0.080724941286,0.850242579452,0.0,-0.195425695594,1.049661958492,0.0,0.050865056537,1.030956808284,0.0,0.559739112854,0.553024947643,-0.00033036992,-0.281823665383
414,1,0.194279406057,0.001251040128,0.0,-0.194279406057,-0.001251040128,0.0,-0.017682326995,0.477208636116,0.0,-0.124011869704,0.470022902,0.0,-0.190031440928,0.852517961945,0.0,0.028573084632,0.814010631719,0.0,-0.213606416279,0.883921145361,0.0,0.077434282119,0.833321366213,0.0,-0.17877114079,1.036529261311,0.0,0.050049117001,1.014180390836,0.0,0.559756934643,0.552941352129,-0.000329054892,-0.285650028089
415,1,0.200973505012,0.001367755462,0.0,-0.200973505012,-0.001367755462,0.0,-0.015113671105,0.490049825359,0.0,-0.125622107489,0.483857963755,0.0,-0.191742305695,0.875102782081,0.0,0.029374059648,0.835415942535,0.0,-0.216051444375,0.91053818619,0.0,0.079760951267,0.855817697525,0.0,-0.179891563145,1.063566539955,0.0,0.047910275355,1.040173588821,0.0,0.560590445995,0.552900642157,-0.000334754586,-0.27857515647
416,1,0.199665582296,0.001321699957,0.0,-0.199665582296,-0.001321699957,0.0,-0.016146273392,0.48890776255,0.0,-0.126777447094,0.48295253639,0.0,-0.193419040063,0.872089772601,0.0,0.028451763112,0.831412658367,0.0,-0.21957538191,0.90664754195,0.0,0.074754158708,0.850738758743,0.0,-0.179852034365,1.061574338328,0.0,0.049337738345,1.037763891189,0.0,0.560223966837,0.552833378315,-0.000334825367,-0.279285448311
417,1,0.195895044213,0.001583765224,0.0,-0.195895044213,-0.001583765224,0.0,-0.012196594927,0.477642485646,0.0,-0.122232373178,0.471504120525,0.0,-0.186921554094,0.85123165855,0.0,0.028270698378,0.813203809117,0.0,-0.212368159088,0.885197167877,0.0,0.073690562287,0.834145768696,0.0,-0.172051769948,1.035613859808,0.0,0.044699686794,1.013243618331,0.0,0.560630261898,0.552338302135,-0.000333230942,-0.286362988251
418,1,0.200701219483,0.001405147334,0.0,-0.200701219483,-0.001405147334,0.0,-0.012412970605,0.487739987783,0.0,-0.12569138396,0.48371778155,0.0,-0.19149440478,0.874154117391,0.0,0.028230988041,0.834524459797,0.0,-0.218119327238,0.912030248424,0.0,0.075080044874,0.856270365854,0.0,-0.168087802155,1.062775914037,0.0,0.040891505294,1.039294407211,0.0,0.560597896576,0.552143424749,-0.00033763051,-0.279306499864
419,1,0.195697328832,0.001414985857,0.0,-0.195697328832,-0.001414985857,0.0,-0.012790556957,0.47645281736,0.0,-0.1223700538,0.473968652143,0.0,-0.188165224556,0.856744265717,0.0,0.024377477466,0.819788103068,0.0,-0.214295867827,0.895260214163,0.0,0.0696104298,0.842559304135,0.0,-0.165624700451,1.040884031026,0.0,0.031837495191,1.016718529808,0.0,0.560361176729,0.551983773708,-0.000336315483,-0.285262677757
420,1,0.190356819193,0.000886284491,0.0,-0.190356819193,-0.000886284491,0.0,-0.01556300067,0.465291200411,0.0,-0.123218423809,0.464320284521,0.0,-0.188735771007,0.837634079595,0.0,0.019925086556,0.801394914187,0.0,-0.213929621047,0.873213120084,0.0,0.063294702313,0.823587306534,0.0,-0.171444862262,1.017875509162,0.0,0.027400588299,0.993915646111,0.0,0.559246003628,0.551452159882,-0.000336185098,-0.292278369859
421,1,0.195007502728,0.000463850329,0.0,-0.195007502728,-0.000463850329,0.0,-0.017054383588,0.479509924557,0.0,-0.124630902775,0.477825778202,0.0,-0.194133267034,0.864067117924,0.0,0.019982425737,0.825156528701,0.0,-0.220327966505,0.901066752391,0.0,0.061884129059,0.852200611013,0.0,-0.193897895885,1.046235824139,0.0,0.026804847484,1.020893431373,0.0,0.558822542429,0.550588726997,-0.000332519412,-0.285397913385
422,1,0.19504326931,-4.8386343e-05,0.0,-0.19504326931,4.8386343e-05,0.0,-0.017548634174,0.479202216738,0.0,-0.123450419316,0.477123372932,0.0,-0.192072035652,0.862145058044,0.0,0.019464317148,0.824255325368,0.0,-0.218789621768,0.896895401513,0.0,0.067162221784,0.851619935749,0.0,-0.194120911141,1.045321810751,0.0,0.025802407857,1.019151562627,0.0,0.558584243059,0.550021380186,-0.000335332006,-0.286404777102
423,1,0.197579721619,-0.000902172726,0.0,-0.197579721619,0.000902172726,0.0,-0.006981602215,0.483051444867,0.0,-0.127752121006,0.482671460788,0.0,-0.193659675339,0.874307683225,0.0,0.018293759827,0.83789089326,0.0,-0.220406133638,0.906807374154,0.0,0.068809116971,0.866910098439,0.0,-0.198637993068,1.06296504184,0.0,0.023303655181,1.034932742679,0.0,0.557767033577,0.548875838518,-0.000342529267,-0.283133925197
424,1,0.202188334562,-0.001883180131,0.0,-0.202188334562,0.001883180131,0.0,0.005077184653,0.490968286275,0.0,-0.132216515859,0.489749983158,0.0,-0.191621554337,0.88600881446,0.0,0.016306714966,0.84918151907,0.0,-0.22142808025,0.920851475357,0.0,0.07016260395,0.881116672355,0.0,-0.1939626616,1.084543941213,0.0,0.02196774076,1.048038662394,0.0,0.556975007057,0.548338472843,-0.000343576074,-0.280238473237
425,1,0.186985967404,-0.003058894913,0.0,-0.186985967404,0.003058894913,0.0,0.021213713372,0.451738734533,0.0,-0.124199733324,0.450396423226,0.0,-0.164063554424,0.812976027708,0.0,0.010838370561,0.777391235025,0.0,-0.198173120281,0.844798169729,0.0,0.068037896472,0.806714294438,0.0,-0.16406819776,1.003820462964,0.0,0.016045679413,0.958554119391,0.0,0.555748835206,0.546720057726,-0.000342834741,-0.308078329905
426,1,0.20091552457,-0.003386032949,0.0,-0.20091552457,0.003386032949,0.0,0.04197202293,0.483218985157,0.0,-0.133871600524,0.47975656319,0.0,-0.150570137358,0.872154542675,0.0,0.00779731931,0.824249912763,0.0,-0.190163437023,0.902572547171,0.0,0.069050238031,0.855455390627,0.0,-0.157309596936,1.085836876695,0.0,0.014549288231,1.018149234184,0.0,0.554775983095,0.546441167593,-0.000354230404,-0.290653430472
427,1,0.193038892819,-0.003829922372,0.0,-0.193038892819,0.003829922372,0.0,0.059277442368,0.463897287187,0.0,-0.129597910468,0.459408418835,0.0,-0.114265933398,0.839649212808,0.0,0.006020525235,0.785849496604,0.0,-0.154773801272,0.867297053102,0.0,0.063502810344,0.816513450744,0.0,-0.113309062308,1.050044608159,0.0,-0.000174171603,0.971275159475,0.0,0.554170012474,0.545545607805,-0.000346286222,-0.305600608433
428,1,0.190384727951,-0.004600651665,0.0,-0.190384727951,0.004600651665,0.0,0.086965745965,0.457724514066,0.0,-0.131557028658,0.449673088324,0.0,-0.076679620159,0.83733001613,0.0,0.002489974791,0.771184948598,0.0,-0.130997212325,0.871658379809,0.0,0.051677343877,0.801636256037,0.0,-0.066489745478,1.040298532645,0.0,-0.017006775106,0.947847423575,0.0,0.553083240986,0.545056045055,-0.00035315752,-0.313346465597
429,1,0.19028376004,-0.004983851342,0.0,-0.19028376004,0.004983851342,0.0,0.112596776474,0.46422544347,0.0,-0.132049510704,0.450661108044,0.0,-0.044254608724,0.862966453801,0.0,0.001369868914,0.769900083317,0.0,-0.088933788407,0.902366790182,0.0,0.045607695242,0.799018248021,0.0,-0.000119651386,1.061215233129,0.0,-0.020756229952,0.945241602378,0.0,0.55208684504,0.54444283247,-0.000352259725,-0.315206034413
430,1,0.206231882236,-0.006124775859,0.0,-0.206231882236,0.006124775859,0.0,0.145223532884,0.512847742194,0.0,-0.144931896321,0.490289822319,0.0,0.001993563896,0.965120662631,0.0,0.003012812774,0.83539941351,0.0,-0.047712568038,1.005852467324,0.0,0.04561072425,0.86362236598,0.0,0.046217050845,1.165707250529,0.0,-0.001605837216,1.023427166003,0.0,0.55094461143,0.543986231089,-0.00034843944,-0.292161033201
431,1,0.204908373869,-0.006681844559,0.0,-0.204908373869,0.006681844559,0.0,0.17448591909,0.506516053679,0.0,-0.139539344838,0.484393888193,0.0,0.061755096072,0.946866030015,0.0,0.002556601385,0.829085389791,0.0,0.0181216812,0.998065065309,0.0,0.037780864774,0.854274410452,0.0,0.08308343283,1.15303371406,0.0,0.025477022529,1.01466504022,0.0,0.550242260098,0.54358369112,-0.00034272857,-0.296210397721
432,1,0.212211459461,-0.006790719339,0.0,-0.212211459461,0.006790719339,0.0,0.212121510655,0.522146271698,0.0,-0.140533271461,0.498334350876,0.0,0.121551372981,0.980716499236,0.0,0.000976141886,0.862041826156,0.0,0.066241374756,1.038852094808,0.0,0.031464216768,0.88918143731,0.0,0.164734485727,1.192174923086,0.0,0.052954710568,1.055475381887,0.0,0.550001382828,0.543615847826,-0.000336147845,-0.28692778158
433,1,0.21106714636,-0.007022405955,0.0,-0.21106714636,0.007022405955,0.0,0.244386423708,0.51821292597,0.0,-0.139297525055,0.49556459719,0.0,0.179154954387,0.973120237718,0.0,0.004630898191,0.862109923678,0.0,0.12968044375,1.029642162731,0.0,0.037921446856,0.892902937141,0.0,0.226220182679,1.191393322908,0.0,0.051075876306,1.051002454489,0.0,0.550046920776,0.543235599995,-0.000345773995,-0.288389339562
434,1,0.208672886536,-0.007451239957,0.0,-0.208672886536,0.007451239957,0.0,0.273484858162,0.516005009358,0.0,-0.138659271699,0.493480633241,0.0,0.224339231976,0.97237536923,0.0,0.004795389378,0.857376359568,0.0,0.187160287352,1.021172427482,0.0,0.04172887514,0.887527945733,0.0,0.277131792328,1.181817384044,0.0,0.049645894237,1.044131108412,0.0,0.550064399838,0.541778087616,-0.000342210755,-0.291638190643
435,1,0.214274728516,-0.009474049777,0.0,-0.214274728516,0.009474049777,0.0,0.300655653475,0.525505495192,0.0,-0.145468901018,0.505223795835,0.0,0.280498448584,0.996643062695,0.0,0.002028117539,0.880074535327,0.0,0.239012030298,1.046769271128,0.0,0.043161172746,0.909264924493,0.0,0.331290618572,1.210875192726,0.0,0.049192237959,1.073849122809,0.0,0.550047799945,0.540821105242,-0.000341910869,-0.284391429604
436,1,0.221256028242,-0.011158801089,0.0,-0.221256028242,0.011158801089,0.0,0.3215417679,0.537796867655,0.0,-0.154231702704,0.518529518553,0.0,0.325318554656,1.031131278516,0.0,0.000101984802,0.910598206557,0.0,0.293175192144,1.08472861343,0.0,0.044611220643,0.93967943217,0.0,0.373609222747,1.252542660726,0.0,0.055832141712,1.112099000774,0.0,0.550024211407,0.539175421,-0.000341942534,-0.275858674466
437,1,0.221814647877,-0.01157524316,0.0,-0.221814647877,0.01157524316,0.0,0.326175733551,0.534186940219,0.0,-0.156686884596,0.520086059575,0.0,0.346801881248,1.036002338637,0.0,-0.001913602808,0.912343949502,0.0,0.315306746694,1.087459144651,0.0,0.044616835481,0.939831120122,0.0,0.391817629772,1.255147878879,0.0,0.055319459742,1.119322614867,0.0,0.550030484796,0.537366390228,-0.000343194231,-0.275339352856
438,1,0.192751994942,-0.009794578822,0.0,-0.192751994942,0.009794578822,0.0,0.279804965169,0.459148950257,0.0,-0.136078201636,0.448318880751,0.0,0.300053685357,0.885372485766,0.0,-0.003848292326,0.788543601812,0.0,0.272666176087,0.922610381553,0.0,0.039128135258,0.811706515438,0.0,0.336392748968,1.079245605722,0.0,0.047562131846,0.969846014932,0.0,0.550215393305,0.537339806557,-0.000339400023,-0.317740800733
439,1,0.227005273297,-0.01153770527,0.0,-0.227005273297,0.01153770527,0.0,0.329675809376,0.537957572909,0.0,-0.160646516695,0.528054039068,0.0,0.345363325024,1.014659226991,0.0,-0.004682423488,0.927136194513,0.0,0.320609128562,1.054194734834,0.0,0.04698668022,0.954527505026,0.0,0.37219739611,1.2432612353,0.0,0.057826897536,1.141244456139,0.0,0.5502127707,0.537392437458,-0.0003403835,-0.269870564857
440,1,0.226624018269,-0.011150965058,0.0,-0.226624018269,0.011150965058,0.0,0.322628219182,0.537147123108,0.0,-0.160204951019,0.527578063245,0.0,0.325519777799,0.98596227447,0.0,-0.005050110488,0.925834660084,0.0,0.297132375505,1.022605003288,0.0,0.045907393777,0.953462756707,0.0,0.35433446872,1.2060358754,0.0,0.057316386031,1.139559027702,0.0,0.55027090013,0.537353634834,-0.000341437757,-0.270271643595
441,1,0.225646683289,-0.011008787054,0.0,-0.225646683289,0.011008787054,0.0,0.317096663925,0.534996504499,0.0,-0.159105175483,0.527830878557,0.0,0.309960858079,0.956808910219,0.0,-0.004575459034,0.925357622301,0.0,0.280102359404,0.988687582829,0.0,0.045716187338,0.953938478427,0.0,0.340598090396,1.174770481693,0.0,0.05708281554,1.138273105408,0.0,0.550471931696,0.537038981915,-0.000344155356,-0.270838479379
442,1,0.237806721516,-0.011576183188,0.0,-0.237806721516,0.011576183188,0.0,0.335094253644,0.567766358004,0.0,-0.166300399414,0.560575979041,0.0,0.321848449982,1.012059150147,0.0,-0.002283628395,0.982299995489,0.0,0.288761614095,1.048568713844,0.0,0.051804181656,1.014444889396,0.0,0.353686485885,1.227388230926,0.0,0.060425630521,1.205818495217,0.0,0.550969615579,0.537092119455,-0.000355271623,-0.255233698006
443,1,0.251189471195,-0.012499853805,0.0,-0.251189471195,0.012499853805,0.0,0.352784248144,0.600325348105,0.0,-0.175670209955,0.593613144487,0.0,0.336900903839,1.053745645589,0.0,-2.5538105e-05,1.038053898759,0.0,0.298340339023,1.094634249266,0.0,0.057718955205,1.072986818919,0.0,0.370059357494,1.279451912392,0.0,0.063366947736,1.273289950074,0.0,0.550989955664,0.53705060482,-0.000356936827,-0.241563761215
444,1,0.25558788972,-0.012894224377,0.0,-0.25558788972,0.012894224377,0.0,0.351094742768,0.607815619911,0.0,-0.17858926466,0.604939952201,0.0,0.334699311838,1.060051529858,0.0,0.000317108201,1.05613480655,0.0,0.30061800887,1.10397230479,0.0,0.05855057406,1.093448814778,0.0,0.351792468844,1.286240540208,0.0,0.064465651251,1.294202263788,0.0,0.551074251533,0.537129789591,-0.000355616212,-0.236974495144
445,1,0.250477167196,-0.012609860192,0.0,-0.250477167196,0.012609860192,0.0,0.335598102686,0.5955976128,0.0,-0.175205842327,0.59384667508,0.0,0.318917071749,1.032063926588,0.0,0.000214827254,1.036076009045,0.0,0.290417149526,1.072875306978,0.0,0.057284985528,1.073309279001,0.0,0.336551410189,1.254010887272,0.0,0.058010081479,1.269307722623,0.0,0.551028773189,0.537157058716,-0.00035700202,-0.241592924327
446,1,0.244478900804,-0.012574793915,0.0,-0.244478900804,0.012574793915,0.0,0.320266090353,0.57843835069,0.0,-0.168307245753,0.579754452032,0.0,0.310430281702,0.997727508244,0.0,0.000183133332,1.010769686866,0.0,0.281476534281,1.041770863736,0.0,0.054067600448,1.047952683334,0.0,0.32359382608,1.214022496546,0.0,0.056699079998,1.237904915007,0.0,0.551092073321,0.537296712399,-0.00036001578,-0.247276824549
447,1,0.249615250562,-0.012836446763,0.0,-0.249615250562,0.012836446763,0.0,0.326716973132,0.590099109856,0.0,-0.17138477201,0.592249835966,0.0,0.316019811138,1.012272546547,0.0,0.000865482106,1.031766377632,0.0,0.285536141168,1.053758357921,0.0,0.055460610081,1.069683966829,0.0,0.324996589085,1.239166646608,0.0,0.057546378898,1.262578091366,0.0,0.551138609648,0.537290275097,-0.00036018528,-0.242245722307
448,1,0.246810831411,-0.012681299098,0.0,-0.246810831411,0.012681299098,0.0,0.321583818474,0.583315306577,0.0,-0.168417987514,0.585969495191,0.0,0.30902222428,0.997509845934,0.0,0.000887324766,1.021007772616,0.0,0.281496908824,1.03638377022,0.0,0.054351379094,1.059545939244,0.0,0.316503294177,1.22757123628,0.0,0.05677078065,1.2494662851,0.0,0.551145255566,0.537256389856,-0.000359566882,-0.244981485629
449,1,0.242864165545,-0.012428129281,0.0,-0.242864165545,0.012428129281,0.0,0.31554928568,0.573449903081,0.0,-0.164844514705,0.576569501881,0.0,0.30260449454,0.985405215888,0.0,0.000932971398,1.003094272203,0.0,0.275699061934,1.024602102342,0.0,0.053463491795,1.041461770961,0.0,0.310096151339,1.209462207578,0.0,0.055805644351,1.229187033692,0.0,0.551144585013,0.537244915962,-0.000358773395,-0.249015141068
450,1,0.241845962009,-0.012319075792,0.0,-0.241845962009,0.012319075792,0.0,0.311763219244,0.569412892759,0.0,-0.163770389819,0.572565765952,0.0,0.299002070786,0.978546331454,0.0,0.000200412615,0.993642893109,0.0,0.271895135333,1.018480744095,0.0,0.052975972344,1.032671288577,0.0,0.304179991021,1.201438680481,0.0,0.054261418383,1.220111525612,0.0,0.550885379314,0.537295162678,-0.000362362713,-0.250716330935
451,1,0.245035857144,-0.012424547987,0.0,-0.245035857144,0.012424547987,0.0,0.314800323759,0.576808779479,0.0,-0.16452105875,0.579210423729,0.0,0.302057089571,0.992949388682,0.0,0.000874069443,1.006241504769,0.0,0.274591564239,1.033515360879,0.0,0.053748047035,1.045897288952,0.0,0.307282002201,1.215003720816,0.0,0.054675090384,1.234204835287,0.0,0.550838530064,0.537307143211,-0.000361699611,-0.247537380751
452,1,0.236900047439,-0.011879024075,0.0,-0.236900047439,0.011879024075,0.0,0.302177652441,0.557789084057,0.0,-0.158942593116,0.559493046716,0.0,0.287543059384,0.960662779595,0.0,-0.00035780193,0.971556002674,0.0,0.258507679829,0.99984694494,0.0,0.050570870241,1.009482193403,0.0,0.29724887999,1.175494615489,0.0,0.052474806684,1.192027564326,0.0,0.550505891442,0.53728339076,-0.0003610719,-0.256333573046
453,1,0.23687268496,-0.011853755676,0.0,-0.23687268496,0.011853755676,0.0,0.301604127505,0.557998552456,0.0,-0.157613941554,0.559596354401,0.0,0.286979391189,0.962096872725,0.0,-0.000603564976,0.973035223459,0.0,0.258129659723,1.001139887623,0.0,0.050176120271,1.010859946349,0.0,0.297559858472,1.175664461741,0.0,0.051263723196,1.194402067232,0.0,0.550465852022,0.537246912718,-0.000360552222,-0.256316820444
454,1,0.232482451555,-0.011826268678,0.0,-0.232482451555,0.011826268678,0.0,0.293990094323,0.548881362307,0.0,-0.155438988362,0.54994819289,0.0,0.277191114471,0.945355627606,0.0,-0.002245089506,0.95657004093,0.0,0.251030095942,0.984375556507,0.0,0.048473614386,0.994157924148,0.0,0.290485790262,1.15608291086,0.0,0.045977253689,1.172831350613,0.0,0.549922510982,0.53731444478,-0.000354140997,-0.260637135976
455,1,0.233992722099,-0.011627803427,0.0,-0.233992722099,0.011627803427,0.0,0.293634013879,0.553626936091,0.0,-0.157343387462,0.552111560213,0.0,0.275822198924,0.950326736156,0.0,-0.003569166438,0.95650500153,0.0,0.250749772924,0.989236936623,0.0,0.048084166054,0.989720992683,0.0,0.276260285747,1.162420288645,0.0,0.044678305329,1.175165948978,0.0,0.549534231424,0.537428826094,-0.00034998171,-0.259324058566
456,1,0.23442247296,-0.011676516601,0.0,-0.23442247296,0.011676516601,0.0,0.291579168608,0.555347940255,0.0,-0.156452534795,0.553405828698,0.0,0.272555968171,0.959751832136,0.0,-0.004326607049,0.958637808007,0.0,0.24902114282,0.997002402743,0.0,0.047118958078,0.991450253948,0.0,0.275708760138,1.176353375166,0.0,0.045843187323,1.175384969083,0.0,0.549336075783,0.537426203489,-0.000351347029,-0.258691396482
457,1,0.236461400535,-0.011743761086,0.0,-0.236461400535,0.011743761086,0.0,0.279894235318,0.563583620235,0.0,-0.157440135824,0.560681220745,0.0,0.274080927295,0.983695106177,0.0,-0.002545019698,0.970854144833,0.0,0.25248882352,1.021487844408,0.0,0.049446396715,1.003985559546,0.0,0.251106162365,1.208098377295,0.0,0.04645587618,1.189550296118,0.0,0.549517393112,0.537234395742,-0.000349542126,-0.255677355898
458,1,0.234488435393,-0.011737720577,0.0,-0.234488435393,0.011737720577,0.0,0.269848995845,0.559767552047,0.0,-0.154864246907,0.555918088894,0.0,0.250115472226,1.007555394602,0.0,-0.002371490632,0.966022917009,0.0,0.228484132315,1.038896105447,0.0,0.0490041257,0.997054506398,0.0,0.240452076756,1.227471514184,0.0,0.054602966779,1.180044011875,0.0,0.549552872777,0.537209540606,-0.000343838707,-0.257992491843
459,1,0.240052862156,-0.011842684057,0.0,-0.240052862156,0.011842684057,0.0,0.269496306525,0.576898193481,0.0,-0.155802990321,0.56950698625,0.0,0.238963003959,1.042589442867,0.0,-0.002418817938,0.990199585476,0.0,0.217168206187,1.074416804156,0.0,0.049434391953,1.021995949929,0.0,0.228929257357,1.284861891393,0.0,0.059227025767,1.211438669942,0.0,0.549591749907,0.537743091583,-0.000343538821,-0.25190340776
460,1,0.238975630597,-0.011840906684,0.0,-0.238975630597,0.011840906684,0.0,0.256518598954,0.579631112452,0.0,-0.151845451975,0.57329509434,0.0,0.223135230689,1.056705615318,0.0,0.001240783845,0.996473724931,0.0,0.212361872131,1.09046406167,0.0,0.053144593113,1.026605037332,0.0,0.205666852395,1.307553300748,0.0,0.062525682616,1.212293632618,0.0,0.550470247865,0.537778705359,-0.000340107828,-0.252114885362
461,1,0.240920725585,-0.012161432969,0.0,-0.240920725585,0.012161432969,0.0,0.236754184938,0.592905072846,0.0,-0.152657343542,0.582459534076,0.0,0.204485131618,1.103563256461,0.0,0.006273805317,1.009790247251,0.0,0.213420817192,1.139718080763,0.0,0.067806291797,1.040803357696,0.0,0.14335601278,1.350112446883,0.0,0.064658854308,1.235991993235,0.0,0.550863489509,0.537887632847,-0.000350708142,-0.249653260696
462,1,0.237057707573,-0.011857967533,0.0,-0.237057707573,0.011857967533,0.0,0.216540149294,0.588420790224,0.0,-0.147745831145,0.576175650146,0.0,0.156129239592,1.105417828102,0.0,0.009467385758,0.995360651754,0.0,0.18088617852,1.151464436486,0.0,0.071898459043,1.025606904927,0.0,0.082749401719,1.346225277677,0.0,0.062381515669,1.222269159542,0.0,0.5516397506,0.537753075361,-0.000342154875,-0.253476256881
463,1,0.240138483065,-0.012797992085,0.0,-0.240138483065,0.012797992085,0.0,0.206883240013,0.601314558013,0.0,-0.150066991692,0.58665154629,0.0,0.113201694639,1.156168455739,0.0,0.012652125294,1.011608621224,0.0,0.135135623238,1.214482253883,0.0,0.082835639777,1.045949456701,0.0,0.048550383961,1.370611960818,0.0,0.057034511795,1.241691002366,0.0,0.551746070385,0.5372582376,-0.000343853608,-0.249873462796
464,1,0.233015522384,-0.012637320426,0.0,-0.233015522384,0.012637320426,0.0,0.181244232096,0.595296235873,0.0,-0.145173256328,0.572482944005,0.0,0.079628949474,1.130540155247,0.0,0.018804904975,0.982606633879,0.0,0.101088510956,1.187239689685,0.0,0.089088885819,1.017022998932,0.0,-0.014830141805,1.334971930895,0.0,0.04366612424,1.20541175228,0.0,0.552407413721,0.536579877138,-0.000331960618,-0.257927289326
465,1,0.236016960926,-0.01274424588,0.0,-0.236016960926,0.01274424588,0.0,0.167241247511,0.608850189357,0.0,-0.150819798893,0.582512174944,0.0,0.033262034137,1.156135882267,0.0,0.023180953888,1.017663221356,0.0,0.046307655501,1.214160740057,0.0,0.092893602906,1.046782514341,0.0,-0.085768158431,1.360667424566,0.0,0.030912664597,1.240003336294,0.0,0.552409678698,0.536202073097,-0.000336611643,-0.254339112567
466,1,0.235736914876,-0.012492493447,0.0,-0.235736914876,0.012492493447,0.0,0.132002240729,0.61140025593,0.0,-0.153051413114,0.581039162266,0.0,-0.015562152214,1.149829571049,0.0,0.021259456696,1.015354248553,0.0,-0.006468307893,1.20411608586,0.0,0.092347623466,1.047184578598,0.0,-0.143176429081,1.363892788473,0.0,0.002039154321,1.232247427581,0.0,0.552613601089,0.53651574254,-0.000327495858,-0.254323622116
467,1,0.213898229098,-0.010461133994,0.0,-0.213898229098,0.010461133994,0.0,0.099096318317,0.554390519793,0.0,-0.138178588324,0.527037140974,0.0,-0.072381306108,1.038258305702,0.0,0.011923692381,0.927375713729,0.0,-0.084817807556,1.086643802003,0.0,0.080610828401,0.968747298479,0.0,-0.154347194267,1.236139987057,0.0,-0.044668244996,1.120219919561,0.0,0.552939862013,0.537291586399,-0.000327613205,-0.278897847869
468,1,0.199093011534,-0.007159912841,0.0,-0.199093011534,0.007159912841,0.0,0.067994211684,0.512753614229,0.0,-0.127209934719,0.48860941328,0.0,-0.134758529398,0.960789655591,0.0,0.003480814097,0.860854992152,0.0,-0.159035918524,1.00500813032,0.0,0.068947894942,0.900750941446,0.0,-0.154787874633,1.146455371958,0.0,-0.047810412095,1.039355504094,0.0,0.553210243583,0.538710385561,-0.000324785709,-0.298497201421
469,1,0.211946646799,-0.005438290553,0.0,-0.211946646799,0.005438290553,0.0,0.049015846588,0.540317064193,0.0,-0.13244147871,0.517231181471,0.0,-0.190983925719,1.019228416325,0.0,0.004689797522,0.892789256435,0.0,-0.222929674547,1.063617093636,0.0,0.071085569997,0.938039125557,0.0,-0.203275306674,1.218226566527,0.0,-0.028136380462,1.091966313945,0.0,0.55334495008,0.541030615568,-0.000317411497,-0.27885438632
470,1,0.213350607037,-0.005507421399,0.0,-0.213350607037,0.005507421399,0.0,0.035720390652,0.5495394855,0.0,-0.139952118086,0.53026920416,0.0,-0.222652565136,1.022419387836,0.0,0.008952789772,0.912481840443,0.0,-0.260596180271,1.073260442261,0.0,0.080310795519,0.953471289545,0.0,-0.256339370547,1.238073586102,0.0,0.011344521642,1.116888636009,0.0,0.552314549685,0.540896952152,-0.000305218622,-0.272188508465
471,1,0.203709367581,-0.003788849797,0.0,-0.203709367581,0.003788849797,0.0,0.018450224462,0.530749616686,0.0,-0.140099924113,0.514348873974,0.0,-0.241319847234,0.97696625454,0.0,0.007516325138,0.883102764141,0.0,-0.278320727088,1.021999270659,0.0,0.079974743095,0.920392502477,0.0,-0.26175546895,1.194352348576,0.0,0.01132993727,1.080791005255,0.0,0.551285400987,0.541603714228,-0.000305235386,-0.280423519625
472,1,0.19255522647,-0.002952852568,0.0,-0.19255522647,0.002952852568,0.0,0.010824127463,0.49868571831,0.0,-0.132714580634,0.485297670916,0.0,-0.237198602152,0.909433963383,0.0,0.007909670622,0.832471637453,0.0,-0.263313325508,0.950627754338,0.0,0.073285734002,0.864817525017,0.0,-0.295755704952,1.115313261119,0.0,0.023472805822,1.019446768628,0.0,0.551203176379,0.542045354843,-0.000291597098,-0.296504009939
473,1,0.215362511831,-0.002418396397,0.0,-0.215362511831,0.002418396397,0.0,0.004131195161,0.555275108674,0.0,-0.148469037919,0.542765041056,0.0,-0.266562148874,1.00839606713,0.0,0.013997970631,0.933097015101,0.0,-0.293343721267,1.055997826726,0.0,0.082045810907,0.967102298098,0.0,-0.328600420133,1.238244979069,0.0,0.030095460712,1.139286303138,0.0,0.550593405962,0.544266313314,-0.000292018056,-0.262249490416
474,1,0.216837392936,-0.000606318603,0.0,-0.216837392936,0.000606318603,0.0,-0.014174019921,0.554655703392,0.0,-0.144394050669,0.544974156994,0.0,-0.273947498978,1.000119314825,0.0,0.021829252308,0.93710864311,0.0,-0.305963697361,1.040172684912,0.0,0.083471566903,0.971421767732,0.0,-0.344816160989,1.221409503758,0.0,0.029571775253,1.144106412085,0.0,0.55042694509,0.546152412891,-0.000298447907,-0.259134130056
475,1,0.216750781115,-0.001088698247,0.0,-0.216750781115,0.001088698247,0.0,-0.021967644201,0.549606296302,0.0,-0.140603779965,0.542377137521,0.0,-0.262890148664,0.982257924026,0.0,0.02292752964,0.933290655304,0.0,-0.292387591539,1.026073370512,0.0,0.081627066023,0.966266274007,0.0,-0.320769193467,1.197688603886,0.0,0.029722865288,1.141289296211,0.0,0.55046659708,0.546804189682,-0.000300800428,-0.259124862607
476,1,0.214388284059,-0.001117586644,0.0,-0.214388284059,0.001117586644,0.0,-0.022789284496,0.538717859245,0.0,-0.139431769492,0.533553532006,0.0,-0.250008754194,0.962355031516,0.0,0.022189906511,0.922143542315,0.0,-0.277064665055,1.001497999963,0.0,0.076265526488,0.951506119223,0.0,-0.316726297529,1.166010806698,0.0,0.044205577884,1.128190226604,0.0,0.550342813134,0.546913295984,-0.00030178111,-0.261786771087
477,1,0.224695742013,-0.00118892698,0.0,-0.224695742013,0.00118892698,0.0,-0.023601907207,0.557748775688,0.0,-0.148499629308,0.555531084347,0.0,-0.254226053036,0.972481641893,0.0,0.028072138985,0.960842521755,0.0,-0.281335306769,1.008088584728,0.0,0.081435650176,0.992932570367,0.0,-0.295589302448,1.199581971418,0.0,0.047029568942,1.181600316103,0.0,0.550303518772,0.547193050385,-0.000304201618,-0.249713178842
478,1,0.218583237965,-0.001052632379,0.0,-0.218583237965,0.001052632379,0.0,-0.018666274201,0.538460732036,0.0,-0.145173167095,0.534581328601,0.0,-0.243766712423,0.931856406736,0.0,0.025355369558,0.924983391175,0.0,-0.267880591552,0.965914757228,0.0,0.079122576662,0.955916840955,0.0,-0.216487035606,1.154698448913,0.0,0.045792703545,1.150377544039,0.0,0.550405904651,0.547176361084,-0.000310841948,-0.256508393934
479,1,0.22674288578,-0.000611294672,0.0,-0.22674288578,0.000611294672,0.0,-0.018283284432,0.559977786609,0.0,-0.153369349908,0.555329523736,0.0,-0.253452767299,0.979157991996,0.0,0.020273718044,0.962720284331,0.0,-0.281909412739,1.016596609969,0.0,0.076723418556,0.9952111111,0.0,-0.195431027724,1.206069362462,0.0,0.046782217651,1.199178999171,0.0,0.550041213632,0.547376185656,-0.000313349999,-0.245957838987
480,1,0.226929249519,-0.000402363826,0.0,-0.226929249519,0.000402363826,0.0,-0.018688475511,0.558970095722,0.0,-0.153334816182,0.553013118716,0.0,-0.252747352044,0.971371149721,0.0,0.016294823801,0.963476217477,0.0,-0.281122262867,1.0076864288,0.0,0.075037512656,0.997722092748,0.0,-0.190387762275,1.203392694926,0.0,0.044415827499,1.202049052439,0.0,0.549949780107,0.54740190506,-0.00031265337,-0.245313533131
481,1,0.217945995465,-0.000355986594,0.0,-0.217945995465,0.000355986594,0.0,-0.016771215667,0.534099719545,0.0,-0.148829057243,0.528486542537,0.0,-0.24043137352,0.932648588448,0.0,0.007895819986,0.9252460275,0.0,-0.267685875152,0.968761567355,0.0,0.048657510091,0.958307859431,0.0,-0.174630442835,1.156618411467,0.0,0.04252277947,1.154524496222,0.0,0.549947664142,0.547389537096,-0.00031211786,-0.255422218736
482,1,0.218405628903,-0.000185223282,0.0,-0.218405628903,0.000185223282,0.0,-0.015856540405,0.535612960086,0.0,-0.149546329024,0.53027951244,0.0,-0.239553377154,0.939774372967,0.0,0.007405772057,0.927710171021,0.0,-0.267334295234,0.976141320363,0.0,0.049123484249,0.95992919338,0.0,-0.175026874572,1.162299494022,0.0,0.042427598262,1.157917553467,0.0,0.54990658164,0.547311276197,-0.000312197953,-0.254703814308
483,1,0.20973873736,-0.000224285091,0.0,-0.20973873736,0.000224285091,0.0,-0.015144484453,0.514890719119,0.0,-0.145254632377,0.511169389911,0.0,-0.231092932113,0.906515704879,0.0,0.008484344321,0.893870534008,0.0,-0.257195884661,0.943923978469,0.0,0.048353893192,0.924873721315,0.0,-0.181079160191,1.120618027019,0.0,0.04194362243,1.114792926202,0.0,0.549688592553,0.54728025198,-0.000304445624,-0.264425162522
484,1,0.216665200589,-0.000700229604,0.0,-0.216665200589,0.000700229604,0.0,-0.017028549625,0.532004987174,0.0,-0.151547816683,0.529890522587,0.0,-0.240287150927,0.941889837969,0.0,0.007458472631,0.92677828071,0.0,-0.267005848594,0.980730983394,0.0,0.049059209151,0.959167927571,0.0,-0.186496488706,1.161704262247,0.0,0.0418407035,1.154593627913,0.0,0.549378439784,0.54701769352,-0.000302498229,-0.255279594853
485,1,0.218603857495,-0.000707466317,0.0,-0.218603857495,0.000707466317,0.0,-0.016752367204,0.536239120567,0.0,-0.153140817129,0.53478419815,0.0,-0.242037400162,0.947655659919,0.0,0.017304579068,0.937605521621,0.0,-0.268601437175,0.984929431423,0.0,0.060769945229,0.970875845329,0.0,-0.196093373125,1.17228156715,0.0,0.044076798189,1.164920388943,0.0,0.549277022481,0.546791344881,-0.000303559937,-0.253384457813
486,1,0.218343912103,-0.001021588051,0.0,-0.218343912103,0.001021588051,0.0,-0.016805527661,0.534179475134,0.0,-0.150134543642,0.533135039318,0.0,-0.242159251474,0.941819235765,0.0,0.01584521849,0.932971174838,0.0,-0.268494406491,0.979010711737,0.0,0.059090063546,0.965663867144,0.0,-0.202534664198,1.167411748023,0.0,0.042357765903,1.158590167071,0.0,0.54889819026,0.546698719263,-0.000304552726,-0.254355411424
487,1,0.226383767305,-0.001104162266,0.0,-0.226383767305,0.001104162266,0.0,-0.015402178247,0.553079051303,0.0,-0.156193782681,0.552400593074,0.0,-0.251617222505,0.976445718627,0.0,0.020997093614,0.967893554958,0.0,-0.279192413759,1.014278315363,0.0,0.070507807254,1.002380190731,0.0,-0.212747169264,1.209694175777,0.0,0.044966050155,1.201576205969,0.0,0.548561707139,0.546568214893,-0.000306031667,-0.245725063528
488,1,0.225554494258,-0.001364963657,0.0,-0.225554494258,0.001364963657,0.0,-0.011950386269,0.548944790726,0.0,-0.157946465513,0.548959963679,0.0,-0.25236028517,0.970650523304,0.0,0.021188065322,0.961198737028,0.0,-0.280473117593,1.009875014879,0.0,0.068931567832,0.995457819566,0.0,-0.21432482325,1.202104767403,0.0,0.049529937081,1.193954483307,0.0,0.547861725092,0.546487361193,-0.000304856338,-0.247485947719
489,1,0.230650795816,-0.002068997533,0.0,-0.230650795816,0.002068997533,0.0,-0.008550189466,0.558503269339,0.0,-0.163499408966,0.558811155149,0.0,-0.258865510114,0.987936234183,0.0,0.01991078457,0.978646837543,0.0,-0.28779405974,1.029415471282,0.0,0.074709567749,1.012941990898,0.0,-0.220473934837,1.225990412074,0.0,0.038536775594,1.213950829718,0.0,0.547172531486,0.546217828989,-0.000303551555,-0.243734025388
490,1,0.228295419467,-0.002035838583,0.0,-0.228295419467,0.002035838583,0.0,0.001203171068,0.554776935755,0.0,-0.162614914885,0.554953136142,0.0,-0.256567616378,0.97919804935,0.0,0.02024608825,0.9734476411,0.0,-0.286178694862,1.018785690301,0.0,0.077756205017,1.011920633574,0.0,-0.228841640667,1.22346440466,0.0,0.034353704999,1.199667214841,0.0,0.546866819263,0.54620501399,-0.000303698704,-0.24694265089
491,1,0.238233444463,-0.002238928671,0.0,-0.238233444463,0.002238928671,0.0,0.001780761061,0.582755638153,0.0,-0.171752115647,0.58139635122,0.0,-0.266804518684,1.035202321468,0.0,0.020357682486,1.018617117326,0.0,-0.300148751389,1.07726783131,0.0,0.079960172838,1.057832307415,0.0,-0.23892147859,1.287090438114,0.0,0.043422980887,1.247230043835,0.0,0.546165511012,0.546278715134,-0.000301948749,-0.237973601608
492,1,0.233909679682,-0.002554726889,0.0,-0.233909679682,0.002554726889,0.0,0.014268452786,0.578210607841,0.0,-0.168546320965,0.574768880955,0.0,-0.254057882177,1.028613940686,0.0,0.017270852059,0.998200934399,0.0,-0.294035713288,1.069880057074,0.0,0.081927359644,1.040475295388,0.0,-0.229747848204,1.279237090858,0.0,0.037394265678,1.222196658793,0.0,0.546110540628,0.54636245966,-0.000306516886,-0.24285364911
493,1,0.234235635349,-0.002793833565,0.0,-0.234235635349,0.002793833565,0.0,0.029125757432,0.577624056932,0.0,-0.170815686316,0.569947392412,0.0,-0.23147435885,1.041377104227,0.0,-0.005105567447,0.984728538919,0.0,-0.287191889265,1.076414580925,0.0,0.063345663041,1.029781686636,0.0,-0.211319105593,1.289874738768,0.0,0.003513065308,1.209892475931,0.0,0.545417502522,0.546295642853,-0.00031269528,-0.245323779807
494,1,0.236991170334,-0.003010288177,0.0,-0.236991170334,0.003010288177,0.0,0.050611359614,0.58795816809,0.0,-0.173584674819,0.575927322907,0.0,-0.186957461609,1.068500144135,0.0,-0.005029151956,0.993520015802,0.0,-0.255123334151,1.109479182854,0.0,0.064014332727,1.039643736655,0.0,-0.170046984938,1.31976275793,0.0,-0.025339394004,1.220313791988,0.0,0.545469149947,0.546334087849,-0.000317040831,-0.242870625609
495,1,0.241253952301,-0.00333735912,0.0,-0.241253952301,0.00333735912,0.0,0.068968696988,0.605227849248,0.0,-0.176604949718,0.585096241911,0.0,-0.104051851858,1.115005639441,0.0,-0.006366257268,1.00631843561,0.0,-0.163852830663,1.160082135709,0.0,0.061616257978,1.051437615133,0.0,-0.120469767763,1.364845378324,0.0,-0.039733148193,1.234085719798,0.0,0.545248508453,0.546294361353,-0.000326626003,-0.240187836059
496,1,0.24912522606,-0.004436021933,0.0,-0.24912522606,0.004436021933,0.0,0.107503623858,0.633746010075,0.0,-0.178137154791,0.6118065496,0.0,-0.055983422314,1.170548105664,0.0,-0.003614387762,1.048034609655,0.0,-0.131097308646,1.218665204083,0.0,0.047393558413,1.080981764083,0.0,-0.022154439569,1.426107608216,0.0,-0.037899699463,1.26863972187,0.0,0.545291736722,0.546563953161,-0.000341007719,-0.23393632483
497,1,0.249229281451,-0.006997290727,0.0,-0.249229281451,0.006997290727,0.0,0.155506738822,0.631941572168,0.0,-0.174946911604,0.610916373545,0.0,0.001600426697,1.193155090161,0.0,0.007779957198,1.043528953742,0.0,-0.06986737353,1.255263209283,0.0,0.052956475815,1.076004815314,0.0,0.062356047663,1.437982503894,0.0,-0.004260735281,1.268926293615,0.0,0.54571723938,0.545368373394,-0.00034781557,-0.236083191977
498,1,0.248155898518,-0.009904258942,0.0,-0.248155898518,0.009904258942,0.0,0.199104487014,0.630740974927,0.0,-0.171587287238,0.613257024089,0.0,0.060555246288,1.185933895431,0.0,0.009249444289,1.05248531622,0.0,-0.019176804053,1.24964571297,0.0,0.044691349859,1.078322024842,0.0,0.131268735693,1.429366612355,0.0,0.042390258242,1.27309192355,0.0,0.546085745096,0.542306929827,-0.000340260158,-0.23866811425
499,1,0.24993846152,-0.011517766608,0.0,-0.24993846152,0.011517766608,0.0,0.242456520332,0.628898695546,0.0,-0.17071764408,0.608805484763,0.0,0.126082127176,1.183037747079,0.0,0.009553209174,1.062300921998,0.0,0.064483617162,1.243904349719,0.0,0.04479284337,1.092291443015,0.0,0.203053306894,1.426913567548,0.0,0.067357455576,1.278706931366,0.0,0.546154513955,0.541339337826,-0.00033529487,-0.239344563471
500,1,0.259039507519,-0.011829145786,0.0,-0.259039507519,0.011829145786,0.0,0.283728671827,0.647134824672,0.0,-0.176029004096,0.622393879022,0.0,0.208151682096,1.213349287611,0.0,0.009100731589,1.096720229285,0.0,0.143560046397,1.27287341866,0.0,0.045646538475,1.127504301756,0.0,0.257765146833,1.468042310342,0.0,0.065389235414,1.319173648402,0.0,0.545970633626,0.541372209787,-0.000342263374,-0.231943308134
501,1,0.260413211753,-0.01277587248,0.0,-0.260413211753,0.01277587248,0.0,0.311784375159,0.649277054184,0.0,-0.177885801744,0.622090081523,0.0,0.253583505449,1.211191934007,0.0,0.008547565873,1.097032968138,0.0,0.209110790893,1.268495054236,0.0,0.051010233039,1.130183516632,0.0,0.284645151044,1.465125616799,0.0,0.060514626018,1.317997879744,0.0,0.545375689864,0.540183961391,-0.000338761311,-0.232808474229
502,1,0.261453888686,-0.013863434674,0.0,-0.261453888686,0.013863434674,0.0,0.334380580268,0.648111272127,0.0,-0.178718310832,0.61725738558,0.0,0.300373498274,1.212601782361,0.0,0.006477896903,1.097691086464,0.0,0.271403418871,1.271668889011,0.0,0.051536048627,1.131230296465,0.0,0.311313695432,1.466773049716,0.0,0.060817520229,1.321074682836,0.0,0.544884696603,0.539910674095,-0.000315391226,-0.232241444675
503,1,0.260232926541,-0.014426013301,0.0,-0.260232926541,0.014426013301,0.0,0.351537970157,0.638362259748,0.0,-0.17800436985,0.611948486522,0.0,0.329605818477,1.205367626225,0.0,0.005785649192,1.088683069024,0.0,0.298541515485,1.258040180552,0.0,0.054300226978,1.12252829332,0.0,0.346943998472,1.458345670155,0.0,0.061880286642,1.315427355293,0.0,0.544700652361,0.539631485939,-0.000327930786,-0.233431340012
504,1,0.259974519283,-0.01462657868,0.0,-0.259974519283,0.01462657868,0.0,0.361349931758,0.633139761531,0.0,-0.178994129264,0.609018616212,0.0,0.339573890703,1.184239136223,0.0,0.003769933345,1.081645575555,0.0,0.303955523219,1.224462897186,0.0,0.053174636572,1.116773546243,0.0,0.352322804458,1.44555851611,0.0,0.064022800402,1.313252904018,0.0,0.544356718659,0.539791315794,-0.000325490721,-0.233667777575
505,1,0.259553881846,-0.0150465926,0.0,-0.259553881846,0.0150465926,0.0,0.370749580503,0.631231234118,0.0,-0.183081550507,0.60896445646,0.0,0.355934579948,1.162164738395,0.0,-0.000707727426,1.079736599726,0.0,0.328937837813,1.197890650452,0.0,0.05140009996,1.116094892046,0.0,0.366567525801,1.421505721438,0.0,0.059870371667,1.314370858505,0.0,0.543503150344,0.539644628763,-0.000323527493,-0.233562491638
506,1,0.272264410101,-0.017022400451,0.0,-0.272264410101,0.017022400451,0.0,0.383916875733,0.660535344734,0.0,-0.19659438746,0.637858491375,0.0,0.369353697344,1.186728891204,0.0,-0.005387222007,1.130561692422,0.0,0.332969904804,1.21580586763,0.0,0.049466030007,1.168109009515,0.0,0.392040480448,1.455325535374,0.0,0.063848057647,1.379190424957,0.0,0.542466774583,0.540250331163,-0.000322752632,-0.222097536835
507,1,0.270699912965,-0.016504650303,0.0,-0.270699912965,0.016504650303,0.0,0.380874919257,0.651288468677,0.0,-0.195372295784,0.633637163786,0.0,0.363703910187,1.139098831592,0.0,-0.008942291905,1.119533812612,0.0,0.329406173695,1.172730209317,0.0,0.047799037408,1.158853781493,0.0,0.392151400834,1.410310050869,0.0,0.061863528855,1.370215153157,0.0,0.542231366038,0.54038015008,-0.000322534703,-0.223441800437
508,1,0.268389119371,-0.016272365421,0.0,-0.268389119371,0.016272365421,0.0,0.371842482598,0.636625260367,0.0,-0.19361699341,0.628024088713,0.0,0.353756038902,1.092357790448,0.0,-0.011299548635,1.102395046805,0.0,0.317958633056,1.12852565379,0.0,0.046840066929,1.142456548017,0.0,0.389837700143,1.358795265153,0.0,0.059998579749,1.355796965676,0.0,0.542108014226,0.540418744087,-0.000323142856,-0.225413462639
509,1,0.268936675222,-0.015533607857,0.0,-0.268936675222,0.015533607857,0.0,0.365683288809,0.632811664375,0.0,-0.194885235249,0.627749166823,0.0,0.337306344195,1.073255836634,0.0,-0.013476645482,1.103036044026,0.0,0.301259386093,1.114456256765,0.0,0.043644809086,1.144314849849,0.0,0.384133056265,1.334642460255,0.0,0.05663247085,1.356663013764,0.0,0.541787475348,0.540650069714,-0.000322456472,-0.225079021264
510,1,0.269865298774,-0.015448325137,0.0,-0.269865298774,0.015448325137,0.0,0.360022843552,0.631081909616,0.0,-0.193404391343,0.627301492176,0.0,0.332848132924,1.076374176123,0.0,-0.015142904346,1.102092233988,0.0,0.290232638415,1.119908115998,0.0,0.0414477247,1.143892743846,0.0,0.37104577557,1.320494096523,0.0,0.054213877135,1.352048820442,0.0,0.541363164783,0.540673941374,-0.000313229393,-0.225258605243
511,1,0.272032624369,-0.015343503105,0.0,-0.272032624369,0.015343503105,0.0,0.354369268998,0.62921178823,0.0,-0.188906667099,0.62639515501,0.0,0.313671838925,1.068614233774,0.0,-0.017660440911,1.09558483792,0.0,0.278617848888,1.111772221145,0.0,0.037451656001,1.136377794114,0.0,0.36259772775,1.31023533182,0.0,0.050754758186,1.344742590068,0.0,0.540471166372,0.540691405535,-0.000320605934,-0.225562172653
512,1,0.273282954007,-0.015186255757,0.0,-0.273282954007,0.015186255757,0.0,0.346772997449,0.629033423102,0.0,-0.182722616349,0.625914176865,0.0,0.309244071016,1.075543011823,0.0,-0.017594019673,1.095146835365,0.0,0.269201948982,1.12167785729,0.0,0.035901370187,1.13996949538,0.0,0.356805182054,1.309331732056,0.0,0.047275316571,1.340154490338,0.0,0.539730593562,0.540639549494,-0.000312971417,-0.225711601621
513,1,0.275221670246,-0.015197785207,0.0,-0.275221670246,0.015197785207,0.0,0.335702657591,0.630114826629,0.0,-0.179904957864,0.626613068153,0.0,0.303429104529,1.077762457288,0.0,-0.018528860071,1.097055194307,0.0,0.263695731949,1.127699945601,0.0,0.034377372415,1.144661439422,0.0,0.351884733725,1.310371485763,0.0,0.045048239382,1.339281493736,0.0,0.539138421416,0.540656298399,-0.00030349195,-0.225328586497
514,1,0.277142046406,-0.015244316921,0.0,-0.277142046406,0.015244316921,0.0,0.326203380302,0.6327710175,0.0,-0.180995027814,0.630630020838,0.0,0.29687643884,1.083715344074,0.0,-0.018108342613,1.103764189569,0.0,0.262579221955,1.138552389895,0.0,0.034968192086,1.153162342366,0.0,0.347487272808,1.319015163969,0.0,0.045092462333,1.34735614465,0.0,0.538935601711,0.540439933538,-0.000297222752,-0.223858802416
515,1,0.281369174568,-0.015423719115,0.0,-0.281369174568,0.015423719115,0.0,0.323489026773,0.639652474827,0.0,-0.185713144992,0.638127043165,0.0,0.296281853845,1.096984709959,0.0,-0.018718435707,1.118283836155,0.0,0.261379006311,1.151566570061,0.0,0.035196064902,1.168568052181,0.0,0.348977762494,1.335494784671,0.0,0.042816749234,1.36440056824,0.0,0.538425266743,0.540446281433,-0.000296442071,-0.220963203072
516,1,0.282538650928,-0.014999206925,0.0,-0.282538650928,0.014999206925,0.0,0.317501628924,0.638684825085,0.0,-0.18733067086,0.634530192272,0.0,0.292521478557,1.091083559244,0.0,-0.021436061504,1.114792017824,0.0,0.257760916102,1.144988271331,0.0,0.03238951472,1.165426050072,0.0,0.344159782592,1.331576370551,0.0,0.040033393089,1.361563210107,0.0,0.53783018887,0.540246069431,-0.000301363645,-0.221438989552
517,1,0.282408234847,-0.014956795773,0.0,-0.282408234847,0.014956795773,0.0,0.313904753721,0.637264885097,0.0,-0.185964941235,0.63234682044,0.0,0.28823841066,1.091021442965,0.0,-0.022557184663,1.112795762449,0.0,0.25417887153,1.144887188997,0.0,0.029566830772,1.16342444762,0.0,0.338662210058,1.331064270976,0.0,0.037307348096,1.359144235618,0.0,0.537211567163,0.540257275105,-0.000298647676,-0.221823804547
518,1,0.285493522763,-0.014694472833,0.0,-0.285493522763,0.014694472833,0.0,0.312258764436,0.642135159726,0.0,-0.185928235159,0.637263049433,0.0,0.285672654405,1.099363202253,0.0,-0.024716246069,1.123363056945,0.0,0.251270321039,1.154149905391,0.0,0.028082028239,1.17767955642,0.0,0.336721387138,1.338691188458,0.0,0.032953868145,1.368570346453,0.0,0.536556810141,0.540056228638,-0.000297825783,-0.220441662784
519,1,0.288827494416,-0.01518418571,0.0,-0.288827494416,0.01518418571,0.0,0.314559025946,0.649984379032,0.0,-0.187664210812,0.645047708053,0.0,0.287222508174,1.110461133685,0.0,-0.026583448863,1.136688276424,0.0,0.248560042112,1.163434031112,0.0,0.026543334475,1.191888686105,0.0,0.338930501747,1.352631830032,0.0,0.031844731493,1.385121472187,0.0,0.536243483424,0.540212661028,-0.000294389785,-0.217679514211
520,1,0.293377675289,-0.015379549752,0.0,-0.293377675289,0.015379549752,0.0,0.315720596106,0.662260674987,0.0,-0.191854101629,0.655218181015,0.0,0.287784935073,1.126426186133,0.0,-0.029852031721,1.152126416825,0.0,0.248082726085,1.179842754712,0.0,0.024626171932,1.207507176867,0.0,0.337086557239,1.372955674028,0.0,0.029304973166,1.404207834174,0.0,0.535613909364,0.54021525383,-0.000293830895,-0.214695394853
521,1,0.288520658405,-0.015189459155,0.0,-0.288520658405,0.015189459155,0.0,0.310515762155,0.651369066355,0.0,-0.188379444937,0.642458011663,0.0,0.279800508065,1.106230504795,0.0,-0.029796373267,1.131130823217,0.0,0.243449888567,1.157850604872,0.0,0.023928863796,1.186957919937,0.0,0.329707794623,1.350286835588,0.0,0.028722775253,1.379966590601,0.0,0.535520255566,0.540068358183,-0.000291996519,-0.218243565644
522,1,0.28765324409,-0.015181064033,0.0,-0.28765324409,0.015181064033,0.0,0.308694576729,0.649567571101,0.0,-0.187808674225,0.641565979773,0.0,0.27671436664,1.103708077922,0.0,-0.030140626015,1.130652045179,0.0,0.241493360855,1.155339307034,0.0,0.023014144883,1.186623134289,0.0,0.327436156825,1.345267644187,0.0,0.027757231247,1.37636239097,0.0,0.535329043865,0.540128082037,-0.000292748533,-0.218772584184
523,1,0.288923290028,-0.015207187697,0.0,-0.288923290028,0.015207187697,0.0,0.306946532817,0.647678918426,0.0,-0.189012907005,0.641906829293,0.0,0.272984617008,1.102361316882,0.0,-0.032835888654,1.130199153691,0.0,0.236743277466,1.153847698351,0.0,0.01999336479,1.186144164237,0.0,0.325577621935,1.344943473047,0.0,0.024313104249,1.376262264954,0.0,0.53475125134,0.540114432573,-0.000292611443,-0.218867106326
524,1,0.277336463858,-0.014518705378,0.0,-0.277336463858,0.014518705378,0.0,0.295767671561,0.622112576954,0.0,-0.180395195379,0.616432265182,0.0,0.260346773183,1.058763209846,0.0,-0.031545979814,1.0847272493,0.0,0.22712508048,1.107265218357,0.0,0.018887115079,1.137289611389,0.0,0.312361131337,1.291717695249,0.0,0.023197417016,1.321581295142,0.0,0.534744277596,0.540051519871,-0.000308668474,-0.227975252815
525,1,0.290170854739,-0.015340712694,0.0,-0.290170854739,0.015340712694,0.0,0.309049846476,0.652411688406,0.0,-0.189348524539,0.646206007051,0.0,0.27077207557,1.109256915655,0.0,-0.034096398692,1.137508923598,0.0,0.233418584214,1.159085031523,0.0,0.016908222343,1.192102487888,0.0,0.326179964376,1.353888380098,0.0,0.023527707076,1.386025374612,0.0,0.534589007497,0.539944976568,-0.000306911068,-0.217645923675
526,1,0.292228237661,-0.015289688382,0.0,-0.292228237661,0.015289688382,0.0,0.314049656216,0.657713287317,0.0,-0.190780946395,0.650237385008,0.0,0.271634284238,1.111889447742,0.0,-0.034584078259,1.144375917122,0.0,0.235777524251,1.154071016837,0.0,0.016788315231,1.199125769703,0.0,0.327906750521,1.362258973826,0.0,0.023277448062,1.395228213072,0.0,0.534552335739,0.540154069662,-0.000306157162,-0.216185267859
527,1,0.294182470462,-0.015154206627,0.0,-0.294182470462,0.015154206627,0.0,0.317031508169,0.662350840959,0.0,-0.192566689313,0.653920783678,0.0,0.272495586871,1.118622037296,0.0,-0.034931638816,1.14827861196,0.0,0.237119260383,1.161308446372,0.0,0.016972361777,1.19729720699,0.0,0.329152542502,1.37074010643,0.0,0.022803667077,1.402424900873,0.0,0.534561365843,0.540272623301,-0.000305821188,-0.214794448403
528,1,0.296570844144,-0.015362466232,0.0,-0.296570844144,0.015362466232,0.0,0.321293449579,0.667837904059,0.0,-0.19640935455,0.660507725115,0.0,0.273598194804,1.127494530244,0.0,-0.036712434096,1.160227884185,0.0,0.235862668569,1.16904759577,0.0,0.013318799475,1.207294038694,0.0,0.330558202748,1.382034819243,0.0,0.022471662868,1.415070835028,0.0,0.534549176693,0.540235698223,-0.000309413997,-0.213083436065
529,1,0.295576581995,-0.015094733475,0.0,-0.295576581995,0.015094733475,0.0,0.327046297953,0.661565462987,0.0,-0.196792970725,0.657889774245,0.0,0.273382108113,1.125797605822,0.0,-0.03737487847,1.159169820959,0.0,0.236595895621,1.166039708633,0.0,0.013316167649,1.206206683393,0.0,0.330432785593,1.380602069178,0.0,0.022648803087,1.413947193532,0.0,0.534655049443,0.540089994669,-0.00031296676,-0.213417616406
530,1,0.293594111749,-0.015577347187,0.0,-0.293594111749,0.015577347187,0.0,0.335580342047,0.650440333545,0.0,-0.195232394903,0.656281246228,0.0,0.275115129187,1.123531118062,0.0,-0.03492767079,1.157808419899,0.0,0.238175566786,1.164134774103,0.0,0.015750918322,1.20383251429,0.0,0.332161618045,1.37945694747,0.0,0.025016968078,1.413263028072,0.0,0.535178571939,0.539708852768,-0.000311082695,-0.21376763641
531,1,0.294875278452,-0.015870807687,0.0,-0.294875278452,0.015870807687,0.0,0.34622491598,0.650170607261,0.0,-0.197189473034,0.654455308178,0.0,0.278962894832,1.121465310251,0.0,-0.036589901167,1.158455012314,0.0,0.242249105782,1.159316768026,0.0,0.016370558807,1.204276170578,0.0,0.334022169522,1.382197368229,0.0,0.022910439146,1.416303352346,0.0,0.535268127918,0.540347933769,-0.000313457102,-0.212894552374
532,1,0.294427138952,-0.016336984433,0.0,-0.294427138952,0.016336984433,0.0,0.359790875666,0.641301299681,0.0,-0.199817532451,0.652834834871,0.0,0.282505619955,1.116875491253,0.0,-0.038822568453,1.154455812456,0.0,0.246985877253,1.156954008727,0.0,0.01494513622,1.198264007774,0.0,0.334828906357,1.381024373959,0.0,0.022888527922,1.414744990312,0.0,0.535278171301,0.540317475796,-0.000314413104,-0.21315694953
533,1,0.294767168103,-0.017117893751,0.0,-0.294767168103,0.017117893751,0.0,0.374892742361,0.641731930663,0.0,-0.203255946038,0.658658345942,0.0,0.287969259992,1.11752946283,0.0,-0.037301273352,1.162673328306,0.0,0.252434516332,1.153709038402,0.0,0.017358227391,1.206864025215,0.0,0.341010626859,1.391391264862,0.0,0.025318944836,1.428553012357,0.0,0.535767287016,0.540184795856,-0.000315458979,-0.211674754692
534,1,0.294973452029,-0.01761869944,0.0,-0.294973452029,0.01761869944,0.0,0.383131879881,0.643508044593,0.0,-0.206235457973,0.659671109119,0.0,0.297124509803,1.116985482686,0.0,-0.036725711312,1.164044504351,0.0,0.260123515154,1.151274809146,0.0,0.019783478943,1.206073734472,0.0,0.346331901482,1.39829421501,0.0,0.027608259275,1.436521819021,0.0,0.536234050989,0.539938926697,-0.000315330923,-0.21067500819
535,1,0.289384318743,-0.01805255541,0.0,-0.289384318743,0.01805255541,0.0,0.382435248103,0.63312591482,0.0,-0.204515356662,0.649707834726,0.0,0.29706628387,1.098982039707,0.0,-0.033808330335,1.146624226898,0.0,0.260613732802,1.131276165309,0.0,0.022387624176,1.188265553078,0.0,0.344609222305,1.377139138646,0.0,0.029847845587,1.415268757064,0.0,0.536816954613,0.539678245783,-0.000312964898,-0.214098962742
536,1,0.286684246618,-0.018747035433,0.0,-0.286684246618,0.018747035433,0.0,0.39009282747,0.622260157332,0.0,-0.200918922688,0.642127344952,0.0,0.297865954971,1.088135593888,0.0,-0.030161827905,1.131976597579,0.0,0.263779122606,1.120549421653,0.0,0.028609493181,1.172736047602,0.0,0.343966526188,1.364075543257,0.0,0.033133581615,1.399954536567,0.0,0.537532240152,0.539463192225,-0.000308916904,-0.216596199305
537,1,0.286862555327,-0.019149802837,0.0,-0.286862555327,0.019149802837,0.0,0.394099415292,0.622291557208,0.0,-0.19975659407,0.644127405748,0.0,0.305601871615,1.088788061649,0.0,-0.029416781278,1.133223505822,0.0,0.274275722603,1.121372219876,0.0,0.030029484728,1.173161481072,0.0,0.345769576267,1.364812478965,0.0,0.035529784399,1.401625584084,0.0,0.537840038538,0.539372384548,-0.00030508684,-0.216645661063
538,1,0.284343103122,-0.020084799032,0.0,-0.284343103122,0.020084799032,0.0,0.391408972783,0.613074703634,0.0,-0.19627512593,0.638178765403,0.0,0.309956907214,1.079564234814,0.0,-0.030520787587,1.120094050787,0.0,0.283327560484,1.11268715501,0.0,0.029744891807,1.159575836545,0.0,0.343105518424,1.350719148633,0.0,0.036169276248,1.386449230895,0.0,0.53808054328,0.539063662291,-0.000301940367,-0.219245497151
539,1,0.286134504934,-0.020956203802,0.0,-0.286134504934,0.020956203802,0.0,0.397091554885,0.612726592457,0.0,-0.19458002163,0.640812650168,0.0,0.321367021348,1.082059484903,0.0,-0.029883867013,1.119918417102,0.0,0.292758320915,1.113211168832,0.0,0.03014954373,1.159041219176,0.0,0.34752692286,1.352301159617,0.0,0.039216578333,1.386913990533,0.0,0.538441389799,0.539353042841,-0.000300325453,-0.218965869185
540,1,0.290054826048,-0.022261441601,0.0,-0.290054826048,0.022261441601,0.0,0.406283017653,0.621612862733,0.0,-0.194942165267,0.65421546382,0.0,0.344805779093,1.104870119329,0.0,-0.028897090107,1.137044054189,0.0,0.312025760878,1.129679039465,0.0,0.031073480333,1.176008877541,0.0,0.357097838248,1.370884235893,0.0,0.042363160268,1.405744772967,0.0,0.538741260767,0.539111196995,-0.000300372485,-0.216356739693
541,1,0.289977010699,-0.023060762488,0.0,-0.289977010699,0.023060762488,0.0,0.407117909363,0.619762600054,0.0,-0.193286987818,0.652980915593,0.0,0.361032011893,1.103780828731,0.0,-0.027519221505,1.138978878073,0.0,0.342171443398,1.127841637407,0.0,0.034712813726,1.175299675282,0.0,0.358593797491,1.370136184461,0.0,0.042411106011,1.403536076474,0.0,0.538983121514,0.539269447327,-0.000296575949,-0.216652876806
542,1,0.291711259999,-0.023744409228,0.0,-0.291711259999,0.023744409228,0.0,0.410538111721,0.622396922102,0.0,-0.193244067387,0.658238218091,0.0,0.376232812017,1.111251348889,0.0,-0.026537104608,1.144844993819,0.0,0.360744400107,1.133119212831,0.0,0.037047251485,1.180413905914,0.0,0.363932950862,1.378677579849,0.0,0.043837491613,1.410433393955,0.0,0.539204359055,0.539532542229,-0.000298108906,-0.215543489602
543,1,0.291344801625,-0.023775475515,0.0,-0.291344801625,0.023775475515,0.0,0.416181630609,0.623636055455,0.0,-0.188968836807,0.659818547829,0.0,0.38806548599,1.121199899077,0.0,-0.022258222041,1.14953489165,0.0,0.376387592948,1.140487329397,0.0,0.041945950202,1.18459738114,0.0,0.369259798191,1.385014736172,0.0,0.048569009551,1.414444522561,0.0,0.540242791176,0.539540052414,-0.000296681188,-0.215161569936
544,1,0.290666459041,-0.02349343878,0.0,-0.290666459041,0.02349343878,0.0,0.415489159622,0.620047328159,0.0,-0.185410039372,0.656038659191,0.0,0.39285473501,1.115159641114,0.0,-0.020358745913,1.143803999177,0.0,0.380964112509,1.133900492131,0.0,0.044189128562,1.177632998436,0.0,0.377531772127,1.376714796801,0.0,0.051287798125,1.407064520278,0.0,0.541080519557,0.539444178343,-0.000294386409,-0.21652296409
545,1,0.290348691972,-0.023650035181,0.0,-0.290348691972,0.023650035181,0.0,0.419254989544,0.617980793113,0.0,-0.178682752943,0.653421454503,0.0,0.39953023047,1.111022492104,0.0,-0.015444813278,1.140698829079,0.0,0.387181121107,1.128226952074,0.0,0.047441540887,1.173627138378,0.0,0.386195965591,1.37083663826,0.0,0.056683368361,1.402904477929,0.0,0.542389824986,0.53937548399,-0.000294860452,-0.217507484391
546,1,0.293000801195,-0.02369104865,0.0,-0.293000801195,0.02369104865,0.0,0.423770819362,0.622838981337,0.0,-0.178541743183,0.658621253673,0.0,0.409020853972,1.119576163381,0.0,-0.013860383286,1.150922461732,0.0,0.397815969516,1.136438825895,0.0,0.050109767299,1.184278513244,0.0,0.39269195452,1.382276182212,0.0,0.05644758268,1.412872617978,0.0,0.54295219481,0.539398103952,-0.000294104218,-0.215967329494
547,1,0.295301448035,-0.023680522336,0.0,-0.295301448035,0.023680522336,0.0,0.426739754256,0.6281620405,0.0,-0.179594730824,0.664820421677,0.0,0.412056298318,1.127519106588,0.0,-0.013710259029,1.159329298819,0.0,0.399377767041,1.144935994588,0.0,0.050981754258,1.193050849779,0.0,0.398287786503,1.393580019317,0.0,0.057141534581,1.423750235728,0.0,0.543036550283,0.539345175028,-0.000294266269,-0.214361815927
548,1,0.295233746763,-0.023689200396,0.0,-0.295233746763,0.023689200396,0.0,0.429512600927,0.629873149572,0.0,-0.176919456646,0.665185295527,0.0,0.414999652003,1.12944929237,0.0,-0.010669287609,1.16087384985,0.0,0.401731282743,1.147217863431,0.0,0.05395807676,1.194734380683,0.0,0.40340260328,1.396129062392,0.0,0.060318116927,1.425838302559,0.0,0.543702170253,0.539344847202,-0.000294576399,-0.214050548582
549,1,0.294278693345,-0.023605718619,0.0,-0.294278693345,0.023605718619,0.0,0.428042397793,0.627607899418,0.0,-0.176038430821,0.664247516779,0.0,0.413121645033,1.125079603486,0.0,-0.010439145035,1.15999063342,0.0,0.400111188056,1.143054304999,0.0,0.053916961044,1.195230957734,0.0,0.403257239366,1.390871489522,0.0,0.059592087506,1.421090005202,0.0,0.543752089143,0.539334475994,-0.000294421799,-0.214855514903
550,1,0.29433726165,-0.023674315669,0.0,-0.29433726165,0.023674315669,0.0,0.428947336796,0.629351977228,0.0,-0.175422188155,0.665330106914,0.0,0.414805356926,1.126674891283,0.0,-0.008305827581,1.163539827363,0.0,0.400922699903,1.14412143274,0.0,0.057100447554,1.197864843313,0.0,0.407874579023,1.392483863316,0.0,0.060469978676,1.423763362878,0.0,0.543902397156,0.53933557868,-0.000293926336,-0.214677337226
551,1,0.291595782391,-0.023536091869,0.0,-0.291595782391,0.023536091869,0.0,0.42581547816,0.625024645732,0.0,-0.173258799742,0.659463817182,0.0,0.411983178075,1.122061677928,0.0,-0.007426825186,1.155121145067,0.0,0.397746249196,1.140027031156,0.0,0.056631229143,1.190121122661,0.0,0.405694491882,1.38125107342,0.0,0.061338309794,1.41269533072,0.0,0.544070899487,0.539328306913,-0.000294391066,-0.216393949887
552,1,0.291646452915,-0.023600641794,0.0,-0.291646452915,0.023600641794,0.0,0.425938230296,0.627555442804,0.0,-0.173154348506,0.660976709683,0.0,0.412047426683,1.126739455593,0.0,-0.007470330546,1.157811874777,0.0,0.397478811161,1.145060908553,0.0,0.055997336513,1.192944000096,0.0,0.406398810378,1.384818923781,0.0,0.061339910889,1.415646895247,0.0,0.544062569737,0.538871228695,-0.000296503305,-0.216280684615
553,1,0.292910117217,-0.023610497411,0.0,-0.292910117217,0.023610497411,0.0,0.427480139951,0.630322652723,0.0,-0.173705179582,0.663427200509,0.0,0.413503337762,1.134307408697,0.0,-0.00742290555,1.156485612235,0.0,0.39884325846,1.15349895635,0.0,0.059596656049,1.193026336682,0.0,0.404045547991,1.392797354826,0.0,0.062240912182,1.42124476774,0.0,0.544059514999,0.538881033659,-0.00029532332,-0.215335861161
554,1,0.292301918911,-0.023863554802,0.0,-0.292301918911,0.023863554802,0.0,0.426574148585,0.629568464979,0.0,-0.173227970548,0.661564744898,0.0,0.412287623244,1.132335020872,0.0,-0.007122333727,1.154179312489,0.0,0.397619127409,1.151016348138,0.0,0.061144151297,1.189665683748,0.0,0.399185828086,1.38981380192,0.0,0.062259532768,1.41896457434,0.0,0.544058531523,0.538800567389,-0.000294649974,-0.215732426239
555,1,0.291537170411,-0.023769682563,0.0,-0.291537170411,0.023769682563,0.0,0.425376925492,0.628135174103,0.0,-0.172775701868,0.659462945796,0.0,0.40490230689,1.125884113369,0.0,-0.007387851966,1.149345288438,0.0,0.383312707206,1.145565486039,0.0,0.060381282358,1.183889860466,0.0,0.39746574684,1.38467408826,0.0,0.062514241717,1.415126905693,0.0,0.544059947133,0.53881534934,-0.000290571712,-0.216291017733
556,1,0.290555642669,-0.023498173756,0.0,-0.290555642669,0.023498173756,0.0,0.423963108728,0.626375933889,0.0,-0.171960510053,0.657816672311,0.0,0.401343564012,1.115527710825,0.0,-0.008410736255,1.144910253165,0.0,0.377654521357,1.138641398492,0.0,0.05691397242,1.180095814637,0.0,0.396117411427,1.375445253829,0.0,0.062399288966,1.409254470531,0.0,0.544021576643,0.538839757442,-0.00028915517,-0.216878842835
557,1,0.293741415469,-0.023704560328,0.0,-0.293741415469,0.023704560328,0.0,0.428704913787,0.633591438162,0.0,-0.173414877576,0.665616199244,0.0,0.401701957884,1.1253717398,0.0,-0.008409769134,1.157714194161,0.0,0.372305601433,1.150879758432,0.0,0.057645417685,1.193441485575,0.0,0.403223439082,1.391180397579,0.0,0.063907838744,1.42536174847,0.0,0.544044032693,0.538825064898,-0.000289300457,-0.21444617647
558,1,0.291626004513,-0.023394141029,0.0,-0.291626004513,0.023394141029,0.0,0.424706555086,0.629829234209,0.0,-0.171683502477,0.660824325259,0.0,0.399102743954,1.119208618985,0.0,-0.007854992283,1.151204951682,0.0,0.368831217237,1.14486854609,0.0,0.0574847329,1.186884758968,0.0,0.403662788743,1.384445050526,0.0,0.065471445681,1.417540482282,0.0,0.544171899557,0.538839668036,-0.000287380535,-0.215620298865
559,1,0.292100694278,-0.021987092122,0.0,-0.292100694278,0.021987092122,0.0,0.422263642256,0.633877002594,0.0,-0.171482898903,0.66507212484,0.0,0.401067880377,1.124567432459,0.0,-0.007427987402,1.156889898928,0.0,0.372772731985,1.150867974151,0.0,0.058348723761,1.192798916271,0.0,0.405599565832,1.389213706108,0.0,0.066554393004,1.423768691031,0.0,0.544335797429,0.538236558437,-0.000287471339,-0.215082216881
560,1,0.291554059181,-0.02145041408,0.0,-0.291554059181,0.02145041408,0.0,0.41676019384,0.632571400708,0.0,-0.171256929758,0.663545752696,0.0,0.401118577854,1.120064557435,0.0,-0.006861093525,1.156174177551,0.0,0.374733833699,1.14905277791,0.0,0.05962034119,1.191818263497,0.0,0.405579070532,1.385519226641,0.0,0.067628525302,1.422466365424,0.0,0.544368892908,0.538127034903,-0.000287806615,-0.215354788011
561,1,0.294689615657,-0.021179777368,0.0,-0.294689615657,0.021179777368,0.0,0.415382962049,0.643138358354,0.0,-0.172626606409,0.670851203468,0.0,0.405930187634,1.132921672815,0.0,-0.004126144365,1.16913455038,0.0,0.379943705917,1.162847545787,0.0,0.065456930126,1.205466188077,0.0,0.400806696232,1.402985296511,0.0,0.069364810732,1.438903234405,0.0,0.544491097331,0.538260370493,-0.000289846677,-0.212801794057
562,1,0.301229864498,-0.019590945978,0.0,-0.301229864498,0.019590945978,0.0,0.420223792891,0.664545498303,0.0,-0.174954850107,0.68480355724,0.0,0.416779358469,1.15847066174,0.0,-0.002069310769,1.193594295131,0.0,0.390497371217,1.189259565016,0.0,0.069798967446,1.2304423661,0.0,0.41239334503,1.434964559303,0.0,0.072598062834,1.469691105057,0.0,0.544827893376,0.538733154535,-0.000293176621,-0.208044849733
563,1,0.300082568729,-0.018963949629,0.0,-0.300082568729,0.018963949629,0.0,0.414900274682,0.665548607304,0.0,-0.176296896166,0.681533791656,0.0,0.415542963263,1.157434628318,0.0,-0.001622556843,1.188619219286,0.0,0.389855392585,1.193847465927,0.0,0.070298075899,1.225711980042,0.0,0.411463709703,1.429548260233,0.0,0.071315820702,1.464077685046,0.0,0.544929519296,0.538848698139,-0.000301130582,-0.208902828389
564,1,0.300122926584,-0.018039202767,0.0,-0.300122926584,0.018039202767,0.0,0.413812884399,0.670784478569,0.0,-0.17636768268,0.680474471158,0.0,0.415623853914,1.151477518867,0.0,-0.001600491221,1.182493600349,0.0,0.388787371922,1.186585869183,0.0,0.071585451685,1.21801862634,0.0,0.412658749859,1.424723152074,0.0,0.072243285541,1.458991016184,0.0,0.544931411743,0.540002763271,-0.000314624049,-0.208850160154
565,1,0.299333423362,-0.017640849117,0.0,-0.299333423362,0.017640849117,0.0,0.409428019065,0.670158971329,0.0,-0.177490274272,0.673557660496,0.0,0.410761997441,1.13713430474,0.0,-0.003660000788,1.162767486233,0.0,0.377630190892,1.170369667325,0.0,0.070196677051,1.19720649188,0.0,0.412831978622,1.412375993166,0.0,0.066452706134,1.447336624954,0.0,0.544889852405,0.541901737452,-0.000315105543,-0.209222843622
566,1,0.298266200663,-0.018885384358,0.0,-0.298266200663,0.018885384358,0.0,0.404106883404,0.666200221998,0.0,-0.180102644825,0.671924219351,0.0,0.406298553921,1.131143469763,0.0,-0.006282675177,1.156315080517,0.0,0.374550653176,1.164379189355,0.0,0.06717102939,1.190772135458,0.0,0.409391381853,1.405424308975,0.0,0.059041578117,1.439996139325,0.0,0.54437699914,0.542541444302,-0.00031459704,-0.209803448338
567,1,0.296112147755,-0.018777909557,0.0,-0.296112147755,0.018777909557,0.0,0.397623112754,0.660934383277,0.0,-0.178803555751,0.667494304878,0.0,0.397780919794,1.122802166359,0.0,-0.006710395338,1.148183856311,0.0,0.366524548998,1.154530548024,0.0,0.063763774881,1.182439689066,0.0,0.394362331361,1.395445064975,0.0,0.058213310645,1.428901285651,0.0,0.54438123107,0.542514711618,-0.00031201262,-0.211326432307
568,1,0.297154920009,-0.018763230326,0.0,-0.297154920009,0.018763230326,0.0,0.396440278357,0.658601892971,0.0,-0.180905332704,0.667385509756,0.0,0.392932246839,1.114385666073,0.0,-0.010484608752,1.144456079031,0.0,0.358134396167,1.14707737224,0.0,0.054552456684,1.179571931435,0.0,0.394927125994,1.392022471823,0.0,0.055633521551,1.427441518782,0.0,0.544130563736,0.54248586297,-0.000310236122,-0.21133292785
569,1,0.299103408034,-0.018877613982,0.0,-0.299103408034,0.018877613982,0.0,0.39884807403,0.660062689751,0.0,-0.18329901005,0.670047014335,0.0,0.393114580029,1.119024068872,0.0,-0.012030989315,1.146864091449,0.0,0.357956279252,1.152262470657,0.0,0.053314978878,1.180940421853,0.0,0.40260444741,1.39728209039,0.0,0.057541164501,1.430585078965,0.0,0.543793857098,0.542452245951,-0.000308978837,-0.210412361116
570,1,0.298948694532,-0.018573309519,0.0,-0.298948694532,0.018573309519,0.0,0.396291738085,0.657063070312,0.0,-0.183520149333,0.668322654191,0.0,0.388241141265,1.117888425865,0.0,-0.013508291952,1.143973354685,0.0,0.354887860995,1.15212318104,0.0,0.051597874283,1.177896285991,0.0,0.394601867576,1.392119283391,0.0,0.05495697782,1.424480833716,0.0,0.543442890048,0.54252192378,-0.000306138303,-0.210836725178
571,1,0.298299634112,-0.018503199492,0.0,-0.298299634112,0.018503199492,0.0,0.394087643665,0.655751484102,0.0,-0.183080149696,0.666595883152,0.0,0.387546438841,1.116873578628,0.0,-0.013666299791,1.141094446921,0.0,0.354766265465,1.151857366371,0.0,0.051682030841,1.174821362498,0.0,0.391522586923,1.388390389006,0.0,0.055287714583,1.420650389851,0.0,0.543401777744,0.542514562607,-0.000305713154,-0.211411720102
572,1,0.296773613022,-0.018423806902,0.0,-0.296773613022,0.018423806902,0.0,0.387988393585,0.650578605036,0.0,-0.184182174009,0.662093117079,0.0,0.381462878485,1.108018892508,0.0,-0.01634995511,1.13295548248,0.0,0.348584719846,1.142274209061,0.0,0.047792612357,1.16662288706,0.0,0.385552658328,1.378817415647,0.0,0.053240242201,1.410299947932,0.0,0.54281668365,0.542342096567,-0.000300474465,-0.213006987927
573,1,0.295359786242,-0.019020686008,0.0,-0.295359786242,0.019020686008,0.0,0.383651568694,0.64738206147,0.0,-0.18415710024,0.65871955388,0.0,0.372799446634,1.103737616182,0.0,-0.018520387625,1.128208150413,0.0,0.34382148347,1.139308747493,0.0,0.045047084033,1.161910068747,0.0,0.380865886093,1.371673210339,0.0,0.050259897411,1.404013189797,0.0,0.542208105326,0.542673498392,-0.000300435349,-0.213614778199
574,1,0.295051675007,-0.01900191674,0.0,-0.295051675007,0.01900191674,0.0,0.38173365935,0.647323186301,0.0,-0.184667224911,0.659473512058,0.0,0.362706498585,1.103614933753,0.0,-0.019913560766,1.12789187541,0.0,0.33243765749,1.139741783325,0.0,0.043578369687,1.162313567808,0.0,0.379187220638,1.371378166506,0.0,0.049120618648,1.403602373509,0.0,0.541891977191,0.542669832706,-0.000301937107,-0.213683054558
575,1,0.296556500442,-0.01908218232,0.0,-0.296556500442,0.01908218232,0.0,0.380146526666,0.650643952962,0.0,-0.186839731267,0.663038412009,0.0,0.358228138837,1.108473425589,0.0,-0.022586950005,1.13353750213,0.0,0.327445558036,1.143561171332,0.0,0.041081968855,1.168307218506,0.0,0.378127670641,1.378031754595,0.0,0.047078573685,1.410266202502,0.0,0.541334241629,0.54257401824,-0.000300522894,-0.212720204011
576,1,0.29428439113,-0.018995916935,0.0,-0.29428439113,0.018995916935,0.0,0.374203443638,0.643414461851,0.0,-0.185385990891,0.655417329901,0.0,0.351929981563,1.097837924482,0.0,-0.024253847906,1.122324208131,0.0,0.321161343339,1.132443451874,0.0,0.037854703024,1.15582991423,0.0,0.372432187549,1.363497760131,0.0,0.044163693029,1.396291245932,0.0,0.540929362178,0.542546361685,-0.000300287502,-0.21482836658
577,1,0.293459868475,-0.018956295397,0.0,-0.293459868475,0.018956295397,0.0,0.371193759591,0.641401006072,0.0,-0.184888207367,0.653664637811,0.0,0.348503092687,1.09534196056,0.0,-0.025584735616,1.119092729443,0.0,0.318773315427,1.129829116733,0.0,0.035649268225,1.152513278246,0.0,0.368475059623,1.359370884544,0.0,0.041452631034,1.392369551792,0.0,0.540673136711,0.542538255453,-0.000301191583,-0.215315122347
578,1,0.292580935256,-0.018919632471,0.0,-0.292580935256,0.018919632471,0.0,0.368277557892,0.640000726383,0.0,-0.185248928126,0.652306836396,0.0,0.343265501851,1.094970190117,0.0,-0.027141476303,1.115997282944,0.0,0.314610311313,1.129860750778,0.0,0.03226794026,1.149617207569,0.0,0.365614470494,1.356279529501,0.0,0.037992708054,1.388441261161,0.0,0.540363281965,0.54252627492,-0.000300950138,-0.215782771849
579,1,0.292993965816,-0.018724971489,0.0,-0.292993965816,0.018724971489,0.0,0.366249850852,0.640907180971,0.0,-0.187324894491,0.652448354891,0.0,0.341132264146,1.095069068987,0.0,-0.029307881926,1.115860926638,0.0,0.312365426571,1.129413154811,0.0,0.030204509194,1.14896206153,0.0,0.363911820624,1.357161455951,0.0,0.03583579278,1.38911610197,0.0,0.539886295795,0.542404234409,-0.000300764805,-0.215649773988
580,1,0.292957449513,-0.018710438652,0.0,-0.292957449513,0.018710438652,0.0,0.36532981314,0.639601282995,0.0,-0.185674502737,0.651176328661,0.0,0.340677359259,1.094429384051,0.0,-0.02961949496,1.117077858749,0.0,0.311954763133,1.12854677726,0.0,0.02941871012,1.149516010817,0.0,0.365274262207,1.356282387542,0.0,0.036607995802,1.388319522675,0.0,0.53975866735,0.542572379112,-0.000300909393,-0.21566754935
581,1,0.298284133305,-0.018961080514,0.0,-0.298284133305,0.018961080514,0.0,0.370938396594,0.651486686166,0.0,-0.189904811345,0.662437890195,0.0,0.344900919856,1.11395325112,0.0,-0.030303730399,1.13873919784,0.0,0.31527420519,1.148670449194,0.0,0.029479500653,1.173134127987,0.0,0.383754030243,1.381293336342,0.0,0.036721249007,1.41342929769,0.0,0.539560347795,0.542598217726,-0.000303984154,-0.211956938744
582,1,0.298156584018,-0.018916635152,0.0,-0.298156584018,0.018916635152,0.0,0.369786553379,0.65199796472,0.0,-0.190053099514,0.661644052658,0.0,0.342173496101,1.114875642751,0.0,-0.0309097824,1.137818456474,0.0,0.312808851717,1.14905574726,0.0,0.028092524756,1.172418762123,0.0,0.380629343829,1.380076491758,0.0,0.038394474768,1.412346310202,0.0,0.539387702942,0.542591094971,-0.000304167159,-0.212204442251
583,1,0.300291663319,-0.018862048588,0.0,-0.300291663319,0.018862048588,0.0,0.371623579167,0.65667213103,0.0,-0.192500354598,0.664255565239,0.0,0.341145952973,1.122004394155,0.0,-0.032601086423,1.14443957768,0.0,0.31177786734,1.154806094193,0.0,0.026049399507,1.180130621114,0.0,0.37917051255,1.385737097675,0.0,0.037210760267,1.417927725966,0.0,0.53893725574,0.542562663555,-0.000305416761,-0.211469226668
584,1,0.299463521451,-0.018542295952,0.0,-0.299463521451,0.018542295952,0.0,0.367647817629,0.651539062999,0.0,-0.193065612267,0.658313469037,0.0,0.33537075154,1.112933564182,0.0,-0.0348763574,1.134589924154,0.0,0.306199785828,1.145226278132,0.0,0.023190059903,1.170025902149,0.0,0.372408958714,1.373932617858,0.0,0.0349502656,1.405717894034,0.0,0.538366481662,0.542561858892,-0.000305594411,-0.213310952998
585,1,0.299298092442,-0.018138170667,0.0,-0.299298092442,0.018138170667,0.0,0.367672727461,0.650350569509,0.0,-0.193226716611,0.656094111957,0.0,0.333725166017,1.111085691463,0.0,-0.035398723919,1.132437304931,0.0,0.302329468518,1.14330968792,0.0,0.022302615631,1.167656961692,0.0,0.371296204056,1.371615779231,0.0,0.034234194459,1.403603995793,0.0,0.538262084126,0.542619615793,-0.000305566005,-0.213614162219
586,1,0.299719326231,-0.017334123905,0.0,-0.299719326231,0.017334123905,0.0,0.36802417823,0.651127136664,0.0,-0.193903800629,0.654327394221,0.0,0.335498456818,1.11045895974,0.0,-0.036189137429,1.131510069796,0.0,0.305333308993,1.142395130654,0.0,0.021666608589,1.166554145585,0.0,0.368555136393,1.372592976893,0.0,0.03161670318,1.403083033168,0.0,0.538114845753,0.542799949646,-0.000301627442,-0.21362820448
587,1,0.298534401303,-0.017024267114,0.0,-0.298534401303,0.017024267114,0.0,0.37024702809,0.648446641061,0.0,-0.194591650586,0.651552321867,0.0,0.340579215896,1.10474547214,0.0,-0.037498232971,1.125896564797,0.0,0.307140061045,1.135577428244,0.0,0.023188170789,1.160565734898,0.0,0.364442151011,1.371005209925,0.0,0.030027950542,1.397827352445,0.0,0.537800565362,0.542840659618,-0.000296965474,-0.21445291461
588,1,0.297190417545,-0.01658268987,0.0,-0.297190417545,0.01658268987,0.0,0.378991888331,0.645809255529,0.0,-0.194516208456,0.648575573726,0.0,0.338496055919,1.093001457937,0.0,-0.037430731372,1.118962566968,0.0,0.304605960029,1.120448248913,0.0,0.023839743933,1.153526186765,0.0,0.362430920576,1.365167100272,0.0,0.030297714734,1.392338283272,0.0,0.537786528468,0.542771220207,-0.000295542413,-0.215400973879
589,1,0.296616567358,-0.016540367141,0.0,-0.296616567358,0.016540367141,0.0,0.393610900511,0.644673406947,0.0,-0.195915875869,0.647287350379,0.0,0.341441245714,1.092331818221,0.0,-0.037781422433,1.117671641327,0.0,0.305489569859,1.119525511722,0.0,0.025722417164,1.15211326302,0.0,0.36162382534,1.365326330301,0.0,0.029820009893,1.391024208912,0.0,0.537700757384,0.54282310605,-0.000295871403,-0.215575557156
590,1,0.29597135651,-0.016788473986,0.0,-0.29597135651,0.016788473986,0.0,0.403245983783,0.634573140662,0.0,-0.19925221261,0.643429835599,0.0,0.342648308433,1.091587720032,0.0,-0.039179716129,1.114851987143,0.0,0.305643381453,1.119791228685,0.0,0.029507000228,1.150806105755,0.0,0.362898894733,1.364433070052,0.0,0.027492444154,1.390065663546,0.0,0.537286356091,0.542923241854,-0.00029535545,-0.215659549697
591,1,0.290608400466,-0.017207239444,0.0,-0.290608400466,0.017207239444,0.0,0.41823572584,0.615411777425,0.0,-0.202002918826,0.635783839835,0.0,0.33908141362,1.07445944572,0.0,-0.042741159527,1.103697110176,0.0,0.298655546784,1.103093102961,0.0,0.025515480243,1.139814337579,0.0,0.365693108222,1.349652071377,0.0,0.022739669612,1.377011057582,0.0,0.536529764533,0.542266368866,-0.000295924954,-0.218185919785
592,1,0.289207879969,-0.017986134691,0.0,-0.289207879969,0.017986134691,0.0,0.437871813868,0.606666982071,0.0,-0.204032802268,0.633161390366,0.0,0.342705668517,1.066729003497,0.0,-0.043807719211,1.104016731807,0.0,0.297504969823,1.094487235883,0.0,0.024168040353,1.140495787547,0.0,0.375009542311,1.345667493119,0.0,0.02005364545,1.377926971882,0.0,0.536198064685,0.542091906071,-0.000296290498,-0.218172045087
593,1,0.290111958551,-0.018959617319,0.0,-0.290111958551,0.018959617319,0.0,0.446288110406,0.610313933109,0.0,-0.210847399702,0.635877283174,0.0,0.342494754261,1.072900813624,0.0,-0.048114184591,1.111231837874,0.0,0.29516928404,1.099599604912,0.0,0.020132805924,1.147371592336,0.0,0.377626996804,1.352040088908,0.0,0.016811585439,1.387435053225,0.0,0.535475045443,0.541454017162,-0.000296395738,-0.217118073262
594,1,0.290417383612,-0.019853166248,0.0,-0.290417383612,0.019853166248,0.0,0.454224027025,0.609004219632,0.0,-0.211577024547,0.63886051904,0.0,0.348382307327,1.07507736851,0.0,-0.04869090391,1.114797157334,0.0,0.300023280438,1.101122780521,0.0,0.019409107379,1.150770044982,0.0,0.376338655416,1.353808204697,0.0,0.015981862678,1.391239044437,0.0,0.53535041213,0.540784090757,-0.000294966623,-0.217044895172
595,1,0.289611302881,-0.021074511797,0.0,-0.289611302881,0.021074511797,0.0,0.459886241733,0.60989145517,0.0,-0.212493371327,0.640450567215,0.0,0.350813476053,1.077311441187,0.0,-0.049859307861,1.115935426352,0.0,0.301091065553,1.102744995369,0.0,0.017997064635,1.151201722564,0.0,0.375484218394,1.355515408056,0.0,0.022649928809,1.392330098455,0.0,0.534917324781,0.540307879448,-0.000293177553,-0.217262902528
596,1,0.287743713248,-0.021002512499,0.0,-0.287743713248,0.021002512499,0.0,0.472384547637,0.604866192485,0.0,-0.211301485132,0.634845678449,0.0,0.355062116184,1.076667204922,0.0,-0.046876467319,1.110117879669,0.0,0.306560838539,1.103155939987,0.0,0.020875562518,1.144458902383,0.0,0.370594436185,1.34713492082,0.0,0.024427173333,1.379980800151,0.0,0.534589722753,0.540267437696,-0.000287256204,-0.219379869347
597,1,0.287865108773,-0.021122623961,0.0,-0.287865108773,0.021122623961,0.0,0.485380047604,0.604163454085,0.0,-0.211697217771,0.634560140209,0.0,0.360001453872,1.078491666634,0.0,-0.047526718284,1.109528448724,0.0,0.308586247605,1.103915800636,0.0,0.020488500053,1.143455978032,0.0,0.368286190442,1.34960488306,0.0,0.023611886051,1.379769744776,0.0,0.534429609776,0.54020178318,-0.000285301358,-0.219572938845
598,1,0.285217754251,-0.021376578455,0.0,-0.285217754251,0.021376578455,0.0,0.487565908564,0.598076692845,0.0,-0.209739862497,0.628701355598,0.0,0.359956965669,1.074196146918,0.0,-0.048013617118,1.099721671228,0.0,0.310158461966,1.093570615436,0.0,0.019346988051,1.132336215445,0.0,0.36725279457,1.336271652299,0.0,0.022320522428,1.367422542484,0.0,0.534213289618,0.5400647223,-0.000285651069,-0.221778431402
599,1,0.271587047145,-0.020542518434,0.0,-0.271587047145,0.020542518434,0.0,0.468724663867,0.567457788847,0.0,-0.200430406679,0.598294839358,0.0,0.347274990107,1.027168119728,0.0,-0.046224438725,1.046526024031,0.0,0.298283063114,1.043429199225,0.0,0.018962073881,1.076941094119,0.0,0.353130160271,1.273001382037,0.0,0.020137225419,1.301375089866,0.0,0.533972099423,0.540051281452,-0.000295479316,-0.233062148752
600,1,0.273052897339,-0.021247691315,0.0,-0.273052897339,0.021247691315,0.0,0.470693953097,0.570645878813,0.0,-0.202703402693,0.604545187722,0.0,0.351809158914,1.035611949259,0.0,-0.048137884054,1.054967345334,0.0,0.304330886689,1.050773234039,0.0,0.017327237798,1.083987175093,0.0,0.354497315361,1.281434159194,0.0,0.018304421429,1.310584056885,0.0,0.533557981253,0.540189564228,-0.000292447396,-0.231420190671
601,1,0.274432323956,-0.02146327414,0.0,-0.274432323956,0.02146327414,0.0,0.466711374204,0.570743742794,0.0,-0.206359148749,0.606052982135,0.0,0.354256213533,1.038433180603,0.0,-0.051992900142,1.057742040849,0.0,0.307692041122,1.052569535685,0.0,0.013189810664,1.086985903648,0.0,0.351205698837,1.282553412614,0.0,0.006549079793,1.314466072094,0.0,0.532809510827,0.540271341801,-0.000288980082,-0.230709212473
602,1,0.274577759266,-0.020946242187,0.0,-0.274577759266,0.020946242187,0.0,0.465656597111,0.572714981498,0.0,-0.205491640136,0.608023980625,0.0,0.357646057905,1.037743102116,0.0,-0.052110270727,1.061119582728,0.0,0.311421482473,1.053152931931,0.0,0.012959288754,1.09203053956,0.0,0.355956542392,1.283859152449,0.0,0.004839269002,1.319611447341,0.0,0.532734334469,0.539971739054,-0.0002892958,-0.23046094523
603,1,0.268648821082,-0.020710085076,0.0,-0.268648821082,0.020710085076,0.0,0.45405772434,0.561691229685,0.0,-0.199775726859,0.596041737306,0.0,0.349119785638,1.017741780472,0.0,-0.051575487195,1.03948345374,0.0,0.304594222503,1.032676464713,0.0,0.012036798266,1.069513766682,0.0,0.337980581709,1.257962268018,0.0,0.003879242287,1.292589620354,0.0,0.532580584288,0.539642065763,-0.000296277925,-0.235538111415
604,1,0.268573080058,-0.020940200249,0.0,-0.268573080058,0.020940200249,0.0,0.45203805499,0.562706989906,0.0,-0.197749232202,0.597150210894,0.0,0.348815913247,1.02258005292,0.0,-0.051404756626,1.040682578441,0.0,0.306006782402,1.040219351728,0.0,0.012002656991,1.070557033065,0.0,0.328672128996,1.264573381514,0.0,0.003825478497,1.294372950771,0.0,0.532568097115,0.539263874292,-0.000294507481,-0.235599764645
605,1,0.270318681239,-0.022036557832,0.0,-0.270318681239,0.022036557832,0.0,0.448593701938,0.56669458412,0.0,-0.198792278344,0.601903198099,0.0,0.34781042676,1.03258364855,0.0,-0.053300457121,1.049296014155,0.0,0.305809991191,1.049500155221,0.0,0.008061856127,1.080709078787,0.0,0.328051961205,1.27593225692,0.0,0.006908700613,1.303282075391,0.0,0.532178327441,0.538829743862,-0.00029416848,-0.234458115365
606,1,0.26637062212,-0.020967260653,0.0,-0.26637062212,0.020967260653,0.0,0.439672197891,0.5622853018,0.0,-0.193983244412,0.596819657761,0.0,0.342788041367,1.024609508479,0.0,-0.052238487838,1.041086366572,0.0,0.305848085712,1.042801299229,0.0,0.007503018633,1.073401250264,0.0,0.323216297123,1.265403674663,0.0,0.006929449967,1.291766245989,0.0,0.532028779387,0.537663042545,-0.000301881693,-0.237454766285
607,1,0.267281035237,-0.020977521909,0.0,-0.267281035237,0.020977521909,0.0,0.437832239003,0.56500399698,0.0,-0.189355049933,0.599369207704,0.0,0.343904807443,1.033997929349,0.0,-0.05285381212,1.048488848762,0.0,0.310875604057,1.053413224273,0.0,0.005323223194,1.086094775726,0.0,0.32371363209,1.274085320195,0.0,0.006624553607,1.297864863722,0.0,0.531942397356,0.537653237581,-0.00030611176,-0.236342718251
608,1,0.26655953784,-0.021088375393,0.0,-0.26655953784,0.021088375393,0.0,0.43534644936,0.565634475095,0.0,-0.190902941418,0.599213386953,0.0,0.342269574565,1.033558523845,0.0,-0.054462285712,1.046182282952,0.0,0.309536632785,1.052915761122,0.0,0.004086355617,1.081450614199,0.0,0.320139365342,1.273246096903,0.0,0.004592778111,1.296407426688,0.0,0.531493112445,0.537630349398,-0.000312911347,-0.236454211482
609,1,0.262076804758,-0.020823369491,0.0,-0.262076804758,0.020823369491,0.0,0.428051619559,0.559033465421,0.0,-0.18909470845,0.590331512237,0.0,0.336738869024,1.020181187522,0.0,-0.0539754378,1.030847516508,0.0,0.305425898003,1.039613745518,0.0,0.003312862487,1.062556476422,0.0,0.315265301689,1.257405647221,0.0,0.003733227582,1.280116555481,0.0,0.531257018447,0.537415474653,-0.000313539058,-0.239629433969
610,1,0.253365181595,-0.019747549385,0.0,-0.253365181595,0.019747549385,0.0,0.413088592719,0.541691980206,0.0,-0.183230431711,0.571592169968,0.0,0.325772460703,0.99022449191,0.0,-0.052545711343,1.001047495246,0.0,0.296939859226,1.011095824783,0.0,0.002466257969,1.035163290029,0.0,0.3048989572,1.220414035794,0.0,0.003569661652,1.242193656814,0.0,0.531058773398,0.537084192038,-0.00031592045,-0.247136432587
611,1,0.253562801748,-0.019771647137,0.0,-0.253562801748,0.019771647137,0.0,0.410753111678,0.545273590418,0.0,-0.186115544597,0.575363886702,0.0,0.324420001257,0.996184895058,0.0,-0.054306262466,1.008522183486,0.0,0.29608673171,1.018442589417,0.0,0.000456669207,1.046381255998,0.0,0.304497405138,1.227998848552,0.0,0.001551170669,1.250427877287,0.0,0.530374571681,0.53703379631,-0.000316847116,-0.245606750961
612,1,0.253092316017,-0.019641255674,0.0,-0.253092316017,0.019641255674,0.0,0.405929318382,0.545611274616,0.0,-0.185207356846,0.576508145707,0.0,0.323088159191,0.989900603641,0.0,-0.053807594782,1.01032077612,0.0,0.297564646409,1.016178464023,0.0,0.001875712915,1.048594733729,0.0,0.303259715359,1.224637959218,0.0,-0.001478105321,1.25205986886,0.0,0.52986638248,0.537067174911,-0.000316907652,-0.245024977442
613,1,0.25245381348,-0.018863683633,0.0,-0.25245381348,0.018863683633,0.0,0.396429255659,0.55046794192,0.0,-0.185808112737,0.576286498043,0.0,0.321240881576,0.99154207373,0.0,-0.053691622927,1.012131675555,0.0,0.296873471813,1.018486779892,0.0,0.001278591112,1.05070627629,0.0,0.30239706831,1.22724949487,0.0,0.003401672849,1.253700001826,0.0,0.529269948602,0.537102162838,-0.000316955149,-0.244473511141
614,1,0.252573047709,-0.018120029383,0.0,-0.252573047709,0.018120029383,0.0,0.379685632087,0.556358669255,0.0,-0.185580847427,0.577702254041,0.0,0.320086166134,0.994163166585,0.0,-0.053450284626,1.014493033175,0.0,0.297085447947,1.021904961156,0.0,0.00160737661,1.053498200259,0.0,0.302491089227,1.231197180879,0.0,0.004902327506,1.256368737707,0.0,0.529049634933,0.537016928196,-0.000317378901,-0.243776680835
615,1,0.251791247408,-0.017350766635,0.0,-0.251791247408,0.017350766635,0.0,0.361703605082,0.561070130522,0.0,-0.185839218724,0.5771447016,0.0,0.312050137801,0.99268227568,0.0,-0.055199272424,1.012109255634,0.0,0.290490428169,1.022769974451,0.0,0.000501445371,1.050937825902,0.0,0.298287854859,1.228402613977,0.0,0.001283885689,1.253553248613,0.0,0.52823549509,0.537232488394,-0.000328767113,-0.244150105881
616,1,0.248540230157,-0.016588433423,0.0,-0.248540230157,0.016588433423,0.0,0.344655929831,0.557421776594,0.0,-0.184407777775,0.570186075047,0.0,0.305228668354,0.978404684876,0.0,-0.056611119687,0.999106053559,0.0,0.283477598529,1.008697884424,0.0,-0.002496352144,1.037185781066,0.0,0.295777022452,1.213057450809,0.0,-0.00026856741,1.237797687955,0.0,0.527695596218,0.537104696035,-0.000335100107,-0.24745809196
617,1,0.248370200315,-0.015611129226,0.0,-0.248370200315,0.015611129226,0.0,0.335836956285,0.564449735766,0.0,-0.184370552689,0.573685962752,0.0,0.30356926018,0.98187340396,0.0,-0.057819287487,1.003193915701,0.0,0.282143336289,1.012259842967,0.0,-0.004244346616,1.041263380713,0.0,0.297485145917,1.217390196778,0.0,-0.000151364127,1.242147096339,0.0,0.527327746153,0.536453008652,-0.00033575017,-0.247098934664
618,1,0.248206871053,-0.015630837721,0.0,-0.248206871053,0.015630837721,0.0,0.328954883267,0.566766525991,0.0,-0.18334968298,0.574767632177,0.0,0.299228118347,0.98115104958,0.0,-0.059025675797,1.003586476068,0.0,0.280724744813,1.013928426512,0.0,-0.004456797846,1.042759132294,0.0,0.296488596032,1.217010196718,0.0,-0.004417413287,1.242418795026,0.0,0.527023181319,0.536457419395,-0.000335442834,-0.246684416018
619,1,0.243882892289,-0.01543412705,0.0,-0.243882892289,0.01543412705,0.0,0.317354800411,0.561974556403,0.0,-0.180628359127,0.570158173254,0.0,0.290742088996,0.969567355292,0.0,-0.056795008282,0.991749953534,0.0,0.274647428178,1.003466181664,0.0,-0.002867254792,1.031331251767,0.0,0.291161725015,1.200951131537,0.0,-0.002610757634,1.225529132209,0.0,0.526754781604,0.535852611065,-0.000335239805,-0.250272567855
620,1,0.237564568886,-0.014838860067,0.0,-0.237564568886,0.014838860067,0.0,0.302014767857,0.550897233677,0.0,-0.177178165657,0.55897291621,0.0,0.278474757324,0.949214160766,0.0,-0.057774079497,0.969833419949,0.0,0.264484596951,0.982493384379,0.0,-0.00552900151,1.005975550185,0.0,0.281912270419,1.173867949556,0.0,-0.002705899507,1.198922048725,0.0,0.526168197393,0.535418063402,-0.000334979035,-0.256060578477
621,1,0.239774537339,-0.015160680449,0.0,-0.239774537339,0.015160680449,0.0,0.302099412127,0.555804793878,0.0,-0.178038392559,0.564119751924,0.0,0.280736704681,0.958645126204,0.0,-0.058527613316,0.976623636545,0.0,0.259617516304,0.991998882129,0.0,-0.005794259082,1.011640949034,0.0,0.283646339732,1.184173915665,0.0,-0.002983608824,1.209055938579,0.0,0.526108160615,0.53594955802,-0.000333972275,-0.25320811671
622,1,0.235268728725,-0.014810182632,0.0,-0.235268728725,0.014810182632,0.0,0.294828817536,0.545598670476,0.0,-0.173383009114,0.553850916255,0.0,0.272699853515,0.940861162069,0.0,-0.054776762623,0.963513878297,0.0,0.253074224,0.974079738501,0.0,-0.002452149368,1.001806831393,0.0,0.27912676566,1.162548267001,0.0,0.000138072775,1.18770685966,0.0,0.526283472776,0.535933792591,-0.000327071175,-0.257934812732
623,1,0.229561067863,-0.014336996006,0.0,-0.229561067863,0.014336996006,0.0,0.286248681025,0.53148703224,0.0,-0.168250406745,0.541661601676,0.0,0.266517884279,0.92034299671,0.0,-0.052095408874,0.942483327994,0.0,0.248077889432,0.954135004129,0.0,-0.001142571519,0.98056136262,0.0,0.274193212682,1.136389905349,0.0,0.00322999873,1.161373955127,0.0,0.526620477438,0.535903692245,-0.000325980596,-0.263782950402
624,1,0.23108759973,-0.014275842907,0.0,-0.23108759973,0.014275842907,0.0,0.28654194435,0.534810479928,0.0,-0.169712467227,0.54537234617,0.0,0.264476673937,0.926323388637,0.0,-0.051541102474,0.948921435613,0.0,0.246006593862,0.960253537398,0.0,0.000144703342,0.987066737028,0.0,0.273987082274,1.142027988703,0.0,0.003101971328,1.168943037661,0.0,0.526593178511,0.535800367594,-0.000325052068,-0.262180236267
625,1,0.231055556062,-0.013661098492,0.0,-0.231055556062,0.013661098492,0.0,0.286431597314,0.532264401211,0.0,-0.169721555175,0.542827274135,0.0,0.263983100603,0.92433372529,0.0,-0.051329088742,0.948451890304,0.0,0.245269490157,0.958361246398,0.0,0.001821259606,0.987331472054,0.0,0.274453720367,1.138658772168,0.0,0.00320277915,1.167638109247,0.0,0.52661934495,0.536727637053,-0.000326647423,-0.261669964938
626,1,0.230169722858,-0.013224638864,0.0,-0.230169722858,0.013224638864,0.0,0.284508583273,0.529531564384,0.0,-0.169215935406,0.540209593522,0.0,0.261374251756,0.92028639019,0.0,-0.051180994062,0.945256589008,0.0,0.242702552776,0.953665548291,0.0,0.001685816638,0.983861387547,0.0,0.273058703053,1.133984609138,0.0,0.002188744283,1.163524465673,0.0,0.526585742831,0.536542057991,-0.000326836482,-0.262867041809
627,1,0.225047681711,-0.012809679975,0.0,-0.225047681711,0.012809679975,0.0,0.276926874532,0.517808119261,0.0,-0.164697206954,0.527999405016,0.0,0.255294488974,0.89957761888,0.0,-0.049944091583,0.923730128552,0.0,0.23706832032,0.932712259931,0.0,0.000922819441,0.961507727418,0.0,0.266554780646,1.109630357147,0.0,0.003045763929,1.137290677508,0.0,0.5265968889,0.536511540413,-0.000331512652,-0.269000016063
628,1,0.230284428923,-0.013081070387,0.0,-0.230284428923,0.013081070387,0.0,0.281927646709,0.530787664733,0.0,-0.168445199363,0.539765240973,0.0,0.260342571705,0.923065658744,0.0,-0.051217694589,0.944787399787,0.0,0.24131335561,0.955030100124,0.0,0.000719706479,0.983157240165,0.0,0.272607838762,1.136638641469,0.0,0.001764986367,1.163314356446,0.0,0.526557713747,0.536514610052,-0.000328955241,-0.262988530639
629,1,0.237261406778,-0.013200150812,0.0,-0.237261406778,0.013200150812,0.0,0.289436512114,0.545186942486,0.0,-0.173748306645,0.554387100582,0.0,0.267129806415,0.948797456211,0.0,-0.05403388091,0.969870884249,0.0,0.246859174525,0.981543892279,0.0,-0.001888616698,1.007005131065,0.0,0.280095308084,1.168056039879,0.0,0.001330028177,1.195790566089,0.0,0.526390731335,0.536730200052,-0.000329470262,-0.255667138768
630,1,0.236411635965,-0.012665965221,0.0,-0.236411635965,0.012665965221,0.0,0.287217095702,0.543756295419,0.0,-0.172304349818,0.552979819727,0.0,0.264658693655,0.945287038172,0.0,-0.054921335982,0.965740592403,0.0,0.244730945484,0.978044036728,0.0,-0.003255266016,1.003035248554,0.0,0.277406301458,1.163252553277,0.0,-0.002131984697,1.190643407583,0.0,0.526184022427,0.536361038685,-0.000329934992,-0.256983971591
631,1,0.244469803953,-0.01277110276,0.0,-0.244469803953,0.01277110276,0.0,0.294710564744,0.561469110292,0.0,-0.178810640619,0.571091606906,0.0,0.271194412587,0.975276444674,0.0,-0.059033612133,0.995024898874,0.0,0.250101839682,1.008467043531,0.0,-0.007667425742,1.033198875585,0.0,0.284408407787,1.200114502571,0.0,-0.004101303695,1.228528087509,0.0,0.525708466768,0.536457240582,-0.000326325186,-0.248973752701
632,1,0.231659938337,-0.012194360981,0.0,-0.231659938337,0.012194360981,0.0,0.277072700357,0.533123403985,0.0,-0.170481530157,0.541437255985,0.0,0.254217950951,0.925529544542,0.0,-0.05817970922,0.944102951909,0.0,0.234769658178,0.958586749619,0.0,-0.007837529285,0.981563077106,0.0,0.265185746886,1.136595904149,0.0,-0.014106689974,1.164725053531,0.0,0.525064170361,0.536535084248,-0.000336912461,-0.262533238152
633,1,0.237876609108,-0.012797596223,0.0,-0.237876609108,0.012797596223,0.0,0.282463828281,0.548027207284,0.0,-0.175171476148,0.557575084682,0.0,0.258754738469,0.949067195127,0.0,-0.061159409906,0.971061042248,0.0,0.238902584605,0.982755741034,0.0,-0.008568113338,1.009551615018,0.0,0.270146644532,1.165104791652,0.0,-0.018248855904,1.194967753129,0.0,0.52449478209,0.536823660135,-0.000336682424,-0.255707708918
634,1,0.237646575446,-0.01284137404,0.0,-0.237646575446,0.01284137404,0.0,0.280913758629,0.548509586674,0.0,-0.177488978336,0.557880505016,0.0,0.256049330547,0.948442555251,0.0,-0.063732237606,0.970795820685,0.0,0.2361778438,0.980648076296,0.0,-0.011606722958,1.007860422799,0.0,0.267883837505,1.165662088859,0.0,-0.022216198584,1.195439935018,0.0,0.523885115981,0.536814898252,-0.000337086618,-0.255587910761
635,1,0.237577412278,-0.012703162818,0.0,-0.237577412278,0.012703162818,0.0,0.281816979029,0.548226150164,0.0,-0.177968722029,0.555892651428,0.0,0.25520083391,0.947401095332,0.0,-0.064529764697,0.969250787061,0.0,0.235389763162,0.979599095625,0.0,-0.012581982788,1.007092281218,0.0,0.26704979403,1.163503774861,0.0,-0.023358150076,1.193522864983,0.0,0.523721754551,0.537166416645,-0.00033449661,-0.255771640321
636,1,0.242990805887,-0.01203751784,0.0,-0.242990805887,0.01203751784,0.0,0.287597993748,0.560627413398,0.0,-0.18253713434,0.563676586158,0.0,0.259780899729,0.96889655007,0.0,-0.067185257341,0.990565296517,0.0,0.238958378488,1.000956675369,0.0,-0.01497644798,1.028090408009,0.0,0.272162717413,1.19028468365,0.0,-0.02450326754,1.22105689895,0.0,0.523546725512,0.536840766668,-0.00032918714,-0.250329233906
637,1,0.249580013416,-0.01198341496,0.0,-0.249580013416,0.01198341496,0.0,0.298295585432,0.575074780398,0.0,-0.188044013891,0.578038960586,0.0,0.266207620178,0.99280183066,0.0,-0.068981025174,1.016240625514,0.0,0.244748162693,1.026335844744,0.0,-0.014285779796,1.055473068925,0.0,0.279458343732,1.220603390858,0.0,-0.025301456265,1.252542792798,0.0,0.523482739925,0.536965936422,-0.00032706093,-0.243933870366
638,1,0.253935135763,-0.011567007878,0.0,-0.253935135763,0.011567007878,0.0,0.309435753721,0.583166201819,0.0,-0.192324597373,0.585488821322,0.0,0.269088687556,1.005693126623,0.0,-0.071388125465,1.029575508868,0.0,0.246708131753,1.039759951895,0.0,-0.015830361328,1.069335087462,0.0,0.290440612128,1.237744878345,0.0,-0.025890821992,1.269712202676,0.0,0.523285895586,0.537904947996,-0.000325707719,-0.239894747588
639,1,0.254151472504,-0.011695344974,0.0,-0.254151472504,0.011695344974,0.0,0.324860453397,0.582578380282,0.0,-0.195378456429,0.585459093016,0.0,0.268148896776,1.006582678598,0.0,-0.073545853986,1.031443241943,0.0,0.245519048769,1.039858211098,0.0,-0.018688514883,1.070755194018,0.0,0.287238818366,1.238855804204,0.0,-0.031016171942,1.272473335717,0.0,0.522850602865,0.538290292025,-0.000325383618,-0.239290682753
640,1,0.256186183331,-0.012114952755,0.0,-0.256186183331,0.012114952755,0.0,0.343037226051,0.582731337712,0.0,-0.200716551017,0.589989105307,0.0,0.27841179343,1.010931084628,0.0,-0.075270794832,1.039306993959,0.0,0.250891637977,1.04167768216,0.0,-0.018784758527,1.077376674222,0.0,0.291839454799,1.248221473702,0.0,-0.032698138412,1.282841007547,0.0,0.522592931986,0.53840726614,-0.000324329361,-0.237268246686
641,1,0.254540694593,-0.01271823617,0.0,-0.254540694593,0.01271823617,0.0,0.355220368777,0.569196701048,0.0,-0.203639214043,0.58680283105,0.0,0.280047380188,0.996089032805,0.0,-0.077600039268,1.035727606458,0.0,0.248283454563,1.023270949079,0.0,-0.022209916726,1.073722614233,0.0,0.288001628269,1.243717789446,0.0,-0.032455044325,1.279159337653,0.0,0.522008478642,0.538380324841,-0.000322142616,-0.238118899181
642,1,0.253236564665,-0.014274432637,0.0,-0.253236564665,0.014274432637,0.0,0.363609504512,0.559186268943,0.0,-0.208188226349,0.57883820359,0.0,0.274389422966,0.991372251967,0.0,-0.081693094815,1.029322332365,0.0,0.243588923674,1.018330222669,0.0,-0.0268913624,1.067099181469,0.0,0.281961395155,1.236774139309,0.0,-0.037298164064,1.272043981144,0.0,0.520776927471,0.537901908159,-0.000319163315,-0.239820625651
643,1,0.253711927447,-0.01459160459,0.0,-0.253711927447,0.01459160459,0.0,0.366167013149,0.5577739346,0.0,-0.211507773916,0.578927425153,0.0,0.26851079774,0.987345173963,0.0,-0.086410719228,1.02603088998,0.0,0.235964011852,1.014861337538,0.0,-0.032143280571,1.063777282292,0.0,0.276167487657,1.232920962437,0.0,-0.04053673626,1.2678377381,0.0,0.519580215216,0.537915050983,-0.000318474136,-0.240557336184
644,1,0.261734630504,-0.015817669647,0.0,-0.261734630504,0.015817669647,0.0,0.385997754883,0.568518138489,0.0,-0.222753002588,0.594469508426,0.0,0.269812451287,1.009383787939,0.0,-0.093959683814,1.048684477592,0.0,0.232084225805,1.036481444913,0.0,-0.039050098006,1.085268954317,0.0,0.276277829997,1.265999025911,0.0,-0.045297057762,1.298426816075,0.0,0.518144384027,0.5380025208,-0.000316225924,-0.234823013067
645,1,0.263018315856,-0.016691608046,0.0,-0.263018315856,0.016691608046,0.0,0.394606114486,0.563782647618,0.0,-0.225057012704,0.594632878685,0.0,0.270139657826,1.009620469907,0.0,-0.095641738771,1.045974092103,0.0,0.227379655245,1.035802593923,0.0,-0.038955263313,1.075841710599,0.0,0.263245394451,1.266960489595,0.0,-0.050235655627,1.297804381226,0.0,0.517551675439,0.537837952375,-0.00031559635,-0.235055000648
646,1,0.265692951229,-0.017237775909,0.0,-0.265692951229,0.017237775909,0.0,0.402704171058,0.566656334926,0.0,-0.229336905533,0.600982076943,0.0,0.274646118173,1.014939058871,0.0,-0.099479484586,1.048183885085,0.0,0.234643219476,1.037841422672,0.0,-0.042988239859,1.07770987342,0.0,0.260089556833,1.276364017734,0.0,-0.052944243768,1.300749752481,0.0,0.516612544656,0.537757873535,-0.000309361145,-0.234742587781
647,1,0.26922330646,-0.017804614943,0.0,-0.26922330646,0.017804614943,0.0,0.408506118882,0.573006314367,0.0,-0.234087667774,0.612007987942,0.0,0.292863314927,1.030985441974,0.0,-0.10233608548,1.059507497689,0.0,0.26190280387,1.055025588776,0.0,-0.044760596504,1.089788826572,0.0,0.261860684045,1.292493821936,0.0,-0.055537878247,1.315216953731,0.0,0.516213402152,0.537841916084,-0.000301029533,-0.232079829434
648,1,0.268980016484,-0.01798035635,0.0,-0.268980016484,0.01798035635,0.0,0.410711386003,0.573051787443,0.0,-0.233953151745,0.611595522065,0.0,0.304607816617,1.04981566834,0.0,-0.102172867126,1.061190095526,0.0,0.270886569304,1.07664103452,0.0,-0.044721340222,1.093736530813,0.0,0.274056804878,1.298736292063,0.0,-0.055503039411,1.313845085168,0.0,0.516184985638,0.53774112463,-0.000301096588,-0.232393837809
649,1,0.269293711782,-0.018040174135,0.0,-0.269293711782,0.018040174135,0.0,0.416263540141,0.572933124916,0.0,-0.23410215696,0.613686880903,0.0,0.314558472646,1.052420654994,0.0,-0.102035192607,1.069057781381,0.0,0.28121513137,1.077133060761,0.0,-0.044312326524,1.107446377764,0.0,0.274008393149,1.299095060605,0.0,-0.056170682025,1.314704960184,0.0,0.5160677284,0.537747383118,-0.000297194347,-0.232505430717
650,1,0.271686999206,-0.018406253788,0.0,-0.271686999206,0.018406253788,0.0,0.420129702677,0.578381511963,0.0,-0.236297157219,0.6206382522,0.0,0.316640876292,1.066680672238,0.0,-0.10364006226,1.08186172553,0.0,0.282587760126,1.092915081314,0.0,-0.045552025651,1.121797056558,0.0,0.277082049468,1.311147737701,0.0,-0.057366155483,1.327391907365,0.0,0.515975520015,0.537817746401,-0.000295427628,-0.230262916205
651,1,0.271573832385,-0.018359034776,0.0,-0.271573832385,0.018359034776,0.0,0.417012601708,0.579581388076,0.0,-0.237826320433,0.620343464372,0.0,0.313212632156,1.066010454004,0.0,-0.105870248368,1.082836969935,0.0,0.280723387936,1.092178333013,0.0,-0.048749915003,1.124547988734,0.0,0.275279522748,1.3110185556,0.0,-0.062113800311,1.327273531692,0.0,0.515608370304,0.537812143564,-0.000294744968,-0.230267510494
652,1,0.27445502313,-0.018694038139,0.0,-0.27445502313,0.018694038139,0.0,0.419019203776,0.588731363595,0.0,-0.244959249544,0.629704079617,0.0,0.313611511172,1.077995279722,0.0,-0.110478510219,1.099184430998,0.0,0.280383971027,1.103153702272,0.0,-0.05223809798,1.141616329748,0.0,0.2767210388,1.330352709178,0.0,-0.066698562032,1.347030847232,0.0,0.5149012357,0.537775695324,-0.00029590074,-0.22686959676
653,1,0.274305431911,-0.018748199457,0.0,-0.274305431911,0.018748199457,0.0,0.417429404763,0.592790759466,0.0,-0.250311439301,0.63319562531,0.0,0.309970980383,1.082967542015,0.0,-0.116168353191,1.106611629947,0.0,0.276348922838,1.106919482589,0.0,-0.057917290842,1.149339407952,0.0,0.274519130309,1.338913425205,0.0,-0.072153359715,1.356347035696,0.0,0.5138027668,0.537758618593,-0.000297576189,-0.225366935429
654,1,0.275687411509,-0.018501307379,0.0,-0.275687411509,0.018501307379,0.0,0.416641772031,0.595946740942,0.0,-0.251410622853,0.636398921088,0.0,0.30906912661,1.089815638157,0.0,-0.119553739461,1.114187405591,0.0,0.276032474466,1.117322503427,0.0,-0.061200320942,1.160098338062,0.0,0.27129018671,1.346073703843,0.0,-0.074652987445,1.364365233163,0.0,0.51314611733,0.537886887789,-0.000297246501,-0.224038027142
655,1,0.275320055652,-0.018122695837,0.0,-0.275320055652,0.018122695837,0.0,0.411752419981,0.593568402118,0.0,-0.252545531361,0.63160607106,0.0,0.307195793096,1.08807799782,0.0,-0.122575049597,1.110381568424,0.0,0.273682198128,1.115830038253,0.0,-0.064721772144,1.155864816152,0.0,0.267076110871,1.340345732838,0.0,-0.077765199309,1.359602830075,0.0,0.512401282787,0.538146227598,-0.000301539898,-0.224646812539
656,1,0.271880636345,-0.017735430319,0.0,-0.271880636345,0.017735430319,0.0,0.403638378351,0.590238009333,0.0,-0.254444691908,0.625954561507,0.0,0.302547753951,1.080262676144,0.0,-0.125728369113,1.102315201376,0.0,0.268034932474,1.104652427608,0.0,-0.068094237915,1.142186413213,0.0,0.259570543383,1.330356668114,0.0,-0.080728675272,1.349832851904,0.0,0.511437043548,0.537771731615,-0.000305579975,-0.226587936435
657,1,0.278861181668,-0.018125053794,0.0,-0.278861181668,0.018125053794,0.0,0.413738124785,0.606431877835,0.0,-0.260436502317,0.642865644293,0.0,0.310200774288,1.107149602582,0.0,-0.128746350726,1.130029560233,0.0,0.276053709083,1.132329206605,0.0,-0.069463101584,1.171141638596,0.0,0.265465950562,1.363757720934,0.0,-0.082569225042,1.384041642936,0.0,0.511468857527,0.537788033485,-0.000305670314,-0.221011722605
658,1,0.273227967121,-0.017355256903,0.0,-0.273227967121,0.017355256903,0.0,0.400666657876,0.589663489433,0.0,-0.256489016074,0.622392270184,0.0,0.298022728658,1.076842769458,0.0,-0.128051190634,1.094743987256,0.0,0.2649115128,1.101348014232,0.0,-0.070305326771,1.131162728706,0.0,0.260363107337,1.324102684081,0.0,-0.081215882786,1.346408598885,0.0,0.51083189249,0.537935137749,-0.000308067538,-0.227081577337
659,1,0.267364045558,-0.01690501719,0.0,-0.267364045558,0.01690501719,0.0,0.388285576321,0.581006400389,0.0,-0.256409244262,0.608651502394,0.0,0.283548736081,1.058702153112,0.0,-0.13014071793,1.077286297083,0.0,0.254331155408,1.083052525613,0.0,-0.073030265603,1.113545106436,0.0,0.248800430703,1.300874713411,0.0,-0.084894545488,1.324766214972,0.0,0.509652361274,0.537896722555,-0.00030866079,-0.230821881379
660,1,0.273577299343,-0.016945642496,0.0,-0.273577299343,0.016945642496,0.0,0.391848888155,0.59683916154,0.0,-0.266113823917,0.624724318884,0.0,0.28540871103,1.083834179006,0.0,-0.13740722756,1.102128133168,0.0,0.256385497558,1.108537548693,0.0,-0.076440010699,1.13663415395,0.0,0.250838301973,1.335181625298,0.0,-0.092660556433,1.359481442137,0.0,0.508657336235,0.537815004587,-0.000308494084,-0.224946681477
661,1,0.274285916724,-0.016448087198,0.0,-0.274285916724,0.016448087198,0.0,0.38359480357,0.601118205365,0.0,-0.271363061758,0.628152148997,0.0,0.279526084864,1.087975937375,0.0,-0.142804874036,1.107214179952,0.0,0.251837436641,1.114094040684,0.0,-0.081716965431,1.141780290721,0.0,0.246022769886,1.34237570179,0.0,-0.098032619507,1.367058357957,0.0,0.507568210363,0.537687182426,-0.000307830982,-0.223686551737
662,1,0.28070685539,-0.015938362199,0.0,-0.28070685539,0.015938362199,0.0,0.385943172351,0.620521785831,0.0,-0.279119092356,0.643164263852,0.0,0.273246934885,1.11401884416,0.0,-0.150786241365,1.134250062316,0.0,0.235669057578,1.141056944647,0.0,-0.089201670869,1.17243143697,0.0,0.2475585831,1.373735333047,0.0,-0.103687517857,1.39923616666,0.0,0.50640361011,0.537952750921,-0.000304657966,-0.218370255153
663,1,0.277913873554,-0.015471692435,0.0,-0.277913873554,0.015471692435,0.0,0.368907175306,0.61569831346,0.0,-0.278144699312,0.637564448318,0.0,0.261711097425,1.100571116711,0.0,-0.15488157735,1.125636030584,0.0,0.227587627175,1.130664889403,0.0,-0.093779940292,1.163572731514,0.0,0.240408074465,1.362640712005,0.0,-0.109142586521,1.388677694914,0.0,0.505248203874,0.537995964289,-0.000306474976,-0.220006457972
664,1,0.278604249512,-0.015143949258,0.0,-0.278604249512,0.015143949258,0.0,0.363039421415,0.618748499691,0.0,-0.280065741953,0.640726186017,0.0,0.258038748985,1.09836455349,0.0,-0.159095846947,1.12936017938,0.0,0.225504129331,1.132971550357,0.0,-0.097559251436,1.165436841059,0.0,0.237816488062,1.368464156473,0.0,-0.120820272504,1.395639471088,0.0,0.504524365067,0.538081288338,-0.000307107344,-0.218802992261
665,1,0.278175752607,-0.01458186274,0.0,-0.278175752607,0.01458186274,0.0,0.350945895304,0.619688976598,0.0,-0.279976693307,0.638994506931,0.0,0.247290515732,1.094671607623,0.0,-0.160717324819,1.126145979125,0.0,0.215791297114,1.129452682216,0.0,-0.101344394109,1.162103965207,0.0,0.235145028136,1.364355960132,0.0,-0.120150538141,1.391765723614,0.0,0.504037633538,0.538008391857,-0.000308081508,-0.219495291659
666,1,0.27926975619,-0.013565592981,0.0,-0.27926975619,0.013565592981,0.0,0.339739361202,0.631634493712,0.0,-0.283643136497,0.642224805694,0.0,0.240409288825,1.100595659312,0.0,-0.163592371799,1.130605276991,0.0,0.211202195175,1.137912275347,0.0,-0.104794338964,1.165871256307,0.0,0.234015323763,1.367512282654,0.0,-0.125341686095,1.39729268581,0.0,0.503422230482,0.53837582469,-0.000307138078,-0.218172463093
667,1,0.278565983609,-0.012775796956,0.0,-0.278565983609,0.012775796956,0.0,0.323926877975,0.630897850127,0.0,-0.279314700431,0.637704861346,0.0,0.233766218765,1.093503366407,0.0,-0.163977485877,1.123100534133,0.0,0.206101105004,1.130715027738,0.0,-0.107219200724,1.156710356074,0.0,0.232278443352,1.357180101226,0.0,-0.124406223895,1.389663855244,0.0,0.503167077899,0.538816928864,-0.000307469629,-0.219084141968
668,1,0.273887900566,-0.011631896218,0.0,-0.273887900566,0.011631896218,0.0,0.314464251679,0.623817148542,0.0,-0.271655520488,0.627337645562,0.0,0.230009965571,1.075185338788,0.0,-0.160599016583,1.104906267906,0.0,0.203100201511,1.111306006632,0.0,-0.107366282461,1.13717246271,0.0,0.228681269607,1.333729230377,0.0,-0.123191032698,1.3666382823,0.0,0.503291532397,0.538469880819,-0.00029990077,-0.223265762222
669,1,0.269666016958,-0.011567353269,0.0,-0.269666016958,0.011567353269,0.0,0.297933871996,0.613781014662,0.0,-0.265451608892,0.61722133169,0.0,0.221388854518,1.058041478529,0.0,-0.157353447766,1.087122969988,0.0,0.194457922496,1.093747413018,0.0,-0.104777268531,1.11899313361,0.0,0.221926724293,1.312490142689,0.0,-0.121350594446,1.345095246105,0.0,0.503350645304,0.538471907377,-0.000302517787,-0.226840610254
670,1,0.271509792106,-0.011851098725,0.0,-0.271509792106,0.011851098725,0.0,0.289634342142,0.61632852191,0.0,-0.263922323125,0.620977595078,0.0,0.216218388143,1.061974223979,0.0,-0.155597809879,1.093639437138,0.0,0.19015021993,1.09849594511,0.0,-0.103414497123,1.131316564849,0.0,0.228049165647,1.316692551361,0.0,-0.117951032044,1.351435505851,0.0,0.503758355975,0.538410514593,-0.000296731945,-0.2258504834
671,1,0.276280589429,-0.012152608299,0.0,-0.276280589429,0.012152608299,0.0,0.283686461916,0.622820773404,0.0,-0.264836709113,0.630412067352,0.0,0.216404194775,1.078941758451,0.0,-0.154945822801,1.110303976521,0.0,0.189117363571,1.118210111823,0.0,-0.102641429689,1.149316437559,0.0,0.240449231838,1.333529443679,0.0,-0.109090988311,1.37015018223,0.0,0.504425540566,0.538254678249,-0.000287169125,-0.222446819037
672,1,0.277032869583,-0.012087357622,0.0,-0.277032869583,0.012087357622,0.0,0.284266018655,0.622287748322,0.0,-0.260761571111,0.630802670333,0.0,0.221284467189,1.081999624335,0.0,-0.147181248033,1.113894492604,0.0,0.194166664969,1.124471198845,0.0,-0.093897649118,1.157583174515,0.0,0.24212273579,1.334601732655,0.0,-0.102241918505,1.371179620206,0.0,0.50540445745,0.538398623466,-0.00028657075,-0.222138710695
673,1,0.278704571294,-0.012310837187,0.0,-0.278704571294,0.012310837187,0.0,0.287338555646,0.618530385992,0.0,-0.259776608714,0.631483983562,0.0,0.226027790674,1.083196678725,0.0,-0.145662580998,1.118909262802,0.0,0.198786148634,1.126042263216,0.0,-0.091932813167,1.162465351555,0.0,0.243880453576,1.336715244933,0.0,-0.098933820545,1.373593453861,0.0,0.505721792579,0.538509190083,-0.000285322778,-0.22172291502
674,1,0.281991923684,-0.012089687641,0.0,-0.281991923684,0.012089687641,0.0,0.291943302904,0.61980451037,0.0,-0.259472643474,0.631910688127,0.0,0.230180386227,1.089169426555,0.0,-0.144315408579,1.12549417741,0.0,0.202074471143,1.132629801823,0.0,-0.090386242926,1.169352478088,0.0,0.248878420079,1.343630832055,0.0,-0.096942280328,1.381421851542,0.0,0.506207495928,0.538433611393,-0.000285808463,-0.22048865138
675,1,0.28396629083,-0.012116113186,0.0,-0.28396629083,0.012116113186,0.0,0.296914695877,0.621713203717,0.0,-0.257200837144,0.634130303807,0.0,0.235426693091,1.093399424324,0.0,-0.142238489194,1.130047123096,0.0,0.206094915739,1.137263212897,0.0,-0.088063830653,1.174282296139,0.0,0.252233129007,1.348251369981,0.0,-0.094098217929,1.38651265154,0.0,0.506899923086,0.538439184427,-0.00028690137,-0.219715052712
676,1,0.287435434762,-0.011623178029,0.0,-0.287435434762,0.011623178029,0.0,0.300205942765,0.632649156421,0.0,-0.259284918409,0.63987649879,0.0,0.240344032234,1.100125991178,0.0,-0.144424394209,1.139320878363,0.0,0.210530319364,1.139755018042,0.0,-0.08943455658,1.183177213514,0.0,0.254969026979,1.360300717666,0.0,-0.094811251724,1.39996786545,0.0,0.506983906031,0.538988798857,-0.000288019888,-0.217335933956
677,1,0.288692641696,-0.011783201661,0.0,-0.288692641696,0.011783201661,0.0,0.301999913194,0.635901989531,0.0,-0.259741513007,0.645093239436,0.0,0.241637106013,1.105268392827,0.0,-0.145012731231,1.148223609038,0.0,0.212105549824,1.141945240191,0.0,-0.090940413833,1.192894213024,0.0,0.256106885366,1.366334600064,0.0,-0.095931759765,1.408655395518,0.0,0.507004961371,0.53887540102,-0.000286802184,-0.216369807545
678,1,0.290634557484,-0.011498672976,0.0,-0.290634557484,0.011498672976,0.0,0.306008199005,0.642887280978,0.0,-0.258892378173,0.64869453761,0.0,0.245147290391,1.116100961614,0.0,-0.143733827891,1.153935009944,0.0,0.215672449192,1.151597419407,0.0,-0.089409166059,1.199134339091,0.0,0.257292784506,1.37423691378,0.0,-0.094649692087,1.416759722547,0.0,0.507471472025,0.538953959942,-0.000286882743,-0.215078376979
679,1,0.291900931002,-0.011716287521,0.0,-0.291900931002,0.011716287521,0.0,0.307836310918,0.642165463765,0.0,-0.258894700107,0.64905669435,0.0,0.247199959846,1.115202318416,0.0,-0.143623813288,1.1553477819,0.0,0.217534944298,1.151714496929,0.0,-0.088732239589,1.200654856609,0.0,0.25899715385,1.375883008294,0.0,-0.09554590004,1.419272237906,0.0,0.50766287744,0.53954616189,-0.000296021346,-0.214382715408
680,1,0.292472169526,-0.011553849801,0.0,-0.292472169526,0.011553849801,0.0,0.310055570114,0.643232728005,0.0,-0.256242645266,0.650357083558,0.0,0.249575766168,1.114281540041,0.0,-0.140506101891,1.154629741214,0.0,0.219981039323,1.150488843223,0.0,-0.085895579203,1.199949630952,0.0,0.257900893254,1.375407822849,0.0,-0.09297882576,1.418215064128,0.0,0.508208215237,0.53951215744,-0.00029601343,-0.214587764835
681,1,0.293792035648,-0.011762131141,0.0,-0.293792035648,0.011762131141,0.0,0.313334173291,0.645385015279,0.0,-0.256418625935,0.652665531539,0.0,0.253210822666,1.117862368483,0.0,-0.139386556922,1.158465740769,0.0,0.22194251049,1.15426299865,0.0,-0.083774227551,1.203707515471,0.0,0.263745551305,1.379274154761,0.0,-0.092139574182,1.423208948576,0.0,0.508797511458,0.539545625448,-0.000296847429,-0.21384106098
682,1,0.296288635796,-0.011454300886,0.0,-0.296288635796,0.011454300886,0.0,0.317723917401,0.65289711159,0.0,-0.254898116404,0.657424370366,0.0,0.258255739946,1.122778666542,0.0,-0.137273994172,1.16354248557,0.0,0.226450906586,1.159967463959,0.0,-0.081086678569,1.208166801253,0.0,0.26900867992,1.385210074314,0.0,-0.089184756674,1.429622875121,0.0,0.509504616261,0.539721786976,-0.000296818558,-0.212758118584
683,1,0.297743428324,-0.012146786703,0.0,-0.297743428324,0.012146786703,0.0,0.319752843931,0.656031802964,0.0,-0.255461479476,0.663237783671,0.0,0.26016112993,1.117498048996,0.0,-0.137710079487,1.166764649791,0.0,0.229882399384,1.148570132061,0.0,-0.080806652165,1.211392064787,0.0,0.271612713718,1.388567565129,0.0,-0.09205223428,1.435177939573,0.0,0.509686410427,0.539947599173,-0.000298664905,-0.211941979202
684,1,0.297382847092,-0.012254562708,0.0,-0.297382847092,0.012254562708,0.0,0.319568405162,0.652864387467,0.0,-0.251846241319,0.66025001724,0.0,0.261196589578,1.111305413524,0.0,-0.134584614759,1.160208989349,0.0,0.231059438627,1.142422895928,0.0,-0.078005365305,1.20328259975,0.0,0.274152627688,1.381363654033,0.0,-0.088879352819,1.426989202859,0.0,0.510193035007,0.540018796921,-0.000298572239,-0.213105760562
685,1,0.299159218997,-0.012214285695,0.0,-0.299159218997,0.012214285695,0.0,0.322680685025,0.652470808329,0.0,-0.248527621345,0.659930630052,0.0,0.266251172263,1.111446803791,0.0,-0.131375243743,1.155304788128,0.0,0.234925940396,1.141593498614,0.0,-0.074444583266,1.194035667372,0.0,0.27959877972,1.381794718645,0.0,-0.085068634869,1.425205309658,0.0,0.510956808925,0.540741324425,-0.000300131273,-0.212895940259
686,1,0.297368284852,-0.012925863779,0.0,-0.297368284852,0.012925863779,0.0,0.322280512837,0.650668953695,0.0,-0.244992468664,0.655932818519,0.0,0.268266441665,1.104244844373,0.0,-0.127823271925,1.143534624816,0.0,0.23671645402,1.132794906945,0.0,-0.071338829482,1.181236577354,0.0,0.279756175533,1.371086616828,0.0,-0.078637281138,1.41310196013,0.0,0.511504724622,0.541006714106,-0.000297559891,-0.214532408717
687,1,0.297979447983,-0.012908401997,0.0,-0.297979447983,0.012908401997,0.0,0.325026736859,0.650215186683,0.0,-0.243231378318,0.6534342292,0.0,0.272147842204,1.100531153035,0.0,-0.122273676943,1.138422340661,0.0,0.238758195729,1.128280489215,0.0,-0.066065625553,1.174325662323,0.0,0.285043240763,1.365557538049,0.0,-0.073312137081,1.40706921475,0.0,0.512585669756,0.541023880243,-0.000297491904,-0.21543674497
688,1,0.299002015163,-0.013070292516,0.0,-0.299002015163,0.013070292516,0.0,0.328123789012,0.648578642909,0.0,-0.243294737797,0.65264165123,0.0,0.275650636415,1.097096558468,0.0,-0.11943490496,1.135773367974,0.0,0.239058406153,1.125739136173,0.0,-0.062138415808,1.171435954952,0.0,0.290850152062,1.363396373907,0.0,-0.069351651562,1.405642482871,0.0,0.513422504067,0.541279017925,-0.000297293067,-0.215620791257
689,1,0.299337487406,-0.013184210162,0.0,-0.299337487406,0.013184210162,0.0,0.335611452738,0.651302919167,0.0,-0.240359753008,0.654142812611,0.0,0.284041991451,1.101067891444,0.0,-0.111497198093,1.138271908717,0.0,0.247126286123,1.128787955853,0.0,-0.053636966891,1.173988784989,0.0,0.295160220003,1.366664568545,0.0,-0.060940500054,1.408806880379,0.0,0.5151078403,0.541287183762,-0.000297671184,-0.215109480823
690,1,0.297341268119,-0.013343946941,0.0,-0.297341268119,0.013343946941,0.0,0.339164877126,0.646276324342,0.0,-0.234108622769,0.648864846698,0.0,0.289375377432,1.088647007679,0.0,-0.105319523068,1.129332239203,0.0,0.253046359092,1.116004940035,0.0,-0.048093559393,1.161932431515,0.0,0.301637494285,1.353614617027,0.0,-0.052704854986,1.397675906889,0.0,0.516338184476,0.541390269995,-0.000297077931,-0.216610411767
691,1,0.295183357835,-0.013361681864,0.0,-0.295183357835,0.013361681864,0.0,0.343341228863,0.642797492997,0.0,-0.231155357115,0.644761745407,0.0,0.293752208788,1.079740402243,0.0,-0.100296489088,1.126334704251,0.0,0.256645448589,1.107751266051,0.0,-0.045304542435,1.157515431053,0.0,0.319041547749,1.332090691952,0.0,-0.04565209351,1.391140413802,0.0,0.517345443368,0.541380345821,-0.00030371407,-0.21763216894
692,1,0.276411608313,-0.012732028296,0.0,-0.276411608313,0.012732028296,0.0,0.327084542502,0.592569641488,0.0,-0.214818033914,0.599471467727,0.0,0.279774739859,0.944345877562,0.0,-0.091956493514,1.046814278332,0.0,0.242362437251,0.970487434381,0.0,-0.041607636647,1.074904126767,0.0,0.315448252804,1.193933389042,0.0,-0.037509972368,1.296271138168,0.0,0.518088057637,0.541321963072,-0.000309817493,-0.233579747052
693,1,0.280601196412,-0.014398488161,0.0,-0.280601196412,0.014398488161,0.0,0.334723517728,0.593644060153,0.0,-0.217770094428,0.60425082745,0.0,0.288755361391,0.876551151177,0.0,-0.094056519275,1.049652583203,0.0,0.254232210048,0.88610796294,0.0,-0.044158374734,1.07741429409,0.0,0.327239942906,1.128344611413,0.0,-0.034521411727,1.306545569742,0.0,0.518901184201,0.541719347239,-0.000304466579,-0.231275815865
694,1,0.27376317949,-0.014319447069,0.0,-0.27376317949,0.014319447069,0.0,0.33370947699,0.567664792508,0.0,-0.213348382399,0.589012614556,0.0,0.289858569797,0.780357564988,0.0,-0.090482665331,1.02194676792,0.0,0.257575272472,0.776031810837,0.0,-0.046924035422,1.050495033442,0.0,0.325625908009,1.026096299763,0.0,-0.028919654035,1.275002504639,0.0,0.520237967372,0.541802555323,-0.000296414131,-0.236764868144
695,1,0.265310906444,-0.014231045995,0.0,-0.265310906444,0.014231045995,0.0,0.327404925116,0.530472999591,0.0,-0.201444369551,0.565501584623,0.0,0.287991267763,0.640151679703,0.0,-0.081337582443,0.987670210088,0.0,0.25954338896,0.63713216679,0.0,-0.042601906324,1.017467369947,0.0,0.316138240004,0.890837822685,0.0,-0.024066693848,1.234182777851,0.0,0.521862447262,0.541686564684,-0.0002948232,-0.245326496863
696,1,0.26911682403,-0.014686153981,0.0,-0.26911682403,0.014686153981,0.0,0.343588543143,0.540721120709,0.0,-0.196872062728,0.574404998592,0.0,0.311183062887,0.532680932161,0.0,-0.069058943595,1.004872218366,0.0,0.379611750531,0.481547740779,0.0,-0.031988619509,1.036678218453,0.0,0.332076673659,0.626384369801,0.0,-0.013165682315,1.255353781966,0.0,0.524580404162,0.541593760252,-0.000298464671,-0.241608137181
697,1,0.290659504504,-0.013756828657,0.0,-0.290659504504,0.013756828657,0.0,0.382338768361,0.59005619193,0.0,-0.202873936077,0.625012102898,0.0,0.339743439459,0.218675529841,0.0,-0.060740957362,1.090879260004,0.0,0.408543270798,0.149249771706,0.0,-0.021520820383,1.125385003569,0.0,0.459855441331,0.190537275227,0.0,-0.000649857727,1.357658354325,0.0,0.527589976788,0.540927886963,-0.000307178474,-0.224162529291
698,1,0.297262594912,-0.013804587136,0.0,-0.297262594912,0.013804587136,0.0,0.400453462678,0.608219320578,0.0,-0.203359632507,0.651502364873,0.0,0.357188736645,0.229375801551,0.0,-0.049992859415,1.126876013082,0.0,0.420710042239,0.147122159791,0.0,-0.007542065684,1.165865202216,0.0,0.520338691674,0.194862556566,0.0,0.006024384054,1.399661719724,0.0,0.529286652803,0.540794909,-0.000290859956,-0.21800710805
699,1,0.30024100878,-0.013453278435,0.0,-0.30024100878,0.013453278435,0.0,0.41169064255,0.615986189087,0.0,-0.2016569472,0.666315340418,0.0,0.368691240829,0.200727655696,0.0,-0.041818255847,1.14804795397,0.0,0.427717726192,0.123515157331,0.0,0.000984000407,1.192884939322,0.0,0.544261090396,0.170307018887,0.0,0.014186253397,1.416810965868,0.0,0.531007125974,0.540655761957,-0.000286062714,-0.215718448533
700,1,0.301710434277,-0.011843182598,0.0,-0.301710434277,0.011843182598,0.0,0.412786440553,0.623303205937,0.0,-0.203716363088,0.677773705673,0.0,0.366770274268,0.19862845166,0.0,-0.039880686676,1.158947368431,0.0,0.398079784947,0.126041265999,0.0,0.002617605281,1.203764791109,0.0,0.486659032657,0.216123269439,0.0,0.022338799626,1.428309860825,0.0,0.531379401684,0.539490401745,-0.000276830513,-0.215273981846
701,1,0.301519867116,-0.011655575945,0.0,-0.301519867116,0.011655575945,0.0,0.411788273986,0.622743221019,0.0,-0.203924327514,0.680171376296,0.0,0.369645895564,0.190606493675,0.0,-0.036776090645,1.160327904118,0.0,0.407199955533,0.112802371995,0.0,0.004507300144,1.205952272483,0.0,0.483771658774,0.216636321373,0.0,0.020493622684,1.427136403155,0.0,0.531413167715,0.539491891861,-0.000270426739,-0.21555820137
702,1,0.304099274552,-0.011123768159,0.0,-0.304099274552,0.011123768159,0.0,0.415022277198,0.630989418979,0.0,-0.205518741277,0.688679257119,0.0,0.371771699131,0.194749318059,0.0,-0.036027113884,1.172821942128,0.0,0.410796767803,0.119629027101,0.0,0.006085768052,1.218912577819,0.0,0.538585697331,0.178475244128,0.0,0.020520008876,1.441933923599,0.0,0.531620845199,0.538837492466,-0.000262472313,-0.213753869681
703,1,0.303546833557,-0.010915602022,0.0,-0.303546833557,0.010915602022,0.0,0.412038270749,0.630547735533,0.0,-0.20543766006,0.689310528812,0.0,0.372343576578,0.19620998746,0.0,-0.034270609952,1.173120840379,0.0,0.413296798729,0.120403774425,0.0,0.007259559433,1.220180563449,0.0,0.555003315266,0.170444507641,0.0,0.019769046109,1.441165147191,0.0,0.531752437353,0.538774907589,-0.0002619687,-0.21390416627
704,1,0.302860805636,-0.010702435691,0.0,-0.302860805636,0.010702435691,0.0,0.407725509354,0.629034893877,0.0,-0.206091676489,0.687458859779,0.0,0.370913074895,0.226507204493,0.0,-0.033766629035,1.169727889243,0.0,0.412444525185,0.125084612976,0.0,0.00822758424,1.216330010789,0.0,0.552166725848,0.20830778621,0.0,0.017700892552,1.43628659133,0.0,0.531763747334,0.538691580296,-0.000259258784,-0.214583579803
705,1,0.302699497403,-0.010636231314,0.0,-0.302699497403,0.010636231314,0.0,0.402297754327,0.629064862813,0.0,-0.206487432963,0.686939964567,0.0,0.372312724213,0.237699912738,0.0,-0.033177232108,1.169273752777,0.0,0.417708303271,0.151114218567,0.0,0.009136709124,1.216487220527,0.0,0.560916593876,0.213444646794,0.0,0.016169228744,1.434957019166,0.0,0.53172250092,0.538638442755,-0.00025928556,-0.214694780595
706,1,0.301611529297,-0.010560660518,0.0,-0.301611529297,0.010560660518,0.0,0.39713345479,0.627007437763,0.0,-0.205469763605,0.684598490617,0.0,0.379909754212,0.208187737284,0.0,-0.031930277281,1.165255308384,0.0,0.426471358682,0.127276251707,0.0,0.009547420292,1.212401064864,0.0,0.567079361889,0.187153008519,0.0,0.015651483731,1.429084527499,0.0,0.53169670701,0.538625240326,-0.000261191977,-0.215449412583
707,1,0.301174942294,-0.010530252007,0.0,-0.301174942294,0.010530252007,0.0,0.392468195156,0.626579820471,0.0,-0.205206594465,0.683873449671,0.0,0.379228191439,0.223741205025,0.0,-0.03168196021,1.163157883582,0.0,0.427865362491,0.122250895777,0.0,0.009570226082,1.210130871614,0.0,0.553706568817,0.209276123996,0.0,0.013654737678,1.42656718034,0.0,0.531697377563,0.538622319698,-0.000261236914,-0.215828178068
708,1,0.30318668735,-0.010619737489,0.0,-0.30318668735,0.010619737489,0.0,0.392723941607,0.631793135082,0.0,-0.206658985088,0.687980263085,0.0,0.383043148984,0.233619351751,0.0,-0.031363052036,1.169021664622,0.0,0.435723168487,0.127078090914,0.0,0.009578002137,1.213801342249,0.0,0.563772730263,0.212579202745,0.0,0.016958623086,1.435673666672,0.0,0.531676903367,0.538701325655,-0.000260740984,-0.214405227548
709,1,0.302860888018,-0.010022176034,0.0,-0.302860888018,0.010022176034,0.0,0.386516231151,0.633285608048,0.0,-0.206476456097,0.686188005019,0.0,0.376191064267,0.23773153909,0.0,-0.030620066406,1.16664230524,0.0,0.431643113268,0.143284248121,0.0,0.010471661085,1.211550244863,0.0,0.540759968128,0.21644549412,0.0,0.017145517322,1.432705503224,0.0,0.53169618547,0.539013385773,-0.000260838307,-0.214524184618
710,1,0.294467486434,-0.010659338595,0.0,-0.294467486434,0.010659338595,0.0,0.362428914338,0.617810258906,0.0,-0.20402165192,0.669867108785,0.0,0.370997459937,0.48933677787,0.0,-0.03149451227,1.137751099,0.0,0.452523183971,0.422635011006,0.0,0.008253766079,1.180483199438,0.0,0.443351005544,0.619915304532,0.0,0.015186516937,1.399713086589,0.0,0.531245291233,0.539256095886,-0.000269043958,-0.219555533543
711,1,0.269855228118,-0.010099365394,0.0,-0.269855228118,0.010099365394,0.0,0.327085048587,0.565298653171,0.0,-0.188432551453,0.607351396379,0.0,0.32412494358,0.621276837017,0.0,-0.030303839354,1.04477923144,0.0,0.328114324629,0.618290638039,0.0,0.006223724092,1.083506678906,0.0,0.330270635464,0.859899080669,0.0,0.0123469427,1.287443168934,0.0,0.530861705542,0.539287060499,-0.00028292567,-0.238702093263
712,1,0.264628383169,-0.010745312688,0.0,-0.264628383169,0.010745312688,0.0,0.32069688641,0.555058395048,0.0,-0.189803474522,0.598697401018,0.0,0.307677362193,0.713808271845,0.0,-0.036431074146,1.033246438223,0.0,0.284555449496,0.716006474457,0.0,0.001582777564,1.071865642254,0.0,0.317012493176,0.97041413006,0.0,0.008962934471,1.274395666784,0.0,0.530066505075,0.539423882961,-0.000284363516,-0.241135236195
713,1,0.259580009565,-0.011106732022,0.0,-0.259580009565,0.011106732022,0.0,0.318899922642,0.543811124215,0.0,-0.189248179221,0.58923348536,0.0,0.296609193104,0.775107453628,0.0,-0.038977517071,1.014022599525,0.0,0.259632047998,0.782948804486,0.0,-0.000407167219,1.047138054217,0.0,0.318654598604,1.015836266857,0.0,0.008524675191,1.255622782289,0.0,0.529602974653,0.539524078369,-0.00029056496,-0.244542179264
714,1,0.2493853286,-0.011149575717,0.0,-0.2493853286,0.011149575717,0.0,0.308351090763,0.530745744364,0.0,-0.185413223001,0.569691910373,0.0,0.284272440632,0.805424786312,0.0,-0.04308681375,0.977787841263,0.0,0.247472473621,0.819973473375,0.0,-0.002802840148,0.996138656271,0.0,0.31324765993,1.035671306942,0.0,0.006198885831,1.213265324002,0.0,0.529009968042,0.539631068707,-0.000306863338,-0.252754694564
715,1,0.251396937182,-0.011569942278,0.0,-0.251396937182,0.011569942278,0.0,0.309970449949,0.539432762184,0.0,-0.190935730341,0.575736649763,0.0,0.282922348812,0.871034938041,0.0,-0.049752856009,0.990835662839,0.0,0.240185547981,0.897044203672,0.0,-0.006101200845,1.00883074713,0.0,0.319654013287,1.11125808687,0.0,0.002133683722,1.23025036355,0.0,0.528208330274,0.539563268423,-0.000315782614,-0.249271783304
716,1,0.251813413629,-0.011454887993,0.0,-0.251813413629,0.011454887993,0.0,0.309664232549,0.546817645723,0.0,-0.193753024137,0.571320637081,0.0,0.281027910724,0.912515899958,0.0,-0.052942197089,0.987831971141,0.0,0.243021987982,0.945156456775,0.0,-0.008029906063,1.007412329378,0.0,0.3207857237,1.154788822836,0.0,-0.000449678572,1.226557762383,0.0,0.527556747198,0.540932506323,-0.000330664683,-0.248861581621
717,1,0.239502151882,-0.011633119497,0.0,-0.239502151882,0.011633119497,0.0,0.296415296401,0.523186461561,0.0,-0.188138555382,0.545180138876,0.0,0.271248098421,0.900696716354,0.0,-0.053782869014,0.943822823909,0.0,0.229743484432,0.933610110839,0.0,-0.00746313208,0.964382155802,0.0,0.305229654077,1.134227665623,0.0,-0.00581787367,1.171312018684,0.0,0.526764079928,0.540643632412,-0.000344719738,-0.260842576382
718,1,0.245373843045,-0.01195835131,0.0,-0.245373843045,0.01195835131,0.0,0.304079565099,0.54523685251,0.0,-0.194635269118,0.56022701589,0.0,0.279903237676,0.958556018447,0.0,-0.056335530698,0.973086556723,0.0,0.237259628969,0.992943394085,0.0,-0.005817614379,0.997596217981,0.0,0.313735917644,1.187888992308,0.0,-0.007696959928,1.203124930705,0.0,0.526326477528,0.540637165308,-0.000336844474,-0.253915405035
719,1,0.249089332915,-0.012214962382,0.0,-0.249089332915,0.012214962382,0.0,0.30703288751,0.562099162862,0.0,-0.200406801018,0.571005191837,0.0,0.284260476349,0.999530289687,0.0,-0.058925731774,0.993605204294,0.0,0.239262184248,1.034216916277,0.0,-0.002278005828,1.022784230535,0.0,0.317743398207,1.226291580897,0.0,-0.010824620089,1.224281104837,0.0,0.525587946177,0.540776699781,-0.000329346396,-0.249420466475
720,1,0.233537151163,-0.011275816656,0.0,-0.233537151163,0.011275816656,0.0,0.285437149128,0.528343004213,0.0,-0.189012511089,0.535157565327,0.0,0.266395177389,0.928040057639,0.0,-0.057843255148,0.933334714831,0.0,0.225802058009,0.961629553045,0.0,-0.001287892618,0.961433761969,0.0,0.296086568904,1.154061006931,0.0,-0.012543524627,1.149798906573,0.0,0.524750679731,0.540555655956,-0.000332386233,-0.26576724479
721,1,0.235981061596,-0.011570967941,0.0,-0.235981061596,0.011570967941,0.0,0.287861981222,0.536503056435,0.0,-0.191395791297,0.54192596177,0.0,0.269681911468,0.95213331825,0.0,-0.058070724047,0.951288003775,0.0,0.22789533594,0.989208706329,0.0,-0.000958581147,0.984714712993,0.0,0.298733759516,1.16858234223,0.0,-0.014325984714,1.166439329948,0.0,0.524204477668,0.540539830923,-0.000330056064,-0.261669288033
722,1,0.238467272259,-0.011710409227,0.0,-0.238467272259,0.011710409227,0.0,0.288294032562,0.541594796161,0.0,-0.194710580668,0.546348800734,0.0,0.269674545069,0.950235640076,0.0,-0.060537514457,0.959128406182,0.0,0.227715681864,0.985021683787,0.0,-0.002377978681,0.993026735513,0.0,0.299121781682,1.178731575554,0.0,-0.016971736595,1.173523145762,0.0,0.523502364755,0.54055121541,-0.00032745488,-0.259444200198
723,1,0.240228656763,-0.011832705584,0.0,-0.240228656763,0.011832705584,0.0,0.289721859654,0.546272486919,0.0,-0.196265188014,0.551974822804,0.0,0.272560711507,0.96537311981,0.0,-0.061266793534,0.968966058784,0.0,0.230858533829,1.003885751462,0.0,-0.001492912533,1.003589829706,0.0,0.300622492686,1.186919488798,0.0,-0.019576300023,1.183714093953,0.0,0.523233383894,0.539783895016,-0.000323651358,-0.257616546066
724,1,0.243419320088,-0.011594951992,0.0,-0.243419320088,0.011594951992,0.0,0.292761301914,0.557422155514,0.0,-0.198378453564,0.562386304318,0.0,0.275944361258,0.987317395171,0.0,-0.062186573483,0.985733371266,0.0,0.234114262267,1.023417082279,0.0,-0.001685848998,1.022149301361,0.0,0.303537439716,1.20709526966,0.0,-0.019962867843,1.202480837379,0.0,0.523128688335,0.538544535637,-0.000321622938,-0.254632919262
725,1,0.243632042535,-0.011589677089,0.0,-0.243632042535,0.011589677089,0.0,0.29016540091,0.555360057483,0.0,-0.19837454113,0.560604000301,0.0,0.273181913986,0.985984112543,0.0,-0.064770315735,0.981522704686,0.0,0.232251150543,1.024310790422,0.0,-0.004740041272,1.018533077867,0.0,0.299981573685,1.203552912914,0.0,-0.023592657486,1.199201158147,0.0,0.522459045053,0.538520663977,-0.000319940969,-0.254936528535
726,1,0.242275561971,-0.011745921651,0.0,-0.242275561971,0.011745921651,0.0,0.285723426054,0.549558128548,0.0,-0.196467465564,0.55647589081,0.0,0.268180208415,0.971835466084,0.0,-0.066314892219,0.974805427027,0.0,0.228681306155,1.008696311444,0.0,-0.005158438728,1.011813888452,0.0,0.294516794316,1.194970377141,0.0,-0.025669644454,1.190621969962,0.0,0.521676838398,0.538309812546,-0.000318405218,-0.256805072236
727,1,0.242707564009,-0.012225776336,0.0,-0.242707564009,0.012225776336,0.0,0.285096179934,0.551234987174,0.0,-0.198845439554,0.558736823981,0.0,0.266898099163,0.972019452314,0.0,-0.068581974249,0.979077757345,0.0,0.228104559857,1.008075277762,0.0,-0.007134653529,1.016353994017,0.0,0.292696087579,1.198134466999,0.0,-0.027992294318,1.195266419093,0.0,0.521089687943,0.538024187088,-0.000321176834,-0.255871732466
728,1,0.240615032745,-0.011755453342,0.0,-0.240615032745,0.011755453342,0.0,0.281680698898,0.548819559089,0.0,-0.196911731764,0.555472533804,0.0,0.264786475034,0.973139772353,0.0,-0.067899592816,0.972273390044,0.0,0.226929058632,1.012819065001,0.0,-0.00676670473,1.010001473228,0.0,0.289699820744,1.189140347416,0.0,-0.027654886313,1.184420089479,0.0,0.521053731441,0.53755953908,-0.000320646912,-0.257851766287
729,1,0.236013116089,-0.011403243842,0.0,-0.236013116089,0.011403243842,0.0,0.273994326514,0.53804383488,0.0,-0.194128006953,0.542878513793,0.0,0.258750795185,0.951777329914,0.0,-0.070743249946,0.953295186341,0.0,0.222068134999,0.98790240327,0.0,-0.013819679409,0.98969187849,0.0,0.281524855833,1.162833040289,0.0,-0.028787185485,1.160764037245,0.0,0.520643740892,0.536784827709,-0.000318551436,-0.263769610735
730,1,0.228273791922,-0.010994334064,0.0,-0.228273791922,0.010994334064,0.0,0.263148335934,0.52078698929,0.0,-0.188004773945,0.521601975468,0.0,0.25060316712,0.921454350625,0.0,-0.067398624602,0.918463736108,0.0,0.215461369727,0.957762116039,0.0,-0.009850500525,0.95361897815,0.0,0.271925068122,1.12303007635,0.0,-0.027170924326,1.120885709552,0.0,0.520520612597,0.536570161581,-0.000317953527,-0.272650164649
731,1,0.23084363956,-0.010724257488,0.0,-0.23084363956,0.010724257488,0.0,0.265308614661,0.52865442978,0.0,-0.190731975732,0.527820015759,0.0,0.254565201968,0.93974794038,0.0,-0.06748207136,0.936579248705,0.0,0.224691054116,0.980418759039,0.0,-0.00726563573,0.97363892367,0.0,0.2742557563,1.138430378105,0.0,-0.029576467107,1.137514249972,0.0,0.520439580083,0.535916507244,-0.000319290906,-0.269159309197
732,1,0.234915862684,-0.010477324291,0.0,-0.234915862684,0.010477324291,0.0,0.268376231839,0.537900697559,0.0,-0.193408391036,0.536271760465,0.0,0.258821438537,0.957548742823,0.0,-0.068618242657,0.950995358517,0.0,0.227939693931,0.996540015985,0.0,-0.007585836998,0.987121117685,0.0,0.278834062071,1.159459867726,0.0,-0.02198079106,1.156462966027,0.0,0.52044223249,0.53617438674,-0.000318463892,-0.264480669003
733,1,0.23284951945,-0.010524280265,0.0,-0.23284951945,0.010524280265,0.0,0.26691262317,0.531588743284,0.0,-0.190983495146,0.531570434169,0.0,0.257073818308,0.950356831477,0.0,-0.067329984218,0.945969565612,0.0,0.22652706944,0.988986608061,0.0,-0.007415414864,0.984065921759,0.0,0.276738812604,1.152694657316,0.0,-0.019057779195,1.147864623462,0.0,0.520606219769,0.535609573126,-0.000313694589,-0.266947958281
734,1,0.222238364828,-0.010057610454,0.0,-0.222238364828,0.010057610454,0.0,0.254772941117,0.505990370196,0.0,-0.18234829903,0.50731478884,0.0,0.244839801293,0.906738052946,0.0,-0.063942416314,0.901706583536,0.0,0.214236651096,0.94306408132,0.0,-0.006122825326,0.936637645701,0.0,0.265789337742,1.100088468581,0.0,-0.01824038206,1.094588529235,0.0,0.520617514849,0.535384595394,-0.000313757919,-0.279657240181
735,1,0.225611992295,-0.010176756139,0.0,-0.225611992295,0.010176756139,0.0,0.259229631346,0.511204650434,0.0,-0.184112268855,0.51311682279,0.0,0.248907449695,0.92050107492,0.0,-0.062105674497,0.914808488474,0.0,0.217445224482,0.957236814402,0.0,-0.000715333378,0.949794793671,0.0,0.272021774426,1.116314146295,0.0,-0.017511980009,1.110681504591,0.0,0.520887881517,0.535389900208,-0.000312226824,-0.275428435835
736,1,0.224169206942,-0.010123164215,0.0,-0.224169206942,0.010123164215,0.0,0.259872356477,0.508131305031,0.0,-0.181739114759,0.509102392777,0.0,0.250778777973,0.916260502468,0.0,-0.060029737875,0.911423808942,0.0,0.218735791093,0.95284101373,0.0,0.001964314224,0.946259077083,0.0,0.27269170585,1.108061213143,0.0,-0.01762097644,1.10471724114,0.0,0.521379098296,0.535216718912,-0.000315595884,-0.276636313356
737,1,0.223336729319,-0.010096123642,0.0,-0.223336729319,0.010096123642,0.0,0.263632752144,0.508207979835,0.0,-0.180479551936,0.508445269453,0.0,0.254113796164,0.91382300691,0.0,-0.056760495478,0.911383514467,0.0,0.222481107356,0.948334960608,0.0,0.005525550601,0.944218707744,0.0,0.275753165279,1.105176069999,0.0,-0.014907865694,1.104935332031,0.0,0.522279381752,0.535203874111,-0.000324102119,-0.276559567175
738,1,0.207844560675,-0.009639530016,0.0,-0.207844560675,0.009639530016,0.0,0.249302771244,0.472044227994,0.0,-0.169979662008,0.476869541194,0.0,0.239193359786,0.81313457621,0.0,-0.051961543674,0.848377903621,0.0,0.209634003976,0.8414705052,0.0,0.006271878223,0.878130740025,0.0,0.259210531134,1.001559858904,0.0,-0.016407719251,1.035584399802,0.0,0.522665083408,0.535198807716,-0.000337339938,-0.295434561432
739,1,0.177084754311,-0.008408159556,0.0,-0.177084754311,0.008408159556,0.0,0.218903218047,0.397954654108,0.0,-0.145603702488,0.408262743455,0.0,0.197433148983,0.650086635154,0.0,-0.047424334654,0.724788286825,0.0,0.165046719813,0.669189941928,0.0,-0.00218099521,0.749945668562,0.0,0.223063313976,0.817724262402,0.0,-0.015449456323,0.885389188176,0.0,0.522883266211,0.535242497921,-0.0003334824,-0.345562854687
740,1,0.160692244006,-0.008010623298,0.0,-0.160692244006,0.008010623298,0.0,0.201257128973,0.345790206856,0.0,-0.13232347538,0.37187777553,0.0,0.174434015624,0.527791762636,0.0,-0.045562448812,0.650820841885,0.0,0.14424853555,0.529822057252,0.0,-0.009642840916,0.673242840417,0.0,0.201109094825,0.66668887941,0.0,-0.016925681924,0.805934127338,0.0,0.523015290499,0.534938573837,-0.000333248638,-0.380093278116
741,1,0.173242003213,-0.008423263723,0.0,-0.173242003213,0.008423263723,0.0,0.219136136807,0.375140144077,0.0,-0.141233228399,0.401831485927,0.0,0.185460275359,0.507403983943,0.0,-0.047517770781,0.699971081043,0.0,0.152327997817,0.495574554694,0.0,-0.011718476473,0.723010128538,0.0,0.190463229195,0.642629839445,0.0,-0.017877287205,0.871478324899,0.0,0.523614346981,0.535062611103,-0.000345289242,-0.351870802516
742,1,0.175607208029,-0.009394281915,0.0,-0.175607208029,0.009394281915,0.0,0.225761217913,0.368186595783,0.0,-0.141069207371,0.408762495893,0.0,0.188426303421,0.411915302524,0.0,-0.047763303244,0.712352703117,0.0,0.155948531388,0.391468080784,0.0,-0.015739820424,0.735033162888,0.0,0.188535775873,0.540372768207,0.0,-0.007258667554,0.889710783498,0.0,0.523675262928,0.53439411521,-0.000342058309,-0.347100664954
743,1,0.186164020677,-0.010210656609,0.0,-0.186164020677,0.010210656609,0.0,0.243505797609,0.396856371277,0.0,-0.146957138061,0.437313452932,0.0,0.245978344719,0.312260055059,0.0,-0.048694915808,0.766010039315,0.0,0.222502344535,0.282213228622,0.0,-0.015293776952,0.793835159393,0.0,0.206708478866,0.375873851937,0.0,-0.004402591935,0.950283880279,0.0,0.524279907346,0.533083587885,-0.000337699428,-0.327439621657
744,1,0.205939473697,-0.011789211723,0.0,-0.205939473697,0.011789211723,0.0,0.27961219178,0.437596850497,0.0,-0.160817621419,0.489939132365,0.0,0.271147696251,0.160496272077,0.0,-0.052344041722,0.857552723285,0.0,0.257978960111,0.14233498096,0.0,-0.016053036296,0.887037820162,0.0,0.281568646622,0.197419215936,0.0,-0.004122432875,1.055679903348,0.0,0.524473741651,0.532763421535,-0.000333024072,-0.296354492597
745,1,0.212472571434,-0.012108360596,0.0,-0.212472571434,0.012108360596,0.0,0.29069675814,0.450838871019,0.0,-0.164071611946,0.50611461766,0.0,0.277466496337,0.154767228504,0.0,-0.052738046454,0.886509782539,0.0,0.26837428619,0.134867214883,0.0,-0.015251959849,0.917699774049,0.0,0.302662256074,0.194843049994,0.0,-0.002515769061,1.089407865962,0.0,0.524701267481,0.532164245844,-0.000324665569,-0.28808792082
746,1,0.216256171798,-0.012331138481,0.0,-0.216256171798,0.012331138481,0.0,0.297289141795,0.459499666326,0.0,-0.162940136555,0.516775369019,0.0,0.287152001239,0.195597754063,0.0,-0.053075903765,0.904668345098,0.0,0.273162644034,0.152128215488,0.0,-0.015152301464,0.936534882402,0.0,0.308365634129,0.216517161372,0.0,0.000664246119,1.11146963627,0.0,0.524736210704,0.53204792738,-0.000329793664,-0.282904993299
747,1,0.224436989941,-0.012166184037,0.0,-0.224436989941,0.012166184037,0.0,0.309074673345,0.476242155922,0.0,-0.166600563801,0.537233085571,0.0,0.296529887681,0.177234526069,0.0,-0.054383216439,0.940337801101,0.0,0.281164825925,0.12712795601,0.0,-0.014063236127,0.975263801189,0.0,0.318922031713,0.177456615707,0.0,-0.00223455839,1.154252747961,0.0,0.52472230792,0.531780600548,-0.000323065324,-0.272675121805
748,1,0.220271036506,-0.011276800688,0.0,-0.220271036506,0.011276800688,0.0,0.304836042931,0.466149051522,0.0,-0.160881922228,0.52645266261,0.0,0.289732963671,0.158359367565,0.0,-0.051013310184,0.920515146953,0.0,0.288610985859,0.101888869214,0.0,-0.010375224723,0.954416239919,0.0,0.349036223742,0.174356014001,0.0,-0.002174439343,1.129808270741,0.0,0.525032967329,0.531318306923,-0.000334989047,-0.279090190605
749,1,0.2172119932,-0.011453368357,0.0,-0.2172119932,0.011453368357,0.0,0.301185777352,0.460201514624,0.0,-0.158488433993,0.519744668223,0.0,0.286130363237,0.155465916438,0.0,-0.046922094876,0.90995962356,0.0,0.294241546955,0.101583481461,0.0,-0.008166146241,0.942881753215,0.0,0.371483896224,0.168846447716,0.0,-1.7373211e-05,1.114681752102,0.0,0.524920195341,0.531133085489,-0.000335780438,-0.283044002555
750,1,0.21918481392,-0.011565555539,0.0,-0.21918481392,0.011565555539,0.0,0.30477545155,0.464837341111,0.0,-0.159729015826,0.524847078513,0.0,0.292533307823,0.167516050592,0.0,-0.047030850145,0.918462406472,0.0,0.306326205279,0.108934949447,0.0,-0.006964415763,0.952383005395,0.0,0.403023155979,0.199208563627,0.0,-0.003359346439,1.125081555703,0.0,0.524989366531,0.531141281128,-0.000351995695,-0.280409247202
751,1,0.214167685759,-0.011192385052,0.0,-0.214167685759,0.011192385052,0.0,0.295944123609,0.452964994348,0.0,-0.155936688328,0.511423281953,0.0,0.2825923784,0.184828829941,0.0,-0.043303642785,0.896620510225,0.0,0.295231202516,0.134372895302,0.0,-0.004629536523,0.930203771992,0.0,0.380690341501,0.219811851415,0.0,-0.002971022064,1.096109245899,0.0,0.524845987558,0.531134277582,-0.000351931434,-0.287939855637
752,1,0.208270894792,-0.010623898062,0.0,-0.208270894792,0.010623898062,0.0,0.287005186738,0.440758243856,0.0,-0.151572673652,0.497073496725,0.0,0.274718304803,0.160872433257,0.0,-0.04167567187,0.872489665951,0.0,0.290360435558,0.110196051099,0.0,-0.004262911797,0.906027060811,0.0,0.38195264069,0.187806795037,0.0,-0.000730064712,1.066770496348,0.0,0.524830296636,0.531066298485,-0.000349628739,-0.296180251725
753,1,0.209806490441,-0.010673258557,0.0,-0.209806490441,0.010673258557,0.0,0.287756758845,0.444615696441,0.0,-0.152434154301,0.500945083407,0.0,0.276260305997,0.156602252952,0.0,-0.041222175997,0.878788932675,0.0,0.29239572463,0.105497338208,0.0,-0.003022516146,0.912697040062,0.0,0.381615294915,0.180272761529,0.0,-0.000408557659,1.075483635108,0.0,0.524842128158,0.531074047089,-0.000353930518,-0.294151541216
754,1,0.210530620591,-0.0104917125,0.0,-0.210530620591,0.0104917125,0.0,0.283752311,0.448560661729,0.0,-0.153398547307,0.502346699732,0.0,0.276974439446,0.15178703393,0.0,-0.040424872022,0.88182434889,0.0,0.294668453751,0.101368583116,0.0,-0.001745094539,0.916121363018,0.0,0.402117622889,0.130638919826,0.0,-0.000559739632,1.078950089726,0.0,0.524851679802,0.531141996384,-0.00035413634,-0.293156992218
755,1,0.213917096724,-0.010428166467,0.0,-0.213917096724,0.010428166467,0.0,0.285804537456,0.461879108085,0.0,-0.156262872716,0.510073449615,0.0,0.315183670518,0.173411273076,0.0,-0.040862266217,0.895634380854,0.0,0.299506086511,0.110152945343,0.0,-0.001489103407,0.930148559883,0.0,0.402333465493,0.179027774805,0.0,0.000971486806,1.094595457312,0.0,0.524839431047,0.531255602837,-0.000355223194,-0.288456040431
756,1,0.206308972501,-0.010277901993,0.0,-0.206308972501,0.010277901993,0.0,0.273815024008,0.451248223291,0.0,-0.151848203275,0.491052882758,0.0,0.345395802708,0.232627869594,0.0,-0.037832135337,0.862313507096,0.0,0.307219599881,0.108525728867,0.0,0.000765175421,0.895017697214,0.0,0.402851338554,0.269369436981,0.0,0.000283510815,1.05518711472,0.0,0.524827256799,0.531364917755,-0.000356384553,-0.299220721707
757,1,0.178543285661,-0.009830817688,0.0,-0.178543285661,0.009830817688,0.0,0.235504416626,0.379817937102,0.0,-0.133366618439,0.424574003061,0.0,0.26348974406,0.386207400804,0.0,-0.033978678714,0.747072015168,0.0,0.229355073595,0.365510732642,0.0,-0.0007119968,0.775141341494,0.0,0.281379167519,0.521789240796,0.0,0.001867610039,0.917310289639,0.0,0.524428024888,0.531722873449,-0.000349139795,-0.343795611143
758,1,0.177333057674,-0.010807892722,0.0,-0.177333057674,0.010807892722,0.0,0.234005933187,0.373101992215,0.0,-0.133041603935,0.420075223461,0.0,0.242717896307,0.440399179172,0.0,-0.034040848944,0.740777848831,0.0,0.212703050676,0.443881156095,0.0,0.000365125654,0.763058097959,0.0,0.247219364731,0.612809389581,0.0,0.000758637932,0.912684467536,0.0,0.52434052527,0.533277869225,-0.000347407069,-0.343833092962
759,1,0.178316557563,-0.010935059396,0.0,-0.178316557563,0.010935059396,0.0,0.235758384726,0.372960562383,0.0,-0.13366623002,0.42017759525,0.0,0.23683099075,0.507011850625,0.0,-0.035130119023,0.737664260209,0.0,0.201437962675,0.51298684984,0.0,-0.00068649931,0.76060873251,0.0,0.241317919486,0.678970098235,0.0,0.001188202128,0.916326208095,0.0,0.524491220713,0.534647762775,-0.000349307898,-0.341088248036
760,1,0.179327765662,-0.011039101627,0.0,-0.179327765662,0.011039101627,0.0,0.235955267237,0.376945195836,0.0,-0.136435997339,0.42144389187,0.0,0.232440895003,0.557927698702,0.0,-0.039714001354,0.731965531306,0.0,0.19858111091,0.562571168108,0.0,-0.006295122127,0.752464655326,0.0,0.23959786585,0.726114883234,0.0,-0.003742932452,0.915005472714,0.0,0.524373903871,0.535113632679,-0.000349709764,-0.338170499113
761,1,0.177994551259,-0.010875447643,0.0,-0.177994551259,0.010875447643,0.0,0.234903706164,0.376360181805,0.0,-0.135105914664,0.418715579937,0.0,0.230689260534,0.619511125119,0.0,-0.038944542514,0.728095407851,0.0,0.199919153014,0.636517146528,0.0,-0.003494196082,0.746623336798,0.0,0.241719533509,0.774120772285,0.0,-0.003083728924,0.907469204282,0.0,0.524572774768,0.535544425249,-0.00035215728,-0.339359805985
762,1,0.179228389159,-0.010537937467,0.0,-0.179228389159,0.010537937467,0.0,0.235972179377,0.379935333503,0.0,-0.137555104624,0.419969178469,0.0,0.231320659608,0.639163383298,0.0,-0.039915026371,0.732717449159,0.0,0.202140922142,0.651624577671,0.0,-0.003908161209,0.752073933481,0.0,0.244835576818,0.814046805549,0.0,-0.003324749053,0.91287569022,0.0,0.524480834603,0.536327958107,-0.000349559821,-0.336226943387
763,1,0.198684951588,-0.011340165805,0.0,-0.198684951588,0.011340165805,0.0,0.261560375624,0.430835053795,0.0,-0.152420473261,0.464782593114,0.0,0.254500647494,0.735142285302,0.0,-0.043290501851,0.813630053411,0.0,0.221928889398,0.752139161636,0.0,-0.001748241147,0.834146420388,0.0,0.272835941067,0.928833245445,0.0,-0.003502775176,1.011414729636,0.0,0.524528980255,0.536737382412,-0.00034919288,-0.303096224943
764,1,0.214747068148,-0.011525596811,0.0,-0.214747068148,0.011525596811,0.0,0.28188058181,0.47419485944,0.0,-0.164760157035,0.500479223505,0.0,0.275069325476,0.829007945524,0.0,-0.044658578621,0.876738503748,0.0,0.241490610868,0.859208933446,0.0,0.006660588337,0.900739729503,0.0,0.296642856679,1.027619720222,0.0,-0.004647111196,1.088914756033,0.0,0.524497255683,0.537719190121,-0.000346147455,-0.280383313655
765,1,0.222951788467,-0.012042126004,0.0,-0.222951788467,0.012042126004,0.0,0.291913459491,0.501284627684,0.0,-0.171255601361,0.522650593715,0.0,0.285052666286,0.881622736533,0.0,-0.043167460067,0.913463435135,0.0,0.250869701707,0.914432549751,0.0,0.012621818909,0.941042279592,0.0,0.308798180416,1.082905393533,0.0,-0.005778122535,1.128909328322,0.0,0.524377450347,0.538012564182,-0.000345531851,-0.270188066738
766,1,0.222184542934,-0.012026703201,0.0,-0.222184542934,0.012026703201,0.0,0.290445080162,0.505750908993,0.0,-0.170643758922,0.521078585988,0.0,0.283010304977,0.895102042962,0.0,-0.040876315051,0.909697244952,0.0,0.250014086613,0.926742017465,0.0,0.019130578627,0.938065702939,0.0,0.306721325479,1.098631170752,0.0,-0.005260487323,1.123461677738,0.0,0.524390771985,0.538339197636,-0.000342998654,-0.27113918556
767,1,0.224604180226,-0.01162628217,0.0,-0.224604180226,0.01162628217,0.0,0.293664596146,0.514079783431,0.0,-0.173280410392,0.525058316387,0.0,0.285860289748,0.920305491641,0.0,-0.039721030068,0.91893781132,0.0,0.252559450495,0.952123048493,0.0,0.02251975154,0.94898035987,0.0,0.309124847387,1.127953034436,0.0,-0.004924915115,1.132888499212,0.0,0.524452656507,0.538935691118,-0.000342124142,-0.268370756608
768,1,0.220289563332,-0.011366919782,0.0,-0.220289563332,0.011366919782,0.0,0.288015058681,0.505167457428,0.0,-0.170427939687,0.514489554063,0.0,0.280155942632,0.918002481919,0.0,-0.038469744449,0.902461086459,0.0,0.247704571003,0.953801786522,0.0,0.022126928833,0.934603809642,0.0,0.301775798391,1.118401023189,0.0,-0.002871202718,1.109291652545,0.0,0.524499937892,0.53892493248,-0.000342006795,-0.274030185049
769,1,0.21956473122,-0.011139331312,0.0,-0.21956473122,0.011139331312,0.0,0.286778988179,0.504473497242,0.0,-0.170588850407,0.511328053724,0.0,0.278989158131,0.90823891645,0.0,-0.038732826252,0.896363086994,0.0,0.246983282124,0.939174654914,0.0,0.02185522223,0.927621632411,0.0,0.298714937722,1.119325415547,0.0,0.002920103023,1.103851263495,0.0,0.524471133947,0.539223819971,-0.000340710394,-0.275120842731
770,1,0.220914600123,-0.010947872852,0.0,-0.220914600123,0.010947872852,0.0,0.288106125941,0.506912196041,0.0,-0.171727614787,0.513233322346,0.0,0.280588601825,0.921030671646,0.0,-0.039088697553,0.901794894214,0.0,0.248332784868,0.956931969023,0.0,0.021782464066,0.933643310987,0.0,0.299669018471,1.130265613687,0.0,0.004855650579,1.110177148324,0.0,0.524436697364,0.539027243853,-0.000337461941,-0.273736475821
771,1,0.219736418516,-0.010426828149,0.0,-0.219736418516,0.010426828149,0.0,0.285170874981,0.503604007655,0.0,-0.171107917447,0.509057754309,0.0,0.279105766424,0.914825557768,0.0,-0.039289801819,0.89563186923,0.0,0.249064356411,0.951758920031,0.0,0.021395717525,0.927600920864,0.0,0.29750693676,1.118248597102,0.0,0.007429898749,1.102951988778,0.0,0.52445679903,0.539308398962,-0.000336999074,-0.275227997303
772,1,0.219350446712,-0.010005958223,0.0,-0.219350446712,0.010005958223,0.0,0.283679684101,0.502373350348,0.0,-0.170711396047,0.508077089316,0.0,0.277502951095,0.913737818446,0.0,-0.039569810354,0.895361978465,0.0,0.248347740805,0.949245140344,0.0,0.019903045894,0.929255644764,0.0,0.295910266522,1.122987449425,0.0,0.007028510331,1.099401129529,0.0,0.524356782436,0.538932859898,-0.000336382538,-0.27647830586
773,1,0.231457545484,-0.010343374946,0.0,-0.231457545484,0.010343374946,0.0,0.299013776116,0.530370637604,0.0,-0.180238402369,0.535026220054,0.0,0.292950324236,0.957648713657,0.0,-0.042195524882,0.943744083214,0.0,0.262412356419,0.992090148788,0.0,0.020540729657,0.979541623687,0.0,0.311839779482,1.177797398626,0.0,0.00895854338,1.158729556368,0.0,0.52436901629,0.539248913527,-0.000336700119,-0.261958766704
774,1,0.229256514809,-0.010002693961,0.0,-0.229256514809,0.010002693961,0.0,0.295467063034,0.526339074569,0.0,-0.177490546612,0.531323689378,0.0,0.289111420871,0.954532624249,0.0,-0.041286407363,0.938551941085,0.0,0.25832456311,0.990901626228,0.0,0.020823411409,0.976143851401,0.0,0.307975315381,1.169252419793,0.0,0.0078679946,1.147117441999,0.0,0.524387791753,0.538399457932,-0.000335082412,-0.265389711493
775,1,0.22708078078,-0.009835692984,0.0,-0.22708078078,0.009835692984,0.0,0.291490370446,0.520051016348,0.0,-0.175712648162,0.525135937226,0.0,0.285639271179,0.939927204798,0.0,-0.041704008548,0.928245425851,0.0,0.26038934303,0.975757142045,0.0,0.02002950556,0.964628245591,0.0,0.303557458107,1.153765994875,0.0,0.00730033501,1.133798524906,0.0,0.524255424738,0.538381904364,-0.000334730372,-0.268547425701
776,1,0.22801346257,-0.009611023706,0.0,-0.22801346257,0.009611023706,0.0,0.29063906619,0.52180566378,0.0,-0.176381209589,0.526706520008,0.0,0.284814956756,0.944264931507,0.0,-0.042466206685,0.930490277806,0.0,0.259624173926,0.982047498426,0.0,0.019302962487,0.966637450069,0.0,0.302176734422,1.154078718062,0.0,0.006096601214,1.135181440893,0.0,0.524026185274,0.537875473499,-0.000330789015,-0.268502417064
777,1,0.226991912135,-0.009606055888,0.0,-0.226991912135,0.009606055888,0.0,0.288371523354,0.519179359903,0.0,-0.17530591042,0.523525905598,0.0,0.283452842935,0.937768006575,0.0,-0.042407913059,0.923579242087,0.0,0.257779539312,0.975403695547,0.0,0.019240210635,0.959334239651,0.0,0.300850287341,1.145829623584,0.0,0.007239955311,1.127333397865,0.0,0.524090960622,0.537815243006,-0.000326281413,-0.269928791749
778,1,0.227065728987,-0.010014077262,0.0,-0.227065728987,0.010014077262,0.0,0.288136296205,0.521548639889,0.0,-0.175086580569,0.528143628683,0.0,0.283362459997,0.938990355705,0.0,-0.042341163164,0.92831346938,0.0,0.25795393332,0.974910921573,0.0,0.019040892315,0.964184603175,0.0,0.300159544472,1.148402048896,0.0,0.006648889614,1.131745205859,0.0,0.524119928479,0.536444574594,-0.000325206667,-0.270096715065
779,1,0.210908713122,-0.009290844044,0.0,-0.210908713122,0.009290844044,0.0,0.266004393609,0.484635256168,0.0,-0.163769727349,0.490798043584,0.0,0.263761189038,0.876139217988,0.0,-0.039354277254,0.862809005843,0.0,0.240855130082,0.90968606392,0.0,0.017860207534,0.89609864165,0.0,0.27927635402,1.068880055961,0.0,0.005345109454,1.051320644798,0.0,0.524167567492,0.536463648081,-0.000324225985,-0.290595965151
780,1,0.226938489885,-0.010054925699,0.0,-0.226938489885,0.010054925699,0.0,0.284982147044,0.52118970627,0.0,-0.176511365341,0.527723991073,0.0,0.28392107005,0.941798509588,0.0,-0.043739682103,0.928577995255,0.0,0.260251544061,0.977685031077,0.0,0.017599676009,0.963575121854,0.0,0.29815535783,1.149583253095,0.0,0.005288404209,1.130438438157,0.0,0.524301916361,0.536441236734,-0.000326458365,-0.270279866563
781,1,0.231097772084,-0.010677662166,0.0,-0.231097772084,0.010677662166,0.0,0.291517411875,0.530241280896,0.0,-0.179308576058,0.537869856032,0.0,0.292183484418,0.959587384349,0.0,-0.041748881814,0.9452356782,0.0,0.267793942257,0.996618224153,0.0,0.021143100304,0.981041160803,0.0,0.305261621115,1.171249535854,0.0,0.009182181177,1.152552193551,0.0,0.525298595428,0.53702378273,-0.000332939439,-0.264567476973
782,1,0.227747340996,-0.010594664709,0.0,-0.227747340996,0.010594664709,0.0,0.286618043496,0.522906297466,0.0,-0.17624065008,0.529825004009,0.0,0.285923065805,0.944949615893,0.0,-0.04163091699,0.931928243993,0.0,0.257569130025,0.981200975003,0.0,0.018438325195,0.967352909217,0.0,0.302676544476,1.153627348269,0.0,0.005953583044,1.135955629075,0.0,0.526005938649,0.536849588156,-0.000333091244,-0.268572570518
783,1,0.245840056508,-0.011603199493,0.0,-0.245840056508,0.011603199493,0.0,0.310111830883,0.563990258616,0.0,-0.190471283673,0.571186942619,0.0,0.312085417446,1.022138138916,0.0,-0.04546948846,1.006870530921,0.0,0.282700959779,1.062590537298,0.0,0.022658767754,1.04533108436,0.0,0.324282614843,1.245990663319,0.0,0.007753684667,1.225798818709,0.0,0.526930063963,0.537344872952,-0.000325491652,-0.248102700905
784,1,0.241427033974,-0.011713374922,0.0,-0.241427033974,0.011713374922,0.0,0.302688001319,0.551171677174,0.0,-0.186099482342,0.559092012796,0.0,0.308155036555,1.003738004545,0.0,-0.043955859046,0.989784541842,0.0,0.279870127275,1.044514532439,0.0,0.023545437017,1.028986903031,0.0,0.317533326814,1.222948850686,0.0,0.003325008753,1.203256209073,0.0,0.527539044619,0.537250459194,-0.000321232714,-0.252857474738
785,1,0.243380975027,-0.012186263339,0.0,-0.243380975027,0.012186263339,0.0,0.30484008683,0.55483312862,0.0,-0.190991780698,0.562815702548,0.0,0.309403409499,1.011316669851,0.0,-0.045911395406,0.994656516451,0.0,0.280428433384,1.052372421639,0.0,0.022786643908,1.034384098852,0.0,0.317456982453,1.231037605914,0.0,0.003613101197,1.211450675238,0.0,0.527619749308,0.537575572729,-0.000320859253,-0.250594795772
786,1,0.240136415749,-0.011784470677,0.0,-0.240136415749,0.011784470677,0.0,0.300385005181,0.545864777798,0.0,-0.189902729252,0.552406915787,0.0,0.302497350317,0.98143922561,0.0,-0.044882752815,0.979172994803,0.0,0.269971440645,1.017385978498,0.0,0.021268350579,1.018217900879,0.0,0.316386882992,1.199368118309,0.0,0.002009852581,1.192262359367,0.0,0.527751848102,0.538536399603,-0.00032206066,-0.253701609645
787,1,0.236031062716,-0.011670451995,0.0,-0.236031062716,0.011670451995,0.0,0.296710593336,0.534015216593,0.0,-0.186806526037,0.542721617675,0.0,0.296868256848,0.937067883975,0.0,-0.047244958005,0.963562058212,0.0,0.264998034255,0.974423964556,0.0,0.011815516297,1.00131784585,0.0,0.313688087003,1.150092788692,0.0,-0.000259613086,1.173592280907,0.0,0.527820110321,0.538514643908,-0.000317992643,-0.257829900769
788,1,0.235519493536,-0.012115587539,0.0,-0.235519493536,0.012115587539,0.0,0.297277006589,0.530359065141,0.0,-0.186932673702,0.54278201658,0.0,0.290894760318,0.869457652785,0.0,-0.05166161347,0.96086596779,0.0,0.258495002794,0.897044197861,0.0,0.000223306455,0.995442674589,0.0,0.316527316183,1.098564302217,0.0,-0.010209977544,1.172733682211,0.0,0.527880430222,0.5383939147,-0.000323223881,-0.258110279677
789,1,0.228400593866,-0.011829989722,0.0,-0.228400593866,0.011829989722,0.0,0.288315413949,0.513229093749,0.0,-0.18153637929,0.528838560316,0.0,0.279347144841,0.769456560146,0.0,-0.059362655406,0.926100088802,0.0,0.242221778842,0.782208447193,0.0,-0.014603012555,0.957182030029,0.0,0.308840808183,0.995199969923,0.0,-0.011277377358,1.139027592439,0.0,0.527848377824,0.538416534662,-0.000323762186,-0.266278817481
790,1,0.228375441293,-0.012433991115,0.0,-0.228375441293,0.012433991115,0.0,0.285483773155,0.507487370624,0.0,-0.181935964663,0.529672211954,0.0,0.276851906003,0.718545222213,0.0,-0.060380411215,0.920789374702,0.0,0.240199332476,0.724170144282,0.0,-0.016462397323,0.947694456977,0.0,0.305113562102,0.92052155326,0.0,-0.018467027379,1.140140509815,0.0,0.527737826109,0.538218975067,-0.000327778049,-0.26617418939
791,1,0.232701501365,-0.013331039688,0.0,-0.232701501365,0.013331039688,0.0,0.287624275778,0.510229167109,0.0,-0.184516418417,0.53892186492,0.0,0.28179782947,0.660016601707,0.0,-0.059471583352,0.934301622213,0.0,0.248896927127,0.645174465147,0.0,-0.013139799157,0.962263817708,0.0,0.304576562186,0.853997714846,0.0,-0.02141334835,1.160796364209,0.0,0.527737230062,0.538783699274,-0.000343353953,-0.261182564019
792,1,0.229242677741,-0.013776536446,0.0,-0.229242677741,0.013776536446,0.0,0.283167701173,0.477696336995,0.0,-0.182191019313,0.531023544475,0.0,0.276844236864,0.535730712411,0.0,-0.058135942265,0.922145221381,0.0,0.244751362006,0.503157110295,0.0,-0.013622892685,0.949827642975,0.0,0.297827408053,0.697320532872,0.0,-0.021249517035,1.149906012921,0.0,0.527652233839,0.538607269526,-0.000360655598,-0.2649633939
793,1,0.248647508661,-0.014496494867,0.0,-0.248647508661,0.014496494867,0.0,0.303775852069,0.550354876465,0.0,-0.19845848087,0.584270443343,0.0,0.299634485108,0.199385022538,0.0,-0.060406643644,1.0042558307,0.0,0.270690366827,0.110950905812,0.0,-0.014102163327,1.031485294037,0.0,0.415890142829,0.184591877949,0.0,-0.021500812658,1.249379646481,0.0,0.527997776866,0.538725614548,-0.000349826179,-0.243924175036
794,1,0.258071792261,-0.014061014763,0.0,-0.258071792261,0.014061014763,0.0,0.314882438776,0.570049647492,0.0,-0.206296128535,0.609806720211,0.0,0.278708943158,0.159725639029,0.0,-0.062169239861,1.054785729382,0.0,0.253103265776,0.126157483711,0.0,-0.018586309343,1.08655437456,0.0,0.372564105921,0.194857606128,0.0,-0.020632657185,1.299040623038,0.0,0.528127595782,0.538294106722,-0.000337670324,-0.235436192124
795,1,0.25880305766,-0.013253998265,0.0,-0.25880305766,0.013253998265,0.0,0.317113114083,0.571185020483,0.0,-0.206516554028,0.617680773602,0.0,0.26991831979,0.1098038905,0.0,-0.060456785225,1.070366389604,0.0,0.257007625593,0.048047218548,0.0,-0.016664075888,1.104275341833,0.0,0.374313712237,0.127380652813,0.0,-0.017794721068,1.309337737978,0.0,0.528546452522,0.537460893393,-0.000334029086,-0.234908618509
796,1,0.263572659911,-0.01332289933,0.0,-0.263572659911,0.01332289933,0.0,0.325907326418,0.579955447564,0.0,-0.209905609408,0.632280744232,0.0,0.312879592246,0.176525313202,0.0,-0.059955762038,1.097760723006,0.0,0.29972011331,0.084545489081,0.0,-0.016116431333,1.136221919577,0.0,0.405777621777,0.137195299347,0.0,-0.016626861487,1.335848980934,0.0,0.528679817915,0.537196576595,-0.000336679397,-0.230510614947
797,1,0.26814126291,-0.013398156492,0.0,-0.26814126291,0.013398156492,0.0,0.335439687953,0.584645359278,0.0,-0.212607899788,0.644015515597,0.0,0.289023242496,0.178014404573,0.0,-0.059408200971,1.116039903079,0.0,0.291479389395,0.102275192192,0.0,-0.014950496527,1.15520604995,0.0,0.369391812118,0.214922052748,0.0,-0.015865407961,1.359356669814,0.0,0.528853729367,0.537104874849,-0.000335359131,-0.226780167573
798,1,0.269544811663,-0.013075013002,0.0,-0.269544811663,0.013075013002,0.0,0.355291201516,0.585628011138,0.0,-0.21364322427,0.649859750451,0.0,0.290868885909,0.177796853358,0.0,-0.057034413568,1.124473702091,0.0,0.292742555967,0.107054879897,0.0,-0.013103341911,1.165014285431,0.0,0.37770564159,0.228264044786,0.0,-0.015771145899,1.369614512632,0.0,0.5288733989,0.536477595568,-0.000333272386,-0.225656350641
799,1,0.26835402969,-0.013084951734,0.0,-0.26835402969,0.013084951734,0.0,0.37618970053,0.580175678839,0.0,-0.212573976065,0.646193660544,0.0,0.350358274643,0.205413565012,0.0,-0.05607245882,1.119040399056,0.0,0.32862078438,0.126687491854,0.0,-0.012245987402,1.159894577255,0.0,0.403317068344,0.232021451896,0.0,-0.015987512,1.363245072123,0.0,0.528887376189,0.536466807127,-0.000332703115,-0.2267239683
800,1,0.267634209108,-0.013430115987,0.0,-0.267634209108,0.013430115987,0.0,0.391764715674,0.57395518585,0.0,-0.212933866576,0.64264658367,0.0,0.364021886897,0.223509860632,0.0,-0.057067009517,1.114545074394,0.0,0.333927558724,0.160001855774,0.0,-0.0134356077,1.155685330388,0.0,0.399430624624,0.259648473227,0.0,-0.017045232495,1.357777247071,0.0,0.528546750546,0.536132752895,-0.000329781091,-0.227924772958
801,1,0.267293859746,-0.013796030549,0.0,-0.267293859746,0.013796030549,0.0,0.402204154479,0.57672145066,0.0,-0.21379056381,0.646410771426,0.0,0.360503113848,0.187268071887,0.0,-0.05652154119,1.123255350617,0.0,0.332301495056,0.119888351239,0.0,-0.011116225113,1.165396794395,0.0,0.402157225203,0.230682750053,0.0,-0.012828686147,1.363741613286,0.0,0.528337746859,0.534915596247,-0.0003280479,-0.227982076929
802,1,0.26707361813,-0.014279786118,0.0,-0.26707361813,0.014279786118,0.0,0.408667463557,0.578190218734,0.0,-0.214415976686,0.64606260898,0.0,0.356202636954,0.172502051237,0.0,-0.054097943495,1.125511786768,0.0,0.348974103897,0.10114358957,0.0,-0.007866244969,1.169282713639,0.0,0.426571176527,0.204851864548,0.0,-0.012683613437,1.364202459932,0.0,0.528125375509,0.534306526184,-0.000322219916,-0.228291713175
803,1,0.267166931036,-0.014497951895,0.0,-0.267166931036,0.014497951895,0.0,0.409922973048,0.578852863697,0.0,-0.214775774359,0.64399994197,0.0,0.355243476599,0.197133149773,0.0,-0.053483971384,1.126103564608,0.0,0.351773510941,0.128302071553,0.0,-0.007453287338,1.17014033654,0.0,0.425141072021,0.242743334746,0.0,-0.013080039984,1.364546376248,0.0,0.52801258862,0.53412759304,-0.000321349595,-0.228355040306
804,1,0.266793905617,-0.014210847034,0.0,-0.266793905617,0.014210847034,0.0,0.408478749197,0.577762140044,0.0,-0.214822941921,0.641929801635,0.0,0.356836027831,0.208717947337,0.0,-0.053692053287,1.12317371168,0.0,0.340010057612,0.137657587756,0.0,-0.008498596546,1.166697940856,0.0,0.417563204224,0.233879370237,0.0,-0.012117992708,1.361742686197,0.0,0.527896165848,0.534265786409,-0.000321176136,-0.228709229283
805,1,0.267936430216,-0.014255267792,0.0,-0.267936430216,0.014255267792,0.0,0.408595927529,0.583377505343,0.0,-0.215981816114,0.64635089132,0.0,0.355564488422,0.214183202913,0.0,-0.054161994106,1.129531315533,0.0,0.347602239886,0.145577918756,0.0,-0.008770685347,1.172771068508,0.0,0.419222162856,0.245483509758,0.0,-0.013605206848,1.368736203841,0.0,0.527829036117,0.534276932478,-0.000321957981,-0.227691319509
806,1,0.26986399822,-0.014261670547,0.0,-0.26986399822,0.014261670547,0.0,0.40718546709,0.585648167182,0.0,-0.217574145453,0.651881857853,0.0,0.354056746717,0.219754490546,0.0,-0.053401411568,1.133176816386,0.0,0.343037100737,0.132296422915,0.0,-0.008202056308,1.176160687292,0.0,0.420602347684,0.238568603726,0.0,-0.008293392066,1.374488519813,0.0,0.527674973011,0.534944683313,-0.000321538653,-0.226448132766
807,1,0.268970740037,-0.013940952881,0.0,-0.268970740037,0.013940952881,0.0,0.393491532613,0.597027188992,0.0,-0.215612648438,0.646371987896,0.0,0.371119806115,0.301053868972,0.0,-0.052629582321,1.12180383102,0.0,0.341208565957,0.187104788619,0.0,-0.008003635053,1.16500475906,0.0,0.418270290485,0.37139704619,0.0,-0.008423560653,1.366668979364,0.0,0.527649909258,0.535657525063,-0.000319028273,-0.227247484544
808,1,0.26289939284,-0.014742447856,0.0,-0.26289939284,0.014742447856,0.0,0.376711429129,0.57326922905,0.0,-0.214333241737,0.627523511266,0.0,0.347431248637,0.570880414205,0.0,-0.053447357709,1.086126932463,0.0,0.317098357025,0.538005331769,0.0,-0.011040118552,1.126960880605,0.0,0.329621024485,0.760679788203,0.0,-0.011994771723,1.333852884526,0.0,0.526877790689,0.536547333002,-0.000318641774,-0.232199170029
809,1,0.239276409167,-0.014096454537,0.0,-0.239276409167,0.014096454537,0.0,0.333214174008,0.51347225282,0.0,-0.195493921029,0.564315605884,0.0,0.301027177395,0.603375959856,0.0,-0.051440849751,0.986145327569,0.0,0.267901820023,0.600461892396,0.0,-0.012658876921,1.020174365615,0.0,0.28706380033,0.833716134517,0.0,-0.010737717875,1.221830937417,0.0,0.526235565543,0.536685973406,-0.000324254293,-0.253508190013
810,1,0.231776488174,-0.013974255079,0.0,-0.231776488174,0.013974255079,0.0,0.314813968334,0.493875255684,0.0,-0.190858502028,0.545669304286,0.0,0.287317751572,0.660579245412,0.0,-0.056330292025,0.956491542578,0.0,0.249018931474,0.6682598933,0.0,-0.019278334802,0.990950152976,0.0,0.281005979529,0.892098169692,0.0,-0.011443914015,1.184940721078,0.0,0.525816068053,0.536934107542,-0.000326591464,-0.260864729578
811,1,0.23270858324,-0.014906458192,0.0,-0.23270858324,0.014906458192,0.0,0.306758835481,0.498042360544,0.0,-0.195379929862,0.550344023961,0.0,0.281937423122,0.741568969534,0.0,-0.063313105471,0.963751153518,0.0,0.243918063254,0.752819235661,0.0,-0.025891556807,0.996615287197,0.0,0.28745232969,0.963098344607,0.0,-0.015374747487,1.196453381981,0.0,0.524612873793,0.537362098694,-0.000332063802,-0.257936309946
812,1,0.234713765674,-0.014963188444,0.0,-0.234713765674,0.014963188444,0.0,0.302251688524,0.502253466494,0.0,-0.197219180601,0.548538291338,0.0,0.283439158838,0.810151138976,0.0,-0.072070564973,0.970323016702,0.0,0.245732320042,0.835891620834,0.0,-0.032472780832,1.003117731212,0.0,0.296810560861,1.024489421034,0.0,-0.017357333543,1.201451243854,0.0,0.5244859308,0.537382274866,-0.000337616773,-0.255825107959
813,1,0.249944364383,-0.015954923897,0.0,-0.249944364383,0.015954923897,0.0,0.31629840842,0.546409913403,0.0,-0.215609866626,0.586208022605,0.0,0.296563838863,0.934379482814,0.0,-0.08257030107,1.038916247493,0.0,0.257770442421,0.965652452541,0.0,-0.036462585698,1.070587642121,0.0,0.324078851888,1.171535323081,0.0,-0.023351924143,1.288276827876,0.0,0.523253247142,0.538508504629,-0.000346241519,-0.237715515189
814,1,0.246969409237,-0.013986332717,0.0,-0.246969409237,0.013986332717,0.0,0.307232212816,0.550361102508,0.0,-0.212792760925,0.579984959743,0.0,0.294399807043,0.986498175929,0.0,-0.07948490796,1.030459857205,0.0,0.270863883578,1.024195186959,0.0,-0.028361869622,1.062137672199,0.0,0.319821002157,1.205990760295,0.0,-0.02817633967,1.272429556252,0.0,0.523259744048,0.538018643856,-0.000333649572,-0.240628957623
815,1,0.260335813166,-0.013509739849,0.0,-0.260335813166,0.013509739849,0.0,0.32171057199,0.600128076704,0.0,-0.224137490863,0.610572292236,0.0,0.309501405016,1.053292200766,0.0,-0.083170305573,1.079778987925,0.0,0.285370928416,1.096302886241,0.0,-0.024183276521,1.114454586573,0.0,0.330299619919,1.282730673351,0.0,-0.032051638118,1.334519443511,0.0,0.523216754198,0.538862884045,-0.000326013193,-0.228597700199
816,1,0.255583773443,-0.012739154104,0.0,-0.255583773443,0.012739154104,0.0,0.314286749896,0.594772931508,0.0,-0.220187314497,0.601278341271,0.0,0.30159600256,1.029832778411,0.0,-0.081843071748,1.059735899432,0.0,0.277580242889,1.069790202187,0.0,-0.021891737125,1.092449678309,0.0,0.318705942926,1.273463656487,0.0,-0.03266486122,1.308739545543,0.0,0.523103326559,0.538732677698,-0.000336433761,-0.233336798737
817,1,0.256235257496,-0.012323533935,0.0,-0.256235257496,0.012323533935,0.0,0.314250435123,0.597922731514,0.0,-0.220648832322,0.601624869951,0.0,0.30058659967,1.040854903964,0.0,-0.082058483026,1.060446996132,0.0,0.277530164496,1.082503769504,0.0,-0.02207954238,1.093717889899,0.0,0.306154645555,1.28691318219,0.0,-0.032649223088,1.309672980676,0.0,0.523057162762,0.538874298334,-0.000337518752,-0.232983944085
818,1,0.255917871686,-0.011742582843,0.0,-0.255917871686,0.011742582843,0.0,0.310052109965,0.603892962826,0.0,-0.22206904077,0.603471353624,0.0,0.288417808677,1.035758767052,0.0,-0.084636450333,1.058429077134,0.0,0.268557843328,1.078136624368,0.0,-0.028081791953,1.09180774991,0.0,0.28887812927,1.278677468832,0.0,-0.034018560561,1.307150910182,0.0,0.522660240531,0.539051026106,-0.000338072889,-0.233267356051
819,1,0.254720124013,-0.011247008102,0.0,-0.254720124013,0.011247008102,0.0,0.304706206197,0.601561869759,0.0,-0.2226389396,0.600481793487,0.0,0.275673349858,1.020515713758,0.0,-0.08621350299,1.051385588189,0.0,0.251394986732,1.058836210691,0.0,-0.030080251102,1.086410012173,0.0,0.278639054001,1.271519093518,0.0,-0.037822278436,1.297814064387,0.0,0.522179469466,0.53920429945,-0.00034063682,-0.234814679317
820,1,0.266621286901,-0.011330471852,0.0,-0.266621286901,0.011330471852,0.0,0.310452475474,0.62551896853,0.0,-0.23500401566,0.624207649486,0.0,0.276544418762,1.04995318935,0.0,-0.094822136919,1.091438195751,0.0,0.250017181038,1.083031350727,0.0,-0.037422713579,1.125471026937,0.0,0.281548191702,1.315024555704,0.0,-0.043013295856,1.347791176588,0.0,0.521217495203,0.539334475994,-0.000334012322,-0.225951640473
821,1,0.269510077167,-0.010637860638,0.0,-0.269510077167,0.010637860638,0.0,0.307754056811,0.626227199567,0.0,-0.239998746943,0.626737644871,0.0,0.26829541377,1.056511886438,0.0,-0.099783960966,1.096856177299,0.0,0.233010848943,1.094124511868,0.0,-0.04207523929,1.133173710353,0.0,0.277918887133,1.327412349722,0.0,-0.048150148925,1.354300314922,0.0,0.520240783691,0.539815425873,-0.000333361328,-0.224548508883
822,1,0.271025453478,-0.009893840655,0.0,-0.271025453478,0.009893840655,0.0,0.30683125828,0.626708199272,0.0,-0.24130211117,0.628209203286,0.0,0.265132514383,1.067963423638,0.0,-0.102253734182,1.09991496445,0.0,0.230578389769,1.110385499638,0.0,-0.045743796551,1.136840462309,0.0,0.275636346021,1.329333638829,0.0,-0.049956996283,1.358151850411,0.0,0.519842728972,0.539994895458,-0.000334098935,-0.223765006745
823,1,0.27779908426,-0.009756699954,0.0,-0.27779908426,0.009756699954,0.0,0.308777116547,0.639078125112,0.0,-0.248104177001,0.641325361676,0.0,0.263817835211,1.091825174178,0.0,-0.109375462109,1.120134969998,0.0,0.230719709419,1.140523277329,0.0,-0.051973702689,1.159792997707,0.0,0.269516699858,1.35632189893,0.0,-0.055816006716,1.386080173745,0.0,0.518827959895,0.540015935898,-0.000339025632,-0.219163922362
824,1,0.283847582001,-0.009866063187,0.0,-0.283847582001,0.009866063187,0.0,0.311314279836,0.651632508443,0.0,-0.258157775198,0.654755327091,0.0,0.262485042175,1.119878421962,0.0,-0.116781227204,1.141607363995,0.0,0.22879797616,1.170811799612,0.0,-0.056917576769,1.183086204088,0.0,0.269734640954,1.387899066997,0.0,-0.063487269674,1.414644900772,0.0,0.517482429743,0.540033102036,-0.000339879654,-0.214650260068
825,1,0.282163853603,-0.009742389301,0.0,-0.282163853603,0.009742389301,0.0,0.304841027069,0.64693557844,0.0,-0.256055441736,0.65045369411,0.0,0.256452319162,1.107753571032,0.0,-0.119825817226,1.13384598645,0.0,0.226733812041,1.154967091508,0.0,-0.060156578666,1.174177724063,0.0,0.262418167395,1.376299757561,0.0,-0.065581857229,1.405087850507,0.0,0.516376972198,0.540044784546,-0.000336670317,-0.216114795557
826,1,0.279379433461,-0.009542230261,0.0,-0.279379433461,0.009542230261,0.0,0.301931026354,0.637603989849,0.0,-0.252268614099,0.64453825459,0.0,0.250400414597,1.100593144192,0.0,-0.118506349437,1.122186661537,0.0,0.221054996386,1.148867692554,0.0,-0.058020948579,1.162610263721,0.0,0.256334526609,1.35905632532,0.0,-0.069204735346,1.390921866106,0.0,0.515582367778,0.54004317522,-0.000337808393,-0.21814948468
827,1,0.266011290416,-0.008610333571,0.0,-0.266011290416,0.008610333571,0.0,0.285210244943,0.606626094698,0.0,-0.243409441762,0.615283480696,0.0,0.233441886782,1.054906172561,0.0,-0.117862877134,1.070193128302,0.0,0.205352760561,1.102120481359,0.0,-0.059547584241,1.109607682608,0.0,0.238317222112,1.298744886262,0.0,-0.071740288927,1.32664319599,0.0,0.514355584979,0.539769858122,-0.000338481739,-0.228652142563
828,1,0.24670619487,-0.007842918772,0.0,-0.24670619487,0.007842918772,0.0,0.260551513784,0.562349221598,0.0,-0.228558521734,0.569708880426,0.0,0.211795525432,0.975796524223,0.0,-0.113201317008,0.99588810777,0.0,0.185510701775,1.01745036692,0.0,-0.060021948075,1.033247809611,0.0,0.216075172113,1.207080071606,0.0,-0.07093243816,1.229704753769,0.0,0.513145893812,0.539721876383,-0.000349411741,-0.246739033739
829,1,0.26667066325,-0.00836508032,0.0,-0.26667066325,0.00836508032,0.0,0.276639439509,0.60773232704,0.0,-0.249241044559,0.614840051347,0.0,0.221078537963,1.050825576601,0.0,-0.127621374597,1.07751395515,0.0,0.18739935905,1.095376075111,0.0,-0.069957666997,1.118188366328,0.0,0.227672031556,1.30051698038,0.0,-0.081352602506,1.32848148534,0.0,0.511863440275,0.539743125439,-0.000349607319,-0.228633099004
830,1,0.268508937176,-0.008364318985,0.0,-0.268508937176,0.008364318985,0.0,0.277380617056,0.609812313478,0.0,-0.250927671038,0.617498274579,0.0,0.218273007301,1.053841475756,0.0,-0.130811321155,1.083120454693,0.0,0.184078192284,1.097605706449,0.0,-0.073379639003,1.123874038567,0.0,0.228035285584,1.306801798205,0.0,-0.086017180578,1.334696827551,0.0,0.510910466313,0.539757698774,-0.000341522507,-0.22761706775
831,1,0.270101574802,-0.008314146702,0.0,-0.270101574802,0.008314146702,0.0,0.278415063395,0.613320309426,0.0,-0.251170428472,0.621112839408,0.0,0.216453104251,1.058438245839,0.0,-0.133607259524,1.091252847044,0.0,0.181075960545,1.100003319618,0.0,-0.076541363657,1.130571928464,0.0,0.227052071708,1.31345077698,0.0,-0.089566381931,1.342553646791,0.0,0.510202541947,0.539781957865,-0.000345165841,-0.226424113704
832,1,0.271735404416,-0.008454262072,0.0,-0.271735404416,0.008454262072,0.0,0.279346344285,0.616178468336,0.0,-0.253945844775,0.623814550402,0.0,0.213833058151,1.062632157154,0.0,-0.137763225335,1.09703700353,0.0,0.177058493589,1.104696904519,0.0,-0.080710552985,1.136558948535,0.0,0.225662990925,1.319737846722,0.0,-0.093905442375,1.349463068689,0.0,0.50935921073,0.539837747812,-0.000344013795,-0.225216649173
833,1,0.274329598619,-0.008645376,0.0,-0.274329598619,0.008645376,0.0,0.281260394114,0.622582547314,0.0,-0.257396525339,0.629627612453,0.0,0.2055554825,1.073404557848,0.0,-0.140952409321,1.107960341131,0.0,0.168417848286,1.117392610317,0.0,-0.08405389654,1.14803964839,0.0,0.226986600126,1.332609638082,0.0,-0.097694718044,1.361693338824,0.0,0.508695319295,0.540390312672,-0.000345068518,-0.222468366625
834,1,0.276869252003,-0.008714337703,0.0,-0.276869252003,0.008714337703,0.0,0.283413878183,0.626590637099,0.0,-0.260165523127,0.634028761226,0.0,0.203041302016,1.080859783791,0.0,-0.142710690448,1.11626205904,0.0,0.166431097432,1.124950351568,0.0,-0.085750297536,1.156584308335,0.0,0.227446305751,1.342128785654,0.0,-0.099904838039,1.371358759273,0.0,0.508408159018,0.540357381105,-0.00034226384,-0.22084121982
835,1,0.283955798906,-0.009052523106,0.0,-0.283955798906,0.009052523106,0.0,0.290320867221,0.643030475062,0.0,-0.268411819001,0.650882376942,0.0,0.207552365158,1.109715302778,0.0,-0.14829864162,1.146932340989,0.0,0.169243335999,1.154779248374,0.0,-0.090013156531,1.188278994568,0.0,0.232001253079,1.37887060793,0.0,-0.103460280738,1.409037360789,0.0,0.507985442877,0.540564417839,-0.000339149497,-0.214813208771
836,1,0.283683167056,-0.008978636265,0.0,-0.283683167056,0.008978636265,0.0,0.288098568185,0.640009340252,0.0,-0.267667079389,0.647451331816,0.0,0.204303075059,1.10497741293,0.0,-0.149359529995,1.140655147254,0.0,0.166744809263,1.150309398749,0.0,-0.091347254895,1.182740311416,0.0,0.230719906878,1.370794840193,0.0,-0.105586571221,1.400632440413,0.0,0.50758112967,0.540571451187,-0.00032957783,-0.215704664433
837,1,0.282386244236,-0.008798298619,0.0,-0.282386244236,0.008798298619,0.0,0.286126668729,0.636117897192,0.0,-0.264730275181,0.641984162589,0.0,0.202815364986,1.096750568811,0.0,-0.14907424985,1.132607298318,0.0,0.164943292123,1.141672495245,0.0,-0.09139040625,1.174553762146,0.0,0.229926158519,1.361088467745,0.0,-0.103566851328,1.391094049678,0.0,0.507458716631,0.54104155302,-0.000331191812,-0.216847047063
838,1,0.283729072135,-0.008690016257,0.0,-0.283729072135,0.008690016257,0.0,0.286217918809,0.638674438494,0.0,-0.265754252121,0.644054536732,0.0,0.201840504147,1.099631167818,0.0,-0.149550469441,1.140002576085,0.0,0.164343259017,1.143817980793,0.0,-0.092365427322,1.184001416365,0.0,0.230969105692,1.36429782426,0.0,-0.104898961506,1.395645440708,0.0,0.50729572773,0.541175723076,-0.000337490346,-0.216256769785
839,1,0.282913666245,-0.00868486803,0.0,-0.282913666245,0.00868486803,0.0,0.28478910143,0.63435579454,0.0,-0.264745936905,0.640220372598,0.0,0.200069226728,1.096632450141,0.0,-0.148533739205,1.131237962606,0.0,0.163483828978,1.141141918408,0.0,-0.090539639412,1.173793212037,0.0,0.228596319798,1.35842365703,0.0,-0.104473365195,1.388165171245,0.0,0.507229104638,0.541215360165,-0.000333731528,-0.217133034705
840,1,0.280205170809,-0.008611577106,0.0,-0.280205170809,0.008611577106,0.0,0.281885143791,0.625614845005,0.0,-0.262125112156,0.630461668293,0.0,0.196734443357,1.086161167858,0.0,-0.14706646273,1.115707113451,0.0,0.161763474603,1.130721557734,0.0,-0.089204350358,1.159316021421,0.0,0.226309876465,1.344819934403,0.0,-0.104204662376,1.374002245951,0.0,0.507209867239,0.541203528643,-0.000332956668,-0.21931668886
841,1,0.278602744367,-0.008631629582,0.0,-0.278602744367,0.008631629582,0.0,0.280235696952,0.618687207262,0.0,-0.259733010008,0.625160389094,0.0,0.19489906461,1.080507488367,0.0,-0.145217481859,1.109320834067,0.0,0.160834279565,1.12534262779,0.0,-0.089017867817,1.151994553788,0.0,0.226940355547,1.337310626424,0.0,-0.095089565939,1.365480679586,0.0,0.507217571139,0.541154742241,-0.000316997059,-0.220612941409
842,1,0.278113719609,-0.00891372402,0.0,-0.278113719609,0.00891372402,0.0,0.279717340171,0.617272522113,0.0,-0.258940142104,0.625813295435,0.0,0.19359445882,1.080863324054,0.0,-0.142015714415,1.109943497222,0.0,0.160740806903,1.126027721092,0.0,-0.087396309035,1.154240058891,0.0,0.228947622273,1.337113230468,0.0,-0.09185741985,1.364671387114,0.0,0.507227927446,0.540723711252,-0.000311242417,-0.220949904957
843,1,0.278255117193,-0.009440492773,0.0,-0.278255117193,0.009440492773,0.0,0.280065862725,0.617267541353,0.0,-0.257774226348,0.626344456051,0.0,0.19482817128,1.08104649347,0.0,-0.140158269411,1.10763770683,0.0,0.163431984496,1.125661311375,0.0,-0.086405064207,1.14747437817,0.0,0.229701604213,1.337533637255,0.0,-0.08987961419,1.364381525682,0.0,0.507408097386,0.540450662374,-0.000311914366,-0.221071811054
844,1,0.278847544218,-0.009748052187,0.0,-0.278847544218,0.009748052187,0.0,0.280535646563,0.619041934124,0.0,-0.255956072109,0.628010779105,0.0,0.196839966829,1.0836245954,0.0,-0.137885802777,1.10739216955,0.0,0.165475729699,1.130269876655,0.0,-0.081726204506,1.148920647822,0.0,0.231831012699,1.338239119391,0.0,-0.088617343539,1.364366717029,0.0,0.50781545043,0.540220618248,-0.000310405856,-0.220838062218
845,1,0.27871948379,-0.009869384571,0.0,-0.27871948379,0.009869384571,0.0,0.278933792735,0.620206449595,0.0,-0.254110032353,0.626976566063,0.0,0.196865044134,1.08072298566,0.0,-0.136323844355,1.104528778558,0.0,0.165598419196,1.127677375309,0.0,-0.079929630336,1.146184406487,0.0,0.234047242087,1.33409485024,0.0,-0.087347250586,1.361098854126,0.0,0.508067384362,0.540249198675,-0.000308964401,-0.221387387447
846,1,0.277923450361,-0.009784027025,0.0,-0.277923450361,0.009784027025,0.0,0.278050256536,0.62287942999,0.0,-0.251288261885,0.625378328446,0.0,0.197412241502,1.077839096886,0.0,-0.133721396396,1.097798683411,0.0,0.167692462692,1.125231933981,0.0,-0.077951585377,1.138812379878,0.0,0.234308285713,1.329433260256,0.0,-0.083091587312,1.354200501381,0.0,0.508386150002,0.540151417255,-0.000309417956,-0.222566442914
847,1,0.279219949746,-0.010218756119,0.0,-0.279219949746,0.010218756119,0.0,0.281627957583,0.635813808096,0.0,-0.250144836675,0.631571460919,0.0,0.201352729308,1.083945008735,0.0,-0.130801330107,1.106144714299,0.0,0.171775689953,1.130516607144,0.0,-0.075262358971,1.146561019338,0.0,0.238919132171,1.335460821589,0.0,-0.080617046939,1.360681776113,0.0,0.509053632617,0.540369600058,-0.000309726922,-0.221412712767
848,1,0.282304900391,-0.010286154074,0.0,-0.282304900391,0.010286154074,0.0,0.283680118603,0.642925924179,0.0,-0.252785795299,0.63784125724,0.0,0.209694085184,1.093930937177,0.0,-0.129811076953,1.117624789624,0.0,0.177939775066,1.140883690599,0.0,-0.073752053434,1.158295333264,0.0,0.244301660663,1.349121394703,0.0,-0.079904402627,1.373746820293,0.0,0.509530857205,0.540361464024,-0.000309480121,-0.219396972313
849,1,0.283117252544,-0.009940050313,0.0,-0.283117252544,0.009940050313,0.0,0.283979426705,0.641960556014,0.0,-0.24992706752,0.635821626865,0.0,0.214286428642,1.091724646867,0.0,-0.124188551835,1.109717116816,0.0,0.183675861127,1.137522504299,0.0,-0.068240922391,1.148162394159,0.0,0.243075301224,1.347475451725,0.0,-0.073609472932,1.369297068915,0.0,0.510661840439,0.54029288888,-0.000309296185,-0.220119318693
850,1,0.282074219704,-0.00999652025,0.0,-0.282074219704,0.00999652025,0.0,0.290479787569,0.64767167969,0.0,-0.251406690138,0.637420379625,0.0,0.227354500872,1.090643617039,0.0,-0.118482564264,1.112041601705,0.0,0.194371480361,1.129612203303,0.0,-0.062655731017,1.149227541526,0.0,0.252590969533,1.350082301768,0.0,-0.068354297191,1.37221457215,0.0,0.512164071202,0.540290117264,-0.000310536008,-0.220142913212
851,1,0.283963241366,-0.010087925903,0.0,-0.283963241366,0.010087925903,0.0,0.299748476308,0.657811574834,0.0,-0.253985285491,0.643926535914,0.0,0.244010076134,1.100320611469,0.0,-0.112181039663,1.121684017476,0.0,0.212835275482,1.139557445975,0.0,-0.055638321544,1.158263747278,0.0,0.263628356761,1.366478942333,0.0,-0.060069379739,1.384622890542,0.0,0.513816937804,0.540399968624,-0.000323877204,-0.218130495498
852,1,0.28259852971,-0.009858286036,0.0,-0.28259852971,0.009858286036,0.0,0.302570523176,0.659153894052,0.0,-0.251781401008,0.643237480664,0.0,0.25035379001,1.095046492286,0.0,-0.110033277619,1.11741008458,0.0,0.217069130068,1.130606539085,0.0,-0.051696228727,1.153173434288,0.0,0.268138984433,1.363495874269,0.0,-0.055832504003,1.383407312316,0.0,0.514683514833,0.540513068438,-0.000333700329,-0.219006553222
853,1,0.279494783961,-0.009843296418,0.0,-0.279494783961,0.009843296418,0.0,0.302757030828,0.650687319695,0.0,-0.248208046389,0.635657611361,0.0,0.252633632241,1.080353928233,0.0,-0.108479470104,1.104357110288,0.0,0.218251444053,1.112148689569,0.0,-0.050376066491,1.138761339718,0.0,0.270857035998,1.349947355918,0.0,-0.053898364586,1.368904974972,0.0,0.515194118023,0.540560662746,-0.000339264981,-0.221747065107
854,1,0.279010758368,-0.010182161765,0.0,-0.279010758368,0.010182161765,0.0,0.307284858737,0.651267160668,0.0,-0.249121728978,0.636663006149,0.0,0.263177353605,1.082993670423,0.0,-0.107286072708,1.110541193933,0.0,0.234346923703,1.11531968405,0.0,-0.048900653194,1.144005417172,0.0,0.281893128975,1.352327360988,0.0,-0.052046866814,1.372000206043,0.0,0.515764862299,0.540446132421,-0.000337297097,-0.221617225912
855,1,0.273877777522,-0.010501513876,0.0,-0.273877777522,0.010501513876,0.0,0.307599836185,0.640461608453,0.0,-0.242824334807,0.626864066048,0.0,0.272512968433,1.071556024359,0.0,-0.102494860116,1.093182306988,0.0,0.248974047586,1.101817893681,0.0,-0.044524481582,1.125985097788,0.0,0.285406272524,1.336966533702,0.0,-0.048750176119,1.350674965192,0.0,0.516311824322,0.540360480547,-0.00033210218,-0.225219157447
856,1,0.274568327903,-0.011132391523,0.0,-0.274568327903,0.011132391523,0.0,0.313494783342,0.641781635656,0.0,-0.242291324798,0.629329984094,0.0,0.280865730135,1.094033997455,0.0,-0.101061707788,1.100879622285,0.0,0.257218196087,1.125286396914,0.0,-0.04275155402,1.135592875717,0.0,0.291769474661,1.359774563021,0.0,-0.047943232627,1.354788600437,0.0,0.516511440277,0.540211051702,-0.000328459777,-0.224840066503
857,1,0.275152259524,-0.011860500551,0.0,-0.275152259524,0.011860500551,0.0,0.322679510735,0.64366107901,0.0,-0.242014562754,0.632658645572,0.0,0.300799463279,1.128571243716,0.0,-0.098506755261,1.103756080898,0.0,0.276371107873,1.155446989244,0.0,-0.036044727763,1.138232001185,0.0,0.297305980196,1.394754497649,0.0,-0.041407448041,1.357977650878,0.0,0.516659781337,0.540028989315,-0.000328649767,-0.224437697571
858,1,0.264615366854,-0.012518048064,0.0,-0.264615366854,0.012518048064,0.0,0.31676165879,0.620059489259,0.0,-0.231951202947,0.611511189042,0.0,0.305070721365,1.133286302749,0.0,-0.093200487322,1.069722307311,0.0,0.281575414197,1.162077672782,0.0,-0.033687609534,1.103321521391,0.0,0.292781070802,1.392426261047,0.0,-0.033951773982,1.308922448404,0.0,0.516841351986,0.539773017168,-0.000322369859,-0.233306196952
859,1,0.27049553717,-0.013150281085,0.0,-0.27049553717,0.013150281085,0.0,0.32486942952,0.634588682612,0.0,-0.236190955509,0.626093598159,0.0,0.320735712027,1.201336910448,0.0,-0.093361800495,1.092340591011,0.0,0.299119455337,1.228007925134,0.0,-0.027679708065,1.124112050225,0.0,0.299832556848,1.469699865531,0.0,-0.032659018015,1.337059851608,0.0,0.517006531358,0.53981718421,-0.000320319086,-0.228312637944
860,1,0.267898843023,-0.013536844915,0.0,-0.267898843023,0.013536844915,0.0,0.32536027865,0.626595640027,0.0,-0.229329340614,0.617253700061,0.0,0.325143862059,1.215386955687,0.0,-0.088258404356,1.07596140312,0.0,0.303358482763,1.241881904834,0.0,-0.022996836142,1.106724725631,0.0,0.299878704695,1.497279215725,0.0,-0.03501734959,1.317125656151,0.0,0.517937466502,0.540000408888,-0.000319533981,-0.231625061518
861,1,0.261301398871,-0.013624222987,0.0,-0.261301398871,0.013624222987,0.0,0.318569244936,0.617065321069,0.0,-0.22891328196,0.598466479684,0.0,0.329856935096,1.217535723912,0.0,-0.082517691135,1.045809702805,0.0,0.321964468328,1.244707779865,0.0,-0.011007363825,1.076119259748,0.0,0.294505761949,1.505088804204,0.0,-0.037169318278,1.280096396645,0.0,0.518404498696,0.540469527245,-0.000320022926,-0.23798156158
862,1,0.259810223081,-0.013801977512,0.0,-0.259810223081,0.013801977512,0.0,0.316732469382,0.61305928387,0.0,-0.228585140913,0.592491967081,0.0,0.330324857584,1.223954508456,0.0,-0.080029529741,1.034992114731,0.0,0.323406796239,1.25580339198,0.0,-0.006336041269,1.065895859735,0.0,0.292044140046,1.528856791218,0.0,-0.044536176188,1.268819533746,0.0,0.518847122788,0.540703445673,-0.000315640122,-0.24002331198
863,1,0.257085412341,-0.012988655313,0.0,-0.257085412341,0.012988655313,0.0,0.314503733039,0.620896375583,0.0,-0.225373963273,0.581347944472,0.0,0.330550758608,1.254156130973,0.0,-0.074826653729,1.016194033639,0.0,0.326935242435,1.294924534286,0.0,-1.2537312e-05,1.046202854569,0.0,0.28609907648,1.544980917899,0.0,-0.043738523123,1.243173690223,0.0,0.519590243697,0.542887508869,-0.000303579494,-0.243651751321
864,1,0.254047638987,-0.010809909643,0.0,-0.254047638987,0.010809909643,0.0,0.31600475505,0.625921027515,0.0,-0.223977237731,0.566777558531,0.0,0.330110468788,1.265755074674,0.0,-0.069755683405,0.988586253451,0.0,0.32564837737,1.314673585313,0.0,0.003952759596,1.022764087766,0.0,0.285911216042,1.546769583134,0.0,-0.038870399437,1.216670984495,0.0,0.5205860883,0.544654071331,-0.000299043953,-0.247303447579
865,1,0.252815853134,-0.008630145413,0.0,-0.252815853134,0.008630145413,0.0,0.31795575557,0.636842048657,0.0,-0.222877632615,0.557671241096,0.0,0.328307640991,1.26528110513,0.0,-0.068796338604,0.976368555206,0.0,0.31458895175,1.297051647107,0.0,0.004675031502,1.012248701647,0.0,0.272236256153,1.545726446556,0.0,-0.038459162256,1.20335717006,0.0,0.52077691257,0.545935988426,-0.000300722197,-0.248753687018
866,1,0.245985845158,-0.007267790732,0.0,-0.245985845158,0.007267790732,0.0,0.312655834789,0.6211403487,0.0,-0.2169486825,0.536846225622,0.0,0.319785528531,1.235364087546,0.0,-0.065474216413,0.941768722982,0.0,0.300309428286,1.272241572891,0.0,0.006946127212,0.977834626523,0.0,0.263528121789,1.508686674291,0.0,-0.037243279352,1.161739761734,0.0,0.521131530404,0.547541946173,-0.000294951722,-0.255947319491
867,1,0.248542863459,-0.006526038073,0.0,-0.248542863459,0.006526038073,0.0,0.318300048587,0.631766987526,0.0,-0.219013123041,0.536240544779,0.0,0.324997001667,1.248174193667,0.0,-0.064696384718,0.9371048843,0.0,0.303365203756,1.283929754188,0.0,0.009331207074,0.979769924952,0.0,0.246808205441,1.525697142404,0.0,-0.040695638983,1.16557452074,0.0,0.521743834019,0.549088299274,-0.000293791294,-0.253532896342
868,1,0.236114025321,-0.005615304468,0.0,-0.236114025321,0.005615304468,0.0,0.304075346662,0.602197163123,0.0,-0.206715003614,0.511505892038,0.0,0.307672322202,1.182826394051,0.0,-0.060386991601,0.883635051471,0.0,0.2847464755,1.224877085066,0.0,0.011169634755,0.924511474417,0.0,0.234314869341,1.445606071547,0.0,-0.037657821435,1.101164647483,0.0,0.522025719285,0.550075262785,-0.000302357599,-0.267601321645
869,1,0.239421636818,-0.005460649056,0.0,-0.239421636818,0.005460649056,0.0,0.309762139694,0.608988648718,0.0,-0.208091124757,0.519239228595,0.0,0.308020200886,1.18814440792,0.0,-0.060731162759,0.886851879763,0.0,0.282536569824,1.225233287142,0.0,0.011697544159,0.919705642741,0.0,0.232088762003,1.461035057929,0.0,-0.039291394824,1.112094988218,0.0,0.522424504161,0.551165312529,-0.000303156674,-0.263970255584
870,1,0.251061539433,-0.004618519728,0.0,-0.251061539433,0.004618519728,0.0,0.325789155432,0.640485016867,0.0,-0.21814963533,0.544702377485,0.0,0.323606665906,1.253354259941,0.0,-0.063446894014,0.927989470884,0.0,0.294719156746,1.291215306507,0.0,0.012802677569,0.964789631159,0.0,0.242235525227,1.527441218037,0.0,-0.040571785363,1.164689970716,0.0,0.522526726127,0.55207067728,-0.000307543203,-0.251310228387
871,1,0.257986329724,-0.004018409765,0.0,-0.257986329724,0.004018409765,0.0,0.334945681501,0.654281691206,0.0,-0.224306546281,0.557853990297,0.0,0.332277016842,1.284072904413,0.0,-0.065896815048,0.947608424607,0.0,0.302587376251,1.320128570651,0.0,0.013276128451,0.983854405148,0.0,0.24583825824,1.564008187667,0.0,-0.047191916253,1.192436688979,0.0,0.522561058402,0.553082674742,-0.000308116898,-0.244601833087
872,1,0.251351127984,-0.002801319647,0.0,-0.251351127984,0.002801319647,0.0,0.327133314953,0.634782927414,0.0,-0.217959283782,0.539887467258,0.0,0.323996007971,1.241490068994,0.0,-0.063797272871,0.920044369983,0.0,0.294293729892,1.277102113707,0.0,0.013573638943,0.955502494729,0.0,0.240078628178,1.515308227101,0.0,-0.045284833875,1.158669012669,0.0,0.522723063827,0.554008156061,-0.000310944393,-0.250934369101
873,1,0.249583247637,-0.002731027198,0.0,-0.249583247637,0.002731027198,0.0,0.324137467371,0.635293381558,0.0,-0.214808638446,0.535352135184,0.0,0.320961031043,1.232956924974,0.0,-0.062116225646,0.909727741735,0.0,0.289924000762,1.26669604909,0.0,0.016522773355,0.945027620843,0.0,0.238617855876,1.500759429011,0.0,-0.042541511756,1.148065732012,0.0,0.522994145751,0.553929686546,-0.00031282939,-0.253388148749
874,1,0.259758695385,-0.00325138591,0.0,-0.259758695385,0.00325138591,0.0,0.338474778848,0.660519261681,0.0,-0.223194643281,0.557694717555,0.0,0.333328351871,1.285874004783,0.0,-0.064588674044,0.947377019856,0.0,0.300154672483,1.319132715712,0.0,0.018180661114,0.989662532381,0.0,0.248067776077,1.561804169959,0.0,-0.044317399318,1.194594664042,0.0,0.522963598371,0.554036229849,-0.00031837821,-0.243587423772
875,1,0.264250128572,-0.003043113644,0.0,-0.264250128572,0.003043113644,0.0,0.345720312811,0.669711527847,0.0,-0.226914732906,0.567751609003,0.0,0.337469958144,1.305832867993,0.0,-0.065154639221,0.96579306301,0.0,0.301019892969,1.339854338651,0.0,0.020174451462,1.013406602065,0.0,0.253763994094,1.586187191786,0.0,-0.042796094729,1.21314148986,0.0,0.522931531072,0.554708689451,-0.000325826928,-0.239575085874
876,1,0.243292195585,-0.002477682699,0.0,-0.243292195585,0.002477682699,0.0,0.318416057055,0.614081555773,0.0,-0.208436344969,0.51954242522,0.0,0.31009346111,1.197527633123,0.0,-0.060905578215,0.882444976322,0.0,0.27719312746,1.229793605816,0.0,0.017116125621,0.923123301139,0.0,0.222500130821,1.458869464388,0.0,-0.044413109211,1.113477611194,0.0,0.52298180759,0.555495381355,-0.000318972394,-0.260316569793
877,1,0.243281459085,-0.002708652193,0.0,-0.243281459085,0.002708652193,0.0,0.319604896621,0.615438384409,0.0,-0.208052803697,0.524464659562,0.0,0.311178233642,1.20224701843,0.0,-0.058938683861,0.886638155351,0.0,0.277821851333,1.234302022374,0.0,0.024355267997,0.930960511876,0.0,0.22740046687,1.465372346405,0.0,-0.044688803011,1.117047177707,0.0,0.523145914078,0.555432885885,-0.000319074839,-0.2597613053
878,1,0.244613800253,-0.002756586229,0.0,-0.244613800253,0.002756586229,0.0,0.326396078599,0.621795539158,0.0,-0.206168060949,0.5296157777,0.0,0.317553194707,1.21427003457,0.0,-0.055817829383,0.895490287035,0.0,0.284833029499,1.247018126016,0.0,0.027734230857,0.940197761033,0.0,0.229620886619,1.480546831963,0.0,-0.045732865211,1.128177266034,0.0,0.524255543947,0.555440217257,-0.000319039449,-0.257190375462
879,1,0.243577390949,-0.003252173776,0.0,-0.243577390949,0.003252173776,0.0,0.323575659208,0.620346075366,0.0,-0.203856312273,0.53168235562,0.0,0.321256147926,1.217495062169,0.0,-0.052868423794,0.899928654909,0.0,0.288134135797,1.251508827483,0.0,0.030779256921,0.947344402541,0.0,0.235801833134,1.484513602894,0.0,-0.041992591254,1.132109665616,0.0,0.525023847818,0.55528691411,-0.000318851322,-0.256431065719
880,1,0.241900616783,-0.003687769345,0.0,-0.241900616783,0.003687769345,0.0,0.318104146704,0.616931227586,0.0,-0.201673529372,0.531538513338,0.0,0.322882842937,1.216290731649,0.0,-0.050027262766,0.898008226873,0.0,0.2901525986,1.250435884247,0.0,0.033581290355,0.941227643856,0.0,0.238313953771,1.482930768064,0.0,-0.039613194365,1.131122517571,0.0,0.525768831372,0.555147737265,-0.000317675993,-0.256737851885
881,1,0.248704976294,-0.004500090259,0.0,-0.248704976294,0.004500090259,0.0,0.329346603338,0.637373494722,0.0,-0.207698630291,0.550514884194,0.0,0.337383988368,1.259428958867,0.0,-0.048241541553,0.930107271975,0.0,0.304046504153,1.29463499641,0.0,0.037758021966,0.974132170356,0.0,0.25002885011,1.535365569245,0.0,-0.036164930455,1.172549214389,0.0,0.526641324162,0.554723858833,-0.000312004238,-0.248188762797
882,1,0.24735926594,-0.005768123717,0.0,-0.24735926594,0.005768123717,0.0,0.32586883492,0.635959363077,0.0,-0.208463949608,0.550802026427,0.0,0.338114086629,1.253989473935,0.0,-0.046612812898,0.929704440884,0.0,0.30506527339,1.290943614345,0.0,0.037403655103,0.973506665108,0.0,0.252766605204,1.532418623462,0.0,-0.032782861846,1.172150636277,0.0,0.527185097337,0.554034620523,-0.000309569761,-0.249051756934
883,1,0.258347547294,-0.007530936237,0.0,-0.258347547294,0.007530936237,0.0,0.340807248046,0.658686101101,0.0,-0.218210978005,0.576575740165,0.0,0.353386982351,1.31396882718,0.0,-0.048040976547,0.976399786691,0.0,0.318145421591,1.355165419005,0.0,0.04020421168,1.023162059477,0.0,0.26716706483,1.604679570194,0.0,-0.026894789769,1.228177519856,0.0,0.527262181044,0.553168952465,-0.000303212553,-0.238357280634
884,1,0.257904588987,-0.007954895443,0.0,-0.257904588987,0.007954895443,0.0,0.339946610984,0.650484173138,0.0,-0.218325509996,0.57446431948,0.0,0.352382489907,1.310656220129,0.0,-0.047010985863,0.977186028639,0.0,0.31750266366,1.350477433817,0.0,0.040644508947,1.023925234464,0.0,0.272970388811,1.599889844391,0.0,-0.025756332574,1.226488807383,0.0,0.527581974864,0.551543474197,-0.000281557441,-0.239762928595
885,1,0.257908333618,-0.008181462634,0.0,-0.257908333618,0.008181462634,0.0,0.342953013309,0.645711336452,0.0,-0.213845242577,0.567878074197,0.0,0.356131516905,1.303984776821,0.0,-0.042522091847,0.97502723538,0.0,0.32225185446,1.341392834526,0.0,0.044180084222,1.021708444064,0.0,0.280860448685,1.590628358956,0.0,-0.023263042886,1.222550083819,0.0,0.528636142612,0.551420032978,-0.000282526016,-0.240342994785
886,1,0.259192253206,-0.008419166297,0.0,-0.259192253206,0.008419166297,0.0,0.341218471998,0.649804412273,0.0,-0.214777992324,0.576375489843,0.0,0.358623808399,1.291227997914,0.0,-0.041726189815,0.985939953437,0.0,0.327552124258,1.333011261549,0.0,0.044748176955,1.031044577242,0.0,0.297289182978,1.576813438097,0.0,-0.016416285084,1.23344315242,0.0,0.528827086091,0.549941688776,-0.000292235985,-0.239415638509
887,1,0.257720089724,-0.009061164268,0.0,-0.257720089724,0.009061164268,0.0,0.337441073802,0.637505616704,0.0,-0.212860992452,0.573094130605,0.0,0.358687630929,1.236244523884,0.0,-0.040918652693,0.9794668392,0.0,0.330666129216,1.281263394772,0.0,0.041460080286,1.019103290106,0.0,0.314871383702,1.519948384357,0.0,-0.015420067742,1.224888002958,0.0,0.528948530555,0.549524784088,-0.000293388963,-0.241367794044
888,1,0.256901508062,-0.01038869944,0.0,-0.256901508062,0.01038869944,0.0,0.334121297958,0.632407755243,0.0,-0.212204758578,0.573109447279,0.0,0.35887376793,1.204934425124,0.0,-0.038179427377,0.981409077123,0.0,0.339545127817,1.251097779776,0.0,0.043331376502,1.023808932878,0.0,0.327073568417,1.473881948159,0.0,-0.01067356497,1.223169019136,0.0,0.528947487473,0.54899212718,-0.000305755064,-0.242140475853
889,1,0.259753073343,-0.010935350478,0.0,-0.259753073343,0.010935350478,0.0,0.337630158825,0.634313767912,0.0,-0.21454607822,0.582875451587,0.0,0.364067932841,1.197185402175,0.0,-0.037353097291,1.002108750816,0.0,0.34482004914,1.243890581363,0.0,0.044119306526,1.044672901482,0.0,0.330357547453,1.459811446222,0.0,-0.010193473214,1.245745772092,0.0,0.529061496258,0.546679913998,-0.000306411646,-0.239582825119
890,1,0.261279413142,-0.010565972648,0.0,-0.261279413142,0.010565972648,0.0,0.338618688363,0.634036349429,0.0,-0.216004636547,0.582080880483,0.0,0.366330713173,1.188455823983,0.0,-0.037220000362,1.009218992465,0.0,0.350361768707,1.23141738023,0.0,0.042948807789,1.050867957396,0.0,0.331450304971,1.440218137676,0.0,-0.007542588154,1.252661811927,0.0,0.529129087925,0.546078562737,-0.000307917595,-0.238447402244
891,1,0.260542706505,-0.010434002759,0.0,-0.260542706505,0.010434002759,0.0,0.338312886884,0.626775119417,0.0,-0.215656821948,0.577720218653,0.0,0.362367021488,1.154793194487,0.0,-0.037607860208,1.006307842747,0.0,0.343188076777,1.191973961647,0.0,0.038307056877,1.046999294824,0.0,0.33198485801,1.395236613124,0.0,-0.005384262878,1.248801258176,0.0,0.529156029224,0.54597273469,-0.000310483389,-0.239203990132
892,1,0.253869127513,-0.009434070316,0.0,-0.253869127513,0.009434070316,0.0,0.329852371053,0.60556782311,0.0,-0.210224768054,0.563450289461,0.0,0.35363598324,1.11302968675,0.0,-0.03722317364,0.980941297235,0.0,0.337788492271,1.149907431824,0.0,0.035458539614,1.018840646991,0.0,0.322798324187,1.337871530918,0.0,-0.002189655546,1.218526021848,0.0,0.529129296541,0.545374780893,-0.000310175121,-0.245628821874
893,1,0.257447302358,-0.009217806255,0.0,-0.257447302358,0.009217806255,0.0,0.335128542754,0.612439233724,0.0,-0.211238827978,0.573273469688,0.0,0.35822317524,1.105991202364,0.0,-0.040397751954,0.999533162316,0.0,0.34223232916,1.139643374094,0.0,0.029227728163,1.036332967746,0.0,0.3276064592,1.330787808028,0.0,-0.000569509657,1.238347463196,0.0,0.529213041067,0.545066714287,-0.000310129486,-0.242025291882
894,1,0.255542551265,-0.008190608577,0.0,-0.255542551265,0.008190608577,0.0,0.331984850085,0.604518095891,0.0,-0.208349911834,0.569785584287,0.0,0.341080936496,1.06164177915,0.0,-0.040066446996,0.994534982462,0.0,0.321922179224,1.098115584879,0.0,0.026698885923,1.032704618994,0.0,0.32370392593,1.29076861255,0.0,-0.000170426352,1.230970655972,0.0,0.529216811061,0.544649869204,-0.000315169804,-0.243855120813
895,1,0.259452723477,-0.007908159287,0.0,-0.259452723477,0.007908159287,0.0,0.335878367106,0.601313708387,0.0,-0.208507837184,0.580183257668,0.0,0.338907834415,1.039350383993,0.0,-0.040833466773,1.011753479275,0.0,0.324271013927,1.079905263369,0.0,0.023929354383,1.05048345609,0.0,0.325272315353,1.271836467958,0.0,0.00089780838,1.251462484397,0.0,0.529190629721,0.544252038002,-0.000317491591,-0.240162385733
896,1,0.267877330328,-0.008230765172,0.0,-0.267877330328,0.008230765172,0.0,0.341911942126,0.616719384571,0.0,-0.21475667649,0.600652930956,0.0,0.330166223884,1.050044254377,0.0,-0.0451967649,1.046472934977,0.0,0.319877190945,1.098626906264,0.0,0.021072360156,1.086839681906,0.0,0.328233627411,1.297386626261,0.0,-0.000711432753,1.292877576105,0.0,0.528439417481,0.543869554996,-0.000320193358,-0.232639271499
897,1,0.275293072495,-0.008408271233,0.0,-0.275293072495,0.008408271233,0.0,0.34000492437,0.631148094121,0.0,-0.225249549992,0.622775841939,0.0,0.320766661518,1.060655080582,0.0,-0.055141471508,1.08269873927,0.0,0.304871705372,1.105142169833,0.0,0.012303342289,1.124162867067,0.0,0.330009571987,1.307469486577,0.0,-0.009120208209,1.337298009861,0.0,0.526702076197,0.542032152414,-0.00032799039,-0.225881414958
898,1,0.279287091844,-0.008594487011,0.0,-0.279287091844,0.008594487011,0.0,0.336479058887,0.639425317582,0.0,-0.223798726747,0.634072983324,0.0,0.296972563349,1.066228746844,0.0,-0.058931455516,1.102493492848,0.0,0.271500253282,1.111297653945,0.0,0.008369087369,1.144688520909,0.0,0.33390168051,1.308853115141,0.0,-0.013142667387,1.359205002763,0.0,0.525777667761,0.54211139679,-0.000332823023,-0.221732803861
899,1,0.278271183604,-0.008686843035,0.0,-0.278271183604,0.008686843035,0.0,0.325191368517,0.639264414357,0.0,-0.227209574958,0.632665909405,0.0,0.272617524297,1.072329168037,0.0,-0.064985917808,1.100408602675,0.0,0.246790626339,1.114581957547,0.0,0.000367804859,1.141554760657,0.0,0.325446580052,1.305090398112,0.0,-0.020639428628,1.35495556865,0.0,0.524103403091,0.542070090771,-0.000336840749,-0.222339565884
900,1,0.278977772656,-0.009122909336,0.0,-0.278977772656,0.009122909336,0.0,0.320415724187,0.638245042019,0.0,-0.225750485802,0.63267347376,0.0,0.259630072913,1.063826500223,0.0,-0.06706564837,1.098505343825,0.0,0.231900316735,1.106995480468,0.0,-0.002237126033,1.138169840127,0.0,0.326087048463,1.295497566084,0.0,-0.023020748531,1.355153544233,0.0,0.523394033313,0.542261093855,-0.000343374908,-0.221972830096
901,1,0.278610886211,-0.009255914101,0.0,-0.278610886211,0.009255914101,0.0,0.316172939569,0.636135613386,0.0,-0.225064031472,0.63293021715,0.0,0.253432365787,1.059756760827,0.0,-0.067582116451,1.099015678038,0.0,0.22209693768,1.10318556782,0.0,-0.004591284803,1.138714124898,0.0,0.326429079149,1.297191429497,0.0,-0.021681358174,1.354161564669,0.0,0.522981852293,0.542277336121,-0.000338560669,-0.221858068193
902,1,0.278034325663,-0.009386667942,0.0,-0.278034325663,0.009386667942,0.0,0.313245812874,0.630304997261,0.0,-0.224552319129,0.630657973148,0.0,0.247131795608,1.053336420851,0.0,-0.067692298863,1.094395175913,0.0,0.216709585928,1.094897858568,0.0,-0.005675935283,1.133666555352,0.0,0.323616287281,1.284047673755,0.0,-0.023592809189,1.347838022369,0.0,0.522561445832,0.54232993722,-0.000334373908,-0.222561723709
903,1,0.277009372686,-0.009504458668,0.0,-0.277009372686,0.009504458668,0.0,0.309432038631,0.626770221396,0.0,-0.224235627,0.628715055434,0.0,0.237793002337,1.055165235277,0.0,-0.068909728019,1.091055899377,0.0,0.207386850311,1.096846085435,0.0,-0.008253064083,1.129487795489,0.0,0.320061484346,1.284087017977,0.0,-0.02312350273,1.343751909991,0.0,0.522005945444,0.542265236378,-0.000335767167,-0.223268324631
904,1,0.274164025972,-0.009690418262,0.0,-0.274164025972,0.009690418262,0.0,0.304252271768,0.623368923517,0.0,-0.223618348775,0.627701911901,0.0,0.229378903032,1.039887942452,0.0,-0.073210380885,1.087849366199,0.0,0.198586852626,1.076604457754,0.0,-0.014410632226,1.124322144252,0.0,0.315075828757,1.277132893099,0.0,-0.027653334628,1.340981940922,0.0,0.520941480994,0.541853427887,-0.000336674508,-0.224002916569
905,1,0.271364226933,-0.009749771026,0.0,-0.271364226933,0.009749771026,0.0,0.295779239141,0.613481146824,0.0,-0.217394531758,0.619421477732,0.0,0.21804165324,1.026095102689,0.0,-0.071620797167,1.073718883206,0.0,0.188214698539,1.06759572439,0.0,-0.012722366305,1.11208358599,0.0,0.308976209358,1.255943669274,0.0,-0.031176952296,1.322488299485,0.0,0.519988819957,0.541820347309,-0.000338081038,-0.226906456533
906,1,0.265336072617,-0.009647818137,0.0,-0.265336072617,0.009647818137,0.0,0.286134675614,0.602199915396,0.0,-0.215138147625,0.611016027302,0.0,0.20795648779,1.012339042294,0.0,-0.074708694188,1.059936479313,0.0,0.180748458957,1.052769041099,0.0,-0.017530797799,1.099029904355,0.0,0.298619836351,1.238848345255,0.0,-0.035007618084,1.303276423833,0.0,0.518840268254,0.54110082984,-0.000337526435,-0.23051208802
907,1,0.261908894894,-0.010353997692,0.0,-0.261908894894,0.010353997692,0.0,0.278942771479,0.588912244852,0.0,-0.212776666464,0.604311474862,0.0,0.200539065932,0.995553085153,0.0,-0.076349912266,1.047090995738,0.0,0.174426405227,1.036484461517,0.0,-0.018526846972,1.088108042722,0.0,0.290078289812,1.22140411116,0.0,-0.039813055107,1.287393760271,0.0,0.517619132996,0.540819317102,-0.000336494064,-0.23307355547
908,1,0.261919115922,-0.010731974769,0.0,-0.261919115922,0.010731974769,0.0,0.276767877131,0.586514455013,0.0,-0.21360595994,0.602543378683,0.0,0.196518105895,0.991268067017,0.0,-0.080040358758,1.044466493257,0.0,0.169397594802,1.03045206403,0.0,-0.022842549784,1.086117754654,0.0,0.284532983706,1.221182805329,0.0,-0.043956840461,1.284366671909,0.0,0.516611665487,0.540930390358,-0.000336492667,-0.233537234486
909,1,0.25559278267,-0.010489055372,0.0,-0.25559278267,0.010489055372,0.0,0.268957973781,0.571614422274,0.0,-0.210391134594,0.587301688342,0.0,0.188910011365,0.967065406094,0.0,-0.079576014688,1.015443752318,0.0,0.162717628388,1.006035675754,0.0,-0.024213265418,1.055954435457,0.0,0.274088327594,1.193992017783,0.0,-0.043874579125,1.251132990888,0.0,0.515893414617,0.540917396545,-0.000336675439,-0.239360624773
910,1,0.256123085049,-0.010595631784,0.0,-0.256123085049,0.010595631784,0.0,0.270026177157,0.5746927473,0.0,-0.212662505983,0.589898558463,0.0,0.188118373313,0.968489181068,0.0,-0.081006570943,1.017833636981,0.0,0.16188073089,1.007394621699,0.0,-0.024932108774,1.058171142884,0.0,0.277645094649,1.199674152877,0.0,-0.045418848267,1.256946005751,0.0,0.515462085605,0.540904283524,-0.000337725272,-0.238241226422
911,1,0.256724979546,-0.010262357034,0.0,-0.256724979546,0.010262357034,0.0,0.270334487773,0.577791913748,0.0,-0.215144229711,0.592157157513,0.0,0.187556121448,0.972195346829,0.0,-0.083355636446,1.020028592144,0.0,0.160452320813,1.010458783736,0.0,-0.027220332848,1.058653598608,0.0,0.275578249321,1.205699323929,0.0,-0.047089858807,1.261900321857,0.0,0.514971122146,0.540446817875,-0.000338392332,-0.237713314139
912,1,0.260232192486,-0.010326347242,0.0,-0.260232192486,0.010326347242,0.0,0.271844364453,0.588542359141,0.0,-0.222164668917,0.601068895357,0.0,0.185361380916,0.987127958544,0.0,-0.089101557651,1.034937779192,0.0,0.157661350981,1.025421533275,0.0,-0.032577083744,1.074256203851,0.0,0.274179930133,1.224080373764,0.0,-0.053316388843,1.279873356272,0.0,0.513811334968,0.540024906397,-0.000340239611,-0.234673131111
913,1,0.260911178937,-0.010545983099,0.0,-0.260911178937,0.010545983099,0.0,0.278588066358,0.589161899977,0.0,-0.223101051052,0.601125362131,0.0,0.191122153642,0.981415578742,0.0,-0.090459767912,1.03552022756,0.0,0.157180641856,1.015747781443,0.0,-0.033960849142,1.074669212882,0.0,0.274775935694,1.226009464464,0.0,-0.055640060298,1.282084742483,0.0,0.513524860144,0.540075778961,-0.000344404951,-0.234259176537
914,1,0.264354072734,-0.010373431151,0.0,-0.264354072734,0.010373431151,0.0,0.286916511081,0.59398882964,0.0,-0.225568500753,0.605930070778,0.0,0.199921104274,0.995317247803,0.0,-0.091551556477,1.04864109266,0.0,0.16021562668,1.030670963389,0.0,-0.034683960876,1.086553424644,0.0,0.279977385626,1.241962299564,0.0,-0.065101949707,1.299121490807,0.0,0.513536676764,0.540170252323,-0.000349272043,-0.23118607986
915,1,0.254958953675,-0.00973650318,0.0,-0.254958953675,0.00973650318,0.0,0.277486908954,0.575037198981,0.0,-0.218743564385,0.585479755875,0.0,0.198976181794,0.964016890209,0.0,-0.089091237815,1.014503848795,0.0,0.163470215509,0.996256266166,0.0,-0.033340697458,1.049603378716,0.0,0.266709294756,1.202797817251,0.0,-0.063126480603,1.259159072857,0.0,0.513413920999,0.540100753307,-0.000355796888,-0.238822538124
916,1,0.2542935643,-0.010626577719,0.0,-0.2542935643,0.010626577719,0.0,0.279693280095,0.57385847382,0.0,-0.217893086702,0.584093096838,0.0,0.208679272908,0.962947599744,0.0,-0.087827699977,1.013754289753,0.0,0.177497349269,0.993893499576,0.0,-0.031818724882,1.047199589097,0.0,0.269485688435,1.203412809496,0.0,-0.063913457456,1.260088057524,0.0,0.51375643909,0.540826320648,-0.000350447372,-0.238141993612
917,1,0.255544638806,-0.010715661438,0.0,-0.255544638806,0.010715661438,0.0,0.283320621972,0.577789029145,0.0,-0.219890774885,0.588829224347,0.0,0.214187245156,0.969514888999,0.0,-0.086762388534,1.020747381479,0.0,0.180686189064,0.999455144502,0.0,-0.029145802895,1.054250705275,0.0,0.284500206458,1.213431493104,0.0,-0.061325542946,1.271013811203,0.0,0.514171898365,0.540834665298,-0.000348618254,-0.236557150267
918,1,0.25787810272,-0.011202979758,0.0,-0.25787810272,0.011202979758,0.0,0.287940570511,0.583732557995,0.0,-0.222618112129,0.598765895222,0.0,0.225917665268,0.980669667437,0.0,-0.08665112986,1.03214086077,0.0,0.192564440087,1.010405672719,0.0,-0.027622730984,1.06570747847,0.0,0.294800107443,1.229271696798,0.0,-0.066360994134,1.285532111713,0.0,0.51444786787,0.541103422642,-0.000350762159,-0.233790237708
919,1,0.257174247089,-0.011563819564,0.0,-0.257174247089,0.011563819564,0.0,0.288895475758,0.582841066415,0.0,-0.220409126159,0.597698439175,0.0,0.231899543998,0.985233134537,0.0,-0.08648932917,1.029383891354,0.0,0.199648375191,1.015759616783,0.0,-0.030561786191,1.062297326593,0.0,0.296996333993,1.238296885006,0.0,-0.054643647749,1.283487203283,0.0,0.515056908131,0.540818542242,-0.0003504958,-0.2346776218
920,1,0.255221307119,-0.013079437621,0.0,-0.255221307119,0.013079437621,0.0,0.286068086936,0.582969759396,0.0,-0.216339126908,0.596312392648,0.0,0.237773955401,1.009641611864,0.0,-0.082824642738,1.030048969949,0.0,0.217082497152,1.04404291794,0.0,-0.027152596163,1.064835876514,0.0,0.285025882609,1.25671858834,0.0,-0.048155103795,1.275862607396,0.0,0.515517860651,0.540079712868,-0.000344039872,-0.236656108424
921,1,0.255149784948,-0.013618874337,0.0,-0.255149784948,0.013618874337,0.0,0.288019075966,0.59143372073,0.0,-0.211530358333,0.601360197958,0.0,0.252013800746,1.075839118826,0.0,-0.079393253833,1.0512672355,0.0,0.232442284019,1.112727355818,0.0,-0.023365223816,1.089256640372,0.0,0.282831295409,1.30818832945,0.0,-0.04447596796,1.284445933459,0.0,0.516453877091,0.539969235659,-0.000338574871,-0.235188644762
922,1,0.261602915388,-0.0141250725,0.0,-0.261602915388,0.0141250725,0.0,0.295786837115,0.611978740155,0.0,-0.21296399397,0.615445561296,0.0,0.271210105595,1.132843277269,0.0,-0.078941415225,1.07366711227,0.0,0.25204549868,1.167499077619,0.0,-0.021359036436,1.110989996455,0.0,0.282647538451,1.388671561844,0.0,-0.033925487379,1.312277644776,0.0,0.517108410597,0.539916336536,-0.000342106447,-0.230522154094
923,1,0.26414431723,-0.014454751094,0.0,-0.26414431723,0.014454751094,0.0,0.301994226865,0.630452049371,0.0,-0.210573397885,0.620122229676,0.0,0.291225241581,1.181198470275,0.0,-0.075517949837,1.078478718262,0.0,0.276114538093,1.215580831412,0.0,-0.014845734613,1.115859161573,0.0,0.282960033346,1.450251831703,0.0,-0.028655067045,1.319273848238,0.0,0.517807796597,0.540177851915,-0.000344676897,-0.229167414521
924,1,0.258338333325,-0.014306698464,0.0,-0.258338333325,0.014306698464,0.0,0.296982449979,0.625216852789,0.0,-0.20280510179,0.606176822518,0.0,0.29881705801,1.194102228828,0.0,-0.069938776048,1.050626680516,0.0,0.29689272818,1.230021109197,0.0,-0.010126270908,1.085996838582,0.0,0.276348590517,1.464370139843,0.0,-0.026175827993,1.284901449899,0.0,0.518229335546,0.540342003107,-0.000343605876,-0.235171880811
925,1,0.242719513462,-0.013432754851,0.0,-0.242719513462,0.013432754851,0.0,0.283248729969,0.602428190206,0.0,-0.190848465135,0.570090639887,0.0,0.289755539881,1.168536572136,0.0,-0.06231562468,0.992266770835,0.0,0.290112303624,1.213452450122,0.0,0.00059621007,1.022515061357,0.0,0.259529821824,1.419475610959,0.0,-0.023362679013,1.206778603972,0.0,0.518315687776,0.540354967117,-0.000335894525,-0.250856136737
926,1,0.243215689199,-0.012307535379,0.0,-0.243215689199,0.012307535379,0.0,0.285536616781,0.624112779516,0.0,-0.191362211093,0.571584674772,0.0,0.300014922748,1.200899525037,0.0,-0.062551579359,0.990117237016,0.0,0.312453291925,1.256024799611,0.0,-0.00047308312,1.021208818655,0.0,0.258918242696,1.472995050519,0.0,-0.023193680482,1.207936242453,0.0,0.518372192979,0.541062802076,-0.000336851925,-0.250566406578
927,1,0.22976725256,-0.01035308679,0.0,-0.22976725256,0.01035308679,0.0,0.271017439147,0.599155209781,0.0,-0.180292533524,0.539679164202,0.0,0.284995410795,1.175792365828,0.0,-0.058754869597,0.914700345881,0.0,0.291173818656,1.218928203258,0.0,0.00043778857,0.94724536597,0.0,0.240730859295,1.43358494662,0.0,-0.025537816502,1.132553744233,0.0,0.518625468016,0.543255388737,-0.000326897949,-0.265014779059
928,1,0.231165201158,-0.00912886532,0.0,-0.231165201158,0.00912886532,0.0,0.276015035101,0.607151898342,0.0,-0.18685697426,0.537909851119,0.0,0.289181252545,1.197440045689,0.0,-0.061417345894,0.90451960186,0.0,0.297359394581,1.240795514461,0.0,0.000574334084,0.936865220209,0.0,0.228070319904,1.470427179744,0.0,-0.027563909809,1.133267015356,0.0,0.518974140286,0.544719845057,-0.000326927751,-0.263628266541
929,1,0.219264452846,-0.006456726774,0.0,-0.219264452846,0.006456726774,0.0,0.268997498713,0.586004509082,0.0,-0.18111547488,0.501596831866,0.0,0.2743238854,1.14728080419,0.0,-0.058448215154,0.846123595579,0.0,0.280288432606,1.191056335511,0.0,0.001819753773,0.875166558911,0.0,0.213451320918,1.39573718487,0.0,-0.023136169174,1.06384512568,0.0,0.519747972488,0.546402782202,-0.00032761693,-0.279688422348
930,1,0.20608007897,-0.004200591931,0.0,-0.20608007897,0.004200591931,0.0,0.262902345239,0.55244847081,0.0,-0.177777753086,0.467434542001,0.0,0.260038442099,1.073851208223,0.0,-0.0541801413,0.791818401359,0.0,0.264183551864,1.118572643467,0.0,0.003448472474,0.819196091359,0.0,0.199222463152,1.31534671775,0.0,-0.022271775596,1.000391616118,0.0,0.520422562957,0.547814130783,-0.000327732414,-0.297044715192
931,1,0.210326479193,-0.003760519319,0.0,-0.210326479193,0.003760519319,0.0,0.274127236265,0.565828035352,0.0,-0.183683127017,0.472995072459,0.0,0.26764389342,1.093971717323,0.0,-0.053743721166,0.804019620217,0.0,0.266847984849,1.130862007836,0.0,0.005792536861,0.832499242775,0.0,0.199760644224,1.34296723297,0.0,-0.020521664773,1.021661752211,0.0,0.521082252264,0.549359500408,-0.000336423516,-0.290643466655
932,1,0.208660674747,-0.002952916016,0.0,-0.208660674747,0.002952916016,0.0,0.272209824591,0.559681062318,0.0,-0.182697968039,0.465412815269,0.0,0.262371044598,1.081121546807,0.0,-0.053853070723,0.795100974096,0.0,0.263556504749,1.116092570392,0.0,0.005817769569,0.824669815786,0.0,0.190724930255,1.326629112968,0.0,-0.021800165508,1.010447935093,0.0,0.521119907498,0.550978302956,-0.000333450735,-0.292904706917
933,1,0.215055210018,-0.001899319632,0.0,-0.215055210018,0.001899319632,0.0,0.281664581789,0.580046817212,0.0,-0.188182254002,0.472066196118,0.0,0.269059749246,1.10689155094,0.0,-0.054918522719,0.809256425878,0.0,0.264557627266,1.140675251639,0.0,0.007789156474,0.839831559073,0.0,0.197686698863,1.358722251026,0.0,-0.0224972182,1.031255650584,0.0,0.521736264229,0.553195476532,-0.000333141536,-0.284855351038
934,1,0.219436190954,-0.001727574227,0.0,-0.219436190954,0.001727574227,0.0,0.288481591945,0.59127018003,0.0,-0.189431413632,0.479682399124,0.0,0.274717714921,1.128908092203,0.0,-0.054554846764,0.824369370868,0.0,0.270710189639,1.165272811402,0.0,0.00885005364,0.85402980386,0.0,0.20268739341,1.381768348598,0.0,-0.021526947559,1.05048377746,0.0,0.522319108248,0.553349405527,-0.000329717994,-0.280069415552
935,1,0.220321094058,-0.002004603545,0.0,-0.220321094058,0.002004603545,0.0,0.291595279474,0.594133304425,0.0,-0.190323308532,0.487187035494,0.0,0.272334688525,1.140060421502,0.0,-0.055808355596,0.833793866108,0.0,0.269690498027,1.176617402717,0.0,0.008918101256,0.863326750795,0.0,0.201894816854,1.389697810899,0.0,-0.021548443206,1.064096396165,0.0,0.522590309381,0.553157001734,-0.000328212976,-0.278086129135
936,1,0.214963982875,-0.001786190524,0.0,-0.214963982875,0.001786190524,0.0,0.28608588182,0.576401862659,0.0,-0.185110279153,0.475671048191,0.0,0.267669151212,1.103839811563,0.0,-0.0525229104,0.813234079292,0.0,0.265994532243,1.141056401338,0.0,0.010726763184,0.842064712643,0.0,0.194921465459,1.357086744766,0.0,-0.020499051067,1.037127132606,0.0,0.523156046867,0.55312526226,-0.000332713127,-0.285010621308
937,1,0.215360743434,-0.002049770343,0.0,-0.215360743434,0.002049770343,0.0,0.287743697106,0.575356829589,0.0,-0.185411920337,0.477380592305,0.0,0.26795629873,1.100215932894,0.0,-0.051743691808,0.810756572671,0.0,0.264809555211,1.146708874694,0.0,0.011667995976,0.839288973783,0.0,0.195911012186,1.357712403395,0.0,-0.020799352728,1.03438141803,0.0,0.523391216993,0.554261833429,-0.000330626965,-0.284636797214
938,1,0.211068284566,-0.001649851757,0.0,-0.211068284566,0.001649851757,0.0,0.284551324218,0.562928657388,0.0,-0.182205921924,0.46805718553,0.0,0.263922872427,1.084084246669,0.0,-0.049551330629,0.799083145483,0.0,0.258804695857,1.125634718181,0.0,0.013685055254,0.829539221453,0.0,0.192298066257,1.33449315729,0.0,-0.025419016854,1.01811551592,0.0,0.523863986135,0.554691463709,-0.000325765461,-0.289325265458
939,1,0.199881557552,-0.00143342458,0.0,-0.199881557552,0.00143342458,0.0,0.271119318803,0.532938775188,0.0,-0.171216779994,0.443747630079,0.0,0.25073411734,1.03210283801,0.0,-0.047054805649,0.759208549407,0.0,0.244398157854,1.069663918045,0.0,0.012607558541,0.78781487968,0.0,0.184316986605,1.266698907059,0.0,-0.023866675638,0.966614706363,0.0,0.524387046695,0.55469584465,-0.000320084393,-0.304920723587
940,1,0.202631591306,-0.001597831297,0.0,-0.202631591306,0.001597831297,0.0,0.276713453034,0.53801668675,0.0,-0.16952238598,0.447232496284,0.0,0.256430544428,1.04320510446,0.0,-0.044485100581,0.766098439373,0.0,0.249964171232,1.08474654575,0.0,0.014818821281,0.790932614557,0.0,0.188421350106,1.283071961466,0.0,-0.020684415438,0.974279633232,0.0,0.525430500507,0.554631978273,-0.000317994505,-0.301803688121
941,1,0.213342548118,-0.001409253597,0.0,-0.213342548118,0.001409253597,0.0,0.293082390754,0.564971954952,0.0,-0.176927584482,0.468405265599,0.0,0.269868019932,1.094639986832,0.0,-0.045916460177,0.796543293226,0.0,0.260406081205,1.137326548921,0.0,0.016155815546,0.813309170102,0.0,0.198633573868,1.351876725029,0.0,-0.020435836202,1.021730425482,0.0,0.525824561715,0.554449230433,-0.000328976661,-0.287416944967
942,1,0.210175036363,-0.001232076926,0.0,-0.210175036363,0.001232076926,0.0,0.289846020418,0.55827817961,0.0,-0.17228030206,0.462011956761,0.0,0.266818727545,1.078328600902,0.0,-0.042944682766,0.7868346051,0.0,0.257818227035,1.119650236754,0.0,0.018226730863,0.804191128852,0.0,0.197049738885,1.32971950518,0.0,-0.017659073982,1.005555782447,0.0,0.526523843408,0.55291762948,-0.000321481377,-0.29290080377
943,1,0.209323791877,-0.001872282909,0.0,-0.209323791877,0.001872282909,0.0,0.288497129845,0.556617837308,0.0,-0.171542451732,0.461643541752,0.0,0.264864369498,1.074297984024,0.0,-0.043626146709,0.785147773457,0.0,0.256234486396,1.115756226873,0.0,0.017552044516,0.802943374793,0.0,0.192943038391,1.324415492022,0.0,-0.017786940862,1.003088229818,0.0,0.526540145278,0.552402973175,-0.000324353576,-0.294221628831
944,1,0.208964552989,-0.002551048542,0.0,-0.208964552989,0.002551048542,0.0,0.287428403223,0.554206405575,0.0,-0.16807344962,0.46090135689,0.0,0.268631662118,1.066185129437,0.0,-0.037279897672,0.791357255196,0.0,0.260730093027,1.107209259564,0.0,0.028796536854,0.829531928111,0.0,0.196662382591,1.313102827723,0.0,-0.011503559078,1.00008204949,0.0,0.527159526944,0.551150411367,-0.000324558467,-0.29751521062
945,1,0.223629032599,-0.003007402593,0.0,-0.223629032599,0.003007402593,0.0,0.308130757131,0.585935955068,0.0,-0.177658018984,0.490858943645,0.0,0.289196686782,1.125688758747,0.0,-0.038720908926,0.84355064411,0.0,0.279450626911,1.171645252615,0.0,0.031580930112,0.881650033131,0.0,0.222307095047,1.391055925047,0.0,-0.011536953222,1.065631028254,0.0,0.527574077249,0.551068395376,-0.000325862318,-0.279145073989
946,1,0.23108678821,-0.004100207859,0.0,-0.23108678821,0.004100207859,0.0,0.318522107308,0.602440622646,0.0,-0.184200886519,0.506207480979,0.0,0.300023456622,1.151062445388,0.0,-0.042361386031,0.869732472416,0.0,0.288637532987,1.196956751001,0.0,0.03133004515,0.912522468901,0.0,0.250889584116,1.413271648149,0.0,-0.012864381472,1.101394602586,0.0,0.527562409639,0.550604134798,-0.000322408974,-0.270133454112
947,1,0.23445094652,-0.006094996374,0.0,-0.23445094652,0.006094996374,0.0,0.322602147698,0.607148406857,0.0,-0.188552678745,0.518385717187,0.0,0.321244670213,1.148522697928,0.0,-0.045390435684,0.887747688708,0.0,0.315366987096,1.19908297554,0.0,0.025245586672,0.929088221053,0.0,0.257522557889,1.404650079989,0.0,-0.014011704835,1.124102036424,0.0,0.527319714427,0.549056261778,-0.000320203602,-0.265228602946
948,1,0.252370173946,-0.007758161293,0.0,-0.252370173946,0.007758161293,0.0,0.345395155519,0.643125498891,0.0,-0.203555157676,0.560864429241,0.0,0.354085022076,1.210333291169,0.0,-0.050957781099,0.962661810558,0.0,0.35332947093,1.263909066064,0.0,0.020823570327,1.007038372166,0.0,0.287649875553,1.471122930261,0.0,0.000821366971,1.217377520145,0.0,0.526841312647,0.547363191843,-0.000328373164,-0.246330780071
949,1,0.25222213291,-0.00911407379,0.0,-0.25222213291,0.00911407379,0.0,0.341278087259,0.628751497606,0.0,-0.204878190909,0.562239603141,0.0,0.354656144413,1.183104922466,0.0,-0.054167332172,0.970154625881,0.0,0.357278495391,1.237305179281,0.0,0.016774379336,1.011580605393,0.0,0.287408166293,1.439122588855,0.0,0.00201711857,1.221363115553,0.0,0.525976061821,0.54522973299,-0.000324960798,-0.246205606131
950,1,0.250504180495,-0.009192128197,0.0,-0.250504180495,0.009192128197,0.0,0.338170234433,0.616902886228,0.0,-0.198176154322,0.562103209919,0.0,0.357719914682,1.146512736266,0.0,-0.052196401264,0.977419649101,0.0,0.365145853956,1.191727945541,0.0,0.017336570418,1.015170639197,0.0,0.29573182772,1.403412921308,0.0,-0.00206156005,1.217232264242,0.0,0.525654911995,0.54495421052,-0.000323005021,-0.246796229746
951,1,0.263056593993,-0.009454845656,0.0,-0.263056593993,0.009454845656,0.0,0.353169531844,0.64728569048,0.0,-0.20695887714,0.592423989245,0.0,0.377012351936,1.17693681743,0.0,-0.055975284941,1.029001182279,0.0,0.384138957105,1.213713685337,0.0,0.015906358979,1.066961685797,0.0,0.31395165387,1.440007523512,0.0,0.00928995034,1.280882908471,0.0,0.525409966707,0.545043170452,-0.000332744792,-0.234413039831
952,1,0.261373532201,-0.009232567085,0.0,-0.261373532201,0.009232567085,0.0,0.346226617284,0.639810313391,0.0,-0.207838972783,0.588987311366,0.0,0.369919060921,1.155160595756,0.0,-0.058856686509,1.026016221525,0.0,0.375389521559,1.196326806824,0.0,0.011855854685,1.06226652284,0.0,0.309725735528,1.400066837643,0.0,0.01148967985,1.27072779137,0.0,0.524517953396,0.544746786356,-0.00033479929,-0.236676978314
953,1,0.267439522031,-0.009403663334,0.0,-0.267439522031,0.009403663334,0.0,0.353011684223,0.648326337314,0.0,-0.212176984385,0.604249463721,0.0,0.371118261787,1.147252733052,0.0,-0.060477383204,1.06265756814,0.0,0.365381305888,1.184884934149,0.0,0.01026150359,1.0956548384,0.0,0.318142093898,1.393272828383,0.0,0.009436500869,1.302199701843,0.0,0.524058386683,0.544799298048,-0.000345105305,-0.230976267512
954,1,0.266105723405,-0.009039880682,0.0,-0.266105723405,0.009039880682,0.0,0.345409823047,0.630006810358,0.0,-0.213323646948,0.601238471929,0.0,0.349586887241,1.07900609857,0.0,-0.063832205259,1.055094948368,0.0,0.336235887449,1.113523448579,0.0,0.005572936588,1.088154323253,0.0,0.311358851113,1.336707486951,0.0,0.0045613848,1.293179292963,0.0,0.523173078895,0.544309049845,-0.000343050808,-0.23298536779
955,1,0.267552557464,-0.008823386411,0.0,-0.267552557464,0.008823386411,0.0,0.342970783207,0.626737875088,0.0,-0.212288486874,0.602846645763,0.0,0.334682073397,1.059507303989,0.0,-0.063969841017,1.058559684616,0.0,0.325562845468,1.106354239439,0.0,0.005468628529,1.093410304422,0.0,0.296032740408,1.312402258975,0.0,-0.006084246546,1.296844263672,0.0,0.523063331842,0.544307023287,-0.000343529508,-0.231595415176
956,1,0.253882139185,-0.008971701667,0.0,-0.253882139185,0.008971701667,0.0,0.315540505125,0.588333051544,0.0,-0.200971219073,0.574684153635,0.0,0.296910020072,0.983960724218,0.0,-0.062533061585,1.002579464284,0.0,0.284130128832,1.012060849434,0.0,-0.000532011192,1.030909350801,0.0,0.253715751874,1.219463855643,0.0,-0.01471457193,1.233132817903,0.0,0.52281729877,0.543854534626,-0.000342892483,-0.24359524942
957,1,0.25615721445,-0.009296362034,0.0,-0.25615721445,0.009296362034,0.0,0.313375481867,0.592853737127,0.0,-0.203632416783,0.581046538069,0.0,0.283223936242,0.970647529989,0.0,-0.065180866991,1.010035258621,0.0,0.259151460817,0.994440858761,0.0,-0.003135920399,1.03555314281,0.0,0.254517428668,1.208768892612,0.0,-0.019273785057,1.246288970731,0.0,0.522229328752,0.54344150424,-0.000343894586,-0.241175903804
958,1,0.257691771305,-0.009557530862,0.0,-0.257691771305,0.009557530862,0.0,0.310291292229,0.596349905726,0.0,-0.205341380332,0.58570103137,0.0,0.272048102524,0.970655586949,0.0,-0.066211386642,1.005878231544,0.0,0.240549465384,0.992877928836,0.0,-0.00624349275,1.029618499079,0.0,0.256539327509,1.211767834653,0.0,-0.028448910725,1.252718974844,0.0,0.522138342261,0.543312549591,-0.000340664759,-0.239490471092
959,1,0.260283648691,-0.010527116196,0.0,-0.260283648691,0.010527116196,0.0,0.311655141131,0.604179897858,0.0,-0.207530042538,0.594135314813,0.0,0.264858978012,0.985502506788,0.0,-0.067458172355,1.019257956948,0.0,0.226654268015,1.010896646624,0.0,-0.010241228816,1.043358470526,0.0,0.259590203679,1.22775803064,0.0,-0.030005857109,1.268726716676,0.0,0.522137328982,0.542158275843,-0.000344580039,-0.237105191999
960,1,0.255865341748,-0.010466262561,0.0,-0.255865341748,0.010466262561,0.0,0.304287151102,0.597025881511,0.0,-0.203571791688,0.587187627107,0.0,0.253817678715,0.97559602845,0.0,-0.0666787256,1.002592776814,0.0,0.213405808688,1.002222876395,0.0,-0.014071607665,1.025208049732,0.0,0.239229045481,1.216352595657,0.0,-0.030314573163,1.25303031597,0.0,0.522664263844,0.542228013277,-0.00034590438,-0.239127311895
961,1,0.2652773757,-0.011265829709,0.0,-0.2652773757,0.011265829709,0.0,0.316748203958,0.613970436911,0.0,-0.210995818402,0.610872576469,0.0,0.261862350274,1.012301954227,0.0,-0.069942322781,1.043249748332,0.0,0.226092612761,1.0387853599,0.0,-0.016586369418,1.067568664804,0.0,0.250615291553,1.261200347572,0.0,-0.031263729266,1.302228809985,0.0,0.522902294993,0.542057901621,-0.000350255519,-0.230213590359
962,1,0.259418193729,-0.012071894598,0.0,-0.259418193729,0.012071894598,0.0,0.309313792897,0.596319105294,0.0,-0.207030041795,0.602175798442,0.0,0.251558803407,0.999164922289,0.0,-0.069363361406,1.027608019187,0.0,0.223258982925,1.027861576563,0.0,-0.018811533413,1.051437843943,0.0,0.246532199748,1.238398971703,0.0,-0.040971534369,1.281301945754,0.0,0.522909209132,0.540966898203,-0.000350711867,-0.234838524656
963,1,0.257946865587,-0.01163567276,0.0,-0.257946865587,0.01163567276,0.0,0.306395003449,0.594299194423,0.0,-0.204961456642,0.60045913766,0.0,0.247388513829,1.003628912091,0.0,-0.069204366792,1.025060959861,0.0,0.220215130327,1.034605867397,0.0,-0.019696581346,1.049045301515,0.0,0.246013269514,1.240339841717,0.0,-0.041013751906,1.276418355061,0.0,0.522918924689,0.54034280777,-0.000347748399,-0.2360791435
964,1,0.24532763439,-0.010978495882,0.0,-0.24532763439,0.010978495882,0.0,0.291116364845,0.567289232448,0.0,-0.194958527629,0.571863475449,0.0,0.235045208508,0.955264555466,0.0,-0.065818541545,0.976472321919,0.0,0.209769497377,0.984821313562,0.0,-0.018146405378,0.999497951902,0.0,0.235085616165,1.182489799962,0.0,-0.040925260026,1.215813610003,0.0,0.522952854633,0.540387779474,-0.000346260145,-0.247813929864
965,1,0.249671334741,-0.0111091691,0.0,-0.249671334741,0.0111091691,0.0,0.296369370292,0.575359372384,0.0,-0.198216274937,0.583089751474,0.0,0.236984955345,0.973249403436,0.0,-0.067747849472,0.99329298982,0.0,0.211126655732,1.002232682054,0.0,-0.018139758494,1.017313643775,0.0,0.23906107785,1.205228737137,0.0,-0.043675427394,1.238996028128,0.0,0.523100361228,0.540422827005,-0.000346977264,-0.242940627577
966,1,0.255693664423,-0.01121379686,0.0,-0.255693664423,0.01121379686,0.0,0.303728634583,0.589893323049,0.0,-0.201657571577,0.596722944419,0.0,0.241310882067,0.991576202012,0.0,-0.069634630166,1.015248489769,0.0,0.213399176964,1.018808309696,0.0,-0.019547308439,1.040267919651,0.0,0.245042578747,1.233085765572,0.0,-0.04321331874,1.267967581519,0.0,0.523399814963,0.540352404118,-0.00034994632,-0.237375784877
967,1,0.246762922379,-0.010766400869,0.0,-0.246762922379,0.010766400869,0.0,0.294084735701,0.571787688885,0.0,-0.196417769297,0.577630875555,0.0,0.233235753173,0.961966879906,0.0,-0.068518256202,0.982133580874,0.0,0.208959687859,0.989517429686,0.0,-0.02036849197,1.007524966935,0.0,0.238473809959,1.193282093298,0.0,-0.043032538926,1.227169609898,0.0,0.523770809174,0.540314376354,-0.000349072739,-0.245163831571
968,1,0.241863391371,-0.010578878742,0.0,-0.241863391371,0.010578878742,0.0,0.288612463461,0.561418803833,0.0,-0.19369665436,0.566257493261,0.0,0.229492604203,0.945407188388,0.0,-0.067365023252,0.962202349519,0.0,0.207307287118,0.972670911103,0.0,-0.019163938845,0.988458787138,0.0,0.236069414989,1.170002664885,0.0,-0.04785450964,1.203264301647,0.0,0.524253904819,0.540318697691,-0.000349463895,-0.249889942702
969,1,0.241645267643,-0.010551362978,0.0,-0.241645267643,0.010551362978,0.0,0.289391968604,0.558370430766,0.0,-0.18835779165,0.561954941058,0.0,0.232055683478,0.940489561417,0.0,-0.064643836936,0.956572930128,0.0,0.206749500614,0.968215004318,0.0,-0.017613374411,0.982151553787,0.0,0.239020403092,1.164446323086,0.0,-0.043182517746,1.196358039809,0.0,0.525382965803,0.540130972862,-0.000344874337,-0.251487811226
970,1,0.242062971076,-0.010704425519,0.0,-0.242062971076,0.010704425519,0.0,0.290751828964,0.566763739044,0.0,-0.187251493491,0.566491957261,0.0,0.237752468968,0.947033304417,0.0,-0.060449395864,0.965312003782,0.0,0.213962957711,0.974196423587,0.0,-0.012050247317,0.992303735496,0.0,0.244324233757,1.174172360103,0.0,-0.038673388433,1.207265198443,0.0,0.526647791266,0.540229380131,-0.000343851745,-0.249356230993
971,1,0.242488236068,-0.010718440728,0.0,-0.242488236068,0.010718440728,0.0,0.290846400659,0.570796162714,0.0,-0.187983621004,0.567103433576,0.0,0.241404208957,0.948496914625,0.0,-0.062238151599,0.96602924005,0.0,0.217591156351,0.975541583932,0.0,-0.009936057504,0.993102392296,0.0,0.247197853964,1.176609823852,0.0,-0.033091489337,1.208774241427,0.0,0.527571901679,0.540241241455,-0.000343907624,-0.249024617057
972,1,0.252677166905,-0.011135492232,0.0,-0.252677166905,0.011135492232,0.0,0.303785506622,0.592458435125,0.0,-0.198037757999,0.588675875203,0.0,0.252311000378,0.984472288726,0.0,-0.063690712114,1.004634084345,0.0,0.227745753771,1.013027058943,0.0,-0.008649067288,1.033295570214,0.0,0.258860704622,1.222366352758,0.0,-0.033447148045,1.257352917617,0.0,0.527995616198,0.540581285954,-0.000343570486,-0.239612391427
973,1,0.246308476664,-0.010800274407,0.0,-0.246308476664,0.010800274407,0.0,0.296965257712,0.571550193458,0.0,-0.191986170605,0.570193583629,0.0,0.247100797612,0.955073588993,0.0,-0.062652414036,0.97580327248,0.0,0.223361090823,0.983032009698,0.0,-0.010474333332,1.003130201203,0.0,0.255113651451,1.187473255681,0.0,-0.030349318844,1.221263506045,0.0,0.528563007712,0.540586829185,-0.000339407474,-0.247010824935
974,1,0.246029849434,-0.010487035135,0.0,-0.246029849434,0.010487035135,0.0,0.298657200961,0.571300329883,0.0,-0.191901885574,0.569287610521,0.0,0.248119535648,0.956450417747,0.0,-0.063627096881,0.977723910784,0.0,0.221854054645,0.983163705887,0.0,-0.014769070245,1.003447728521,0.0,0.264465219975,1.196277197359,0.0,-0.029488558395,1.222562945495,0.0,0.528768211603,0.54072612524,-0.000337319449,-0.247039878466
975,1,0.245478634898,-0.010524283077,0.0,-0.245478634898,0.010524283077,0.0,0.299221068895,0.571475686582,0.0,-0.192734053144,0.568524268883,0.0,0.253014658723,0.962608964137,0.0,-0.062870711191,0.982708318529,0.0,0.229758609354,0.988172908011,0.0,-0.009487542529,1.009768559179,0.0,0.27623868243,1.215366093185,0.0,-0.02948913437,1.223433670782,0.0,0.52874994278,0.540763825178,-0.000337751582,-0.247533289223
976,1,0.249536346832,-0.010814421636,0.0,-0.249536346832,0.010814421636,0.0,0.307132354392,0.582930599625,0.0,-0.195804320966,0.578750171154,0.0,0.266192909908,1.00327772787,0.0,-0.063149195374,0.999424523001,0.0,0.239734824302,1.036165659281,0.0,-0.008228534673,1.026885588135,0.0,0.2850833374,1.265811721922,0.0,-0.02411528953,1.244328855646,0.0,0.528811886907,0.540804892778,-0.000338776037,-0.243355934482
977,1,0.255664344551,-0.011693878752,0.0,-0.255664344551,0.011693878752,0.0,0.318029440247,0.600300325262,0.0,-0.199843927764,0.596062714653,0.0,0.283056923779,1.072451874075,0.0,-0.062908374283,1.035175801211,0.0,0.253462633291,1.108081116084,0.0,-0.005694234383,1.06156623432,0.0,0.301009512335,1.331069037775,0.0,-0.023038511464,1.272582084507,0.0,0.528971329331,0.541326224804,-0.000340774655,-0.237610615291
978,1,0.24934489335,-0.011339577531,0.0,-0.24934489335,0.011339577531,0.0,0.310779451596,0.584077728212,0.0,-0.188499679271,0.575841925015,0.0,0.287903283393,1.069118996644,0.0,-0.056617605101,1.000658685798,0.0,0.266799143655,1.104708748595,0.0,-0.001649606654,1.025498567655,0.0,0.294918743358,1.320387401826,0.0,-0.01275305903,1.228634010519,0.0,0.529980868101,0.541275799274,-0.000339657068,-0.246117483191
979,1,0.252790714775,-0.011456605524,0.0,-0.252790714775,0.011456605524,0.0,0.317087351478,0.599018813079,0.0,-0.187937036551,0.582309769715,0.0,0.308861537831,1.120177218084,0.0,-0.0540373707,1.015491339644,0.0,0.290498008969,1.161334670604,0.0,0.002131451534,1.039970335311,0.0,0.30374845213,1.377665959618,0.0,-0.009749572402,1.241776457774,0.0,0.530736073852,0.541300445795,-0.00033807382,-0.243590412961
980,1,0.249184454441,-0.011655461107,0.0,-0.249184454441,0.011655461107,0.0,0.314648749166,0.600015045208,0.0,-0.184917446091,0.574234681989,0.0,0.31556291723,1.145490140409,0.0,-0.05167496716,1.004768589168,0.0,0.29881665697,1.198909004904,0.0,0.007405294367,1.032831343898,0.0,0.302734156666,1.405669446567,0.0,-0.018063481221,1.226504378188,0.0,0.531178027391,0.54202401638,-0.000347055495,-0.246003260679
981,1,0.243169584836,-0.011437396053,0.0,-0.243169584836,0.011437396053,0.0,0.306905333749,0.601766303744,0.0,-0.181203990801,0.561400290001,0.0,0.321386913552,1.152429972718,0.0,-0.050556766039,0.978205282421,0.0,0.321202256257,1.21301720237,0.0,0.007508194011,1.007622691875,0.0,0.295078631381,1.41738586529,0.0,-0.015383632464,1.199261712559,0.0,0.531093552709,0.542635440826,-0.000343564898,-0.251933860558
982,1,0.225706818733,-0.010414198839,0.0,-0.225706818733,0.010414198839,0.0,0.285246375614,0.574062697196,0.0,-0.169592461002,0.52438918877,0.0,0.302039640242,1.103232262109,0.0,-0.049284480776,0.906016204257,0.0,0.297501240394,1.143168337143,0.0,0.006589985716,0.935255280945,0.0,0.273183116553,1.349139218071,0.0,-0.016076553887,1.115145177621,0.0,0.53104737401,0.542907387018,-0.000326979905,-0.27157255551
983,1,0.212024295195,-0.009873530384,0.0,-0.212024295195,0.009873530384,0.0,0.271106695806,0.541342762632,0.0,-0.15845858269,0.488753362394,0.0,0.284432444183,1.042598077832,0.0,-0.046895032748,0.832818499754,0.0,0.277677957272,1.075752845444,0.0,0.007162019741,0.864684937776,0.0,0.256555986729,1.284054295376,0.0,-0.015834622359,1.040016283409,0.0,0.531335353851,0.543870955706,-0.000318812206,-0.290174451422
984,1,0.217829010682,-0.009639482833,0.0,-0.217829010682,0.009639482833,0.0,0.281347219061,0.56768546026,0.0,-0.168011783831,0.500501243479,0.0,0.291493321692,1.097523311264,0.0,-0.054108892252,0.840510923122,0.0,0.29107062892,1.146419027806,0.0,-0.002016989955,0.862680731997,0.0,0.25977449404,1.348619687573,0.0,-0.016844871046,1.061900927987,0.0,0.531376183033,0.544654458761,-0.000316210091,-0.282658040006
985,1,0.220720577644,-0.008876004176,0.0,-0.220720577644,0.008876004176,0.0,0.290980561177,0.575852101794,0.0,-0.171090432012,0.507039415893,0.0,0.294612100362,1.117697568086,0.0,-0.057582700662,0.845014007768,0.0,0.292965429552,1.156271312356,0.0,-0.00612947046,0.864672181746,0.0,0.262385300293,1.377999701659,0.0,-0.007290683066,1.074341003306,0.0,0.531396433711,0.545575261116,-0.000319531187,-0.279079345076
986,1,0.223699288656,-0.008913551778,0.0,-0.223699288656,0.008913551778,0.0,0.30089735577,0.586458011277,0.0,-0.177677613654,0.510153862976,0.0,0.298207378395,1.133564881362,0.0,-0.058794416212,0.852160234408,0.0,0.28831878013,1.170269205103,0.0,-0.005906527448,0.873061319669,0.0,0.262330556943,1.401801749412,0.0,-0.009736835427,1.085711451621,0.0,0.531437575817,0.546542137861,-0.00032030791,-0.275513154904
987,1,0.227105506183,-0.007594094435,0.0,-0.227105506183,0.007594094435,0.0,0.31228121657,0.597161722992,0.0,-0.18281352587,0.514856089154,0.0,0.302655950469,1.161516276793,0.0,-0.061105183428,0.86041282227,0.0,0.289528380091,1.200394436359,0.0,-0.005770204243,0.882523432286,0.0,0.257573960187,1.434762155876,0.0,-0.016744640359,1.099171634748,0.0,0.531472995877,0.547433942556,-0.00032177195,-0.271235435584
988,1,0.218482986874,-0.00598443546,0.0,-0.218482986874,0.00598443546,0.0,0.302424542866,0.575677710344,0.0,-0.176801592557,0.490657979556,0.0,0.288858223315,1.12440749682,0.0,-0.058625688444,0.823199506667,0.0,0.271454624401,1.16145135521,0.0,-0.001709936827,0.84776156064,0.0,0.239758208658,1.382037697,0.0,-0.025719113164,1.056282235655,0.0,0.531508520246,0.548738777637,-0.000315621495,-0.282025787169
989,1,0.221372614894,-0.005459014879,0.0,-0.221372614894,0.005459014879,0.0,0.308125396366,0.586109300036,0.0,-0.181174540889,0.495292943161,0.0,0.288499139395,1.140409963848,0.0,-0.060766306129,0.832203826754,0.0,0.267001773586,1.175517038032,0.0,-0.001588329021,0.858751848774,0.0,0.230555976407,1.400308426137,0.0,-0.028531012144,1.070008972126,0.0,0.531533941627,0.549182683229,-0.00031773001,-0.278494546289
990,1,0.220977894248,-0.004225738677,0.0,-0.220977894248,0.004225738677,0.0,0.310342902493,0.582446027164,0.0,-0.182486715373,0.487295909912,0.0,0.285331222061,1.122578147732,0.0,-0.061563983431,0.824007075577,0.0,0.260818604241,1.159542115952,0.0,-0.00089758617,0.850616269212,0.0,0.224093429628,1.385558395039,0.0,-0.033137821529,1.061458523411,0.0,0.531583636999,0.551159113646,-0.000318922102,-0.278936238826
991,1,0.221924097754,-0.003524527081,0.0,-0.221924097754,0.003524527081,0.0,0.311631359061,0.584479088461,0.0,-0.183687948707,0.486876783557,0.0,0.284044812362,1.132770094309,0.0,-0.06296128928,0.825803525274,0.0,0.259555401884,1.169330562385,0.0,-0.001782207018,0.852323846507,0.0,0.221391092244,1.389921717472,0.0,-0.030548421112,1.063302245612,0.0,0.531672909856,0.551706641912,-0.000315833837,-0.277947116474
992,1,0.21808936374,-0.002988726719,0.0,-0.21808936374,0.002988726719,0.0,0.306054764107,0.574935830019,0.0,-0.180605178596,0.478554610273,0.0,0.275032417336,1.111209605869,0.0,-0.061743270365,0.81914846539,0.0,0.249838498699,1.145151120165,0.0,0.000422624802,0.845965010326,0.0,0.216380736983,1.35921342812,0.0,-0.030304200785,1.043473073158,0.0,0.531659960747,0.552844524384,-0.000319935381,-0.282774016412
993,1,0.211304033293,-0.002269330905,0.0,-0.211304033293,0.002269330905,0.0,0.295640210381,0.557283268988,0.0,-0.174990253775,0.462770728359,0.0,0.261693821163,1.070999319216,0.0,-0.060088494105,0.788797833047,0.0,0.235033489697,1.104763962173,0.0,0.000225577384,0.816203701333,0.0,0.207263007628,1.312100259516,0.0,-0.029575916601,1.004113025682,0.0,0.531571894884,0.554500192404,-0.000317126513,-0.29237212695
994,1,0.205349522837,-0.002105950308,0.0,-0.205349522837,0.002105950308,0.0,0.285742239075,0.535312370514,0.0,-0.169599158629,0.444557691006,0.0,0.249884857966,1.034279509099,0.0,-0.059078072216,0.763050658987,0.0,0.221788919563,1.066453552289,0.0,-0.000267789289,0.790247774004,0.0,0.199311911922,1.268122405218,0.0,-0.029480735119,0.970456724515,0.0,0.531309247017,0.555911779404,-0.000317048281,-0.301596430005
995,1,0.20083370961,-0.002043381052,0.0,-0.20083370961,0.002043381052,0.0,0.279468796052,0.523759292111,0.0,-0.165838368672,0.434274047516,0.0,0.244228253253,1.011508608231,0.0,-0.057995169114,0.745878156581,0.0,0.216641932497,1.045398656117,0.0,0.00025269226,0.772456221206,0.0,0.195014877132,1.239858132189,0.0,-0.028792661718,0.948769406515,0.0,0.531313195825,0.556047976017,-0.000317651778,-0.308352032166
996,1,0.215928158438,-0.002288905126,0.0,-0.215928158438,0.002288905126,0.0,0.300500536982,0.559978886025,0.0,-0.178364223377,0.466237090894,0.0,0.261538218435,1.083251268774,0.0,-0.062363017796,0.798999250835,0.0,0.232495595219,1.121538201603,0.0,0.000207511769,0.826250976425,0.0,0.208764256747,1.331576625219,0.0,-0.034054283993,1.016824474504,0.0,0.531283870339,0.556456565857,-0.000317379832,-0.28730681685
997,1,0.218475850736,-0.002450882674,0.0,-0.218475850736,0.002450882674,0.0,0.303803603999,0.564047593719,0.0,-0.178074230986,0.469917790589,0.0,0.263079431011,1.095309060062,0.0,-0.061381359159,0.806399899831,0.0,0.231605855224,1.143888917981,0.0,0.001711724268,0.833198123853,0.0,0.211831880362,1.339971431917,0.0,-0.032773914194,1.027482273007,0.0,0.531700611115,0.556341081858,-0.000325273722,-0.285500703394
998,1,0.216431152174,-0.002397462927,0.0,-0.216431152174,0.002397462927,0.0,0.303172744587,0.559359130789,0.0,-0.175433583267,0.4653592784,0.0,0.263417614131,1.084604646831,0.0,-0.058216827491,0.794241105036,0.0,0.23322664976,1.130740583232,0.0,0.004118658609,0.813694028913,0.0,0.211603497865,1.334869202246,0.0,-0.032226291082,1.015673341263,0.0,0.532508090138,0.556734144688,-0.000323351473,-0.287747581339
999,1,0.216017970866,-0.002462165767,0.0,-0.216017970866,0.002462165767,0.0,0.303671092861,0.558317391727,0.0,-0.174878250331,0.46446200715,0.0,0.265128808288,1.082211827966,0.0,-0.057538594637,0.791111607448,0.0,0.235512598545,1.127070858382,0.0,0.005187477569,0.81007384142,0.0,0.21283798367,1.331726805009,0.0,-0.032122276274,1.012536301155,0.0,0.533170714974,0.55667835474,-0.000320289284,-0.288174622874
1000,1,0.205517205779,-0.002736733135,0.0,-0.205517205779,0.002736733135,0.0,0.293503275215,0.536139903058,0.0,-0.164405326363,0.446584674134,0.0,0.257923364697,1.038172377012,0.0,-0.051390741683,0.75584940033,0.0,0.230359702495,1.079422679597,0.0,0.008818973791,0.771794242177,0.0,0.207869408077,1.277816397088,0.0,-0.031095287408,0.970727968677,0.0,0.534309670329,0.556243538857,-0.000307168812,-0.300556925878
1001,1,0.208861045696,-0.003011980531,0.0,-0.208861045696,0.003011980531,0.0,0.299600725049,0.548045137672,0.0,-0.165487236338,0.456903431011,0.0,0.264855590523,1.058891262858,0.0,-0.049399281801,0.769981743716,0.0,0.236961243146,1.103429641546,0.0,0.01180660498,0.78810279716,0.0,0.214043369138,1.301869111679,0.0,-0.028716337046,0.989275649953,0.0,0.535146921873,0.555199056864,-0.000306662172,-0.295779077578
1002,1,0.234390958545,-0.00376296127,0.0,-0.234390958545,0.00376296127,0.0,0.335274131575,0.615477197462,0.0,-0.183228209865,0.515224648169,0.0,0.299023713428,1.185482424504,0.0,-0.052290772116,0.865579156788,0.0,0.268908790209,1.234355651807,0.0,0.015887359752,0.887894070911,0.0,0.24225757966,1.456696013045,0.0,-0.029124617044,1.108960378992,0.0,0.535904049873,0.553780347109,-0.000311397016,-0.265309134456
1003,1,0.228809919454,-0.004057061472,0.0,-0.228809919454,0.004057061472,0.0,0.32799220784,0.594096274467,0.0,-0.175569337912,0.499781609836,0.0,0.300385794711,1.150873228342,0.0,-0.047008798248,0.842791559954,0.0,0.27443788486,1.193890568573,0.0,0.01894076347,0.870380318997,0.0,0.239371530743,1.414631154153,0.0,-0.023157256592,1.074297650616,0.0,0.536924928427,0.55327090621,-0.000316431746,-0.273476423247
1004,1,0.226719555704,-0.004835632174,0.0,-0.226719555704,0.004835632174,0.0,0.32844849427,0.595703303747,0.0,-0.174939416948,0.501080801294,0.0,0.304267082119,1.149581786782,0.0,-0.043792009071,0.842102817061,0.0,0.276157037183,1.191421671768,0.0,0.022482562957,0.87078129452,0.0,0.253509580025,1.410707658172,0.0,-0.020352864671,1.070791945398,0.0,0.537780746818,0.551867872477,-0.000318659469,-0.274989861694
1005,1,0.225633443127,-0.005207767482,0.0,-0.225633443127,0.005207767482,0.0,0.32649139463,0.579559036372,0.0,-0.169165219726,0.495308575249,0.0,0.309012417745,1.131845181389,0.0,-0.039930971116,0.836796257119,0.0,0.28167115775,1.173625898102,0.0,0.02652227847,0.874334913387,0.0,0.261222204424,1.374924752405,0.0,-0.016605941403,1.060042940349,0.0,0.538719281554,0.550009131432,-0.00031860359,-0.278980046923
1006,1,0.214279189226,-0.006607146139,0.0,-0.214279189226,0.006607146139,0.0,0.308335297235,0.54701506269,0.0,-0.162291384121,0.477135539202,0.0,0.300940524771,1.053050507464,0.0,-0.038333601644,0.803063171524,0.0,0.280354813652,1.092892803932,0.0,0.024920803569,0.839561432232,0.0,0.253651164031,1.278838412947,0.0,-0.015602606395,1.013704526257,0.0,0.538630023599,0.547474354506,-0.000318728387,-0.293510523199
1007,1,0.240453461815,-0.00791272542,0.0,-0.240453461815,0.00791272542,0.0,0.345076491307,0.601321244872,0.0,-0.18196763466,0.535383042964,0.0,0.337493059513,1.145519951862,0.0,-0.040362494346,0.907029840664,0.0,0.319217149436,1.190079345842,0.0,0.029675936972,0.947890032948,0.0,0.284117659915,1.391084866008,0.0,-0.008202394501,1.138780591176,0.0,0.538569420576,0.5473972857,-0.000325545669,-0.261736971748
1008,1,0.242103477702,-0.008333393786,0.0,-0.242103477702,0.008333393786,0.0,0.346964355965,0.592415200161,0.0,-0.183194917419,0.53898527424,0.0,0.338189599084,1.125083594078,0.0,-0.039223651622,0.91625533988,0.0,0.321140831816,1.173962092056,0.0,0.029846348137,0.955148714339,0.0,0.285862393061,1.361948149167,0.0,-0.002110174151,1.146993316656,0.0,0.538554638624,0.547270596027,-0.000330660492,-0.259964964411
1009,1,0.255648220657,-0.009333265333,0.0,-0.255648220657,0.009333265333,0.0,0.365754013645,0.620741314194,0.0,-0.19503129483,0.573286206155,0.0,0.357090532497,1.167229838822,0.0,-0.04310005373,0.975699004195,0.0,0.33966181546,1.20940365728,0.0,0.027964582544,1.017187495978,0.0,0.301793145347,1.420681468489,0.0,0.004329554911,1.219541489329,0.0,0.538254261017,0.54600828886,-0.000331755728,-0.245436685481
1010,1,0.26136151651,-0.009755914829,0.0,-0.26136151651,0.009755914829,0.0,0.369345838696,0.62952362577,0.0,-0.200584637526,0.593904571733,0.0,0.358350744024,1.173880274663,0.0,-0.045371736332,1.015182949441,0.0,0.339249943618,1.213114546065,0.0,0.025762681968,1.054433383518,0.0,0.308349644648,1.415876295885,0.0,0.003701376854,1.259020769619,0.0,0.537923008204,0.543689936399,-0.000337742269,-0.23970672934
1011,1,0.273255538482,-0.009741455265,0.0,-0.273255538482,0.009741455265,0.0,0.372221560144,0.653302776005,0.0,-0.207491213997,0.621318044873,0.0,0.362744323176,1.193212430415,0.0,-0.046981592441,1.069978674076,0.0,0.336525928592,1.232369581966,0.0,0.02270956259,1.106059179274,0.0,0.322772520237,1.435786693002,0.0,0.01240478871,1.31892749592,0.0,0.537930980325,0.543477535248,-0.000343393534,-0.228972464186
1012,1,0.269823562902,-0.009574370924,0.0,-0.269823562902,0.009574370924,0.0,0.359579424408,0.643421562035,0.0,-0.206071547376,0.615170380642,0.0,0.348176723776,1.12952925699,0.0,-0.046919774795,1.065737644261,0.0,0.325102812063,1.165341692648,0.0,0.020483982848,1.102447616535,0.0,0.328800362709,1.381054576807,0.0,0.01456872999,1.310252188585,0.0,0.537495687604,0.543621331453,-0.000349687412,-0.230306935957
1013,1,0.265401788829,-0.009598132724,0.0,-0.265401788829,0.009598132724,0.0,0.345638071513,0.630714581206,0.0,-0.203636544679,0.60927384586,0.0,0.330686403718,1.071464334184,0.0,-0.043876420136,1.055758159333,0.0,0.305220352128,1.106450651223,0.0,0.02130040803,1.092418942463,0.0,0.323964373642,1.331218316126,0.0,0.01473884336,1.296640898184,0.0,0.537236049771,0.543109863997,-0.00034731254,-0.233083975698
1014,1,0.272008475333,-0.009655232889,0.0,-0.272008475333,0.009655232889,0.0,0.342390690075,0.649704097149,0.0,-0.211454437977,0.629882179658,0.0,0.311037909173,1.082342155583,0.0,-0.047698408556,1.083165487386,0.0,0.282255700398,1.109933657316,0.0,0.015661231444,1.116430939513,0.0,0.321817544926,1.343219965289,0.0,0.01297927357,1.335715861395,0.0,0.536781847477,0.542595297098,-0.000351075083,-0.226087835783
1015,1,0.272087252054,-0.010856734575,0.0,-0.272087252054,0.010856734575,0.0,0.332025008761,0.645221093481,0.0,-0.213165649429,0.637788508667,0.0,0.291943037669,1.069184318417,0.0,-0.04992638513,1.092277335376,0.0,0.26748739338,1.098599513751,0.0,0.011325484721,1.123819223423,0.0,0.312561302372,1.31989611433,0.0,0.008835266091,1.342538623533,0.0,0.536330133677,0.54077014327,-0.000352917239,-0.225448537823
1016,1,0.277832551072,-0.011058951787,0.0,-0.277832551072,0.011058951787,0.0,0.330756566697,0.657225875501,0.0,-0.214529165123,0.651707917938,0.0,0.292075846788,1.079342311591,0.0,-0.048554909835,1.119599281067,0.0,0.270669911511,1.115053470546,0.0,0.011397861705,1.152469071304,0.0,0.312500420359,1.329777634218,0.0,0.007947241091,1.371424662847,0.0,0.536102861166,0.540788531303,-0.000351985916,-0.219927491945
1017,1,0.276153926558,-0.010862494763,0.0,-0.276153926558,0.010862494763,0.0,0.327283417997,0.653150381225,0.0,-0.21347674585,0.647537093274,0.0,0.281070166825,1.07018936301,0.0,-0.048343657874,1.10501399995,0.0,0.260189581535,1.105023159224,0.0,0.011370767117,1.137278350444,0.0,0.298878489196,1.31860476529,0.0,0.002398180768,1.36043193652,0.0,0.536099210382,0.540900975466,-0.00034580566,-0.221257486548
1018,1,0.274985706557,-0.010935493969,0.0,-0.274985706557,0.010935493969,0.0,0.321739904203,0.648191617246,0.0,-0.212819917214,0.644216170996,0.0,0.274026638529,1.039152956931,0.0,-0.048851061184,1.096053726937,0.0,0.2462812416,1.064130826506,0.0,0.008271207546,1.126437935254,0.0,0.297396094841,1.283015545077,0.0,0.001574223084,1.354388548383,0.0,0.536012619734,0.540816009045,-0.000345306471,-0.222274130532
1019,1,0.273369565997,-0.010865809023,0.0,-0.273369565997,0.010865809023,0.0,0.315734259364,0.642244813903,0.0,-0.211269333487,0.639688607421,0.0,0.263480150592,1.036556514188,0.0,-0.050361530258,1.088783049498,0.0,0.238629800792,1.062700152613,0.0,0.003359566633,1.119366681381,0.0,0.286180835972,1.278478613021,0.0,1.2388077e-05,1.345056669247,0.0,0.535895317793,0.540856480598,-0.000344090164,-0.223732539083
1020,1,0.272350428597,-0.010841802602,0.0,-0.272350428597,0.010841802602,0.0,0.311920977795,0.631281081363,0.0,-0.210394427313,0.635582132817,0.0,0.257996737597,1.024709983227,0.0,-0.052129746837,1.083054969696,0.0,0.234166454947,1.0516158388,0.0,-6.6482376e-05,1.11401425973,0.0,0.285122741398,1.257433863499,0.0,-0.004173792774,1.338410724755,0.0,0.535830825567,0.54087883234,-0.000341716222,-0.224585286513
1021,1,0.271665926789,-0.010895735112,0.0,-0.271665926789,0.010895735112,0.0,0.310230104371,0.625160355748,0.0,-0.210408748447,0.632772161553,0.0,0.256669386942,1.017005403548,0.0,-0.054352421542,1.078080023613,0.0,0.228608404431,1.045663078717,0.0,-0.000754212101,1.108571230395,0.0,0.284634453492,1.247873264746,0.0,-0.012452249774,1.336498022098,0.0,0.535768955946,0.540658056736,-0.000341119245,-0.224956111469
1022,1,0.271662170225,-0.01090310702,0.0,-0.271662170225,0.01090310702,0.0,0.308452408303,0.627149450025,0.0,-0.211383630637,0.633391742595,0.0,0.256376716325,1.023399510863,0.0,-0.055002455157,1.080279365707,0.0,0.22576744955,1.052146973728,0.0,-0.000739505274,1.111117326296,0.0,0.284779213883,1.262545283104,0.0,-0.015064790251,1.339254205696,0.0,0.535653784871,0.540606111288,-0.000341812149,-0.224533407593
1023,1,0.271918368722,-0.011250347348,0.0,-0.271918368722,0.011250347348,0.0,0.306568906621,0.624986849287,0.0,-0.212272644217,0.634020106907,0.0,0.256226926811,1.029670886218,0.0,-0.056110110026,1.084192250384,0.0,0.22544525836,1.060115177232,0.0,-0.001381558612,1.116236058866,0.0,0.28470107721,1.271706550414,0.0,-0.017111299578,1.344330069218,0.0,0.535536915064,0.540245473385,-0.000344851986,-0.224106544986
1024,1,0.27147986817,-0.011831551195,0.0,-0.27147986817,0.011831551195,0.0,0.305016754378,0.618407627074,0.0,-0.212766787407,0.633639049303,0.0,0.254481310628,1.023975882984,0.0,-0.059721675935,1.085107890563,0.0,0.221060877481,1.057958906717,0.0,-0.004182871635,1.119240867552,0.0,0.283943669087,1.268637914082,0.0,-0.019071315671,1.345127900184,0.0,0.535416156054,0.539976805449,-0.000345326029,-0.22418332567
1025,1,0.270158518507,-0.011759101075,0.0,-0.270158518507,0.011759101075,0.0,0.303034533253,0.617149004591,0.0,-0.212355554527,0.630748674426,0.0,0.250901098052,1.023626995907,0.0,-0.060229926196,1.081057029001,0.0,0.216990193479,1.055746164756,0.0,-0.004426602276,1.117150598267,0.0,0.280955251447,1.262343258796,0.0,-0.019844078588,1.339404172587,0.0,0.535260945559,0.539986908436,-0.000345123,-0.225197074271
1026,1,0.270136463217,-0.011739737046,0.0,-0.270136463217,0.011739737046,0.0,0.303090045969,0.618657016251,0.0,-0.213039765563,0.631278913217,0.0,0.244860070316,1.026430900801,0.0,-0.06029318564,1.083573184006,0.0,0.216228501355,1.058028843477,0.0,-0.004269868691,1.122486547479,0.0,0.278069409211,1.266181480185,0.0,-0.020388866499,1.341231994072,0.0,0.535164371133,0.539993554354,-0.000345941633,-0.224895798977
1027,1,0.271512688088,-0.011859005807,0.0,-0.271512688088,0.011859005807,0.0,0.303849350689,0.622643772085,0.0,-0.214272992665,0.634408445194,0.0,0.245816487821,1.03074780848,0.0,-0.061538228616,1.089756108751,0.0,0.215240169296,1.063244357009,0.0,-0.005349516697,1.129662570645,0.0,0.278560992778,1.274197318365,0.0,-0.020635144433,1.348379592698,0.0,0.535135626793,0.540017426014,-0.000348582864,-0.223676887385
1028,1,0.271326878482,-0.011744784883,0.0,-0.271326878482,0.011744784883,0.0,0.301427526089,0.622909098899,0.0,-0.214339227672,0.631977089795,0.0,0.246174950262,1.03026816001,0.0,-0.061759972684,1.089215694412,0.0,0.216912274084,1.061837788049,0.0,-0.005516800624,1.128202142051,0.0,0.278063945035,1.273742010851,0.0,-0.019389143293,1.346939054974,0.0,0.535112395883,0.539991289377,-0.00034881942,-0.223773992504
1029,1,0.273053124729,-0.011851898147,0.0,-0.273053124729,0.011851898147,0.0,0.302777190284,0.623725396164,0.0,-0.215963333514,0.634683431202,0.0,0.247855087496,1.036548303386,0.0,-0.063818366882,1.096525753763,0.0,0.218368330731,1.069980955629,0.0,-0.009676567572,1.136619677146,0.0,0.279487008464,1.279051340269,0.0,-0.021263135722,1.354061028796,0.0,0.535055577755,0.540027230978,-0.000345070846,-0.222284689268
1030,1,0.274337352674,-0.011656157646,0.0,-0.274337352674,0.011656157646,0.0,0.304191809697,0.628007889336,0.0,-0.216754058832,0.636802946021,0.0,0.24803529464,1.04128045287,0.0,-0.063394197976,1.10104944465,0.0,0.217459366018,1.074715731309,0.0,-0.008337940577,1.140869127098,0.0,0.28013067801,1.284769573928,0.0,-0.019533681882,1.359399048667,0.0,0.535038635135,0.540285170078,-0.000345996581,-0.221243967287
1031,1,0.275324105089,-0.011626413294,0.0,-0.275324105089,0.011626413294,0.0,0.30479890793,0.630068062311,0.0,-0.217624599048,0.636934959129,0.0,0.248936026437,1.045317693773,0.0,-0.065398473398,1.104509533296,0.0,0.218280468799,1.078754885323,0.0,-0.013500684118,1.143927954185,0.0,0.281078510553,1.288231194868,0.0,-0.019714414687,1.363886013987,0.0,0.535029068589,0.540375709534,-0.000345899723,-0.220471927473
1032,1,0.276019001242,-0.012265747558,0.0,-0.276019001242,0.012265747558,0.0,0.303770148622,0.628114353818,0.0,-0.219000844336,0.635269677426,0.0,0.248011785106,1.043462204662,0.0,-0.067475739965,1.100318932795,0.0,0.217300704619,1.077170803849,0.0,-0.014563335975,1.139430663883,0.0,0.27969671103,1.28689003453,0.0,-0.021970942742,1.361456066915,0.0,0.534788697958,0.540878325701,-0.000345116481,-0.220431415309
1033,1,0.274521233044,-0.012206154017,0.0,-0.274521233044,0.012206154017,0.0,0.300582057913,0.624698156508,0.0,-0.216533526834,0.631952975755,0.0,0.246923137644,1.038603539234,0.0,-0.066246365267,1.094621096317,0.0,0.219776080753,1.072039845903,0.0,-0.014197624231,1.133374895474,0.0,0.278706219353,1.280363140123,0.0,-0.021773403181,1.354655222616,0.0,0.534803673625,0.54088050127,-0.000350217335,-0.221549124286
1034,1,0.280791646405,-0.012302711207,0.0,-0.280791646405,0.012302711207,0.0,0.305789559573,0.637022514123,0.0,-0.221789811537,0.644208980003,0.0,0.251373235771,1.057246534935,0.0,-0.068296411278,1.110904510041,0.0,0.223729201838,1.091069655543,0.0,-0.013700521928,1.14944905142,0.0,0.283800879462,1.304396548236,0.0,-0.025152630579,1.380080681583,0.0,0.534657776356,0.541413009167,-0.000341023318,-0.217087508443
1035,1,0.278911574914,-0.012183452898,0.0,-0.278911574914,0.012183452898,0.0,0.302970440689,0.633072790379,0.0,-0.219510395944,0.639754302434,0.0,0.250225977983,1.049545897352,0.0,-0.065625535654,1.102554666844,0.0,0.226537141708,1.08317471238,0.0,-0.01148160939,1.139634729036,0.0,0.27964168835,1.299269488081,0.0,-0.02484245365,1.369621414899,0.0,0.53470467031,0.541405916214,-0.000332510099,-0.218747714961
1036,1,0.278731510647,-0.012208896717,0.0,-0.278731510647,0.012208896717,0.0,0.302536177497,0.640146081541,0.0,-0.219161035644,0.640967758286,0.0,0.250108137132,1.062862284358,0.0,-0.06479389422,1.102262201589,0.0,0.225797341365,1.093641946747,0.0,-0.011330454033,1.138555102578,0.0,0.287544660774,1.31025341583,0.0,-0.022270080708,1.368233627788,0.0,0.534724622965,0.54139149189,-0.000330324285,-0.218926504797
1037,1,0.277020423062,-0.012475164918,0.0,-0.277020423062,0.012475164918,0.0,0.300071515208,0.635243796624,0.0,-0.217858952869,0.636540401978,0.0,0.248270131536,1.063094918249,0.0,-0.064572797781,1.094723387208,0.0,0.223844335047,1.101067781519,0.0,-0.011540611882,1.131502606074,0.0,0.294992648799,1.315194399936,0.0,-0.017132931849,1.35826396537,0.0,0.534651562572,0.541315704584,-0.00031578308,-0.220562937425
1038,1,0.283716090475,-0.011726577928,0.0,-0.283716090475,0.011726577928,0.0,0.308735725449,0.660066735886,0.0,-0.222037200203,0.650007535502,0.0,0.259767690362,1.13027134409,0.0,-0.065689913264,1.121827346688,0.0,0.230981272841,1.163238766014,0.0,-0.012203533483,1.156116248132,0.0,0.331084657766,1.386011172052,0.0,-0.005214626649,1.387585794818,0.0,0.534630015492,0.54200065136,-0.000309482682,-0.215915139178
1039,1,0.270721056533,-0.011477563478,0.0,-0.270721056533,0.011477563478,0.0,0.297877559129,0.627744708166,0.0,-0.211731675853,0.618743244096,0.0,0.266354817951,1.133559729017,0.0,-0.057133094942,1.070141398732,0.0,0.239584047312,1.174958733323,0.0,-0.006399482471,1.10372479522,0.0,0.331373922708,1.37163812015,0.0,-0.000759697379,1.321740654659,0.0,0.534534618258,0.542141437531,-0.000303322449,-0.226685947243
1040,1,0.26762309176,-0.011651167237,0.0,-0.26762309176,0.011651167237,0.0,0.297894671979,0.621348815965,0.0,-0.209413507334,0.610380283194,0.0,0.266760632538,1.157562399666,0.0,-0.055902243655,1.063915159991,0.0,0.235233517946,1.216208331195,0.0,-0.007017894302,1.098600349691,0.0,0.344686679972,1.375191553368,0.0,0.004538566957,1.304702840184,0.0,0.534381017089,0.542016535997,-0.000300619751,-0.2300329744
1041,1,0.264096797728,-0.014946057432,0.0,-0.264096797728,0.014946057432,0.0,0.294308846258,0.612309925326,0.0,-0.206091711308,0.608151938979,0.0,0.27885851913,1.181266344536,0.0,-0.055025712158,1.056374014916,0.0,0.249467092137,1.253261013372,0.0,-0.006802843801,1.090077958391,0.0,0.355547424582,1.371433840567,0.0,0.005331609462,1.293720277514,0.0,0.53442145884,0.540727525949,-0.000296976417,-0.232972070168
1042,1,0.263720515653,-0.017739041548,0.0,-0.263720515653,0.017739041548,0.0,0.293898815365,0.622385388044,0.0,-0.205251146192,0.623619090513,0.0,0.302951334061,1.21019106966,0.0,-0.054680149578,1.073502612305,0.0,0.279344602171,1.283439054795,0.0,-0.005929094323,1.106229592568,0.0,0.350661013573,1.412270869538,0.0,0.008646332317,1.310746638508,0.0,0.53427170217,0.536458313465,-0.000296570826,-0.23320989266
1043,1,0.256457045802,-0.021049349724,0.0,-0.256457045802,0.021049349724,0.0,0.295489514101,0.586848759351,0.0,-0.194605804216,0.605149562266,0.0,0.319191819802,1.1873737116,0.0,-0.04890849108,1.058404545959,0.0,0.289152214302,1.30709936783,0.0,9.931515e-06,1.091770215873,0.0,0.370944696813,1.370634746093,0.0,0.019556146426,1.287142733057,0.0,0.534195721149,0.532880783081,-0.000295110978,-0.240062645209
1044,1,0.24735696121,-0.024170132787,0.0,-0.24735696121,0.024170132787,0.0,0.297349243442,0.540088763077,0.0,-0.180494302099,0.575998954869,0.0,0.321219401007,1.147683074747,0.0,-0.039820036313,1.03068364773,0.0,0.287459510073,1.327753129591,0.0,0.006420641918,1.071309717945,0.0,0.418824736153,1.22442003788,0.0,0.025919270609,1.235033036868,0.0,0.534280389547,0.530423432589,-0.000273289625,-0.249167994183
1045,1,0.239293487116,-0.025100731596,0.0,-0.239293487116,0.025100731596,0.0,0.296934211707,0.502198628445,0.0,-0.167899369214,0.548274732426,0.0,0.324249720537,1.123344536282,0.0,-0.034695826619,1.007857131193,0.0,0.284331374539,1.251647668988,0.0,0.014992942746,1.051303194433,0.0,0.423466609037,1.137004659999,0.0,0.024978221349,1.207104330006,0.0,0.534384071827,0.526585996151,-0.000265016337,-0.257859750078
1046,1,0.227347766394,-0.025182660232,0.0,-0.227347766394,0.025182660232,0.0,0.283456648899,0.459518557189,0.0,-0.151176432959,0.523224811944,0.0,0.323051184946,1.027876390977,0.0,-0.027663226479,0.97300510189,0.0,0.290741137156,1.117381852104,0.0,0.019537464526,1.019899935069,0.0,0.388894492259,1.11995035522,0.0,0.022843495593,1.167656491102,0.0,0.534386903048,0.520959973335,-0.000254923012,-0.271463612487
1047,1,0.224237758798,-0.028936372823,0.0,-0.224237758798,0.028936372823,0.0,0.279082947672,0.432175503478,0.0,-0.145211729846,0.524477236833,0.0,0.323109047904,0.936447489673,0.0,-0.027362794454,0.967887668833,0.0,0.322799062111,0.989688415481,0.0,0.019160617998,1.015836323227,0.0,0.291177588886,1.099905033076,0.0,0.004011144724,1.166020976343,0.0,0.534382924438,0.518050283194,-0.000258344226,-0.275347623285
1048,1,0.215425067037,-0.0304128236,0.0,-0.215425067037,0.0304128236,0.0,0.265817636976,0.350708845811,0.0,-0.130983811331,0.510759463116,0.0,0.318049683003,0.844464680397,0.0,-0.025463131523,0.943686120237,0.0,0.342674220678,0.942294157241,0.0,0.020065251451,0.998081907638,0.0,0.361127957756,0.96973761207,0.0,-0.001576938535,1.134494488866,0.0,0.534420505166,0.513689517975,-0.000235411571,-0.2870262609
1049,1,0.222505473233,-0.033004018413,0.0,-0.222505473233,0.033004018413,0.0,0.273278919277,0.344521006354,0.0,-0.13089100747,0.530868150337,0.0,0.328830028909,0.822957548745,0.0,-0.025851597102,0.981626904358,0.0,0.379577260653,0.914309656637,0.0,0.02053374704,1.036643414169,0.0,0.36876472144,0.998303066761,0.0,-0.001000870564,1.179754367936,0.0,0.534566700459,0.51212066412,-0.000227059703,-0.277396943557
1050,1,0.199788962771,-0.030051020738,0.0,-0.199788962771,0.030051020738,0.0,0.242781906584,0.232126282025,0.0,-0.110457083909,0.486926944682,0.0,0.303338164196,0.711553974332,0.0,-0.02308758108,0.89219595396,0.0,0.34244055984,0.777296180186,0.0,0.016816383819,0.938423001689,0.0,0.331046604585,0.874408962143,0.0,-0.000378126962,1.073250505998,0.0,0.534695163369,0.508382230997,-0.000215632608,-0.30844504709
1051,1,0.203004064223,-0.030478898972,0.0,-0.203004064223,0.030478898972,0.0,0.244481499306,0.254484946188,0.0,-0.110389987069,0.497072362619,0.0,0.31638690418,0.715127477757,0.0,-0.02284124558,0.9128794824,0.0,0.35367346849,0.780448635831,0.0,0.017932637825,0.957288349975,0.0,0.338083326765,0.8839459935,0.0,-0.000764184003,1.099071646329,0.0,0.534918680787,0.506781280041,-0.000209072139,-0.302533833653
1052,1,0.206023677396,-0.03119294181,0.0,-0.206023677396,0.03119294181,0.0,0.24600715385,0.278811938517,0.0,-0.111978757658,0.496416020793,0.0,0.323538604105,0.751894662677,0.0,-0.023264141989,0.925736446876,0.0,0.388562557521,0.839481817801,0.0,0.017881472265,0.968111654689,0.0,0.343407872654,0.929817170494,0.0,-0.007356774989,1.117983160026,0.0,0.534944832325,0.505740404129,-0.000203142408,-0.298218685266
1053,1,0.204744626636,-0.030008510126,0.0,-0.204744626636,0.030008510126,0.0,0.243058189501,0.272938949414,0.0,-0.106791890676,0.49043871847,0.0,0.32081746865,0.756721916496,0.0,-0.020070267336,0.917248362455,0.0,0.374940033602,0.847122270064,0.0,0.021991824864,0.959387987186,0.0,0.340101950722,0.898177739296,0.0,-0.007798711771,1.107926039868,0.0,0.535079941154,0.506121203303,-0.000198095571,-0.300588872148
1054,1,0.213411482147,-0.030833095357,0.0,-0.213411482147,0.030833095357,0.0,0.253105884856,0.302930590701,0.0,-0.110396031156,0.509858346673,0.0,0.335021953431,0.810005481799,0.0,-0.015818682606,0.949713340106,0.0,0.383688403399,0.903516384921,0.0,0.02741888136,0.995100300176,0.0,0.353219506686,0.972916007085,0.0,-0.006136703307,1.149164837045,0.0,0.53516022861,0.507029935718,-0.000199141447,-0.288900304726
1055,1,0.215276386195,-0.030428914989,0.0,-0.215276386195,0.030428914989,0.0,0.25693320699,0.341419910267,0.0,-0.110203026407,0.506408996867,0.0,0.337560256014,0.891332254285,0.0,-0.009738664498,0.954343551899,0.0,0.381348434708,1.009884872408,0.0,0.035242298184,1.00431716311,0.0,0.367379959513,1.020952612372,0.0,-0.004773834793,1.154350517661,0.0,0.53554880619,0.507373601198,-0.000202280935,-0.287108554465
1056,1,0.216279530142,-0.029950494824,0.0,-0.216279530142,0.029950494824,0.0,0.258800967987,0.400161618582,0.0,-0.111692016644,0.504209910947,0.0,0.338237355803,0.949638126169,0.0,-0.007282236412,0.949260027717,0.0,0.368346325994,1.063663359089,0.0,0.039938128442,1.001503225996,0.0,0.355836063518,1.010817404188,0.0,-0.003770551003,1.148473271317,0.0,0.535914674401,0.508492007852,-0.000204788987,-0.287068242078
1057,1,0.229456442565,-0.030156095043,0.0,-0.229456442565,0.030156095043,0.0,0.27972174424,0.467583237112,0.0,-0.120424996327,0.529481524579,0.0,0.357604772333,1.012904396402,0.0,-0.005376360174,0.985102059369,0.0,0.378343537282,1.129880555618,0.0,0.045563913811,1.040214073686,0.0,0.378725671411,1.065123484655,0.0,0.012562714186,1.192287479806,0.0,0.536372005939,0.512387961149,-0.000211003236,-0.272338171475
1058,1,0.237533593177,-0.029640632563,0.0,-0.237533593177,0.029640632563,0.0,0.291063042925,0.509765461343,0.0,-0.129564387946,0.540365218365,0.0,0.370159298495,1.117739427105,0.0,-0.004454060341,1.003914906291,0.0,0.381081614366,1.257877804248,0.0,0.044320017191,1.060564470096,0.0,0.409576754451,1.11520739265,0.0,0.083735556476,1.198391117145,0.0,0.536703124642,0.515312999487,-0.000226011267,-0.264333115592
1059,1,0.23866418851,-0.027445120086,0.0,-0.23866418851,0.027445120086,0.0,0.296852605654,0.525567423659,0.0,-0.135188790427,0.527347392184,0.0,0.372093193639,1.114093403719,0.0,-0.006226215022,0.979131717014,0.0,0.378210464456,1.2446950608,0.0,0.044304221668,1.024492307374,0.0,0.407196972608,1.223632137606,0.0,0.077341170203,1.183109190074,0.0,0.536894604564,0.520558297634,-0.000229401514,-0.263571042017
1060,1,0.247088561324,-0.023751317517,0.0,-0.247088561324,0.023751317517,0.0,0.311028982541,0.552221786939,0.0,-0.140385102814,0.537106812463,0.0,0.386216402423,1.13813416479,0.0,-0.011266470695,0.98608625065,0.0,0.374307237736,1.257037055749,0.0,0.040996228181,1.029197445528,0.0,0.422316847287,1.295174169863,0.0,0.078840501651,1.198447408473,0.0,0.537322029471,0.527269870043,-0.000232696999,-0.254831482574
1061,1,0.248382852094,-0.021534101771,0.0,-0.248382852094,0.021534101771,0.0,0.315188422752,0.570758049074,0.0,-0.146924219207,0.54608582374,0.0,0.390502443375,1.170946710475,0.0,-0.014187344542,0.985862972518,0.0,0.363834948315,1.28862120622,0.0,0.039542376617,1.026840589772,0.0,0.420304991081,1.329391418416,0.0,0.076010233102,1.205655167335,0.0,0.537642017007,0.529860764742,-0.000259500695,-0.252322092336
1062,1,0.245783147578,-0.019338363558,0.0,-0.245783147578,0.019338363558,0.0,0.315891671214,0.577431331481,0.0,-0.148086166844,0.54625595408,0.0,0.393080781424,1.159685700255,0.0,-0.017959653961,0.977835383964,0.0,0.365532644022,1.251351703337,0.0,0.032436428939,1.011949619191,0.0,0.421071728116,1.336050415832,0.0,0.076422151787,1.203174146855,0.0,0.538530662656,0.531422793865,-0.000292326789,-0.252789463346
1063,1,0.241681246786,-0.017479761354,0.0,-0.241681246786,0.017479761354,0.0,0.315643298774,0.571955722315,0.0,-0.144689409063,0.542875735687,0.0,0.390436545178,1.130443059506,0.0,-0.01538410635,0.959252927056,0.0,0.355088536984,1.204947230071,0.0,0.035154692347,0.990522243164,0.0,0.419161530456,1.30381881385,0.0,0.079036520545,1.189437239593,0.0,0.539888635278,0.532689720392,-0.00031297747,-0.25722244604
1064,1,0.243984309412,-0.015842240332,0.0,-0.243984309412,0.015842240332,0.0,0.320967294578,0.576915436011,0.0,-0.145160978052,0.552204089235,0.0,0.388493176614,1.124280518997,0.0,-0.013817863472,0.973762987332,0.0,0.356430111491,1.198305923064,0.0,0.037805007625,1.002123855441,0.0,0.412189724639,1.301927551407,0.0,0.073623062759,1.199698015778,0.0,0.540407434106,0.53556779027,-0.000337364152,-0.254030750953
1065,1,0.244326390083,-0.014232457767,0.0,-0.244326390083,0.014232457767,0.0,0.322686277177,0.583990487752,0.0,-0.14692948382,0.555279462238,0.0,0.381672598535,1.116661745466,0.0,-0.015687156164,0.97930953146,0.0,0.350892718353,1.184613770999,0.0,0.035263026659,1.006175085386,0.0,0.398724723044,1.325023872079,0.0,0.070923538601,1.205788885347,0.0,0.540579691529,0.535653829575,-0.000336636789,-0.253085443996
1066,1,0.242782410179,-0.01344460555,0.0,-0.242782410179,0.01344460555,0.0,0.315248351618,0.576462172123,0.0,-0.146412852882,0.548237025722,0.0,0.361569753468,1.098048881207,0.0,-0.01606594529,0.968432475405,0.0,0.327228323331,1.149946595048,0.0,0.033546813291,0.995230578714,0.0,0.36532742282,1.297327614577,0.0,0.065778594545,1.195003261514,0.0,0.540553197265,0.537001490593,-0.000334107317,-0.254492035192
1067,1,0.256742996753,-0.011986639288,0.0,-0.256742996753,0.011986639288,0.0,0.327891442072,0.605934224348,0.0,-0.154676282797,0.577369006008,0.0,0.361465621508,1.133224515442,0.0,-0.018334080372,1.015702257911,0.0,0.323416015692,1.161372464813,0.0,0.031802829324,1.043163261215,0.0,0.367382792661,1.349615250288,0.0,0.067513128719,1.256976833944,0.0,0.540578007698,0.539211153984,-0.000338209793,-0.24069325491
1068,1,0.250645146471,-0.012888798722,0.0,-0.250645146471,0.012888798722,0.0,0.315466464506,0.591835598166,0.0,-0.150526305503,0.570555707898,0.0,0.331303465002,1.082216566519,0.0,-0.018125397683,1.006320867097,0.0,0.298289207644,1.108947074164,0.0,0.030748560008,1.04047446311,0.0,0.344304796961,1.296440970702,0.0,0.064690854341,1.233170727737,0.0,0.540506407619,0.538395255804,-0.000337654725,-0.246822762308
1069,1,0.25479302372,-0.012359388789,0.0,-0.25479302372,0.012359388789,0.0,0.316287799258,0.596020846368,0.0,-0.151243588315,0.579933976015,0.0,0.318843747965,1.053789132173,0.0,-0.017070731666,1.020159276724,0.0,0.293996330521,1.080426193345,0.0,0.031878336348,1.054477589127,0.0,0.321422325482,1.272119763726,0.0,0.065557384862,1.250978059915,0.0,0.540630221367,0.539448350668,-0.000342505053,-0.242329458534
1070,1,0.260525437333,-0.012867943602,0.0,-0.260525437333,0.012867943602,0.0,0.318402766939,0.613712390845,0.0,-0.154124870327,0.60211665609,0.0,0.310850111395,1.039889529283,0.0,-0.018005565017,1.042281050558,0.0,0.290960877596,1.065102852742,0.0,0.032304900743,1.07452836367,0.0,0.306175328561,1.273409636782,0.0,0.056405450108,1.278873671932,0.0,0.540541529655,0.53940820694,-0.000348515809,-0.237020752301
1071,1,0.265144509866,-0.012761195956,0.0,-0.265144509866,0.012761195956,0.0,0.321031700358,0.620380848926,0.0,-0.155913705817,0.612636073615,0.0,0.299215626796,1.029352397065,0.0,-0.019545947166,1.051942179319,0.0,0.277928771004,1.052493180871,0.0,0.030194372518,1.079052224541,0.0,0.308121349563,1.262949377112,0.0,0.058120156318,1.294863643313,0.0,0.540262579918,0.540757119656,-0.000351410359,-0.23257645225
1072,1,0.262080308651,-0.012950913548,0.0,-0.262080308651,0.012950913548,0.0,0.312857677921,0.612166770307,0.0,-0.153759654143,0.60757806081,0.0,0.279653311974,1.017334055308,0.0,-0.018670300662,1.04108456786,0.0,0.262516663777,1.044642423274,0.0,0.029684650357,1.067756806712,0.0,0.296376831626,1.242366887174,0.0,0.056857212626,1.279564955976,0.0,0.54013581574,0.54047331214,-0.000353677198,-0.234809626591
1073,1,0.260409108358,-0.013398508657,0.0,-0.260409108358,0.013398508657,0.0,0.309358023775,0.606669126231,0.0,-0.152191510671,0.60402905087,0.0,0.271757772651,0.985522716938,0.0,-0.018322274445,1.027982246349,0.0,0.256153059527,1.006749831472,0.0,0.029612003978,1.052660641045,0.0,0.288656274141,1.219502550793,0.0,0.053893882575,1.269990837111,0.0,0.540191292763,0.540307164192,-0.000355408527,-0.236154086169
1074,1,0.262034704139,-0.013915324517,0.0,-0.262034704139,0.013915324517,0.0,0.306678994783,0.608987344146,0.0,-0.153049399071,0.607636768245,0.0,0.264925911603,0.997781556843,0.0,-0.018705311184,1.033012569598,0.0,0.252884355626,1.024122484348,0.0,0.029849149339,1.058101694284,0.0,0.273392592958,1.230869526901,0.0,0.043666462519,1.276156604327,0.0,0.540196210146,0.540119349957,-0.000359466299,-0.234742160971
1075,1,0.261002268659,-0.014083559332,0.0,-0.261002268659,0.014083559332,0.0,0.30249232926,0.605712909218,0.0,-0.152495190437,0.606077540297,0.0,0.256625052093,1.000673859401,0.0,-0.017774880058,1.029395004899,0.0,0.249757243427,1.032587170458,0.0,0.032891392203,1.054769737293,0.0,0.264331234089,1.229993935453,0.0,0.042263826968,1.270642714779,0.0,0.540207087994,0.539963901043,-0.000357207842,-0.235717421787
1076,1,0.26054946919,-0.014053715112,0.0,-0.26054946919,0.014053715112,0.0,0.299816479019,0.603832860872,0.0,-0.152372134143,0.604833570673,0.0,0.256699789555,0.995731610238,0.0,-0.01661270367,1.019181172856,0.0,0.249544184602,1.028039700261,0.0,0.034162090386,1.045853142147,0.0,0.265913460441,1.224494980932,0.0,0.041983068951,1.257745494331,0.0,0.540180787444,0.539825767279,-0.000356353819,-0.236224348933
1077,1,0.258434154912,-0.013998279313,0.0,-0.258434154912,0.013998279313,0.0,0.295171554119,0.594691262377,0.0,-0.15121162599,0.599577807062,0.0,0.253229254292,0.988597250677,0.0,-0.015128661789,1.010733558293,0.0,0.248583008919,1.023084017281,0.0,0.037020667188,1.03738739291,0.0,0.261383794573,1.216434773378,0.0,0.041211457176,1.247325181194,0.0,0.540145650506,0.539774566889,-0.000353977084,-0.238245630932
1078,1,0.258777508809,-0.014095384434,0.0,-0.258777508809,0.014095384434,0.0,0.295685673325,0.594713763231,0.0,-0.151679223113,0.601126718588,0.0,0.254620712861,0.993795268227,0.0,-0.012258578983,1.01409832021,0.0,0.250230036789,1.030228649823,0.0,0.046156775286,1.043490217131,0.0,0.264052038558,1.221094393526,0.0,0.040178724094,1.25077196279,0.0,0.54009115696,0.53969630599,-0.000351526774,-0.237648802686
1079,1,0.250697299828,-0.013771625101,0.0,-0.250697299828,0.013771625101,0.0,0.286724027199,0.576400319088,0.0,-0.146598351596,0.584217167646,0.0,0.247493555409,0.964491348999,0.0,-0.01101736106,0.984714856061,0.0,0.24353744511,0.999797785741,0.0,0.045859987226,1.014538985935,0.0,0.25688660378,1.186140849804,0.0,0.034410707902,1.215368843444,0.0,0.540309473872,0.539636492729,-0.000352252275,-0.244363190214
1080,1,0.261096867542,-0.014391405181,0.0,-0.261096867542,0.014391405181,0.0,0.299051436703,0.600731512548,0.0,-0.152482301712,0.610312645406,0.0,0.257639309499,1.00533140509,0.0,-0.011314615867,1.026856852484,0.0,0.25358281941,1.041881897512,0.0,0.048817347947,1.057911307467,0.0,0.263549170714,1.237696697594,0.0,0.03596783363,1.267173918239,0.0,0.540349751711,0.539592862129,-0.0003517,-0.234415142036
1081,1,0.259499678829,-0.014286865593,0.0,-0.259499678829,0.014286865593,0.0,0.29712742586,0.597474405699,0.0,-0.151355634342,0.608492288791,0.0,0.253991622193,0.999374307239,0.0,-0.011129571326,1.020737794953,0.0,0.249983740171,1.032846645174,0.0,0.047926514652,1.051061624509,0.0,0.261293390601,1.231569531296,0.0,0.036913435355,1.259979680621,0.0,0.540379777551,0.539535373449,-0.000351978466,-0.235748663182
1082,1,0.258704773401,-0.014296337918,0.0,-0.258704773401,0.014296337918,0.0,0.296230926822,0.596200537022,0.0,-0.149860961922,0.609053246144,0.0,0.253521074334,0.997581539862,0.0,-0.010638661658,1.019610937044,0.0,0.248113707365,1.031488534803,0.0,0.048020830442,1.049361541864,0.0,0.261271911035,1.22881103133,0.0,0.03791416806,1.256989908939,0.0,0.540398672223,0.539544284344,-0.000352559611,-0.236374192805
1083,1,0.258372417995,-0.014770060207,0.0,-0.258372417995,0.014770060207,0.0,0.29550660376,0.595513324395,0.0,-0.149741625254,0.607518928092,0.0,0.253581491384,0.995656938045,0.0,-0.009055233078,1.017221966831,0.0,0.24786067922,1.028092807752,0.0,0.048193712812,1.046494965649,0.0,0.263148224517,1.226053849972,0.0,0.038514587008,1.254411831325,0.0,0.540350303054,0.539854586124,-0.000352323055,-0.236524955625
1084,1,0.260219607584,-0.014877308299,0.0,-0.260219607584,0.014877308299,0.0,0.295159968727,0.598080001641,0.0,-0.150893084862,0.61065577092,0.0,0.2528336353,1.001496456006,0.0,-0.009405549346,1.03055025182,0.0,0.245853414696,1.034330682261,0.0,0.045969170484,1.059913806875,0.0,0.272171932569,1.232819236941,0.0,0.037183709496,1.265425766093,0.0,0.539809927344,0.5398209095,-0.00035028439,-0.235332706631
1085,1,0.25772295482,-0.014461176174,0.0,-0.25772295482,0.014461176174,0.0,0.291101393562,0.595116920449,0.0,-0.149905813975,0.603244956698,0.0,0.249078358263,1.002992286492,0.0,-0.009798628967,1.024452653845,0.0,0.239235196069,1.043705580115,0.0,0.044006302775,1.054566160094,0.0,0.278346047257,1.231083309465,0.0,0.039755483781,1.256991472117,0.0,0.539450749755,0.539345562458,-0.000350114889,-0.237236868058
1086,1,0.246544005774,-0.013761405115,0.0,-0.246544005774,0.013761405115,0.0,0.279002011979,0.572479844606,0.0,-0.143305665863,0.576718918708,0.0,0.238081984875,0.979067973683,0.0,-0.007490170255,0.991187522887,0.0,0.228893874201,1.025663849253,0.0,0.04501503864,1.029941195616,0.0,0.281120465853,1.201036494356,0.0,0.038925657195,1.209094851223,0.0,0.539349228144,0.538666009903,-0.000348197296,-0.247624215546
1087,1,0.241780217216,-0.013219053241,0.0,-0.241780217216,0.013219053241,0.0,0.275663673651,0.561794966247,0.0,-0.13892411268,0.564142279192,0.0,0.239147864959,0.997531533209,0.0,-0.007896228169,0.973481933062,0.0,0.225689463924,1.043192511012,0.0,0.040723334593,1.010783257069,0.0,0.28422195534,1.207296319487,0.0,0.038511438996,1.188544567959,0.0,0.53952023387,0.53876131773,-0.000343701802,-0.251768753008
1088,1,0.24852313443,-0.013383171539,0.0,-0.24852313443,0.013383171539,0.0,0.290319675957,0.57948214578,0.0,-0.144928651803,0.579168553605,0.0,0.252110011927,1.046673030752,0.0,-0.009442743764,1.000268433183,0.0,0.231302041621,1.086065891904,0.0,0.036302119997,1.037176604672,0.0,0.294485035068,1.271591006118,0.0,0.04639366678,1.223638851814,0.0,0.539413332939,0.538651823997,-0.000337352045,-0.245381111567
1089,1,0.247928146945,-0.013143740371,0.0,-0.247928146945,0.013143740371,0.0,0.294288811248,0.583031189945,0.0,-0.143757952249,0.577202641121,0.0,0.262909573134,1.10285817688,0.0,-0.01060028017,1.0034383704,0.0,0.230334031421,1.15969184858,0.0,0.026009778202,1.040431758643,0.0,0.314188952208,1.314307286877,0.0,0.066960775281,1.239864142274,0.0,0.539515838027,0.538535356522,-0.00032958854,-0.246454474774
1090,1,0.242243718639,-0.012938677631,0.0,-0.242243718639,0.012938677631,0.0,0.293468114128,0.567114016874,0.0,-0.142792574765,0.560529848834,0.0,0.272874780794,1.065988024438,0.0,-0.013564693466,0.976367717283,0.0,0.230109725716,1.112475494413,0.0,0.022412469984,1.011305843484,0.0,0.313210408596,1.275689774775,0.0,0.062556109426,1.20328317212,0.0,0.538942113519,0.538482040167,-0.000325345434,-0.253956018423
1091,1,0.238380594436,-0.012694010105,0.0,-0.238380594436,0.012694010105,0.0,0.289412444225,0.556527544894,0.0,-0.14198388002,0.54894147395,0.0,0.279810600036,1.049555024908,0.0,-0.016715647277,0.954983458216,0.0,0.230988700331,1.101549510671,0.0,0.017920460145,0.985201040173,0.0,0.326588430519,1.246862291967,0.0,0.048805002311,1.178192426278,0.0,0.538438156247,0.537511944771,-0.000321534462,-0.260149134261
1092,1,0.233127880185,-0.014483414294,0.0,-0.233127880185,0.014483414294,0.0,0.28614604219,0.548173840098,0.0,-0.139294536676,0.5436430824,0.0,0.286986219617,1.083141594312,0.0,-0.017706343378,0.938104934489,0.0,0.22910330318,1.151425247103,0.0,0.016196945784,0.966690148111,0.0,0.340566321368,1.256585484855,0.0,0.046368392976,1.157665354362,0.0,0.538152769208,0.534948557615,-0.000319354236,-0.267242001201
1093,1,0.23243233934,-0.01538043691,0.0,-0.23243233934,0.01538043691,0.0,0.29560294381,0.547499620041,0.0,-0.139665021565,0.54712453624,0.0,0.295721227498,1.079608353299,0.0,-0.017459294969,0.94101877948,0.0,0.239698893193,1.145243794179,0.0,0.019037003716,0.969665888212,0.0,0.343550192997,1.257338933461,0.0,0.04611040578,1.161358390373,0.0,0.538153707981,0.532820820808,-0.000314451754,-0.268081520129
1094,1,0.221709172791,-0.017383866645,0.0,-0.221709172791,0.017383866645,0.0,0.292920447584,0.510973042384,0.0,-0.134364331473,0.521227322145,0.0,0.293030948568,1.036278432395,0.0,-0.017044433003,0.903018687784,0.0,0.240961933578,1.119382573778,0.0,0.021940948343,0.93063335934,0.0,0.366020073152,1.199094705074,0.0,0.040988991519,1.115263689281,0.0,0.537989139557,0.529382646084,-0.000307883136,-0.281838459527
1095,1,0.226287922129,-0.020667389102,0.0,-0.226287922129,0.020667389102,0.0,0.30829209205,0.507384402443,0.0,-0.137554566691,0.526822092668,0.0,0.316259920099,1.057750724433,0.0,-0.017411521034,0.924772131044,0.0,0.265881812228,1.146815749441,0.0,0.025173213966,0.954223268269,0.0,0.4129933223,1.200471869012,0.0,0.04219223779,1.141724546103,0.0,0.537827536464,0.526469290257,-0.000295992009,-0.276575110957
1096,1,0.21987388073,-0.021959554726,0.0,-0.21987388073,0.021959554726,0.0,0.306069791079,0.482608712575,0.0,-0.132667254656,0.510828288553,0.0,0.324515875568,1.014656283914,0.0,-0.013836888473,0.905684785021,0.0,0.279928703086,1.112854966001,0.0,0.029264410674,0.938304192979,0.0,0.419938015385,1.126000122387,0.0,0.047314547905,1.116145644062,0.0,0.537988737226,0.522392064333,-0.000290234573,-0.285192022655
1097,1,0.21738534079,-0.022541826519,0.0,-0.21738534079,0.022541826519,0.0,0.313390964767,0.464694872953,0.0,-0.128859913275,0.4990100317,0.0,0.338977645275,0.979785097968,0.0,-0.01110491944,0.906912314875,0.0,0.302982734338,1.105425236816,0.0,0.030776915606,0.944980987579,0.0,0.438591790161,1.058487117545,0.0,0.058637045814,1.106725736731,0.0,0.538537442684,0.518769770861,-0.000267837662,-0.288788074937
1098,1,0.222010873569,-0.023982577282,0.0,-0.222010873569,0.023982577282,0.0,0.325427239507,0.451874499027,0.0,-0.130409638831,0.505129240703,0.0,0.360178259811,0.978782128532,0.0,-0.008445036346,0.93823144699,0.0,0.327501371774,1.134093778634,0.0,0.03324971693,0.990901252915,0.0,0.46957002148,1.018622047579,0.0,0.064390461331,1.140469705209,0.0,0.538742944598,0.516388177872,-0.000251535792,-0.281853942154
1099,1,0.224231408166,-0.025679154104,0.0,-0.224231408166,0.025679154104,0.0,0.332999681547,0.446306322199,0.0,-0.128181976915,0.517416885175,0.0,0.383387819484,0.990247237755,0.0,-0.006005744442,0.960645888209,0.0,0.362336175896,1.12730406283,0.0,0.036431373991,1.01363452014,0.0,0.467459874429,1.052511272445,0.0,0.060551325875,1.166162793396,0.0,0.539021015167,0.513854175806,-0.000247064047,-0.277819483904
1100,1,0.208171830644,-0.024350844799,0.0,-0.208171830644,0.024350844799,0.0,0.310209422275,0.400778344785,0.0,-0.117555914175,0.491442700415,0.0,0.380687006605,0.931021511087,0.0,-0.003787673307,0.914399702588,0.0,0.387641813676,1.05093833603,0.0,0.039840661992,0.971109003497,0.0,0.425017012061,0.968958145265,0.0,0.052005270299,1.103256816339,0.0,0.538975819945,0.507689625025,-0.000237512868,-0.29901278822
1101,1,0.20762227711,-0.024268355384,0.0,-0.20762227711,0.024268355384,0.0,0.316650224577,0.412129355593,0.0,-0.110746877968,0.488490115087,0.0,0.393721281793,0.92647941355,0.0,-0.003102184011,0.913982578563,0.0,0.393188383304,1.034717774244,0.0,0.041347736953,0.974387818679,0.0,0.431861716679,0.963725243719,0.0,0.04113710039,1.100985398306,0.0,0.538624316454,0.509119898081,-0.000241296366,-0.297688518974
1102,1,0.200340822784,-0.026764322051,0.0,-0.200340822784,0.026764322051,0.0,0.308181972928,0.390024390894,0.0,-0.103824099398,0.477170155007,0.0,0.385445159934,0.881545271411,0.0,-0.003219073878,0.888658422133,0.0,0.390493373907,0.967090827972,0.0,0.039668847419,0.94594009047,0.0,0.412504928715,0.937648053155,0.0,0.03498868505,1.069078149744,0.0,0.538553744555,0.507136911154,-0.000247366726,-0.30826503718
1103,1,0.201826978626,-0.026262310749,0.0,-0.201826978626,0.026262310749,0.0,0.315053689972,0.392097072022,0.0,-0.103440567137,0.48142962646,0.0,0.394756079328,0.880526126861,0.0,-0.002933467747,0.897877013355,0.0,0.402956026732,0.947525297284,0.0,0.044274317082,0.955651132517,0.0,0.413761090604,0.956552061675,0.0,0.031672891955,1.081356763042,0.0,0.537623465061,0.508343487978,-0.000249652192,-0.303604020606
1104,1,0.201864173004,-0.027255966027,0.0,-0.201864173004,0.027255966027,0.0,0.316007530965,0.398366324999,0.0,-0.097566101315,0.482387986981,0.0,0.394853413933,0.888935797129,0.0,-0.001467588893,0.898894439552,0.0,0.39941585169,0.960480031213,0.0,0.047047861682,0.959087341857,0.0,0.413290094558,0.96021304506,0.0,0.034787323196,1.081756575494,0.0,0.537627264857,0.50821685791,-0.000249207951,-0.303396679979
1105,1,0.203621163604,-0.026802210494,0.0,-0.203621163604,0.026802210494,0.0,0.319245938095,0.400649762564,0.0,-0.098319168518,0.48574567674,0.0,0.402337959789,0.909734310418,0.0,0.001153753277,0.902784459547,0.0,0.398616261273,0.994986289752,0.0,0.051230864014,0.964990883123,0.0,0.418467036478,0.973665174777,0.0,0.033266338265,1.08769770835,0.0,0.537080019712,0.508834123611,-0.000255906023,-0.300954168491
1106,1,0.205171868027,-0.028558385691,0.0,-0.205171868027,0.028558385691,0.0,0.321029188171,0.410489563389,0.0,-0.100682387891,0.493599357957,0.0,0.40038922261,0.917600323287,0.0,-0.000157813143,0.908612964691,0.0,0.395206359334,1.038455625614,0.0,0.049109452378,0.97106342077,0.0,0.423766842542,0.984614176115,0.0,0.038090499274,1.091921719548,0.0,0.536677896976,0.509425461292,-0.000256644562,-0.298376095693
1107,1,0.204770785382,-0.02893094846,0.0,-0.204770785382,0.02893094846,0.0,0.320528746535,0.424155119955,0.0,-0.100728626639,0.494564290318,0.0,0.396344620302,0.93563641414,0.0,9.5628632e-05,0.905043021678,0.0,0.39167973609,1.079294327562,0.0,0.048670192333,0.967196452692,0.0,0.428335784603,0.998026924471,0.0,0.041459395016,1.084845569658,0.0,0.536631405354,0.509677678347,-0.000260513276,-0.299180578543
1108,1,0.205978640062,-0.028586556589,0.0,-0.205978640062,0.028586556589,0.0,0.321651486258,0.446489614779,0.0,-0.102576126974,0.496798120584,0.0,0.397014998595,0.960776506697,0.0,-5.4625523e-05,0.904465796463,0.0,0.390542874603,1.091376527365,0.0,0.047738705109,0.955644308764,0.0,0.42959912298,1.068098050888,0.0,0.050214061678,1.087815663611,0.0,0.536612093449,0.510074973106,-0.000261174515,-0.297883977528
1109,1,0.225000931653,-0.03069134778,0.0,-0.225000931653,0.03069134778,0.0,0.349516359007,0.505363351364,0.0,-0.114500203151,0.537694266524,0.0,0.428141692633,1.069242666029,0.0,0.001697967416,0.969909116095,0.0,0.41321398835,1.200681172103,0.0,0.052760776153,1.008339178245,0.0,0.465894860154,1.208028005853,0.0,0.055804345906,1.17440923344,0.0,0.536681741476,0.513227462769,-0.000279203057,-0.273017680006
1110,1,0.231356282608,-0.027752812191,0.0,-0.231356282608,0.027752812191,0.0,0.356651849046,0.528742577821,0.0,-0.120996659109,0.540607054406,0.0,0.432601570377,1.11411747852,0.0,0.001626816957,0.972683573401,0.0,0.41553352574,1.226960286204,0.0,0.054483711543,1.012654864734,0.0,0.463881267822,1.265481424929,0.0,0.054578052326,1.187083784896,0.0,0.536637991667,0.51999360323,-0.000286801718,-0.265356614306
1111,1,0.234374871102,-0.023836724719,0.0,-0.234374871102,0.023836724719,0.0,0.355001251623,0.549398326883,0.0,-0.124231505873,0.539214897969,0.0,0.431375486508,1.14255974858,0.0,0.001435404066,0.972996822322,0.0,0.407933536382,1.240267315158,0.0,0.054141631066,1.013691322715,0.0,0.470590408665,1.303579903137,0.0,0.044008817202,1.195830948979,0.0,0.536594972014,0.524016797543,-0.000299830921,-0.26142878605
1112,1,0.23919163963,-0.021899784488,0.0,-0.23919163963,0.021899784488,0.0,0.353494116804,0.564975359241,0.0,-0.127215130995,0.544580805019,0.0,0.431101045764,1.148995619387,0.0,0.001248341981,0.980215358403,0.0,0.393663013551,1.239695582926,0.0,0.053441380486,1.020184194374,0.0,0.480304235353,1.329278326972,0.0,0.046016540492,1.211994268819,0.0,0.536541223526,0.52803838253,-0.000309272669,-0.255924178426
1113,1,0.241962128692,-0.019142730072,0.0,-0.241962128692,0.019142730072,0.0,0.348453495755,0.576094172318,0.0,-0.128532160454,0.554035979341,0.0,0.430865014844,1.142519482934,0.0,0.001468348149,0.988615599451,0.0,0.397219523054,1.210913659276,0.0,0.053625820259,1.025168886531,0.0,0.413351593841,1.341497142496,0.0,0.035262001841,1.222437257908,0.0,0.536600217223,0.530794531107,-0.000314985402,-0.252640634424
1114,1,0.24284882735,-0.016823782871,0.0,-0.24284882735,0.016823782871,0.0,0.339840212263,0.578462890546,0.0,-0.128942759329,0.560664481491,0.0,0.428347733161,1.136995725848,0.0,0.001288801616,0.991465868407,0.0,0.397003883248,1.197372945728,0.0,0.052805740307,1.02603287938,0.0,0.376780360265,1.343620511578,0.0,0.031005822069,1.2252363608,0.0,0.536624446511,0.532559067011,-0.000316979364,-0.251138824101
1115,1,0.243919499713,-0.015506101939,0.0,-0.243919499713,0.015506101939,0.0,0.336684510697,0.583381939954,0.0,-0.129001582485,0.566382512606,0.0,0.427091305996,1.136631270038,0.0,0.001524286927,1.001067399824,0.0,0.395798774862,1.183157465663,0.0,0.049934712066,1.034291618861,0.0,0.348144814915,1.340167984796,0.0,0.026468033308,1.233561860368,0.0,0.536898523569,0.533562958241,-0.000313382596,-0.249303071573
1116,1,0.237095112529,-0.013817171737,0.0,-0.237095112529,0.013817171737,0.0,0.328701527916,0.562317012394,0.0,-0.124588071843,0.545081669943,0.0,0.411216689078,1.094804826448,0.0,0.000176150485,0.963315049159,0.0,0.382258622232,1.122806747762,0.0,0.047044191067,0.99223614831,0.0,0.345776288296,1.294894051514,0.0,0.025430800614,1.190069294408,0.0,0.537230804563,0.536881774664,-0.000318182632,-0.25555653724
1117,1,0.227169161567,-0.012675061124,0.0,-0.227169161567,0.012675061124,0.0,0.315347030016,0.541663985133,0.0,-0.12062971111,0.523690705066,0.0,0.384154424804,1.027392583525,0.0,-0.001351228127,0.92687114213,0.0,0.363133667894,1.049477927469,0.0,0.044725404947,0.953464233208,0.0,0.323926020114,1.236040458253,0.0,0.024876823338,1.144184010468,0.0,0.537335693836,0.536707937717,-0.00032761693,-0.266477326811
1118,1,0.244490216812,-0.012167276125,0.0,-0.244490216812,0.012167276125,0.0,0.335722866148,0.581764504573,0.0,-0.129575832184,0.555673083597,0.0,0.394034095225,1.084017836234,0.0,-0.001036958369,0.989633186134,0.0,0.377671760566,1.108971990888,0.0,0.048910000602,1.017296199015,0.0,0.320919441473,1.319378580011,0.0,0.025802575138,1.224471917905,0.0,0.537602499127,0.539464443922,-0.000331148505,-0.246748419619
1119,1,0.241056089167,-0.013186592132,0.0,-0.241056089167,0.013186592132,0.0,0.330061537148,0.577010698763,0.0,-0.129689095194,0.552844409753,0.0,0.375648476434,1.053660061101,0.0,-0.002770706262,0.976462074347,0.0,0.356669677399,1.082352795645,0.0,0.047371497285,1.003989674897,0.0,0.32000868388,1.285254021365,0.0,0.028133925134,1.208609068366,0.0,0.537671968341,0.539251565933,-0.000340921804,-0.250259561343
1120,1,0.242192375224,-0.013402960489,0.0,-0.242192375224,0.013402960489,0.0,0.324754693067,0.584604974795,0.0,-0.129153916967,0.561672464244,0.0,0.340288232364,1.027379530701,0.0,-0.002282942188,0.978375740327,0.0,0.328952062327,1.053586987908,0.0,0.047847536866,1.005700568815,0.0,0.319287887781,1.271377152181,0.0,0.028703385604,1.211621559988,0.0,0.53777743876,0.539547920227,-0.000340064988,-0.249488176824
1121,1,0.242928701702,-0.013287655579,0.0,-0.242928701702,0.013287655579,0.0,0.317488900767,0.585126315819,0.0,-0.128443716101,0.566775558703,0.0,0.303177197221,1.002822889654,0.0,-0.00340639095,0.980664513089,0.0,0.284987171582,1.030555131337,0.0,0.041448614565,1.004947570116,0.0,0.315942205414,1.257368011696,0.0,0.030131630124,1.21634535355,0.0,0.538070097566,0.539825588465,-0.000356566161,-0.248273147747
1122,1,0.231679677294,-0.012349897283,0.0,-0.231679677294,0.012349897283,0.0,0.294389061153,0.555011083545,0.0,-0.122785379864,0.539343403848,0.0,0.259122068577,0.932125774077,0.0,-0.003788435553,0.928971890502,0.0,0.248767015202,0.960614289335,0.0,0.038730595912,0.950683867399,0.0,0.283569798818,1.172878227294,0.0,0.029522606298,1.154896574287,0.0,0.537854269147,0.54003033042,-0.000360880047,-0.261294939704
1123,1,0.230169637006,-0.012486019785,0.0,-0.230169637006,0.012486019785,0.0,0.28415475746,0.549038974826,0.0,-0.121981567922,0.535567854887,0.0,0.243930438951,0.920320185542,0.0,-0.003303746208,0.922561027724,0.0,0.226349257221,0.957178707413,0.0,0.037843112022,0.944334551815,0.0,0.279058575508,1.151135317017,0.0,0.029337386463,1.147012901807,0.0,0.537838205695,0.540163040161,-0.000361785293,-0.262959847405
1124,1,0.228083268053,-0.012474448142,0.0,-0.228083268053,0.012474448142,0.0,0.273082612927,0.542782113158,0.0,-0.120833210562,0.530201201463,0.0,0.225598856148,0.91052206758,0.0,-0.001825844326,0.915856937148,0.0,0.208966146203,0.95103847616,0.0,0.037606592147,0.940391671095,0.0,0.268879832046,1.124926848779,0.0,0.026607906487,1.134640551947,0.0,0.537856549025,0.540306359529,-0.000357400626,-0.265093530144
1125,1,0.225650611426,-0.012359030521,0.0,-0.225650611426,0.012359030521,0.0,0.262465557893,0.534737341811,0.0,-0.118768279455,0.522564700897,0.0,0.214496115408,0.886557388534,0.0,-0.00078854578,0.900306454538,0.0,0.201229240872,0.92491277068,0.0,0.037521294209,0.925320650677,0.0,0.254240866565,1.103643519712,0.0,0.028051635829,1.114739810632,0.0,0.53795465827,0.540458440781,-0.000358585268,-0.268299814651
1126,1,0.249228082169,-0.013915040094,0.0,-0.249228082169,0.013915040094,0.0,0.283844188844,0.590418958199,0.0,-0.131651705748,0.579389981447,0.0,0.231405486927,0.979625214575,0.0,-0.000198371701,0.992641826787,0.0,0.222286388827,1.021312905024,0.0,0.043289603158,1.020384476485,0.0,0.270035804152,1.217616886868,0.0,0.030383197446,1.228714191651,0.0,0.537842214108,0.540416568518,-0.000362476334,-0.243380291135
1127,1,0.245414771325,-0.013967808688,0.0,-0.245414771325,0.013967808688,0.0,0.278171756942,0.581133470702,0.0,-0.128925468439,0.570808101034,0.0,0.227308348188,0.960872904784,0.0,0.000523975243,0.972572224497,0.0,0.215852412533,0.999042954475,0.0,0.041256914546,0.998023105319,0.0,0.252049097526,1.197686558267,0.0,0.030986782687,1.207828123523,0.0,0.538094058633,0.540386587381,-0.000357512385,-0.247103639501
1128,1,0.247264943833,-0.014110559185,0.0,-0.247264943833,0.014110559185,0.0,0.279418000116,0.584247985059,0.0,-0.13034967908,0.574011143403,0.0,0.224684289071,0.964964420238,0.0,-0.000558491166,0.977137574843,0.0,0.208660947676,1.003294052834,0.0,0.036338919976,1.002933814206,0.0,0.256013284331,1.19948146511,0.0,0.030933885048,1.213024982011,0.0,0.538165554404,0.540341585875,-0.000354746357,-0.245706291971
1129,1,0.253699895837,-0.014356296648,0.0,-0.253699895837,0.014356296648,0.0,0.286993888559,0.598477688526,0.0,-0.133795353183,0.588621111781,0.0,0.230782937791,0.989793073862,0.0,-0.000371853496,1.001541726859,0.0,0.213289450222,1.02971145016,0.0,0.035786027478,1.028393620794,0.0,0.264082035484,1.227283755655,0.0,0.032113686272,1.242691302619,0.0,0.538251444697,0.540624409914,-0.000355485827,-0.239354038006
1130,1,0.25160675805,-0.014135317898,0.0,-0.25160675805,0.014135317898,0.0,0.284383521616,0.592729873701,0.0,-0.132338084977,0.583407855046,0.0,0.229120917616,0.982768287915,0.0,0.000690487905,0.994453885543,0.0,0.214305108152,1.022927656834,0.0,0.0382772186,1.022251361263,0.0,0.263237807751,1.214264755429,0.0,0.032876726962,1.231273835856,0.0,0.538321822882,0.540692090988,-0.000349596143,-0.241487204336
1131,1,0.2505557557,-0.014112608086,0.0,-0.2505557557,0.014112608086,0.0,0.282967906447,0.590240163744,0.0,-0.132078128643,0.580925159107,0.0,0.228357837636,0.9772641293,0.0,0.00051702233,0.990376120365,0.0,0.213881458194,1.013798817259,0.0,0.03785151569,1.017912383083,0.0,0.262792360491,1.210716855152,0.0,0.032893902002,1.226470858588,0.0,0.538330703974,0.540674805641,-0.000349963084,-0.242500880643
1132,1,0.256704910012,-0.014492404862,0.0,-0.256704910012,0.014492404862,0.0,0.290097336739,0.604601383613,0.0,-0.135315768404,0.596282236307,0.0,0.232260552688,1.001531683515,0.0,0.001843138362,1.014682765635,0.0,0.219455220334,1.038544284042,0.0,0.039396397844,1.042930496289,0.0,0.270387963275,1.240303751861,0.0,0.035236824192,1.25656305638,0.0,0.538336530328,0.540662795305,-0.000349884853,-0.236694816478
1133,1,0.257711147696,-0.014729593336,0.0,-0.257711147696,0.014729593336,0.0,0.290909972708,0.603455154583,0.0,-0.136647779369,0.597957592459,0.0,0.231436220014,1.002753868916,0.0,0.000485909651,1.016399432366,0.0,0.213217381843,1.040233716814,0.0,0.037251644352,1.044836115855,0.0,0.271891035252,1.242743561309,0.0,0.034820583145,1.259091508636,0.0,0.538059234619,0.540586411953,-0.000351243652,-0.236377586293
1134,1,0.255902510165,-0.015297912648,0.0,-0.255902510165,0.015297912648,0.0,0.289520581272,0.599144769066,0.0,-0.135081791952,0.594928299187,0.0,0.230581404048,0.995639680292,0.0,0.000364352279,1.007950029458,0.0,0.212739786624,1.032389678515,0.0,0.038384199579,1.035455746765,0.0,0.270553979233,1.235435565998,0.0,0.029309448899,1.250712819496,0.0,0.538020908833,0.540417641401,-0.000350708142,-0.238024470101
1135,1,0.241728093159,-0.015442561786,0.0,-0.241728093159,0.015442561786,0.0,0.274655530008,0.562030655724,0.0,-0.126585392342,0.563672077041,0.0,0.218028387222,0.945985552047,0.0,0.000229427547,0.955091442087,0.0,0.201650962891,0.980910114589,0.0,0.035708070332,0.981194488821,0.0,0.257981192482,1.175299302289,0.0,0.030059385498,1.185818546458,0.0,0.537960574031,0.539183855057,-0.000347977504,-0.251938378645
1136,1,0.248485557529,-0.016032625753,0.0,-0.248485557529,0.016032625753,0.0,0.284671265779,0.577686526445,0.0,-0.128782863203,0.580110095444,0.0,0.227298253411,0.988238433377,0.0,-0.000469038612,0.985631824919,0.0,0.206959940824,1.035387888761,0.0,0.032891119701,1.017779103416,0.0,0.267175297973,1.21865590309,0.0,0.030256276433,1.220305448848,0.0,0.537786483765,0.539140492678,-0.000342478976,-0.244879946982
1137,1,0.247272684273,-0.015724497187,0.0,-0.247272684273,0.015724497187,0.0,0.28424948384,0.576122533742,0.0,-0.128122315615,0.578126354051,0.0,0.226381248591,0.991843631017,0.0,-0.00168396394,0.981612582286,0.0,0.205465134128,1.040806092317,0.0,0.028970712387,1.01359870309,0.0,0.26860398295,1.22682313658,0.0,0.034405367275,1.214876670559,0.0,0.537592291832,0.538675308228,-0.000342459418,-0.246352263122
1138,1,0.2486611593,-0.016514468389,0.0,-0.2486611593,0.016514468389,0.0,0.28541851504,0.581786572546,0.0,-0.130483667736,0.58124856045,0.0,0.234958253669,1.036233045093,0.0,-0.004238667787,0.986548332775,0.0,0.210561203366,1.078913150972,0.0,0.026897749478,1.017998225923,0.0,0.276702305983,1.266684961452,0.0,0.028492102396,1.223042557516,0.0,0.537110224366,0.539187163115,-0.000340373255,-0.245282001287
1139,1,0.235882480802,-0.0155500323,0.0,-0.235882480802,0.0155500323,0.0,0.273921171105,0.559647660569,0.0,-0.126335359128,0.553177413519,0.0,0.233137846734,1.023333032561,0.0,-0.007256280427,0.938399984617,0.0,0.209059988998,1.063919443416,0.0,0.023077199046,0.967518411613,0.0,0.260834930903,1.23834430136,0.0,0.023853971352,1.168317409775,0.0,0.536342442036,0.539815187454,-0.000325027853,-0.257441700422
1140,1,0.234791252646,-0.015515914244,0.0,-0.234791252646,0.015515914244,0.0,0.279190878524,0.556622963384,0.0,-0.131342322124,0.549859751728,0.0,0.249562314727,1.014887279142,0.0,-0.013762580531,0.931410042066,0.0,0.222712003518,1.059860027379,0.0,0.016280709593,0.959485910954,0.0,0.259923806028,1.242147421232,0.0,0.021996760262,1.162730548011,0.0,0.534809574485,0.539713263512,-0.000322088599,-0.259271649865
1141,1,0.243263495095,-0.016574507675,0.0,-0.243263495095,0.016574507675,0.0,0.283468556284,0.572638369278,0.0,-0.144370026413,0.565439738906,0.0,0.272278739328,1.066015790857,0.0,-0.024731688536,0.957975429966,0.0,0.243702697949,1.109292085113,0.0,0.007155075991,0.987266636647,0.0,0.263719064049,1.293823146199,0.0,0.008765761864,1.197694967612,0.0,0.532310336828,0.539501607418,-0.000324098393,-0.252490257714
1142,1,0.244186228784,-0.017250734725,0.0,-0.244186228784,0.017250734725,0.0,0.285734035075,0.572735228304,0.0,-0.149760274277,0.565784054934,0.0,0.293169741268,1.087781370916,0.0,-0.031406831092,0.958919666287,0.0,0.267255126241,1.135381950873,0.0,0.000936264871,0.989845203411,0.0,0.264925152287,1.306087552098,0.0,-9.9697869e-05,1.199534850474,0.0,0.530631229281,0.539100408554,-0.000322174281,-0.253041173596
1143,1,0.236762623458,-0.019094450599,0.0,-0.236762623458,0.019094450599,0.0,0.290664917784,0.554965809621,0.0,-0.14800989335,0.547923315972,0.0,0.295497407685,1.082336751261,0.0,-0.035564137394,0.935787742589,0.0,0.258612916614,1.139491415834,0.0,-0.002343929564,0.969071496852,0.0,0.306460306311,1.273773229635,0.0,-0.004306580527,1.169883921249,0.0,0.529788017273,0.536910355091,-0.000315709971,-0.261693614295
1144,1,0.228588483706,-0.020746239016,0.0,-0.228588483706,0.020746239016,0.0,0.294158545282,0.539976580379,0.0,-0.142468506252,0.534228528764,0.0,0.29370078736,1.055609421014,0.0,-0.032364385406,0.922188084483,0.0,0.255354310759,1.107220226696,0.0,0.004880793054,0.956123000096,0.0,0.311282468676,1.248095034855,0.0,-0.004697316564,1.149919191665,0.0,0.529730185866,0.531449586153,-0.000319380313,-0.271422680476
1145,1,0.226432268791,-0.023462610407,0.0,-0.226432268791,0.023462610407,0.0,0.304200872371,0.520606655854,0.0,-0.140591933889,0.529190471204,0.0,0.29803612234,1.053511290516,0.0,-0.026361093266,0.926675875089,0.0,0.257587919198,1.123690688812,0.0,0.012575616698,0.961355579803,0.0,0.354209504365,1.249534657207,0.0,-0.005242944244,1.150932250305,0.0,0.52924247086,0.528473943472,-0.000315215439,-0.273240124151
1146,1,0.229848941443,-0.02711447039,0.0,-0.229848941443,0.02711447039,0.0,0.316459346079,0.518613263023,0.0,-0.141508733835,0.543946170463,0.0,0.307159175171,1.080496094888,0.0,-0.027933375321,0.957459854613,0.0,0.267419038368,1.145948860089,0.0,0.013640860257,0.993453100966,0.0,0.348730529038,1.254018818897,0.0,-0.007424896903,1.183016541632,0.0,0.528536841273,0.524227499962,-0.000300178304,-0.268888915747
1147,1,0.227008290292,-0.029309299509,0.0,-0.227008290292,0.029309299509,0.0,0.316162306062,0.49285901017,0.0,-0.139439292779,0.538271060353,0.0,0.313787025918,1.062104302413,0.0,-0.028003487386,0.955845485212,0.0,0.27048957579,1.157353606254,0.0,0.015685530984,0.992409978606,0.0,0.362255544672,1.158693620307,0.0,0.005991914931,1.170859641215,0.0,0.527809619904,0.52168738842,-0.000292181037,-0.271865498854
1148,1,0.228619207606,-0.030109811806,0.0,-0.228619207606,0.030109811806,0.0,0.319057484318,0.473583615336,0.0,-0.138177505431,0.540657036103,0.0,0.323853462746,0.999129059664,0.0,-0.029558975401,0.972287359693,0.0,0.285593261132,1.07480370525,0.0,0.014351028692,1.011472878067,0.0,0.359602248151,1.159745220289,0.0,0.004568350947,1.189945641092,0.0,0.527461975813,0.518560290337,-0.000292846933,-0.269707259542
1149,1,0.209537192344,-0.028918017454,0.0,-0.209537192344,0.028918017454,0.0,0.292273960709,0.410843955469,0.0,-0.119403317355,0.498472996556,0.0,0.300551226307,0.910660101789,0.0,-0.019164341442,0.905857446727,0.0,0.268065939331,1.007925677251,0.0,0.027175085738,0.958804047482,0.0,0.341880478796,1.046260949668,0.0,0.01100822189,1.098328202468,0.0,0.527320161462,0.51451972127,-0.000271541998,-0.293973896269
1150,1,0.201907034299,-0.027650490827,0.0,-0.201907034299,0.027650490827,0.0,0.282289019397,0.37387318465,0.0,-0.110532825826,0.476459114542,0.0,0.294062550127,0.875568800806,0.0,-0.018322900317,0.879588462751,0.0,0.266051448378,0.98260614716,0.0,0.026273465969,0.943176547632,0.0,0.355349183804,0.90723875786,0.0,0.013916596919,1.058398049399,0.0,0.527421370149,0.512896180153,-0.000259933062,-0.304543071321
1151,1,0.202777195594,-0.028706617052,0.0,-0.202777195594,0.028706617052,0.0,0.282861134708,0.351707079507,0.0,-0.110037381844,0.485006857683,0.0,0.296781236257,0.85727046596,0.0,-0.018116067028,0.893467994725,0.0,0.289125481106,0.954675388429,0.0,0.026936078252,0.957616542393,0.0,0.341444441728,0.972716280145,0.0,0.012252392717,1.074210542388,0.0,0.527281269431,0.510408401489,-0.000244650058,-0.302283692778
1152,1,0.201877677746,-0.028352252075,0.0,-0.201877677746,0.028352252075,0.0,0.28100322747,0.342858511029,0.0,-0.107756782454,0.478874650465,0.0,0.295895093712,0.832554381473,0.0,-0.016683948961,0.890898604635,0.0,0.296258206701,0.900758382549,0.0,0.027609337471,0.949442697474,0.0,0.292276861816,0.996287029878,0.0,0.011762921222,1.076852625855,0.0,0.527428790927,0.509290963411,-0.000232515857,-0.302690810561
1153,1,0.195377826307,-0.026482294823,0.0,-0.195377826307,0.026482294823,0.0,0.269464928034,0.334185888435,0.0,-0.103213798196,0.460708737615,0.0,0.285523635489,0.807705296679,0.0,-0.015904020874,0.860601719357,0.0,0.283792194516,0.863523651131,0.0,0.026741043284,0.908119911311,0.0,0.268988331293,0.977075327459,0.0,0.010348746712,1.046209598475,0.0,0.527458235621,0.50813998282,-0.000227956101,-0.312595107354
1154,1,0.185590106971,-0.025174801452,0.0,-0.185590106971,0.025174801452,0.0,0.250185782808,0.30882477847,0.0,-0.097377507626,0.43493674636,0.0,0.271886413496,0.778582552679,0.0,-0.014376549916,0.824824466232,0.0,0.270290213324,0.84825191013,0.0,0.027154223907,0.874945587022,0.0,0.255418376952,0.92006876362,0.0,0.006727070342,1.000742269549,0.0,0.527600154281,0.506174013019,-0.000225266442,-0.328568608401
1155,1,0.190301774258,-0.025417930817,0.0,-0.190301774258,0.025417930817,0.0,0.252844527915,0.328690348127,0.0,-0.099578383431,0.446586838616,0.0,0.278625322905,0.798506957773,0.0,-0.014719227348,0.842853117135,0.0,0.277663823527,0.875586506874,0.0,0.02768942427,0.894451165595,0.0,0.26227471813,0.940455441702,0.0,0.003290703255,1.023246509162,0.0,0.527615353465,0.507144734263,-0.000222477131,-0.320433289776
1156,1,0.193692064341,-0.025759408511,0.0,-0.193692064341,0.025759408511,0.0,0.256901323434,0.341763089968,0.0,-0.101257931144,0.45717620989,0.0,0.283539811521,0.818866650327,0.0,-0.013578763335,0.856928722115,0.0,0.281984400335,0.897246874032,0.0,0.029982409069,0.909966112884,0.0,0.262082239478,0.957447205572,0.0,-0.000669181927,1.041264597539,0.0,0.527650222182,0.507368296385,-0.000223542564,-0.314709801099
1157,1,0.200689898714,-0.026459777957,0.0,-0.200689898714,0.026459777957,0.0,0.26749045792,0.365486810752,0.0,-0.104495701741,0.474482840459,0.0,0.295212167605,0.86208316312,0.0,-0.012394293506,0.889728013846,0.0,0.289338845732,0.976527529864,0.0,0.033763344816,0.950193605996,0.0,0.293923158328,0.954723566923,0.0,-0.001851445844,1.077034281091,0.0,0.527994170785,0.507826432586,-0.000232056715,-0.303223153777
1158,1,0.202075782252,-0.026669136642,0.0,-0.202075782252,0.026669136642,0.0,0.270354472603,0.387564234583,0.0,-0.104257816265,0.477685867659,0.0,0.298006874726,0.889008282858,0.0,-0.009563885044,0.901901918528,0.0,0.285438095187,1.024611355439,0.0,0.036551256166,0.979454475573,0.0,0.320984985542,0.93937037193,0.0,0.019664074252,1.071479190378,0.0,0.528434440494,0.508106321096,-0.00023810938,-0.301549592602
1159,1,0.207510009635,-0.025491042096,0.0,-0.207510009635,0.025491042096,0.0,0.278605044247,0.419800344039,0.0,-0.105696716291,0.482612439536,0.0,0.307996306711,0.935645928059,0.0,-0.0043334329,0.915342171006,0.0,0.295902666419,1.07041556048,0.0,0.040897495933,0.99521642303,0.0,0.356585512768,0.953573302648,0.0,0.07616544179,1.07741354717,0.0,0.529564648867,0.509548544884,-0.000236587599,-0.296294758719
1160,1,0.220799252571,-0.025907115991,0.0,-0.220799252571,0.025907115991,0.0,0.296258863973,0.466428867234,0.0,-0.118320546379,0.497579385221,0.0,0.327837721003,1.016813996206,0.0,-0.004629467103,0.953701404072,0.0,0.314557933607,1.154022112819,0.0,0.038033740187,1.034112508401,0.0,0.406018908233,1.052453933051,0.0,0.081058561408,1.12502254856,0.0,0.529963254929,0.513279408216,-0.000242205337,-0.280045326989
1161,1,0.224700993928,-0.024710443901,0.0,-0.224700993928,0.024710443901,0.0,0.300574121356,0.488709397313,0.0,-0.124988212425,0.497913408072,0.0,0.333754346779,1.050603493518,0.0,-0.006322895667,0.957671204493,0.0,0.320823009848,1.177720657417,0.0,0.037504409955,1.021095170547,0.0,0.404821384214,1.151795105185,0.0,0.076286968671,1.134773216849,0.0,0.529886052012,0.515618830919,-0.00025366433,-0.275849248262
1162,1,0.23423702468,-0.023889483339,0.0,-0.23423702468,0.023889483339,0.0,0.31124672862,0.524787729975,0.0,-0.136621951053,0.52075330562,0.0,0.348571283708,1.115898719474,0.0,-0.005846316163,0.98428268261,0.0,0.324422886377,1.234830670132,0.0,0.040031173568,1.04009743079,0.0,0.430186664897,1.227839317528,0.0,0.067291150206,1.175526769113,0.0,0.530142739415,0.51896122098,-0.000273389742,-0.264971953873
1163,1,0.235788213871,-0.022609168418,0.0,-0.235788213871,0.022609168418,0.0,0.313248770748,0.535154636348,0.0,-0.1412642767,0.525518869085,0.0,0.352093841524,1.128886405169,0.0,-0.006468766043,0.975731362195,0.0,0.326998844752,1.223089896898,0.0,0.039782871559,1.021475175241,0.0,0.427949681858,1.269083096157,0.0,0.049635437362,1.183653608809,0.0,0.530302375555,0.522633224726,-0.00027376879,-0.263383921656
1164,1,0.248853926619,-0.022618411605,0.0,-0.248853926619,0.022618411605,0.0,0.330551977416,0.574120417392,0.0,-0.151479431792,0.569398406801,0.0,0.374417404628,1.183124233802,0.0,-0.012809816398,1.021738668309,0.0,0.344462090176,1.26858803545,0.0,0.035525527432,1.067929360609,0.0,0.450536875173,1.363597221813,0.0,0.036041668626,1.255149717339,0.0,0.530194461346,0.525227069855,-0.00027757464,-0.249324079423
1165,1,0.24265452546,-0.020080980308,0.0,-0.24265452546,0.020080980308,0.0,0.321024843422,0.566371461241,0.0,-0.148294881121,0.556355338661,0.0,0.366795776719,1.144785401284,0.0,-0.012741443449,0.991656296454,0.0,0.334968692609,1.219818177632,0.0,0.033017131174,1.03427949872,0.0,0.440973006348,1.330096494042,0.0,0.033620607573,1.219646788469,0.0,0.530438989401,0.527149260044,-0.000280380482,-0.25561367599
1166,1,0.252466867666,-0.019465002543,0.0,-0.252466867666,0.019465002543,0.0,0.334321784015,0.586659388294,0.0,-0.1561157605,0.578367597248,0.0,0.3858030818,1.168502410696,0.0,-0.016739487087,1.02026291711,0.0,0.349041060374,1.25165433037,0.0,0.030488863244,1.061357507381,0.0,0.458044443468,1.365360958721,0.0,0.033427815004,1.260913715512,0.0,0.53047965467,0.531027078629,-0.000305721536,-0.245541095384
1167,1,0.254318173531,-0.018290332634,0.0,-0.254318173531,0.018290332634,0.0,0.336422941472,0.596943484389,0.0,-0.158058515673,0.582970150493,0.0,0.388327668533,1.161893252211,0.0,-0.018036154204,1.022257232175,0.0,0.34389620301,1.250860593253,0.0,0.029144937534,1.061371612591,0.0,0.4601189541,1.354796464161,0.0,0.033830427754,1.264197930903,0.0,0.530568927526,0.532991111279,-0.000302646775,-0.243761943701
1168,1,0.248071647002,-0.016550941469,0.0,-0.248071647002,0.016550941469,0.0,0.326615074766,0.580411644563,0.0,-0.153507226081,0.568977325969,0.0,0.377470166402,1.12721104578,0.0,-0.02317648974,0.995660365322,0.0,0.331883742761,1.176208989278,0.0,0.016010542295,1.023267841633,0.0,0.429278615581,1.314996683046,0.0,0.03359594,1.232933643647,0.0,0.530796304345,0.533337622881,-0.000312114134,-0.249520380942
1169,1,0.250065248139,-0.016204098169,0.0,-0.250065248139,0.016204098169,0.0,0.325478982671,0.584338372349,0.0,-0.154592883451,0.571544483533,0.0,0.371622496741,1.102581493388,0.0,-0.024382611238,1.000537443902,0.0,0.334022944176,1.128302073717,0.0,0.016068945515,1.02448724127,0.0,0.380673084867,1.315504466487,0.0,0.032750988779,1.24030174604,0.0,0.530856445432,0.534171402454,-0.000325248577,-0.247300394698
1170,1,0.247118214662,-0.015223345162,0.0,-0.247118214662,0.015223345162,0.0,0.307921198088,0.58370236794,0.0,-0.152239772266,0.565086026302,0.0,0.354849877726,1.068559191175,0.0,-0.023706134496,0.984938184207,0.0,0.328673203882,1.086012771727,0.0,0.016983825074,1.009163923837,0.0,0.328359914305,1.291511414239,0.0,0.032750149848,1.224142587293,0.0,0.530962437391,0.535503417253,-0.00032100454,-0.249898837261
1171,1,0.260122178692,-0.015631660061,0.0,-0.260122178692,0.015631660061,0.0,0.315389952819,0.61177293123,0.0,-0.158184847208,0.593016496395,0.0,0.351458986157,1.091254688344,0.0,-0.025791950257,1.034353446429,0.0,0.319932442504,1.112411530903,0.0,0.016016637035,1.057953395188,0.0,0.348299675853,1.346407706573,0.0,0.045754868142,1.2861428296,0.0,0.530975028872,0.536698400974,-0.000319033861,-0.23731034694
1172,1,0.256674073368,-0.015145365347,0.0,-0.256674073368,0.015145365347,0.0,0.308620766404,0.603685732351,0.0,-0.155874289956,0.585008096988,0.0,0.328013978662,1.047509008,0.0,-0.025628882948,1.021941109607,0.0,0.29693206014,1.073363980027,0.0,0.016120498456,1.045141766089,0.0,0.344655572783,1.302101425663,0.0,0.045134519984,1.270133867626,0.0,0.531005620956,0.536538809538,-0.000318037346,-0.240433709061
1173,1,0.256740216144,-0.014528366261,0.0,-0.256740216144,0.014528366261,0.0,0.305656502632,0.603924971156,0.0,-0.154889698609,0.585294352139,0.0,0.31888828843,1.026103855604,0.0,-0.022860826246,1.024786260266,0.0,0.295133024352,1.056754734241,0.0,0.020343517825,1.048507204194,0.0,0.342645044687,1.281530828604,0.0,0.046546952629,1.273663555874,0.0,0.531348496675,0.536646783352,-0.000327690504,-0.239667976148
1174,1,0.260791868646,-0.014233815477,0.0,-0.260791868646,0.014233815477,0.0,0.308299709971,0.611263326203,0.0,-0.156805078369,0.593857919844,0.0,0.31360533206,1.032268019386,0.0,-0.022475888884,1.041041315221,0.0,0.284165909408,1.065045103412,0.0,0.019983815792,1.0657596636,0.0,0.34460439532,1.290194537231,0.0,0.049489260352,1.296319846699,0.0,0.531690776348,0.537484228611,-0.000322998501,-0.234728261274
1175,1,0.261983054175,-0.014372976037,0.0,-0.261983054175,0.014372976037,0.0,0.309696934896,0.613114569099,0.0,-0.157165817785,0.599707668769,0.0,0.298036269681,1.035503386677,0.0,-0.022587426794,1.046860231227,0.0,0.264338844652,1.06935699671,0.0,0.020424443131,1.072121879608,0.0,0.338074754832,1.288269930588,0.0,0.048466797074,1.303298909162,0.0,0.531713411212,0.537340432405,-0.000327338465,-0.233556626186
1176,1,0.258939266512,-0.014541330977,0.0,-0.258939266512,0.014541330977,0.0,0.307175302965,0.603141950238,0.0,-0.15529868804,0.59185090955,0.0,0.280642532471,1.005811004274,0.0,-0.022396272883,1.028540418328,0.0,0.241805208931,1.034122128207,0.0,0.018848537376,1.052589003187,0.0,0.326668199682,1.25558159144,0.0,0.045435894248,1.285320553505,0.0,0.531784489751,0.538185566664,-0.000329927541,-0.235857437547
1177,1,0.257940172127,-0.014753509882,0.0,-0.257940172127,0.014753509882,0.0,0.306366308288,0.601063980725,0.0,-0.155285953471,0.591142151175,0.0,0.274394890971,1.00839028946,0.0,-0.022973311735,1.026128157696,0.0,0.239280532294,1.039528232787,0.0,0.018253987274,1.050481922534,0.0,0.294438321834,1.253056031093,0.0,0.031417006592,1.281727687477,0.0,0.531662389636,0.538000136614,-0.000329177827,-0.236602425237
1178,1,0.257298692395,-0.014812314296,0.0,-0.257298692395,0.014812314296,0.0,0.305687549008,0.600435034959,0.0,-0.154953162884,0.590522907425,0.0,0.254435499313,1.005409413804,0.0,-0.022482125327,1.023490407012,0.0,0.224990709099,1.037081607402,0.0,0.017918207385,1.048618195236,0.0,0.290961944748,1.248147427198,0.0,0.029653888509,1.277298108044,0.0,0.531548634171,0.537920862436,-0.000327459536,-0.23680995911
1179,1,0.257145589013,-0.015031937758,0.0,-0.257145589013,0.015031937758,0.0,0.304800772785,0.600316501791,0.0,-0.156275361804,0.590196231326,0.0,0.242055675659,1.006488486556,0.0,-0.024018659285,1.02283987326,0.0,0.214237598288,1.041259980473,0.0,0.014272961585,1.048986867091,0.0,0.293307741032,1.248744556123,0.0,0.027036667163,1.277919388476,0.0,0.531258970499,0.537843972445,-0.000326627865,-0.236462739942
1180,1,0.26152333153,-0.015456583793,0.0,-0.26152333153,0.015456583793,0.0,0.306285975552,0.609778163266,0.0,-0.161911643913,0.600173716451,0.0,0.234737268956,1.02482126452,0.0,-0.027256607406,1.040031232062,0.0,0.208855636874,1.06272402886,0.0,0.011915641003,1.067645586846,0.0,0.299093856097,1.268893932728,0.0,0.024856841581,1.297125084497,0.0,0.530556887388,0.537865400314,-0.000326920301,-0.23250563615
1181,1,0.263356727246,-0.015607272517,0.0,-0.263356727246,0.015607272517,0.0,0.30426381711,0.6145700755,0.0,-0.163967659217,0.605136315342,0.0,0.229358826523,1.030405533122,0.0,-0.028211596865,1.047700200498,0.0,0.201549417711,1.068677771475,0.0,0.010910343652,1.075897140646,0.0,0.299518527536,1.27792015755,0.0,0.019806647821,1.306585079558,0.0,0.530348315835,0.537810653448,-0.000322367065,-0.23078590331
1182,1,0.264645483385,-0.015491623771,0.0,-0.264645483385,0.015491623771,0.0,0.301399980385,0.61634994661,0.0,-0.165637633384,0.607179307691,0.0,0.227242866374,1.035986914441,0.0,-0.029367549165,1.051312360241,0.0,0.202556623243,1.07476652723,0.0,0.009892968673,1.079990893021,0.0,0.286764263902,1.283740640393,0.0,0.018726325938,1.30916094425,0.0,0.530098155141,0.537855327129,-0.000315332785,-0.229913610465
1183,1,0.268223127073,-0.015284608995,0.0,-0.268223127073,0.015284608995,0.0,0.304938997447,0.624292960757,0.0,-0.168291982522,0.615438531993,0.0,0.232936726026,1.048588112149,0.0,-0.029752415931,1.071485121801,0.0,0.203601912306,1.089420591295,0.0,0.010800347286,1.111655904524,0.0,0.299528176723,1.296777374479,0.0,0.01809898764,1.327834255109,0.0,0.529996573925,0.537973433733,-0.000314271078,-0.226727674265
1184,1,0.270051158624,-0.015410257952,0.0,-0.270051158624,0.015410257952,0.0,0.305281837902,0.628254957021,0.0,-0.170485603477,0.621402369743,0.0,0.234869785191,1.052087480134,0.0,-0.031010601176,1.076380853781,0.0,0.205008420007,1.091461568907,0.0,0.01317193117,1.116535904854,0.0,0.300909480082,1.30179925027,0.0,0.013954479717,1.334548378218,0.0,0.52971124649,0.537954002619,-0.000314657576,-0.225455339715
1185,1,0.275405837113,-0.015728420443,0.0,-0.275405837113,0.015728420443,0.0,0.30893818562,0.64068784334,0.0,-0.175466800589,0.636487029912,0.0,0.237633240398,1.069101364753,0.0,-0.033139010136,1.096370582001,0.0,0.205703182159,1.10836198509,0.0,0.013287165337,1.137420976045,0.0,0.306358370428,1.324054346803,0.0,0.01046535788,1.358757491031,0.0,0.529286906123,0.537960767746,-0.000313278288,-0.221430944798
1186,1,0.273322847442,-0.015535149122,0.0,-0.273322847442,0.015535149122,0.0,0.303345463134,0.634636398581,0.0,-0.175049239926,0.630855058614,0.0,0.233941980603,1.057181654661,0.0,-0.032331387758,1.088669855478,0.0,0.205864301046,1.097013010366,0.0,0.017945138201,1.13656798111,0.0,0.302461909092,1.308897329665,0.0,0.008670414367,1.343212956618,0.0,0.528911605477,0.537956804037,-0.00031502638,-0.224068725054
1187,1,0.273639461627,-0.015450181153,0.0,-0.273639461627,0.015450181153,0.0,0.299878111937,0.632817008018,0.0,-0.176258122863,0.629197500255,0.0,0.231475347954,1.052946352691,0.0,-0.034132718346,1.087955674711,0.0,0.20357552739,1.092498466835,0.0,0.016211970207,1.137452032855,0.0,0.300040468022,1.303416236969,0.0,0.006454184093,1.338615195135,0.0,0.528432413936,0.537953346968,-0.000315745827,-0.225046367814
1188,1,0.274261499948,-0.015387072536,0.0,-0.274261499948,0.015387072536,0.0,0.299274978727,0.63467866579,0.0,-0.176940322545,0.630721383503,0.0,0.231308642188,1.057917621596,0.0,-0.034849371033,1.090156178692,0.0,0.204802758004,1.102430811827,0.0,0.017362131588,1.140816503075,0.0,0.300073121754,1.305812673583,0.0,0.003905938977,1.340625560352,0.0,0.528164356947,0.538015723228,-0.000308763701,-0.224634890264
1189,1,0.27382777798,-0.01540765834,0.0,-0.27382777798,0.01540765834,0.0,0.297848992547,0.63322402768,0.0,-0.175285306759,0.628805618089,0.0,0.230784612678,1.057361174112,0.0,-0.034499420105,1.086919759903,0.0,0.2109565596,1.104809647029,0.0,0.019624707774,1.136946542759,0.0,0.295977395218,1.302429520628,0.0,0.002707013687,1.336261467877,0.0,0.528073981404,0.538116276264,-0.000306749251,-0.225189701153
1190,1,0.276204087357,-0.015275912044,0.0,-0.276204087357,0.015275912044,0.0,0.298570762148,0.63806860118,0.0,-0.177715683751,0.632698044863,0.0,0.230191691788,1.063480307765,0.0,-0.036189125485,1.09263175344,0.0,0.208813769834,1.11017200527,0.0,0.018441863507,1.141444905836,0.0,0.296297774765,1.309578653955,0.0,0.00093859678,1.344125933534,0.0,0.527727931738,0.53805488348,-0.000306536909,-0.224010340683
1191,1,0.27800495226,-0.015528719446,0.0,-0.27800495226,0.015528719446,0.0,0.297328712028,0.640187899564,0.0,-0.180574407915,0.635431388531,0.0,0.228252812993,1.065970633094,0.0,-0.03710669767,1.097870643264,0.0,0.206778721645,1.112777509343,0.0,0.017770660968,1.148887973899,0.0,0.296190159898,1.31275861305,0.0,-0.001867895387,1.347401183392,0.0,0.527097120881,0.538262665272,-0.000303623267,-0.22333049829
1192,1,0.27603989204,-0.015450448718,0.0,-0.27603989204,0.015450448718,0.0,0.293249932188,0.634235911195,0.0,-0.18072871163,0.629795711838,0.0,0.223304022479,1.057577438561,0.0,-0.039554350275,1.086889582541,0.0,0.201041889256,1.103917007349,0.0,0.01459533254,1.134893068201,0.0,0.292246209469,1.301492513397,0.0,-0.00467296775,1.334974374303,0.0,0.526412755251,0.538323193789,-0.000299845356,-0.225212213475
1193,1,0.278279447125,-0.015495032487,0.0,-0.278279447125,0.015495032487,0.0,0.290790799295,0.635973488676,0.0,-0.183649647994,0.63100130704,0.0,0.220314646938,1.060818373656,0.0,-0.043199176614,1.089208560022,0.0,0.197019050287,1.107464206318,0.0,0.010776022054,1.1370251603,0.0,0.292528914426,1.304415753125,0.0,-0.008123891243,1.337734887071,0.0,0.525586277246,0.538324713707,-0.000298421364,-0.224720002754
1194,1,0.280666465022,-0.015547071939,0.0,-0.280666465022,0.015547071939,0.0,0.28833085369,0.638254706688,0.0,-0.186030899508,0.632915335118,0.0,0.217163088637,1.064226891871,0.0,-0.047263641439,1.092178178788,0.0,0.1959254582,1.109556610745,0.0,0.006137523681,1.138066072039,0.0,0.289763935805,1.308459043293,0.0,-0.011471840287,1.341290232215,0.0,0.524703681469,0.538322895765,-0.000299328705,-0.22403490754
1195,1,0.281230067408,-0.015472910708,0.0,-0.281230067408,0.015472910708,0.0,0.287217160642,0.639891344659,0.0,-0.186177378664,0.633173027771,0.0,0.215962901411,1.064090737138,0.0,-0.048202021105,1.092812552987,0.0,0.194662819381,1.109749108421,0.0,0.005971061129,1.140210108332,0.0,0.288658320506,1.308720439663,0.0,-0.012563116873,1.342024643627,0.0,0.524392053485,0.538325995207,-0.000300385291,-0.223999268926
1196,1,0.283064219345,-0.015429323661,0.0,-0.283064219345,0.015429323661,0.0,0.289214097198,0.64350801603,0.0,-0.188044213459,0.637652747108,0.0,0.215279157555,1.070547339125,0.0,-0.046982836168,1.098550031688,0.0,0.193645928802,1.116944434431,0.0,0.007679356902,1.14610042133,0.0,0.287373694062,1.31574408043,0.0,-0.008876514936,1.348992764435,0.0,0.523998200893,0.538313090801,-0.000298394589,-0.222853109019
1197,1,0.283819097642,-0.014937050686,0.0,-0.283819097642,0.014937050686,0.0,0.288731415131,0.645059195833,0.0,-0.186880484798,0.63941412242,0.0,0.215089913648,1.072990797773,0.0,-0.040517344321,1.100805253636,0.0,0.195945978747,1.120097186215,0.0,0.011893923776,1.148413093033,0.0,0.291045000548,1.320013788631,0.0,-0.001188803066,1.351880300369,0.0,0.523654043674,0.538181394339,-0.000298363157,-0.222514074171
1198,1,0.283374159505,-0.014725452114,0.0,-0.283374159505,0.014725452114,0.0,0.287417559053,0.64494860903,0.0,-0.187049010284,0.639197538055,0.0,0.213050021847,1.072781366069,0.0,-0.038873696423,1.104993844964,0.0,0.193286858677,1.120198441398,0.0,0.013880119941,1.155176244553,0.0,0.290675419032,1.319772094037,0.0,-0.004155418616,1.352755381961,0.0,0.523265346885,0.538230419159,-0.000298936153,-0.222548207616
1199,1,0.284830265302,-0.014403208237,0.0,-0.284830265302,0.014403208237,0.0,0.286864132989,0.647984967779,0.0,-0.189953777487,0.64286468871,0.0,0.211762353577,1.078458105809,0.0,-0.041521421635,1.113174276438,0.0,0.192114736662,1.127001130165,0.0,0.011571585668,1.165025179863,0.0,0.289894537953,1.326807257842,0.0,-0.011314306185,1.361616323732,0.0,0.522712662816,0.538322538137,-0.000298757805,-0.221363310421
1200,1,0.287198736518,-0.014268635334,0.0,-0.287198736518,0.014268635334,0.0,0.28777075731,0.653537689277,0.0,-0.190174187106,0.64813686868,0.0,0.212195766482,1.089710598288,0.0,-0.04128678105,1.122091913802,0.0,0.192732541957,1.141927304607,0.0,0.013669818027,1.174351765901,0.0,0.290968565194,1.338799331465,0.0,-0.009685345875,1.372441100764,0.0,0.522412404418,0.538264840841,-0.000296804705,-0.219653888449
1201,1,0.287842373948,-0.013965547877,0.0,-0.287842373948,0.013965547877,0.0,0.285931830763,0.652157401443,0.0,-0.19052250595,0.646700718908,0.0,0.209526898157,1.087538852052,0.0,-0.043174740948,1.116668066692,0.0,0.190223992043,1.139701583999,0.0,0.0116640517,1.169560830382,0.0,0.285862349078,1.336228838059,0.0,-0.008752999334,1.368425811322,0.0,0.5219745785,0.538330644369,-0.000296063139,-0.220037716448
1202,1,0.286539155353,-0.013310140521,0.0,-0.286539155353,0.013310140521,0.0,0.283226449412,0.648240997236,0.0,-0.190499667371,0.642738289747,0.0,0.207113346698,1.082160853207,0.0,-0.044390367466,1.109553060926,0.0,0.18861514711,1.133952199125,0.0,0.009840245179,1.159225450591,0.0,0.276973654597,1.329141799633,0.0,-0.009978021823,1.359829053078,0.0,0.521647125483,0.538546800613,-0.000296016224,-0.22106775577
1203,1,0.286380658108,-0.012984688969,0.0,-0.286380658108,0.012984688969,0.0,0.281475939114,0.647763463996,0.0,-0.191346572757,0.642141513742,0.0,0.20418005288,1.081860339435,0.0,-0.046768275881,1.11017305017,0.0,0.18521708907,1.133539533602,0.0,0.00539203734,1.161695644803,0.0,0.274969107151,1.328128336659,0.0,-0.012181341441,1.359127767125,0.0,0.52124530077,0.538621634245,-0.000296585495,-0.221139217631
1204,1,0.286671306865,-0.01290613956,0.0,-0.286671306865,0.01290613956,0.0,0.281271850455,0.64894175178,0.0,-0.192247897871,0.643120121205,0.0,0.202754204045,1.083408905202,0.0,-0.047512071698,1.11251030977,0.0,0.183268059027,1.135075572884,0.0,0.004677994773,1.164816177211,0.0,0.274829105587,1.33003041965,0.0,-0.012874355028,1.361042405255,0.0,0.521092131734,0.538642495871,-0.000297266466,-0.220813285425
1205,1,0.287425256877,-0.012771239809,0.0,-0.287425256877,0.012771239809,0.0,0.280177248573,0.649621696037,0.0,-0.194868090832,0.644040089134,0.0,0.200493344155,1.084990818014,0.0,-0.051161644511,1.113972581487,0.0,0.180373020121,1.136572508645,0.0,-0.00205604367,1.166301261004,0.0,0.272817624345,1.33222278927,0.0,-0.01596452271,1.362967435705,0.0,0.520584598184,0.538611829281,-0.000297136663,-0.220548446007
1206,1,0.28842253622,-0.012503134404,0.0,-0.28842253622,0.012503134404,0.0,0.276129311509,0.64920812953,0.0,-0.19868033438,0.643614049734,0.0,0.195119433921,1.08443115776,0.0,-0.055339840293,1.114098124141,0.0,0.174264487236,1.136155121246,0.0,-0.006128579573,1.167148814139,0.0,0.269743545285,1.331507292877,0.0,-0.022729545599,1.362338353035,0.0,0.519655615091,0.538652688265,-0.000297085324,-0.220632065374
1207,1,0.28689165155,-0.012372806196,0.0,-0.28689165155,0.012372806196,0.0,0.272919219521,0.648468634764,0.0,-0.199833243758,0.642690168645,0.0,0.189580495154,1.085652637526,0.0,-0.057492998055,1.113710333782,0.0,0.170335317391,1.140430239686,0.0,-0.007675153753,1.16808816445,0.0,0.266073571368,1.329180689373,0.0,-0.029586734483,1.360427379824,0.0,0.51898625493,0.538620203733,-0.000297152495,-0.220812340945
1208,1,0.287855608154,-0.012147116633,0.0,-0.287855608154,0.012147116633,0.0,0.268770659142,0.648954187899,0.0,-0.204226893719,0.64315093474,0.0,0.184416538062,1.086544331728,0.0,-0.066224290817,1.109624420689,0.0,0.162548567133,1.140178764706,0.0,-0.019486489282,1.157421288908,0.0,0.262000332209,1.331082288839,0.0,-0.034298293341,1.361517217684,0.0,0.517828002572,0.538639187813,-0.000296494691,-0.220618976066
