frame_idx,pose_detected,left_hip_x,left_hip_y,left_hip_z,right_hip_x,right_hip_y,right_hip_z,left_knee_x,left_knee_y,left_knee_z,right_knee_x,right_knee_y,right_knee_z,left_ankle_x,left_ankle_y,left_ankle_z,right_ankle_x,right_ankle_y,right_ankle_z,left_heel_x,left_heel_y,left_heel_z,right_heel_x,right_heel_y,right_heel_z,left_foot_index_x,left_foot_index_y,left_foot_index_z,right_foot_index_x,right_foot_index_y,right_foot_index_z,mid_hip_x,mid_hip_y,mid_hip_z,torso_length
0,1,0.2178200234148306,0.0395407273476991,0.0,-0.2178200234148306,-0.0395407273476991,0.0,0.1204283176770389,0.5632453048311631,0.0,-0.3178429331372079,0.0809801562921968,0.0,0.0009120275865346,1.010840432654713,0.0,-0.2975414145351589,0.5089299724404125,0.0,-0.0281708347389509,1.0433359227937484,0.0,-0.265694655686883,0.5271300677882895,0.0,-0.0252548969731305,1.2311173018390562,0.0,-0.2398621559003902,0.7384170449932107,0.0,0.5718935132026672,0.510773628950119,-0.000160246156156,0.2710883641883358
1,1,0.2016681736773795,0.0361503978765187,0.0,-0.2016681736773795,-0.0361503978765187,0.0,0.1085489318629122,0.5190191584697091,0.0,-0.2965838361266674,0.1012173502216636,0.0,-0.00087600168157,0.9292091211982488,0.0,-0.2769373382608516,0.4807041521414105,0.0,-0.0276162110161499,0.9597155914007852,0.0,-0.2417054369499708,0.5071013670545856,0.0,-0.0265352221081002,1.1326248463937711,0.0,-0.2320449333052132,0.6849450875142121,0.0,0.5726605653762817,0.5108944177627563,-0.0001588151790201,0.2945525250250613
2,1,0.1967586298329273,0.0344935633038977,0.0,-0.1967586298329273,-0.0344935633038977,0.0,0.1042127310659237,0.5032373738068509,0.0,-0.2915180208674887,0.1456578395986221,0.0,-0.0009001358589487,0.9018934446207956,0.0,-0.2699899269449626,0.4840647645848814,0.0,-0.0277654574461671,0.9324336913053244,0.0,-0.2333522484641293,0.5054876643898022,0.0,-0.0264925301200706,1.09814700530884,0.0,-0.2344267592736233,0.6805781704440256,0.0,0.5730846226215363,0.5111543238162994,-0.0001606773585081,0.3037060467534297
3,1,0.1949663251987799,0.0328178563648908,0.0,-0.1949663251987799,-0.0328178563648908,0.0,0.0989916773240327,0.4901433587211282,0.0,-0.2985290314897671,0.195490171247276,0.0,-0.0036322305481816,0.8811809426713106,0.0,-0.2684447919125307,0.5056951105604218,0.0,-0.0307363488874228,0.911342178751996,0.0,-0.2292098214535624,0.5208394265842186,0.0,-0.0255391330876633,1.0748328344445042,0.0,-0.2367441075933013,0.7001940602376406,0.0,0.5741819143295288,0.5124934911727905,-0.0001630000770092,0.3092615186553472
4,1,0.1944051339677809,0.0307847855147921,0.0,-0.1944051339677809,-0.0307847855147921,0.0,0.0970019827066207,0.4803697465239592,0.0,-0.3153948923721633,0.2559062337971148,0.0,-0.0022797275736984,0.8691134558626296,0.0,-0.2654659035359781,0.536482660170464,0.0,-0.02767871765986,0.8988968978888443,0.0,-0.2199672691204608,0.5411639481518258,0.0,-0.0272087910145664,1.0628965155879124,0.0,-0.236675963324569,0.7257012919796167,0.0,0.5747340619564056,0.5143941342830658,-0.0001649311743676,0.3116414310187446
5,1,0.1978510738653749,0.0285872685298753,0.0,-0.1978510738653749,-0.0285872685298753,0.0,0.0981485173303625,0.4795579486309551,0.0,-0.3376652324340886,0.2950493906624623,0.0,-0.0038196418996475,0.8732824039452186,0.0,-0.2683128635068034,0.5690501246110528,0.0,-0.02899188874679,0.9038951889143532,0.0,-0.2190756650145384,0.5722774249276287,0.0,-0.0310924744096745,1.062329316753576,0.0,-0.2420789233541031,0.7571297361749617,0.0,0.5756983458995819,0.5179388225078583,-0.0001692085061222,0.3084673502262723
6,1,0.1929721590662953,0.0255819162526346,0.0,-0.1929721590662953,-0.0255819162526346,0.0,0.0948771105622612,0.4538352331339845,0.0,-0.3399428820691067,0.3293964197969924,0.0,-0.0018619855456889,0.8314303774788815,0.0,-0.2605611708095546,0.5766055551642776,0.0,-0.0264973287275469,0.8628977279515903,0.0,-0.2086520962690633,0.5810281206922783,0.0,-0.0327012727508569,1.0141962285620485,0.0,-0.2472388965351915,0.7599015095579269,0.0,0.5766564607620239,0.5216898918151855,-0.0001850016415119,0.3194411211143731
7,1,0.2006017851608957,0.0249180714273546,0.0,-0.2006017851608957,-0.0249180714273546,0.0,0.0980784828395964,0.4662271578197842,0.0,-0.3560568803148426,0.3675143936238633,0.0,0.0008139248907965,0.8532107589911782,0.0,-0.2707971082568621,0.6323434953462068,0.0,-0.0236420397340608,0.8864151309454286,0.0,-0.2147715084415004,0.6415039576078014,0.0,-0.0373581921900481,1.0447245407027097,0.0,-0.2755617359098146,0.8340919145357172,0.0,0.577684611082077,0.5248388051986694,-0.0001928524579852,0.3072412331688638
8,1,0.1851232339013676,0.0208268965566181,0.0,-0.1851232339013676,-0.0208268965566181,0.0,0.0952542189975332,0.4217300995814574,0.0,-0.3300280039305394,0.3554454931883757,0.0,0.0044493601556964,0.7577308849257638,0.0,-0.2511019256077795,0.606741346060366,0.0,-0.0216713494850499,0.7828301551463736,0.0,-0.1995644400048812,0.6183279428346988,0.0,-0.0363429500946418,0.9417470839248604,0.0,-0.2699288302271522,0.7889256234178663,0.0,0.5783300995826721,0.5303969085216522,-0.0002357005141675,0.3342492942241884
9,1,0.1832172281047855,0.0178826993963362,0.0,-0.1832172281047855,-0.0178826993963362,0.0,0.0936070252007453,0.4119252659125607,0.0,-0.3264799140824167,0.3661432121756191,0.0,0.0050656817624701,0.732624849743295,0.0,-0.250750326416509,0.630673126089486,0.0,-0.0232613742202861,0.7551198338362985,0.0,-0.2029718347292769,0.6437567447059519,0.0,-0.040950174020396,0.9183650527390056,0.0,-0.2795015761337504,0.8088374762947815,0.0,0.5793274343013763,0.5326884090900421,-0.0002536769025027,0.3398301805759351
10,1,0.220179852333463,0.0200815006740883,0.0,-0.220179852333463,-0.0200815006740883,0.0,0.113071708164206,0.4927447910464795,0.0,-0.3888551734807947,0.4588971547041805,0.0,0.0069086476203577,0.8680754157292254,0.0,-0.3013680938330823,0.7845326759616715,0.0,-0.0284685125665824,0.8945217567159347,0.0,-0.2458164825553423,0.8028507503834936,0.0,-0.0558940435603702,1.0906138717284166,0.0,-0.3427795571769537,1.0002772249455056,0.0,0.5793904662132263,0.5359214544296265,-0.0002655261196196,0.2831127777513056
11,1,0.2189295469098574,0.0183923076513018,0.0,-0.2189295469098574,-0.0183923076513018,0.0,0.1115442209404951,0.5013258077244204,0.0,-0.3780022648109485,0.4742871398765267,0.0,0.0067745022484962,0.859683854754468,0.0,-0.3005087874989061,0.8093441754716442,0.0,-0.0316626803936718,0.8829846572417006,0.0,-0.2465104340327756,0.8288676214833874,0.0,-0.0648462910774801,1.0795528305123063,0.0,-0.3479324971892035,1.033232051243287,0.0,0.5792545676231384,0.5376096665859222,-0.0002717128954827,0.2852610748393626
12,1,0.2506049993887375,0.0188974631915074,0.0,-0.2506049993887375,-0.0188974631915074,0.0,0.1284462789069365,0.5660653966924066,0.0,-0.4146462263954057,0.5506803216600974,0.0,0.0075430209589402,0.9733952001303238,0.0,-0.3442149926950187,0.949257390097676,0.0,-0.0411383787030658,1.0011323681124218,0.0,-0.2885988840590416,0.981782423738205,0.0,-0.0744451873622725,1.2187982146949912,0.0,-0.4073881804204151,1.197191582968779,0.0,0.5789378881454468,0.5407972931861877,-0.0002913209609687,0.2501523262265515
13,1,0.2516095589577967,0.0168962333209254,0.0,-0.2516095589577967,-0.0168962333209254,0.0,0.1297180963196085,0.568841285204122,0.0,-0.4044974702791987,0.5560016732842709,0.0,0.0071211343073204,0.970088333958224,0.0,-0.3474704781355313,0.9767188363528468,0.0,-0.0443619674844676,0.9972543500599652,0.0,-0.3054451198111948,1.0093005135283373,0.0,-0.0747568349446314,1.2120317172855115,0.0,-0.4026661512113283,1.2129145448806689,0.0,0.5786198675632477,0.5431092381477356,-0.0003074193373322,0.2500778243216168
14,1,0.2720990860537967,0.0161542996987091,0.0,-0.2720990860537967,-0.0161542996987091,0.0,0.1412875045606873,0.6062662763635568,0.0,-0.4236315964629212,0.5969909941908211,0.0,0.0077288443502882,1.0429609692612667,0.0,-0.3765751697661629,1.0531215841928478,0.0,-0.0493960876797755,1.0713917031134017,0.0,-0.3318722976789774,1.0885724587962473,0.0,-0.0863184002511604,1.2997301107919836,0.0,-0.43591317640396,1.3222254359217096,0.0,0.5784755051136017,0.5453133285045624,-0.0003051981329917,0.231663835572464
15,1,0.2665228760371664,0.0149889698753193,0.0,-0.2665228760371664,-0.0149889698753193,0.0,0.1413107579277584,0.5913774943006502,0.0,-0.4008223660213831,0.5950669205006328,0.0,0.0100819751816347,1.0294242315240865,0.0,-0.3647037663298778,1.0582268567589082,0.0,-0.0455494108925173,1.0622917900361677,0.0,-0.3204942844086881,1.094566283787218,0.0,-0.0794884095581144,1.2668807722323083,0.0,-0.427468277801651,1.304424689142118,0.0,0.5778052508831024,0.5470564663410187,-0.0003164196386933,0.2369855058259042
16,1,0.2612814118917964,0.0144020508405786,0.0,-0.2612814118917964,-0.0144020508405786,0.0,0.1406209826293899,0.5783230810646791,0.0,-0.3840738306948357,0.5772734141721809,0.0,0.0113638332737152,1.0034248637656606,0.0,-0.3644047145432501,1.032520032974416,0.0,-0.0430502674995465,1.0325981603294103,0.0,-0.326400315821248,1.064586999175363,0.0,-0.0770748538289538,1.2374530142958688,0.0,-0.4189819708654279,1.2773965487563483,0.0,0.5774380266666412,0.5479521155357361,-0.0003319298848509,0.2418445164962893
17,1,0.2658011145300266,0.0147969084185652,0.0,-0.2658011145300266,-0.0147969084185652,0.0,0.144971313586484,0.5883679258669837,0.0,-0.3824688148357368,0.5851145216995112,0.0,0.0125250418706358,1.0186695550303992,0.0,-0.3761827866448736,1.062217780247351,0.0,-0.0428570492179043,1.0473466515872771,0.0,-0.3474134162742285,1.0961702810646876,0.0,-0.0774507025944877,1.2572013755236462,0.0,-0.424499537006712,1.3082380720671154,0.0,0.5772275030612946,0.5483314394950867,-0.0003287913277745,0.2377110946413762
18,1,0.2517594558294787,0.0149356766164221,0.0,-0.2517594558294787,-0.0149356766164221,0.0,0.140569023104115,0.5591381652340339,0.0,-0.3555088243693482,0.55175636110682,0.0,0.0128988203562176,0.9668787811723104,0.0,-0.3573609986808561,1.0060446818592674,0.0,-0.0410887586824376,0.9964776333339468,0.0,-0.3361282863936098,1.0412073157175863,0.0,-0.0691758843774244,1.1939319095312966,0.0,-0.3993247356936836,1.2403165896871464,0.0,0.5767335593700409,0.5481720566749573,-0.0003332905471324,0.2504478898569821
19,1,0.2459742286079465,0.0145558706696364,0.0,-0.2459742286079465,-0.0145558706696364,0.0,0.1388998635538338,0.5476040086914457,0.0,-0.3414280658906133,0.5436531129102612,0.0,0.013443991317535,0.9436633584759652,0.0,-0.3475007003037733,0.9874880674525872,0.0,-0.0391356201215634,0.972404667024508,0.0,-0.3260675380453783,1.0231207273037146,0.0,-0.0670979508065374,1.1663476130325832,0.0,-0.3865999510829595,1.2140904505234555,0.0,0.5764195024967194,0.5479699373245239,-0.0003436710685491,0.2564832437879737
20,1,0.2498801603035499,0.0140098541352462,0.0,-0.2498801603035499,-0.0140098541352462,0.0,0.1425092771555497,0.5565349025493017,0.0,-0.3381590207593425,0.55615238902333,0.0,0.0123887930958125,0.9618034803689196,0.0,-0.3521961295758073,1.0042878404551665,0.0,-0.0399788253919637,0.9924256551999416,0.0,-0.3311966346941432,1.0376662930476812,0.0,-0.0662670319147803,1.1869840265688525,0.0,-0.3896328042017644,1.238486131180019,0.0,0.5758892893791199,0.5485870242118835,-0.0003358498215675,0.2514993330578685
21,1,0.2608582058573415,0.0146953236978847,0.0,-0.2608582058573415,-0.0146953236978847,0.0,0.1528918184902551,0.5830852667301175,0.0,-0.3465175949567545,0.5849030429747993,0.0,0.017961543529159,1.007898161754665,0.0,-0.362005018806547,1.0480553706455007,0.0,-0.0379017877038727,1.0410322231411535,0.0,-0.3395367242017892,1.0805087887648157,0.0,-0.0606893275568952,1.2413910368669752,0.0,-0.401417735380556,1.2987961676757036,0.0,0.5744268298149109,0.5487553179264069,-0.0003325715661048,0.2403825289976012
22,1,0.2667541225555376,0.0140344584854623,0.0,-0.2667541225555376,-0.0140344584854623,0.0,0.1582757126439582,0.5967457049956281,0.0,-0.3502526314547832,0.5978127199564451,0.0,0.0219532083117266,1.0205408004745795,0.0,-0.3690189418812697,1.066677344640362,0.0,-0.0355799528865757,1.0478692304743689,0.0,-0.3448828901350096,1.098494833520932,0.0,-0.0596020639525956,1.2726734278856102,0.0,-0.4086061910408996,1.3356398007154977,0.0,0.5736238658428192,0.5495034754276276,-0.0003311866894364,0.2338346248104444
23,1,0.2611604904763691,0.0144929356095936,0.0,-0.2611604904763691,-0.0144929356095936,0.0,0.1615173954737333,0.5888052134435562,0.0,-0.3390588412590632,0.5857379573990318,0.0,0.0268371080634463,1.0070762436508949,0.0,-0.3574103517968412,1.0535688984686886,0.0,-0.0305151009309955,1.0342236211003593,0.0,-0.3329745955752015,1.0876962689424512,0.0,-0.0526348325336338,1.2556868464101822,0.0,-0.3947398179470429,1.3185032649805015,0.0,0.5722756683826447,0.5493023693561554,-0.0003325929865241,0.2371549926969479
24,1,0.2628011868221113,0.0142556245150544,0.0,-0.2628011868221113,-0.0142556245150544,0.0,0.1655846683920004,0.5915140794249978,0.0,-0.3330660592792402,0.5925328788343032,0.0,0.0345068797702635,1.0164053946498752,0.0,-0.3486467031795586,1.0636399520617423,0.0,-0.0220260194651306,1.04444924201981,0.0,-0.3217310014788782,1.0948365535334124,0.0,-0.0477901171293703,1.2619065401531164,0.0,-0.3798060991763901,1.321249398640717,0.0,0.5702538192272186,0.549041748046875,-0.0003267209976911,0.236300843962929
25,1,0.2653648998467129,0.0144724598392106,0.0,-0.2653648998467129,-0.0144724598392106,0.0,0.1677087262073919,0.5948893859895552,0.0,-0.3299399337360086,0.5972390673114183,0.0,0.0372381512178083,1.0230681595651268,0.0,-0.342467257041209,1.0665764380526397,0.0,-0.0186126099917996,1.0504514425475997,0.0,-0.3165572473209231,1.096386736208618,0.0,-0.0432549784291833,1.2688924432003337,0.0,-0.3727784503575779,1.327443043269896,0.0,0.5690524578094482,0.5489477217197418,-0.0003295764327049,0.2350770881114907
26,1,0.265590621059607,0.0146523626882995,0.0,-0.265590621059607,-0.0146523626882995,0.0,0.1667159481242682,0.5963651615383692,0.0,-0.3299562573352369,0.6008927154382219,0.0,0.0359019347167823,1.0259662257036894,0.0,-0.340071410865353,1.0774907495281318,0.0,-0.0200924655432743,1.0547602387317443,0.0,-0.3112319164888454,1.110311513451572,0.0,-0.0412753400635518,1.271939775649935,0.0,-0.3717778817517089,1.3350424787273376,0.0,0.5685814917087555,0.5488375425338745,-0.000331237912178,0.2345847644767359
27,1,0.2631170187885894,0.0136292732116214,0.0,-0.2631170187885894,-0.0136292732116214,0.0,0.1631735480031344,0.5922907983083453,0.0,-0.3269534794272467,0.5948676760271436,0.0,0.0338716008328357,1.0180464986606352,0.0,-0.3365524937264761,1.0657004794824825,0.0,-0.0195961565837437,1.0475611036671593,0.0,-0.3092472346269078,1.098313733988646,0.0,-0.0455993785246052,1.2616824427688809,0.0,-0.3661349643193595,1.322620954732865,0.0,0.5684781074523926,0.5485789775848389,-0.00033416505903,0.2366951002513998
28,1,0.2655056530084871,0.0135263480541722,0.0,-0.2655056530084871,-0.0135263480541722,0.0,0.1646426902093934,0.6000043001643048,0.0,-0.328822899880629,0.6009063787511022,0.0,0.0340518140273551,1.0321693534584189,0.0,-0.3374086641978663,1.0783363015613616,0.0,-0.0198837392671297,1.0623106771519983,0.0,-0.3105242815124248,1.1098365908824586,0.0,-0.04728094396767,1.2765807835042458,0.0,-0.3671180173393127,1.3349585907639288,0.0,0.5679083168506622,0.5484579205513,-0.0003364188596606,0.2344333218394031
29,1,0.2679592187420492,0.0135681806066234,0.0,-0.2679592187420492,-0.0135681806066234,0.0,0.164313555030413,0.6057271045292089,0.0,-0.3319645343017956,0.6105134743140207,0.0,0.0323612378042258,1.0417981323986245,0.0,-0.340501689629353,1.0905637327766882,0.0,-0.0213926661541168,1.0721862178684876,0.0,-0.3121262708578958,1.121721835171834,0.0,-0.0482031621573974,1.2883510858872431,0.0,-0.3653712349390983,1.348192254602468,0.0,0.567915678024292,0.5484134256839752,-0.0003354735672473,0.2322981912447169
30,1,0.2580360997792656,0.0126366083133187,0.0,-0.2580360997792656,-0.0126366083133187,0.0,0.1581707817431474,0.5851357616661468,0.0,-0.3212758487480259,0.5890225043070256,0.0,0.0300110644821701,1.0085643740954235,0.0,-0.3349436916711162,1.0507650591326574,0.0,-0.0257163744731991,1.0429826785721286,0.0,-0.3106468554351611,1.0814646429008294,0.0,-0.0457455771731124,1.2427306110197536,0.0,-0.3527270835723678,1.2994330713648818,0.0,0.5679204761981964,0.5479501187801361,-0.0003411984071135,0.2412254036209881
31,1,0.2596949500962103,0.0123466377273064,0.0,-0.2596949500962103,-0.0123466377273064,0.0,0.1586205074361487,0.5900919841456133,0.0,-0.3235800725029841,0.592851357638268,0.0,0.0287687476465953,1.014583927524435,0.0,-0.337000379500432,1.0563391676212714,0.0,-0.0265411788751372,1.0489165050880995,0.0,-0.3128591526179161,1.0873736120284438,0.0,-0.0467512486254628,1.2499670062526265,0.0,-0.3549928161116431,1.3062454085370616,0.0,0.568014532327652,0.5478067696094513,-0.0003438126295804,0.2399631657593239
32,1,0.2391859251537264,0.0110325056281281,0.0,-0.2391859251537264,-0.0110325056281281,0.0,0.1429104428712574,0.5431941014472284,0.0,-0.3002751509105681,0.5456662267259982,0.0,0.0231560367733315,0.9316317704569008,0.0,-0.3129162811497642,0.9697652542251872,0.0,-0.0275830300368527,0.9613319095328402,0.0,-0.2900634209533893,0.998230356061664,0.0,-0.0458984955780976,1.1481016693371855,0.0,-0.3256274803836346,1.1994648628999325,0.0,0.5688697099685669,0.5474245250225067,-0.000352207571268,0.261576869393117
33,1,0.237351197386193,0.0108606756654612,0.0,-0.237351197386193,-0.0108606756654612,0.0,0.1398859365145013,0.5393465077750405,0.0,-0.3006217214440912,0.541945195670854,0.0,0.0200569977333602,0.9244929374588268,0.0,-0.3131542091086247,0.9617973756779514,0.0,-0.0300614263042581,0.9545202359258728,0.0,-0.290855961721513,0.9903024822004588,0.0,-0.0482587959277946,1.1397320084774074,0.0,-0.3263368207714455,1.1914600911681814,0.0,0.5695978999137878,0.5473106205463409,-0.0003519300371408,0.2637231684233888
34,1,0.2395371602259115,0.0108306965349985,0.0,-0.2395371602259115,-0.0108306965349985,0.0,0.1421400904526173,0.5433404738671536,0.0,-0.304100196255865,0.5473113499575645,0.0,0.0189314157578396,0.931125836844544,0.0,-0.3220477687457744,0.9696334122829732,0.0,-0.0338162839270989,0.9616056335568638,0.0,-0.3022276396034176,0.9998478466889298,0.0,-0.0482921846310631,1.1479575649091722,0.0,-0.330007613811121,1.2014660760779623,0.0,0.5699211657047272,0.5472415089607239,-0.000347951427102,0.2619023657153189
35,1,0.2271144398686649,0.0102577093463903,0.0,-0.2271144398686649,-0.0102577093463903,0.0,0.1341865174537765,0.5143809143794462,0.0,-0.2925434524237639,0.5180700499291668,0.0,0.014859813872424,0.8812652186568155,0.0,-0.3111169544439978,0.9177262575664604,0.0,-0.0362057134268852,0.9102710980677402,0.0,-0.2927100439555351,0.94639076971448,0.0,-0.0443840977008967,1.086410144516923,0.0,-0.3178586886692958,1.1370953219195188,0.0,0.5707606375217438,0.547165185213089,-0.0003420747816562,0.2767499178594758
36,1,0.2301547676455017,0.0107882501325294,0.0,-0.2301547676455017,-0.0107882501325294,0.0,0.1359924173082424,0.5235500752461553,0.0,-0.3047161001454277,0.5177226057650476,0.0,0.0113984113995669,0.9006348027680302,0.0,-0.3268306477060501,0.9368186210167552,0.0,-0.041821479353006,0.9309810225503412,0.0,-0.3095755909437866,0.9665877088319402,0.0,-0.0435630042396896,1.11078724658227,0.0,-0.3322351219529538,1.1590785052020025,0.0,0.5718281269073486,0.5470588207244873,-0.0003411825746297,0.2706898644591218
37,1,0.227946393848698,0.0135402055362481,0.0,-0.227946393848698,-0.0135402055362481,0.0,0.1345979726706004,0.5205282364409646,0.0,-0.3114975870715022,0.4846665859790932,0.0,0.0106423352743111,0.897491610709284,0.0,-0.3277826136607157,0.9006016056432695,0.0,-0.0433480432198037,0.9290153717972144,0.0,-0.3116105962443884,0.9349642709290656,0.0,-0.044335041049212,1.1098506154281054,0.0,-0.3338027315452764,1.1308961397502717,0.0,0.5722979307174683,0.5453170835971832,-0.0003408100455999,0.2724185855028561
38,1,0.2289508906965082,0.0166025814143164,0.0,-0.2289508906965082,-0.0166025814143164,0.0,0.1357550303434903,0.5254843840995397,0.0,-0.3300824273291843,0.4688682334626538,0.0,0.0116092071850707,0.904605362338874,0.0,-0.3294559584245168,0.8787382378799663,0.0,-0.0432986519928202,0.9305827488463462,0.0,-0.311920221150095,0.9104622358646112,0.0,-0.0441065800971709,1.1223159065157684,0.0,-0.3472167315166174,1.104622259022095,0.0,0.57220458984375,0.5435055196285248,-0.0003466997295618,0.2708268839667458
39,1,0.240062226421553,0.0198612808090428,0.0,-0.240062226421553,-0.0198612808090428,0.0,0.1460570134337325,0.5613807402222527,0.0,-0.3620866494572655,0.4865388720494225,0.0,0.0160977462515533,0.9572648389994624,0.0,-0.3435533552297809,0.8904401563861504,0.0,-0.0396890236829944,0.9814359757638248,0.0,-0.3114620616215608,0.9180749523090662,0.0,-0.0432144389013366,1.1892680152666597,0.0,-0.36540910234428,1.1349166689540136,0.0,0.571539044380188,0.5408501327037811,-0.0003475164994597,0.2576984381697117
40,1,0.2141609780837027,0.0208698291023251,0.0,-0.2141609780837027,-0.0208698291023251,0.0,0.1322829347286219,0.5147411388650563,0.0,-0.3347479492663733,0.4273123322362629,0.0,0.0148966510707576,0.87112847411234,0.0,-0.3072694097847428,0.764600655564602,0.0,-0.0340739300115682,0.8937457848479905,0.0,-0.272596086551628,0.7801844663062283,0.0,-0.0387629300075844,1.0777236745005416,0.0,-0.3368033362548499,0.9904743244469504,0.0,0.5715130865573883,0.5358852744102478,-0.0003439839929342,0.2886293592279529
41,1,0.2077907704763343,0.0230533989880899,0.0,-0.2077907704763343,-0.0230533989880899,0.0,0.1296329533053334,0.506061106388188,0.0,-0.340287507545047,0.3995464827290641,0.0,0.0167299971868224,0.8506947465293504,0.0,-0.3012082974239825,0.7256666433340638,0.0,-0.029208141897214,0.8705375958554349,0.0,-0.2611618617253876,0.7447620865087905,0.0,-0.0355876293133897,1.058263787854273,0.0,-0.3423251843748584,0.9331245185477168,0.0,0.5712618827819824,0.5315405130386353,-0.0003343122079968,0.2965055463783537
42,1,0.2096742846685956,0.0260854581788167,0.0,-0.2096742846685956,-0.0260854581788167,0.0,0.1304707641124448,0.5137649674276524,0.0,-0.352641817370541,0.3893100008011858,0.0,0.0180420982955115,0.8718757563923292,0.0,-0.3043065216886241,0.7168981108005681,0.0,-0.0281329754960471,0.8925973117389505,0.0,-0.2602211148920509,0.7341367181375206,0.0,-0.0202330670522514,1.078998458394502,0.0,-0.3499044299652218,0.918112527538283,0.0,0.5710301399230957,0.5285796225070953,-0.0003283955156803,0.2927225574578621
43,1,0.2073722917002652,0.02670593605668,0.0,-0.2073722917002652,-0.02670593605668,0.0,0.1247737068515104,0.5064476964084708,0.0,-0.3619758008173399,0.3650451422426958,0.0,0.0187690460395703,0.8776081970111469,0.0,-0.301183090507037,0.6741204932218064,0.0,-0.0215207301149634,0.8995235250039408,0.0,-0.2553468312340012,0.6820508200705285,0.0,-0.0176870320019983,1.0836054544482865,0.0,-0.3425117657314269,0.8677075060406275,0.0,0.570868968963623,0.5246096551418304,-0.0003228671848773,0.2951548460712911
44,1,0.209851195727475,0.028802521240695,0.0,-0.209851195727475,-0.028802521240695,0.0,0.1243572991101097,0.5192349888803263,0.0,-0.3762428114654408,0.3419293196611112,0.0,0.0187191207456433,0.9006200694853372,0.0,-0.3049847613925517,0.6558432679846524,0.0,-0.0214779327338132,0.92543688943502,0.0,-0.2570315688221334,0.6607702736331599,0.0,-0.0167466397790347,1.1089652396569374,0.0,-0.3406613839198875,0.8508560226969495,0.0,0.570876270532608,0.5214784741401672,-0.000317009165883,0.2911514798534667
45,1,0.2034428192136972,0.0288745319486164,0.0,-0.2034428192136972,-0.0288745319486164,0.0,0.1161647246451233,0.5109843301730853,0.0,-0.3826378905292029,0.3031958834027459,0.0,0.0154827042029682,0.8898723009656877,0.0,-0.2977208306136109,0.6061450049894691,0.0,-0.0226991875227623,0.9195171137208838,0.0,-0.2461804059901801,0.6147600718921339,0.0,-0.0188275866151328,1.0932284335932865,0.0,-0.3249056240327366,0.800607313849301,0.0,0.5714976489543915,0.5185065865516663,-0.0003007147461175,0.2980693400557418
46,1,0.1924249907534504,0.0299899970449887,0.0,-0.1924249907534504,-0.0299899970449887,0.0,0.1077171255961376,0.492089257369826,0.0,-0.3594434198192773,0.2423004145530954,0.0,0.0095737629835938,0.8556953887825517,0.0,-0.2823509295240344,0.5442404357870819,0.0,-0.0224290955367248,0.8863230556440062,0.0,-0.2317525732671839,0.5603300645122731,0.0,-0.0183400887593825,1.046143138897248,0.0,-0.2924268894615852,0.7434973324704716,0.0,0.5716030299663544,0.5149091184139252,-0.0002531474456191,0.3145819777128804
47,1,0.1809344411664928,0.0283200901427445,0.0,-0.1809344411664928,-0.0283200901427445,0.0,0.0964116485675293,0.4591885949241258,0.0,-0.3386450643952773,0.203660380879194,0.0,0.0027690225867794,0.8173803011646534,0.0,-0.2655256875472913,0.4943759863569781,0.0,-0.0247127100631379,0.8501840692765612,0.0,-0.2156540203491049,0.5085098579235311,0.0,-0.0184310689065079,0.9951493141841976,0.0,-0.2648634307638124,0.6755514027319439,0.0,0.5719434916973114,0.5124925673007965,-0.0002193665131926,0.333053573015401
48,1,0.186667640097724,0.0296210660611346,0.0,-0.186667640097724,-0.0296210660611346,0.0,0.0969592598243335,0.4765554968170096,0.0,-0.3419911725340854,0.1646755516478845,0.0,0.0008400127805675,0.8509453161339087,0.0,-0.2710996323999889,0.4910358402084462,0.0,-0.0260248882693378,0.8878368312745007,0.0,-0.2205895715953646,0.5160394206311687,0.0,-0.0191940151086785,1.0332687055196468,0.0,-0.258774614108934,0.679416737142141,0.0,0.5719504356384277,0.510176420211792,-0.0001912387087941,0.322853580328608
49,1,0.1917031303908329,0.0304797186200953,0.0,-0.1917031303908329,-0.0304797186200953,0.0,0.0983001880324036,0.4880433489847975,0.0,-0.3484549520399739,0.1535123498741646,0.0,0.0007702519361236,0.8806649172186356,0.0,-0.2758634291840149,0.47190270305284,0.0,-0.0255667641728087,0.9185852315748622,0.0,-0.2258155621625357,0.5018275840028663,0.0,-0.0208453998096954,1.0687077610521378,0.0,-0.2544126483701794,0.6772532929793075,0.0,0.5720014870166779,0.5081412941217422,-0.0001761214807629,0.3139827825597419
50,1,0.1940691530458001,0.0311110846379328,0.0,-0.1940691530458001,-0.0311110846379328,0.0,0.0988309096565852,0.4820168574235753,0.0,-0.3468368979627318,0.1204066324182501,0.0,0.000355052833979,0.8942668888181069,0.0,-0.2738056303664506,0.4482112970816567,0.0,-0.0263260302034619,0.9328713735957156,0.0,-0.2210445296731249,0.4670910083606541,0.0,-0.0216451687539287,1.0845569704590436,0.0,-0.2382019611467461,0.6628858967138643,0.0,0.5721559226512909,0.506966158747673,-0.0001721978187561,0.3104855952750489
51,1,0.1939353209187997,0.0314351385139341,0.0,-0.1939353209187997,-0.0314351385139341,0.0,0.0980989155451566,0.4797978849948902,0.0,-0.3443249695114935,0.1081744273858417,0.0,0.0003081448510479,0.8937126649434725,0.0,-0.2727915351866556,0.4487754764425137,0.0,-0.0261054218208549,0.9328573229310348,0.0,-0.2200467847955576,0.472468199845126,0.0,-0.0218195901670635,1.083964537591435,0.0,-0.2340399944553788,0.6521175111569371,0.0,0.5721888840198517,0.5067101866006851,-0.0001711687073111,0.3107462659395787
52,1,0.1951535725503765,0.0317827325613916,0.0,-0.1951535725503765,-0.0317827325613916,0.0,0.0981367656187434,0.4804785227275062,0.0,-0.3432803536480928,0.1022325305126646,0.0,-0.0001856956294227,0.8964425175449899,0.0,-0.2753655035103102,0.4449204129028121,0.0,-0.0275712694559921,0.9366032950526446,0.0,-0.2230692370158692,0.4695357858858853,0.0,-0.0214155461142873,1.0892425956435448,0.0,-0.2349708227851168,0.6488986737033462,0.0,0.5723585486412048,0.5068367570638657,-0.0001713233068585,0.3091040596762477
53,1,0.1962539629545683,0.0329001820905339,0.0,-0.1962539629545683,-0.0329001820905339,0.0,0.0986652492316678,0.4852145602992797,0.0,-0.337197125403584,0.1057534661879512,0.0,0.0001145580198679,0.8997840561174213,0.0,-0.2760563578412865,0.4588557573474516,0.0,-0.0272856286561019,0.9402806550697898,0.0,-0.2237842983868378,0.4882314162172557,0.0,-0.0235149945245569,1.0941370144329132,0.0,-0.2371270636662321,0.6599419770640063,0.0,0.5722344815731049,0.5065544098615646,-0.0001707123592495,0.3077580026722453
54,1,0.195764327334277,0.0322272575343268,0.0,-0.195764327334277,-0.0322272575343268,0.0,0.0971378526384193,0.4796469391143319,0.0,-0.3353832466425777,0.1285279896333744,0.0,-0.0001106760657729,0.8955950218656301,0.0,-0.2759325259193242,0.4672724664619574,0.0,-0.0270600083535682,0.9360414259232036,0.0,-0.2273883230493623,0.4959843102683884,0.0,-0.0244406747969414,1.0895159070153746,0.0,-0.2397900301262986,0.6661388140690334,0.0,0.5723233819007874,0.507064625620842,-0.0001713475212454,0.3085894065511917
55,1,0.1905135426987516,0.0312632458723457,0.0,-0.1905135426987516,-0.0312632458723457,0.0,0.0945664633469396,0.4658619915945106,0.0,-0.3263216094511413,0.1352186499195403,0.0,-3.684148903403321e-05,0.869857677770145,0.0,-0.268774639679639,0.4683382659645839,0.0,-0.0262535082391451,0.9080297836453616,0.0,-0.2225297365032304,0.4942141489411302,0.0,-0.0263112140408464,1.058367494585719,0.0,-0.2340307659357859,0.6627297513177292,0.0,0.5723233222961426,0.5073273032903671,-0.0001704078167676,0.3171020141228429
56,1,0.1871080975922285,0.0304638044343083,0.0,-0.1871080975922285,-0.0304638044343083,0.0,0.0905746504733128,0.4580934642949607,0.0,-0.3280306523552622,0.180906736508133,0.0,-0.0011292906792074,0.853658283667236,0.0,-0.2648968885365502,0.4601061584143556,0.0,-0.027222689419975,0.89138923745477,0.0,-0.2180699529055726,0.491063767927026,0.0,-0.0316623201245011,1.0387358732372427,0.0,-0.232226283052044,0.6571995484911526,0.0,0.5726865231990814,0.5075436234474182,-0.0001769913360476,0.3228853484112425
57,1,0.1874194744891689,0.029068105585416,0.0,-0.1874194744891689,-0.029068105585416,0.0,0.0910326922461712,0.4574950421972384,0.0,-0.3371059714545654,0.2291434097170266,0.0,-0.0018881412214839,0.8542916739283939,0.0,-0.2652775385451988,0.4952070712715237,0.0,-0.0279952854333564,0.8930210931866266,0.0,-0.21650593314095,0.5062374495413613,0.0,-0.0339264774058805,1.0362144977335177,0.0,-0.2350319632525412,0.6876200628880262,0.0,0.5729318261146545,0.5096909403800964,-0.0001875050365924,0.3215190157017139
58,1,0.1839218754132182,0.0265559262473614,0.0,-0.1839218754132182,-0.0265559262473614,0.0,0.0902505530834182,0.4492099388128574,0.0,-0.3409283810784103,0.273693686545029,0.0,-0.0018769926506715,0.8346118717275025,0.0,-0.2599128941107529,0.5237405076953021,0.0,-0.0279494414353957,0.8715654320484373,0.0,-0.2124383942944308,0.5296134520474348,0.0,-0.0266127523797188,1.0121705863294854,0.0,-0.2301992926817223,0.7096054907785693,0.0,0.5730734765529633,0.511639267206192,-0.0001943474635481,0.3272552327325489
59,1,0.1764884493735897,0.0238546964111294,0.0,-0.1764884493735897,-0.0238546964111294,0.0,0.0865499327020913,0.4291892741239989,0.0,-0.3354049592708304,0.3030676438986517,0.0,0.0009346459748766,0.7956020041463178,0.0,-0.2487006380024236,0.5467003284246046,0.0,-0.0226806781409735,0.8278256286184715,0.0,-0.2038568860182029,0.5482405381695132,0.0,-0.0261136356949169,0.9686245002236168,0.0,-0.2262315002042983,0.7277611824864124,0.0,0.5732395946979523,0.5131287276744843,-0.0002422239631414,0.3405128886584083
60,1,0.1671531877498713,0.021343500079807,0.0,-0.1671531877498713,-0.021343500079807,0.0,0.0823351900346266,0.4080838807184495,0.0,-0.324755235074133,0.3142251875519463,0.0,0.0002850677226465,0.7458978611624623,0.0,-0.2366629905649444,0.5436577333686443,0.0,-0.021996437348301,0.776219789057406,0.0,-0.1927495923171175,0.5496257828505193,0.0,-0.0262507551198711,0.9101667022698076,0.0,-0.2290493795484921,0.7255495625139184,0.0,0.5735363066196442,0.5167147815227509,-0.0002610879018902,0.3584838105088394
61,1,0.1907355332373662,0.0239260485665912,0.0,-0.1907355332373662,-0.0239260485665912,0.0,0.0959023380273305,0.4645392390899519,0.0,-0.3705760957863364,0.3806946876943138,0.0,0.0028261058985156,0.834593171131449,0.0,-0.2702178910120499,0.648879805571638,0.0,-0.0239428131199807,0.8683143599120894,0.0,-0.2180183757964936,0.6592510970753404,0.0,-0.0320019222657982,1.0243701886608931,0.0,-0.2708333490229271,0.8559974330652906,0.0,0.574012041091919,0.5208590924739838,-0.0002945913001894,0.3146526447827353
62,1,0.1922598809614143,0.0217005936574095,0.0,-0.1922598809614143,-0.0217005936574095,0.0,0.1017439136266393,0.4641325700686154,0.0,-0.3726166429105117,0.395997127199937,0.0,0.0053193523224618,0.8261994845841857,0.0,-0.2725936346364682,0.6874155669649801,0.0,-0.0228138911424801,0.8586155784306211,0.0,-0.220585541514553,0.6976570664041012,0.0,-0.0356753842869577,1.0176265097810613,0.0,-0.2884697573244584,0.8845163268960111,0.0,0.5742782950401306,0.5245176255702972,-0.0003030551597476,0.313175385994437
63,1,0.2208505642769798,0.0244103531394904,0.0,-0.2208505642769798,-0.0244103531394904,0.0,0.1247474565057228,0.5227195693653403,0.0,-0.4238680382654453,0.4746471626610985,0.0,0.0065530255434778,0.937118571970338,0.0,-0.3153720239683934,0.8206893157271452,0.0,-0.0273412113367292,0.9724227214137464,0.0,-0.2610133112802139,0.8335394557835802,0.0,-0.0560958289026054,1.156868849828552,0.0,-0.3400641631018147,1.0555863822928322,0.0,0.5741615295410156,0.5274064838886261,-0.0003054086118936,0.2729723823729959
64,1,0.2365320496324722,0.023312136068036,0.0,-0.2365320496324722,-0.023312136068036,0.0,0.1354420974154349,0.5498314620235312,0.0,-0.4454720180514481,0.5066603898236329,0.0,0.005728471890873,0.9786526049904238,0.0,-0.3542287309121537,0.9148176908834974,0.0,-0.0347915032259911,1.010197156625996,0.0,-0.3153909761646296,0.9374267606766497,0.0,-0.061089685559182,1.2190821177002094,0.0,-0.3637229285451125,1.161669165108784,0.0,0.5744720697402954,0.5321001410484314,-0.0003376314416527,0.255182174402477
65,1,0.2267407718530614,0.0216274945993898,0.0,-0.2267407718530614,-0.0216274945993898,0.0,0.1323763355283287,0.530676711180538,0.0,-0.4143436808049135,0.5049455105898665,0.0,0.0056423441072694,0.943705649312712,0.0,-0.348834245031295,0.9338016869434984,0.0,-0.0355336159756349,0.9730791210301092,0.0,-0.3164873926197734,0.9588298871564188,0.0,-0.0619038468174152,1.1698879127523962,0.0,-0.3472023357866016,1.1563474947225156,0.0,0.5744262337684631,0.5317055583000183,-0.0003469325602054,0.2664826427666495
66,1,0.2261465264801745,0.0203137657553422,0.0,-0.2261465264801745,-0.0203137657553422,0.0,0.1329531066775859,0.5258158110005746,0.0,-0.3964186254995693,0.504483629955622,0.0,0.0052861452908864,0.9279724052866182,0.0,-0.3600563702461711,0.9401605978195328,0.0,-0.0433655752019171,0.9567541530847912,0.0,-0.3448866556979388,0.9644930385611802,0.0,-0.0585114215131571,1.155260480391167,0.0,-0.3458016791385218,1.1746236434180732,0.0,0.5744275152683258,0.5348690450191498,-0.000348662957549,0.2672043600466285
67,1,0.2222414042570583,0.018364770156532,0.0,-0.2222414042570583,-0.018364770156532,0.0,0.1304983754597968,0.5165900373953064,0.0,-0.3721973989144389,0.5074490489437081,0.0,0.0038562381434523,0.9133769230355064,0.0,-0.3570277255384141,0.9493622001876338,0.0,-0.0467512474727632,0.942564173193522,0.0,-0.3365303720191804,0.983001887525026,0.0,-0.0583013443726082,1.132901262986673,0.0,-0.3427204818846341,1.1742766437666672,0.0,0.5744560956954956,0.5352482795715332,-0.0003423243761062,0.2721303345067907
68,1,0.2384883094243278,0.0162639563049811,0.0,-0.2384883094243278,-0.0162639563049811,0.0,0.139928344007186,0.5421128365161703,0.0,-0.3736394145064516,0.5454089268673598,0.0,0.0036201283307297,0.9645215536364874,0.0,-0.3848105562697343,1.023291018546766,0.0,-0.0563900130075601,0.9995317593650176,0.0,-0.3612004462341729,1.0587417372775874,0.0,-0.0603922405299785,1.1952706795864618,0.0,-0.3715252341742167,1.2656027880771608,0.0,0.5744771659374237,0.5403295159339905,-0.0003409050405025,0.2535659645188209
69,1,0.2325668543692172,0.0150981022401172,0.0,-0.2325668543692172,-0.0150981022401172,0.0,0.1376581743492418,0.5202038914972678,0.0,-0.3529524055083369,0.5400698094934103,0.0,0.0052033587768771,0.9259691394562618,0.0,-0.3711165344041472,0.9975515133201888,0.0,-0.0529823597185946,0.9590402929180336,0.0,-0.3464426458213508,1.0334665870307391,0.0,-0.0607322420299078,1.1494079566595532,0.0,-0.3605243289111825,1.2354732196909273,0.0,0.5740441977977753,0.5431530177593231,-0.0003438275307416,0.2612492025556211
70,1,0.2410157922762665,0.013777720392186,0.0,-0.2410157922762665,-0.013777720392186,0.0,0.1427447142651122,0.5361086649287242,0.0,-0.353404194017238,0.5631147439010227,0.0,0.0059186829865027,0.955894746802639,0.0,-0.3830737452558943,1.0423161825991774,0.0,-0.0530280519224099,0.9883779181858132,0.0,-0.3582419775380858,1.0833443263880262,0.0,-0.0641328567854608,1.184386293779631,0.0,-0.3724525534878296,1.2815163895657091,0.0,0.5739050805568695,0.5445830225944519,-0.0003483016043901,0.2524747904642213
71,1,0.2477664734161471,0.0129121981724006,0.0,-0.2477664734161471,-0.0129121981724006,0.0,0.1473279725963942,0.5464370195318988,0.0,-0.3545400654175061,0.5864149756996383,0.0,0.0074219798156574,0.9705723926438284,0.0,-0.3934818156206535,1.069611906286017,0.0,-0.052859599237978,1.000161129074837,0.0,-0.3696799972884148,1.109533844766459,0.0,-0.0676574837152389,1.207383891931624,0.0,-0.3815706607952774,1.3259694559267377,0.0,0.5738165974617004,0.5468772053718567,-0.0003498941659927,0.2457915277736468
72,1,0.2459257954605949,0.0143601637888749,0.0,-0.2459257954605949,-0.0143601637888749,0.0,0.1478435352879596,0.5473202140271817,0.0,-0.3425426050417731,0.585497772161384,0.0,0.0079146129700783,0.9529578526710292,0.0,-0.390048942588003,1.0562636322031758,0.0,-0.0521304583602004,0.9823997699017156,0.0,-0.3707464795646185,1.0955205651835955,0.0,-0.0678376135782888,1.1910826789106903,0.0,-0.3774464045803878,1.313622662985538,0.0,0.5737327337265015,0.5493131577968597,-0.0003578010946512,0.2475577631482401
73,1,0.2294496696351058,0.0128992234282471,0.0,-0.2294496696351058,-0.0128992234282471,0.0,0.1381099633648832,0.5120964631773108,0.0,-0.3136359077644908,0.5398382793619796,0.0,0.0082506148058246,0.8917792972562026,0.0,-0.3613001237357519,0.9792933672232452,0.0,-0.0466950023582211,0.9205638969828188,0.0,-0.3446023332453425,1.017783356899514,0.0,-0.0668095825239897,1.1163607716871855,0.0,-0.3506187809429302,1.221758512006322,0.0,0.5737325549125671,0.5487062633037567,-0.0003605745732784,0.2653328806194014
74,1,0.242771414061018,0.0128208272615899,0.0,-0.242771414061018,-0.0128208272615899,0.0,0.1468365658782275,0.5422643787551058,0.0,-0.3296588966022972,0.5761198198079338,0.0,0.0093523771139689,0.9440987405949992,0.0,-0.3781273005507936,1.0338938802608544,0.0,-0.0486290552152762,0.9742317336424404,0.0,-0.3558563498086224,1.0708217916549547,0.0,-0.0710966878192194,1.1837074294579826,0.0,-0.3711254738368529,1.28426893899375,0.0,0.5737658441066742,0.5488274991512299,-0.0003607552498579,0.2506232185578683
75,1,0.2425705460699887,0.0124418715825604,0.0,-0.2425705460699887,-0.0124418715825604,0.0,0.1476617007734657,0.5428284676202241,0.0,-0.3241420635929214,0.5780784358411942,0.0,0.0101038416499007,0.9422383082133784,0.0,-0.3754544852925783,1.0353448279846742,0.0,-0.0483347802019757,0.9724645912500474,0.0,-0.3553425059537139,1.0699727799030063,0.0,-0.0685567299307369,1.1825213512866062,0.0,-0.3712785826492003,1.2862104702863046,0.0,0.5737660229206085,0.5492354929447174,-0.0003586038947105,0.2506779164326996
76,1,0.2392786123013723,0.0118946041489441,0.0,-0.2392786123013723,-0.0118946041489441,0.0,0.145671174329047,0.5401464467184831,0.0,-0.316545523729758,0.5740945472362833,0.0,0.0101020239982284,0.9314771995839856,0.0,-0.3681162067417807,1.0182477875152371,0.0,-0.0475736091790982,0.961327974043007,0.0,-0.3499809894739496,1.0531325135068677,0.0,-0.0671822410318256,1.171229870071474,0.0,-0.3659927356187128,1.2685057187316129,0.0,0.5737543404102325,0.5491326153278351,-0.0003546774387359,0.2541687770452905
77,1,0.23814825958864,0.0119899821500391,0.0,-0.23814825958864,-0.0119899821500391,0.0,0.1456352999918895,0.5393960357849366,0.0,-0.3146060507946417,0.5696485954124082,0.0,0.0098921905540953,0.931954131120476,0.0,-0.3661064258901677,1.014991656757317,0.0,-0.0476900290915411,0.961138766567664,0.0,-0.3491559896224409,1.0526900340571588,0.0,-0.0657436445791717,1.1681983850925417,0.0,-0.3622574394288507,1.2660901897407506,0.0,0.573733389377594,0.5488163828849792,-0.0003503523766994,0.2552911997275497
78,1,0.2384293599013167,0.0117767092521751,0.0,-0.2384293599013167,-0.0117767092521751,0.0,0.1457643737299884,0.5409198222627335,0.0,-0.3150895250934795,0.5703255006168524,0.0,0.0112063183370769,0.9318561535596744,0.0,-0.364573594441554,1.018596923951744,0.0,-0.0461780681850375,0.9597402443528534,0.0,-0.3483711282794381,1.057882758845047,0.0,-0.0640415949272674,1.1693994976733566,0.0,-0.3626164165217362,1.2683491801408375,0.0,0.5737834870815277,0.5486947894096375,-0.0003493018448352,0.255131588472198
79,1,0.2268365128614393,0.0114088282142171,0.0,-0.2268365128614393,-0.0114088282142171,0.0,0.1400075369837961,0.5147060950530695,0.0,-0.300367431381422,0.5395955583252401,0.0,0.0105889509940344,0.8871034851262,0.0,-0.346907409520143,0.9743969617873026,0.0,-0.0448857775017409,0.9154493676253374,0.0,-0.3323808698272806,1.0142462395261893,0.0,-0.0595604462721993,1.113191573878405,0.0,-0.3450548514911832,1.2092378899438054,0.0,0.5737563073635101,0.5485198795795441,-0.0003477111458778,0.2681883691407186
80,1,0.237519822951078,0.0117611185912397,0.0,-0.237519822951078,-0.0117611185912397,0.0,0.1459352621024069,0.5404709331397055,0.0,-0.3150927553786926,0.5690124033041887,0.0,0.0106499809226694,0.9261947700614852,0.0,-0.3625066019750001,1.01807863977079,0.0,-0.0474129170656844,0.9541603960049674,0.0,-0.3477522785860985,1.0591938706737452,0.0,-0.0627332084127169,1.1628679068062608,0.0,-0.361201192406205,1.2628345100486018,0.0,0.5738702714443207,0.5487937927246094,-0.0003487300127744,0.2564935174596604
81,1,0.2344163961816923,0.0117043783096103,0.0,-0.2344163961816923,-0.0117043783096103,0.0,0.1446680211056083,0.5323755239876696,0.0,-0.3114202047676365,0.5585472768834492,0.0,0.0110483212623418,0.912886092510708,0.0,-0.3575030028102101,1.0052273241125234,0.0,-0.0470064301892253,0.9412772188452748,0.0,-0.3427373684320453,1.0476573842879058,0.0,-0.0608440816061142,1.1473814903263646,0.0,-0.3565602499782365,1.2477694390803666,0.0,0.5739516019821167,0.5487107038497925,-0.0003501288592815,0.2602933814863998
82,1,0.2366748362627845,0.0115818014906708,0.0,-0.2366748362627845,-0.0115818014906708,0.0,0.1460897958749766,0.5377170882452948,0.0,-0.3148357896374028,0.565430350383258,0.0,0.011359703428621,0.918976029566974,0.0,-0.3608343551794464,1.0108541382764975,0.0,-0.0473569228362142,0.9475349283428564,0.0,-0.3458383448743506,1.0518387418454185,0.0,-0.0610357136775711,1.1555982879846844,0.0,-0.3601625143195308,1.256780017491168,0.0,0.5739700496196747,0.5493489801883698,-0.0003534946590662,0.257904382868033
83,1,0.2319923034045088,0.0117842433249157,0.0,-0.2319923034045088,-0.0117842433249157,0.0,0.1436432637530377,0.5262624930680325,0.0,-0.308955619314181,0.552293216937564,0.0,0.0114242280493465,0.8997961780253385,0.0,-0.3532893657764218,0.9897189113758692,0.0,-0.0464953103391801,0.9314256547082048,0.0,-0.3352970955952135,1.029264647194577,0.0,-0.0585704876820063,1.1320025200806263,0.0,-0.3537609302959155,1.2296782090038114,0.0,0.5739805102348328,0.5494638979434967,-0.0003569312393665,0.2631598970923812
84,1,0.2369726397686362,0.0120455388962313,0.0,-0.2369726397686362,-0.0120455388962313,0.0,0.1461546208096633,0.5378360301471921,0.0,-0.3160355870182446,0.5650272754458393,0.0,0.0112480555086329,0.9215310378195348,0.0,-0.3600251130847314,1.0102899903005194,0.0,-0.0477275414692796,0.9524547459821576,0.0,-0.3426703059783749,1.0513003479358765,0.0,-0.0609020965916438,1.1567613371785384,0.0,-0.3584250564822857,1.2551867970284338,0.0,0.5740483403205872,0.5494235754013062,-0.0003602039068937,0.2576319629171293
85,1,0.2413348527202059,0.0122850781891875,0.0,-0.2413348527202059,-0.0122850781891875,0.0,0.1508916660499379,0.5469623371343246,0.0,-0.3221160035075788,0.5747934203157172,0.0,0.0116493140841414,0.9377319112220136,0.0,-0.3665408007696108,1.0288133357876197,0.0,-0.0484941822923852,0.9699741158926696,0.0,-0.3481277906285061,1.069303392890906,0.0,-0.0614278647362297,1.1781013967306475,0.0,-0.3656067682350712,1.2774457520697116,0.0,0.5740511119365692,0.5493913292884827,-0.00035110861063,0.2529918450094546
86,1,0.2535903207559447,0.0130205057079164,0.0,-0.2535903207559447,-0.0130205057079164,0.0,0.1574884387569321,0.5756016031519894,0.0,-0.3382343755614052,0.6034226274296619,0.0,0.0106211642157996,0.9900250343084732,0.0,-0.3841030618828447,1.0806841513504382,0.0,-0.0511478316843173,1.0217471853699855,0.0,-0.3639070572402867,1.1231200441288387,0.0,-0.0653508045652288,1.238490423025546,0.0,-0.385499026635222,1.341678196859216,0.0,0.5740932822227478,0.5493526458740234,-0.0003472976386547,0.2407943278212372
87,1,0.2555017872195458,0.0131986752754363,0.0,-0.2555017872195458,-0.0131986752754363,0.0,0.1585000517674724,0.5799335638049914,0.0,-0.3407583174744062,0.6065204215199488,0.0,0.0100630797644295,0.9974026358401646,0.0,-0.3894188948564907,1.0863193972287084,0.0,-0.0521256909422201,1.029175506711219,0.0,-0.3734155135526007,1.1256019881796828,0.0,-0.0675757611972891,1.2478857247813775,0.0,-0.383530333759856,1.351365363675236,0.0,0.5741060376167297,0.5493048429489136,-0.0003423951566219,0.2390386149678698
88,1,0.2605230889109787,0.0135308133388242,0.0,-0.2605230889109787,-0.0135308133388242,0.0,0.1606945201343435,0.588100938689753,0.0,-0.3477053405852721,0.6167643510073656,0.0,0.0088115971166621,1.0152750691486336,0.0,-0.4007331227698827,1.106274660432187,0.0,-0.0568400472314121,1.047722328963281,0.0,-0.3882569303739556,1.1453820297452368,0.0,-0.0700331484386362,1.270106401942316,0.0,-0.3906580864651641,1.3752729029688422,0.0,0.5743049681186676,0.5492114424705505,-0.0003434624522924,0.2349154050822361
89,1,0.2481596726200592,0.0136710326008448,0.0,-0.2481596726200592,-0.0136710326008448,0.0,0.1529981395882547,0.5588235144359818,0.0,-0.3322780615251385,0.5857234530369076,0.0,0.0083688939336833,0.9657038598564764,0.0,-0.3832473384662287,1.0557537719098151,0.0,-0.0541827235838894,0.9979815163850984,0.0,-0.369811857202929,1.0926511805552122,0.0,-0.066492484359608,1.210548790307237,0.0,-0.373277395692368,1.308767299180478,0.0,0.5743274986743927,0.5484404265880585,-0.0003349427133798,0.2468435610867721
90,1,0.2484051198537725,0.0139469703654338,0.0,-0.2484051198537725,-0.0139469703654338,0.0,0.1520873785153633,0.5624165669586672,0.0,-0.3359819156126047,0.5742523956818044,0.0,0.0074015009366135,0.9727943262793364,0.0,-0.38454288548547,1.0531631796725478,0.0,-0.0530187373365254,1.003664622714224,0.0,-0.3713581879192835,1.0827039389568698,0.0,-0.0688378612959264,1.2158913258463224,0.0,-0.3791895773675031,1.3021551372162783,0.0,0.5745830833911896,0.5472273528575897,-0.0003273319453001,0.2466608438994706
91,1,0.2336990293389372,0.0163966479147966,0.0,-0.2336990293389372,-0.0163966479147966,0.0,0.1435623859496425,0.5400383635853389,0.0,-0.3194225815033801,0.5198443146969748,0.0,0.0073720207867604,0.9335324398396292,0.0,-0.3616650282341986,0.9784148262626012,0.0,-0.0495359994212755,0.9626841336694748,0.0,-0.3491628997773796,1.0074939655338355,0.0,-0.0637287173268563,1.1623656511546077,0.0,-0.3577172869369892,1.2116995667974324,0.0,0.5745086967945099,0.5425129532814026,-0.0003248918801546,0.2620632259002788
92,1,0.2375997885731034,0.0182082938474937,0.0,-0.2375997885731034,-0.0182082938474937,0.0,0.147415433609188,0.5497481390328608,0.0,-0.3275428268461131,0.5125944006400295,0.0,0.0081476805768744,0.9569844135111346,0.0,-0.3661949519857396,0.957904057061602,0.0,-0.0485955539135103,0.9869412637210586,0.0,-0.3516231987706342,0.9867020313393832,0.0,-0.0633605689122634,1.1901375599309394,0.0,-0.3735635640902463,1.1961996575328115,0.0,0.5739994943141937,0.5407373905181885,-0.0003287261351943,0.2573715047343977
93,1,0.2446633703724235,0.0208134155313243,0.0,-0.2446633703724235,-0.0208134155313243,0.0,0.1516725145934519,0.5685793101573969,0.0,-0.3406837476723966,0.5170240979887737,0.0,0.0076816301839978,0.9901545643724562,0.0,-0.3755893015027709,0.9458355943903372,0.0,-0.0507045354145676,1.021989542697065,0.0,-0.3560791113017336,0.974567177889966,0.0,-0.0653285853708602,1.232920381379352,0.0,-0.3905384417337615,1.1947774105586206,0.0,0.574016809463501,0.5391454696655273,-0.000316247344017,0.2497199470501005
94,1,0.2443719772074306,0.0240064547358388,0.0,-0.2443719772074306,-0.0240064547358388,0.0,0.1499932359164951,0.5763199789675567,0.0,-0.3476213400374121,0.4996388606084913,0.0,0.0078101514268004,0.9880748520237972,0.0,-0.3735189545553493,0.8977449184034848,0.0,-0.0483938110763907,1.0170605583689307,0.0,-0.3480385917639766,0.9197249432316468,0.0,-0.070647236493167,1.2383488972126415,0.0,-0.390165522652437,1.1472659797567295,0.0,0.5740326046943665,0.5365413725376129,-0.0003105290234088,0.2500599135643805
95,1,0.2036903511777926,0.0232336093836135,0.0,-0.2036903511777926,-0.0232336093836135,0.0,0.1231330620995938,0.4856649093695486,0.0,-0.2977209874066274,0.3993837778701126,0.0,0.0066275704057721,0.8227159995516282,0.0,-0.3093321282726927,0.7194803547432058,0.0,-0.0404877092647136,0.839316573434456,0.0,-0.2767227012489729,0.7362911857360144,0.0,-0.060509631356833,1.0395409613545723,0.0,-0.3280598165002087,0.9174239101007038,0.0,0.5740191042423248,0.5334226489067078,-0.0003040125593543,0.299926666822833
96,1,0.2146684366468666,0.0261057915228724,0.0,-0.2146684366468666,-0.0261057915228724,0.0,0.126868215047219,0.5045742181412899,0.0,-0.3232513708621417,0.398412160057672,0.0,0.0079610547196827,0.876046329050861,0.0,-0.3229405402530935,0.7177143693845714,0.0,-0.0382536340082322,0.8949028972724135,0.0,-0.2853588365641515,0.7384968725456106,0.0,-0.0631001845462004,1.102561831394278,0.0,-0.3454573274053182,0.9231742397837964,0.0,0.5740097463130951,0.5310343503952026,-0.0002933819778263,0.2845707284669588
97,1,0.2160653780504712,0.028123557383729,0.0,-0.2160653780504712,-0.028123557383729,0.0,0.1225905927509128,0.508264202794335,0.0,-0.3401279507391291,0.3776053971091004,0.0,0.0088370459481485,0.8882100490588015,0.0,-0.3212955484355498,0.679193537045,0.0,-0.0311545012466584,0.9081935921803954,0.0,-0.2792215518638785,0.6901712325652449,0.0,-0.0574757504106457,1.1165435432625714,0.0,-0.3387087938046654,0.8845453345916328,0.0,0.5739916265010834,0.5291227102279663,-0.0002864212729036,0.2826602538428592
98,1,0.2161038807439053,0.0301529088131263,0.0,-0.2161038807439053,-0.0301529088131263,0.0,0.1200443504086953,0.5193847166254758,0.0,-0.3522655340523388,0.3538828971074036,0.0,0.0090117912506625,0.9001385402793073,0.0,-0.3098499690570921,0.6377932445429466,0.0,-0.0284720452976722,0.9296856631389192,0.0,-0.2586624799987664,0.6463755110847965,0.0,-0.0525207877615161,1.12791152722093,0.0,-0.3264887773989642,0.8500976459127285,0.0,0.5739811658859253,0.5262987911701202,-0.0002731648273766,0.2825333543631715
99,1,0.2151487896149301,0.0325804910413543,0.0,-0.2151487896149301,-0.0325804910413543,0.0,0.1178269526333255,0.5266749975998248,0.0,-0.356114578278367,0.3039301504838359,0.0,0.0077302060743704,0.918664089355723,0.0,-0.3037825026830211,0.6174324133572061,0.0,-0.0293477424425156,0.9558023625455134,0.0,-0.2507063876342839,0.6227622880411884,0.0,-0.0523440983448407,1.1430349606095416,0.0,-0.2972868431488916,0.8318300975168487,0.0,0.5743465423583984,0.5220183432102203,-0.0002423636615276,0.2825863379782138
100,1,0.2143672043174486,0.0327042858470176,0.0,-0.2143672043174486,-0.0327042858470176,0.0,0.1116597577057546,0.5314732269710677,0.0,-0.3598951599031465,0.2658385189529607,0.0,0.0049535742399859,0.9362015288298998,0.0,-0.3022179286304266,0.5956667233499774,0.0,-0.031211497078305,0.9745756748677018,0.0,-0.2446613416404249,0.6089394893853612,0.0,-0.0529916852559456,1.1551818504847944,0.0,-0.2826547107405376,0.8131260427389793,0.0,0.5750827193260193,0.5180586576461792,-0.0002269758842885,0.2830922500991086
101,1,0.215349108182574,0.0341832574931053,0.0,-0.215349108182574,-0.0341832574931053,0.0,0.1111398472933283,0.5382983938450727,0.0,-0.3608725636414956,0.2250599177472879,0.0,0.0026065717845299,0.9539102363567624,0.0,-0.302737600449125,0.5713978929939801,0.0,-0.0323040296359308,0.9926017548044054,0.0,-0.2469475135568608,0.5947746102746354,0.0,-0.0536746974015755,1.1720218741186323,0.0,-0.2779114927932007,0.7932970166575399,0.0,0.5752153396606445,0.5154158174991608,-0.0002133063971996,0.2812877587847863
102,1,0.2117527350071963,0.034667711985865,0.0,-0.2117527350071963,-0.034667711985865,0.0,0.1083440435713243,0.5316810005780651,0.0,-0.3467480562084308,0.1829288618985947,0.0,-0.0013651329640345,0.9506484246988532,0.0,-0.2995954421894327,0.541186889335814,0.0,-0.0336197553958114,0.9887668401210128,0.0,-0.24556503192384,0.5660998607448187,0.0,-0.0540214256910991,1.1651024869465056,0.0,-0.2725642006358834,0.7577155525171008,0.0,0.5754792988300323,0.5126289129257202,-0.0002039754763245,0.2852666787043883
103,1,0.2046782945955587,0.0346017347143794,0.0,-0.2046782945955587,-0.0346017347143794,0.0,0.1036928703773324,0.5159511115803324,0.0,-0.3307079752914817,0.1647099407217865,0.0,-0.0033490642448808,0.9276325037156798,0.0,-0.2915352683247065,0.513189320166958,0.0,-0.0338429251864395,0.964435879038266,0.0,-0.2404696540099828,0.5324975716787826,0.0,-0.0534195633171087,1.1351143859816202,0.0,-0.2667016123574984,0.7177294745910526,0.0,0.5758436620235443,0.5106625258922577,-0.0001942673698067,0.2944847224962967
104,1,0.2030434784923927,0.0342633932675627,0.0,-0.2030434784923927,-0.0342633932675627,0.0,0.1012474002302493,0.5173578957287287,0.0,-0.3237553627334056,0.1362144539525083,0.0,-0.0060225766949146,0.9277163293066388,0.0,-0.2919184507620644,0.4821477007509567,0.0,-0.0361968493109873,0.9644992939620414,0.0,-0.2415801598359441,0.4985637610155526,0.0,-0.0549030264673263,1.1329919572391294,0.0,-0.2687934630730018,0.6922316080319137,0.0,0.5763977766036987,0.5090428590774536,-0.0001785340718924,0.296134075382583
105,1,0.2061591631696357,0.0348013917494699,0.0,-0.2061591631696357,-0.0348013917494699,0.0,0.1023019979438338,0.5226422665048229,0.0,-0.3218309452064812,0.1354487753638369,0.0,-0.0082242708281494,0.9458944368870328,0.0,-0.2991179572168647,0.4643283632606649,0.0,-0.0411084362768451,0.9831272064251186,0.0,-0.2471733810581804,0.4692791858624343,0.0,-0.0545930458267627,1.1547209339069529,0.0,-0.2742050365002081,0.6829402447090066,0.0,0.5766618549823761,0.5086845606565475,-0.0001789964735507,0.290689904257017
106,1,0.2083022103835286,0.0343917726412818,0.0,-0.2083022103835286,-0.0343917726412818,0.0,0.1025316662756129,0.5191295239146634,0.0,-0.3171229036349198,0.139261049407152,0.0,-0.011016442911308,0.9507636111737956,0.0,-0.3010643247127919,0.4542810648148633,0.0,-0.0427706132664281,0.9845931769679378,0.0,-0.2506950562032622,0.4578427245174882,0.0,-0.0556756866985157,1.1635185163236843,0.0,-0.2693814702368016,0.6767661431430609,0.0,0.5769781768321991,0.508694663643837,-0.0001699957065284,0.288345354477047
107,1,0.2089581686696842,0.0344675660857076,0.0,-0.2089581686696842,-0.0344675660857076,0.0,0.1026536060832761,0.5212659805137676,0.0,-0.3131567967908708,0.1285802364593468,0.0,-0.0129208814841772,0.9535826278842782,0.0,-0.2986955563131632,0.4409977852811731,0.0,-0.0450747485717317,0.9880211794716212,0.0,-0.2490785880224667,0.4496360231835397,0.0,-0.0548511837956547,1.1665467661692257,0.0,-0.2619289021016931,0.6592384173401246,0.0,0.5771368443965912,0.5087050795555115,-0.00016859639436,0.2876027758164013
108,1,0.2026935871565648,0.0328306634740254,0.0,-0.2026935871565648,-0.0328306634740254,0.0,0.0994794241411704,0.4970246217886127,0.0,-0.3006259245912721,0.1325375471537047,0.0,-0.0138541252719177,0.9230260831860688,0.0,-0.2813523722767943,0.4303322387442195,0.0,-0.0445128165110183,0.9522197058289242,0.0,-0.2381702392966274,0.4364693242511862,0.0,-0.0532284468703503,1.131735638419683,0.0,-0.2401016853823471,0.6422768857615021,0.0,0.5771625936031342,0.5086286962032318,-0.0001644308213144,0.2965039672792975
109,1,0.1969450572299473,0.0318454762793185,0.0,-0.1969450572299473,-0.0318454762793185,0.0,0.0968145331396926,0.4824288306910906,0.0,-0.2890531391288672,0.1377179236188516,0.0,-0.0135300829405278,0.8977770346106585,0.0,-0.2687485906825365,0.4297429054989059,0.0,-0.0426682242433493,0.9262964122950804,0.0,-0.2311547945287809,0.4356281912784574,0.0,-0.0522139421480361,1.1006326711455938,0.0,-0.2220754931394787,0.6326426836303559,0.0,0.5771691501140594,0.5083401054143906,-0.0001648697070777,0.3051690646208391
110,1,0.1987159804156573,0.0320287783035315,0.0,-0.1987159804156573,-0.0320287783035315,0.0,0.0978222128035826,0.4856658898466782,0.0,-0.2894113669560029,0.1493999966411962,0.0,-0.0143177437531265,0.9034036446287832,0.0,-0.2637502636888011,0.4452386011406329,0.0,-0.042864035174361,0.9320999744976648,0.0,-0.2306647185236921,0.4553973066911009,0.0,-0.0544821698245144,1.1079042766641256,0.0,-0.2223669229059179,0.6521928146669604,0.0,0.5771230757236481,0.5088812410831451,-0.0001629828475415,0.3027140045175394
111,1,0.195030295348288,0.0313023777681666,0.0,-0.195030295348288,-0.0313023777681666,0.0,0.0961903955785431,0.4777506949819954,0.0,-0.2841060309925827,0.1773320170781657,0.0,-0.0141046623294115,0.8863630332395501,0.0,-0.2552728388358241,0.441705725971003,0.0,-0.0425134390507715,0.914557089765679,0.0,-0.2221948158888211,0.4484312417890516,0.0,-0.0493326896075125,1.08681564163681,0.0,-0.2170832769838023,0.640502998209707,0.0,0.5771015286445618,0.5090058445930481,-0.0001653635408729,0.3084049000334702
112,1,0.1949952101514812,0.0310421990609601,0.0,-0.1949952101514812,-0.0310421990609601,0.0,0.0965984773760135,0.4698909084397735,0.0,-0.2834984949244607,0.2003286271756833,0.0,-0.0143990859334477,0.8774826483416279,0.0,-0.2515670709832246,0.4896495934859233,0.0,-0.0420307539754353,0.9049033138696516,0.0,-0.2167875961678408,0.4993810217009037,0.0,-0.0498303111880256,1.0760211355991631,0.0,-0.2184514630613776,0.6777676095204245,0.0,0.5770628154277802,0.5122632086277008,-0.000167713034898,0.3084715479072209
113,1,0.2085875485179391,0.0316878432209574,0.0,-0.2085875485179391,-0.0316878432209574,0.0,0.1025626775907757,0.4951392729070807,0.0,-0.311839258324588,0.3104024584125672,0.0,-0.0151933926180543,0.9298557366107888,0.0,-0.2677745384421456,0.5691841715989164,0.0,-0.0445545263040631,0.9609283540629664,0.0,-0.2302593923522034,0.5739461842105512,0.0,-0.0525153000101516,1.138202769014423,0.0,-0.2336330179520787,0.7688323658255268,0.0,0.5770017504692078,0.5162360072135925,-0.0001789191737771,0.2887100158092975
114,1,0.2126491022433096,0.0290522797252129,0.0,-0.2126491022433096,-0.0290522797252129,0.0,0.1041926225994528,0.4986810247346427,0.0,-0.3270255862239974,0.3669094789451045,0.0,-0.0129829761675791,0.9396689793271016,0.0,-0.2731733280804449,0.6283622426570884,0.0,-0.039488686497567,0.9757747761887196,0.0,-0.2347117365450129,0.6360295795606772,0.0,-0.0546235510976279,1.149146977087747,0.0,-0.2394180732846723,0.8236554675469917,0.0,0.5773423314094543,0.5190781652927399,-0.0001893874723464,0.2836907167559327
115,1,0.1593434757745355,0.0209177838413709,0.0,-0.1593434757745355,-0.0209177838413709,0.0,0.0781485585853905,0.370971895705365,0.0,-0.2531421924923322,0.2979552300871849,0.0,-0.0064547760389321,0.6934359292859895,0.0,-0.2047312149202229,0.4981846161925355,0.0,-0.0247469255919519,0.7202389778593489,0.0,-0.1756965187538711,0.4997487669651277,0.0,-0.0406806597769456,0.8518733143012587,0.0,-0.194801177396002,0.6425520364200173,0.0,0.5773704051971436,0.5222535133361816,-0.0002338893245905,0.3789712620279699
116,1,0.2039558962293337,0.0248972746787744,0.0,-0.2039558962293337,-0.0248972746787744,0.0,0.1014703383673348,0.4674400140101269,0.0,-0.3245405510183043,0.3943204672766091,0.0,-0.0016289187234274,0.8679592459229697,0.0,-0.2626933512335669,0.6665389335727381,0.0,-0.0297651168400391,0.9021274032133084,0.0,-0.2253951266636731,0.6803196000578345,0.0,-0.0493411161732806,1.073246668265858,0.0,-0.2742825078333927,0.8525046896398134,0.0,0.5775238573551178,0.5271562337875366,-0.0002427725121378,0.2962268128172001
117,1,0.1837593015191524,0.0208367108619242,0.0,-0.1837593015191524,-0.0208367108619242,0.0,0.0920033698645241,0.4219943888204723,0.0,-0.2924296809263669,0.3719951749207465,0.0,0.0006337938746322,0.7740090417126559,0.0,-0.2388892968698378,0.6196849061652019,0.0,-0.026342687398296,0.7986336350499411,0.0,-0.2066230639428925,0.6351228001995504,0.0,-0.0464153976268054,0.9603223011687122,0.0,-0.2579029316359696,0.8005004460988578,0.0,0.5776465833187103,0.529524028301239,-0.0002447140868753,0.3284494063607852
118,1,0.182381720254574,0.018632653152119,0.0,-0.182381720254574,-0.018632653152119,0.0,0.0923658299080262,0.4214828533445979,0.0,-0.2811157028695098,0.3824236986735324,0.0,0.0011319721115313,0.7612043793444497,0.0,-0.2395451424942291,0.6440931209474393,0.0,-0.0274211788409876,0.7837067327719952,0.0,-0.2130687429831377,0.6543384400522528,0.0,-0.0464013215248012,0.9466884084183572,0.0,-0.2605697433909229,0.8322523606536532,0.0,0.5777695775032043,0.5307138860225677,-0.0002978225238621,0.3313088910109401
119,1,0.1825234671936805,0.0172423597710978,0.0,-0.1825234671936805,-0.0172423597710978,0.0,0.0927650568031223,0.4208261302274252,0.0,-0.2706899810730018,0.3979647051171824,0.0,0.0022296781508647,0.7572431571919948,0.0,-0.242063573507245,0.6786638286097568,0.0,-0.0279577553922844,0.7790449332800444,0.0,-0.2220329045585928,0.6942945490863452,0.0,-0.0471254852320775,0.941528757532676,0.0,-0.2599462276358419,0.8676979272871866,0.0,0.5775861740112305,0.531032532453537,-0.0003226231783628,0.3320965861182719
120,1,0.2345983967834214,0.017452778289601,0.0,-0.2345983967834214,-0.017452778289601,0.0,0.1191872655050263,0.5322274877976244,0.0,-0.3345712712783595,0.5200068247637809,0.0,0.0031459918995093,0.9554676353801316,0.0,-0.31139379844587,0.9073300108554868,0.0,-0.0363135344387249,0.98497979986757,0.0,-0.2909630969081294,0.9343013457038618,0.0,-0.0655853377316016,1.189458107130756,0.0,-0.3317453005095406,1.1362075119080028,0.0,0.5774681866168976,0.5347007811069489,-0.0003182254731655,0.2588905803159753
121,1,0.2419015312818102,0.0166353200342021,0.0,-0.2419015312818102,-0.0166353200342021,0.0,0.1231696903209975,0.5483950635557774,0.0,-0.3294244971131928,0.5404073855998691,0.0,0.0019460754353196,0.9774752110523236,0.0,-0.3287107818675707,0.9575493255664852,0.0,-0.0469558184314672,1.0074166038453056,0.0,-0.3235130601162032,0.9868680121900534,0.0,-0.0676142854512159,1.218179622947088,0.0,-0.3384278695832365,1.202042183074254,0.0,0.5774920284748077,0.5367258191108704,-0.0003160964697599,0.2511659520538046
122,1,0.2315981582054632,0.0136583497163209,0.0,-0.2315981582054632,-0.0136583497163209,0.0,0.1192645211830569,0.518797061037583,0.0,-0.308431557366386,0.5203753440832609,0.0,0.0018175923704651,0.9264620291186944,0.0,-0.3168939303430932,0.9250691057398664,0.0,-0.047664125263827,0.9547659505024756,0.0,-0.3093576742312721,0.9540903872068732,0.0,-0.0653546156252696,1.1524936048290713,0.0,-0.3232463605924286,1.1589680180944586,0.0,0.5774910151958466,0.5405233204364777,-0.0003243340179324,0.2623946782128283
123,1,0.2257487911173726,0.0127982768084606,0.0,-0.2257487911173726,-0.0127982768084606,0.0,0.1169174920796449,0.5133320428979035,0.0,-0.2982694442391325,0.5186865979902441,0.0,0.0012345679396801,0.9081590706521252,0.0,-0.3100768338571944,0.9326794875661778,0.0,-0.0497882616965276,0.9387000959923106,0.0,-0.3009865787002239,0.9656079421101352,0.0,-0.0637375176369867,1.124142806900183,0.0,-0.3202888397418879,1.1597246248413582,0.0,0.5774998962879181,0.5410945415496826,-0.0003299992531538,0.2691838061429739
124,1,0.2252159502297342,0.0119005784176484,0.0,-0.2252159502297342,-0.0119005784176484,0.0,0.1172297018152586,0.5090541907440376,0.0,-0.2935597978730755,0.5185713030032086,0.0,0.0005196542558596,0.9047360241692812,0.0,-0.3089122471907291,0.944626293958746,0.0,-0.0517398195919567,0.9359562787537716,0.0,-0.2999512696876699,0.9805400790077198,0.0,-0.0630346674072287,1.1129021347962096,0.0,-0.3157968119301836,1.165211645342257,0.0,0.5775673687458038,0.5428640842437744,-0.0003314316272735,0.2704066183880874
125,1,0.222817786236123,0.0113296367181052,0.0,-0.222817786236123,-0.0113296367181052,0.0,0.1162716480015454,0.507661850888496,0.0,-0.2875583807678872,0.5254671372453756,0.0,0.0014717930126777,0.8914226482435843,0.0,-0.3065206905225079,0.9521725304254252,0.0,-0.0508331144758318,0.9224334457400412,0.0,-0.2976837241875999,0.9850756487834422,0.0,-0.0629760331021488,1.099595587540342,0.0,-0.3097294890088915,1.1717405654501765,0.0,0.5776337087154388,0.5434929430484772,-0.0003281347453594,0.2736246054682766
126,1,0.2053744922824967,0.0103275416018056,0.0,-0.2053744922824967,-0.0103275416018056,0.0,0.1072278775104869,0.4703236793341092,0.0,-0.2633146359101527,0.4876729873118859,0.0,0.0024923573280616,0.817844702740137,0.0,-0.2825859668141527,0.8805125498256178,0.0,-0.045974844506868,0.8465702381682155,0.0,-0.2739761417708001,0.9111146176988172,0.0,-0.059393534439087,1.0111345585384253,0.0,-0.2817752542974145,1.0859856382169355,0.0,0.5777495503425598,0.5440705418586731,-0.0003221463412046,0.2974304521767992
127,1,0.2022844320054411,0.0106081577925502,0.0,-0.2022844320054411,-0.0106081577925502,0.0,0.1062345158112414,0.4621589888201303,0.0,-0.256114825583683,0.483129500823257,0.0,0.0019822837746587,0.8013082536703078,0.0,-0.2774844729705195,0.8689353580768147,0.0,-0.0458426634750898,0.8291583115987221,0.0,-0.2668381053262842,0.8981952413576069,0.0,-0.0592751989643569,0.991572831429836,0.0,-0.2763320717220194,1.0651360529494078,0.0,0.5778785645961761,0.5452085733413696,-0.0003193654119968,0.3026261703853081
128,1,0.232545476008986,0.0122668318446965,0.0,-0.232545476008986,-0.0122668318446965,0.0,0.1255162446826344,0.5228942668063429,0.0,-0.2947067665574035,0.5444372626970807,0.0,0.002353707628215,0.91200912587304,0.0,-0.3195650795748263,0.9874783221398948,0.0,-0.0527046902998381,0.9439968196359172,0.0,-0.3075452438367408,1.0268342425625026,0.0,-0.066405390009999,1.1320330765268458,0.0,-0.3175094199524349,1.222330189382704,0.0,0.5778819024562836,0.5475365817546844,-0.0003216061741113,0.263278107263177
129,1,0.2355578221155404,0.0116843698729683,0.0,-0.2355578221155404,-0.0116843698729683,0.0,0.1280321139938807,0.5278975217510302,0.0,-0.2980774248483714,0.5476628591893602,0.0,0.0026648683435721,0.9119423211058948,0.0,-0.3239972955414577,0.987340708182887,0.0,-0.0535014756734821,0.9449976385109004,0.0,-0.3111485204599982,1.0241545139325146,0.0,-0.0670251155482162,1.140050515564514,0.0,-0.3192286862511654,1.2319794248232745,0.0,0.577799916267395,0.5492212176322937,-0.0003205109387636,0.2601932790956086
130,1,0.2422844818131907,0.0118023993029094,0.0,-0.2422844818131907,-0.0118023993029094,0.0,0.1321625769088323,0.5407062536495043,0.0,-0.3081973276753037,0.5557111809809203,0.0,0.0031984081887226,0.9337295522469536,0.0,-0.3326656446998062,1.0130644829955482,0.0,-0.0544817029785775,0.9687408924073132,0.0,-0.3193878719154654,1.0513568635597226,0.0,-0.0683533212403253,1.1714054635682825,0.0,-0.3268537278619517,1.2627806849398735,0.0,0.5776752829551697,0.5493660271167755,-0.0003179162740707,0.2531849145377089
131,1,0.2476364566676071,0.0121425340989703,0.0,-0.2476364566676071,-0.0121425340989703,0.0,0.1360233274599705,0.5506994088955839,0.0,-0.315154378557847,0.5647885971293396,0.0,0.0041523262824513,0.9524254294861872,0.0,-0.3376501949521277,1.0397076614634977,0.0,-0.0544387719383008,0.9886766739883164,0.0,-0.3202153673829376,1.0803932847484403,0.0,-0.0683863940510749,1.1969533100853595,0.0,-0.33152925978901,1.2936057796161813,0.0,0.5773573815822601,0.5491706728935242,-0.0003276336938142,0.2484121213016963
132,1,0.2520067666975354,0.0121914037304527,0.0,-0.2520067666975354,-0.0121914037304527,0.0,0.1408325370989766,0.5616382073456622,0.0,-0.319818747898537,0.577874441997444,0.0,0.0055859456977859,0.9686424797182996,0.0,-0.3410946562459578,1.057313917773916,0.0,-0.054518873975944,1.005583559028247,0.0,-0.3208789283703986,1.0976440084989263,0.0,-0.0663270446317853,1.2181526136101366,0.0,-0.3336377319939822,1.3156899497806325,0.0,0.5767366588115692,0.5492390394210815,-0.000330438837409,0.2440282268105638
133,1,0.2467935724836245,0.0117861423884618,0.0,-0.2467935724836245,-0.0117861423884618,0.0,0.1369405803216981,0.5546497968072589,0.0,-0.3121622085603402,0.5701738116649014,0.0,0.0058383234929304,0.9502392721029046,0.0,-0.3311756439006517,1.032272559785708,0.0,-0.053805182050624,0.984886098427422,0.0,-0.3095341996218803,1.0697696063069049,0.0,-0.0628310383748259,1.191192851229071,0.0,-0.3218399084305269,1.286973895016213,0.0,0.5763987898826599,0.5491758584976196,-0.000330539420247,0.2498600973377553
134,1,0.2456284464316566,0.0117568399542354,0.0,-0.2456284464316566,-0.0117568399542354,0.0,0.1362960724738329,0.5541749959328367,0.0,-0.3098696120112102,0.569677014715769,0.0,0.0057527189588662,0.9449910830916252,0.0,-0.3235475429991006,1.0257029953957115,0.0,-0.0538639535935614,0.9792998715788416,0.0,-0.2989363508982546,1.0621690979622025,0.0,-0.06427152356132,1.185679835263597,0.0,-0.3182373864931726,1.277755356789351,0.0,0.5762195885181427,0.5490836501121521,-0.0003324188292026,0.2513142866333278
135,1,0.2539577001658978,0.01233297633195,0.0,-0.2539577001658978,-0.01233297633195,0.0,0.1435536514332739,0.5707521127286236,0.0,-0.3166813475883019,0.5859895674283421,0.0,0.0095743371607175,0.9708846710732196,0.0,-0.3286991309365942,1.0549158271724632,0.0,-0.0536365374521185,1.0057630226123389,0.0,-0.3026811502326285,1.0905944058150474,0.0,-0.0619197652012314,1.218204311970225,0.0,-0.3217266283974504,1.3138928568117851,0.0,0.5752150118350983,0.5490712225437164,-0.0003256499767303,0.2446076277531834
136,1,0.2633113900307907,0.012886212106816,0.0,-0.2633113900307907,-0.012886212106816,0.0,0.1504002091642643,0.5913232949145981,0.0,-0.3273875011606273,0.6083641400623603,0.0,0.0098432670013322,1.0036050234340264,0.0,-0.3375091623204495,1.0896579043642536,0.0,-0.0553296743024552,1.03960588322919,0.0,-0.3101007474685274,1.1264688899014903,0.0,-0.063438486517176,1.259157514125014,0.0,-0.3300821702632242,1.3567971825959717,0.0,0.5746916830539703,0.5490108728408813,-0.000331001356244,0.236689358557758
137,1,0.267078310330489,0.0131213634233178,0.0,-0.267078310330489,-0.0131213634233178,0.0,0.15357302130651,0.5997038351600316,0.0,-0.3295005901575769,0.616278966499926,0.0,0.0101316808449915,1.0160808440411715,0.0,-0.3376338003308283,1.1028683682625124,0.0,-0.0544592172970586,1.0517560671809347,0.0,-0.3115191936406908,1.1395909673138476,0.0,-0.0641986415992921,1.2740567648833478,0.0,-0.331397812793118,1.3709963469129405,0.0,0.5742884278297424,0.5489405691623688,-0.0003341352567076,0.2340079589461936
138,1,0.2656758780297301,0.0129466074782312,0.0,-0.2656758780297301,-0.0129466074782312,0.0,0.153776340418735,0.5963985493900105,0.0,-0.3264168771500635,0.6130966910903596,0.0,0.0108250859670622,1.01024339253774,0.0,-0.3337327041465964,1.0993503323546396,0.0,-0.0529485920335999,1.045200611736924,0.0,-0.3065782662224647,1.1351316669526996,0.0,-0.0633635180185993,1.2649724776594011,0.0,-0.3290832965769463,1.3612160999525988,0.0,0.5739970803260803,0.5487094223499298,-0.0003191391006112,0.2355644953342389
139,1,0.2636073953201398,0.013063917880412,0.0,-0.2636073953201398,-0.013063917880412,0.0,0.1543686295949965,0.5923587505735857,0.0,-0.3222448990186454,0.6095307397188501,0.0,0.0113228243128404,1.0041900054059556,0.0,-0.3278166748188739,1.0924318786913485,0.0,-0.0507746301717599,1.038855342910414,0.0,-0.3020546709700758,1.1274429474533258,0.0,-0.0646322726470141,1.2551690389030303,0.0,-0.3246077309559342,1.34760441123493,0.0,0.5735655725002289,0.5484667420387268,-0.0003194902092218,0.2372246923794896
140,1,0.2676204195848487,0.0136965703830974,0.0,-0.2676204195848487,-0.0136965703830974,0.0,0.1584316945720632,0.5988264557273671,0.0,-0.321495212674325,0.6155368656298265,0.0,0.008966375659018,1.0168992063589604,0.0,-0.3151311676178153,1.1023905011617223,0.0,-0.0498090799137401,1.0526552948413226,0.0,-0.293522126121238,1.1389845852853766,0.0,-0.0621586630588208,1.2654564309448666,0.0,-0.3230562048579972,1.344432887170693,0.0,0.5727366209030151,0.548328161239624,-0.0003065261989831,0.2347923100176404
141,1,0.2705237731594809,0.0139898702496787,0.0,-0.2705237731594809,-0.0139898702496787,0.0,0.1589276169371062,0.6035646910697295,0.0,-0.3200664022755315,0.621462506352129,0.0,0.0118775643143333,1.0256043377923074,0.0,-0.3049678144093893,1.096463786463559,0.0,-0.0452099463737584,1.0613429274000243,0.0,-0.2794574613524906,1.1386109148099708,0.0,-0.0621669695478749,1.2743612305715402,0.0,-0.3225760764926109,1.3381355784795157,0.0,0.5720850229263306,0.5480076670646667,-0.0003067478537559,0.2330226641505341
142,1,0.2673597711502913,0.0137875661257173,0.0,-0.2673597711502913,-0.0137875661257173,0.0,0.1532191350322954,0.5973993268740714,0.0,-0.3144783282636437,0.6154811070124045,0.0,0.0103800562528939,1.0160109847739112,0.0,-0.2901751950212028,1.0741429943907,0.0,-0.0442577722102839,1.0519187066129831,0.0,-0.2614843440048296,1.1180854602773018,0.0,-0.0672609627683318,1.2603576962276124,0.0,-0.3185063285904542,1.315100036337404,0.0,0.5719646215438843,0.547787994146347,-0.000307495240122,0.2355404310415084
143,1,0.2677044893057129,0.013783242381962,0.0,-0.2677044893057129,-0.013783242381962,0.0,0.1508896119582675,0.5984614912726726,0.0,-0.3137499925510866,0.6164838104806121,0.0,0.008666131732059,1.0178564323951145,0.0,-0.2756284688739081,1.0696025008438097,0.0,-0.0442306211476449,1.0537487109645434,0.0,-0.2417001366113801,1.114639665837512,0.0,-0.0675895911502888,1.259554414166736,0.0,-0.3189308611067836,1.3104755592537871,0.0,0.5719505846500397,0.5477560460567474,-0.0003138366155326,0.235117009794199
144,1,0.2662305325378851,0.0136666927938934,0.0,-0.2662305325378851,-0.0136666927938934,0.0,0.1494840596826747,0.5958632442430002,0.0,-0.3096152287352124,0.6107962139566483,0.0,0.0082361554136816,1.012453859664489,0.0,-0.2692613308734349,1.0602860873458189,0.0,-0.0432092899407547,1.0488398210225194,0.0,-0.2379051943267218,1.1064731253103297,0.0,-0.0702183251661723,1.252765975619655,0.0,-0.315538970201793,1.301728263149364,0.0,0.5719909965991974,0.5476169884204865,-0.0003163265064358,0.2365071438970605
145,1,0.250853854120399,0.0131727956044566,0.0,-0.250853854120399,-0.0131727956044566,0.0,0.1407612118800394,0.5619858899638818,0.0,-0.2911626300415308,0.5756759944676202,0.0,0.0078490375748728,0.954357031950234,0.0,-0.2534398049641809,0.994252388181832,0.0,-0.0406115387609685,0.9887026859623622,0.0,-0.2251665049444484,1.035943662341026,0.0,-0.0656437328976174,1.1808167497776243,0.0,-0.2971466485230095,1.2251471660559912,0.0,0.5719988942146301,0.5475150048732758,-0.000326934736222,0.2510080897959874
146,1,0.2518771589857916,0.0134570511116456,0.0,-0.2518771589857916,-0.0134570511116456,0.0,0.1411297854472891,0.5645528609702001,0.0,-0.2923288570782743,0.5771185580416112,0.0,0.0073442282697531,0.9575364521895546,0.0,-0.2543657060362315,0.9979668226021546,0.0,-0.041085094440282,0.992011038207666,0.0,-0.2257384787774511,1.0396332452555506,0.0,-0.0682556054183635,1.18388461665393,0.0,-0.2983226500195928,1.2284222931051572,0.0,0.5720448195934296,0.5475554168224335,-0.0003249743022024,0.25012639615529
147,1,0.2516701214727378,0.0136165788364087,0.0,-0.2516701214727378,-0.0136165788364087,0.0,0.1415509251340597,0.5644399221255606,0.0,-0.2922494048167444,0.57672959012011,0.0,0.0079551560644674,0.9554521091664172,0.0,-0.252171745433229,0.9949082738423568,0.0,-0.0372648036202485,0.9862271081587544,0.0,-0.2189743336274141,1.0332981007304276,0.0,-0.0720601746205659,1.1826999050923646,0.0,-0.2979754649428734,1.2268859051850478,0.0,0.5720413029193878,0.5474893748760223,-0.0003261207602918,0.2503608209200642
148,1,0.2431522095131448,0.0133279655857827,0.0,-0.2431522095131448,-0.0133279655857827,0.0,0.1375778675149569,0.5459368559789176,0.0,-0.2832098622247755,0.5572833062937215,0.0,0.0069904765842741,0.9241189581994844,0.0,-0.2433986763681728,0.9618859189643846,0.0,-0.0373084311583237,0.9540809050940492,0.0,-0.2138408338596297,0.99898228737116,0.0,-0.0686214582637841,1.143201067368815,0.0,-0.2860568880856334,1.1860039143975598,0.0,0.571781724691391,0.5475046932697296,-0.0003253011964261,0.2590067315428463
149,1,0.2361823475703804,0.0134576384472431,0.0,-0.2361823475703804,-0.0134576384472431,0.0,0.1352048349045752,0.5296099636090073,0.0,-0.2780153940156476,0.5354712577069494,0.0,0.0085425932764483,0.8973845610838367,0.0,-0.2475710575160676,0.9346051744178522,0.0,-0.0341931527589839,0.9247523044230718,0.0,-0.2190605349084321,0.9706588888506772,0.0,-0.0696454396815874,1.1104022346586009,0.0,-0.2805664918430735,1.1519820249595711,0.0,0.5713165998458862,0.5473207235336304,-0.0003212108276784,0.2668905323620161
150,1,0.2385482034196706,0.0149500026727814,0.0,-0.2385482034196706,-0.0149500026727814,0.0,0.1413760702914798,0.5362509122136252,0.0,-0.2914975104082428,0.5366058439963919,0.0,0.0116730480487162,0.9112093079800372,0.0,-0.2951575606181049,0.9431703607907292,0.0,-0.032847477406467,0.9387702472747348,0.0,-0.2722319987362004,0.9776353905953308,0.0,-0.0676565806601371,1.1284863750074556,0.0,-0.2929397459602052,1.1657223158427197,0.0,0.5705660283565521,0.5466866791248322,-0.0003050449304282,0.2634863717292403
151,1,0.2269318798156654,0.0164468521706855,0.0,-0.2269318798156654,-0.0164468521706855,0.0,0.1368292667989002,0.5117533788573532,0.0,-0.3146803688448416,0.5023379572607699,0.0,0.0129309220128797,0.8695260775407299,0.0,-0.3675964821491104,0.8908749911072585,0.0,-0.0310853520705104,0.8955009435834181,0.0,-0.3725088573411751,0.921477743462898,0.0,-0.0614379948677752,1.0768026550777616,0.0,-0.3452603449004917,1.1020860670320909,0.0,0.569970428943634,0.5456321239471436,-0.0002944376319646,0.277397661126576
152,1,0.2410321795898867,0.019884455781834,0.0,-0.2410321795898867,-0.019884455781834,0.0,0.1463387665210725,0.544128323706992,0.0,-0.4102060295201294,0.5188773867892966,0.0,0.0144424435150893,0.9284695687525348,0.0,-0.5294570014397707,0.9452518775733696,0.0,-0.0328103347446035,0.9532412657868344,0.0,-0.5478535739307852,0.9802930659764226,0.0,-0.0576323096875092,1.1500411124765424,0.0,-0.516796795516795,1.1619512634174936,0.0,0.5698264539241791,0.5443939566612244,-0.0002899104729294,0.2608108056623334
153,1,0.2423338660908255,0.0225462204392206,0.0,-0.2423338660908255,-0.0225462204392206,0.0,0.1492381069888317,0.5459619383052152,0.0,-0.4877373929985277,0.5088187670739466,0.0,0.0152969059663552,0.9330395589839034,0.0,-0.6588530859804462,0.9268421850114844,0.0,-0.0326527195803285,0.9562499394795188,0.0,-0.6721195368288062,0.9602759724211334,0.0,-0.0464895977564471,1.1588310325697275,0.0,-0.7021638019192069,1.1347606514206772,0.0,0.569423496723175,0.5433131158351898,-0.0002916986122727,0.2597651614866382
154,1,0.2540976313677743,0.027360962856194,0.0,-0.2540976313677743,-0.027360962856194,0.0,0.1566296995371712,0.5729609312447618,0.0,-0.6068019294846708,0.5149699433790615,0.0,0.0145614767558152,0.982538485535098,0.0,-0.8346853741499662,0.938881059415699,0.0,-0.0349926951494905,1.0093736476242143,0.0,-0.8249206742162901,0.9751028633658382,0.0,-0.0461548897491908,1.2171053968327266,0.0,-0.9213528469462586,1.1498974731741725,0.0,0.5690543353557587,0.5422482788562775,-0.0002800319343805,0.2483145376644513
155,1,0.2544912672536835,0.0308069057896528,0.0,-0.2544912672536835,-0.0308069057896528,0.0,0.1557835706681593,0.5772620864464482,0.0,-0.6990679760421689,0.491365583740942,0.0,0.0136315631705674,0.9878161377759516,0.0,-0.96803120524111,0.8930661233321744,0.0,-0.0360031776482862,1.0179445597824703,0.0,-0.939458846271958,0.93078679926126,0.0,-0.0466598227073351,1.2218718141028009,0.0,-1.109776986015443,1.1008323221337772,0.0,0.5691917538642883,0.5408776700496674,-0.000278721563518,0.2484830764390533
156,1,0.2695805963859977,0.0339798166029646,0.0,-0.2695805963859977,-0.0339798166029646,0.0,0.1656033576761186,0.6108306727657341,0.0,-0.8272732998910929,0.5019451187630057,0.0,0.0146596232051983,1.0442405339124994,0.0,-1.1584835598845196,0.890787699856717,0.0,-0.0381983194014691,1.0777158721175994,0.0,-1.1251335500643345,0.9378281267054251,0.0,-0.0481673695583168,1.2923266793139494,0.0,-1.3875532749787116,1.0739129784985653,0.0,0.5690017938613892,0.5405305325984955,-0.0002953296061605,0.2354159369711051
157,1,0.2691481444508309,0.0374545889896277,0.0,-0.2691481444508309,-0.0374545889896277,0.0,0.1710126780650303,0.6126944824873295,0.0,-0.8808288490228918,0.4649195600495143,0.0,0.0131279514524266,1.0460750272519237,0.0,-1.3606646168822694,0.843066157236144,0.0,-0.0406132412238258,1.0836943157735903,0.0,-1.3735019814021157,0.8906402534334347,0.0,-0.0463831434220012,1.291548905609599,0.0,-1.589773259183012,1.0186598009386834,0.0,0.5688914954662323,0.5394079387187958,-0.0002984628081321,0.2365011902488257
158,1,0.277855003108388,0.0415578008400993,0.0,-0.277855003108388,-0.0415578008400993,0.0,0.1853296981505049,0.6373250404747485,0.0,-0.9927407432954548,0.4425663960354642,0.0,0.0133741510064116,1.0759639250309696,0.0,-1.5151811331018417,0.8103558715810981,0.0,-0.042284127648138,1.115153544029141,0.0,-1.523950457382787,0.873752681945761,0.0,-0.0468030065623045,1.327073079933318,0.0,-1.9291383698351283,0.943295632565502,0.0,0.5684331357479095,0.5386533439159393,-0.0003286162391304,0.2307614964137165
159,1,0.2791686698685661,0.0447673756244587,0.0,-0.2791686698685661,-0.0447673756244587,0.0,0.1895098127367475,0.6439381417730476,0.0,-1.0476957747486493,0.4113225213179883,0.0,0.0104226918672271,1.0883102669825455,0.0,-1.6780968535919618,0.7924706015472915,0.0,-0.0449803506468902,1.1334345441804827,0.0,-1.705356814408657,0.8738708469516137,0.0,-0.0487714096836503,1.334276726769563,0.0,-2.0818877153347493,0.921396145479079,0.0,0.5685336887836456,0.5378762781620026,-0.0003285491839051,0.2300505357201848
160,1,0.2769490048469115,0.0476079854241122,0.0,-0.2769490048469115,-0.0476079854241122,0.0,0.1887925514451547,0.6436009412866963,0.0,-1.0722959018553913,0.3747815489417141,0.0,0.0084346930425401,1.083668954864682,0.0,-1.7160223965069472,0.706099787099493,0.0,-0.0472778456141588,1.1279015209628955,0.0,-1.7483978801703388,0.7754615314762237,0.0,-0.0489970400001283,1.3267721394831646,0.0,-2.080721990974072,0.8383225158582879,0.0,0.5685281455516815,0.5371552109718323,-0.0003344630822539,0.2319083124958977
161,1,0.2761060962345056,0.0512759386443691,0.0,-0.2761060962345056,-0.0512759386443691,0.0,0.1968125464528352,0.6456101229670699,0.0,-1.0912638408347477,0.3441899367313991,0.0,0.0082550791813948,1.0862715127088916,0.0,-1.8433439737389248,0.6748522746701558,0.0,-0.0478641877271431,1.1300213568777997,0.0,-1.91402400550598,0.726662716687663,0.0,-0.0494374622770318,1.3265976559145114,0.0,-2.1567839519123813,0.798100655532772,0.0,0.5685402154922485,0.5362493991851807,-0.0003352370113134,0.2326183430265172
162,1,0.278973172336119,0.0535387863635543,0.0,-0.278973172336119,-0.0535387863635543,0.0,0.2022771847775165,0.6535068717067518,0.0,-1.122545538291095,0.326685926110115,0.0,0.0088420287515743,1.0988775155295898,0.0,-1.91780532996316,0.6382565307391813,0.0,-0.0481421493989169,1.1426440238317472,0.0,-1.9960460478935664,0.6902088704993574,0.0,-0.0504490019874277,1.3423793988126638,0.0,-2.264613609512132,0.7955781813433018,0.0,0.5684786140918732,0.5360017120838165,-0.0003386689350008,0.2302173045619555
163,1,0.280123043596779,0.0546805288790566,0.0,-0.280123043596779,-0.0546805288790566,0.0,0.20929860401754,0.653556106039669,0.0,-1.1618436614439438,0.3139808897393823,0.0,0.0126810088712801,1.0986370367575544,0.0,-2.032606960460616,0.6220089306826442,0.0,-0.0457682002590425,1.142150185825611,0.0,-2.129812129461743,0.6805088441875721,0.0,-0.0386825226037586,1.3420229500823648,0.0,-2.335842694253296,0.828243024386037,0.0,0.567660391330719,0.5358479022979736,-0.0003539156168699,0.230404387529612
164,1,0.2778190403360631,0.0558845522023737,0.0,-0.2778190403360631,-0.0558845522023737,0.0,0.2079248077310704,0.6451484801848633,0.0,-1.16733179929876,0.2968442885898087,0.0,0.0156697888918617,1.0868875349537694,0.0,-2.039522606435882,0.6019936050200818,0.0,-0.0447051555719428,1.1296374430947738,0.0,-2.119971772676018,0.6551609053853849,0.0,-0.0329434266136504,1.3320958367754625,0.0,-2.351652149466514,0.8274000446120516,0.0,0.5675086081027985,0.5353735387325287,-0.0003548911772668,0.2325506355228064
165,1,0.2760434825244925,0.0570568938680833,0.0,-0.2760434825244925,-0.0570568938680833,0.0,0.2071374568289487,0.6420058753152235,0.0,-1.1762970666566066,0.2878559695200999,0.0,0.0161695320551266,1.080645530507368,0.0,-2.042448467672291,0.5986049070673515,0.0,-0.0435773215011644,1.1220946525030708,0.0,-2.126192723771303,0.6614210197693284,0.0,-0.032365020866149,1.3244738797071098,0.0,-2.311690325859572,0.8264680700451471,0.0,0.5673941969871521,0.534942239522934,-0.0003446182236075,0.2342231745554782
166,1,0.276621503839598,0.0580472184035616,0.0,-0.276621503839598,-0.0580472184035616,0.0,0.2064287253663061,0.6432200888493407,0.0,-1.183820906242708,0.2887441659997745,0.0,0.0176815113361691,1.0801536737928257,0.0,-2.0577320591976123,0.6007111374477194,0.0,-0.0416869164486424,1.119279077426058,0.0,-2.139157820636962,0.66084486425406,0.0,-0.0310337912393806,1.3251987059366197,0.0,-2.328818319379782,0.8300303941524498,0.0,0.5672413110733032,0.5346866846084595,-0.0003374014049768,0.2342754484726535
167,1,0.2758596314514496,0.0586074144321865,0.0,-0.2758596314514496,-0.0586074144321865,0.0,0.204625676093584,0.6427032815023668,0.0,-1.1623565515726828,0.2855377735200931,0.0,0.0178273156897531,1.0780495356479929,0.0,-2.028401236665692,0.5996416474214742,0.0,-0.0411888379028685,1.116031596775412,0.0,-2.1191452604665537,0.661827557989655,0.0,-0.0306569583942836,1.3222326428465296,0.0,-2.307221509181118,0.8249469387182954,0.0,0.5672903060913086,0.5342904329299927,-0.0003353042993694,0.2350709124019661
168,1,0.2754366524037294,0.0588093602755157,0.0,-0.2754366524037294,-0.0588093602755157,0.0,0.2039197228591301,0.6423802941716639,0.0,-1.1526791631799571,0.2975153523591795,0.0,0.0181830909035822,1.0756490378430912,0.0,-2.0001466366198337,0.6112399478862753,0.0,-0.0403681128948803,1.113351261594182,0.0,-2.0882512260193917,0.664804509137783,0.0,-0.0302527279575777,1.3190450832988,0.0,-2.295228292117137,0.8279510586943549,0.0,0.5672067701816559,0.5341513156890869,-0.0003385482123121,0.2357343228818475
169,1,0.2722109835261224,0.0581006203256596,0.0,-0.2722109835261224,-0.0581006203256596,0.0,0.1992465231360203,0.6346102985636874,0.0,-1.133530451305251,0.3009760523451533,0.0,0.0155258152585416,1.0667810981591246,0.0,-1.9297663616183565,0.6174672812853016,0.0,-0.04204462414025,1.1050662689234705,0.0,-2.015457479727119,0.6696785877930098,0.0,-0.0321764501558372,1.3068516778247208,0.0,-2.2132134322296872,0.8051878763348399,0.0,0.567831963300705,0.5337331891059875,-0.0003393292427062,0.2381123711485983
170,1,0.2740333678842592,0.0586862766876779,0.0,-0.2740333678842592,-0.0586862766876779,0.0,0.1979073611442868,0.6432947617151107,0.0,-1.142131152017319,0.3070297442964311,0.0,0.0139733570861537,1.0798625345900532,0.0,-1.8565397325348745,0.6277905287375554,0.0,-0.0431693834728467,1.118264579114288,0.0,-1.9317329013417648,0.6793098451033477,0.0,-0.0448073649716023,1.321287942141765,0.0,-2.1606937355846783,0.7928362183942858,0.0,0.5682433247566223,0.5338191986083984,-0.00035020429641,0.2354009781825538
171,1,0.2717629013090554,0.0574699517094104,0.0,-0.2717629013090554,-0.0574699517094104,0.0,0.1923950305840472,0.6364156012933448,0.0,-1.1290694317919028,0.3348477780997214,0.0,0.0101626665798559,1.0703704422066211,0.0,-1.7320090072102927,0.6503400931412049,0.0,-0.0450197277099977,1.108754646157893,0.0,-1.7840362473086924,0.7173869470566525,0.0,-0.0566230105086798,1.307935879439269,0.0,-2.11955037162294,0.7923615221951283,0.0,0.5691529810428619,0.534226655960083,-0.0003586700186133,0.2373442977288248
172,1,0.2668500742426727,0.0555414635268586,0.0,-0.2668500742426727,-0.0555414635268586,0.0,0.1848805550186305,0.6217024260031891,0.0,-1.0516092508676516,0.3599618742355275,0.0,0.0065307744187484,1.0466028976590185,0.0,-1.6218726365441003,0.7123797264301923,0.0,-0.0477642961593541,1.0839848487661456,0.0,-1.6503837522799507,0.7827578896043587,0.0,-0.0573606365027759,1.2800386722235857,0.0,-1.9631152220871089,0.8766094587349125,0.0,0.5699971914291382,0.5342127680778503,-0.0003556031733751,0.2423604369899248
173,1,0.2653897467860705,0.0517259636238877,0.0,-0.2653897467860705,-0.0517259636238877,0.0,0.183436729403234,0.6148853381153562,0.0,-0.9592968220227032,0.3823472175194217,0.0,0.0062180822443258,1.0382583675793433,0.0,-1.5116382920280151,0.7503170925906685,0.0,-0.0475474211642224,1.0764863728335243,0.0,-1.537002185449849,0.820456903710724,0.0,-0.057261263099442,1.2699462211544998,0.0,-1.8578654324613144,0.8934846865275402,0.0,0.5700685381889343,0.5350744426250458,-0.0003502666950225,0.2436012870462147
174,1,0.264851650734512,0.0483956208157461,0.0,-0.264851650734512,-0.0483956208157461,0.0,0.1810625824179858,0.6056330513631424,0.0,-0.8688285781914121,0.4057789488099406,0.0,0.0083012691505233,1.029943628353999,0.0,-1.372689492026942,0.7790673711582412,0.0,-0.0424784662925357,1.0653751982288937,0.0,-1.405983215367561,0.8359061203435713,0.0,-0.0595062156894746,1.2648937750150495,0.0,-1.6073196306822044,0.9330739426065404,0.0,0.5702953636646271,0.5358743667602539,-0.0003436654806137,0.2439072801982319
175,1,0.2602867432129034,0.0458027270695955,0.0,-0.2602867432129034,-0.0458027270695955,0.0,0.1747445165047715,0.5912900265917208,0.0,-0.7871569086990098,0.4180163156745815,0.0,0.0085163395640527,1.0150453916468352,0.0,-1.2077992234237431,0.7929903039059332,0.0,-0.0421114164503523,1.048168498107508,0.0,-1.208454818335005,0.8378969869184912,0.0,-0.0617049453367287,1.2487129787250164,0.0,-1.437893673459343,0.9553100059211388,0.0,0.5708763897418976,0.5359298884868622,-0.0003346502780914,0.2470211666881808
176,1,0.2558021631998303,0.0409170619357872,0.0,-0.2558021631998303,-0.0409170619357872,0.0,0.163981114166553,0.5829428787062395,0.0,-0.7263970223747792,0.4361586868901209,0.0,0.0039237074166823,1.008182479726513,0.0,-1.0675561567578804,0.8301722157464897,0.0,-0.0450420340333788,1.044275389417285,0.0,-1.059690976262516,0.8740600779130433,0.0,-0.0646677250746429,1.2386407933737975,0.0,-1.2578900669994042,1.0040286533322509,0.0,0.5720327496528625,0.5348182916641235,-0.000324297696352,0.2499510592875763
177,1,0.2540854810214548,0.036040439995405,0.0,-0.2540854810214548,-0.036040439995405,0.0,0.1583007054707199,0.5857744197099719,0.0,-0.6501010424865308,0.4529326291216287,0.0,0.0013766761990777,1.0077321897153353,0.0,-0.9435741274474054,0.859585389233855,0.0,-0.0460320625553953,1.0438264079756157,0.0,-0.9349322919540553,0.8938999496714763,0.0,-0.0656139844123855,1.2372708541793915,0.0,-1.0754490938112715,1.078390433227835,0.0,0.5723556280136108,0.5332346558570862,-0.0003215954639017,0.2515933601683744
178,1,0.2619515000686025,0.0344340066746216,0.0,-0.2619515000686025,-0.0344340066746216,0.0,0.1571377789111379,0.6028614781059575,0.0,-0.62963866602383,0.5067046823931599,0.0,0.0005222195869504,1.037499857499954,0.0,-0.8748341961837321,0.9331685421816976,0.0,-0.0476460645220197,1.0748234140874025,0.0,-0.8720590802636491,0.9650605754038432,0.0,-0.0639328184220523,1.2722854360339246,0.0,-0.9441068197976076,1.148335957579706,0.0,0.5723609328269958,0.5340540409088135,-0.0003090598620474,0.2440251834940736
179,1,0.2659888140989869,0.0335931783871991,0.0,-0.2659888140989869,-0.0335931783871991,0.0,0.1558283783635221,0.6125770281131003,0.0,-0.5675145418335468,0.53581567114581,0.0,-0.0008948004887305,1.0559286955627805,0.0,-0.7639978884438478,0.9849365420248484,0.0,-0.0480905150379251,1.0932321771870273,0.0,-0.778787806303495,1.011947639232457,0.0,-0.0636483651940091,1.2955312912148298,0.0,-0.8041959319941411,1.218927803597715,0.0,0.5719990432262421,0.5344175398349762,-0.0003092121332883,0.2393710035901131
180,1,0.2684889071778242,0.0303409002388061,0.0,-0.2684889071778242,-0.0303409002388061,0.0,0.1563610768098116,0.6158131896140442,0.0,-0.5239922331951614,0.5538875015798604,0.0,-0.0014888842546438,1.0650032930901163,0.0,-0.6623802060429343,1.0133712471882166,0.0,-0.0484417956884196,1.102626417714066,0.0,-0.6872488832225826,1.042287915078815,0.0,-0.0635481610233732,1.3072926768271582,0.0,-0.7079371152007079,1.2497381130089953,0.0,0.5719875693321228,0.535373717546463,-0.0003050547093153,0.236475492027048
181,1,0.2746613798734934,0.0261432143634251,0.0,-0.2746613798734934,-0.0261432143634251,0.0,0.1597142739857098,0.6273805400954109,0.0,-0.4802146995483266,0.5965623508944985,0.0,-0.0012048146532112,1.084416869901025,0.0,-0.5718942092657412,1.0601026683646333,0.0,-0.049249893508194,1.119727068186759,0.0,-0.5614803762748801,1.0886528042960697,0.0,-0.0659120262935717,1.3329743620880228,0.0,-0.6501334080877385,1.2999585208163342,0.0,0.5719098448753357,0.5365507900714874,-0.0003079837188124,0.2311333943759732
182,1,0.273440921472154,0.0247489604258971,0.0,-0.273440921472154,-0.0247489604258971,0.0,0.1585578770537006,0.6251188417536331,0.0,-0.440308865480951,0.5962458258259987,0.0,-0.0012982471190483,1.081848348122127,0.0,-0.5171503129069585,1.0660084478765506,0.0,-0.0507956538135678,1.1157729592753654,0.0,-0.4892390281619695,1.101195315139596,0.0,-0.0654892404148203,1.3279674661649314,0.0,-0.5828626975790726,1.3058823545801388,0.0,0.571854829788208,0.536820113658905,-0.0003108149394392,0.2318537447141616
183,1,0.275662690591935,0.0214742104443028,0.0,-0.275662690591935,-0.0214742104443028,0.0,0.1602193781571193,0.6227767569506977,0.0,-0.4066305385747299,0.6080450442592249,0.0,-0.0021175247455531,1.0797499898146918,0.0,-0.4445064502805937,1.0758331075321217,0.0,-0.0541547319125783,1.1096670500104602,0.0,-0.418857008894587,1.1153655129509414,0.0,-0.0690047841204397,1.3306458545803517,0.0,-0.4726070248514463,1.3188926125678069,0.0,0.5719424784183502,0.5390886068344116,-0.0003106212243437,0.2296757570678338
184,1,0.258506900734463,0.0183350241534496,0.0,-0.258506900734463,-0.0183350241534496,0.0,0.1498624003339591,0.5826677394096281,0.0,-0.3498983128048625,0.5687994551378573,0.0,-0.0028932693165147,1.006402304629037,0.0,-0.3716756610396245,0.9947168626669264,0.0,-0.0585133074347998,1.0344752376198498,0.0,-0.3533467172268702,1.0332046896281322,0.0,-0.0688790722523736,1.2426955318804336,0.0,-0.3945233924504104,1.2338970356805146,0.0,0.5720159411430359,0.5400397479534149,-0.0003192219883203,0.2450711553883919
185,1,0.2689291354047461,0.0168078891564167,0.0,-0.2689291354047461,-0.0168078891564167,0.0,0.1542597095821974,0.6030652315886633,0.0,-0.3514315426234575,0.5897553604184025,0.0,-0.0044841357906991,1.0393130233231138,0.0,-0.3579326858204483,1.0297348940973,0.0,-0.0618479377227564,1.0687667951319189,0.0,-0.329432654471315,1.07111592327115,0.0,-0.0731091829858746,1.2849687920434123,0.0,-0.4022608122216253,1.2799510624323505,0.0,0.5723802149295807,0.5418559312820435,-0.0003198618069291,0.2356399069018798
186,1,0.2664182222096753,0.0161685453249572,0.0,-0.2664182222096753,-0.0161685453249572,0.0,0.1514826642027585,0.6017272061977361,0.0,-0.3391848192134173,0.5896797973308021,0.0,-0.0072435194154668,1.0332079082512204,0.0,-0.3410265353133359,1.0276009507910076,0.0,-0.067208371543431,1.063524767133182,0.0,-0.3187119505603393,1.0734373104085595,0.0,-0.0780773750034113,1.2783722873223438,0.0,-0.4061682155655914,1.2800067030496227,0.0,0.5729712545871735,0.5427830517292023,-0.0003226660192012,0.2360604215877313
187,1,0.2690597059604706,0.0162924118451034,0.0,-0.2690597059604706,-0.0162924118451034,0.0,0.1516139055966884,0.6103455769422587,0.0,-0.3341811698454373,0.6006623558572513,0.0,-0.0084514106629428,1.0428636374571283,0.0,-0.3333242193494896,1.045444330136349,0.0,-0.0666353458573006,1.072535724114875,0.0,-0.3014085966729714,1.0876326229190991,0.0,-0.0864608732147047,1.2904567654460313,0.0,-0.4152723311829245,1.3004293431190812,0.0,0.5733627676963806,0.5438225865364075,-0.0003133029676973,0.233180997682405
188,1,0.2694065065713009,0.0164111085554282,0.0,-0.2694065065713009,-0.0164111085554282,0.0,0.1503900751231792,0.6111684884656424,0.0,-0.330738235675232,0.6011907351143967,0.0,-0.012126811856617,1.0444483200396606,0.0,-0.3201467581015401,1.0552340497755028,0.0,-0.0727421881254243,1.0781734641967182,0.0,-0.2926750491618513,1.10638558355156,0.0,-0.0878529077007654,1.2921106132401314,0.0,-0.4101182684350868,1.3022137731255716,0.0,0.5737830400466919,0.5437870025634766,-0.0003052675165235,0.232892776500962
189,1,0.2717376638799961,0.0167451372136104,0.0,-0.2717376638799961,-0.0167451372136104,0.0,0.1501729716445124,0.6172934281204802,0.0,-0.3284765157345055,0.611195639232837,0.0,-0.0138081288044245,1.0526943226782015,0.0,-0.3133633935952292,1.0623492625011046,0.0,-0.0747140909443041,1.0871900246056048,0.0,-0.292482469029908,1.1081395244824768,0.0,-0.0899409037316779,1.3018173440598704,0.0,-0.3874630136557681,1.317792298028149,0.0,0.5741269588470459,0.5437259376049042,-0.0003032903186976,0.2312032588942636
190,1,0.2723228045965535,0.015961632811003,0.0,-0.2723228045965535,-0.015961632811003,0.0,0.1499167489122418,0.6200092172468821,0.0,-0.3254537915342311,0.6175732835708732,0.0,-0.015149223291373,1.0574146980362171,0.0,-0.3104060870607398,1.0644819098249272,0.0,-0.0762490489679016,1.0928328525544322,0.0,-0.2974064988403547,1.1083517649083718,0.0,-0.0897399157533929,1.3065245256873588,0.0,-0.342715227781327,1.323955721080173,0.0,0.5743981301784515,0.5440257489681244,-0.0003040069714188,0.2301545786237882
191,1,0.2713056544866689,0.0151253116394227,0.0,-0.2713056544866689,-0.0151253116394227,0.0,0.1489184460996227,0.6168027186754077,0.0,-0.3248751777807234,0.6119329383522537,0.0,-0.016853490093898,1.0532934735409905,0.0,-0.3073509258158763,1.0606137912565647,0.0,-0.0778163946194486,1.090652853629131,0.0,-0.2947790870709514,1.1094018570263584,0.0,-0.0898614001539925,1.3016964960792683,0.0,-0.3598957494636227,1.3154492481470208,0.0,0.5745535492897034,0.5446548461914062,-0.000305282883346,0.2304612902433678
192,1,0.2687361073424728,0.0147220183275161,0.0,-0.2687361073424728,-0.0147220183275161,0.0,0.1465998410445867,0.6114149536055885,0.0,-0.3231574597219078,0.6043982793321351,0.0,-0.0171964517466176,1.044284881561616,0.0,-0.2989461317952587,1.0500082129237045,0.0,-0.0761844476768454,1.0793258692982222,0.0,-0.278762533133793,1.0973586913565387,0.0,-0.0914422978441047,1.290963776896944,0.0,-0.3406152771909314,1.3061538132551465,0.0,0.5747342109680176,0.5449196696281433,-0.000305887311697,0.2320416216047675
193,1,0.2643305861294215,0.013445281352954,0.0,-0.2643305861294215,-0.013445281352954,0.0,0.1435831775640973,0.5999206325649866,0.0,-0.3200775533905851,0.5938831862989328,0.0,-0.0177518565147214,1.0248162464370716,0.0,-0.2943926851102494,1.041723017205973,0.0,-0.0754194157453337,1.059398277555279,0.0,-0.2723420900051396,1.088662815803812,0.0,-0.0903025815500448,1.267509553403476,0.0,-0.3461646147375076,1.2864406875144432,0.0,0.574936032295227,0.5455989837646484,-0.0003259759396314,0.2357847454766864
194,1,0.2622079789488091,0.0133798982573081,0.0,-0.2622079789488091,-0.0133798982573081,0.0,0.1446180855451706,0.5948198933931699,0.0,-0.3189192224050301,0.5895422821872727,0.0,-0.013812592141822,1.0125024355773795,0.0,-0.3015520186472969,1.030270978590314,0.0,-0.0725204983926695,1.047095621842422,0.0,-0.2789500968165662,1.076688622661725,0.0,-0.0837838337528597,1.2571856851107892,0.0,-0.3388874807920194,1.2755226248439024,0.0,0.5749443173408508,0.5456896424293518,-0.0003306847065687,0.2376229845565178
195,1,0.2653621427902857,0.013290176542254,0.0,-0.2653621427902857,-0.013290176542254,0.0,0.1466041074368039,0.6029015239710773,0.0,-0.3238886233778836,0.596696426152961,0.0,-0.0142545217742353,1.024940925539661,0.0,-0.3018398035007332,1.0479403687403537,0.0,-0.0733387725289477,1.060663118957703,0.0,-0.2780574491907563,1.0960105009878205,0.0,-0.0847950414192363,1.2724582346235207,0.0,-0.3508900357639447,1.2912211656482997,0.0,0.5749216675758362,0.5458979606628418,-0.0003295755013823,0.2345629131777491
196,1,0.267543153187901,0.0132115757037262,0.0,-0.267543153187901,-0.0132115757037262,0.0,0.1488617979490892,0.6073384684316282,0.0,-0.3271271584403617,0.6027069146536413,0.0,-0.0143512049656477,1.0328750610100508,0.0,-0.3007038788982946,1.055240701712758,0.0,-0.0737439052385661,1.069405983352675,0.0,-0.2742438247218479,1.1031353704824982,0.0,-0.0846445731686524,1.2826078871775668,0.0,-0.3506552363663824,1.302729121971592,0.0,0.5749336183071136,0.5459739863872528,-0.0003240164369344,0.232586038436083
197,1,0.2679192921124271,0.0128553352610643,0.0,-0.2679192921124271,-0.0128553352610643,0.0,0.1497872552918411,0.6069080760107834,0.0,-0.3282650288976194,0.6028957500477123,0.0,-0.0123286340380517,1.0311242551525526,0.0,-0.3060926147269154,1.0554110480325525,0.0,-0.0731130103745563,1.067451363536145,0.0,-0.2797424059417965,1.1021276364998147,0.0,-0.079848059452445,1.282442510081838,0.0,-0.3493012421117346,1.3027621631626711,0.0,0.5749711990356445,0.5463284552097321,-0.0003298996016383,0.2321599483998112
198,1,0.2691287167181393,0.0133524827730595,0.0,-0.2691287167181393,-0.0133524827730595,0.0,0.1506557458414563,0.6095069890594103,0.0,-0.330126073956518,0.6050807003905806,0.0,-0.0101382277689062,1.0302143041848768,0.0,-0.3109659889646509,1.056525271764902,0.0,-0.071842486462813,1.0647700917687366,0.0,-0.2848161789296579,1.0974012714868069,0.0,-0.0789460531957495,1.2868766467755604,0.0,-0.3458538900173126,1.306937280129066,0.0,0.5749289989471436,0.5465347468852997,-0.0003321208059787,0.2311582928198153
199,1,0.2677423049241617,0.0134255665511354,0.0,-0.2677423049241617,-0.0134255665511354,0.0,0.1502615423164183,0.604441942223266,0.0,-0.3291761376027151,0.6017175758711447,0.0,-0.0083076625888705,1.0245985494281222,0.0,-0.3107841633065599,1.05074620644625,0.0,-0.0699754741838129,1.0585095858431035,0.0,-0.2831533570388216,1.091021879876339,0.0,-0.0771287638184156,1.2800532411823362,0.0,-0.3493144874294183,1.3008553009396298,0.0,0.5748489201068878,0.5465633869171143,-0.0003325371071696,0.2323262150030001
200,1,0.2726459422838147,0.0139996222153302,0.0,-0.2726459422838147,-0.0139996222153302,0.0,0.1534119713913327,0.6162152017049968,0.0,-0.3360230801581702,0.6139335494705184,0.0,-0.0082455723190787,1.044004609773434,0.0,-0.317990970849396,1.070043410514424,0.0,-0.0715955289984301,1.0776839398870173,0.0,-0.2874097742509908,1.104721910902052,0.0,-0.0798578282067421,1.305223995849758,0.0,-0.3584327993296472,1.3270408252052082,0.0,0.5748308897018433,0.5462881326675415,-0.0003314893692731,0.2280577824377022
201,1,0.2740996365893164,0.0161658471213413,0.0,-0.2740996365893164,-0.0161658471213413,0.0,0.1550045844062242,0.6245074226100445,0.0,-0.3409474997595192,0.6192993600659226,0.0,-0.008863542756405,1.0542778978922671,0.0,-0.3257078510186007,1.0796286111956772,0.0,-0.0741984316251978,1.0898689920429458,0.0,-0.3002506419512565,1.115508502972197,0.0,-0.0816035594863464,1.3161549159790176,0.0,-0.354733192787415,1.3378121148687394,0.0,0.574543297290802,0.5448412895202637,-0.0003289571031928,0.2272342568833179
202,1,0.2738596044522565,0.0182803086358853,0.0,-0.2738596044522565,-0.0182803086358853,0.0,0.1562110239245403,0.6299446031155204,0.0,-0.3573518794704035,0.6213511748159084,0.0,-0.0098319060552846,1.0612262224239897,0.0,-0.3634183524169173,1.0839970927637024,0.0,-0.0765078730396597,1.0975698246757957,0.0,-0.3439890945378176,1.1201184444100198,0.0,-0.079560481179355,1.3209125733045644,0.0,-0.3577682394091896,1.341619837610042,0.0,0.5741381049156189,0.5432635545730591,-0.0003262031823396,0.2276904636686251
203,1,0.2716911558662577,0.0201895404853856,0.0,-0.2716911558662577,-0.0201895404853856,0.0,0.156388155743484,0.6263643369554391,0.0,-0.3881513986175251,0.6037492345629655,0.0,-0.0082815539707738,1.0537637248282026,0.0,-0.4335675079124307,1.0665745651397844,0.0,-0.0741559626387206,1.0888414202259993,0.0,-0.418133679246904,1.103655006198483,0.0,-0.0817928059830374,1.3109587305565296,0.0,-0.443699303705157,1.3170881420666165,0.0,0.5738084316253662,0.5424830317497253,-0.0003231512382626,0.2302049313291777
204,1,0.2593312554130509,0.022191162207115,0.0,-0.2593312554130509,-0.022191162207115,0.0,0.1506835405968877,0.5979552227404464,0.0,-0.4278609288050772,0.5615480054537008,0.0,-0.0069841766673527,1.0125647255941856,0.0,-0.5284091916995688,1.003265908244569,0.0,-0.0697206323705507,1.043005615407705,0.0,-0.5079356422900152,1.0401616141170194,0.0,-0.0738648826014464,1.257931208605035,0.0,-0.5517381025994754,1.2376292969948064,0.0,0.573761910200119,0.5406796932220459,-0.0003251899033784,0.2413525941361036
205,1,0.2589352205360513,0.0230909537699988,0.0,-0.2589352205360513,-0.0230909537699988,0.0,0.1511588404694214,0.5957099890916714,0.0,-0.5152879996255428,0.5548033104868095,0.0,-0.0077266805367188,1.0043216284369187,0.0,-0.6502929413984375,0.9925045257992728,0.0,-0.0706816779822848,1.0337963096331753,0.0,-0.6415242403313215,1.0224815395342397,0.0,-0.0618761129813103,1.2529292950227622,0.0,-0.7256881648436359,1.221488291594499,0.0,0.5739406943321228,0.5404509603977203,-0.000326769426465,0.242532355625778
206,1,0.2611530627135509,0.0258930281540901,0.0,-0.2611530627135509,-0.0258930281540901,0.0,0.1543425391242734,0.5988319009101774,0.0,-0.5855548338758679,0.5364487273710798,0.0,-0.0077277356286613,1.0074521487503076,0.0,-0.760842555661523,0.9508711691802992,0.0,-0.0681883177763064,1.0361860392481617,0.0,-0.7486597922440108,0.9837224046951166,0.0,-0.0574370490361257,1.256289317197437,0.0,-0.8386228097347375,1.195905196165232,0.0,0.5731991529464722,0.5398000478744507,-0.000328617170453,0.2424375372821348
207,1,0.2591357470978993,0.0278212077125983,0.0,-0.2591357470978993,-0.0278212077125983,0.0,0.1561182658306396,0.5923884983332387,0.0,-0.6436523371790644,0.4986578387067311,0.0,-0.0055040309491309,0.996840093941662,0.0,-0.8606783461030156,0.8927788327470266,0.0,-0.0654307084190405,1.0257321848564154,0.0,-0.8295403295620425,0.9285918603390604,0.0,-0.0479582116375391,1.242867093036879,0.0,-0.9992233590320102,1.1262026875305118,0.0,0.5723367929458618,0.5396232306957245,-0.0003337902016937,0.2452071916242145
208,1,0.2579231238172688,0.0293712546436108,0.0,-0.2579231238172688,-0.0293712546436108,0.0,0.1559737237987677,0.5868100924612514,0.0,-0.7276820455082357,0.4725338557519961,0.0,-0.0035870391429086,0.9911439193422752,0.0,-0.9848648485321126,0.8509627390107705,0.0,-0.0620706899352811,1.0211495102321335,0.0,-0.9459537761558284,0.8876906747346509,0.0,-0.0469831793620189,1.2350038484603905,0.0,-1.1637260380082717,1.05992100204747,0.0,0.5719645023345947,0.5397011339664459,-0.00032769003883,0.2466079955833102
209,1,0.2586288244471282,0.030955664284437,0.0,-0.2586288244471282,-0.030955664284437,0.0,0.1573120461402928,0.5868847044555017,0.0,-0.8059224454429682,0.4569536928119125,0.0,-0.0005456396281682,0.9969027331669872,0.0,-1.1594021096205227,0.8225218297902676,0.0,-0.0537863113094793,1.0317696624291948,0.0,-1.1387408221025008,0.869208044793041,0.0,-0.0504509589086213,1.2358301647548795,0.0,-1.40055545058369,0.9772379100298344,0.0,0.5717248916625977,0.5398938059806824,-0.0003278101794421,0.2461134744369192
210,1,0.2581236338466794,0.0343942752928895,0.0,-0.2581236338466794,-0.0343942752928895,0.0,0.1595740872694564,0.5868412090591221,0.0,-0.8708512877846843,0.4290555611079745,0.0,0.0010613298132583,0.994745072913446,0.0,-1.3237681351054411,0.7755150650915538,0.0,-0.0508926159819754,1.029174573584143,0.0,-1.3159864524114255,0.827536335840959,0.0,-0.049270084586446,1.230256899562884,0.0,-1.6856519664243748,0.9159029830997656,0.0,0.5713714361190796,0.5390300452709198,-0.0003500115126371,0.2478917474586595
211,1,0.2565114627413781,0.0376623524214268,0.0,-0.2565114627413781,-0.0376623524214268,0.0,0.1613428097455234,0.5812634656157311,0.0,-0.9040415990732906,0.3861616308158177,0.0,0.002887697850494,0.98833110968274,0.0,-1.4371882173220747,0.7170365818599498,0.0,-0.0480352279022823,1.0224788839014338,0.0,-1.4560055223910908,0.786060335470043,0.0,-0.0542152084915719,1.2192435887866977,0.0,-1.7731957884581613,0.8559727946735095,0.0,0.5708183944225311,0.5382290482521057,-0.0003473116084933,0.2503017151690996
212,1,0.2583495691419871,0.0455371026494795,0.0,-0.2583495691419871,-0.0455371026494795,0.0,0.1671457804044119,0.5929508630591638,0.0,-0.9735649169157216,0.3533888603039147,0.0,0.0070715021322289,1.003144847160118,0.0,-1.5136812409690217,0.6596337355027431,0.0,-0.0445019891854787,1.0387004387786305,0.0,-1.547010483915222,0.7207469109241804,0.0,-0.0638144641321461,1.2321517767640309,0.0,-1.805529533610805,0.7748066350429378,0.0,0.5696772038936615,0.5361493825912476,-0.0003479914739727,0.2493043695496188
213,1,0.2633077836822709,0.0524178716555433,0.0,-0.2633077836822709,-0.0524178716555433,0.0,0.1759748315420324,0.6116175181085042,0.0,-1.0480982299457278,0.3316863825656799,0.0,0.013719740464596,1.028160171443754,0.0,-1.6204093177059975,0.6197383240388871,0.0,-0.0394105744770852,1.0643370402685246,0.0,-1.6258570909958787,0.6855980966760926,0.0,-0.0572181242565702,1.2614897935728484,0.0,-2.0006299703690784,0.7316015426364223,0.0,0.5682023167610168,0.5346820056438446,-0.0003586253151297,0.2446703997880103
214,1,0.2692620656101956,0.0545919246494839,0.0,-0.2692620656101956,-0.0545919246494839,0.0,0.1871606486412611,0.6257858976327112,0.0,-1.1357022055411707,0.3143557406225166,0.0,0.0268807788587849,1.0507311235912054,0.0,-1.8572794712071024,0.6167740906022654,0.0,-0.0273202102268062,1.0882428755121545,0.0,-1.9141683587935825,0.6632823090441908,0.0,-0.0420485838826823,1.2872830167443154,0.0,-2.2274235183791338,0.7676497332249704,0.0,0.5650427341461182,0.534367561340332,-0.0003517726436257,0.2408973433047289
215,1,0.266387465906328,0.0597265556555937,0.0,-0.266387465906328,-0.0597265556555937,0.0,0.1920637513302405,0.6246189566167828,0.0,-1.1372376430752476,0.282268106742046,0.0,0.0331797502653941,1.0518739641545716,0.0,-1.931700016481126,0.5765050733861724,0.0,-0.0216526761448999,1.0900453887834745,0.0,-1.9941469355185943,0.627744095290317,0.0,-0.0349794084311418,1.2874170971332353,0.0,-2.269690748907085,0.7339564421088358,0.0,0.563444048166275,0.5327199399471283,-0.0003640288487076,0.2419745832943079
216,1,0.2669917601097739,0.0603173956682209,0.0,-0.2669917601097739,-0.0603173956682209,0.0,0.2020511752167099,0.6259866581892188,0.0,-1.1858878785307163,0.27213732692338,0.0,0.0440754860816352,1.045647203662727,0.0,-2.033421967497293,0.5574833794398363,0.0,-0.0128179261634414,1.085141064461374,0.0,-2.079434173408077,0.6123172860689519,0.0,-0.0238670483634254,1.2842244758534125,0.0,-2.3483482811999457,0.7487072707734473,0.0,0.5607936978340149,0.532691478729248,-0.0003664083778858,0.2423539375085435
217,1,0.2653391312211263,0.0611851243194672,0.0,-0.2653391312211263,-0.0611851243194672,0.0,0.2074663993235889,0.6178690502679062,0.0,-1.1798056873194158,0.244843703110435,0.0,0.0498654546718336,1.0444064990386277,0.0,-2.076460366133634,0.5346133218825144,0.0,-0.0083085598105579,1.0869652994526289,0.0,-2.130508077826285,0.607951484561749,0.0,-0.0205233745831676,1.2800719922410506,0.0,-2.413293752086438,0.694398013699349,0.0,0.5593101680278778,0.5323970913887024,-0.0003495216369628,0.243140865458157
218,1,0.2634485941182158,0.0623067578728381,0.0,-0.2634485941182158,-0.0623067578728381,0.0,0.2125807585457064,0.6174379136680465,0.0,-1.1686626952125676,0.2345403006848619,0.0,0.0549858109491625,1.040481831269642,0.0,-2.055395844733365,0.5227635138155022,0.0,-0.0095466682359407,1.0815930467961803,0.0,-2.12270317580864,0.5881805150283144,0.0,-0.0085583003900616,1.2771838353741558,0.0,-2.367401995127236,0.6916920718355951,0.0,0.5578964203596115,0.5320587158203125,-0.0003377432003617,0.2439383162065652
219,1,0.2608856427058402,0.063424249986077,0.0,-0.2608856427058402,-0.063424249986077,0.0,0.2134064238683433,0.6164042547163188,0.0,-1.1584293784352426,0.2299056999211499,0.0,0.0562334179754172,1.0376452201724655,0.0,-2.0396104077293136,0.518891936308618,0.0,-0.0123594059518502,1.079293009082809,0.0,-2.1063905789879938,0.5726866523804488,0.0,0.0029037957183245,1.2734283242524562,0.0,-2.3295927676731183,0.6917453174555452,0.0,0.5574770867824554,0.5314210653305054,-0.000328860245645,0.2450346085008908
220,1,0.266013347989769,0.0654952008926063,0.0,-0.266013347989769,-0.0654952008926063,0.0,0.2200368788027737,0.6341837843929813,0.0,-1.1852564310082765,0.2447137413718715,0.0,0.0595120620960367,1.0585321086194015,0.0,-2.079647034644842,0.5449749130373506,0.0,-0.0117738378194329,1.102035912946309,0.0,-2.1390945518200044,0.6027167775246743,0.0,0.0075148352405795,1.2980414094274044,0.0,-2.341656477211026,0.7265715125008554,0.0,0.5569573044776917,0.5320057570934296,-0.0003294856287539,0.2400418521142867
221,1,0.2658495765722199,0.0653334757690706,0.0,-0.2658495765722199,-0.0653334757690706,0.0,0.22167418611949,0.6323811294852314,0.0,-1.168365197493199,0.2542602825464629,0.0,0.0591069627349997,1.057289157591507,0.0,-2.0453820515648107,0.5596105263084057,0.0,-0.0128984150414483,1.1001258998487,0.0,-2.099990197970098,0.6193581544077942,0.0,0.0040365391742354,1.2958384991843042,0.0,-2.308431047240714,0.7433030821710883,0.0,0.5570486187934875,0.5322601795196533,-0.0003262972459197,0.2402177507393353
222,1,0.2633390840652208,0.0648697097538735,0.0,-0.2633390840652208,-0.0648697097538735,0.0,0.2203317697503516,0.6272973761984953,0.0,-1.1398471531027328,0.2607361429790504,0.0,0.0582842823199759,1.0471184672511502,0.0,-1.965545503770704,0.5651852827008251,0.0,-0.0148951328752715,1.0863843378581688,0.0,-2.0120275423381884,0.6248034080081306,0.0,0.0035995455177092,1.283595302505777,0.0,-2.234766144961712,0.7467262643560862,0.0,0.5571070611476898,0.5321632623672485,-0.0003301287069916,0.2425801366703615
223,1,0.2635311055854273,0.0645897151877384,0.0,-0.2635311055854273,-0.0645897151877384,0.0,0.2185442761611364,0.6295128296456167,0.0,-1.1339144829227503,0.2855685693889773,0.0,0.0566018401826691,1.045242726648369,0.0,-1.847425005078992,0.5923949075272978,0.0,-0.0164437141433723,1.0842048013326002,0.0,-1.86661855247128,0.6754295807240562,0.0,-0.0021161050032612,1.2809049285397245,0.0,-2.214564327449311,0.7499297159027377,0.0,0.5574832111597061,0.532223105430603,-0.0003458061255514,0.2431177041898838
224,1,0.262247808769784,0.064016981199937,0.0,-0.262247808769784,-0.064016981199937,0.0,0.2147032394287054,0.6274046717773267,0.0,-1.0506040629274522,0.3020111333387056,0.0,0.0536488196021699,1.0364185948453415,0.0,-1.6182348045766315,0.6208972450516197,0.0,-0.0186348039955538,1.073357122375037,0.0,-1.6424919379184613,0.6960522658124676,0.0,-0.0032579830077132,1.2744115270855787,0.0,-1.9519812932341332,0.7496831529062264,0.0,0.5581473410129547,0.5322956144809723,-0.0003508981317281,0.2443016498624494
225,1,0.2548180689456619,0.0606941323146388,0.0,-0.2548180689456619,-0.0606941323146388,0.0,0.203334199843712,0.6087755399787442,0.0,-0.947989060885234,0.3353406953255702,0.0,0.0474933883591014,1.00422905435149,0.0,-1.4626644271864675,0.6525732345503614,0.0,-0.0181034357331991,1.040833852804873,0.0,-1.484971763281721,0.70576139236703,0.0,-0.0082336191604101,1.2338199448307638,0.0,-1.7421733523345502,0.7896612057319696,0.0,0.559260219335556,0.5320633351802826,-0.000349324196577,0.2525423868655479
226,1,0.2513414348443761,0.0571017634647535,0.0,-0.2513414348443761,-0.0571017634647535,0.0,0.1950046088505557,0.6022843952904737,0.0,-0.845093385409379,0.3611335299508781,0.0,0.0404046639033148,1.0005482707914497,0.0,-1.3849133844973591,0.7225793508875961,0.0,-0.0243787560355994,1.0406302924908548,0.0,-1.4026757822981346,0.7837591433831689,0.0,-0.0144979628139636,1.2268743204481942,0.0,-1.6914091502543425,0.8648022800589723,0.0,0.5608959048986435,0.5313449501991272,-0.0003428515046834,0.254801465246222
227,1,0.2481988412798114,0.0526544473369974,0.0,-0.2481988412798114,-0.0526544473369974,0.0,0.1895928490262807,0.5975163456451189,0.0,-0.7791168630284466,0.3806307344201321,0.0,0.0350858872596159,0.9947359059527664,0.0,-1.1858177219477015,0.7296787549253326,0.0,-0.0248102158906415,1.0341278683938993,0.0,-1.1652853067559648,0.7775177774653196,0.0,-0.0185272052419932,1.2226738021249328,0.0,-1.4694057585733369,0.8798452331008548,0.0,0.5622812360525131,0.5325190722942352,-0.0003393799997866,0.2550767105679655
228,1,0.2440521419998969,0.0473591446996207,0.0,-0.2440521419998969,-0.0473591446996207,0.0,0.1822521000446948,0.5841252008041158,0.0,-0.7153931985749031,0.4048175083175781,0.0,0.0321496431763513,0.9732098890955352,0.0,-1.064187369150302,0.7650593071135562,0.0,-0.0267751109305769,1.009246292977114,0.0,-1.0433181662201656,0.8128183217084892,0.0,-0.0208281684978743,1.1992542460301538,0.0,-1.3109239572349645,0.919794453546244,0.0,0.5629230588674545,0.5340425372123718,-0.0003368444740772,0.2589173858511567
229,1,0.2436137470863779,0.044355547694184,0.0,-0.2436137470863779,-0.044355547694184,0.0,0.179255347383634,0.5791183723578336,0.0,-0.6570400415571931,0.4256153853236075,0.0,0.0296225617228889,0.9675891464096316,0.0,-0.922498177797124,0.795360822817845,0.0,-0.0288944881256352,1.003375651302458,0.0,-0.8863061926227617,0.8476627278527268,0.0,-0.0231413061242522,1.192901864730226,0.0,-1.1416897740533904,0.9657456576324792,0.0,0.5635128021240234,0.5348301529884338,-0.0003333115018904,0.2595978336471787
230,1,0.244501965589557,0.0425267002603001,0.0,-0.244501965589557,-0.0425267002603001,0.0,0.1766276627119828,0.5802949540992721,0.0,-0.6010530400519174,0.4477699580742555,0.0,0.0244585781292266,0.9721806478822814,0.0,-0.8501652161140824,0.8221082275537811,0.0,-0.0339030471183743,1.0082042900831334,0.0,-0.8187560618768731,0.8705412180702392,0.0,-0.0280038089420305,1.1994516078970654,0.0,-1.0405629317222067,1.025676800489575,0.0,0.5644468367099762,0.5353990495204926,-0.0003252779133617,0.257788016238707
231,1,0.2459345556580072,0.0397428673921784,0.0,-0.2459345556580072,-0.0397428673921784,0.0,0.173624011068769,0.5777222534905307,0.0,-0.5502729034922919,0.4619853425961362,0.0,0.0175820942577986,0.9767333986314936,0.0,-0.7628346793278118,0.8378040785420868,0.0,-0.0387660002176294,1.01311718536358,0.0,-0.7438239328500476,0.8799572430401189,0.0,-0.0355050374343085,1.2059024990820706,0.0,-0.92923187761309,1.0495154217592293,0.0,0.5656198561191559,0.5361965894699097,-0.0003237521741539,0.2557490671046398
232,1,0.243401162416298,0.03667757273726,0.0,-0.243401162416298,-0.03667757273726,0.0,0.1626138602723595,0.570994796974939,0.0,-0.5051339898370985,0.4722271504567957,0.0,0.0087423718743678,0.9673166588322832,0.0,-0.6737647659273616,0.8532062359415556,0.0,-0.0452023666734838,0.9994369059114616,0.0,-0.6606237069128779,0.8881277845000214,0.0,-0.0448894898300217,1.1956218030378836,0.0,-0.8127530664767146,1.0737107652557183,0.0,0.5673382580280304,0.5369310677051544,-0.0003267809515818,0.2573724351106154
233,1,0.2467231525559577,0.0355830327623567,0.0,-0.2467231525559577,-0.0355830327623567,0.0,0.1573754498231308,0.5820140022700413,0.0,-0.482325087614028,0.5040774222547548,0.0,0.0031406792261005,0.989917728696658,0.0,-0.6336498283331667,0.9264627170722056,0.0,-0.0493236666809756,1.020760999981026,0.0,-0.6481309245656627,0.9626553062491744,0.0,-0.0535697866163794,1.2195892369873915,0.0,-0.702961019826274,1.138634148716013,0.0,0.5680157840251923,0.536820650100708,-0.0003172942670062,0.2524773575026697
234,1,0.2585177536924725,0.0361712880093222,0.0,-0.2585177536924725,-0.0361712880093222,0.0,0.1594782323577507,0.6118794611392654,0.0,-0.4663892257767066,0.5432335418072988,0.0,-0.0012395825886839,1.04251576423569,0.0,-0.5751625979337222,0.9780331446153764,0.0,-0.0542507266546087,1.0737143254565271,0.0,-0.5782991588832425,1.016808946061435,0.0,-0.0589993158624806,1.2823231183416597,0.0,-0.6590116477336285,1.211463126784811,0.0,0.5682522058486938,0.5368518829345703,-0.0003227912820875,0.2401337343115893
235,1,0.2592985708971901,0.0334000633700994,0.0,-0.2592985708971901,-0.0334000633700994,0.0,0.1554839017844695,0.611796612098612,0.0,-0.4427924687425403,0.5602345065464209,0.0,-0.0050519551416634,1.048427773185187,0.0,-0.5385682339010323,1.0013842345989592,0.0,-0.0576890775929133,1.0814538904910955,0.0,-0.5309599609903407,1.0431453324226567,0.0,-0.0617836309248226,1.2866987138805062,0.0,-0.5769017633260116,1.2262989955351458,0.0,0.56867915391922,0.537712424993515,-0.0003132601268589,0.2386920577552627
236,1,0.2653271456910216,0.0319134061465332,0.0,-0.2653271456910216,-0.0319134061465332,0.0,0.1579833633200254,0.6233221261249784,0.0,-0.4264251357501473,0.5824742526920617,0.0,-0.0053731618508337,1.0681564224256277,0.0,-0.4771178076528118,1.0293816486341751,0.0,-0.0588041017852185,1.0982640980361422,0.0,-0.4564465385610051,1.070308137517667,0.0,-0.0756260214935078,1.312845991360803,0.0,-0.5204843108212804,1.264709087336738,0.0,0.5686357021331787,0.5382413566112518,-0.0003136643208563,0.2335193712752293
237,1,0.2640444462569795,0.0286722613254399,0.0,-0.2640444462569795,-0.0286722613254399,0.0,0.1528128924056513,0.6165984638172356,0.0,-0.4052372006318974,0.5788477474024921,0.0,-0.010403716743919,1.0577969283757565,0.0,-0.4182760734919274,1.03025688627896,0.0,-0.0626074687905317,1.0878912265719898,0.0,-0.4058217889784423,1.072162332906362,0.0,-0.0779568816872095,1.3028000253393477,0.0,-0.4620964501843311,1.2620581673348097,0.0,0.5686361789703369,0.5390109121799469,-0.000312577933073,0.2346610067774283
238,1,0.2656968594091684,0.0279282591426614,0.0,-0.2656968594091684,-0.0279282591426614,0.0,0.1528864251666181,0.6208877779804085,0.0,-0.3873486353146633,0.5887706061160056,0.0,-0.015739342973102,1.0638020828267922,0.0,-0.3870929595633653,1.0374069828791328,0.0,-0.0667056628216424,1.093729831224102,0.0,-0.3592098497654803,1.079678792361622,0.0,-0.0794674512723743,1.310854692977976,0.0,-0.4327933054086832,1.2733039957175538,0.0,0.5686829686164856,0.5392355024814606,-0.0003133160062134,0.2330093571664646
239,1,0.2653833613061589,0.0251656877983316,0.0,-0.2653833613061589,-0.0251656877983316,0.0,0.1479386308652345,0.6181444534391551,0.0,-0.3699181105124953,0.5975985426314049,0.0,-0.0173877134313431,1.057950901800485,0.0,-0.3592484004956481,1.035815673254615,0.0,-0.0692051943619783,1.0880789602378174,0.0,-0.3336494249808963,1.0766313250461474,0.0,-0.0936363879476283,1.3054529695643784,0.0,-0.4137078890438301,1.280337099634385,0.0,0.5686766505241394,0.54008549451828,-0.0003144154325127,0.2333079699887672
240,1,0.2704914992296517,0.0249908989828085,0.0,-0.2704914992296517,-0.0249908989828085,0.0,0.1464178750490985,0.6304753509535661,0.0,-0.3643044927278031,0.6061991992848068,0.0,-0.0216651758248147,1.0774861326059602,0.0,-0.3432535569444608,1.059417737117254,0.0,-0.0725223765116825,1.1082153198609053,0.0,-0.3141850831208473,1.100840533640208,0.0,-0.1031471507710234,1.3297278806076578,0.0,-0.4085023054618606,1.3098066101146624,0.0,0.5686688125133514,0.5402662754058838,-0.0003267708234488,0.2289127173931514
241,1,0.2690754468259935,0.0227635570726729,0.0,-0.2690754468259935,-0.0227635570726729,0.0,0.141484395942273,0.6248408071628294,0.0,-0.3460815349684404,0.6075009073331903,0.0,-0.0263774718905234,1.0678094307514714,0.0,-0.3262456128933745,1.0598442842534024,0.0,-0.0794920066079606,1.0997933346729416,0.0,-0.3070650116206135,1.1049143966611454,0.0,-0.1029001330248259,1.3172398910356264,0.0,-0.3878027624775891,1.3053127674552685,0.0,0.5686468780040741,0.5413745045661926,-0.0003258029464632,0.2300704455421696
242,1,0.2586558309855458,0.0216616530065225,0.0,-0.2586558309855458,-0.0216616530065225,0.0,0.1343977237062264,0.5993887008133036,0.0,-0.3284542830465206,0.5789562394483755,0.0,-0.0267490887275554,1.025575491800969,0.0,-0.3029904451719427,1.0157758433470945,0.0,-0.0774938868715769,1.0564359630913642,0.0,-0.28073294503643,1.0586980145586866,0.0,-0.0980412073318278,1.2618107526338898,0.0,-0.354380173398921,1.2487085937494216,0.0,0.5686067640781403,0.5416541993618011,-0.0003203051164746,0.23922999884539
243,1,0.2443926329067288,0.0196638968229549,0.0,-0.2443926329067288,-0.0196638968229549,0.0,0.1247352830671649,0.5659865175862882,0.0,-0.3044866098870322,0.5505290826262047,0.0,-0.0278331757992395,0.9673369813385532,0.0,-0.2616782274071929,0.9660490775469716,0.0,-0.0765468243298407,0.9962501978242806,0.0,-0.2538168588968905,1.006673014178889,0.0,-0.0923924430501723,1.1866280845066368,0.0,-0.3163554048634263,1.178822742518432,0.0,0.5686014890670776,0.5420135259628296,-0.0003206816036254,0.2531998226092066
244,1,0.2475516439652034,0.0197750958555528,0.0,-0.2475516439652034,-0.0197750958555528,0.0,0.1249065811690808,0.573058084685101,0.0,-0.2989345228334467,0.5620469233448397,0.0,-0.0291536860305862,0.9801804594656648,0.0,-0.2538473090466355,0.981109410084922,0.0,-0.0779712320348809,1.0108386882107478,0.0,-0.2448019501322023,1.0229338634659422,0.0,-0.1009780041793494,1.2000366316800493,0.0,-0.3172435440578385,1.1947925863381097,0.0,0.568734735250473,0.5419318974018097,-0.0003193607553839,0.2502373213442891
245,1,0.2493357634793803,0.0196117100834567,0.0,-0.2493357634793803,-0.0196117100834567,0.0,0.1233356524579585,0.5772637013960494,0.0,-0.2932645551148041,0.563970427434375,0.0,-0.0300923134751674,0.9858985928330511,0.0,-0.261751037188954,0.9856386222585422,0.0,-0.0782921530454892,1.0167732162842775,0.0,-0.2499842509641332,1.0274703818796616,0.0,-0.1041033459251227,1.20510990625333,0.0,-0.3203573741477362,1.2020686822170317,0.0,0.568752110004425,0.5421831607818604,-0.0003164538647979,0.2485336467735732
246,1,0.24995344280293,0.0187879512481652,0.0,-0.24995344280293,-0.0187879512481652,0.0,0.1197886492150454,0.5779802565014793,0.0,-0.2901569156372114,0.565084836968151,0.0,-0.0316714715333595,0.988144214625044,0.0,-0.2627904478454188,0.9864369730038804,0.0,-0.0780242113755506,1.0208779644918196,0.0,-0.2438980476414107,1.0298872578567826,0.0,-0.1070119817742058,1.2047259155501355,0.0,-0.3334562362915654,1.201742209129144,0.0,0.5688207149505615,0.5426234900951385,-0.0003144647926092,0.2479509531324101
247,1,0.2626813118831317,0.0193433735366129,0.0,-0.2626813118831317,-0.0193433735366129,0.0,0.1257383089371412,0.6069115330591182,0.0,-0.2976048152188689,0.5961318987129259,0.0,-0.0331465669397963,1.0381449219697698,0.0,-0.2781381187836967,1.037070648113673,0.0,-0.0789964032746224,1.0725646462106757,0.0,-0.2564881268933968,1.0825444506922366,0.0,-0.1145833989672596,1.265569278540425,0.0,-0.3442558713280433,1.2633909109470225,0.0,0.5688378214836121,0.5427664220333099,-0.0003115085419267,0.2358610362731992
248,1,0.2611424755873001,0.0185487594108973,0.0,-0.2611424755873001,-0.0185487594108973,0.0,0.1245556874188945,0.6018724167082085,0.0,-0.2956970609218732,0.5913122296992903,0.0,-0.0339296388312579,1.0315565990437543,0.0,-0.265889200900524,1.0299975034394693,0.0,-0.0795079634824618,1.0678090311889648,0.0,-0.2476734192259944,1.078066556908234,0.0,-0.1140689643306559,1.2558396845795448,0.0,-0.3495243523514377,1.2532895808123938,0.0,0.5688700377941132,0.5433994829654694,-0.0003105388022959,0.236912978689621
249,1,0.2609543728931768,0.0184504340061012,0.0,-0.2609543728931768,-0.0184504340061012,0.0,0.1237763454258828,0.5995351148151177,0.0,-0.293609239371378,0.5901520889476382,0.0,-0.0341846693822986,1.0302886822309476,0.0,-0.2743541687728618,1.0270389513207474,0.0,-0.0779828535950237,1.0654132888734902,0.0,-0.2531283106586527,1.073395525298947,0.0,-0.1186912534119338,1.2530710398525498,0.0,-0.3599872943295239,1.2495600126712074,0.0,0.5688994824886322,0.5439631938934326,-0.000309289782308,0.2370076911199208
250,1,0.2382838137711656,0.0169709960866943,0.0,-0.2382838137711656,-0.0169709960866943,0.0,0.112855149643874,0.5465584084786819,0.0,-0.2712469042710294,0.5379289678112024,0.0,-0.0327284663182636,0.9395626364541576,0.0,-0.2546032800854717,0.9365795575738142,0.0,-0.0746749999200758,0.9718859054333566,0.0,-0.236123756114928,0.9788628755928546,0.0,-0.1083286476980735,1.1426911617703726,0.0,-0.3216248713420529,1.1395269493486568,0.0,0.5689367055892944,0.5441368818283081,-0.000319528277032,0.2596320061513974
251,1,0.2551554931237079,0.0187190290774308,0.0,-0.2551554931237079,-0.0187190290774308,0.0,0.1212702462984554,0.585880736581879,0.0,-0.2922929806289256,0.576507403408883,0.0,-0.0361445111538811,1.003912971251799,0.0,-0.2702090833960623,1.0025166136117698,0.0,-0.0806714672786019,1.03855929678504,0.0,-0.2496383573250145,1.0475719943113857,0.0,-0.1152146136758803,1.2207694745968798,0.0,-0.3496293808188113,1.2173640717808905,0.0,0.5688168704509735,0.5444946587085724,-0.0003290716558694,0.2426260946273491
252,1,0.2516412852905925,0.0185399300559381,0.0,-0.2516412852905925,-0.0185399300559381,0.0,0.1205683590199879,0.5785796778694953,0.0,-0.2889797801221228,0.5680368302575621,0.0,-0.0354938902056896,0.9895411618707168,0.0,-0.2694297815451194,0.9875721460705978,0.0,-0.0811957960021774,1.0241640527160734,0.0,-0.2490118121173807,1.0305433053329227,0.0,-0.1128417830532601,1.2036546099097234,0.0,-0.343417482423716,1.2003467505865997,0.0,0.5685729384422302,0.54449263215065,-0.0003374165389686,0.2460147592824357
253,1,0.2607145768368119,0.020177731503281,0.0,-0.2607145768368119,-0.020177731503281,0.0,0.1278908355623688,0.6008727398052134,0.0,-0.3110371882912015,0.5846307225842114,0.0,-0.0336361160008139,1.0262125724539388,0.0,-0.2867872886915782,1.0231872609623631,0.0,-0.0817290621000409,1.0619564483804396,0.0,-0.2653151272113238,1.0668138529931883,0.0,-0.1072747712648313,1.2496993381363115,0.0,-0.3550296220275621,1.2447202789283045,0.0,0.5678393244743347,0.5439954102039337,-0.0003323664423078,0.2376256536352815
254,1,0.2605094705186411,0.0214393262185452,0.0,-0.2605094705186411,-0.0214393262185452,0.0,0.1298104190157056,0.6044410111601859,0.0,-0.3346541471478164,0.5815347380672296,0.0,-0.0309481710511606,1.0319747094015546,0.0,-0.3341153917252308,1.014325634327312,0.0,-0.0788692728420181,1.06688807012934,0.0,-0.306453251999799,1.0533383084593029,0.0,-0.1060750402584344,1.2573686289289223,0.0,-0.3862778424407937,1.2442689603671713,0.0,0.5674204230308533,0.5428468883037567,-0.0003311734180897,0.2373098398334552
255,1,0.2618880181120531,0.0237211179304207,0.0,-0.2618880181120531,-0.0237211179304207,0.0,0.1328470882531979,0.607044600949925,0.0,-0.3812966648066876,0.5782177957373583,0.0,-0.0281717591532898,1.0384366330742831,0.0,-0.4333855904230173,1.0142148934579378,0.0,-0.0779167793177361,1.0730382559359397,0.0,-0.4093619113832434,1.057775142017978,0.0,-0.1007476935519348,1.2672379716681446,0.0,-0.4906014555357407,1.23562674913085,0.0,0.5667409598827362,0.541711837053299,-0.0003293786430731,0.2369914223877561
256,1,0.267366061788872,0.0260864294745794,0.0,-0.267366061788872,-0.0260864294745794,0.0,0.1397887557404733,0.6121779268067901,0.0,-0.4578349706358165,0.5664645428423564,0.0,-0.0219488139705394,1.0534542827404991,0.0,-0.5477625360503818,1.0101895070460898,0.0,-0.0723535591548489,1.0829570697842068,0.0,-0.5308104268655931,1.056155624274894,0.0,-0.0958391544264794,1.2876697400670594,0.0,-0.6142168626079558,1.2408496289852615,0.0,0.5655992031097412,0.541079968214035,-0.0003225998952984,0.2339534044498743
257,1,0.2675441898947482,0.0292075175333013,0.0,-0.2675441898947482,-0.0292075175333013,0.0,0.1457265485210142,0.6137633390330185,0.0,-0.5378158265681585,0.5578081094509001,0.0,-0.0161802716204921,1.0560571859306016,0.0,-0.685108897528562,0.9859338941917316,0.0,-0.0674472605963694,1.0793204704980603,0.0,-0.6700276987642374,1.0183433077403548,0.0,-0.0879872981772287,1.2954924220825117,0.0,-0.7913336018384519,1.2036971851686695,0.0,0.5641464293003082,0.5395623743534088,-0.0003142465866403,0.2341726981026518
258,1,0.2597904890808239,0.0318279164190193,0.0,-0.2597904890808239,-0.0318279164190193,0.0,0.1493904628142589,0.5957748270787037,0.0,-0.5969079897613215,0.5094268937576159,0.0,-0.008678334787668,1.027369519868351,0.0,-0.7713985237591923,0.9001229444769147,0.0,-0.0572812996400967,1.054061714207534,0.0,-0.7517840349353635,0.9438061686485436,0.0,-0.0775243781635194,1.260084053140128,0.0,-0.942718495198942,1.115520749938931,0.0,0.5621288120746613,0.5384929180145264,-0.0003027126658707,0.2417507667609056
259,1,0.2690245294464007,0.0342845701833465,0.0,-0.2690245294464007,-0.0342845701833465,0.0,0.1595282677956316,0.6169867582124049,0.0,-0.7048212452936231,0.5036204508764298,0.0,-0.0036616302000196,1.0630720544456589,0.0,-0.9408386329246337,0.916136908687258,0.0,-0.0535868496755704,1.096998758748545,0.0,-0.8870527919899105,0.9686160934178804,0.0,-0.0704997694822939,1.307101689812399,0.0,-1.1727518974724718,1.1215007276003328,0.0,0.5609128326177597,0.5381709337234497,-0.0002944925799965,0.2340109255503806
260,1,0.2682286794055538,0.0379801145200258,0.0,-0.2682286794055538,-0.0379801145200258,0.0,0.162558427896071,0.6177177650262583,0.0,-0.7767123962225669,0.4827165537914687,0.0,0.0030243466671385,1.0603313012043567,0.0,-1.054616721713091,0.8649579628214801,0.0,-0.0438064656810066,1.0943091301665069,0.0,-0.979688484039798,0.9178987911959972,0.0,-0.0669968112531641,1.3030417118511468,0.0,-1.3772592384888418,1.0493797005889225,0.0,0.5597793608903885,0.5369052290916443,-0.0002911482006311,0.2357059982898487
261,1,0.2759005529622788,0.0406218761899858,0.0,-0.2759005529622788,-0.0406218761899858,0.0,0.1728521915947776,0.6374569323255604,0.0,-0.8456906235865213,0.4634357696124517,0.0,0.0147515742280384,1.0916198684022853,0.0,-1.2338568050772338,0.8496612824806838,0.0,-0.0265890296508724,1.1338622574197934,0.0,-1.1937077623849115,0.925788254572376,0.0,-0.0576872446506872,1.3395326250734318,0.0,-1.6165371702508071,0.9861029578517602,0.0,0.5579339265823364,0.536928653717041,-0.0002980660647153,0.2295523871983236
262,1,0.2772054341361885,0.0441361129812462,0.0,-0.2772054341361885,-0.0441361129812462,0.0,0.1802960810626525,0.6409668250155645,0.0,-0.9011911464560765,0.4360768169986307,0.0,0.0257321961484435,1.0920656892417606,0.0,-1.4045841293923236,0.8074960610996095,0.0,-0.0166171124559286,1.134091959766698,0.0,-1.4114523124049232,0.8823997392347208,0.0,-0.049083215972976,1.3391072485772586,0.0,-1.7779617271387222,0.9586217129936796,0.0,0.5560828596353531,0.5360242128372192,-0.0003151446580886,0.2302719134840863
263,1,0.2771219627591322,0.0464505801000714,0.0,-0.2771219627591322,-0.0464505801000714,0.0,0.1831846423370059,0.6380315739146225,0.0,-0.9476363637715128,0.4086196419515466,0.0,0.0303574278317164,1.086306936552159,0.0,-1.4836177728302034,0.7371620184621894,0.0,-0.0117844612362572,1.1284606351766766,0.0,-1.4815432060031986,0.786181177110562,0.0,-0.0450738040271177,1.3306230423326335,0.0,-1.8299704368036356,0.8911748097526918,0.0,0.5549754053354263,0.5351739525794983,-0.0003188513219356,0.2321690615115566
264,1,0.2774604640351039,0.0483940490300278,0.0,-0.2774604640351039,-0.0483940490300278,0.0,0.1858080787297873,0.6380465460405258,0.0,-1.004583990247908,0.3781085991144448,0.0,0.0324373229696472,1.085413698962436,0.0,-1.5356126588200874,0.6836963025225616,0.0,-0.0104843899808352,1.1287627482507567,0.0,-1.5263166221044742,0.7300390091859543,0.0,-0.0485280714293948,1.328019958763891,0.0,-1.8617873222898167,0.8173463819065439,0.0,0.5542273074388504,0.5347661077976227,-0.0003276001662015,0.2329307104526394
265,1,0.2768477373658295,0.050722200656849,0.0,-0.2768477373658295,-0.050722200656849,0.0,0.194791706796517,0.6408735855369777,0.0,-1.0606389332178014,0.3605734669058192,0.0,0.0426389654701041,1.0821290989766068,0.0,-1.645833739039361,0.6589112428685813,0.0,-0.0006309136318506,1.1249167802569395,0.0,-1.6628046990010603,0.7226389240650908,0.0,-0.039987513260547,1.3222992194687564,0.0,-2.0056355877010867,0.7646916097206938,0.0,0.551787480711937,0.5341991484165192,-0.000329939648509,0.2343652364790751
266,1,0.2790336026484246,0.0538183310347124,0.0,-0.2790336026484246,-0.0538183310347124,0.0,0.2097025031222902,0.6498952872715835,0.0,-1.1198315456145531,0.3484456678504536,0.0,0.0557198131207245,1.0858764537193368,0.0,-1.6819276539459231,0.6104108134852655,0.0,0.0043148967526812,1.1266558682999643,0.0,-1.6897569072999392,0.6654450322134139,0.0,-0.0250650606819782,1.3280487429754302,0.0,-2.09972785036652,0.7595276576230617,0.0,0.5485356748104095,0.5336862206459045,-0.0003230441361665,0.233734536358328
267,1,0.2759761653184792,0.054512477624789,0.0,-0.2759761653184792,-0.054512477624789,0.0,0.2208363739739616,0.6437335995890691,0.0,-1.1294600651799465,0.3324581103834131,0.0,0.0678893688585497,1.0744915428405335,0.0,-1.7034961341091492,0.5817718030721439,0.0,0.0116624355228661,1.112358640618678,0.0,-1.753388132152922,0.6338365716755234,0.0,-0.0111925177665918,1.3143705582583654,0.0,-2.0313174010283266,0.707292561555661,0.0,0.5455509424209595,0.5334681868553162,-0.0003414368256926,0.2363040164665083
268,1,0.2731928853276689,0.0562538154411693,0.0,-0.2731928853276689,-0.0562538154411693,0.0,0.2247169454168857,0.6374616583150242,0.0,-1.1179043358813512,0.307920578839283,0.0,0.0732648152383737,1.0633439245424836,0.0,-1.672731868145758,0.5523702641124313,0.0,0.0130789476985348,1.1007880699192951,0.0,-1.72123947500566,0.6006324365631495,0.0,-0.0044474954649787,1.2997214618504067,0.0,-2.032005273230649,0.6646713443639738,0.0,0.5439999550580978,0.5326659977436066,-0.0003480911254882,0.2395144230393662
269,1,0.2731411537539892,0.0572856908167895,0.0,-0.2731411537539892,-0.0572856908167895,0.0,0.2347127842837353,0.6343631876743641,0.0,-1.1203099062082074,0.3098549168215674,0.0,0.0835671847032472,1.0566879986322864,0.0,-1.6656951556604709,0.5467350538994828,0.0,0.0159702878500243,1.0964177969079278,0.0,-1.717544664736418,0.59554483610688,0.0,0.006080322017851,1.2941054774548586,0.0,-2.0206385274314838,0.6684575957969014,0.0,0.5414278209209442,0.5319755673408508,-0.0003500059247016,0.2402635973610393
270,1,0.2708427973730699,0.0576905412786031,0.0,-0.2708427973730699,-0.0576905412786031,0.0,0.2398093194067966,0.6335734839084052,0.0,-1.1001060381801644,0.3089486079185162,0.0,0.0893756151874468,1.0533365614839,0.0,-1.6335472562124351,0.5371803201620089,0.0,0.0220595339221338,1.0906418822710888,0.0,-1.6869327999289216,0.5904991460931439,0.0,0.0198560538491179,1.2908006796276663,0.0,-1.971321781047533,0.6582374229454631,0.0,0.5400283336639404,0.5318316519260406,-0.0003480035811662,0.2409905071558665
271,1,0.2695221770232864,0.0572756718510159,0.0,-0.2695221770232864,-0.0572756718510159,0.0,0.241350585769439,0.632325983493266,0.0,-1.068860357781282,0.3104525740744609,0.0,0.0888013500382924,1.0511133878994785,0.0,-1.5787778680282725,0.540602245411764,0.0,0.0194783304209445,1.0883729872280856,0.0,-1.6091347267138352,0.5928897531783034,0.0,0.0228643105133109,1.2880342791547692,0.0,-1.9225810320390704,0.6600541549667619,0.0,0.5400574952363968,0.53176349401474,-0.0003541158512234,0.2415533799066975
272,1,0.2688708084421097,0.0579547592501382,0.0,-0.2688708084421097,-0.0579547592501382,0.0,0.2440326483958364,0.6347791663403215,0.0,-1.0470820314324236,0.3178947579168376,0.0,0.0890434294433984,1.051759733303885,0.0,-1.5486100034914996,0.5650770395436676,0.0,0.0194797236170878,1.089096318250938,0.0,-1.571952290131925,0.6147632468483816,0.0,0.0224211692368822,1.2901515417730054,0.0,-1.8878110547807336,0.6871257752589721,0.0,0.5398166924715042,0.5320418775081635,-0.0003569982945919,0.2411383260169691
273,1,0.2700284638029733,0.0574815666246387,0.0,-0.2700284638029733,-0.0574815666246387,0.0,0.2452405562105734,0.6360854882013534,0.0,-1.0458283691545034,0.3194291060091044,0.0,0.0881353481143525,1.0526972356065043,0.0,-1.524599770069976,0.5718266764275184,0.0,0.0185704462566809,1.0866020835685024,0.0,-1.5178310911401478,0.6243922263198276,0.0,0.0192346386279613,1.2942107415033937,0.0,-1.8531985793940609,0.7130813991385319,0.0,0.5399475991725922,0.5324152112007141,-0.0003563659265637,0.2400545860934728
274,1,0.2674258937879334,0.0567829101044888,0.0,-0.2674258937879334,-0.0567829101044888,0.0,0.2426934010612484,0.6299875161033621,0.0,-0.9339386551049637,0.3248872967549449,0.0,0.0836171058672244,1.04216848346026,0.0,-1.3765505566492122,0.609660795607339,0.0,0.0144992152170782,1.074913888265822,0.0,-1.3735924287055057,0.6667450392618016,0.0,0.0184761287516173,1.2826700768455148,0.0,-1.7006293735200773,0.7687784503082221,0.0,0.5405645966529846,0.5324041843414307,-0.0003554057329893,0.2421107281662949
275,1,0.2662279204361322,0.0533365062605867,0.0,-0.2662279204361322,-0.0533365062605867,0.0,0.2383746708235973,0.6249814614464524,0.0,-0.855831631759768,0.3505381916027912,0.0,0.0803100638933247,1.037951077912317,0.0,-1.260505658925746,0.6719719560825261,0.0,0.013897463406979,1.0743995118321648,0.0,-1.2536389781909911,0.7186807822976838,0.0,0.0071514187766488,1.276518582325735,0.0,-1.5422374982113407,0.8476041266531673,0.0,0.5409858971834183,0.5332314372062683,-0.0003520492464303,0.2427198879270679
276,1,0.2603980046381553,0.0497633640882528,0.0,-0.2603980046381553,-0.0497633640882528,0.0,0.2273215353716487,0.606054619979018,0.0,-0.7596729457821023,0.3780939424078579,0.0,0.0725055349793051,1.0208443215389484,0.0,-1.114238364076023,0.7346129560464164,0.0,0.0080403907552899,1.0573603842162222,0.0,-1.0712119271000884,0.7913277236846508,0.0,4.896970465789112e-05,1.258634927642151,0.0,-1.4344928055673942,0.8853027002889429,0.0,0.5425322204828262,0.5328230857849121,-0.0003469008952379,0.2467820014973903
277,1,0.2585053857406738,0.0490761038396295,0.0,-0.2585053857406738,-0.0490761038396295,0.0,0.2160549179429271,0.6083596004611186,0.0,-0.6849468290798962,0.4027275700776638,0.0,0.0649261963612991,1.03217461755458,0.0,-0.9675331968953844,0.7988839892605308,0.0,0.002941229317814,1.0736426576113116,0.0,-0.9208348248745936,0.8743786090630746,0.0,-0.0051274155751188,1.2662183516594645,0.0,-1.297795460809441,0.9230176209449688,0.0,0.5437990427017212,0.5326821804046631,-0.0003378707915544,0.2461413025693476
278,1,0.2620933914270655,0.0456564504599961,0.0,-0.2620933914270655,-0.0456564504599961,0.0,0.2171204707865745,0.6121687658147308,0.0,-0.629750617128161,0.4434533609054072,0.0,0.0634729426712075,1.0422726566686755,0.0,-0.8781463854648572,0.841094990672915,0.0,0.0019579615857785,1.0841139198399317,0.0,-0.8357402642580001,0.9101482098576376,0.0,-0.0068294014604467,1.281714970601136,0.0,-1.1439666360102416,1.0082858439898486,0.0,0.5440551042556763,0.5338705778121948,-0.0003344174474477,0.2425938372157705
279,1,0.2670161121456766,0.0437683314870801,0.0,-0.2670161121456766,-0.0437683314870801,0.0,0.2206328822777211,0.6217383028634492,0.0,-0.5900491152696161,0.4844002307201727,0.0,0.0621286527935621,1.0604777671210843,0.0,-0.7823019358068085,0.888523947049416,0.0,0.0006154805926478,1.1019828317127822,0.0,-0.7461319566336527,0.9438355044216072,0.0,-0.0043527886831047,1.306423535858489,0.0,-0.9695145795589024,1.0885711400219955,0.0,0.5443262904882431,0.5345588028430939,-0.0003161709755659,0.2374818830950204
280,1,0.2690397458072793,0.0420893359464804,0.0,-0.2690397458072793,-0.0420893359464804,0.0,0.2203136496307998,0.6314942575563083,0.0,-0.5317358869303644,0.5148276852681049,0.0,0.0581567534370205,1.0767579540367729,0.0,-0.6800979125397199,0.9339108332142992,0.0,-0.0032745826125182,1.1146255943718235,0.0,-0.6683343509389863,0.9790929761535108,0.0,-0.0084318184521302,1.3286323397073698,0.0,-0.8466160169732702,1.1510479810629546,0.0,0.545263335108757,0.535248339176178,-0.0003081765025854,0.2330565634916145
281,1,0.2666903568050784,0.0392444008137898,0.0,-0.2666903568050784,-0.0392444008137898,0.0,0.213527273808282,0.6267916307707656,0.0,-0.4782686935599213,0.5422554333915365,0.0,0.0543401776882966,1.0679067499250188,0.0,-0.5837547520793852,0.9477956248093078,0.0,-0.0062874082302088,1.0986857664338878,0.0,-0.5563378242454584,0.9911241933071672,0.0,-0.009238502650265,1.322538170360491,0.0,-0.7409130345847523,1.1795325853946843,0.0,0.5460135042667389,0.5358965396881104,-0.0003107232041656,0.2335635578103547
282,1,0.2660282548487035,0.0359032963289121,0.0,-0.2660282548487035,-0.0359032963289121,0.0,0.2091677704750281,0.6265517141589056,0.0,-0.4445657712717639,0.5598172304292368,0.0,0.0509574022821868,1.0694316322015796,0.0,-0.5131566612260978,0.9793955457438924,0.0,-0.009151344329647,1.099824804130048,0.0,-0.4751448145595586,1.02065565464859,0.0,-0.0116204851043672,1.325101148007881,0.0,-0.6248689374212804,1.21368036937898,0.0,0.5466594249010086,0.53671994805336,-0.000312449876219,0.2324907270209571
283,1,0.2647158874875871,0.0331388885066352,0.0,-0.2647158874875871,-0.0331388885066352,0.0,0.1998409735427526,0.6245160843432515,0.0,-0.4075868072910687,0.5743531485346541,0.0,0.044568733953824,1.07040619646434,0.0,-0.4393568205435973,1.0096244414119966,0.0,-0.0140388270286594,1.1003719056716357,0.0,-0.3715054718548247,1.0497239060374006,0.0,-0.0164803064006422,1.3245365471150432,0.0,-0.5517206629726715,1.2371437442576727,0.0,0.5476271957159042,0.5373537242412567,-0.0003093453124165,0.2323660873331128
284,1,0.2608987456617719,0.0311583299568779,0.0,-0.2608987456617719,-0.0311583299568779,0.0,0.1880563422739762,0.6137587243665679,0.0,-0.3723166598671554,0.5714529384129842,0.0,0.0339027412451564,1.0543097560624302,0.0,-0.3833981134361957,1.0081343565144454,0.0,-0.0224461359464538,1.0838555784330646,0.0,-0.3326916851613984,1.0508654914463185,0.0,-0.0240246307874061,1.302755790821765,0.0,-0.4750381852411535,1.232924210820124,0.0,0.5493815541267395,0.5375940501689911,-0.0003128396347165,0.2357006073352361
285,1,0.2670239059436146,0.0278682763796175,0.0,-0.2670239059436146,-0.0278682763796175,0.0,0.185598504191903,0.6234266832241163,0.0,-0.3516043165908359,0.5951552302174307,0.0,0.0251388571662213,1.0716224181017855,0.0,-0.3489502750006035,1.0283661261375057,0.0,-0.0312968278921783,1.1016894991495632,0.0,-0.3109695123846764,1.0705171379924634,0.0,-0.0380954115286227,1.323703533787617,0.0,-0.4072406242162661,1.2712394162468668,0.0,0.5508903115987778,0.5386861860752106,-0.0003042675089091,0.2307004968228809
286,1,0.267529120074138,0.0261528614769122,0.0,-0.267529120074138,-0.0261528614769122,0.0,0.1818740078077327,0.6261410450176785,0.0,-0.3335483168269734,0.6011736850217905,0.0,0.0204766902573705,1.0781570301135608,0.0,-0.3173355092383418,1.0446356671008732,0.0,-0.0356605132143954,1.1099199490537048,0.0,-0.2800524163700673,1.089061253772154,0.0,-0.0475116313395896,1.3291843384580264,0.0,-0.4043295224871506,1.2832242372149454,0.0,0.5518494546413422,0.5391273200511932,-0.0003034858964383,0.2294436580522029
287,1,0.2669383335494716,0.0227495340124886,0.0,-0.2669383335494716,-0.0227495340124886,0.0,0.1785418971303861,0.6223503122300961,0.0,-0.3181869809845142,0.5998186263681539,0.0,0.0168200609029269,1.0701252274265087,0.0,-0.2783002324370381,1.034621958013297,0.0,-0.0383389348382239,1.1022809662495228,0.0,-0.2418313341989997,1.0769232335563277,0.0,-0.0528827685261339,1.322593296532229,0.0,-0.3392055580633356,1.2838407621623589,0.0,0.5526222586631775,0.5404829382896423,-0.0003002134617418,0.2292821499585784
288,1,0.268305918985579,0.0224371410676851,0.0,-0.268305918985579,-0.0224371410676851,0.0,0.1740063880658848,0.6280965690198818,0.0,-0.3026611038334338,0.6089933609557702,0.0,0.0056567949262417,1.0807646711919274,0.0,-0.2596874701931428,1.060588072479995,0.0,-0.0460376462483594,1.118269648156886,0.0,-0.2375483621331677,1.107267852730674,0.0,-0.0612394266196344,1.3270654921220977,0.0,-0.3159948699307906,1.2983518335789372,0.0,0.5533614903688431,0.5405819416046143,-0.0002961495192721,0.2273925349086499
289,1,0.2634348189791545,0.0204847241505106,0.0,-0.2634348189791545,-0.0204847241505106,0.0,0.1645610050170032,0.6174252479489212,0.0,-0.2922559678058801,0.6032430784682863,0.0,-0.0038484454322884,1.065128896262175,0.0,-0.2591582515994106,1.0538695345713225,0.0,-0.0528207890565567,1.1045889982467822,0.0,-0.2414273091272205,1.1021786962353306,0.0,-0.0712901223551158,1.3044008640185505,0.0,-0.316580220873625,1.288283164646884,0.0,0.5548951327800751,0.5410354733467102,-0.0002979501732625,0.230623761891355
290,1,0.2672932841778281,0.0197799387357418,0.0,-0.2672932841778281,-0.0197799387357418,0.0,0.1599419003524599,0.6289948073046114,0.0,-0.2929858228592278,0.6153709928941484,0.0,-0.0129937651126264,1.0804475727970333,0.0,-0.255048529175555,1.071576718429272,0.0,-0.0612676198234267,1.1254799082375246,0.0,-0.2490246559178606,1.1211459821193073,0.0,-0.0789705001666934,1.3146210853082627,0.0,-0.3057559338265257,1.3117152101267195,0.0,0.5565951019525528,0.5412920415401459,-0.0003024186007678,0.2287267526533717
291,1,0.2687848952138914,0.0189165678921717,0.0,-0.2687848952138914,-0.0189165678921717,0.0,0.1517386313810783,0.6226401836490164,0.0,-0.2889161170176058,0.6139200543891679,0.0,-0.0193685651275425,1.069297016876762,0.0,-0.2547055359661578,1.068429904348764,0.0,-0.0661632392515103,1.1134000829275037,0.0,-0.2525968173376893,1.1210844228023311,0.0,-0.0852600902064634,1.3010097565305387,0.0,-0.290360960676691,1.3063444845284893,0.0,0.5588666498661041,0.5412754416465759,-0.0003083338961005,0.2311012807040624
292,1,0.2683697561216729,0.0178236761880642,0.0,-0.2683697561216729,-0.0178236761880642,0.0,0.1484728116151181,0.6179286461361142,0.0,-0.2911063236254583,0.6096580840434693,0.0,-0.0206762773982618,1.058526741011308,0.0,-0.2569404319450494,1.0640396820729698,0.0,-0.0656038196670863,1.1013529586691877,0.0,-0.2521062859730648,1.113466446936198,0.0,-0.0793351668145026,1.2891539561467185,0.0,-0.2718585839159241,1.3028530892898789,0.0,0.5600191354751587,0.541294127702713,-0.0003214515745639,0.2331341730151387
293,1,0.2659194472236044,0.0170333246639197,0.0,-0.2659194472236044,-0.0170333246639197,0.0,0.1447416931034675,0.6095890126246366,0.0,-0.2947133904326958,0.60027154788002,0.0,-0.0220742295171895,1.040948019090938,0.0,-0.2603767793589386,1.0465443008537416,0.0,-0.0669933410309196,1.083416281632851,0.0,-0.2529013620039901,1.0941922967075144,0.0,-0.0759871039811321,1.269547336422175,0.0,-0.2778554147532739,1.2812672084047618,0.0,0.5607603639364243,0.5414175391197205,-0.0003208881244063,0.2362444712041407
294,1,0.2685393930383556,0.0157977475315883,0.0,-0.2685393930383556,-0.0157977475315883,0.0,0.1453588203976892,0.6121246987032066,0.0,-0.3021222580664298,0.6019996654143527,0.0,-0.0234865042873381,1.0399552275048125,0.0,-0.2611327207526714,1.0514979943258869,0.0,-0.0680740331491903,1.0801405348103827,0.0,-0.246439915319289,1.1000094027217593,0.0,-0.0781563437055935,1.2729530580983142,0.0,-0.2821905775662716,1.28916226623172,0.0,0.5610554069280624,0.5422537326812744,-0.0003180922940373,0.2343852967223949
295,1,0.2432839320258662,0.0139821663802232,0.0,-0.2432839320258662,-0.0139821663802232,0.0,0.1311299222579847,0.5548148054750239,0.0,-0.2755182946098072,0.5448976217334761,0.0,-0.023002628875063,0.9432069073058864,0.0,-0.23417195324955,0.9543707410479988,0.0,-0.0624698897102459,0.9792497994727284,0.0,-0.2263368225414895,1.001164145312905,0.0,-0.0713861573455711,1.1536173611548817,0.0,-0.2700554411125105,1.1654478575822071,0.0,0.5612155199050903,0.5423405766487122,-0.0003371220082044,0.2585664932413432
296,1,0.2516509936155859,0.0139796757861307,0.0,-0.2516509936155859,-0.0139796757861307,0.0,0.1355200446078937,0.5737052501187886,0.0,-0.2853791516672647,0.5638288605436446,0.0,-0.0235912101602108,0.9757124764865944,0.0,-0.2376639176390693,0.9877802772791948,0.0,-0.0610559869250535,1.0125279462240426,0.0,-0.2295537864079296,1.036401437840097,0.0,-0.0748645034690366,1.1931761421728568,0.0,-0.2714290766426769,1.2036273594399003,0.0,0.5612330734729767,0.5425915718078613,-0.0003339117392897,0.2496887095764707
297,1,0.2562619253327075,0.0142520854252173,0.0,-0.2562619253327075,-0.0142520854252173,0.0,0.1382472499033939,0.5854464751834864,0.0,-0.2923441869374872,0.5744865171399329,0.0,-0.024388007072151,0.9955958429628644,0.0,-0.2449122014220568,1.01266834287717,0.0,-0.0624063128152764,1.0331132125056657,0.0,-0.2366483370458776,1.0623976456729882,0.0,-0.0750790002204634,1.2173992876094657,0.0,-0.2714500089523565,1.228842891396259,0.0,0.561153456568718,0.5425452888011932,-0.0003263391554355,0.2447552287569441
298,1,0.259765390481013,0.0143622300668033,0.0,-0.259765390481013,-0.0143622300668033,0.0,0.1405997162843268,0.5952476097076072,0.0,-0.2975078136115752,0.5839328591015933,0.0,-0.0235519814812396,1.0123533553219306,0.0,-0.2522849771701475,1.0290868105168305,0.0,-0.0623808703638865,1.0505481009475468,0.0,-0.2430039438064082,1.0803315307779529,0.0,-0.0744399961602822,1.2380350320107971,0.0,-0.2808796361058307,1.2512797084431888,0.0,0.5608582496643066,0.5426178872585297,-0.0003239745274186,0.2406205363429284
299,1,0.2605529680139349,0.0144637853681184,0.0,-0.2605529680139349,-0.0144637853681184,0.0,0.1432333045282389,0.6014748927689652,0.0,-0.298014783797048,0.5914663620813877,0.0,-0.0204271619583076,1.0248197796412262,0.0,-0.2521819626379492,1.0401650592321532,0.0,-0.0595956766453515,1.063520465692921,0.0,-0.2443444570292799,1.0909842581695717,0.0,-0.0709113755787568,1.2515955827269023,0.0,-0.2797937340652996,1.2665348270904653,0.0,0.5601428300142288,0.5426251590251923,-0.000331811606884,0.238251097320805
300,1,0.2608388672476571,0.0135148439370228,0.0,-0.2608388672476571,-0.0135148439370228,0.0,0.1436091745450502,0.6038513140830374,0.0,-0.2987928976611822,0.5943929249294259,0.0,-0.0182733701702396,1.0285774755238677,0.0,-0.2512618925990272,1.0427347205023745,0.0,-0.0583293347773104,1.067301556333387,0.0,-0.2429959045163424,1.0938959271779494,0.0,-0.0686706949097521,1.2566878791289209,0.0,-0.2823324252762482,1.270962702506947,0.0,0.5595994293689728,0.5432864129543304,-0.0003383997827768,0.2367387991666753
301,1,0.2553628812691144,0.012907143453348,0.0,-0.2553628812691144,-0.012907143453348,0.0,0.1419426343864176,0.594398148597522,0.0,-0.2901952510563569,0.5851161916007489,0.0,-0.015062464768576,1.0151597303780495,0.0,-0.24130517268562,1.023416524102715,0.0,-0.0541629367329573,1.0562446836632515,0.0,-0.2333080606846805,1.0756976314782911,0.0,-0.0642037167723755,1.2361044872306994,0.0,-0.2749391347459424,1.2473618009293206,0.0,0.5588628500699997,0.5431618690490723,-0.0003381073474884,0.2416946793479064
302,1,0.256195749460695,0.0131207490645682,0.0,-0.256195749460695,-0.0131207490645682,0.0,0.1418695803993967,0.5985109546322855,0.0,-0.2890702677128758,0.5911657471634448,0.0,-0.0112042951023433,1.0204918829726812,0.0,-0.2390419603830411,1.0280663800260224,0.0,-0.0509587416340379,1.0617104080201245,0.0,-0.2291906971632605,1.0807483917028766,0.0,-0.0619651379878542,1.2443380731812066,0.0,-0.2754657523658581,1.2543072071289505,0.0,0.5580170452594757,0.5434224307537079,-0.0003384668380022,0.2401970935247133
303,1,0.2562409175597903,0.0129470324523597,0.0,-0.2562409175597903,-0.0129470324523597,0.0,0.1431205060789672,0.6013282571500209,0.0,-0.2888214666483167,0.5944502823384266,0.0,-0.0101210516173761,1.0256734804270782,0.0,-0.2386829202768201,1.03040546534235,0.0,-0.0497264929042258,1.0665678105168246,0.0,-0.229343456706216,1.0835185907700684,0.0,-0.0599609074712772,1.2482416177330202,0.0,-0.2738276757888066,1.2576216703443646,0.0,0.5576757043600082,0.5435937345027924,-0.0003370307385921,0.239364048057548
304,1,0.2556416635068828,0.0128010274356964,0.0,-0.2556416635068828,-0.0128010274356964,0.0,0.1417723688708463,0.6021675832537012,0.0,-0.2876101106345856,0.5959549866360774,0.0,-0.0087827272160208,1.030428786701863,0.0,-0.2380395969956722,1.0302287901061309,0.0,-0.0482141855427609,1.0735555744070384,0.0,-0.2285921861995005,1.082469993030274,0.0,-0.0613569257173677,1.2506053627240847,0.0,-0.2731508299804743,1.2587474408200894,0.0,0.5573010593652725,0.543660581111908,-0.0003384985029697,0.2393167222638703
305,1,0.2526984085909991,0.0126039975516422,0.0,-0.2526984085909991,-0.0126039975516422,0.0,0.1428242880444737,0.595474754133216,0.0,-0.2804317104819177,0.5927292557657377,0.0,-0.004515158883342,1.0212134496672491,0.0,-0.2307935334846871,1.0199821994349871,0.0,-0.043366904059872,1.0662945968990645,0.0,-0.2172027377622991,1.0708366024067946,0.0,-0.0568653375423923,1.2367736173557424,0.0,-0.2803238313857523,1.2443645619763295,0.0,0.5562911033630371,0.5437187850475311,-0.0003377012908458,0.2420008633702106
306,1,0.2486030713765731,0.0125804616790224,0.0,-0.2486030713765731,-0.0125804616790224,0.0,0.1398234859113604,0.5858286914074369,0.0,-0.2762028049166172,0.5832864517012705,0.0,-0.0034312382155827,1.0022076817459802,0.0,-0.22431272012323,1.0007669181406411,0.0,-0.0415380097959699,1.0451770909088274,0.0,-0.2106104830909733,1.0453709004377576,0.0,-0.0587657919872819,1.2149363555769226,0.0,-0.275210316468592,1.2224473206251505,0.0,0.555539533495903,0.5432240962982178,-0.0003365539014339,0.246648992821634
307,1,0.2150560566821438,0.0113797078149717,0.0,-0.2150560566821438,-0.0113797078149717,0.0,0.1241678977503939,0.506779891906661,0.0,-0.240480749615626,0.5043819879892464,0.0,0.0017424162935253,0.8645845740427003,0.0,-0.1974103528154746,0.8649975881448115,0.0,-0.0344100986982089,0.8983619447414538,0.0,-0.1869139898735978,0.9031571261646012,0.0,-0.0494335388634805,1.0498650388534356,0.0,-0.2343950557263012,1.056757864194586,0.0,0.5538817197084427,0.5430626571178436,-0.0003387443721294,0.2854575346532713
308,1,0.2164290642087202,0.0116444417134073,0.0,-0.2164290642087202,-0.0116444417134073,0.0,0.1249294681531954,0.5072062808622706,0.0,-0.2544512933624575,0.5083363805166724,0.0,0.0033894053960369,0.8717770601256001,0.0,-0.222971342514989,0.8702294017895904,0.0,-0.0329705785730117,0.9036082354331016,0.0,-0.2023458148783391,0.9049935799210744,0.0,-0.049964544110935,1.0604812055431687,0.0,-0.2554997104650947,1.063435443728099,0.0,0.5534055978059769,0.5426285564899445,-0.0003377944231033,0.2834926675889466
309,1,0.2192487507209921,0.0130407021864001,0.0,-0.2192487507209921,-0.0130407021864001,0.0,0.1267279286176316,0.512676553135299,0.0,-0.2703339252189444,0.5136274631190296,0.0,0.0043586029834032,0.8873631296469257,0.0,-0.2602858489230316,0.8815896869038822,0.0,-0.032460903518008,0.920407251581564,0.0,-0.240120332589095,0.918093710535356,0.0,-0.0492605256769589,1.080715888570699,0.0,-0.2876914315640608,1.077286791598537,0.0,0.5531060546636581,0.5411352217197418,-0.0003359243273735,0.2805632442389348
310,1,0.2107740311732225,0.0133886459451526,0.0,-0.2107740311732225,-0.0133886459451526,0.0,0.1229558183641975,0.4924759159502816,0.0,-0.27889040768521,0.4845095208306975,0.0,0.0056996187913084,0.8532506958154722,0.0,-0.305607692327831,0.8473066162587669,0.0,-0.0300911895966801,0.8844363299932216,0.0,-0.2786414132652768,0.8814964842560715,0.0,-0.045646616770614,1.0416184384108311,0.0,-0.3413471532576992,1.0315001365245404,0.0,0.5526934117078781,0.5404678583145142,-0.0003378205001354,0.2925241293963206
311,1,0.2170111328704627,0.0138603107091692,0.0,-0.2170111328704627,-0.0138603107091692,0.0,0.1293681076978276,0.5031330074886805,0.0,-0.3197451631879912,0.4866836139864147,0.0,0.0096530772091152,0.8692737677488123,0.0,-0.3660800379466562,0.8629563557392992,0.0,-0.029443135346741,0.8981423846030472,0.0,-0.3487455360054277,0.8943830172229672,0.0,-0.042515201684756,1.0639126339127198,0.0,-0.4267554817119789,1.0513044735510686,0.0,0.5516640543937683,0.540518045425415,-0.000343969091773,0.2861345847605365
312,1,0.2165950224172425,0.0138849587042166,0.0,-0.2165950224172425,-0.0138849587042166,0.0,0.1298216743065566,0.5006840427439561,0.0,-0.3545384445534921,0.4794584538828639,0.0,0.0106840501062658,0.864743852065206,0.0,-0.4344710405058427,0.8554371871261804,0.0,-0.0316413030481748,0.8916197309881722,0.0,-0.4244382413645006,0.8835646784709529,0.0,-0.0389774764864234,1.059203959554553,0.0,-0.4924919202178068,1.0399561173175835,0.0,0.5513491779565811,0.5405144989490509,-0.0003451351076364,0.2875433631718264
313,1,0.2214012349981554,0.0146605860345903,0.0,-0.2214012349981554,-0.0146605860345903,0.0,0.1348676425199285,0.5082826767703068,0.0,-0.3982008027613337,0.4812378958048129,0.0,0.0117901418386743,0.8776450948131905,0.0,-0.4969307100183909,0.8677174355198285,0.0,-0.0340437140078692,0.898037667980293,0.0,-0.4859843863697667,0.8924608170816416,0.0,-0.035825025545574,1.0804710970887192,0.0,-0.5782670267275356,1.0602128905503976,0.0,0.5511236190795898,0.5411922335624695,-0.0003418046981096,0.2812405515447634
314,1,0.220216849021865,0.0149492103977724,0.0,-0.220216849021865,-0.0149492103977724,0.0,0.1367482884055641,0.4979560987210291,0.0,-0.4258680072812069,0.4716102037775843,0.0,0.0141607249938241,0.8608681966463817,0.0,-0.5332968158790793,0.8535763020429572,0.0,-0.0326757473849069,0.8809670944541792,0.0,-0.519387272184828,0.877629239167145,0.0,-0.0267225099698762,1.062956053679256,0.0,-0.6148832429007889,1.0460709374303403,0.0,0.5503585338592529,0.5422933995723724,-0.000343794003129,0.2848754114042747
315,1,0.2123768061382644,0.0146239059458356,0.0,-0.2123768061382644,-0.0146239059458356,0.0,0.1342118139007796,0.4765564395850863,0.0,-0.4283445994290663,0.4522038212008768,0.0,0.0141036899328848,0.8244836189190874,0.0,-0.5371543226723579,0.8263708207826364,0.0,-0.0322830247249083,0.8439271820831903,0.0,-0.5120491539176082,0.8463967767722053,0.0,-0.0245988144544435,1.0193463520250838,0.0,-0.624219036663744,1.0157364808002476,0.0,0.5500774681568146,0.542677104473114,-0.0003418810665607,0.2966964180329215
316,1,0.2135672174009167,0.0148566462150681,0.0,-0.2135672174009167,-0.0148566462150681,0.0,0.1374658248606695,0.4749422792419092,0.0,-0.4424728912917463,0.4518025176685263,0.0,0.0149616542134145,0.8222783764358145,0.0,-0.5542892684452648,0.8570073213671502,0.0,-0.0323730761623066,0.8416018588160619,0.0,-0.5194570748645257,0.8841218040727724,0.0,-0.0219894992343876,1.0176489493209795,0.0,-0.6779717002132666,1.0294753934506868,0.0,0.5497670918703079,0.5434675514698029,-0.0003418400883674,0.2964395686436728
317,1,0.2122779741494483,0.0149368067220707,0.0,-0.2122779741494483,-0.0149368067220707,0.0,0.1385008745789412,0.4705398020434826,0.0,-0.4402595256230447,0.4488897734634473,0.0,0.0162099164996247,0.813205087740394,0.0,-0.5306619586670057,0.853253432726009,0.0,-0.0324262990201544,0.8338730769608409,0.0,-0.4832749783860547,0.8873470698444272,0.0,-0.0175777286141244,1.0086484282935588,0.0,-0.6642823801441673,1.0344979882354646,0.0,0.5494533479213715,0.543594092130661,-0.0003395676612854,0.2995893430734056
318,1,0.2022364335313654,0.0142718991546128,0.0,-0.2022364335313654,-0.0142718991546128,0.0,0.1332942396755521,0.4449092702045213,0.0,-0.4113727074226895,0.4300089725217728,0.0,0.0172524302494157,0.7681975366666941,0.0,-0.4992423064430752,0.8274876875739166,0.0,-0.0294116541183064,0.7885588561674177,0.0,-0.4546444960289661,0.8671598834106669,0.0,-0.0158573723133234,0.9549368683901356,0.0,-0.6119201136029545,1.000710839399229,0.0,0.5490237474441528,0.5439787805080414,-0.0003315508365631,0.3159983118648299
319,1,0.2038437082394245,0.0143955001350667,0.0,-0.2038437082394245,-0.0143955001350667,0.0,0.1375215420080321,0.4478101211614033,0.0,-0.4041587546148257,0.4356358587120626,0.0,0.0209348951373145,0.7717156965326873,0.0,-0.4826940326877245,0.8385880080589916,0.0,-0.0271214239531599,0.7924538810891825,0.0,-0.4419881133496099,0.8807955037816169,0.0,-0.0130515006753645,0.9594003317419536,0.0,-0.5885935907921263,1.012805548851336,0.0,0.5481054782867432,0.5439772009849548,-0.0003157425671815,0.3145210644956336
320,1,0.2074929967119217,0.0146429059658566,0.0,-0.2074929967119217,-0.0146429059658566,0.0,0.1421250483568618,0.4565163259023557,0.0,-0.4069632130850852,0.4521998872340431,0.0,0.0225146311818208,0.7845652793494106,0.0,-0.4803658874646346,0.8795604550412748,0.0,-0.0263917768909871,0.8056715719852318,0.0,-0.4431185650016229,0.922907880457378,0.0,-0.0120631195288004,0.9754085912288144,0.0,-0.583568134598513,1.0544314217363533,0.0,0.5477418601512909,0.5439713597297668,-0.0003115497529506,0.3093575420649016
321,1,0.1854129897945183,0.0130949811740725,0.0,-0.1854129897945183,-0.0130949811740725,0.0,0.1274430262958476,0.4081376949857887,0.0,-0.3536463869469479,0.4062169417559781,0.0,0.0219695183223595,0.7021590086104562,0.0,-0.410228604516592,0.7890521023011248,0.0,-0.0226957364684569,0.7219755937958366,0.0,-0.3770008984169226,0.8290828775369959,0.0,-0.0104491281156129,0.8724353996922468,0.0,-0.4874305312483952,0.9474273590972032,0.0,0.5476100742816925,0.5434598922729492,-0.0003073532134294,0.3464402630930733
322,1,0.1883179764220126,0.0127441990059767,0.0,-0.1883179764220126,-0.0127441990059767,0.0,0.1296057902399409,0.4163666493790223,0.0,-0.3374582522204574,0.4171125975726839,0.0,0.0223403970351535,0.7173166435982046,0.0,-0.38172841657535,0.8084374742812844,0.0,-0.0230832873479557,0.7362105031166494,0.0,-0.3480460336443358,0.8495904348880332,0.0,-0.0122770858626865,0.8878971199907872,0.0,-0.4348037051810745,0.972298825377341,0.0,0.5476158708333969,0.5428264737129211,-0.0003069788217544,0.3411124669357088
323,1,0.1918450765871932,0.0128179607404124,0.0,-0.1918450765871932,-0.0128179607404124,0.0,0.1314569314577978,0.4251249564980452,0.0,-0.3191441876418283,0.4281739773787087,0.0,0.0226037921900647,0.7377950422454345,0.0,-0.3492565582532564,0.8415003361354577,0.0,-0.019512453431538,0.7577303188431854,0.0,-0.3078607833925848,0.8848450448585594,0.0,-0.0191723101527469,0.9080025255850358,0.0,-0.385367221342477,1.0001737084704077,0.0,0.5477309823036194,0.5424542129039764,-0.0003104712814092,0.3352225152311753
324,1,0.1908752956502695,0.0123096801272201,0.0,-0.1908752956502695,-0.0123096801272201,0.0,0.1301654739000146,0.4251292521650829,0.0,-0.2954884317006608,0.4310526274776962,0.0,0.0221309041606777,0.7366816028740303,0.0,-0.2986026605968794,0.8528249996379703,0.0,-0.016213099919435,0.756151701447271,0.0,-0.258555146693194,0.8977444596701807,0.0,-0.0238401619150295,0.9062489211918076,0.0,-0.3413996308665593,1.0119836111817946,0.0,0.5480485707521439,0.5416611135005951,-0.0003228597342967,0.3370170987758391
325,1,0.1983033033787787,0.0126188469452404,0.0,-0.1983033033787787,-0.0126188469452404,0.0,0.1346790816854549,0.4433670207324909,0.0,-0.277747935338279,0.4523056123923991,0.0,0.0221905220813395,0.7683318218967093,0.0,-0.2585944549937292,0.8941421633756986,0.0,-0.0158097736902074,0.7882073922167937,0.0,-0.2094002450905431,0.943584283776798,0.0,-0.02790636935994,0.94468588309925,0.0,-0.316947631676254,1.064654856494046,0.0,0.5483384877443314,0.5414113700389862,-0.0003161523491144,0.3236161943238588
326,1,0.2087752671068906,0.0136394127576142,0.0,-0.2087752671068906,-0.0136394127576142,0.0,0.1394255386892737,0.4722705269181137,0.0,-0.2515046417867289,0.4807270170708759,0.0,0.0206228168863316,0.8263092400439191,0.0,-0.2035021654457271,0.9375068937187804,0.0,-0.0165456774252523,0.8573686118189101,0.0,-0.1453922732422169,0.9865435717614344,0.0,-0.0385871435690905,1.0035301676231314,0.0,-0.2727271348681461,1.1279871453155783,0.0,0.5484150648117065,0.5404507517814636,-0.0003378707915544,0.3076763416895232
327,1,0.2097247376432382,0.0135658499716421,0.0,-0.2097247376432382,-0.0135658499716421,0.0,0.1373432512940728,0.4773016304938508,0.0,-0.2191213843645929,0.4856630443359369,0.0,0.0189201750315942,0.8433312759195909,0.0,-0.1339768677782968,0.9414476436138524,0.0,-0.0171190706484613,0.8725502096838698,0.0,-0.0855263312177732,0.9876120693335388,0.0,-0.0496222049247283,1.0216149703123831,0.0,-0.1964795281217246,1.1400524749076737,0.0,0.5485300570726395,0.5403651297092438,-0.0003387182950973,0.3057001644485211
328,1,0.2112452302251575,0.0125069578741686,0.0,-0.2112452302251575,-0.0125069578741686,0.0,0.1358039632307686,0.4913800369589908,0.0,-0.18983142476281,0.4988838373799792,0.0,0.0173538436107841,0.8695089315888895,0.0,-0.0843359497184039,0.9578786419129656,0.0,-0.015944984889054,0.8944952670783941,0.0,-0.0486356686816308,1.002957589965806,0.0,-0.0503836660860789,1.0486245885373295,0.0,-0.1163446131104172,1.163456178198461,0.0,0.5487550646066666,0.5379631221294403,-0.0003370866179466,0.3025588091528104
329,1,0.2129075881365979,0.013079619904635,0.0,-0.2129075881365979,-0.013079619904635,0.0,0.13711587095974,0.5005815712018926,0.0,-0.1640571277862509,0.5062797061318398,0.0,0.0080939009859441,0.8748023171788046,0.0,-0.0286934124371678,0.966814648230372,0.0,-0.0194452284819741,0.8932622937060631,0.0,0.0094620579035834,1.003694232701418,0.0,-0.0504530732281456,1.05943151373392,0.0,-0.0340240540555165,1.1730718602451455,0.0,0.5486993491649628,0.5374723076820374,-0.0003326581791043,0.2997316687637449
330,1,0.1946257707692944,0.0117961528763194,0.0,-0.1946257707692944,-0.0117961528763194,0.0,0.1253442495782552,0.4589775266593275,0.0,-0.1279178214713184,0.4651315024305255,0.0,0.0071819011141469,0.7945723949069713,0.0,0.0123297738284074,0.8797809958256596,0.0,-0.0173913596748069,0.8126601998557959,0.0,0.0555969433095973,0.915939840376227,0.0,-0.0201749539864755,0.9570513871331794,0.0,0.0398635762335557,1.076487719743466,0.0,0.548790231347084,0.5373838841915131,-0.0003187460824847,0.3270810495363841
331,1,0.1804344552249212,0.0105198474391375,0.0,-0.1804344552249212,-0.0105198474391375,0.0,0.1165248598622867,0.4271363003067922,0.0,-0.1014507140807634,0.4341330240924692,0.0,0.0139935323719038,0.7342131690235769,0.0,0.0387537665842167,0.8075210397500427,0.0,-0.0120310780420433,0.7558593574359961,0.0,0.0691707062899043,0.8355172629532587,0.0,0.0153299890411028,0.8803608114400887,0.0,0.0767299969247859,0.9991383979151464,0.0,0.5490829646587372,0.537439227104187,-0.0003003552556037,0.3514402012835892
332,1,0.1829093418877516,0.0088392191436837,0.0,-0.1829093418877516,-0.0088392191436837,0.0,0.1169949367080866,0.4309914750949033,0.0,-0.0909755429993032,0.4383922532987733,0.0,0.013332437817551,0.7400078356487328,0.0,0.0672198233401445,0.8053352664884487,0.0,-0.0138806659830461,0.7647125345517053,0.0,0.0915865934699266,0.8312339343663605,0.0,0.0285204204373305,0.8884258766919553,0.0,0.1187099511203404,1.0084314947083803,0.0,0.5496381670236588,0.5387304127216339,-0.0003158301115036,0.3453564884942766
333,1,0.1799664997917504,0.006207104549229,0.0,-0.1799664997917504,-0.006207104549229,0.0,0.1137161461441061,0.425616482190023,0.0,-0.0776546650808708,0.4331677653925364,0.0,0.0095397195263762,0.7276518081637324,0.0,0.0869024318256341,0.7925624568709682,0.0,-0.0274403352363673,0.7566641802947579,0.0,0.1134069437580396,0.8206455011849956,0.0,0.0281183608358638,0.8787721084479098,0.0,0.1280688494448045,0.9926413502086008,0.0,0.5511126965284348,0.5404427647590637,-0.0003161896020174,0.3464059512086835
334,1,0.1856826846053949,0.0053451061371487,0.0,-0.1856826846053949,-0.0053451061371487,0.0,0.1171945002557223,0.4390191539828302,0.0,-0.0639020348714308,0.4471793613059311,0.0,0.0084960919279789,0.7441022485471435,0.0,0.1120665334520887,0.8060316057451635,0.0,-0.0304961076961954,0.7688862559436203,0.0,0.142913049523612,0.8344990923558451,0.0,0.0238039666762781,0.8978401241804258,0.0,0.1443290274895651,1.0128470487518224,0.0,0.551795706152916,0.5417378544807434,-0.0003205798566341,0.332418929608423
335,1,0.1802368935240739,0.0041984222346211,0.0,-0.1802368935240739,-0.0041984222346211,0.0,0.1142589798164151,0.4256570229039376,0.0,-0.0488012300504356,0.4330102056679651,0.0,0.0094609916324402,0.7188768320629919,0.0,0.1203698752783375,0.7688732811148561,0.0,-0.0315337874797923,0.7413462649790458,0.0,0.1483955609780719,0.7975857341169122,0.0,0.0188181522604989,0.8755869886158341,0.0,0.1307442025010719,0.9626032483418112,0.0,0.5523696690797806,0.5430887043476105,-0.0003313813358545,0.3396966903667933
336,1,0.1729768088194784,0.0029215290879332,0.0,-0.1729768088194784,-0.0029215290879332,0.0,0.1124133279386465,0.4061000288701124,0.0,-0.0350030573414949,0.4136654664599393,0.0,0.0088039719767917,0.6951174721755558,0.0,0.1214920572004586,0.7382802254329309,0.0,-0.0342544926021205,0.7183063065178749,0.0,0.1457496378365845,0.7699518294275102,0.0,0.0140568549070014,0.8480364888034981,0.0,0.1187900787480169,0.915999021747996,0.0,0.5531814098358154,0.5438157021999359,-0.0003384761512279,0.3503510427580549
337,1,0.1809058501754932,0.0028280591699713,0.0,-0.1809058501754932,-0.0028280591699713,0.0,0.1218537142557672,0.4232408749099206,0.0,-0.0275595827919385,0.4300095699820742,0.0,0.0138177181224197,0.7267413252407273,0.0,0.1361029324551484,0.7634176730340476,0.0,-0.0382070544286556,0.7509725369577193,0.0,0.1642532095271991,0.7991522257823,0.0,0.0129404564497376,0.8864416340385086,0.0,0.1375914784756514,0.943004065320828,0.0,0.5533410608768463,0.5443935990333557,-0.0003364719450473,0.3343522988333945
338,1,0.1698531452037094,0.0019722532620077,0.0,-0.1698531452037094,-0.0019722532620077,0.0,0.1183069928878214,0.3951293808416821,0.0,-0.0190535715777518,0.4021258820585137,0.0,0.0153139689922427,0.6873166466491065,0.0,0.1321633363183372,0.7186820865930282,0.0,-0.0402216790739444,0.7085243311338343,0.0,0.159578857500495,0.7547091545626301,0.0,0.0095167858339736,0.838996300872685,0.0,0.1274973108494864,0.8786840711493699,0.0,0.553973600268364,0.5448880195617676,-0.0003393553197383,0.3524140515393441
339,1,0.179140307125879,0.001833050343387,0.0,-0.179140307125879,-0.001833050343387,0.0,0.1260809019755189,0.4146253669962037,0.0,-0.0190111476393613,0.4214942994037243,0.0,0.0159566299314747,0.7258782808195088,0.0,0.1417406803821587,0.7562412614196474,0.0,-0.0461180143296851,0.7483535306453086,0.0,0.1695096408514097,0.7946775664594034,0.0,0.0107564313178316,0.8848190508105794,0.0,0.151111193686512,0.9228589578195816,0.0,0.5540589541196823,0.5451511740684509,-0.0003370679914951,0.3333606305150263
340,1,0.1751577020579208,0.0016296724152803,0.0,-0.1751577020579208,-0.0016296724152803,0.0,0.1271358221521318,0.4067961142297162,0.0,-0.0172131625268058,0.4127077364328994,0.0,0.0158161876001018,0.7126464603690791,0.0,0.1457026415329852,0.7410638182497487,0.0,-0.0450525949963903,0.7352255778271953,0.0,0.1753262343770707,0.7767136703849392,0.0,0.016740657592439,0.8696164090983597,0.0,0.1681837995805955,0.9033207662743628,0.0,0.5539857894182205,0.5454772710800171,-0.000334583222866,0.3395221716106532
341,1,0.1753376254435381,0.0016417221776504,0.0,-0.1753376254435381,-0.0016417221776504,0.0,0.1281520766659788,0.4090212581375954,0.0,-0.0162383433480182,0.4136818189319656,0.0,0.0163808097643819,0.717691894651625,0.0,0.1460717358358975,0.7448610886874213,0.0,-0.0448426302305355,0.7415403485332956,0.0,0.1755778386691439,0.7801832150492435,0.0,0.0109944833303226,0.8757145477867585,0.0,0.1785715777435266,0.9082690077125716,0.0,0.5539455413818359,0.5455036759376526,-0.0003312304615974,0.3372117086620081
342,1,0.17490114603832,0.001569823997212,0.0,-0.17490114603832,-0.001569823997212,0.0,0.1280664321144686,0.4111200160480044,0.0,-0.0071671159033806,0.415409670013405,0.0,0.0144516438215171,0.7220823780505555,0.0,0.1498991050515474,0.7505516994973307,0.0,-0.0465545534627233,0.7460646830092106,0.0,0.1784424596898927,0.7865250679531118,0.0,0.0136306940313414,0.8811982150326791,0.0,0.1881320875298432,0.914130883702,0.0,0.5544541329145432,0.5457080006599426,-0.0003348439931869,0.3349245345322019
343,1,0.1776399327447526,0.000945871675245,0.0,-0.1776399327447526,-0.000945871675245,0.0,0.1295640723218618,0.4175230905117381,0.0,-0.0039091124118094,0.4226979977756114,0.0,0.0147221887799237,0.7347337330016069,0.0,0.1519492477910538,0.763500294904038,0.0,-0.0487390515398565,0.7606182612430205,0.0,0.1798212601633001,0.8001235959477969,0.0,0.011956424757273,0.8969756596934286,0.0,0.1834141736601448,0.9324756870277782,0.0,0.5548419654369354,0.5465719401836395,-0.0003427267074584,0.328090576285269
344,1,0.1783578940350275,0.0004173035966513,0.0,-0.1783578940350275,-0.0004173035966513,0.0,0.1293889148768524,0.423721094193457,0.0,-0.0081007051768282,0.4288574937086807,0.0,0.0128204476481177,0.7454915391779299,0.0,0.1533182004011655,0.7743148593131698,0.0,-0.0521573615186455,0.7721502008157991,0.0,0.1789614048142483,0.811062514280438,0.0,0.0095677332922804,0.9112837273354384,0.0,0.1833040223220303,0.9471753465050604,0.0,0.5556039661169052,0.5468870401382446,-0.0003364793956279,0.3226593147724757
345,1,0.1719476995851912,-4.638099583653644e-05,0.0,-0.1719476995851912,4.638099583653644e-05,0.0,0.1237999113956257,0.4101991000886807,0.0,-0.0108288389571956,0.4146363951283444,0.0,0.0102968057898382,0.7228756846641827,0.0,0.1492756621010027,0.7499298273984154,0.0,-0.0519101768198519,0.7488364583415247,0.0,0.1728722633897932,0.785849571646891,0.0,0.0035539438059746,0.8844287828714152,0.0,0.1731776948313678,0.919001860298916,0.0,0.5562841147184372,0.5477697253227234,-0.0003356300294399,0.3315581753839107
346,1,0.1717864239845327,-8.08367560097698e-05,0.0,-0.1717864239845327,8.08367560097698e-05,0.0,0.1223488580210227,0.4103015668882669,0.0,-0.0124701261572023,0.4146895910187194,0.0,0.014797127724251,0.7233455462364546,0.0,0.1453579301253919,0.7499355337705604,0.0,-0.0462886640980103,0.7487863749921345,0.0,0.1693766074538743,0.7852359290406687,0.0,0.0016950991167054,0.8852688519247319,0.0,0.1585507764454736,0.9177826720349485,0.0,0.5568418055772781,0.5478084981441498,-0.0003381893038749,0.3314369495888728
347,1,0.1782104451948858,-0.0003784069636215,0.0,-0.1782104451948858,0.0003784069636215,0.0,0.1264342767149564,0.4276911632081157,0.0,-0.0136239642776524,0.4320914929328671,0.0,0.0134734647067005,0.7536370164120846,0.0,0.1517305898863466,0.7800453750416555,0.0,-0.0500533049376487,0.7793304082519713,0.0,0.1752678220376584,0.8167274874249337,0.0,-0.0191432827076232,0.923372384146996,0.0,0.1647178396449969,0.9580098041049728,0.0,0.5574487447738647,0.5479680597782135,-0.000336043536663,0.3176283148684083
348,1,0.1778971124883181,-0.0004095919066404,0.0,-0.1778971124883181,0.0004095919066404,0.0,0.1236760051428619,0.4255545874821435,0.0,-0.0155590711080673,0.4299778435766295,0.0,0.0109645753118548,0.7479037918939669,0.0,0.1482287125067778,0.7753722477598777,0.0,-0.0518123480040313,0.770949552494109,0.0,0.1713587843574423,0.8111508766179777,0.0,-0.0237696035314573,0.919690114677008,0.0,0.1607712728866161,0.9545891771632488,0.0,0.5583332180976868,0.5479325652122498,-0.000336181372404,0.3188387626455919
349,1,0.1706695316553059,-0.0005513878655491,0.0,-0.1706695316553059,0.0005513878655491,0.0,0.1183221461697291,0.4088795896344512,0.0,-0.0140917112689453,0.4131668456749812,0.0,0.0129465763138008,0.7188096472913571,0.0,0.1414066668571896,0.7463176555915975,0.0,-0.0496689722617297,0.7412248563412418,0.0,0.1633729758251282,0.7823113292953436,0.0,-0.0154175908792356,0.8827789727855241,0.0,0.1530075301104582,0.9168537377423344,0.0,0.5584628283977509,0.5478281378746033,-0.0003393217921257,0.3320810634227913
350,1,0.1774142125484456,-0.0005086923823141,0.0,-0.1774142125484456,0.0005086923823141,0.0,0.1215879294000117,0.4245582824672917,0.0,-0.0163404831803818,0.4273512387718023,0.0,0.01159486470106,0.747537264774803,0.0,0.1466480270148739,0.7762229619113019,0.0,-0.053572436268907,0.7711416363168726,0.0,0.1698685466749111,0.8136530922962385,0.0,-0.0179210497534563,0.917698225596114,0.0,0.1575753962458174,0.9525095045894892,0.0,0.5590411424636841,0.5477797985076904,-0.0003428049385547,0.3194116273543311
351,1,0.1788468464734062,-0.0006872583532791,0.0,-0.1788468464734062,0.0006872583532791,0.0,0.1217776341706859,0.4278296430291058,0.0,-0.0172771696782262,0.430208043469414,0.0,0.0109692707456689,0.7535344981448814,0.0,0.1466226294660242,0.7824863246878319,0.0,-0.0546149194543965,0.777440043112285,0.0,0.1698714421106004,0.8205687217545307,0.0,-0.0166052213032967,0.9248980526239652,0.0,0.1614610980530191,0.9600525807022235,0.0,0.5592353343963623,0.5474503338336945,-0.000342309474945,0.3172949326411325
352,1,0.1868421798271339,5.356221687211334e-05,0.0,-0.1868421798271339,-5.356221687211334e-05,0.0,0.1271660222877356,0.4478752893702191,0.0,-0.0181610249950869,0.4503848656193444,0.0,0.0114906651078411,0.7903075669690833,0.0,0.1529180690846192,0.8184026174065778,0.0,-0.0569755819564818,0.8192407778112579,0.0,0.1771725319936463,0.8586182285463015,0.0,-0.0162110071434681,0.9682398780280675,0.0,0.1713697623005708,1.0041163610053605,0.0,0.5592444837093353,0.5469335317611694,-0.0003437995910644,0.3037975082796384
353,1,0.1908437668338125,0.0006502310687704,0.0,-0.1908437668338125,-0.0006502310687704,0.0,0.1325996307400387,0.4571192281012349,0.0,-0.0196151209316556,0.4588845829967702,0.0,0.0109284729958909,0.8046238699607844,0.0,0.1573339614920129,0.8341069335219833,0.0,-0.0567278950505257,0.8338789783783038,0.0,0.1834705557153954,0.8752346724043989,0.0,-0.0220813081472072,0.9865085205828932,0.0,0.1873591670586702,1.0233859539711168,0.0,0.5594629049301147,0.5465278923511505,-0.0003468208014965,0.2986048186269799
354,1,0.1962277465632577,0.0017661547767657,0.0,-0.1962277465632577,-0.0017661547767657,0.0,0.1366469515468495,0.4701286951015806,0.0,-0.0193079285947437,0.4732321893881692,0.0,0.0122157165129249,0.8324863845418737,0.0,0.1618622294481649,0.8595097176631022,0.0,-0.0539555072295608,0.8675519456461371,0.0,0.1886995654802999,0.9037038523861498,0.0,0.0076160698173645,1.0160853375404943,0.0,0.1922617163250487,1.0504995000481194,0.0,0.5591575503349304,0.545818567276001,-0.0003504268825054,0.291618686130841
355,1,0.1975576692537637,0.0027636966168225,0.0,-0.1975576692537637,-0.0027636966168225,0.0,0.1368934506615902,0.4725443077168409,0.0,-0.0292957358355474,0.4775024311434943,0.0,0.0175975069338649,0.8341099160917059,0.0,0.1591015117680908,0.8584724570420406,0.0,-0.0533190851564468,0.8677881712454013,0.0,0.1889591614475821,0.8982964149900261,0.0,0.009786904503046,1.018196773681528,0.0,0.1928431099369217,1.0525525947648662,0.0,0.5588191747665405,0.5452117025852203,-0.0003462061285972,0.291704457718817
356,1,0.1979428354269184,0.0032546191868324,0.0,-0.1979428354269184,-0.0032546191868324,0.0,0.1328221453414414,0.4714951868582849,0.0,-0.0426126626256453,0.47763379534082,0.0,0.0203608178048472,0.8232253972539497,0.0,0.1552668398913053,0.8552783662671555,0.0,-0.0497806854486534,0.8555610224698412,0.0,0.1897669843999538,0.8932614135384367,0.0,0.005982007171393,1.0132229053004744,0.0,0.1779418544449427,1.0556412926974723,0.0,0.5583335161209106,0.5450593829154968,-0.0003455076366662,0.2926921332776291
357,1,0.1926378601331582,0.00356171212199,0.0,-0.1926378601331582,-0.00356171212199,0.0,0.127077208919387,0.4555671996929617,0.0,-0.0636300012369749,0.4627158503274619,0.0,0.0178883952915766,0.7898434693478933,0.0,0.1433988791392667,0.8262746794339559,0.0,-0.0444133582631522,0.8212380056802032,0.0,0.185976528608549,0.8613219580028846,0.0,0.00860938575533,0.9724807767322364,0.0,0.1531687277468722,1.0235386000379645,0.0,0.5571102648973465,0.5451619923114777,-0.0003394875675439,0.3047998154915474
358,1,0.1844247149603688,0.0044217772069044,0.0,-0.1844247149603688,-0.0044217772069044,0.0,0.1237756435700983,0.4341370078275123,0.0,-0.0818098591566038,0.4402993691868115,0.0,0.0197546361706031,0.7470480851572471,0.0,0.1217917937122613,0.7873192386891963,0.0,-0.0359202016881647,0.7777951690370539,0.0,0.1749152541951364,0.8177691519200897,0.0,-0.0150245004963289,0.950117345805688,0.0,0.129207745506523,0.9858198011098478,0.0,0.5552033483982086,0.5448049604892731,-0.0003403443843126,0.3223220883497468
359,1,0.175858440280383,0.0048678543486603,0.0,-0.175858440280383,-0.0048678543486603,0.0,0.1193363467119751,0.4111497325963999,0.0,-0.0949226368141843,0.4207288945425935,0.0,0.0236547283635819,0.705449605616697,0.0,0.0750250740597099,0.7528545070501439,0.0,-0.0222746589256114,0.7336198273927304,0.0,0.1192531921459532,0.7794582153455225,0.0,0.0166617257191369,0.8799298504875891,0.0,0.1010397272637095,0.9405608604525062,0.0,0.553262010216713,0.544158011674881,-0.0003282614052295,0.3419104556494525
360,1,0.1799789520603081,0.0052239780488221,0.0,-0.1799789520603081,-0.0052239780488221,0.0,0.1254616464469956,0.4190822473557253,0.0,-0.1009290980452016,0.4419164825751134,0.0,0.0286863128244066,0.7194082449929863,0.0,0.0397035616388065,0.8016703340480313,0.0,-0.0167077847399905,0.7457177518684867,0.0,0.0636579608721219,0.8322591012670595,0.0,0.0392129142133513,0.8905756475405121,0.0,0.0682650870584358,0.992020811027614,0.0,0.5516928136348724,0.5440584719181061,-0.0003308504819869,0.3365040912517945
361,1,0.1939123152006907,0.0062052982924579,0.0,-0.1939123152006907,-0.0062052982924579,0.0,0.1307501464969064,0.452532109963165,0.0,-0.1281754207210731,0.4808938363102671,0.0,0.036094555818088,0.7737633787583149,0.0,0.0006268525494855,0.885885650486867,0.0,-0.0066978049216609,0.799260389905053,0.0,0.0219267183990158,0.9243971968495436,0.0,0.0374596929188787,0.958716161683005,0.0,0.0178060162156844,1.090664012042473,0.0,0.5511892735958099,0.5432175099849701,-0.0003318563103675,0.3134496488262284
362,1,0.1976584790531413,0.0067303910821552,0.0,-0.1976584790531413,-0.0067303910821552,0.0,0.1246058981293284,0.4618690483075137,0.0,-0.1518322546013233,0.4919062656572884,0.0,0.0361343180895867,0.7847095310206652,0.0,-0.0492953395998745,0.9035256362982308,0.0,-0.006891882538438,0.8098168564006332,0.0,-0.0314105236643471,0.9451060578131476,0.0,0.0232746053838913,0.9742641191582576,0.0,-0.0500036184854287,1.1138153790886531,0.0,0.551133543252945,0.5433825850486755,-0.0003251433372497,0.3080043812222982
363,1,0.1948886277955006,0.0069081881195226,0.0,-0.1948886277955006,-0.0069081881195226,0.0,0.1182536750095896,0.4548129639656165,0.0,-0.1792979181463493,0.48335509918454,0.0,0.0345887502677606,0.7769197939964883,0.0,-0.1086454060361123,0.8957813891800214,0.0,-0.0041187198325263,0.8025931587193254,0.0,-0.0773404903162151,0.94200825002874,0.0,-0.0053544451974498,0.9659014775805176,0.0,-0.1278406318116976,1.098752229820982,0.0,0.5505678504705429,0.5431700348854065,-0.0003284737467765,0.3132351039790886
364,1,0.2126006508987344,0.0085458967997149,0.0,-0.2126006508987344,-0.0085458967997149,0.0,0.1244101347318802,0.4958151243562939,0.0,-0.2223084857207628,0.5240068216111494,0.0,0.0245950622102879,0.8484061696355368,0.0,-0.1755625306432751,0.9690201812108576,0.0,-0.019035586300425,0.8751791927405541,0.0,-0.1522449894740028,1.0165010434533848,0.0,-0.0132457725342143,1.0552777227917676,0.0,-0.1746421109215726,1.1939400770868118,0.0,0.550385907292366,0.543477326631546,-0.0003266371786594,0.2878821934180967
365,1,0.2091141359476763,0.0094628469891497,0.0,-0.2091141359476763,-0.0094628469891497,0.0,0.1206953408041757,0.4883018670355183,0.0,-0.2438899457102584,0.5133917667922273,0.0,0.008706492089209,0.8448784980007211,0.0,-0.2147684979661983,0.9645764779764672,0.0,-0.0433630222678942,0.876743478122771,0.0,-0.1893135211240752,1.0067696427869115,0.0,-0.0118297821167849,1.037251387529207,0.0,-0.2234516438804395,1.1854210983360431,0.0,0.5503332316875458,0.5441093444824219,-0.0003329813480377,0.2923276226697623
366,1,0.2209630660664629,0.0098197159344436,0.0,-0.2209630660664629,-0.0098197159344436,0.0,0.1266597800232922,0.5160909702433675,0.0,-0.2856382139460356,0.5407467928065914,0.0,0.0089422990638972,0.8901416726741077,0.0,-0.2672281546980218,1.0108059499157152,0.0,-0.0469141750153323,0.9234211636219468,0.0,-0.2448706870346118,1.0573354891110505,0.0,-0.0166676955335057,1.0933573109052066,0.0,-0.2593746179552337,1.2419123076064458,0.0,0.5502257347106934,0.5441785454750061,-0.0003329925239086,0.2772303149093749
367,1,0.2188890277645626,0.009751152542017,0.0,-0.2188890277645626,-0.009751152542017,0.0,0.1253960265001629,0.5103749861794977,0.0,-0.3000363986338501,0.5335211838246421,0.0,0.0073020755219601,0.879813375200749,0.0,-0.2956946670728165,0.995789797057686,0.0,-0.049047573735251,0.912627745445928,0.0,-0.2682961989564582,1.0422617520175652,0.0,-0.0351796173366519,1.0806163349320508,0.0,-0.2845578238735216,1.2249179227977536,0.0,0.5502256602048874,0.5441610515117645,-0.0003348365426063,0.2804968674205295
368,1,0.235701230465134,0.0104690777808413,0.0,-0.235701230465134,-0.0104690777808413,0.0,0.1354904654805249,0.5495139881575686,0.0,-0.3414052518768061,0.5720772239737382,0.0,0.0084572943352519,0.9478666772567816,0.0,-0.3428781453450327,1.072293449441577,0.0,-0.0527204206274907,0.982675571337609,0.0,-0.321047923478324,1.1200622498470896,0.0,-0.0368085483539779,1.1653891961031335,0.0,-0.3305020412635804,1.3108271277365546,0.0,0.5501597970724106,0.5440643429756165,-0.0003341175615787,0.2604502647678192
369,1,0.2391077516776385,0.0108514407339968,0.0,-0.2391077516776385,-0.0108514407339968,0.0,0.1377551026705408,0.5568650467017026,0.0,-0.3530924794312352,0.5793051918793871,0.0,0.0091118649230728,0.9591113013203442,0.0,-0.3680177777404446,1.0636078766313215,0.0,-0.0532583714163426,0.9868939405101336,0.0,-0.3451108690058381,1.1010352614053418,0.0,-0.0534418753793273,1.182237504949874,0.0,-0.3563701478775431,1.3051406181004634,0.0,0.5500842332839966,0.5438320934772491,-0.000336118042469,0.2569278246119464
370,1,0.2486471611203591,0.0112381692016613,0.0,-0.2486471611203591,-0.0112381692016613,0.0,0.1447629723220279,0.5753427587459515,0.0,-0.3652378015481051,0.595930363470265,0.0,0.0119013360383656,0.988415312337248,0.0,-0.3772132890261348,1.0729400408703091,0.0,-0.0522053110293715,1.0153731071910828,0.0,-0.3569353579778961,1.1075412486333454,0.0,-0.0507676003350286,1.2213232459293055,0.0,-0.3600576311277272,1.318561499551669,0.0,0.5495252758264542,0.5438089966773987,-0.000337641686201,0.2485823131729319
371,1,0.2531891050156696,0.0116123759877366,0.0,-0.2531891050156696,-0.0116123759877366,0.0,0.1491522505228475,0.5801807629561154,0.0,-0.3648475517277085,0.6002337686602841,0.0,0.0106853700627018,0.99648962000918,0.0,-0.3631160692406037,1.054615181382067,0.0,-0.0527000119326078,1.0236995972219145,0.0,-0.3417734842844021,1.0880045536276413,0.0,-0.0531700703368815,1.2305963476323336,0.0,-0.3575065444994232,1.2972796303909948,0.0,0.5485376268625259,0.543733149766922,-0.000344481319189,0.2466311271835886
372,1,0.2512599756515926,0.0116294185620046,0.0,-0.2512599756515926,-0.0116294185620046,0.0,0.1499567606943109,0.5743416982139361,0.0,-0.3519878857989243,0.5935567591358127,0.0,0.0147372618402292,0.970998380659371,0.0,-0.335210417098852,1.011184708736703,0.0,-0.0463650179248789,0.9969913823286488,0.0,-0.3127899325823909,1.0399707823324138,0.0,-0.0475953680241599,1.2176170054352702,0.0,-0.3281120776685317,1.2572667016378474,0.0,0.5479150116443634,0.5438887476921082,-0.0003432445228099,0.2489118057006164
373,1,0.250072866159633,0.0116097802758867,0.0,-0.250072866159633,-0.0116097802758867,0.0,0.1517303700634953,0.5708650855997508,0.0,-0.3419770270485317,0.5870767948068562,0.0,0.0237546671801665,0.9413227499707516,0.0,-0.3187238322452911,0.9875700842786996,0.0,-0.036802729152652,0.969518987035692,0.0,-0.295811512231741,1.0149989356204527,0.0,-0.0388391518815455,1.2110818508573893,0.0,-0.3162038873339603,1.2371672404667855,0.0,0.547296330332756,0.5438752174377441,-0.000343631953001,0.2498719176661313
374,1,0.2481591790084215,0.0119073671436436,0.0,-0.2481591790084215,-0.0119073671436436,0.0,0.1512802757604386,0.5665947582761438,0.0,-0.3354831505187931,0.5773440416656388,0.0,0.0263120042391767,0.9296952017849518,0.0,-0.310770963546375,0.9660057676350156,0.0,-0.0280381665353,0.956454036006028,0.0,-0.2918526324984069,0.9873632925894804,0.0,-0.0355792817682813,1.1985038520842126,0.0,-0.2845946676173507,1.2094470383517946,0.0,0.5469921231269836,0.5437655746936798,-0.0003410428762435,0.2514485597496758
375,1,0.2464655245197798,0.0127076271350105,0.0,-0.2464655245197798,-0.0127076271350105,0.0,0.1498347128770267,0.5629758355166133,0.0,-0.3286310808308221,0.5690106690623553,0.0,0.0233996985215773,0.9267414059243596,0.0,-0.2903991645420131,0.9552814633754644,0.0,-0.028925977355619,0.954514215748366,0.0,-0.2885300287481883,0.9864644981497512,0.0,-0.0212539720776521,1.1912711023041582,0.0,-0.2513963504302124,1.187899734277902,0.0,0.5469300001859665,0.5430938601493835,-0.0003416314721107,0.2531020309734785
376,1,0.2456512534412749,0.0126812296739243,0.0,-0.2456512534412749,-0.0126812296739243,0.0,0.1494697715343956,0.5604910940138064,0.0,-0.3132151589320072,0.5651274722947012,0.0,0.0235188989433799,0.9289502431170517,0.0,-0.2617645584974805,0.9468090593460234,0.0,-0.026018391094305,0.956817126433468,0.0,-0.2656938080678204,0.9822096463840904,0.0,-0.0196450736094036,1.1861551013555556,0.0,-0.2234246081444669,1.1831788668325196,0.0,0.5469011068344116,0.5424303114414215,-0.0003417618572711,0.2538004506674267
377,1,0.2373391714423117,0.0123415579672517,0.0,-0.2373391714423117,-0.0123415579672517,0.0,0.1448392570444192,0.5416047609054863,0.0,-0.2892259296260058,0.5460824860848296,0.0,0.02040304452019,0.9053782395804408,0.0,-0.2384992710657796,0.9246913160145104,0.0,-0.0251564042737306,0.9328618391912076,0.0,-0.2500531716695394,0.9603934444933946,0.0,-0.023597470635762,1.144995576850305,0.0,-0.2074971500435731,1.14978272259994,0.0,0.5468110591173172,0.5423946380615234,-0.0003457255661487,0.2619810209067997
378,1,0.2228039206640138,0.0116471600457151,0.0,-0.2228039206640138,-0.0116471600457151,0.0,0.1360333912543042,0.5083827908081274,0.0,-0.2695726892128741,0.5098229620194227,0.0,0.0187047905190117,0.8520351959009937,0.0,-0.2156110869516294,0.867432534397987,0.0,-0.0234433217623552,0.8777208163192001,0.0,-0.2236251947698014,0.9017367195205084,0.0,-0.0246689220103513,1.0755843388488084,0.0,-0.1949109790101949,1.079065822255317,0.0,0.5468019545078278,0.5423365831375122,-0.0003461800515651,0.2786185874852144
379,1,0.2118899649351209,0.0110594988625666,0.0,-0.2118899649351209,-0.0110594988625666,0.0,0.1296144911352137,0.4838816494005798,0.0,-0.2536810145836533,0.4856039361012264,0.0,0.0178915991165347,0.8121607715421763,0.0,-0.2003492598604838,0.8267241803588355,0.0,-0.0220935023452424,0.8365547103104988,0.0,-0.2078641375835034,0.8591618351492297,0.0,-0.0232230341856735,1.0234359466879546,0.0,-0.1851398663086275,1.0278948392748428,0.0,0.5467771142721176,0.5421070158481598,-0.0003384016454219,0.2928170433269152
380,1,0.215565816083291,0.0112455678022053,0.0,-0.215565816083291,-0.0112455678022053,0.0,0.1319001833387463,0.4920200223294553,0.0,-0.2549365385003232,0.4936366354778427,0.0,0.0159022876264517,0.8269766335882784,0.0,-0.1958312689123432,0.8407257151035613,0.0,-0.0229668415231714,0.8520320664003929,0.0,-0.2022588904829207,0.8737681198194307,0.0,-0.033990710071553,1.0387088439849437,0.0,-0.1835963901941953,1.043163953137917,0.0,0.5467687845230103,0.542017787694931,-0.0003390908241271,0.2878077897490754
381,1,0.2153019020223369,0.0111689961984624,0.0,-0.2153019020223369,-0.0111689961984624,0.0,0.1317689307226931,0.4916633491299777,0.0,-0.2532483056197496,0.4928804946059688,0.0,0.0157308086076704,0.8282208343403804,0.0,-0.190684710569767,0.8421993838710885,0.0,-0.0230400962051598,0.8537928911106927,0.0,-0.1964821884345821,0.8751310115355012,0.0,-0.0336916710736808,1.037220356260327,0.0,-0.1841209814812874,1.0440381918847663,0.0,0.5467961430549622,0.5419401228427887,-0.0003422908484935,0.2880465215412084
382,1,0.2113732976722773,0.0108269438516987,0.0,-0.2113732976722773,-0.0108269438516987,0.0,0.1309508972610963,0.4820427810401861,0.0,-0.2474640583457392,0.4833950700136623,0.0,0.0155245637969207,0.8145251029421313,0.0,-0.1859009911191723,0.8274669024466269,0.0,-0.0232094363930355,0.8415863185729631,0.0,-0.1901190237500926,0.8598598900574411,0.0,-0.0308223074209472,1.017270551203694,0.0,-0.1816493442159314,1.02379557907421,0.0,0.546776220202446,0.5420766770839691,-0.0003413930535316,0.2934636994742382
383,1,0.2126968860809338,0.0109380176184717,0.0,-0.2126968860809338,-0.0109380176184717,0.0,0.1325330560167879,0.484809171335213,0.0,-0.2483100749448577,0.4847376422874287,0.0,0.0175854674899544,0.8198222108004831,0.0,-0.1853080049468981,0.8324914357440436,0.0,-0.0196247606422856,0.8470594503532161,0.0,-0.1841624161544551,0.8626918171934194,0.0,-0.0301842874136242,1.0231040859668046,0.0,-0.1843808863032592,1.026685851942428,0.0,0.5466664582490921,0.5420978665351868,-0.0003447905182838,0.291652500873317
384,1,0.2331239201207463,0.0120550342230858,0.0,-0.2331239201207463,-0.0120550342230858,0.0,0.1469520152779145,0.5308983307234465,0.0,-0.2718299607816482,0.5336147877731866,0.0,0.0188416964630559,0.9037386693672372,0.0,-0.202841562142745,0.9118275553273244,0.0,-0.0214215017891986,0.9328219644754764,0.0,-0.2013211437033103,0.9447373227155084,0.0,-0.0333700148736443,1.1227017746061845,0.0,-0.2021483346695123,1.1254798369411527,0.0,0.5466670095920563,0.5423777997493744,-0.000351944938302,0.266069335650102
385,1,0.2307841694025538,0.0102021655893826,0.0,-0.2307841694025538,-0.0102021655893826,0.0,0.148048689648033,0.5213029297738416,0.0,-0.2668674277435435,0.5265579920204522,0.0,0.0186646520141651,0.8912534946870053,0.0,-0.2013809770895988,0.8988880778942769,0.0,-0.0209774522462008,0.9197657820961016,0.0,-0.1990073399868698,0.9297676744834208,0.0,-0.0334021619072655,1.1076404743189234,0.0,-0.2000253584252976,1.1106649993283593,0.0,0.5468039065599442,0.5436845421791077,-0.0003563817590475,0.2684502421363023
386,1,0.2297596294248851,0.0087082615959684,0.0,-0.2297596294248851,-0.0087082615959684,0.0,0.1480959954144603,0.5186750171523787,0.0,-0.2682166879659943,0.5247110789287363,0.0,0.0191036704925896,0.8878918573690946,0.0,-0.2085546134455404,0.8956584063152562,0.0,-0.0223272466756937,0.9145876629682262,0.0,-0.2028327518473329,0.9267314832058884,0.0,-0.0345325529249047,1.1033253015958608,0.0,-0.2020540770151532,1.106882389448107,0.0,0.5473796874284744,0.5445460379123688,-0.0003641583025455,0.2685242738445419
387,1,0.2420005592151798,0.0080836561462949,0.0,-0.2420005592151798,-0.0080836561462949,0.0,0.1549859494644632,0.5454016728613723,0.0,-0.2817289329336047,0.5514440324181902,0.0,0.0201150940384243,0.9338523076069192,0.0,-0.2255099334291904,0.9431900317570984,0.0,-0.0246088474667632,0.9606847541521116,0.0,-0.2203929476228369,0.9758159192216432,0.0,-0.0380974770535469,1.161253987588933,0.0,-0.2122340778093003,1.165467824523167,0.0,0.5478396564722061,0.5448668897151947,-0.0003696456551551,0.2547794037714514
388,1,0.2439679499049645,0.0079774578035664,0.0,-0.2439679499049645,-0.0079774578035664,0.0,0.1545386109227441,0.551652824313959,0.0,-0.2871406036352346,0.5565222231780181,0.0,0.0181132997341516,0.9440461235488192,0.0,-0.240246540821715,0.9538661173785598,0.0,-0.0280212362803725,0.971895439511981,0.0,-0.2303046344778766,0.9875601323185628,0.0,-0.0454151930005155,1.1769920577435384,0.0,-0.240553807701907,1.1877774093062703,0.0,0.5484689027070999,0.5449179708957672,-0.00037157908082,0.2517903292086706
389,1,0.2458445260075319,0.0079259331287597,0.0,-0.2458445260075319,-0.0079259331287597,0.0,0.1535957832904936,0.5590396287080737,0.0,-0.2921001071665861,0.5661357226425658,0.0,0.0154484888169505,0.9635107633664464,0.0,-0.2492643533702443,0.9894587274025948,0.0,-0.0315047648731157,0.994002868461778,0.0,-0.2417399437605327,1.0244610049305354,0.0,-0.0482024977754696,1.1933288554739057,0.0,-0.2542658748097792,1.224586689961238,0.0,0.5491021424531937,0.5448583960533142,-0.0003735125064849,0.2491669640987799
390,1,0.2511744988944918,0.0082597004342404,0.0,-0.2511744988944918,-0.0082597004342404,0.0,0.1552474431167801,0.5726845546986381,0.0,-0.2970931311404295,0.5834652240413434,0.0,0.0138927056482257,0.9914541592550424,0.0,-0.2608146166868236,1.0400421674699394,0.0,-0.0353286848774421,1.0222379541204647,0.0,-0.2558613328822023,1.0701094135371156,0.0,-0.0509042314745778,1.2240366801239757,0.0,-0.2624039258235731,1.2846196859547117,0.0,0.5495660305023193,0.5446248352527618,-0.0003727935254573,0.244391514965567
391,1,0.2508313091394709,0.0087122717307072,0.0,-0.2508313091394709,-0.0087122717307072,0.0,0.153915985197962,0.581076467857367,0.0,-0.2825835909267377,0.5910495991513646,0.0,0.011697288560823,1.004216974561177,0.0,-0.2606884937009048,1.0649302550865871,0.0,-0.0380729686988276,1.0358692094842696,0.0,-0.2577476295822399,1.1000811948954576,0.0,-0.0531536269462644,1.2350950496318975,0.0,-0.2503681337426157,1.321502028248081,0.0,0.5501386225223541,0.5432651937007904,-0.0003684610128402,0.2436688037587602
392,1,0.2478582200531033,0.0090864375402308,0.0,-0.2478582200531033,-0.0090864375402308,0.0,0.1503032552813183,0.5818124384819976,0.0,-0.2593473928156662,0.588254610692814,0.0,0.0144079535513525,0.9938009385259248,0.0,-0.2254927012929213,1.0689836183114163,0.0,-0.0360555273909324,1.0231189962664662,0.0,-0.2130533570635769,1.1032775104040686,0.0,-0.049161707368645,1.217828026912938,0.0,-0.2126290180260213,1.3277180635366728,0.0,0.550566554069519,0.5422817766666412,-0.000366311520338,0.2466559683702958
393,1,0.2360544127928834,0.0089516872053948,0.0,-0.2360544127928834,-0.0089516872053948,0.0,0.1420953969539873,0.5619167625039826,0.0,-0.208371397435124,0.5663764486598135,0.0,0.0118322137506923,0.9581329060543256,0.0,-0.1505997537018489,1.047490050204965,0.0,-0.0363998425319158,0.9826095914917574,0.0,-0.1531533227687687,1.091476391092389,0.0,-0.0344653345006535,1.1694058347156735,0.0,-0.1294323442033512,1.2867142078420568,0.0,0.5511086881160736,0.5410602688789368,-0.0003709234297275,0.25822923440467
394,1,0.2216262570323135,0.0096547424188243,0.0,-0.2216262570323135,-0.0096547424188243,0.0,0.1369212351820458,0.5293816277582533,0.0,-0.1706381779924434,0.5299522180075971,0.0,0.0114514082409842,0.8964313047609263,0.0,-0.0808123632853607,0.9979233387931792,0.0,-0.0319043490036851,0.9166232216135114,0.0,-0.0675758830613126,1.043482792295189,0.0,-0.0304686633212306,1.0842658007969,0.0,-0.0779054519277087,1.2107500344820474,0.0,0.5511043816804886,0.5406442880630493,-0.0003635957837104,0.2750468131449708
395,1,0.2034653051943192,0.0090881047296947,0.0,-0.2034653051943192,-0.0090881047296947,0.0,0.1274198360776026,0.4871948923380956,0.0,-0.1304036439275922,0.4839750259440812,0.0,0.0106702341496034,0.8218296141831016,0.0,-0.0297533739696649,0.9137899852064169,0.0,-0.0288779777676343,0.8412514726472443,0.0,-0.0120679832444593,0.9578522572208984,0.0,-0.0217452893042254,0.992305663242318,0.0,-0.0181283113603807,1.116018445096424,0.0,0.5510198026895523,0.5403731167316437,-0.0003518350422382,0.2995905584275646
396,1,0.1999804748811151,0.0090112092075638,0.0,-0.1999804748811151,-0.0090112092075638,0.0,0.1252176055100527,0.4786177735666321,0.0,-0.1103340854444386,0.4758628550588153,0.0,0.0170056734218766,0.8108827253213331,0.0,0.011275302159077,0.9013295289494084,0.0,-0.0222830501361977,0.8306279697879037,0.0,0.0145371757226577,0.9438355499998278,0.0,0.0063232525611428,0.9845178623112708,0.0,0.0465205068342711,1.1076962103168326,0.0,0.5510366261005402,0.5400551557540894,-0.0003348663449287,0.3048689270288537
397,1,0.1973775568794246,0.0086761471098442,0.0,-0.1973775568794246,-0.0086761471098442,0.0,0.1251908362626216,0.4729215268518399,0.0,-0.0944942558231749,0.4678812293940811,0.0,0.0178329261785405,0.8052024206932825,0.0,0.0573848625838398,0.885538499536501,0.0,-0.0216998507486326,0.824127340359974,0.0,0.0636581401945467,0.9246145454699594,0.0,0.015762347830339,0.9812410604271586,0.0,0.1074123888021872,1.091704934798583,0.0,0.550888866186142,0.5398736000061035,-0.0003241822123527,0.3079864594381587
398,1,0.2009304763652236,0.0087374392940463,0.0,-0.2009304763652236,-0.0087374392940463,0.0,0.1268374251631457,0.4776625294011657,0.0,-0.0812963093936186,0.461717738398637,0.0,0.0147772509234592,0.831693942433187,0.0,0.118235910359359,0.8668899024596537,0.0,-0.0284384513062491,0.8618374175249095,0.0,0.1445995404099001,0.905452212996701,0.0,0.036843181379943,1.0291160775013797,0.0,0.1572464363417905,1.092740970174219,0.0,0.5514043718576431,0.5398655533790588,-0.0003266483545303,0.302135400116699
399,1,0.2055861713226056,0.0078537091824877,0.0,-0.2055861713226056,-0.0078537091824877,0.0,0.1274525436795708,0.4916270089367706,0.0,-0.0668767326926086,0.4760850882407347,0.0,0.0109014719123342,0.8550220269930232,0.0,0.148111660441789,0.8791209710734985,0.0,-0.0363026159783043,0.8838304281103004,0.0,0.1940939561934656,0.9178280870093868,0.0,0.0313486783752089,1.05499939478267,0.0,0.1869421362637504,1.1088007938082,0.0,0.5526731610298157,0.540242075920105,-0.000327818095684,0.2928051888153701
400,1,0.220262052957944,0.0067874681064326,0.0,-0.220262052957944,-0.0067874681064326,0.0,0.1338408448262881,0.5263849547183173,0.0,-0.0534703932045757,0.5082696089444447,0.0,0.0074147861871354,0.9196635166934112,0.0,0.1892749756369153,0.9432596704934684,0.0,-0.0435633637104364,0.9521665621918952,0.0,0.2326534450171438,0.9856622505147328,0.0,0.0302008217594554,1.1336846282431858,0.0,0.2292546959463272,1.1860978447156063,0.0,0.5538099259138107,0.5422662794589996,-0.0003299638628959,0.270389014898994
401,1,0.2213698079382322,0.0046432784558005,0.0,-0.2213698079382322,-0.0046432784558005,0.0,0.1330605128271555,0.528499079779173,0.0,-0.0348246996773928,0.5109531080152976,0.0,-0.0127226764263599,0.9251766257143644,0.0,0.208031869858051,0.9487178939480072,0.0,-0.0704455679614303,0.9590106762478832,0.0,0.2432822460431328,0.9922534970475126,0.0,0.0144997033946842,1.14110008853906,0.0,0.2278168154956151,1.1899814587168305,0.0,0.554772675037384,0.5430290699005127,-0.0003304481506347,0.2678646422710896
402,1,0.2255733868908386,0.003894555696297,0.0,-0.2255733868908386,-0.003894555696297,0.0,0.1367368520679119,0.5394221186851567,0.0,-0.0148294578359277,0.522248456270821,0.0,-0.0167489889079171,0.9441115781565648,0.0,0.2187233446684157,0.9683875055372614,0.0,-0.072063779209201,0.9785826263149948,0.0,0.2497371900039414,1.0120961832633446,0.0,0.0150181131705504,1.1636825072352337,0.0,0.2276919214803625,1.2060329575250703,0.0,0.5546065419912338,0.5435570478439331,-0.0003306381404399,0.2620760920441452
403,1,0.2180751491242001,0.0028607505517216,0.0,-0.2180751491242001,-0.0028607505517216,0.0,0.1331476098233475,0.518205946659556,0.0,0.0083961197706788,0.5019454652308544,0.0,-0.0226408618281315,0.9106200501200892,0.0,0.2172198800087602,0.9287135031970216,0.0,-0.0735643394159959,0.9440490056726564,0.0,0.2455529581905092,0.9699890068968888,0.0,0.0139268012236564,1.123909431380572,0.0,0.2341249568347575,1.1583732250606935,0.0,0.5545708984136581,0.5448837876319885,-0.000323724001646,0.2701923916372536
404,1,0.2140663873696886,0.0010782676187445,0.0,-0.2140663873696886,-0.0010782676187445,0.0,0.1318082831069462,0.5098771941036557,0.0,0.0305406633282792,0.4972998497731851,0.0,-0.0276376267041452,0.899376004557493,0.0,0.2374500507467717,0.9168999604224582,0.0,-0.0747180024269043,0.9363188476665428,0.0,0.261738053486972,0.9573916404754668,0.0,0.0014949730115535,1.110261332792479,0.0,0.2554457692182529,1.142317109345676,0.0,0.5546672344207764,0.5460789501667023,-0.0003247335553169,0.2722725534343682
405,1,0.2113241745419065,0.0003260176877568,0.0,-0.2113241745419065,-0.0003260176877568,0.0,0.1294232976486237,0.5048716454763258,0.0,0.0296215418691234,0.497140337727802,0.0,-0.0324716342906203,0.8903209402430204,0.0,0.232282423315984,0.9062386720707358,0.0,-0.0763810921387149,0.9268558561868524,0.0,0.2589857797716359,0.9438517361405008,0.0,-0.0068019392663848,1.0983237141843905,0.0,0.2526728125188784,1.1222036920424583,0.0,0.5551889091730118,0.5475775003433228,-0.00032639503479,0.2733254890319724
406,1,0.2057128555395007,-6.258934379960411e-05,0.0,-0.2057128555395007,6.258934379960411e-05,0.0,0.1253643728794055,0.4904242505372481,0.0,0.0299696683084949,0.4838051604110551,0.0,-0.0327694199621109,0.8599989453573452,0.0,0.2256333561084026,0.8828634948554149,0.0,-0.0760088302142763,0.8927711957249352,0.0,0.2524421023433867,0.9186073505526852,0.0,-0.0113087515816214,1.06387187712387,0.0,0.2474249149105494,1.0851729747199967,0.0,0.5555481165647507,0.5487245917320251,-0.0003272555768489,0.2790277043821622
407,1,0.2033922316741873,-0.0003181748394012,0.0,-0.2033922316741873,0.0003181748394012,0.0,0.1228217475338813,0.4851065048840024,0.0,0.0323936785225772,0.4821967805941,0.0,-0.0342386469977979,0.8487793914767795,0.0,0.2191008810310062,0.8684826787306088,0.0,-0.0772780800752384,0.8810749333783343,0.0,0.2435805041534057,0.9016545541344824,0.0,-0.0143040755992888,1.0510927568815869,0.0,0.2398196966485394,1.0650169111404637,0.0,0.5560952126979828,0.5501978695392609,-0.0003283992409706,0.280905822122527
408,1,0.2036750696898034,1.805436846196365e-05,0.0,-0.2036750696898034,-1.805436846196365e-05,0.0,0.1273655572054574,0.4864217565774681,0.0,0.0318231212717371,0.4854211813406944,0.0,-0.0219227038584589,0.8511041885829068,0.0,0.2135502750855845,0.8728301105081886,0.0,-0.0679265166665337,0.8828386404710734,0.0,0.2379651227752901,0.9064099538804496,0.0,-0.0122709880415088,1.0521025111947049,0.0,0.2388763876449975,1.0661853459173667,0.0,0.5560886859893799,0.5507977902889252,-0.0003294870257377,0.2789680787855546
409,1,0.1997639753363045,-0.0006322768499929,0.0,-0.1997639753363045,0.0006322768499929,0.0,0.1264353364152556,0.4795265008737602,0.0,0.0323245577182925,0.4818154172691917,0.0,-0.0219338058237219,0.8424137695942352,0.0,0.2056169616067007,0.8646245476575265,0.0,-0.0703372751350217,0.8736369042197738,0.0,0.2310871718807691,0.8989517217256796,0.0,-0.0154687882822679,1.041505400913858,0.0,0.227920381743235,1.0513854554298423,0.0,0.5570289194583893,0.5512835085391998,-0.0003328807651996,0.281159832191501
410,1,0.1992029653206994,-0.0006254891437907,0.0,-0.1992029653206994,0.0006254891437907,0.0,0.1284561867826825,0.4782575697210219,0.0,0.0306263753396867,0.4842284082630377,0.0,-0.0191456743144841,0.8390168393739409,0.0,0.2015606679980235,0.8644006462176127,0.0,-0.0670496359916425,0.862527679064644,0.0,0.2263564280699171,0.8971500995125504,0.0,-0.028601093041647,1.0394075658328747,0.0,0.2135377721422596,1.0511421961458909,0.0,0.5574833154678345,0.5520171821117401,-0.0003331936895847,0.2809709758592396
411,1,0.1987478998894872,-0.0012147063222714,0.0,-0.1987478998894872,0.0012147063222714,0.0,0.1280001867085594,0.4806389075860601,0.0,0.0268339086026125,0.4882922632679043,0.0,-0.0222865135662522,0.840493570088521,0.0,0.1997656094653575,0.8719610731724445,0.0,-0.0691512053469018,0.8641575636187506,0.0,0.224198553379205,0.9035070755027624,0.0,-0.0416475933642872,1.0428618466659405,0.0,0.2090163285588451,1.058245346120788,0.0,0.5584123730659485,0.5534879565238953,-0.0003337748348712,0.2786638807036793
412,1,0.1980308504761149,-0.0008634012361339,0.0,-0.1980308504761149,0.0008634012361339,0.0,0.1299974345740923,0.4796162947193341,0.0,0.0246420129041421,0.4870382614827021,0.0,-0.0250243488923831,0.8330265290257172,0.0,0.1982285222335602,0.8692403361707285,0.0,-0.0774547034828743,0.8550838824131443,0.0,0.2217501819407037,0.8998201783713352,0.0,-0.0420452306087193,1.039989285547261,0.0,0.2048457282497884,1.0562169213761143,0.0,0.5584328770637512,0.5533568263053894,-0.0003297962248325,0.2795214977641337
413,1,0.1974446386736186,-0.0014324640143883,0.0,-0.1974446386736186,0.0014324640143883,0.0,0.1256630272725559,0.4761349223694207,0.0,0.0188041304472567,0.4840632818124115,0.0,-0.0288548546303017,0.8274614737607108,0.0,0.1932916985604442,0.8637379428497314,0.0,-0.0807249412862578,0.850242579451812,0.0,0.2164143706745836,0.8950880300862274,0.0,-0.0508650565368989,1.0309568082836778,0.0,0.1954256955935431,1.0496619584919364,0.0,0.5597391128540039,0.55302494764328,-0.0003303699195384,0.281823665382682
414,1,0.1942794060565886,-0.0012510401281672,0.0,-0.1942794060565886,0.0012510401281672,0.0,0.1240118697042506,0.4700229020002099,0.0,0.0176823269954164,0.4772086361164128,0.0,-0.0285730846318824,0.8140106317187739,0.0,0.1900314409278707,0.8525179619451712,0.0,-0.077434282118668,0.833321366213184,0.0,0.2136064162794613,0.8839211453608634,0.0,-0.0500491170013641,1.014180390836497,0.0,0.1787711407900312,1.036529261310578,0.0,0.5597569346427917,0.5529413521289825,-0.0003290548920631,0.2856500280885359
415,1,0.2009735050118916,-0.0013677554615956,0.0,-0.2009735050118916,0.0013677554615956,0.0,0.1256221074889218,0.4838579637554143,0.0,0.0151136711053153,0.4900498253593431,0.0,-0.029374059648121,0.8354159425351443,0.0,0.1917423056947104,0.8751027820805585,0.0,-0.0797609512668921,0.8558176975252209,0.0,0.2160514443749956,0.9105381861903992,0.0,-0.0479102753547165,1.0401735888209944,0.0,0.179891563144629,1.0635665399554757,0.0,0.5605904459953308,0.552900642156601,-0.0003347545862197,0.2785751564699947
416,1,0.1996655822955799,-0.0013216999572518,0.0,-0.1996655822955799,0.0013216999572518,0.0,0.1267774470944916,0.4829525363900372,0.0,0.0161462733918721,0.4889077625497586,0.0,-0.0284517631117465,0.8314126583668884,0.0,0.1934190400626066,0.872089772601069,0.0,-0.0747541587076652,0.850738758742948,0.0,0.2195753819099867,0.9066475419500112,0.0,-0.0493377383445079,1.037763891189006,0.0,0.1798520343654489,1.0615743383278262,0.0,0.5602239668369293,0.5528333783149719,-0.0003348253667354,0.2792854483112212
417,1,0.195895044212892,-0.0015837652235246,0.0,-0.195895044212892,0.0015837652235246,0.0,0.1222323731784533,0.471504120525216,0.0,0.0121965949274377,0.4776424856463837,0.0,-0.0282706983775514,0.8132038091170039,0.0,0.1869215540937444,0.8512316585503005,0.0,-0.0736905622868966,0.8341457686957245,0.0,0.212368159088094,0.8851971678774687,0.0,-0.0446996867936408,1.0132436183313478,0.0,0.1720517699475226,1.035613859808324,0.0,0.5606302618980408,0.5523383021354675,-0.0003332309424877,0.2863629882506308
418,1,0.2007012194830017,-0.0014051473335358,0.0,-0.2007012194830017,0.0014051473335358,0.0,0.1256913839600016,0.4837177815499195,0.0,0.012412970605176,0.4877399877831163,0.0,-0.0282309880406198,0.834524459796756,0.0,0.1914944047801787,0.8741541173906427,0.0,-0.0750800448741631,0.8562703658541089,0.0,0.2181193272376577,0.9120302484237178,0.0,-0.0408915052942736,1.0392944072106858,0.0,0.1680878021551933,1.0627759140370638,0.0,0.5605978965759277,0.5521434247493744,-0.0003376305103302,0.2793064998642991
419,1,0.1956973288321147,-0.00141498585652,0.0,-0.1956973288321147,0.00141498585652,0.0,0.1223700538003002,0.4739686521429488,0.0,0.0127905569571691,0.4764528173597485,0.0,-0.0243774774662454,0.8197881030679128,0.0,0.1881652245562972,0.8567442657165915,0.0,-0.0696104298001683,0.842559304135458,0.0,0.2142958678271988,0.8952602141625121,0.0,-0.0318374951914871,1.0167185298079209,0.0,0.1656247004505946,1.0408840310261689,0.0,0.5603611767292023,0.5519837737083435,-0.0003363154828548,0.2852626777568175
420,1,0.1903568191927933,-0.000886284490771,0.0,-0.1903568191927933,0.000886284490771,0.0,0.1232184238094191,0.4643202845208539,0.0,0.0155630006703162,0.465291200411457,0.0,-0.0199250865556345,0.8013949141867877,0.0,0.1887357710066131,0.8376340795948624,0.0,-0.0632947023134125,0.8235873065335849,0.0,0.2139296210467303,0.8732131200842471,0.0,-0.0274005882993518,0.9939156461111898,0.0,0.1714448622621359,1.017875509162431,0.0,0.5592460036277771,0.5514521598815918,-0.0003361850976943,0.2922783698589593
421,1,0.1950075027281066,-0.0004638503290925,0.0,-0.1950075027281066,0.0004638503290925,0.0,0.1246309027747941,0.4778257782019581,0.0,0.0170543835878149,0.4795099245566644,0.0,-0.0199824257372423,0.8251565287009697,0.0,0.1941332670335629,0.8640671179236491,0.0,-0.0618841290586449,0.8522006110129277,0.0,0.2203279665051699,0.9010667523911744,0.0,-0.0268048474844138,1.020893431372505,0.0,0.1938978958850319,1.0462358241385623,0.0,0.5588225424289703,0.5505887269973755,-0.0003325194120407,0.2853979133853657
422,1,0.1950432693098201,4.838634344898826e-05,0.0,-0.1950432693098201,-4.838634344898826e-05,0.0,0.1234504193160867,0.4771233729324174,0.0,0.0175486341740959,0.4792022167376301,0.0,-0.0194643171480655,0.8242553253676654,0.0,0.1920720356520945,0.8621450580444532,0.0,-0.0671622217835947,0.8516199357494462,0.0,0.2187896217681423,0.8968954015129486,0.0,-0.0258024078566201,1.019151562627392,0.0,0.1941209111413645,1.0453218107508773,0.0,0.5585842430591583,0.5500213801860809,-0.000335332006216,0.2864047771017937
423,1,0.1975797216192272,0.0009021727262354,0.0,-0.1975797216192272,-0.0009021727262354,0.0,0.1277521210058407,0.4826714607882651,0.0,0.0069816022151143,0.4830514448673353,0.0,-0.018293759826656,0.8378908932602821,0.0,0.1936596753386928,0.8743076832248817,0.0,-0.0688091169709813,0.8669100984389959,0.0,0.2204061336378271,0.9068073741538816,0.0,-0.0233036551805123,1.034932742678942,0.0,0.1986379930682496,1.0629650418395502,0.0,0.5577670335769653,0.5488758385181427,-0.0003425292670726,0.2831339251972382
424,1,0.202188334561701,0.0018831801313566,0.0,-0.202188334561701,-0.0018831801313566,0.0,0.1322165158589871,0.4897499831583719,0.0,-0.0050771846527686,0.4909682862747499,0.0,-0.0163067149662128,0.849181519069935,0.0,0.1916215543374037,0.8860088144600563,0.0,-0.0701626039498142,0.8811166723546425,0.0,0.2214280802497805,0.9208514753566506,0.0,-0.0219677407597736,1.0480386623940816,0.0,0.1939626616003179,1.084543941213289,0.0,0.5569750070571899,0.5483384728431702,-0.0003435760736465,0.2802384732368296
425,1,0.1869859674037898,0.003058894913222,0.0,-0.1869859674037898,-0.003058894913222,0.0,0.1241997333236815,0.4503964232264406,0.0,-0.0212137133723654,0.4517387345327203,0.0,-0.0108383705614892,0.7773912350254566,0.0,0.1640635544235784,0.8129760277077999,0.0,-0.0680378964720774,0.8067142944377306,0.0,0.1981731202811332,0.8447981697293581,0.0,-0.0160456794125294,0.9585541193911118,0.0,0.1640681977604695,1.0038204629638472,0.0,0.5557488352060318,0.5467200577259064,-0.0003428347408771,0.3080783299053173
426,1,0.2009155245700637,0.003386032948626,0.0,-0.2009155245700637,-0.003386032948626,0.0,0.1338716005235318,0.4797565631897764,0.0,-0.0419720229301859,0.4832189851565633,0.0,-0.0077973193101252,0.8242499127627603,0.0,0.1505701373579031,0.8721545426751874,0.0,-0.0690502380308993,0.8554553906272472,0.0,0.190163437023238,0.9025725471712508,0.0,-0.0145492882307873,1.0181492341842415,0.0,0.1573095969359939,1.0858368766952218,0.0,0.5547759830951691,0.5464411675930023,-0.0003542304039001,0.2906534304718472
427,1,0.1930388928190518,0.0038299223719897,0.0,-0.1930388928190518,-0.0038299223719897,0.0,0.1295979104679649,0.4594084188349587,0.0,-0.0592774423681537,0.463897287186821,0.0,-0.0060205252350765,0.7858494966039686,0.0,0.114265933397726,0.8396492128082269,0.0,-0.0635028103444625,0.8165134507444464,0.0,0.1547738012721531,0.8672970531015094,0.0,0.00017417160279,0.9712751594753084,0.0,0.1133090623078178,1.0500446081588397,0.0,0.5541700124740601,0.5455456078052521,-0.0003462862223386,0.3056006084331882
428,1,0.1903847279508387,0.0046006516645741,0.0,-0.1903847279508387,-0.0046006516645741,0.0,0.1315570286582923,0.4496730883238233,0.0,-0.0869657459654341,0.457724514066254,0.0,-0.0024899747907581,0.7711849485978044,0.0,0.0766796201586928,0.8373300161295321,0.0,-0.0516773438773747,0.8016362560369573,0.0,0.1309972123245107,0.8716583798089623,0.0,0.0170067751063803,0.9478474235745792,0.0,0.0664897454783169,1.0402985326447567,0.0,0.5530832409858704,0.5450560450553894,-0.0003531575202941,0.3133464655970733
429,1,0.1902837600403335,0.0049838513422645,0.0,-0.1902837600403335,-0.0049838513422645,0.0,0.1320495107038472,0.4506611080442512,0.0,-0.1125967764742311,0.4642254434700866,0.0,-0.0013698689135756,0.7699000833172245,0.0,0.0442546087235797,0.862966453800615,0.0,-0.0456076952420033,0.7990182480212236,0.0,0.0889337884073286,0.9023667901822446,0.0,0.0207562299522244,0.9452416023782152,0.0,0.0001196513862808,1.0612152331287903,0.0,0.5520868450403214,0.5444428324699402,-0.0003522597253322,0.3152060344132197
430,1,0.2062318822364148,0.0061247758591227,0.0,-0.2062318822364148,-0.0061247758591227,0.0,0.144931896320772,0.4902898223191968,0.0,-0.1452235328842554,0.5128477421939219,0.0,-0.0030128127739639,0.8353994135104161,0.0,-0.0019935638959206,0.9651206626309292,0.0,-0.0456107242502336,0.8636223659803187,0.0,0.0477125680384724,1.00585246732428,0.0,0.0016058372160325,1.0234271660030312,0.0,-0.046217050844618,1.1657072505285615,0.0,0.5509446114301682,0.5439862310886383,-0.0003484394401311,0.2921610332007626
431,1,0.2049083738688578,0.0066818445592701,0.0,-0.2049083738688578,-0.0066818445592701,0.0,0.1395393448382357,0.484393888192613,0.0,-0.1744859190901315,0.5065160536794843,0.0,-0.0025566013848903,0.8290853897908573,0.0,-0.0617550960720196,0.9468660300148104,0.0,-0.0377808647740443,0.8542744104523307,0.0,-0.018121681200245,0.9980650653087813,0.0,-0.0254770225293723,1.0146650402204536,0.0,-0.0830834328295552,1.1530337140599332,0.0,0.5502422600984573,0.5435836911201477,-0.0003427285701036,0.2962103977210444
432,1,0.2122114594607656,0.0067907193394012,0.0,-0.2122114594607656,-0.0067907193394012,0.0,0.1405332714608965,0.4983343508761331,0.0,-0.2121215106553706,0.5221462716983404,0.0,-0.0009761418857996,0.8620418261560211,0.0,-0.1215513729810443,0.9807164992361178,0.0,-0.0314642167675574,0.8891814373099212,0.0,-0.0662413747555304,1.038852094808013,0.0,-0.0529547105683111,1.0554753818872762,0.0,-0.1647344857272385,1.1921749230858971,0.0,0.5500013828277588,0.543615847826004,-0.0003361478447914,0.286927781579754
433,1,0.2110671463603496,0.0070224059551121,0.0,-0.2110671463603496,-0.0070224059551121,0.0,0.1392975250547373,0.4955645971899025,0.0,-0.2443864237076607,0.5182129259701699,0.0,-0.0046308981908421,0.8621099236779454,0.0,-0.1791549543867444,0.973120237718159,0.0,-0.0379214468561694,0.8929029371411779,0.0,-0.1296804437498157,1.0296421627312071,0.0,-0.051075876306064,1.0510024544890109,0.0,-0.2262201826791831,1.191393322908452,0.0,0.5500469207763672,0.5432355999946594,-0.0003457739949226,0.2883893395623409
434,1,0.208672886535786,0.007451239957387,0.0,-0.208672886535786,-0.007451239957387,0.0,0.1386592716989284,0.4934806332412433,0.0,-0.2734848581624989,0.5160050093579712,0.0,-0.0047953893776444,0.8573763595676384,0.0,-0.2243392319763907,0.9723753692297892,0.0,-0.0417288751404225,0.8875279457334564,0.0,-0.1871602873516667,1.0211724274816354,0.0,-0.0496458942371722,1.0441311084123808,0.0,-0.2771317923278292,1.1818173840438582,0.0,0.5500643998384476,0.5417780876159668,-0.0003422107547521,0.2916381906432707
435,1,0.2142747285163908,0.0094740497765757,0.0,-0.2142747285163908,-0.0094740497765757,0.0,0.1454689010184892,0.5052237958353827,0.0,-0.3006556534749876,0.5255054951922741,0.0,-0.0020281175390286,0.8800745353268031,0.0,-0.280498448583509,0.9966430626949327,0.0,-0.0431611727460636,0.9092649244931812,0.0,-0.2390120302978781,1.0467692711282244,0.0,-0.0491922379593932,1.0738491228085645,0.0,-0.3312906185721022,1.2108751927263148,0.0,0.5500477999448776,0.5408211052417755,-0.0003419108688831,0.2843914296044778
436,1,0.2212560282420672,0.0111588010892022,0.0,-0.2212560282420672,-0.0111588010892022,0.0,0.1542317027036584,0.5185295185527495,0.0,-0.3215417678995044,0.5377968676552937,0.0,-0.0001019848021396,0.910598206556522,0.0,-0.325318554655862,1.0311312785158773,0.0,-0.0446112206427464,0.9396794321700512,0.0,-0.2931751921441893,1.084728613430208,0.0,-0.0558321417120655,1.1120990007739446,0.0,-0.3736092227469916,1.2525426607256107,0.0,0.5500242114067078,0.539175420999527,-0.0003419425338506,0.2758586744664997
437,1,0.2218146478767835,0.0115752431598381,0.0,-0.2218146478767835,-0.0115752431598381,0.0,0.1566868845963738,0.5200860595745576,0.0,-0.3261757335505438,0.5341869402191226,0.0,0.0019136028075438,0.9123439495023474,0.0,-0.3468018812476607,1.036002338637346,0.0,-0.0446168354814024,0.939831120122318,0.0,-0.3153067466942902,1.0874591446506372,0.0,-0.0553194597417005,1.1193226148670112,0.0,-0.3918176297722603,1.2551478788791497,0.0,0.5500304847955704,0.5373663902282715,-0.0003431942313909,0.2753393528563658
438,1,0.1927519949424728,0.0097945788217314,0.0,-0.1927519949424728,-0.0097945788217314,0.0,0.1360782016364948,0.4483188807506696,0.0,-0.2798049651694226,0.4591489502566359,0.0,0.0038482923264016,0.7885436018118468,0.0,-0.300053685357409,0.885372485765767,0.0,-0.0391281352582965,0.8117065154381646,0.0,-0.272666176087194,0.9226103815531046,0.0,-0.047562131845833,0.9698460149322872,0.0,-0.3363927489683858,1.0792456057217052,0.0,0.5502153933048248,0.5373398065567017,-0.0003394000232219,0.3177408007328008
439,1,0.227005273297363,0.0115377052701855,0.0,-0.227005273297363,-0.0115377052701855,0.0,0.1606465166953509,0.5280540390678469,0.0,-0.3296758093756413,0.5379575729087535,0.0,0.0046824234878264,0.9271361945125778,0.0,-0.3453633250235431,1.0146592269911483,0.0,-0.0469866802203699,0.954527505025856,0.0,-0.3206091285615678,1.054194734833647,0.0,-0.0578268975362829,1.141244456138688,0.0,-0.3721973961104027,1.2432612352997252,0.0,0.5502127707004547,0.5373924374580383,-0.0003403834998607,0.2698705648572664
440,1,0.2266240182688065,0.0111509650575701,0.0,-0.2266240182688065,-0.0111509650575701,0.0,0.1602049510189703,0.5275780632452075,0.0,-0.3226282191823513,0.5371471231081106,0.0,0.0050501104877986,0.9258346600841708,0.0,-0.3255197777993703,0.9859622744700084,0.0,-0.0459073937768272,0.9534627567065472,0.0,-0.2971323755049963,1.02260500328773,0.0,-0.0573163860305162,1.1395590277015395,0.0,-0.3543344687197958,1.206035875400421,0.0,0.5502709001302719,0.5373536348342896,-0.0003414377570152,0.2702716435948359
441,1,0.2256466832889188,0.0110087870543392,0.0,-0.2256466832889188,-0.0110087870543392,0.0,0.1591051754832502,0.5278308785574891,0.0,-0.31709666392477,0.5349965044993416,0.0,0.0045754590339092,0.925357622301177,0.0,-0.3099608580785908,0.9568089102189294,0.0,-0.045716187337653,0.953938478426559,0.0,-0.2801023594039021,0.988687582828914,0.0,-0.0570828155400712,1.1382731054081796,0.0,-0.3405980903956395,1.174770481692662,0.0,0.5504719316959381,0.5370389819145203,-0.0003441553562879,0.270838479378537
442,1,0.2378067215161385,0.0115761831878756,0.0,-0.2378067215161385,-0.0115761831878756,0.0,0.166300399414059,0.5605759790411879,0.0,-0.33509425364384,0.5677663580035687,0.0,0.0022836283948807,0.9822999954885856,0.0,-0.3218484499820592,1.012059150147049,0.0,-0.0518041816563365,1.0144448893961455,0.0,-0.2887616140951305,1.0485687138437256,0.0,-0.060425630520681,1.2058184952171451,0.0,-0.3536864858851837,1.2273882309261848,0.0,0.5509696155786514,0.5370921194553375,-0.0003552716225385,0.2552336980061835
443,1,0.2511894711945003,0.012499853804587,0.0,-0.2511894711945003,-0.012499853804587,0.0,0.1756702099548483,0.5936131444873418,0.0,-0.3527842481443153,0.6003253481045902,0.0,2.5538105149623192e-05,1.038053898758632,0.0,-0.3369009038386247,1.053745645589456,0.0,-0.0577189552053872,1.0729868189186118,0.0,-0.298340339022512,1.0946342492663097,0.0,-0.0633669477355792,1.2732899500738912,0.0,-0.3700593574944159,1.2794519123917805,0.0,0.550989955663681,0.5370506048202515,-0.0003569368273019,0.2415637612152267
444,1,0.2555878897202416,0.0128942243772945,0.0,-0.2555878897202416,-0.0128942243772945,0.0,0.1785892646600772,0.6049399522011607,0.0,-0.35109474276841,0.6078156199108937,0.0,-0.0003171082012635,1.056134806549902,0.0,-0.3346993118381999,1.0600515298575168,0.0,-0.0585505740597886,1.0934488147782158,0.0,-0.3006180088700403,1.103972304790244,0.0,-0.0644656512512337,1.294202263787523,0.0,-0.3517924688444005,1.2862405402080697,0.0,0.5510742515325546,0.5371297895908356,-0.0003556162118911,0.2369744951444019
445,1,0.2504771671958039,0.0126098601918739,0.0,-0.2504771671958039,-0.0126098601918739,0.0,0.1752058423268011,0.5938466750801822,0.0,-0.3355981026856161,0.5955976127996894,0.0,-0.000214827253665,1.0360760090448509,0.0,-0.3189170717485755,1.032063926588232,0.0,-0.0572849855284843,1.0733092790007674,0.0,-0.2904171495260636,1.0728753069775727,0.0,-0.0580100814785522,1.2693077226225091,0.0,-0.3365514101885293,1.254010887271673,0.0,0.551028773188591,0.5371570587158203,-0.0003570020198822,0.2415929243274383
446,1,0.2444789008041138,0.0125747939149563,0.0,-0.2444789008041138,-0.0125747939149563,0.0,0.168307245753439,0.5797544520315275,0.0,-0.3202660903530566,0.5784383506901754,0.0,-0.0001831333322513,1.010769686865716,0.0,-0.3104302817021635,0.9977275082436386,0.0,-0.0540676004483536,1.0479526833335382,0.0,-0.2814765342808186,1.0417708637364105,0.0,-0.0566990799984529,1.2379049150071362,0.0,-0.3235938260798035,1.214022496545628,0.0,0.5510920733213425,0.537296712398529,-0.0003600157797336,0.2472768245485301
447,1,0.2496152505618173,0.0128364467628859,0.0,-0.2496152505618173,-0.0128364467628859,0.0,0.171384772010432,0.5922498359656709,0.0,-0.3267169731322799,0.5900991098557535,0.0,-0.0008654821063532,1.0317663776320545,0.0,-0.3160198111380332,1.0122725465474625,0.0,-0.0554606100808541,1.0696839668288065,0.0,-0.2855361411677924,1.0537583579208554,0.0,-0.0575463788983543,1.2625780913663869,0.0,-0.3249965890846261,1.2391666466080615,0.0,0.5511386096477509,0.5372902750968933,-0.0003601852804422,0.2422457223071147
448,1,0.2468108314107235,0.0126812990976845,0.0,-0.2468108314107235,-0.0126812990976845,0.0,0.1684179875138432,0.5859694951913439,0.0,-0.321583818473565,0.583315306577113,0.0,-0.0008873247663489,1.0210077726164215,0.0,-0.3090222242799231,0.9975098459344328,0.0,-0.0543513790936896,1.059545939243952,0.0,-0.2814969088243195,1.036383770219644,0.0,-0.0567707806501946,1.2494662851004383,0.0,-0.3165032941772899,1.2275712362798992,0.0,0.5511452555656433,0.5372563898563385,-0.0003595668822526,0.2449814856293212
449,1,0.2428641655446419,0.0124281292806133,0.0,-0.2428641655446419,-0.0124281292806133,0.0,0.164844514705178,0.5765695018813823,0.0,-0.3155492856801192,0.573449903080985,0.0,-0.0009329713975484,1.003094272202547,0.0,-0.3026044945403286,0.9854052158879484,0.0,-0.0534634917945418,1.0414617709606613,0.0,-0.2756990619339701,1.0246021023421703,0.0,-0.0558056443505065,1.2291870336923174,0.0,-0.3100961513387816,1.2094622075781802,0.0,0.5511445850133896,0.5372449159622192,-0.0003587733954191,0.2490151410683664
450,1,0.2418459620094226,0.0123190757915742,0.0,-0.2418459620094226,-0.0123190757915742,0.0,0.1637703898185488,0.572565765952455,0.0,-0.3117632192440734,0.5694128927588185,0.0,-0.0002004126151587,0.9936428931085642,0.0,-0.2990020707859657,0.9785463314535264,0.0,-0.0529759723443525,1.0326712885773122,0.0,-0.2718951353331656,1.018480744094718,0.0,-0.0542614183825061,1.220111525611819,0.0,-0.3041799910210286,1.2014386804812969,0.0,0.5508853793144226,0.5372951626777649,-0.0003623627126216,0.2507163309347978
451,1,0.2450358571435958,0.0124245479871902,0.0,-0.2450358571435958,-0.0124245479871902,0.0,0.1645210587499696,0.5792104237287298,0.0,-0.3148003237587747,0.5768087794793406,0.0,-0.0008740694430803,1.0062415047694957,0.0,-0.3020570895710564,0.9929493886821904,0.0,-0.053748047035033,1.0458972889515603,0.0,-0.2745915642389595,1.0335153608793637,0.0,-0.0546750903837546,1.2342048352868438,0.0,-0.307282002200643,1.2150037208157392,0.0,0.5508385300636292,0.5373071432113647,-0.0003616996109485,0.2475373807510964
452,1,0.2369000474385005,0.0118790240745255,0.0,-0.2369000474385005,-0.0118790240745255,0.0,0.1589425931159392,0.5594930467162692,0.0,-0.3021776524408712,0.5577890840565034,0.0,0.0003578019299555,0.9715560026740864,0.0,-0.2875430593844195,0.9606627795952044,0.0,-0.050570870240789,1.0094821934025846,0.0,-0.2585076798291574,0.999846944940151,0.0,-0.0524748066843155,1.192027564325591,0.0,-0.2972488799903083,1.175494615489346,0.0,0.5505058914422989,0.5372833907604218,-0.0003610718995332,0.2563335730456122
453,1,0.2368726849595175,0.0118537556756658,0.0,-0.2368726849595175,-0.0118537556756658,0.0,0.1576139415541761,0.559596354401221,0.0,-0.3016041275047748,0.5579985524561799,0.0,0.0006035649757465,0.9730352234590646,0.0,-0.2869793911891569,0.9620968727254238,0.0,-0.0501761202713501,1.0108599463486816,0.0,-0.258129659722748,1.0011398876234925,0.0,-0.0512637231962457,1.1944020672318012,0.0,-0.2975598584715651,1.1756644617412495,0.0,0.550465852022171,0.5372469127178192,-0.0003605522215366,0.256316820443701
454,1,0.2324824515547852,0.01182626867827,0.0,-0.2324824515547852,-0.01182626867827,0.0,0.1554389883618389,0.549948192890175,0.0,-0.2939900943232015,0.5488813623065918,0.0,0.0022450895062555,0.9565700409302842,0.0,-0.277191114471357,0.945355627606007,0.0,-0.0484736143860628,0.9941579241477516,0.0,-0.2510300959419714,0.984375556507161,0.0,-0.0459772536893009,1.172831350613304,0.0,-0.2904857902615644,1.1560829108598458,0.0,0.5499225109815598,0.5373144447803497,-0.0003541409969329,0.2606371359764384
455,1,0.2339927220986526,0.011627803426887,0.0,-0.2339927220986526,-0.011627803426887,0.0,0.1573433874619847,0.5521115602130129,0.0,-0.2936340138789755,0.5536269360912776,0.0,0.0035691664379844,0.9565050015298058,0.0,-0.2758221989239968,0.9503267361562654,0.0,-0.0480841660544165,0.9897209926827754,0.0,-0.2507497729241977,0.9892369366233752,0.0,-0.0446783053287796,1.175165948977814,0.0,-0.2762602857469867,1.16242028864452,0.0,0.5495342314243317,0.5374288260936737,-0.0003499817103147,0.2593240585657106
456,1,0.2344224729599581,0.0116765166012021,0.0,-0.2344224729599581,-0.0116765166012021,0.0,0.1564525347954827,0.5534058286975965,0.0,-0.2915791686081335,0.5553479402546293,0.0,0.0043266070492304,0.958637808007228,0.0,-0.2725559681711536,0.9597518321356244,0.0,-0.0471189580776289,0.9914502539482708,0.0,-0.2490211428203925,0.9970024027428872,0.0,-0.0458431873229378,1.1753849690826612,0.0,-0.2757087601382504,1.1763533751657325,0.0,0.5493360757827759,0.5374262034893036,-0.0003513470292091,0.2586913964815394
457,1,0.2364614005350432,0.0117437610864614,0.0,-0.2364614005350432,-0.0117437610864614,0.0,0.1574401358243506,0.5606812207445797,0.0,-0.2798942353181405,0.563583620234936,0.0,0.0025450196976883,0.9708541448331623,0.0,-0.2740809272947452,0.9836951061767611,0.0,-0.0494463967151042,1.0039855595456082,0.0,-0.2524888235199221,1.0214878444080566,0.0,-0.0464558761799804,1.1895502961181972,0.0,-0.2511061623651186,1.208098377295002,0.0,0.5495173931121826,0.5372343957424164,-0.0003495421260595,0.2556773558978638
458,1,0.2344884353933456,0.0117377205766999,0.0,-0.2344884353933456,-0.0117377205766999,0.0,0.1548642469067301,0.5559180888938136,0.0,-0.2698489958446061,0.5597675520473889,0.0,0.0023714906317166,0.9660229170092284,0.0,-0.250115472226129,1.0075553946022595,0.0,-0.0490041256996464,0.9970545063981842,0.0,-0.2284841323145873,1.0388961054471926,0.0,-0.0546029667789733,1.1800440118748696,0.0,-0.2404520767559216,1.2274715141844197,0.0,0.5495528727769852,0.537209540605545,-0.0003438387066125,0.257992491842697
459,1,0.2400528621564475,0.0118426840570793,0.0,-0.2400528621564475,-0.0118426840570793,0.0,0.1558029903210092,0.5695069862503647,0.0,-0.2694963065249324,0.5768981934809538,0.0,0.0024188179375323,0.9901995854757816,0.0,-0.2389630039593065,1.042589442867311,0.0,-0.0494343919526695,1.021995949929453,0.0,-0.217168206187127,1.0744168041563769,0.0,-0.0592270257665813,1.21143866994183,0.0,-0.2289292573570996,1.2848618913933376,0.0,0.5495917499065399,0.537743091583252,-0.0003435388207435,0.2519034077604208
460,1,0.2389756305967369,0.0118409066841531,0.0,-0.2389756305967369,-0.0118409066841531,0.0,0.1518454519747847,0.573295094339697,0.0,-0.2565185989538976,0.5796311124517938,0.0,-0.0012407838454034,0.9964737249306652,0.0,-0.2231352306886159,1.056705615318077,0.0,-0.0531445931127885,1.0266050373324789,0.0,-0.2123618721307752,1.0904640616704795,0.0,-0.0625256826160718,1.212293632618198,0.0,-0.2056668523954241,1.3075533007477085,0.0,0.5504702478647232,0.5377787053585052,-0.0003401078283786,0.252114885361632
461,1,0.2409207255849975,0.0121614329694987,0.0,-0.2409207255849975,-0.0121614329694987,0.0,0.1526573435422401,0.5824595340763344,0.0,-0.2367541849381876,0.5929050728459866,0.0,-0.0062738053165464,1.0097902472508542,0.0,-0.2044851316183086,1.1035632564606996,0.0,-0.0678062917974244,1.0408033576963358,0.0,-0.213420817191936,1.1397180807628526,0.0,-0.0646588543079882,1.2359919932346144,0.0,-0.1433560127804863,1.3501124468832977,0.0,0.5508634895086288,0.5378876328468323,-0.0003507081419229,0.2496532606958073
462,1,0.2370577075733195,0.0118579675327148,0.0,-0.2370577075733195,-0.0118579675327148,0.0,0.1477458311447748,0.5761756501457772,0.0,-0.2165401492942904,0.5884207902240796,0.0,-0.0094673857582968,0.9953606517543488,0.0,-0.1561292395923993,1.1054178281020084,0.0,-0.0718984590430258,1.0256069049269825,0.0,-0.1808861785201528,1.1514644364860984,0.0,-0.0623815156691913,1.2222691595420827,0.0,-0.082749401719088,1.3462252776765884,0.0,0.5516397505998611,0.5377530753612518,-0.0003421548753976,0.2534762568811701
463,1,0.2401384830648681,0.0127979920852154,0.0,-0.2401384830648681,-0.0127979920852154,0.0,0.1500669916916721,0.5866515462900137,0.0,-0.2068832400132468,0.6013145580134175,0.0,-0.012652125293791,1.011608621224268,0.0,-0.1132016946393676,1.1561684557391347,0.0,-0.0828356397770071,1.0459494567007015,0.0,-0.1351356232383378,1.2144822538833795,0.0,-0.0570345117952515,1.241691002365864,0.0,-0.0485503839610836,1.370611960817642,0.0,0.5517460703849792,0.5372582376003265,-0.0003438536077737,0.2498734627958652
464,1,0.233015522384377,0.0126373204261814,0.0,-0.233015522384377,-0.0126373204261814,0.0,0.1451732563284742,0.5724829440045707,0.0,-0.1812442320957737,0.5952962358730299,0.0,-0.0188049049751816,0.9826066338791534,0.0,-0.0796289494742289,1.1305401552473644,0.0,-0.0890888858187108,1.01702299893152,0.0,-0.1010885109560853,1.1872396896849422,0.0,-0.0436661242396932,1.2054117522798384,0.0,0.0148301418052313,1.334971930894954,0.0,0.5524074137210846,0.5365798771381378,-0.0003319606184959,0.257927289325649
465,1,0.2360169609263626,0.0127442458802964,0.0,-0.2360169609263626,-0.0127442458802964,0.0,0.1508197988927044,0.5825121749444504,0.0,-0.1672412475112316,0.6088501893566326,0.0,-0.0231809538878001,1.0176632213557772,0.0,-0.0332620341370179,1.1561358822669765,0.0,-0.0928936029059804,1.0467825143414933,0.0,-0.0463076555014368,1.2141607400568226,0.0,-0.0309126645971056,1.2400033362937055,0.0,0.0857681584310643,1.3606674245657548,0.0,0.5524096786975861,0.536202073097229,-0.0003366116434335,0.2543391125670216
466,1,0.2357369148762606,0.0124924934473296,0.0,-0.2357369148762606,-0.0124924934473296,0.0,0.1530514131141141,0.5810391622661406,0.0,-0.1320022407289661,0.6114002559303046,0.0,-0.0212594566956645,1.01535424855302,0.0,0.015562152213635,1.149829571049217,0.0,-0.0923476234657812,1.047184578597934,0.0,0.0064683078930316,1.2041160858595363,0.0,-0.0020391543212331,1.232247427581372,0.0,0.14317642908111,1.363892788473237,0.0,0.5526136010885239,0.5365157425403595,-0.0003274958580732,0.2543236221159815
467,1,0.2138982290976174,0.0104611339936996,0.0,-0.2138982290976174,-0.0104611339936996,0.0,0.1381785883238369,0.5270371409735222,0.0,-0.0990963183170573,0.5543905197933882,0.0,-0.0119236923807123,0.9273757137292886,0.0,0.0723813061081369,1.038258305702305,0.0,-0.0806108284006331,0.96874729847877,0.0,0.0848178075557941,1.0866438020033855,0.0,0.044668244996265,1.120219919561419,0.0,0.1543471942666212,1.2361399870572345,0.0,0.5529398620128632,0.5372915863990784,-0.0003276132047176,0.2788978478688583
468,1,0.1990930115335781,0.0071599128407815,0.0,-0.1990930115335781,-0.0071599128407815,0.0,0.1272099347186515,0.4886094132800365,0.0,-0.0679942116844083,0.5127536142287464,0.0,-0.0034808140968107,0.8608549921522305,0.0,0.1347585293980001,0.9607896555912232,0.0,-0.0689478949420484,0.9007509414459324,0.0,0.159035918523604,1.0050081303200458,0.0,0.0478104120946609,1.0393555040944753,0.0,0.1547878746326836,1.1464553719584891,0.0,0.5532102435827255,0.5387103855609894,-0.0003247857093811,0.2984972014206128
469,1,0.2119466467990073,0.0054382905526796,0.0,-0.2119466467990073,-0.0054382905526796,0.0,0.1324414787100592,0.5172311814714441,0.0,-0.0490158465876249,0.5403170641929599,0.0,-0.0046897975216156,0.8927892564347619,0.0,0.1909839257188305,1.019228416324641,0.0,-0.0710855699974598,0.9380391255565316,0.0,0.2229296745466083,1.0636170936359852,0.0,0.0281363804615709,1.09196631394497,0.0,0.203275306673583,1.218226566526503,0.0,0.5533449500799179,0.541030615568161,-0.0003174114972352,0.2788543863200993
470,1,0.2133506070367179,0.0055074213990681,0.0,-0.2133506070367179,-0.0055074213990681,0.0,0.139952118085693,0.5302692041604855,0.0,-0.0357203906522983,0.5495394855003106,0.0,-0.0089527897721194,0.9124818404432774,0.0,0.2226525651357087,1.0224193878358816,0.0,-0.0803107955185114,0.9534712895446286,0.0,0.2605961802712691,1.0732604422613394,0.0,-0.0113445216417267,1.1168886360091623,0.0,0.2563393705465578,1.238073586101526,0.0,0.5523145496845245,0.5408969521522522,-0.0003052186220884,0.2721885084650872
471,1,0.2037093675811319,0.0037888497971403,0.0,-0.2037093675811319,-0.0037888497971403,0.0,0.1400999241129989,0.5143488739744135,0.0,-0.0184502244623501,0.5307496166855379,0.0,-0.0075163251375235,0.8831027641408397,0.0,0.2413198472341342,0.9769662545403668,0.0,-0.0799747430947058,0.9203925024769708,0.0,0.2783207270880735,1.0219992706588783,0.0,-0.0113299372695979,1.080791005254779,0.0,0.2617554689500054,1.1943523485757046,0.0,0.5512854009866714,0.5416037142276764,-0.0003052353858947,0.2804235196247789
472,1,0.1925552264695683,0.0029528525677842,0.0,-0.1925552264695683,-0.0029528525677842,0.0,0.132714580634394,0.4852976709161075,0.0,-0.0108241274626727,0.4986857183095217,0.0,-0.007909670622334,0.8324716374534683,0.0,0.2371986021521168,0.9094339633828163,0.0,-0.0732857340016914,0.864817525016905,0.0,0.263313325508078,0.9506277543378016,0.0,-0.0234728058218225,1.0194467686279385,0.0,0.295755704952006,1.1153132611187857,0.0,0.5512031763792038,0.5420453548431396,-0.0002915970981121,0.2965040099386665
473,1,0.2153625118314597,0.0024183963969842,0.0,-0.2153625118314597,-0.0024183963969842,0.0,0.1484690379191418,0.5427650410562365,0.0,-0.0041311951609214,0.5552751086736238,0.0,-0.0139979706306721,0.933097015100732,0.0,0.2665621488741038,1.0083960671296488,0.0,-0.0820458109073793,0.9671022980975458,0.0,0.2933437212665898,1.0559978267262835,0.0,-0.0300954607122293,1.1392863031381515,0.0,0.3286004201331274,1.238244979069448,0.0,0.5505934059619904,0.5442663133144379,-0.0002920180559158,0.2622494904158029
474,1,0.2168373929359115,0.0006063186026252,0.0,-0.2168373929359115,-0.0006063186026252,0.0,0.1443940506690633,0.5449741569943511,0.0,0.0141740199205695,0.5546557033915809,0.0,-0.0218292523080015,0.9371086431104046,0.0,0.2739474989781005,1.0001193148252585,0.0,-0.0834715669033495,0.9714217677319612,0.0,0.3059636973607287,1.0401726849123365,0.0,-0.0295717752529814,1.144106412084726,0.0,0.3448161609894205,1.2214095037583517,0.0,0.5504269450902939,0.5461524128913879,-0.0002984479069709,0.259134130055797
475,1,0.2167507811153967,0.0010886982471834,0.0,-0.2167507811153967,-0.0010886982471834,0.0,0.1406037799647855,0.5423771375209026,0.0,0.021967644200826,0.5496062963023267,0.0,-0.0229275296403985,0.9332906553039322,0.0,0.2628901486644208,0.9822579240257584,0.0,-0.0816270660229748,0.9662662740065984,0.0,0.2923875915387201,1.0260733705117582,0.0,-0.0297228652876185,1.141289296210776,0.0,0.3207691934670895,1.1976886038860135,0.0,0.5504665970802307,0.5468041896820068,-0.0003008004277944,0.2591248626070381
476,1,0.2143882840587893,0.0011175866437616,0.0,-0.2143882840587893,-0.0011175866437616,0.0,0.1394317694916674,0.5335535320059598,0.0,0.0227892844964315,0.5387178592451984,0.0,-0.0221899065113643,0.9221435423148588,0.0,0.250008754193573,0.96235503151551,0.0,-0.076265526487596,0.9515061192228338,0.0,0.2770646650553119,1.001497999962535,0.0,-0.0442055778838596,1.1281902266036907,0.0,0.3167262975289214,1.1660108066984762,0.0,0.5503428131341934,0.5469132959842682,-0.0003017811104655,0.2617867710867083
477,1,0.2246957420133362,0.0011889269801579,0.0,-0.2246957420133362,-0.0011889269801579,0.0,0.1484996293076651,0.5555310843466478,0.0,0.0236019072069893,0.5577487756882753,0.0,-0.0280721389846238,0.9608425217548296,0.0,0.2542260530360617,0.9724816418926454,0.0,-0.0814356501763489,0.9929325703674394,0.0,0.2813353067691382,1.0080885847284324,0.0,-0.0470295689420824,1.1816003161033104,0.0,0.2955893024475341,1.19958197141815,0.0,0.5503035187721252,0.5471930503845215,-0.0003042016178369,0.2497131788419749
478,1,0.2185832379654285,0.0010526323785817,0.0,-0.2185832379654285,-0.0010526323785817,0.0,0.1451731670953266,0.5345813286007831,0.0,0.0186662742007881,0.5384607320357552,0.0,-0.0253553695575309,0.9249833911749568,0.0,0.2437667124231679,0.9318564067364784,0.0,-0.0791225766619253,0.955916840954552,0.0,0.2678805915522954,0.9659147572284726,0.0,-0.0457927035445125,1.150377544038954,0.0,0.2164870356062262,1.1546984489130665,0.0,0.5504059046506882,0.5471763610839844,-0.0003108419477939,0.2565083939335975
479,1,0.2267428857802375,0.0006112946717415,0.0,-0.2267428857802375,-0.0006112946717415,0.0,0.1533693499084653,0.5553295237357317,0.0,0.0182832844323268,0.5599777866093391,0.0,-0.0202737180443582,0.9627202843311744,0.0,0.2534527672985762,0.9791579919958834,0.0,-0.0767234185560739,0.995211111100016,0.0,0.2819094127391796,1.016596609969065,0.0,-0.0467822176510151,1.1991789991711264,0.0,0.1954310277241895,1.206069362462158,0.0,0.5500412136316299,0.5473761856555939,-0.0003133499994874,0.2459578389871729
480,1,0.2269292495192714,0.00040236382595,0.0,-0.2269292495192714,-0.00040236382595,0.0,0.1533348161824226,0.553013118716198,0.0,0.018688475510757,0.5589700957215217,0.0,-0.0162948238010068,0.963476217476716,0.0,0.2527473520444049,0.9713711497210358,0.0,-0.0750375126564584,0.9977220927475632,0.0,0.2811222628669249,1.007686428799622,0.0,-0.0444158274990594,1.2020490524394094,0.0,0.1903877622752506,1.2033926949258245,0.0,0.5499497801065445,0.5474019050598145,-0.0003126533702015,0.2453135331313616
481,1,0.2179459954649363,0.0003559865937066,0.0,-0.2179459954649363,-0.0003559865937066,0.0,0.1488290572433593,0.5284865425369906,0.0,0.0167712156668334,0.5340997195445426,0.0,-0.0078958199855857,0.925246027500457,0.0,0.2404313735201325,0.9326485884480568,0.0,-0.0486575100909387,0.9583078594308208,0.0,0.267685875151588,0.9687615673549628,0.0,-0.042522779470188,1.1545244962223775,0.0,0.1746304428348203,1.1566184114667764,0.0,0.549947664141655,0.5473895370960236,-0.0003121178597211,0.2554222187360699
482,1,0.2184056289027542,0.0001852232816685,0.0,-0.2184056289027542,-0.0001852232816685,0.0,0.1495463290237081,0.5302795124396127,0.0,0.0158565404054849,0.535612960086497,0.0,-0.0074057720572648,0.927710171021174,0.0,0.2395533771543134,0.9397743729666712,0.0,-0.0491234842490252,0.9599291933797972,0.0,0.2673342952339158,0.9761413203632928,0.0,-0.0424275982624384,1.1579175534671624,0.0,0.1750268745716588,1.162299494022114,0.0,0.5499065816402435,0.5473112761974335,-0.0003121979534626,0.2547038143084647
483,1,0.2097387373602441,0.0002242850906691,0.0,-0.2097387373602441,-0.0002242850906691,0.0,0.1452546323774333,0.5111693899108262,0.0,0.0151444844526863,0.5148907191187222,0.0,-0.0084843443205705,0.8938705340078943,0.0,0.2310929321134587,0.906515704878604,0.0,-0.0483538931919374,0.924873721315061,0.0,0.2571958846607701,0.9439239784685478,0.0,-0.0419436224296777,1.1147929262020382,0.0,0.1810791601914561,1.1206180270191954,0.0,0.5496885925531387,0.5472802519798279,-0.0003044456243515,0.2644251625223116
484,1,0.2166652005887517,0.000700229604266,0.0,-0.2166652005887517,-0.000700229604266,0.0,0.1515478166828655,0.5298905225869864,0.0,0.0170285496252506,0.5320049871739265,0.0,-0.0074584726313014,0.9267782807104586,0.0,0.2402871509267291,0.9418898379687788,0.0,-0.049059209150702,0.9591679275705411,0.0,0.2670058485942764,0.980730983393541,0.0,-0.0418407035003224,1.154593627912856,0.0,0.1864964887055875,1.1617042622470732,0.0,0.54937843978405,0.5470176935195923,-0.0003024982288479,0.2552795948534116
485,1,0.2186038574949607,0.0007074663170315,0.0,-0.2186038574949607,-0.0007074663170315,0.0,0.1531408171290791,0.53478419814955,0.0,0.0167523672043685,0.5362391205671194,0.0,-0.0173045790677872,0.9376055216214294,0.0,0.2420374001616431,0.9476556599186382,0.0,-0.0607699452288851,0.9708758453286132,0.0,0.2686014371748113,0.9849294314228492,0.0,-0.044076798189209,1.1649203889426825,0.0,0.1960933731252132,1.17228156715012,0.0,0.5492770224809647,0.5467913448810577,-0.000303559936583,0.2533844578129884
486,1,0.218343912103187,0.0010215880505281,0.0,-0.218343912103187,-0.0010215880505281,0.0,0.1501345436417879,0.533135039317782,0.0,0.0168055276608896,0.534179475134092,0.0,-0.0158452184898691,0.932971174838286,0.0,0.2421592514740142,0.94181923576542,0.0,-0.0590900635456228,0.96566386714366,0.0,0.2684944064905184,0.9790107117372782,0.0,-0.0423577659032651,1.1585901670705407,0.0,0.2025346641984208,1.1674117480229735,0.0,0.5488981902599335,0.5466987192630768,-0.0003045527264475,0.2543554114243876
487,1,0.2263837673048681,0.0011041622662424,0.0,-0.2263837673048681,-0.0011041622662424,0.0,0.1561937826807529,0.552400593073901,0.0,0.015402178246711,0.5530790513029608,0.0,-0.0209970936140253,0.9678935549578448,0.0,0.2516172225048683,0.9764457186267615,0.0,-0.0705078072535845,1.002380190731296,0.0,0.2791924137589774,1.0142783153625476,0.0,-0.044966050155431,1.201576205969172,0.0,0.2127471692636519,1.2096941757768027,0.0,0.5485617071390152,0.5465682148933411,-0.000306031666696,0.245725063527944
488,1,0.2255544942581491,0.0013649636570384,0.0,-0.2255544942581491,-0.0013649636570384,0.0,0.157946465513047,0.5489599636793029,0.0,0.0119503862691521,0.5489447907264323,0.0,-0.0211880653215328,0.9611987370277024,0.0,0.2523602851698452,0.970650523303922,0.0,-0.0689315678323989,0.9954578195661068,0.0,0.2804731175930982,1.00987501487932,0.0,-0.0495299370809733,1.1939544833065447,0.0,0.2143248232503445,1.202104767403208,0.0,0.5478617250919342,0.5464873611927032,-0.0003048563376069,0.2474859477192713
489,1,0.2306507958160769,0.0020689975325312,0.0,-0.2306507958160769,-0.0020689975325312,0.0,0.1634994089656688,0.5588111551492394,0.0,0.0085501894662575,0.5585032693394816,0.0,-0.0199107845696798,0.9786468375428976,0.0,0.2588655101137885,0.9879362341826624,0.0,-0.0747095677485298,1.0129419908984494,0.0,0.2877940597400811,1.0294154712818664,0.0,-0.0385367755944703,1.213950829718483,0.0,0.2204739348366682,1.225990412074322,0.0,0.5471725314855576,0.5462178289890289,-0.0003035515546798,0.2437340253882507
490,1,0.2282954194666966,0.0020358385825488,0.0,-0.2282954194666966,-0.0020358385825488,0.0,0.162614914885478,0.5549531361419995,0.0,-0.0012031710681558,0.554776935754868,0.0,-0.0202460882499916,0.9734476410996112,0.0,0.2565676163783233,0.979198049350325,0.0,-0.0777562050169616,1.0119206335741855,0.0,0.2861786948617561,1.0187856903013008,0.0,-0.0343537049993919,1.1996672148410643,0.0,0.2288416406668043,1.2234644046603376,0.0,0.5468668192625046,0.5462050139904022,-0.0003036987036466,0.2469426508896423
491,1,0.2382334444634104,0.0022389286712746,0.0,-0.2382334444634104,-0.0022389286712746,0.0,0.1717521156472381,0.5813963512197081,0.0,-0.0017807610605878,0.5827556381532586,0.0,-0.0203576824857776,1.01861711732574,0.0,0.2668045186843494,1.035202321467791,0.0,-0.0799601728381522,1.0578323074145788,0.0,0.3001487513892888,1.0772678313104174,0.0,-0.0434229808870543,1.2472300438345885,0.0,0.2389214785902693,1.28709043811374,0.0,0.5461655110120773,0.546278715133667,-0.0003019487485289,0.2379736016082544
492,1,0.233909679682212,0.0025547268889742,0.0,-0.233909679682212,-0.0025547268889742,0.0,0.1685463209646638,0.574768880954574,0.0,-0.0142684527864313,0.578210607841315,0.0,-0.0172708520594471,0.9982009343986624,0.0,0.2540578821771371,1.0286139406862258,0.0,-0.0819273596442981,1.0404752953879597,0.0,0.2940357132884314,1.069880057073745,0.0,-0.0373942656778436,1.2221966587931636,0.0,0.2297478482040358,1.2792370908576227,0.0,0.5461105406284332,0.5463624596595764,-0.0003065168857574,0.2428536491100794
493,1,0.2342356353488539,0.0027938335648166,0.0,-0.2342356353488539,-0.0027938335648166,0.0,0.1708156863164691,0.5699473924124745,0.0,-0.0291257574317693,0.5776240569323412,0.0,0.0051055674469663,0.9847285389193864,0.0,0.2314743588496678,1.0413771042269744,0.0,-0.0633456630412167,1.0297816866358034,0.0,0.2871918892654932,1.07641458092483,0.0,-0.0035130653075984,1.2098924759305822,0.0,0.2113191055926081,1.289874738768204,0.0,0.5454175025224686,0.5462956428527832,-0.0003126952797174,0.2453237798069044
494,1,0.2369911703337899,0.0030102881770117,0.0,-0.2369911703337899,-0.0030102881770117,0.0,0.1735846748186172,0.5759273229067535,0.0,-0.0506113596135969,0.5879581680896551,0.0,0.0050291519562505,0.9935200158019484,0.0,0.1869574616085544,1.068500144134641,0.0,-0.0640143327271744,1.0396437366553306,0.0,0.2551233341510212,1.1094791828541002,0.0,0.0253393940036284,1.220313791988089,0.0,0.1700469849383283,1.3197627579298314,0.0,0.5454691499471664,0.5463340878486633,-0.0003170408308506,0.2428706256092401
495,1,0.2412539523008516,0.0033373591203227,0.0,-0.2412539523008516,-0.0033373591203227,0.0,0.1766049497183421,0.5850962419109008,0.0,-0.0689686969876445,0.6052278492483036,0.0,0.006366257268302,1.0063184356100392,0.0,0.1040518518581882,1.115005639441199,0.0,-0.0616162579783184,1.0514376151334506,0.0,0.1638528306629809,1.1600821357085822,0.0,0.0397331481929668,1.2340857197982995,0.0,0.1204697677626707,1.36484537832382,0.0,0.5452485084533691,0.5462943613529205,-0.0003266260027885,0.240187836058926
496,1,0.2491252260596583,0.0044360219329524,0.0,-0.2491252260596583,-0.0044360219329524,0.0,0.1781371547907328,0.6118065496000284,0.0,-0.1075036238577944,0.6337460100751827,0.0,0.0036143877622917,1.0480346096547906,0.0,0.0559834223135792,1.1705481056636824,0.0,-0.047393558413255,1.0809817640829815,0.0,0.1310973086458458,1.218665204083491,0.0,0.0378996994629256,1.2686397218704186,0.0,0.0221544395685708,1.426107608216166,0.0,0.5452917367219925,0.5465639531612396,-0.0003410077188163,0.2339363248303964
497,1,0.2492292814514995,0.0069972907266847,0.0,-0.2492292814514995,-0.0069972907266847,0.0,0.1749469116043243,0.6109163735446573,0.0,-0.1555067388219321,0.6319415721680067,0.0,-0.0077799571980079,1.0435289537421797,0.0,-0.0016004266973283,1.1931550901608663,0.0,-0.0529564758150046,1.076004815314043,0.0,0.0698673735297465,1.255263209283137,0.0,0.0042607352806614,1.2689262936149428,0.0,-0.0623560476625411,1.4379825038938112,0.0,0.5457172393798828,0.5453683733940125,-0.0003478155704215,0.2360831919774504
498,1,0.2481558985177417,0.0099042589424134,0.0,-0.2481558985177417,-0.0099042589424134,0.0,0.1715872872377075,0.613257024088786,0.0,-0.1991044870135658,0.6307409749265489,0.0,-0.0092494442886315,1.0524853162200432,0.0,-0.0605552462884935,1.1859338954314462,0.0,-0.044691349859229,1.0783220248420884,0.0,0.0191768040531177,1.2496457129695493,0.0,-0.0423902582421634,1.2730919235496416,0.0,-0.1312687356928924,1.4293666123551187,0.0,0.5460857450962067,0.5423069298267365,-0.0003402601578272,0.2386681142495277
499,1,0.2499384615202225,0.0115177666076001,0.0,-0.2499384615202225,-0.0115177666076001,0.0,0.1707176440800042,0.6088054847625475,0.0,-0.2424565203319255,0.62889869554599,0.0,-0.0095532091735307,1.062300921997968,0.0,-0.1260821271762959,1.1830377470789737,0.0,-0.0447928433697483,1.092291443014618,0.0,-0.0644836171621014,1.2439043497189033,0.0,-0.0673574555761923,1.2787069313660109,0.0,-0.2030533068943573,1.4269135675479447,0.0,0.5461545139551163,0.5413393378257751,-0.0003352948697283,0.2393445634714262
500,1,0.2590395075194184,0.0118291457859009,0.0,-0.2590395075194184,-0.0118291457859009,0.0,0.1760290040957871,0.622393879021836,0.0,-0.2837286718266328,0.6471348246717367,0.0,-0.0091007315892018,1.0967202292845295,0.0,-0.2081516820963609,1.21334928761085,0.0,-0.0456465384747114,1.1275043017563076,0.0,-0.1435600463966048,1.2728734186599846,0.0,-0.0653892354137125,1.3191736484024776,0.0,-0.2577651468326651,1.468042310341889,0.0,0.5459706336259842,0.5413722097873688,-0.0003422633744776,0.2319433081337593
501,1,0.2604132117529379,0.0127758724796687,0.0,-0.2604132117529379,-0.0127758724796687,0.0,0.1778858017442931,0.622090081522995,0.0,-0.3117843751586672,0.6492770541837342,0.0,-0.0085475658731909,1.0970329681382258,0.0,-0.2535835054491034,1.2111919340072863,0.0,-0.0510102330390389,1.130183516632494,0.0,-0.2091107908926645,1.2684950542358784,0.0,-0.0605146260183929,1.3179978797441632,0.0,-0.2846451510443992,1.46512561679921,0.0,0.5453756898641586,0.540183961391449,-0.0003387613105587,0.2328084742290637
502,1,0.2614538886860362,0.0138634346739165,0.0,-0.2614538886860362,-0.0138634346739165,0.0,0.178718310831636,0.6172573855795357,0.0,-0.3343805802675516,0.6481112721268986,0.0,-0.0064778969033512,1.0976910864637897,0.0,-0.3003734982742413,1.2126017823612176,0.0,-0.0515360486270088,1.131230296464754,0.0,-0.2714034188710469,1.2716688890109369,0.0,-0.0608175202294214,1.3210746828357134,0.0,-0.3113136954315259,1.466773049716036,0.0,0.5448846966028214,0.5399106740951538,-0.0003153912257403,0.2322414446753176
503,1,0.2602329265413298,0.0144260133009917,0.0,-0.2602329265413298,-0.0144260133009917,0.0,0.178004369850327,0.6119484865220656,0.0,-0.3515379701573675,0.6383622597475659,0.0,-0.0057856491916477,1.088683069023851,0.0,-0.3296058184773006,1.2053676262254849,0.0,-0.0543002269776387,1.122528293319533,0.0,-0.298541515484716,1.2580401805517052,0.0,-0.061880286641926,1.3154273552929834,0.0,-0.3469439984720604,1.458345670155093,0.0,0.5447006523609161,0.5396314859390259,-0.0003279307857155,0.2334313400115704
504,1,0.2599745192833229,0.0146265786802587,0.0,-0.2599745192833229,-0.0146265786802587,0.0,0.1789941292643015,0.6090186162123599,0.0,-0.3613499317575156,0.6331397615313339,0.0,-0.0037699333448472,1.0816455755551375,0.0,-0.3395738907033625,1.1842391362227986,0.0,-0.0531746365715577,1.116773546242798,0.0,-0.3039555232191482,1.2244628971860152,0.0,-0.0640228004019052,1.313252904018193,0.0,-0.3523228044580384,1.445558516109831,0.0,0.5443567186594009,0.5397913157939911,-0.00032549072057,0.2336677775750924
505,1,0.2595538818457961,0.0150465925998343,0.0,-0.2595538818457961,-0.0150465925998343,0.0,0.1830815505074635,0.6089644564597552,0.0,-0.3707495805029295,0.631231234117905,0.0,0.0007077274264548,1.0797365997262267,0.0,-0.3559345799483518,1.1621647383948048,0.0,-0.0514000999595031,1.1160948920455085,0.0,-0.3289378378132787,1.1978906504516666,0.0,-0.059870371666512,1.314370858505109,0.0,-0.3665675258013957,1.4215057214375648,0.0,0.543503150343895,0.5396446287631989,-0.0003235274925827,0.2335624916380145
506,1,0.2722644101013551,0.0170224004507749,0.0,-0.2722644101013551,-0.0170224004507749,0.0,0.1965943874601053,0.6378584913751777,0.0,-0.3839168757333512,0.6605353447343079,0.0,0.0053872220066491,1.1305616924216753,0.0,-0.3693536973441207,1.1867288912036462,0.0,-0.049466030006803,1.1681090095152062,0.0,-0.3329699048042895,1.2158058676296954,0.0,-0.0638480576466972,1.3791904249569509,0.0,-0.3920404804480293,1.4553255353739036,0.0,0.5424667745828629,0.5402503311634064,-0.0003227526322007,0.2220975368349852
507,1,0.2706999129652437,0.0165046503027416,0.0,-0.2706999129652437,-0.0165046503027416,0.0,0.1953722957838419,0.6336371637860414,0.0,-0.3808749192567077,0.6512884686765389,0.0,0.0089422919051757,1.1195338126121206,0.0,-0.3637039101869044,1.139098831591849,0.0,-0.047799037407926,1.1588537814931743,0.0,-0.3294061736947488,1.1727302093169434,0.0,-0.0618635288549048,1.370215153157405,0.0,-0.3921514008342134,1.4103100508688486,0.0,0.5422313660383224,0.5403801500797272,-0.0003225347027182,0.22344180043657
508,1,0.2683891193707782,0.0162723654208334,0.0,-0.2683891193707782,-0.0162723654208334,0.0,0.1936169934098306,0.6280240887133043,0.0,-0.3718424825975497,0.6366252603671964,0.0,0.0112995486348026,1.102395046805444,0.0,-0.3537560389016448,1.092357790447534,0.0,-0.0468400669289034,1.1424565480174131,0.0,-0.317958633056457,1.1285256537904809,0.0,-0.0599985797490164,1.3557969656757909,0.0,-0.389837700143043,1.3587952651526565,0.0,0.5421080142259598,0.5404187440872192,-0.0003231428563594,0.2254134626387277
509,1,0.2689366752223101,0.0155336078573418,0.0,-0.2689366752223101,-0.0155336078573418,0.0,0.1948852352486993,0.6277491668225292,0.0,-0.3656832888088293,0.6328116643745904,0.0,0.0134766454816743,1.1030360440257108,0.0,-0.3373063441948095,1.073255836633621,0.0,-0.0436448090862336,1.1443148498489382,0.0,-0.3012593860928405,1.1144562567647722,0.0,-0.0566324708502806,1.3566630137644966,0.0,-0.384133056264607,1.3346424602548406,0.0,0.5417874753475189,0.5406500697135925,-0.0003224564716219,0.2250790212643597
510,1,0.269865298774008,0.0154483251365283,0.0,-0.269865298774008,-0.0154483251365283,0.0,0.1934043913428171,0.6273014921758396,0.0,-0.3600228435516562,0.6310819096164354,0.0,0.0151429043462429,1.1020922339880703,0.0,-0.3328481329243908,1.0763741761227898,0.0,-0.0414477247001158,1.143892743846209,0.0,-0.2902326384146781,1.1199081159979611,0.0,-0.0542138771351254,1.3520488204419732,0.0,-0.3710457755695981,1.3204940965233112,0.0,0.5413631647825241,0.5406739413738251,-0.0003132293932139,0.2252586052432909
511,1,0.2720326243685025,0.0153435031054261,0.0,-0.2720326243685025,-0.0153435031054261,0.0,0.1889066670988055,0.6263951550098779,0.0,-0.3543692689983609,0.6292117882298442,0.0,0.0176604409112864,1.0955848379204536,0.0,-0.3136718389245406,1.068614233774111,0.0,-0.0374516560011261,1.1363777941138928,0.0,-0.2786178488884548,1.1117722211448366,0.0,-0.0507547581863936,1.344742590068016,0.0,-0.3625977277502638,1.3102353318202886,0.0,0.5404711663722992,0.5406914055347443,-0.0003206059336662,0.2255621726525239
512,1,0.2732829540069068,0.0151862557565032,0.0,-0.2732829540069068,-0.0151862557565032,0.0,0.1827226163490981,0.6259141768647778,0.0,-0.3467729974489718,0.6290334231021523,0.0,0.017594019672929,1.0951468353651048,0.0,-0.3092440710161507,1.075543011823136,0.0,-0.0359013701872658,1.1399694953804085,0.0,-0.2692019489821535,1.1216778572899733,0.0,-0.0472753165714478,1.3401544903383202,0.0,-0.3568051820542764,1.309331732056373,0.0,0.5397305935621262,0.5406395494937897,-0.0003129714168608,0.2257116016206247
513,1,0.2752216702461053,0.0151977852071214,0.0,-0.2752216702461053,-0.0151977852071214,0.0,0.1799049578643894,0.6266130681532902,0.0,-0.3357026575912464,0.6301148266287856,0.0,0.0185288600705672,1.0970551943068023,0.0,-0.3034291045288104,1.0777624572882365,0.0,-0.0343773724154526,1.144661439421994,0.0,-0.2636957319492686,1.1276999456006285,0.0,-0.0450482393818738,1.3392814937355233,0.0,-0.3518847337250425,1.3103714857626143,0.0,0.5391384214162827,0.5406562983989716,-0.000303491950035,0.225328586496816
514,1,0.2771420464056757,0.0152443169213132,0.0,-0.2771420464056757,-0.0152443169213132,0.0,0.180995027814322,0.63063002083801,0.0,-0.3262033803020856,0.6327710174995989,0.0,0.0181083426134387,1.1037641895691377,0.0,-0.2968764388403211,1.0837153440742586,0.0,-0.0349681920859509,1.1531623423657973,0.0,-0.2625792219548681,1.1385523898949548,0.0,-0.0450924623334645,1.3473561446499145,0.0,-0.347487272807881,1.319015163968882,0.0,0.5389356017112732,0.5404399335384369,-0.000297222752124,0.2238588024155193
515,1,0.2813691745682706,0.0154237191151416,0.0,-0.2813691745682706,-0.0154237191151416,0.0,0.1857131449915193,0.6381270431647066,0.0,-0.3234890267732137,0.6396524748271664,0.0,0.0187184357067037,1.1182838361546936,0.0,-0.2962818538452991,1.0969847099590857,0.0,-0.0351960649023459,1.1685680521813588,0.0,-0.2613790063111395,1.151566570061137,0.0,-0.0428167492341145,1.3644005682401663,0.0,-0.3489777624941079,1.3354947846706058,0.0,0.5384252667427063,0.5404462814331055,-0.0002964420709758,0.2209632030721788
516,1,0.282538650928036,0.0149992069245853,0.0,-0.282538650928036,-0.0149992069245853,0.0,0.1873306708602901,0.6345301922718087,0.0,-0.3175016289240204,0.6386848250849767,0.0,0.0214360615041704,1.114792017824308,0.0,-0.292521478557344,1.0910835592442083,0.0,-0.0323895147197617,1.1654260500724882,0.0,-0.2577609161023704,1.1449882713312485,0.0,-0.0400333930889451,1.3615632101071626,0.0,-0.3441597825921085,1.3315763705508956,0.0,0.53783018887043,0.5402460694313049,-0.0003013636451214,0.2214389895521556
517,1,0.2824082348468036,0.0149567957726975,0.0,-0.2824082348468036,-0.0149567957726975,0.0,0.1859649412347427,0.632346820439962,0.0,-0.3139047537208903,0.6372648850974129,0.0,0.0225571846634981,1.1127957624489793,0.0,-0.2882384106597872,1.0910214429649314,0.0,-0.0295668307717273,1.163424447620384,0.0,-0.2541788715302728,1.1448871889967585,0.0,-0.0373073480960558,1.3591442356175023,0.0,-0.3386622100582964,1.3310642709760272,0.0,0.5372115671634674,0.5402572751045227,-0.0002986476756632,0.221823804547021
518,1,0.2854935227627737,0.0146944728326166,0.0,-0.2854935227627737,-0.0146944728326166,0.0,0.1859282351592684,0.6372630494332284,0.0,-0.312258764436337,0.6421351597259992,0.0,0.0247162460690005,1.123363056944779,0.0,-0.2856726544054265,1.0993632022526971,0.0,-0.028082028239177,1.177679556420497,0.0,-0.2512703210386887,1.154149905391167,0.0,-0.0329538681445626,1.3685703464528642,0.0,-0.3367213871380798,1.3386911884583788,0.0,0.5365568101406097,0.5400562286376953,-0.0002978257834911,0.2204416627844796
519,1,0.2888274944158755,0.0151841857100344,0.0,-0.2888274944158755,-0.0151841857100344,0.0,0.1876642108122241,0.6450477080528121,0.0,-0.3145590259464204,0.6499843790323934,0.0,0.0265834488629106,1.1366882764241724,0.0,-0.2872225081744414,1.1104611336854049,0.0,-0.0265433344750628,1.1918886861046143,0.0,-0.248560042112018,1.163434031112317,0.0,-0.0318447314929603,1.3851214721869034,0.0,-0.338930501746998,1.352631830031973,0.0,0.5362434834241867,0.5402126610279083,-0.0002943897852674,0.2176795142111453
520,1,0.2933776752893961,0.0153795497517791,0.0,-0.2933776752893961,-0.0153795497517791,0.0,0.191854101628749,0.6552181810147927,0.0,-0.3157205961059283,0.662260674986549,0.0,0.0298520317214311,1.152126416824849,0.0,-0.2877849350733268,1.1264261861332647,0.0,-0.0246261719320451,1.207507176866632,0.0,-0.2480827260845245,1.1798427547117225,0.0,-0.0293049731661685,1.404207834173563,0.0,-0.3370865572391471,1.372955674028469,0.0,0.5356139093637466,0.540215253829956,-0.0002938308953162,0.2146953948531775
521,1,0.2885206584045073,0.0151894591548036,0.0,-0.2885206584045073,-0.0151894591548036,0.0,0.188379444936693,0.6424580116626061,0.0,-0.310515762155403,0.6513690663550613,0.0,0.0297963732667297,1.1311308232167825,0.0,-0.2798005080650627,1.1062305047947147,0.0,-0.0239288637959468,1.186957919937211,0.0,-0.2434498885669707,1.1578506048716906,0.0,-0.0287227752528753,1.3799665906014114,0.0,-0.3297077946228607,1.3502868355875222,0.0,0.5355202555656433,0.5400683581829071,-0.0002919965190812,0.2182435656441492
522,1,0.287653244090053,0.015181064033203,0.0,-0.287653244090053,-0.015181064033203,0.0,0.1878086742246734,0.6415659797725886,0.0,-0.3086945767285661,0.6495675711005763,0.0,0.0301406260149349,1.1306520451793969,0.0,-0.2767143666404051,1.103708077922039,0.0,-0.023014144882919,1.1866231342888829,0.0,-0.2414933608545216,1.155339307034129,0.0,-0.0277572312470764,1.3763623909695513,0.0,-0.327436156825299,1.3452676441867788,0.0,0.5353290438652039,0.540128082036972,-0.0002927485329564,0.218772584184036
523,1,0.2889232900277234,0.0152071876969067,0.0,-0.2889232900277234,-0.0152071876969067,0.0,0.1890129070050698,0.6419068292933294,0.0,-0.3069465328168995,0.6476789184264127,0.0,0.0328358886539736,1.13019915369146,0.0,-0.272984617008266,1.102361316881657,0.0,-0.0199933647901672,1.1861441642373516,0.0,-0.2367432774655486,1.1538476983505568,0.0,-0.0243131042489531,1.3762622649543506,0.0,-0.3255776219351646,1.344943473046691,0.0,0.5347512513399124,0.5401144325733185,-0.000292611443001,0.2188671063261229
524,1,0.2773364638578745,0.0145187053776539,0.0,-0.2773364638578745,-0.0145187053776539,0.0,0.1803951953785288,0.6164322651820401,0.0,-0.2957676715607865,0.6221125769544719,0.0,0.0315459798144325,1.0847272493004132,0.0,-0.2603467731832836,1.0587632098460782,0.0,-0.0188871150790133,1.1372896113886803,0.0,-0.2271250804798029,1.1072652183567946,0.0,-0.0231974170158775,1.321581295141622,0.0,-0.3123611313373235,1.2917176952488345,0.0,0.5347442775964737,0.5400515198707581,-0.0003086684737354,0.2279752528153477
525,1,0.2901708547389346,0.0153407126937594,0.0,-0.2901708547389346,-0.0153407126937594,0.0,0.1893485245392089,0.6462060070506779,0.0,-0.3090498464755363,0.6524116884060034,0.0,0.0340963986920454,1.1375089235978535,0.0,-0.2707720755701878,1.1092569156553078,0.0,-0.0169082223432539,1.192102487888296,0.0,-0.2334185842135694,1.1590850315228014,0.0,-0.0235277070758034,1.3860253746118976,0.0,-0.3261799643756372,1.3538883800980082,0.0,0.5345890074968338,0.539944976568222,-0.0003069110680371,0.2176459236746474
526,1,0.2922282376605315,0.015289688381995,0.0,-0.2922282376605315,-0.015289688381995,0.0,0.1907809463949525,0.6502373850081249,0.0,-0.314049656215614,0.6577132873167831,0.0,0.0345840782588549,1.1443759171215584,0.0,-0.2716342842383328,1.111889447742079,0.0,-0.0167883152305553,1.199125769703023,0.0,-0.2357775242514024,1.1540710168369062,0.0,-0.0232774480624409,1.3952282130723226,0.0,-0.3279067505206853,1.3622589738258892,0.0,0.5345523357391357,0.5401540696620941,-0.000306157162413,0.216185267858963
527,1,0.2941824704618096,0.0151542066273426,0.0,-0.2941824704618096,-0.0151542066273426,0.0,0.192566689312519,0.6539207836781579,0.0,-0.3170315081687596,0.6623508409589379,0.0,0.0349316388159754,1.1482786119597352,0.0,-0.2724955868709237,1.118622037295937,0.0,-0.0169723617774025,1.197297206989877,0.0,-0.2371192603827914,1.161308446372291,0.0,-0.0228036670770606,1.4024249008727625,0.0,-0.3291525425024925,1.3707401064299976,0.0,0.5345613658428192,0.5402726233005524,-0.0003058211877942,0.2147944484030876
528,1,0.2965708441437715,0.015362466231579,0.0,-0.2965708441437715,-0.015362466231579,0.0,0.1964093545502903,0.6605077251147679,0.0,-0.3212934495785752,0.6678379040586595,0.0,0.0367124340962053,1.1602278841848293,0.0,-0.2735981948041017,1.1274945302441997,0.0,-0.0133187994746978,1.2072940386942843,0.0,-0.2358626685694768,1.1690475957704392,0.0,-0.0224716628680609,1.4150708350275116,0.0,-0.330558202747842,1.3820348192430625,0.0,0.5345491766929626,0.540235698223114,-0.0003094139974564,0.2130834360654589
529,1,0.2955765819948566,0.0150947334749249,0.0,-0.2955765819948566,-0.0150947334749249,0.0,0.1967929707254924,0.6578897742449001,0.0,-0.3270462979525062,0.6615654629865346,0.0,0.0373748784704475,1.1591698209594348,0.0,-0.273382108112585,1.125797605821783,0.0,-0.0133161676494623,1.2062066833930332,0.0,-0.2365958956208001,1.1660397086326149,0.0,-0.0226488030867738,1.413947193531699,0.0,-0.3304327855930114,1.380602069178025,0.0,0.5346550494432449,0.5400899946689606,-0.0003129667602479,0.2134176164057073
530,1,0.2935941117490638,0.0155773471868272,0.0,-0.2935941117490638,-0.0155773471868272,0.0,0.1952323949027054,0.6562812462280798,0.0,-0.3355803420472013,0.6504403335449278,0.0,0.0349276707901178,1.1578084198990193,0.0,-0.2751151291871543,1.1235311180621883,0.0,-0.0157509183222703,1.2038325142902,0.0,-0.2381755667861292,1.1641347741031456,0.0,-0.0250169680781664,1.4132630280721514,0.0,-0.3321616180445219,1.3794569474704992,0.0,0.5351785719394684,0.5397088527679443,-0.0003110826946794,0.2137676364100459
531,1,0.2948752784523497,0.015870807687244,0.0,-0.2948752784523497,-0.015870807687244,0.0,0.1971894730336172,0.6544553081775956,0.0,-0.346224915979712,0.6501706072612375,0.0,0.0365899011669979,1.1584550123140738,0.0,-0.2789628948316191,1.1214653102513257,0.0,-0.0163705588069316,1.2042761705781804,0.0,-0.2422491057820095,1.1593167680263416,0.0,-0.0229104391457453,1.416303352345738,0.0,-0.3340221695219285,1.3821973682285262,0.0,0.5352681279182434,0.5403479337692261,-0.0003134571015834,0.2128945523735533
532,1,0.2944271389518459,0.0163369844334732,0.0,-0.2944271389518459,-0.0163369844334732,0.0,0.1998175324509938,0.652834834871467,0.0,-0.3597908756659611,0.6413012996814246,0.0,0.0388225684529973,1.154455812456194,0.0,-0.2825056199554663,1.1168754912533974,0.0,-0.0149451362201086,1.1982640077741205,0.0,-0.2469858772527766,1.156954008727053,0.0,-0.0228885279221776,1.414744990311848,0.0,-0.3348289063571238,1.3810243739586887,0.0,0.5352781713008881,0.5403174757957458,-0.0003144131042063,0.2131569495299485
533,1,0.294767168103349,0.0171178937507511,0.0,-0.294767168103349,-0.0171178937507511,0.0,0.2032559460377823,0.6586583459421547,0.0,-0.374892742360558,0.6417319306627317,0.0,0.0373012733516701,1.1626733283059214,0.0,-0.2879692599922181,1.1175294628304329,0.0,-0.0173582273908667,1.206864025214578,0.0,-0.2524345163315439,1.1537090384019033,0.0,-0.0253189448363354,1.42855301235655,0.0,-0.3410106268590383,1.391391264861561,0.0,0.5357672870159149,0.5401847958564758,-0.0003154589794576,0.2116747546923973
534,1,0.2949734520288808,0.0176186994396643,0.0,-0.2949734520288808,-0.0176186994396643,0.0,0.2062354579727445,0.6596711091194116,0.0,-0.3831318798807881,0.6435080445934684,0.0,0.036725711311521,1.164044504351352,0.0,-0.2971245098032291,1.1169854826858376,0.0,-0.0197834789425481,1.2060737344724282,0.0,-0.2601235151542832,1.151274809146142,0.0,-0.0276082592746738,1.4365218190212108,0.0,-0.3463319014818323,1.3982942150100806,0.0,0.536234050989151,0.5399389266967773,-0.0003153309226036,0.2106750081896736
535,1,0.2893843187429403,0.0180525554100253,0.0,-0.2893843187429403,-0.0180525554100253,0.0,0.2045153566623412,0.6497078347256942,0.0,-0.3824352481025367,0.6331259148198898,0.0,0.0338083303354651,1.146624226898366,0.0,-0.2970662838703842,1.0989820397071988,0.0,-0.0223876241755676,1.1882655530779886,0.0,-0.2606137328024834,1.1312761653086445,0.0,-0.0298478455871361,1.4152687570643157,0.0,-0.3446092223048538,1.3771391386462155,0.0,0.5368169546127319,0.5396782457828522,-0.0003129648976027,0.2140989627424935
536,1,0.2866842466175078,0.0187470354329305,0.0,-0.2866842466175078,-0.0187470354329305,0.0,0.2009189226876062,0.6421273449524622,0.0,-0.3900928274700905,0.6222601573315559,0.0,0.0301618279049187,1.1319765975786071,0.0,-0.2978659549712757,1.0881355938879165,0.0,-0.0286094931813294,1.1727360476024389,0.0,-0.263779122605702,1.1205494216528764,0.0,-0.0331335816152611,1.3999545365666042,0.0,-0.343966526188184,1.3640755432566278,0.0,0.537532240152359,0.5394631922245026,-0.0003089169040322,0.2165961993045822
537,1,0.2868625553272356,0.0191498028374444,0.0,-0.2868625553272356,-0.0191498028374444,0.0,0.1997565940699933,0.6441274057478471,0.0,-0.3940994152916759,0.6222915572075411,0.0,0.0294167812781422,1.1332235058224152,0.0,-0.3056018716145756,1.0887880616485794,0.0,-0.0300294847279294,1.173161481072285,0.0,-0.274275722603374,1.1213722198758351,0.0,-0.0355297843993016,1.401625584083846,0.0,-0.3457695762674865,1.364812478965401,0.0,0.5378400385379791,0.5393723845481873,-0.0003050868399441,0.2166456610631058
538,1,0.2843431031219673,0.0200847990324156,0.0,-0.2843431031219673,-0.0200847990324156,0.0,0.1962751259302563,0.6381787654034936,0.0,-0.3914089727828638,0.6130747036338002,0.0,0.0305207875873719,1.1200940507871755,0.0,-0.3099569072143362,1.0795642348143204,0.0,-0.0297448918066168,1.1595758365446105,0.0,-0.2833275604839118,1.1126871550104862,0.0,-0.0361692762477602,1.3864492308952852,0.0,-0.3431055184235647,1.350719148632742,0.0,0.5380805432796478,0.5390636622905731,-0.0003019403666257,0.2192454971509405
539,1,0.2861345049339554,0.0209562038021937,0.0,-0.2861345049339554,-0.0209562038021937,0.0,0.1945800216296679,0.6408126501678307,0.0,-0.3970915548853747,0.6127265924569275,0.0,0.0298838670128054,1.119918417101771,0.0,-0.3213670213483923,1.0820594849027323,0.0,-0.0301495437299916,1.159041219175703,0.0,-0.2927583209151555,1.1132111688318234,0.0,-0.0392165783332256,1.3869139905326469,0.0,-0.3475269228596954,1.3523011596168515,0.0,0.538441389799118,0.5393530428409576,-0.0003003254532814,0.2189658691845461
540,1,0.2900548260483345,0.0222614416013359,0.0,-0.2900548260483345,-0.0222614416013359,0.0,0.194942165267021,0.6542154638199291,0.0,-0.4062830176528145,0.6216128627330433,0.0,0.0288970901067758,1.1370440541892644,0.0,-0.3448057790925032,1.1048701193292885,0.0,-0.0310734803333747,1.1760088775410966,0.0,-0.3120257608782845,1.12967903946548,0.0,-0.0423631602683145,1.4057447729668078,0.0,-0.3570978382476304,1.370884235892934,0.0,0.538741260766983,0.5391111969947815,-0.0003003724850714,0.2163567396925086
541,1,0.289977010699204,0.0230607624879454,0.0,-0.289977010699204,-0.0230607624879454,0.0,0.193286987818416,0.6529809155930286,0.0,-0.4071179093634697,0.6197626000543633,0.0,0.0275192215045404,1.1389788780726628,0.0,-0.3610320118927944,1.1037808287306614,0.0,-0.0347128137255987,1.1752996752817315,0.0,-0.342171443398114,1.1278416374074791,0.0,-0.0424111060108901,1.403536076474283,0.0,-0.3585937974914509,1.3701361844611597,0.0,0.5389831215143204,0.5392694473266602,-0.000296575948596,0.2166528768064127
542,1,0.2917112599990037,0.0237444092284465,0.0,-0.2917112599990037,-0.0237444092284465,0.0,0.1932440673866934,0.6582382180910166,0.0,-0.4105381117208975,0.6223969221019761,0.0,0.0265371046083811,1.1448449938190215,0.0,-0.3762328120174146,1.1112513488893048,0.0,-0.0370472514848217,1.1804139059136929,0.0,-0.3607444001070824,1.133119212831264,0.0,-0.0438374916129822,1.4104333939545837,0.0,-0.3639329508624379,1.3786775798492104,0.0,0.5392043590545654,0.5395325422286987,-0.0002981089055538,0.2155434896020678
543,1,0.2913448016253167,0.0237754755153492,0.0,-0.2913448016253167,-0.0237754755153492,0.0,0.1889688368073564,0.6598185478292417,0.0,-0.4161816306092747,0.6236360554550989,0.0,0.022258222041448,1.1495348916501116,0.0,-0.3880654859899347,1.1211998990767122,0.0,-0.0419459502022445,1.1845973811403794,0.0,-0.3763875929477028,1.140487329397489,0.0,-0.0485690095511634,1.4144445225614437,0.0,-0.3692597981908145,1.3850147361722955,0.0,0.5402427911758423,0.5395400524139404,-0.0002966811880469,0.2151615699355973
544,1,0.2906664590414115,0.0234934387804042,0.0,-0.2906664590414115,-0.0234934387804042,0.0,0.1854100393717781,0.6560386591905359,0.0,-0.4154891596218837,0.6200473281588209,0.0,0.0203587459127323,1.1438039991765945,0.0,-0.392854735010271,1.115159641114235,0.0,-0.0441891285619398,1.1776329984358829,0.0,-0.3809641125094341,1.1339004921307876,0.0,-0.05128779812471,1.407064520278015,0.0,-0.377531772126939,1.3767147968012468,0.0,0.5410805195569992,0.5394441783428192,-0.000294386409223,0.2165229640895094
545,1,0.2903486919719016,0.023650035181344,0.0,-0.2903486919719016,-0.023650035181344,0.0,0.1786827529434145,0.6534214545034945,0.0,-0.4192549895437058,0.6179807931131831,0.0,0.0154448132781819,1.1406988290789828,0.0,-0.3995302304702325,1.111022492104272,0.0,-0.047441540887031,1.173627138377912,0.0,-0.387181121106571,1.1282269520738577,0.0,-0.0566833683610565,1.4029044779286284,0.0,-0.3861959655908075,1.3708366382596011,0.0,0.5423898249864578,0.5393754839897156,-0.0002948604524135,0.2175074843909047
546,1,0.293000801194721,0.0236910486499814,0.0,-0.293000801194721,-0.0236910486499814,0.0,0.1785417431828707,0.6586212536732342,0.0,-0.4237708193619048,0.6228389813365314,0.0,0.0138603832863107,1.1509224617321032,0.0,-0.4090208539720293,1.1195761633814691,0.0,-0.0501097672992047,1.1842785132443467,0.0,-0.3978159695160838,1.1364388258946794,0.0,-0.0564475826800351,1.412872617978329,0.0,-0.3926919545204168,1.3822761822121628,0.0,0.5429521948099136,0.5393981039524078,-0.0002941042184829,0.2159673294937045
547,1,0.2953014480352907,0.0236805223356813,0.0,-0.2953014480352907,-0.0236805223356813,0.0,0.1795947308235406,0.6648204216767855,0.0,-0.4267397542563797,0.6281620405004554,0.0,0.0137102590288983,1.1593292988189072,0.0,-0.4120562983182659,1.127519106588029,0.0,-0.0509817542580341,1.1930508497794847,0.0,-0.3993777670412659,1.1449359945878697,0.0,-0.0571415345808488,1.4237502357278804,0.0,-0.3982877865029445,1.3935800193171604,0.0,0.543036550283432,0.5393451750278473,-0.0002942662686109,0.2143618159268821
548,1,0.2952337467634102,0.023689200396475,0.0,-0.2952337467634102,-0.023689200396475,0.0,0.1769194566461319,0.6651852955272903,0.0,-0.4295126009267966,0.6298731495723605,0.0,0.0106692876092138,1.1608738498502926,0.0,-0.414999652002783,1.129449292370245,0.0,-0.0539580767599922,1.194734380683128,0.0,-0.4017312827427252,1.1472178634312178,0.0,-0.0603181169266216,1.4258383025592816,0.0,-0.4034026032803832,1.3961290623921252,0.0,0.5437021702528,0.539344847202301,-0.0002945763990283,0.2140505485818992
549,1,0.2942786933447257,0.0236057186191535,0.0,-0.2942786933447257,-0.0236057186191535,0.0,0.1760384308208584,0.6642475167792602,0.0,-0.4280423977927914,0.6276078994177756,0.0,0.0104391450354219,1.1599906334204524,0.0,-0.4131216450331357,1.1250796034855577,0.0,-0.0539169610442703,1.1952309577343172,0.0,-0.4001111880557776,1.143054304999123,0.0,-0.0595920875064346,1.4210900052019135,0.0,-0.4032572393655579,1.3908714895216754,0.0,0.5437520891427994,0.5393344759941101,-0.0002944217994809,0.2148555149033894
550,1,0.2943372616500037,0.0236743156685872,0.0,-0.2943372616500037,-0.0236743156685872,0.0,0.1754221881545033,0.665330106913722,0.0,-0.4289473367964463,0.6293519772281223,0.0,0.0083058275805645,1.1635398273634865,0.0,-0.414805356926279,1.126674891283358,0.0,-0.0571004475535264,1.197864843313011,0.0,-0.4009226999028524,1.14412143274015,0.0,-0.06046997867563,1.4237633628780653,0.0,-0.4078745790228913,1.392483863316012,0.0,0.5439023971557617,0.5393355786800385,-0.0002939263358712,0.214677337226234
551,1,0.2915957823905769,0.0235360918690755,0.0,-0.2915957823905769,-0.0235360918690755,0.0,0.1732587997417677,0.6594638171823627,0.0,-0.4258154781597772,0.625024645732263,0.0,0.0074268251858262,1.1551211450665064,0.0,-0.4119831780751494,1.122061677928086,0.0,-0.0566312291429248,1.1901211226612614,0.0,-0.3977462491955811,1.140027031156404,0.0,-0.0613383097942093,1.4126953307198016,0.0,-0.4056944918823074,1.3812510734204082,0.0,0.5440708994865417,0.5393283069133759,-0.0002943910658359,0.2163939498866866
552,1,0.2916464529148277,0.0236006417942836,0.0,-0.2916464529148277,-0.0236006417942836,0.0,0.1731543485063548,0.6609767096828632,0.0,-0.4259382302962816,0.6275554428043368,0.0,0.0074703305458761,1.157811874776835,0.0,-0.4120474266833681,1.126739455592794,0.0,-0.0559973365132212,1.192944000095742,0.0,-0.3974788111609641,1.1450609085526804,0.0,-0.0613399108890632,1.415646895246614,0.0,-0.4063988103780733,1.3848189237811008,0.0,0.5440625697374344,0.5388712286949158,-0.0002965033054351,0.2162806846153849
553,1,0.2929101172170341,0.0236104974106551,0.0,-0.2929101172170341,-0.0236104974106551,0.0,0.1737051795817519,0.6634272005092785,0.0,-0.4274801399507115,0.6303226527233322,0.0,0.007422905550057,1.1564856122354632,0.0,-0.4135033377619001,1.1343074086969327,0.0,-0.0595966560490036,1.1930263366816771,0.0,-0.3988432584596788,1.1534989563498266,0.0,-0.0622409121820421,1.4212447677397069,0.0,-0.4040455479909666,1.392797354826405,0.0,0.5440595149993896,0.5388810336589813,-0.0002953233197331,0.2153358611614516
554,1,0.2923019189106115,0.0238635548023926,0.0,-0.2923019189106115,-0.0238635548023926,0.0,0.1732279705484647,0.6615647448975002,0.0,-0.426574148584851,0.6295684649787691,0.0,0.0071223337266746,1.1541793124885824,0.0,-0.4122876232437429,1.1323350208722325,0.0,-0.0611441512971998,1.1896656837483672,0.0,-0.3976191274087299,1.1510163481383304,0.0,-0.062259532768371,1.418964574339723,0.0,-0.3991858280855384,1.3898138019195283,0.0,0.5440585315227509,0.5388005673885345,-0.0002946499735116,0.2157324262394253
555,1,0.2915371704105339,0.023769682563217,0.0,-0.2915371704105339,-0.023769682563217,0.0,0.1727757018680655,0.6594629457958057,0.0,-0.4253769254921127,0.628135174103093,0.0,0.0073878519661773,1.1493452884379152,0.0,-0.4049023068897138,1.1258841133685624,0.0,-0.0603812823581908,1.1838898604663834,0.0,-0.3833127072063188,1.1455654860387698,0.0,-0.0625142417172886,1.4151269056933071,0.0,-0.3974657468399808,1.384674088259656,0.0,0.5440599471330643,0.5388153493404388,-0.0002905717119574,0.2162910177325947
556,1,0.2905556426686149,0.0234981737560534,0.0,-0.2905556426686149,-0.0234981737560534,0.0,0.1719605100534003,0.6578166723112071,0.0,-0.4239631087283873,0.6263759338886591,0.0,0.0084107362550541,1.1449102531645463,0.0,-0.401343564011738,1.1155277108246069,0.0,-0.0569139724199773,1.180095814637117,0.0,-0.3776545213573842,1.1386413984917874,0.0,-0.0623992889659483,1.4092544705314345,0.0,-0.3961174114270301,1.3754452538287532,0.0,0.5440215766429901,0.5388397574424744,-0.0002891551703214,0.2168788428346608
557,1,0.2937414154686087,0.0237045603284482,0.0,-0.2937414154686087,-0.0237045603284482,0.0,0.1734148775759179,0.6656161992441167,0.0,-0.4287049137873606,0.633591438162285,0.0,0.0084097691341073,1.15771419416124,0.0,-0.4017019578838935,1.1253717398003786,0.0,-0.0576454176852682,1.1934414855754916,0.0,-0.372305601432985,1.1508797584324006,0.0,-0.0639078387437287,1.425361748470377,0.0,-0.4032234390819767,1.3911803975792782,0.0,0.5440440326929092,0.5388250648975372,-0.0002893004566431,0.214446176470364
558,1,0.2916260045127861,0.0233941410290255,0.0,-0.2916260045127861,-0.0233941410290255,0.0,0.171683502477337,0.660824325258917,0.0,-0.4247065550860977,0.6298292342094538,0.0,0.007854992282863,1.1512049516824754,0.0,-0.3991027439540274,1.11920861898502,0.0,-0.0574847328996427,1.186884758968418,0.0,-0.3688312172374246,1.144868546090183,0.0,-0.0654714456809233,1.4175404822824071,0.0,-0.4036627887428965,1.3844450505257526,0.0,0.5441718995571136,0.5388396680355072,-0.0002873805351555,0.2156202988652432
559,1,0.2921006942781252,0.0219870921224996,0.0,-0.2921006942781252,-0.0219870921224996,0.0,0.1714828989032627,0.665072124839763,0.0,-0.4222636422559787,0.6338770025943204,0.0,0.0074279874020475,1.1568898989282663,0.0,-0.4010678803774392,1.1245674324585446,0.0,-0.0583487237605914,1.1927989162708068,0.0,-0.3727727319852346,1.150867974151081,0.0,-0.0665543930036871,1.423768691031297,0.0,-0.4055995658316007,1.389213706107594,0.0,0.5443357974290848,0.5382365584373474,-0.0002874713391065,0.2150822168812504
560,1,0.2915540591807092,0.0214504140804886,0.0,-0.2915540591807092,-0.0214504140804886,0.0,0.1712569297581359,0.6635457526955802,0.0,-0.4167601938398081,0.6325714007078684,0.0,0.0068610935252643,1.1561741775513972,0.0,-0.4011185778537338,1.1200645574353345,0.0,-0.0596203411895146,1.1918182634973675,0.0,-0.374733833699286,1.1490527779102164,0.0,-0.0676285253021429,1.4224663654243073,0.0,-0.405579070532213,1.3855192266407663,0.0,0.5443688929080963,0.5381270349025726,-0.0002878066152334,0.2153547880113796
561,1,0.2946896156568669,0.0211797773680558,0.0,-0.2946896156568669,-0.0211797773680558,0.0,0.1726266064091525,0.6708512034676751,0.0,-0.415382962048858,0.6431383583535425,0.0,0.0041261443646978,1.169134550379774,0.0,-0.4059301876344666,1.1329216728152054,0.0,-0.0654569301258434,1.205466188077436,0.0,-0.3799437059173175,1.1628475457868164,0.0,-0.0693648107317841,1.438903234405153,0.0,-0.4008066962322398,1.4029852965107437,0.0,0.5444910973310471,0.5382603704929352,-0.0002898466773331,0.2128017940573869
562,1,0.3012298644980221,0.0195909459777077,0.0,-0.3012298644980221,-0.0195909459777077,0.0,0.1749548501069804,0.6848035572400156,0.0,-0.4202237928911921,0.6645454983030711,0.0,0.0020693107693054,1.1935942951309542,0.0,-0.4167793584688496,1.1584706617401035,0.0,-0.0697989674460919,1.2304423661003516,0.0,-0.3904973712171475,1.18925956501575,0.0,-0.0725980628344293,1.4696911050570165,0.0,-0.4123933450297445,1.434964559302628,0.0,0.5448278933763504,0.5387331545352936,-0.0002931766211986,0.2080448497332082
563,1,0.3000825687293154,0.0189639496293555,0.0,-0.3000825687293154,-0.0189639496293555,0.0,0.1762968961655938,0.6815337916559384,0.0,-0.4149002746820345,0.6655486073035026,0.0,0.0016225568427704,1.188619219285923,0.0,-0.415542963263094,1.1574346283178942,0.0,-0.0702980758988588,1.2257119800421874,0.0,-0.3898553925848291,1.1938474659271374,0.0,-0.0713158207018064,1.4640776850456323,0.0,-0.4114637097033122,1.4295482602326486,0.0,0.5449295192956924,0.5388486981391907,-0.0003011305816471,0.2089028283888649
564,1,0.3001229265843317,0.018039202767136,0.0,-0.3001229265843317,-0.018039202767136,0.0,0.1763676826799137,0.6804744711582132,0.0,-0.4138128843985182,0.670784478569418,0.0,0.0016004912213343,1.1824936003490554,0.0,-0.4156238539143843,1.151477518866857,0.0,-0.0715854516846086,1.2180186263401451,0.0,-0.3887873719215652,1.186585869183348,0.0,-0.0722432855407383,1.4589910161836552,0.0,-0.41265874985874,1.4247231520738026,0.0,0.5449314117431641,0.5400027632713318,-0.0003146240487694,0.2088501601537804
565,1,0.2993334233620418,0.01764084911667,0.0,-0.2993334233620418,-0.01764084911667,0.0,0.1774902742715216,0.6735576604959796,0.0,-0.4094280190649095,0.6701589713286839,0.0,0.0036600007883102,1.162767486232737,0.0,-0.4107619974409248,1.1371343047402165,0.0,-0.0701966770508712,1.1972064918795842,0.0,-0.3776301908924965,1.1703696673248818,0.0,-0.0664527061341402,1.4473366249537565,0.0,-0.412831978621945,1.412375993165642,0.0,0.5448898524045944,0.5419017374515533,-0.0003151055425405,0.2092228436224403
566,1,0.2982662006632729,0.0188853843577111,0.0,-0.2982662006632729,-0.0188853843577111,0.0,0.1801026448247568,0.6719242193507485,0.0,-0.404106883403513,0.6662002219977713,0.0,0.0062826751768123,1.15631508051731,0.0,-0.4062985539206632,1.131143469763464,0.0,-0.0671710293898753,1.1907721354584062,0.0,-0.3745506531764102,1.1643791893551234,0.0,-0.0590415781165259,1.4399961393250231,0.0,-0.4093913818531224,1.40542430897542,0.0,0.5443769991397858,0.5425414443016052,-0.0003145970404148,0.2098034483384116
567,1,0.2961121477545613,0.0187779095571457,0.0,-0.2961121477545613,-0.0187779095571457,0.0,0.1788035557506154,0.6674943048779177,0.0,-0.397623112753547,0.6609343832767508,0.0,0.0067103953381273,1.1481838563105815,0.0,-0.397780919793527,1.1228021663592092,0.0,-0.0637637748808937,1.1824396890660436,0.0,-0.3665245489981479,1.1545305480239472,0.0,-0.0582133106453892,1.4289012856510876,0.0,-0.394362331360861,1.3954450649748804,0.0,0.5443812310695648,0.5425147116184235,-0.0003120126202702,0.2113264323066629
568,1,0.2971549200086491,0.0187632303257212,0.0,-0.2971549200086491,-0.0187632303257212,0.0,0.1809053327041434,0.6673855097557922,0.0,-0.3964402783573029,0.6586018929709931,0.0,0.0104846087518261,1.1444560790309628,0.0,-0.3929322468391661,1.1143856660731577,0.0,-0.0545524566841937,1.1795719314346556,0.0,-0.3581343961669979,1.147077372239643,0.0,-0.0556335215506527,1.4274415187823626,0.0,-0.3949271259939966,1.392022471823115,0.0,0.5441305637359619,0.5424858629703522,-0.0003102361224591,0.2113329278495434
569,1,0.2991034080335306,0.018877613981824,0.0,-0.2991034080335306,-0.018877613981824,0.0,0.183299010049728,0.6700470143348936,0.0,-0.3988480740304549,0.6600626897514439,0.0,0.0120309893146367,1.1468640914486272,0.0,-0.3931145800291776,1.1190240688719706,0.0,-0.0533149788777864,1.1809404218532542,0.0,-0.3579562792521258,1.1522624706572409,0.0,-0.0575411645005658,1.43058507896549,0.0,-0.4026044474100961,1.3972820903900864,0.0,0.5437938570976257,0.5424522459506989,-0.0003089788369834,0.2104123611161272
570,1,0.2989486945319746,0.0185733095193294,0.0,-0.2989486945319746,-0.0185733095193294,0.0,0.1835201493331921,0.6683226541914513,0.0,-0.3962917380849042,0.6570630703115171,0.0,0.0135082919515663,1.14397335468451,0.0,-0.3882411412648559,1.1178884258651458,0.0,-0.0515978742831728,1.17789628599135,0.0,-0.3548878609954286,1.1521231810401078,0.0,-0.0549569778199153,1.4244808337156325,0.0,-0.3946018675756568,1.3921192833912388,0.0,0.543442890048027,0.5425219237804413,-0.0003061383031308,0.2108367251781727
571,1,0.2982996341123782,0.0185031994918535,0.0,-0.2982996341123782,-0.0185031994918535,0.0,0.183080149696422,0.6665958831517245,0.0,-0.3940876436654264,0.6557514841016908,0.0,0.0136662997907726,1.1410944469206388,0.0,-0.3875464388411796,1.116873578628487,0.0,-0.0516820308408047,1.1748213624977843,0.0,-0.3547662654647937,1.1518573663709049,0.0,-0.055287714582768,1.4206503898505,0.0,-0.3915225869225706,1.3883903890055025,0.0,0.5434017777442932,0.5425145626068115,-0.0003057131543755,0.2114117201020482
572,1,0.2967736130220043,0.0184238069019776,0.0,-0.2967736130220043,-0.0184238069019776,0.0,0.1841821740094309,0.6620931170792902,0.0,-0.3879883935847972,0.6505786050356471,0.0,0.0163499551101127,1.1329554824803036,0.0,-0.3814628784846063,1.108018892508026,0.0,-0.0477926123567037,1.1666228870598303,0.0,-0.3485847198459064,1.1422742090612024,0.0,-0.0532402422010654,1.4102999479323968,0.0,-0.3855526583279527,1.378817415647136,0.0,0.5428166836500168,0.5423420965671539,-0.0003004744648933,0.2130069879267378
573,1,0.2953597862421647,0.0190206860076632,0.0,-0.2953597862421647,-0.0190206860076632,0.0,0.1841571002398311,0.6587195538798999,0.0,-0.3836515686944747,0.647382061469831,0.0,0.0185203876248306,1.1282081504126469,0.0,-0.3727994466340641,1.1037376161817296,0.0,-0.0450470840325987,1.1619100687470965,0.0,-0.3438214834704766,1.1393087474925292,0.0,-0.0502598974113373,1.4040131897967627,0.0,-0.3808658860926849,1.371673210339394,0.0,0.5422081053256989,0.5426734983921051,-0.0003004353493452,0.2136147781993487
574,1,0.2950516750069994,0.0190019167396329,0.0,-0.2950516750069994,-0.0190019167396329,0.0,0.1846672249107279,0.6594735120581428,0.0,-0.3817336593495468,0.6473231863005069,0.0,0.0199135607662954,1.127891875410379,0.0,-0.3627064985850036,1.103614933752758,0.0,-0.0435783696872806,1.162313567807904,0.0,-0.3324376574898429,1.1397417833246075,0.0,-0.0491206186479654,1.4036023735087169,0.0,-0.3791872206378808,1.3713781665061426,0.0,0.5418919771909714,0.5426698327064514,-0.0003019371069967,0.2136830545583998
575,1,0.2965565004420002,0.0190821823204446,0.0,-0.2965565004420002,-0.0190821823204446,0.0,0.1868397312674553,0.6630384120086465,0.0,-0.380146526666477,0.6506439529620389,0.0,0.0225869500049174,1.1335375021302454,0.0,-0.3582281388373792,1.1084734255891446,0.0,-0.0410819688553578,1.168307218506233,0.0,-0.3274455580359201,1.1435611713320877,0.0,-0.0470785736854986,1.41026620250249,0.0,-0.3781276706410032,1.3780317545954108,0.0,0.5413342416286469,0.542574018239975,-0.0003005228936672,0.2127202040105379
576,1,0.2942843911296429,0.0189959169351212,0.0,-0.2942843911296429,-0.0189959169351212,0.0,0.1853859908910777,0.6554173299014898,0.0,-0.374203443637752,0.6434144618507156,0.0,0.0242538479055844,1.1223242081311344,0.0,-0.3519299815630409,1.0978379244818193,0.0,-0.0378547030241202,1.1558299142301056,0.0,-0.3211613433386192,1.1324434518737163,0.0,-0.044163693029126,1.396291245932396,0.0,-0.3724321875494474,1.363497760130837,0.0,0.5409293621778488,0.5425463616847992,-0.0003002875018864,0.2148283665804235
577,1,0.2934598684750594,0.0189562953968111,0.0,-0.2934598684750594,-0.0189562953968111,0.0,0.1848882073671699,0.6536646378107233,0.0,-0.371193759591142,0.6414010060722086,0.0,0.0255847356162838,1.119092729442665,0.0,-0.3485030926868579,1.0953419605600363,0.0,-0.0356492682254162,1.1525132782457932,0.0,-0.318773315427346,1.1298291167329415,0.0,-0.0414526310336195,1.3923695517918275,0.0,-0.3684750596226548,1.359370884543732,0.0,0.5406731367111206,0.5425382554531097,-0.0003011915832757,0.2153151223468182
578,1,0.2925809352557131,0.0189196324708872,0.0,-0.2925809352557131,-0.0189196324708872,0.0,0.1852489281263468,0.652306836396357,0.0,-0.3682775578915209,0.6400007263828448,0.0,0.0271414763027247,1.115997282944414,0.0,-0.3432655018508367,1.0949701901168998,0.0,-0.0322679402595555,1.1496172075693292,0.0,-0.3146103113133239,1.129860750778316,0.0,-0.0379927080544432,1.388441261161227,0.0,-0.36561447049415,1.3562795295008092,0.0,0.5403632819652557,0.5425262749195099,-0.0003009501378983,0.2157827718485149
579,1,0.2929939658160602,0.018724971489294,0.0,-0.2929939658160602,-0.018724971489294,0.0,0.1873248944912266,0.6524483548905188,0.0,-0.366249850851892,0.6409071809712757,0.0,0.0293078819259714,1.1158609266376385,0.0,-0.3411322641458336,1.0950690689866407,0.0,-0.0302045091937658,1.1489620615300744,0.0,-0.3123654265714983,1.1294131548110349,0.0,-0.0358357927800925,1.38911610196987,0.0,-0.3639118206243109,1.3571614559512972,0.0,0.5398862957954407,0.5424042344093323,-0.0003007648047059,0.2156497739880203
580,1,0.2929574495132489,0.0187104386518189,0.0,-0.2929574495132489,-0.0187104386518189,0.0,0.1856745027371724,0.6511763286611595,0.0,-0.3653298131404064,0.6396012829947565,0.0,0.0296194949601536,1.117077858749108,0.0,-0.3406773592594279,1.0944293840507635,0.0,-0.0294187101199683,1.149516010817094,0.0,-0.3119547631328757,1.12854677725979,0.0,-0.0366079958016487,1.3883195226753895,0.0,-0.3652742622073339,1.3562823875421717,0.0,0.5397586673498154,0.5425723791122437,-0.0003009093925356,0.2156675493496064
581,1,0.2982841333049299,0.0189610805136027,0.0,-0.2982841333049299,-0.0189610805136027,0.0,0.1899048113454106,0.6624378901947114,0.0,-0.3709383965939251,0.65148668616601,0.0,0.0303037303992733,1.1387391978395491,0.0,-0.3449009198556287,1.1139532511202483,0.0,-0.0294795006530256,1.1731341279874696,0.0,-0.3152742051895835,1.1486704491935182,0.0,-0.0367212490069561,1.4134292976900948,0.0,-0.3837540302431048,1.3812933363417677,0.0,0.5395603477954865,0.5425982177257538,-0.0003039841540157,0.2119569387443231
582,1,0.2981565840180772,0.0189166351519273,0.0,-0.2981565840180772,-0.0189166351519273,0.0,0.190053099513611,0.6616440526579184,0.0,-0.3697865533788366,0.6519979647195174,0.0,0.0309097824000155,1.137818456474255,0.0,-0.3421734961006256,1.114875642750636,0.0,-0.0280925247556686,1.1724187621234303,0.0,-0.3128088517167169,1.1490557472596374,0.0,-0.0383944747678034,1.412346310201665,0.0,-0.380629343829076,1.380076491758386,0.0,0.5393877029418945,0.5425910949707031,-0.0003041671589016,0.2122044422514136
583,1,0.3002916633190369,0.0188620485884074,0.0,-0.3002916633190369,-0.0188620485884074,0.0,0.1925003545979358,0.664255565238575,0.0,-0.371623579167211,0.656672131029503,0.0,0.0326010864232174,1.14443957767987,0.0,-0.3411459529734155,1.122004394154893,0.0,-0.0260493995072993,1.180130621113885,0.0,-0.3117778673395163,1.1548060941926173,0.0,-0.0372107602671969,1.417927725965632,0.0,-0.3791705125500398,1.3857370976753625,0.0,0.5389372557401657,0.5425626635551453,-0.0003054167609661,0.2114692266682316
584,1,0.2994635214508033,0.0185422959521839,0.0,-0.2994635214508033,-0.0185422959521839,0.0,0.1930656122665849,0.6583134690371832,0.0,-0.3676478176286878,0.6515390629993019,0.0,0.0348763574003312,1.1345899241540789,0.0,-0.3353707515402639,1.1129335641823777,0.0,-0.0231900599032477,1.1700259021488817,0.0,-0.3061997858278955,1.1452262781316382,0.0,-0.0349502656001752,1.4057178940342292,0.0,-0.3724089587142949,1.3739326178578113,0.0,0.5383664816617966,0.5425618588924408,-0.0003055944107472,0.2133109529978077
585,1,0.2992980924419332,0.018138170667404,0.0,-0.2992980924419332,-0.018138170667404,0.0,0.1932267166111883,0.6560941119567298,0.0,-0.367672727461181,0.650350569509394,0.0,0.0353987239192192,1.1324373049305116,0.0,-0.3337251660168444,1.1110856914631295,0.0,-0.0223026156314963,1.1676569616924448,0.0,-0.3023294685179076,1.143309687920234,0.0,-0.0342341944592524,1.403603995792949,0.0,-0.371296204055677,1.3716157792312975,0.0,0.5382620841264725,0.5426196157932281,-0.0003055660054087,0.2136141622189513
586,1,0.2997193262308817,0.0173341239045502,0.0,-0.2997193262308817,-0.0173341239045502,0.0,0.1939038006293156,0.6543273942205245,0.0,-0.3680241782297695,0.651127136664467,0.0,0.0361891374288102,1.1315100697962286,0.0,-0.3354984568176146,1.1104589597398211,0.0,-0.0216666085889846,1.1665541455851032,0.0,-0.3053333089933434,1.142395130653637,0.0,-0.0316167031804517,1.4030830331676911,0.0,-0.3685551363927318,1.3725929768931997,0.0,0.5381148457527161,0.5427999496459961,-0.0003016274422407,0.2136282044798715
587,1,0.2985344013030392,0.0170242671144326,0.0,-0.2985344013030392,-0.0170242671144326,0.0,0.1945916505859804,0.651552321867073,0.0,-0.3702470280896094,0.6484466410609496,0.0,0.0374982329710705,1.1258965647965264,0.0,-0.340579215896337,1.1047454721398244,0.0,-0.0231881707888195,1.1605657348979597,0.0,-0.3071400610452618,1.1355774282436435,0.0,-0.0300279505416288,1.397827352444624,0.0,-0.3644421510110082,1.3710052099250132,0.0,0.5378005653619766,0.5428406596183777,-0.0002969654742628,0.2144529146095874
588,1,0.2971904175446219,0.0165826898696214,0.0,-0.2971904175446219,-0.0165826898696214,0.0,0.1945162084560069,0.6485755737264239,0.0,-0.3789918883314617,0.6458092555288402,0.0,0.0374307313724435,1.1189625669680308,0.0,-0.3384960559191976,1.09300145793741,0.0,-0.0238397439328688,1.15352618676453,0.0,-0.3046059600291623,1.1204482489128968,0.0,-0.0302977147336301,1.3923382832722797,0.0,-0.3624309205763256,1.3651671002716643,0.0,0.537786528468132,0.5427712202072144,-0.0002955424133688,0.2154009738792982
589,1,0.2966165673577098,0.0165403671414394,0.0,-0.2966165673577098,-0.0165403671414394,0.0,0.1959158758689947,0.6472873503787326,0.0,-0.3936109005108321,0.6446734069468272,0.0,0.0377814224330463,1.1176716413269228,0.0,-0.3414412457140165,1.092331818220589,0.0,-0.0257224171642878,1.152113263019558,0.0,-0.3054895698587671,1.1195255117215628,0.0,-0.0298200098933802,1.3910242089124314,0.0,-0.3616238253399589,1.3653263303010927,0.0,0.5377007573843002,0.5428231060504913,-0.0002958714030683,0.2155755571557101
590,1,0.2959713565099796,0.0167884739859987,0.0,-0.2959713565099796,-0.0167884739859987,0.0,0.199252212609738,0.6434298355989633,0.0,-0.4032459837827017,0.6345731406623637,0.0,0.0391797161286837,1.114851987143315,0.0,-0.3426483084328257,1.0915877200316493,0.0,-0.0295070002278056,1.1508061057550285,0.0,-0.305643381453225,1.1197912286852705,0.0,-0.0274924441537574,1.390065663545959,0.0,-0.3628988947334856,1.3644330700522769,0.0,0.5372863560914993,0.542923241853714,-0.0002953554503619,0.2156595496966216
591,1,0.2906084004659122,0.0172072394443032,0.0,-0.2906084004659122,-0.0172072394443032,0.0,0.2020029188255594,0.6357838398348229,0.0,-0.418235725839729,0.6154117774248397,0.0,0.0427411595273348,1.103697110175696,0.0,-0.3390814136195014,1.074459445719514,0.0,-0.025515480242705,1.1398143375791998,0.0,-0.2986555467844306,1.1030931029614437,0.0,-0.0227396696122109,1.3770110575821308,0.0,-0.365693108221769,1.3496520713767024,0.0,0.5365297645330429,0.5422663688659668,-0.0002959249541163,0.2181859197847832
592,1,0.2892078799685128,0.0179861346912301,0.0,-0.2892078799685128,-0.0179861346912301,0.0,0.204032802267967,0.6331613903661922,0.0,-0.4378718138675491,0.6066669820714233,0.0,0.0438077192112466,1.10401673180731,0.0,-0.3427056685171874,1.0667290034966463,0.0,-0.0241680403532561,1.1404957875473647,0.0,-0.2975049698230379,1.0944872358831843,0.0,-0.0200536454500902,1.3779269718816265,0.0,-0.3750095423111841,1.3456674931189554,0.0,0.5361980646848679,0.5420919060707092,-0.0002962904982268,0.2181720450865512
593,1,0.2901119585509502,0.0189596173191526,0.0,-0.2901119585509502,-0.0189596173191526,0.0,0.2108473997018763,0.6358772831738236,0.0,-0.4462881104057021,0.6103139331090297,0.0,0.0481141845908517,1.1112318378742407,0.0,-0.3424947542605704,1.0729008136238605,0.0,-0.020132805923954,1.1473715923355663,0.0,-0.2951692840400461,1.0995996049123489,0.0,-0.0168115854393659,1.3874350532245452,0.0,-0.3776269968043529,1.3520400889082589,0.0,0.5354750454425812,0.541454017162323,-0.0002963957376778,0.217118073262186
594,1,0.2904173836121696,0.0198531662476863,0.0,-0.2904173836121696,-0.0198531662476863,0.0,0.2115770245474089,0.6388605190400352,0.0,-0.4542240270252523,0.6090042196316207,0.0,0.0486909039097105,1.1147971573344917,0.0,-0.3483823073268072,1.075077368509765,0.0,-0.019409107379012,1.1507700449816096,0.0,-0.3000232804379952,1.101122780521399,0.0,-0.0159818626782972,1.3912390444369074,0.0,-0.3763386554161596,1.3538082046971536,0.0,0.5353504121303558,0.54078409075737,-0.000294966623187,0.2170448951724194
595,1,0.2896113028812475,0.0210745117969518,0.0,-0.2896113028812475,-0.0210745117969518,0.0,0.2124933713271435,0.640450567214807,0.0,-0.4598862417326547,0.6098914551699417,0.0,0.0498593078605785,1.1159354263516,0.0,-0.3508134760533529,1.0773114411872184,0.0,-0.0179970646350586,1.1512017225643958,0.0,-0.3010910655525947,1.1027449953693114,0.0,-0.0226499288085115,1.3923300984552425,0.0,-0.3754842183938016,1.3555154080564225,0.0,0.5349173247814178,0.540307879447937,-0.0002931775525212,0.2172629025275079
596,1,0.2877437132481691,0.0210025124994985,0.0,-0.2877437132481691,-0.0210025124994985,0.0,0.2113014851315229,0.6348456784487965,0.0,-0.4723845476366899,0.604866192485139,0.0,0.0468764673188471,1.1101178796688296,0.0,-0.3550621161836007,1.0766672049223722,0.0,-0.0208755625183806,1.1444589023834486,0.0,-0.3065608385392731,1.1031559399873596,0.0,-0.0244271733330924,1.3799808001511549,0.0,-0.3705944361847822,1.347134920820361,0.0,0.5345897227525711,0.5402674376964569,-0.0002872562035918,0.2193798693472916
597,1,0.2878651087729329,0.0211226239611327,0.0,-0.2878651087729329,-0.0211226239611327,0.0,0.2116972177711558,0.6345601402086006,0.0,-0.485380047604473,0.604163454084715,0.0,0.0475267182840066,1.1095284487236112,0.0,-0.3600014538722943,1.0784916666338031,0.0,-0.0204885000525684,1.1434559780318705,0.0,-0.3085862476053128,1.1039158006356509,0.0,-0.0236118860508308,1.3797697447757733,0.0,-0.3682861904422551,1.3496048830602412,0.0,0.5344296097755432,0.5402017831802368,-0.0002853013575077,0.2195729388449509
598,1,0.2852177542508006,0.0213765784548645,0.0,-0.2852177542508006,-0.0213765784548645,0.0,0.2097398624969436,0.6287013555980295,0.0,-0.4875659085637987,0.598076692845358,0.0,0.0480136171175739,1.0997216712280735,0.0,-0.3599569656689309,1.0741961469180954,0.0,-0.01934698805089,1.1323362154454422,0.0,-0.3101584619660759,1.0935706154362683,0.0,-0.0223205224276336,1.3674225424838804,0.0,-0.3672527945697145,1.3362716522990268,0.0,0.5342132896184921,0.5400647222995758,-0.0002856510691344,0.2217784314022697
599,1,0.271587047145283,0.0205425184337066,0.0,-0.271587047145283,-0.0205425184337066,0.0,0.2004304066785847,0.5982948393575146,0.0,-0.4687246638673966,0.5674577888473178,0.0,0.0462244387250668,1.0465260240311536,0.0,-0.3472749901069817,1.0271681197275315,0.0,-0.0189620738805133,1.0769410941193642,0.0,-0.298283063114389,1.0434291992251958,0.0,-0.0201372254193172,1.3013750898655003,0.0,-0.3531301602713223,1.2730013820368618,0.0,0.5339720994234085,0.540051281452179,-0.0002954793162643,0.23306214875206
600,1,0.2730528973391842,0.0212476913147727,0.0,-0.2730528973391842,-0.0212476913147727,0.0,0.2027034026929661,0.6045451877223548,0.0,-0.4706939530966401,0.5706458788131173,0.0,0.048137884053595,1.054967345334222,0.0,-0.3518091589136678,1.0356119492590927,0.0,-0.017327237797659,1.0839871750934598,0.0,-0.3043308866892176,1.0507732340394955,0.0,-0.0183044214289654,1.3105840568852247,0.0,-0.3544973153606747,1.281434159194039,0.0,0.5335579812526703,0.5401895642280579,-0.0002924473956227,0.2314201906713461
601,1,0.2744323239562087,0.0214632741402821,0.0,-0.2744323239562087,-0.0214632741402821,0.0,0.2063591487491758,0.6060529821352874,0.0,-0.4667113742041173,0.5707437427940453,0.0,0.0519929001419265,1.0577420408492042,0.0,-0.3542562135333132,1.0384331806027292,0.0,-0.0131898106636296,1.0869859036483058,0.0,-0.3076920411221813,1.0525695356845668,0.0,-0.0065490797934512,1.314466072094087,0.0,-0.3512056988371714,1.2825534126139653,0.0,0.5328095108270645,0.5402713418006897,-0.0002889800816774,0.2307092124733971
602,1,0.274577759266181,0.0209462421867871,0.0,-0.274577759266181,-0.0209462421867871,0.0,0.2054916401359741,0.6080239806254302,0.0,-0.4656565971111744,0.5727149814980905,0.0,0.0521102707268638,1.0611195827276134,0.0,-0.3576460579046154,1.0377431021155172,0.0,-0.0129592887540001,1.0920305395602283,0.0,-0.3114214824733146,1.0531529319305295,0.0,-0.0048392690018579,1.3196114473414744,0.0,-0.355956542392102,1.2838591524485858,0.0,0.5327343344688416,0.5399717390537262,-0.0002892958000302,0.2304609452303945
603,1,0.2686488210819055,0.0207100850761766,0.0,-0.2686488210819055,-0.0207100850761766,0.0,0.1997757268587913,0.5960417373057775,0.0,-0.4540577243404821,0.5616912296852473,0.0,0.0515754871954622,1.0394834537401667,0.0,-0.3491197856381259,1.0177417804723097,0.0,-0.012036798266007,1.0695137666818375,0.0,-0.304594222503016,1.0326764647133022,0.0,-0.0038792422873459,1.2925896203540437,0.0,-0.3379805817093912,1.2579622680182678,0.0,0.5325805842876434,0.5396420657634735,-0.0002962779253721,0.2355381114154322
604,1,0.2685730800584197,0.0209402002494137,0.0,-0.2685730800584197,-0.0209402002494137,0.0,0.1977492322017268,0.5971502108940556,0.0,-0.4520380549899563,0.562706989906431,0.0,0.0514047566255838,1.0406825784411982,0.0,-0.3488159132466714,1.02258005292007,0.0,-0.0120026569905091,1.0705570330651528,0.0,-0.3060067824016987,1.0402193517280978,0.0,-0.0038254784974282,1.29437295077075,0.0,-0.3286721289955318,1.2645733815138505,0.0,0.532568097114563,0.5392638742923737,-0.0002945074811577,0.2355997646450197
605,1,0.2703186812389846,0.0220365578320007,0.0,-0.2703186812389846,-0.0220365578320007,0.0,0.1987922783444171,0.6019031980993029,0.0,-0.4485937019376391,0.5666945841201269,0.0,0.0533004571213946,1.0492960141545338,0.0,-0.347810426759794,1.032583648550165,0.0,-0.0080618561273268,1.0807090787874585,0.0,-0.3058099911909023,1.049500155221181,0.0,-0.0069087006126184,1.3032820753910226,0.0,-0.3280519612045354,1.2759322569202638,0.0,0.5321783274412155,0.5388297438621521,-0.0002941684797406,0.2344581153648949
606,1,0.2663706221198831,0.0209672606533876,0.0,-0.2663706221198831,-0.0209672606533876,0.0,0.1939832444117149,0.5968196577611978,0.0,-0.4396721978907615,0.562285301800077,0.0,0.0522384878382739,1.0410863665724004,0.0,-0.3427880413674998,1.0246095084789129,0.0,-0.0075030186325302,1.073401250263711,0.0,-0.3058480857119969,1.0428012992287388,0.0,-0.0069294499674638,1.2917662459890895,0.0,-0.3232162971226182,1.2654036746630826,0.0,0.5320287793874741,0.5376630425453186,-0.0003018816933035,0.2374547662850729
607,1,0.2672810352370525,0.0209775219087665,0.0,-0.2672810352370525,-0.0209775219087665,0.0,0.189355049933104,0.599369207703574,0.0,-0.4378322390027885,0.5650039969800644,0.0,0.0528538121203998,1.0484888487622743,0.0,-0.3439048074431114,1.033997929348767,0.0,-0.0053232231942881,1.0860947757262958,0.0,-0.3108756040568867,1.053413224272954,0.0,-0.0066245536068205,1.297864863721545,0.0,-0.3237136320898246,1.2740853201948636,0.0,0.5319423973560333,0.537653237581253,-0.0003061117604374,0.2363427182513243
608,1,0.2665595378399932,0.0210883753928479,0.0,-0.2665595378399932,-0.0210883753928479,0.0,0.1909029414178529,0.5992133869529515,0.0,-0.4353464493602821,0.5656344750945524,0.0,0.0544622857117951,1.0461822829521787,0.0,-0.342269574565071,1.0335585238446352,0.0,-0.004086355617177,1.0814506141987197,0.0,-0.309536632785246,1.052915761122284,0.0,-0.0045927781105786,1.2964074266878671,0.0,-0.3201393653418455,1.2732460969025414,0.0,0.5314931124448776,0.5376303493976593,-0.0003129113465547,0.2364542114815137
609,1,0.2620768047578283,0.0208233694905202,0.0,-0.2620768047578283,-0.0208233694905202,0.0,0.1890947084496568,0.5903315122369824,0.0,-0.4280516195590796,0.5590334654212031,0.0,0.0539754377995531,1.030847516507524,0.0,-0.3367388690237976,1.020181187522288,0.0,-0.0033128624871066,1.0625564764216568,0.0,-0.3054258980034777,1.0396137455179866,0.0,-0.0037332275816696,1.2801165554810832,0.0,-0.3152653016887877,1.2574056472212785,0.0,0.5312570184469223,0.537415474653244,-0.00031353905797,0.239629433968917
610,1,0.2533651815953315,0.0197475493845569,0.0,-0.2533651815953315,-0.0197475493845569,0.0,0.1832304317112837,0.5715921699676124,0.0,-0.4130885927187616,0.5416919802059403,0.0,0.052545711343051,1.00104749524618,0.0,-0.3257724607034857,0.9902244919103592,0.0,-0.0024662579690533,1.0351632900286163,0.0,-0.2969398592262929,1.0110958247833457,0.0,-0.0035696616517581,1.242193656813578,0.0,-0.3048989572003041,1.2204140357943478,0.0,0.5310587733983994,0.5370841920375824,-0.0003159204497933,0.2471364325873447
611,1,0.2535628017476255,0.0197716471371122,0.0,-0.2535628017476255,-0.0197716471371122,0.0,0.1861155445973799,0.5753638867019267,0.0,-0.4107531116782276,0.5452735904182117,0.0,0.0543062624660547,1.0085221834856253,0.0,-0.324420001256791,0.996184895057726,0.0,-0.0004566692074512,1.0463812559983452,0.0,-0.2960867317098619,1.01844258941744,0.0,-0.0015511706691784,1.2504278772869162,0.0,-0.3044974051375957,1.2279988485520406,0.0,0.5303745716810226,0.5370337963104248,-0.000316847115755,0.2456067509611187
612,1,0.2530923160174836,0.0196412556739721,0.0,-0.2530923160174836,-0.0196412556739721,0.0,0.1852073568462796,0.5765081457069731,0.0,-0.4059293183816633,0.545611274615564,0.0,0.0538075947816812,1.010320776120286,0.0,-0.3230881591909528,0.9899006036413294,0.0,-0.0018757129150637,1.0485947337288593,0.0,-0.2975646464085077,1.0161784640228553,0.0,0.0014781053205143,1.2520598688602451,0.0,-0.3032597153591307,1.224637959217682,0.0,0.5298663824796677,0.537067174911499,-0.0003169076517224,0.2450249774423572
613,1,0.2524538134804955,0.0188636836333964,0.0,-0.2524538134804955,-0.0188636836333964,0.0,0.1858081127368083,0.5762864980426206,0.0,-0.3964292556593548,0.5504679419204846,0.0,0.053691622927315,1.0121316755554222,0.0,-0.3212408815756725,0.9915420737299278,0.0,-0.0012785911115849,1.0507062762898716,0.0,-0.2968734718131025,1.0184867798915185,0.0,-0.0034016728486649,1.2537000018256843,0.0,-0.3023970683099348,1.2272494948695436,0.0,0.5292699486017227,0.5371021628379822,-0.0003169551491737,0.244473511141387
614,1,0.2525730477093027,0.0181200293831334,0.0,-0.2525730477093027,-0.0181200293831334,0.0,0.1855808474270951,0.5777022540411305,0.0,-0.3796856320865751,0.5563586692546421,0.0,0.0534502846257441,1.0144930331752753,0.0,-0.3200861661337166,0.9941631665852608,0.0,-0.0016073766096522,1.0534982002589377,0.0,-0.2970854479471798,1.0219049611559567,0.0,-0.0049023275058606,1.2563687377070765,0.0,-0.3024910892271458,1.231197180879104,0.0,0.5290496349334717,0.5370169281959534,-0.0003173789009451,0.2437766808353574
615,1,0.2517912474075063,0.0173507666354035,0.0,-0.2517912474075063,-0.0173507666354035,0.0,0.1858392187243596,0.5771447015996787,0.0,-0.3617036050816996,0.5610701305220805,0.0,0.0551992724242194,1.0121092556337472,0.0,-0.3120501378012177,0.9926822756800544,0.0,-0.0005014453707761,1.050937825902106,0.0,-0.2904904281692871,1.0227699744512029,0.0,-0.0012838856888568,1.2535532486133192,0.0,-0.2982878548586277,1.2284026139771302,0.0,0.5282354950904846,0.5372324883937836,-0.0003287671133875,0.2441501058812236
616,1,0.2485402301571011,0.0165884334225621,0.0,-0.2485402301571011,-0.0165884334225621,0.0,0.1844077777745846,0.570186075047359,0.0,-0.344655929831449,0.55742177659359,0.0,0.056611119687304,0.9991060535592652,0.0,-0.3052286683544661,0.978404684876436,0.0,0.0024963521441484,1.037185781065731,0.0,-0.2834775985288157,1.0086978844242094,0.0,0.0002685674103363,1.2377976879550827,0.0,-0.2957770224516886,1.2130574508090073,0.0,0.5276955962181091,0.5371046960353851,-0.0003351001068949,0.2474580919603638
617,1,0.248370200314509,0.015611129225718,0.0,-0.248370200314509,-0.015611129225718,0.0,0.1843705526888364,0.5736859627516631,0.0,-0.3358369562848956,0.5644497357660834,0.0,0.0578192874869672,1.003193915701189,0.0,-0.3035692601798815,0.981873403959888,0.0,0.004244346615951,1.0412633807134155,0.0,-0.2821433362893847,1.0122598429674734,0.0,0.0001513641272773,1.2421470963394503,0.0,-0.2974851459165287,1.21739019677792,0.0,0.5273277461528778,0.5364530086517334,-0.000335750170052,0.2470989346637933
618,1,0.2482068710534097,0.0156308377213746,0.0,-0.2482068710534097,-0.0156308377213746,0.0,0.1833496829795732,0.574767632177215,0.0,-0.328954883266951,0.5667665259907965,0.0,0.0590256757970754,1.0035864760681066,0.0,-0.2992281183469178,0.9811510495799892,0.0,0.0044567978463802,1.0427591322938945,0.0,-0.2807247448129794,1.0139284265117583,0.0,0.0044174132867261,1.24241879502581,0.0,-0.2964885960318362,1.2170101967184055,0.0,0.5270231813192368,0.5364574193954468,-0.0003354428336024,0.2466844160177029
619,1,0.2438828922891898,0.0154341270496501,0.0,-0.2438828922891898,-0.0154341270496501,0.0,0.1806283591266279,0.5701581732542007,0.0,-0.3173548004111779,0.5619745564026735,0.0,0.0567950082815956,0.9917499535340414,0.0,-0.2907420889959913,0.9695673552922348,0.0,0.002867254792496,1.0313312517667776,0.0,-0.2746474281782917,1.0034661816642692,0.0,0.0026107576343244,1.2255291322089652,0.0,-0.2911617250152099,1.2009511315373624,0.0,0.5267547816038132,0.5358526110649109,-0.0003352398052811,0.2502725678548508
620,1,0.2375645688861124,0.0148388600674693,0.0,-0.2375645688861124,-0.0148388600674693,0.0,0.1771781656570785,0.5589729162104677,0.0,-0.3020147678570637,0.5508972336767102,0.0,0.0577740794970102,0.9698334199492312,0.0,-0.2784747573237406,0.9492141607661032,0.0,0.0055290015099033,1.0059755501854866,0.0,-0.2644845969512553,0.9824933843790432,0.0,0.002705899507499,1.1989220487246453,0.0,-0.281912270419099,1.1738679495555506,0.0,0.5261681973934174,0.5354180634021759,-0.0003349790349602,0.2560605784772528
621,1,0.2397745373387894,0.0151606804486248,0.0,-0.2397745373387894,-0.0151606804486248,0.0,0.1780383925585689,0.5641197519242949,0.0,-0.3020994121270375,0.5558047938780903,0.0,0.0585276133160391,0.976623636545344,0.0,-0.2807367046806109,0.9586451262042384,0.0,0.0057942590824055,1.011640949034014,0.0,-0.2596175163038782,0.9919988821288418,0.0,0.0029836088241692,1.209055938579101,0.0,-0.2836463397322801,1.1841739156648554,0.0,0.5261081606149673,0.5359495580196381,-0.0003339722752571,0.2532081167098824
622,1,0.2352687287250471,0.0148101826318003,0.0,-0.2352687287250471,-0.0148101826318003,0.0,0.1733830091136894,0.5538509162547575,0.0,-0.2948288175358675,0.545598670475943,0.0,0.054776762622851,0.9635138782969074,0.0,-0.2726998535150352,0.9408611620692569,0.0,0.0024521493680347,1.001806831392798,0.0,-0.2530742239995904,0.9740797385008988,0.0,-0.0001380727745748,1.1877068596596378,0.0,-0.2791267656597633,1.1625482670010427,0.0,0.526283472776413,0.535933792591095,-0.0003270711749792,0.2579348127316389
623,1,0.2295610678629742,0.0143369960059726,0.0,-0.2295610678629742,-0.0143369960059726,0.0,0.1682504067447755,0.5416616016758249,0.0,-0.2862486810247953,0.531487032239633,0.0,0.0520954088744504,0.9424833279942646,0.0,-0.2665178842786916,0.9203429967100328,0.0,0.0011425715189238,0.9805613626195936,0.0,-0.2480778894315007,0.9541350041286084,0.0,-0.0032299987298046,1.1613739551270137,0.0,-0.2741932126815487,1.1363899053486344,0.0,0.526620477437973,0.5359036922454834,-0.0003259805962443,0.2637829504017624
624,1,0.2310875997303721,0.0142758429072926,0.0,-0.2310875997303721,-0.0142758429072926,0.0,0.1697124672267932,0.5453723461704041,0.0,-0.2865419443503612,0.5348104799275484,0.0,0.0515411024735714,0.9489214356125796,0.0,-0.2644766739369563,0.9263233886366854,0.0,-0.0001447033420202,0.9870667370279717,0.0,-0.2460065938624492,0.960253537397878,0.0,-0.0031019713278799,1.168943037661086,0.0,-0.273987082274323,1.1420279887030662,0.0,0.5265931785106659,0.5358003675937653,-0.0003250520676374,0.2621802362672593
625,1,0.2310555560621769,0.0136610984920917,0.0,-0.2310555560621769,-0.0136610984920917,0.0,0.1697215551754918,0.5428272741345825,0.0,-0.2864315973140374,0.5322644012111201,0.0,0.0513290887418394,0.9484518903037664,0.0,-0.2639831006030879,0.9243337252901992,0.0,-0.001821259606218,0.9873314720544174,0.0,-0.2452694901573318,0.9583612463977322,0.0,-0.0032027791499254,1.167638109247438,0.0,-0.2744537203665831,1.138658772167546,0.0,0.5266193449497223,0.536727637052536,-0.0003266474232077,0.2616699649377568
626,1,0.2301697228577967,0.0132246388642528,0.0,-0.2301697228577967,-0.0132246388642528,0.0,0.1692159354056447,0.5402095935218229,0.0,-0.2845085832728132,0.5295315643841688,0.0,0.0511809940620728,0.9452565890080276,0.0,-0.2613742517555097,0.9202863901902694,0.0,-0.0016858166383074,0.9838613875471032,0.0,-0.2427025527757533,0.9536655482913432,0.0,-0.0021887442826486,1.1635244656729762,0.0,-0.2730587030525003,1.1339846091381718,0.0,0.5265857428312302,0.5365420579910278,-0.0003268364816904,0.262867041808745
627,1,0.2250476817108341,0.0128096799752721,0.0,-0.2250476817108341,-0.0128096799752721,0.0,0.1646972069543867,0.5279994050162788,0.0,-0.2769268745317568,0.5178081192612726,0.0,0.0499440915833719,0.9237301285518876,0.0,-0.2552944889742356,0.8995776188796,0.0,-0.0009228194405392,0.961507727417572,0.0,-0.2370683203204156,0.9327122599309956,0.0,-0.0030457639293576,1.1372906775077434,0.0,-0.2665547806457751,1.109630357147377,0.0,0.5265968888998032,0.5365115404129028,-0.0003315126523375,0.2690000160630001
628,1,0.2302844289225489,0.0130810703866814,0.0,-0.2302844289225489,-0.0130810703866814,0.0,0.1684451993631463,0.5397652409733832,0.0,-0.2819276467091372,0.5307876647328482,0.0,0.0512176945886986,0.944787399787018,0.0,-0.2603425717048184,0.9230656587436432,0.0,-0.0007197064793067,0.9831572401651356,0.0,-0.2413133556100073,0.9550301001237552,0.0,-0.0017649863667457,1.1633143564457484,0.0,-0.272607838762177,1.1366386414692335,0.0,0.5265577137470245,0.5365146100521088,-0.0003289552405476,0.2629885306390109
629,1,0.2372614067781152,0.0132001508123476,0.0,-0.2372614067781152,-0.0132001508123476,0.0,0.1737483066446035,0.5543871005823027,0.0,-0.2894365121136844,0.5451869424857179,0.0,0.0540338809102611,0.9698708842488336,0.0,-0.2671298064147405,0.9487974562107604,0.0,0.0018886166976771,1.0070051310647954,0.0,-0.2468591745250997,0.9815438922790388,0.0,-0.0013300281767989,1.1957905660886332,0.0,-0.2800953080842401,1.168056039879219,0.0,0.5263907313346863,0.5367302000522614,-0.0003294702619314,0.2556671387684536
630,1,0.2364116359649246,0.012665965221051,0.0,-0.2364116359649246,-0.012665965221051,0.0,0.1723043498179004,0.5529798197267087,0.0,-0.2872170957022016,0.5437562954185263,0.0,0.0549213359816718,0.9657405924034508,0.0,-0.2646586936549306,0.9452870381721266,0.0,0.0032552660161777,1.003035248553882,0.0,-0.2447309454840748,0.9780440367279372,0.0,0.0021319846968796,1.1906434075830004,0.0,-0.2774063014579335,1.1632525532772997,0.0,0.5261840224266052,0.536361038684845,-0.0003299349918961,0.2569839715910103
631,1,0.2444698039534444,0.012771102759625,0.0,-0.2444698039534444,-0.012771102759625,0.0,0.1788106406185026,0.5710916069055372,0.0,-0.2947105647440362,0.5614691102924758,0.0,0.0590336121329021,0.9950248988742056,0.0,-0.2711944125868884,0.9752764446743736,0.0,0.0076674257420217,1.0331988755854635,0.0,-0.2501018396819256,1.0084670435307903,0.0,0.0041013036952445,1.2285280875094575,0.0,-0.2844084077865334,1.2001145025709643,0.0,0.5257084667682648,0.5364572405815125,-0.0003263251855969,0.2489737527005336
632,1,0.2316599383369593,0.0121943609809993,0.0,-0.2316599383369593,-0.0121943609809993,0.0,0.1704815301571639,0.5414372559849793,0.0,-0.2770727003570933,0.5331234039851428,0.0,0.0581797092198609,0.9441029519093334,0.0,-0.254217950951333,0.925529544541502,0.0,0.007837529284971,0.98156307710568,0.0,-0.2347696581775273,0.9585867496189804,0.0,0.0141066899739981,1.1647250535310345,0.0,-0.265185746886069,1.1365959041489175,0.0,0.5250641703605652,0.5365350842475891,-0.0003369124606251,0.2625332381515773
633,1,0.2378766091075766,0.0127975962227833,0.0,-0.2378766091075766,-0.0127975962227833,0.0,0.1751714761483354,0.5575750846823933,0.0,-0.28246382828132,0.5480272072837059,0.0,0.0611594099056036,0.9710610422483912,0.0,-0.25875473846927,0.9490671951266624,0.0,0.0085681133383364,1.0095516150179291,0.0,-0.2389025846054971,0.9827557410342984,0.0,0.0182488559043109,1.1949677531286595,0.0,-0.2701466445318331,1.1651047916517565,0.0,0.5244947820901871,0.5368236601352692,-0.0003366824239492,0.2557077089176323
634,1,0.237646575445598,0.0128413740401815,0.0,-0.237646575445598,-0.0128413740401815,0.0,0.1774889783361865,0.5578805050161921,0.0,-0.2809137586293727,0.5485095866739459,0.0,0.0637322376061273,0.9707958206854078,0.0,-0.2560493305465942,0.9484425552512448,0.0,0.0116067229580463,1.0078604227988612,0.0,-0.2361778437998904,0.9806480762961108,0.0,0.022216198583613,1.1954399350180596,0.0,-0.2678838375051081,1.1656620888591598,0.0,0.523885115981102,0.5368148982524872,-0.0003370866179466,0.2555879107613083
635,1,0.2375774122781649,0.0127031628184795,0.0,-0.2375774122781649,-0.0127031628184795,0.0,0.1779687220289297,0.5558926514280064,0.0,-0.2818169790286284,0.5482261501639983,0.0,0.0645297646972884,0.9692507870613892,0.0,-0.2552008339098742,0.9474010953320018,0.0,0.0125819827875571,1.0070922812176726,0.0,-0.2353897631622346,0.9795990956251176,0.0,0.0233581500758499,1.193522864982799,0.0,-0.2670497940296115,1.1635037748610757,0.0,0.5237217545509338,0.53716641664505,-0.0003344966098666,0.2557716403213206
636,1,0.2429908058870325,0.0120375178397099,0.0,-0.2429908058870325,-0.0120375178397099,0.0,0.1825371343396607,0.5636765861575738,0.0,-0.2875979937476186,0.560627413397828,0.0,0.0671852573413083,0.9905652965171692,0.0,-0.2597808997289699,0.9688965500701398,0.0,0.0149764479797647,1.028090408008905,0.0,-0.2389583784879482,1.0009566753693342,0.0,0.0245032675401416,1.2210568989498467,0.0,-0.2721627174133302,1.190284683650454,0.0,0.5235467255115509,0.5368407666683197,-0.0003291871398687,0.2503292339058224
637,1,0.2495800134164016,0.01198341496002,0.0,-0.2495800134164016,-0.01198341496002,0.0,0.1880440138914688,0.5780389605864126,0.0,-0.2982955854320858,0.5750747803982084,0.0,0.0689810251744582,1.0162406255140106,0.0,-0.2662076201781777,0.9928018306600582,0.0,0.0142857797958417,1.0554730689249463,0.0,-0.2447481626925006,1.026335844743724,0.0,0.0253014562647742,1.2525427927984352,0.0,-0.2794583437315636,1.220603390857892,0.0,0.5234827399253845,0.536965936422348,-0.0003270609304308,0.2439338703657987
638,1,0.2539351357626038,0.0115670078778157,0.0,-0.2539351357626038,-0.0115670078778157,0.0,0.1923245973732703,0.5854888213217274,0.0,-0.3094357537205425,0.583166201818955,0.0,0.0713881254649491,1.0295755088680372,0.0,-0.2690886875559652,1.0056931266230655,0.0,0.0158303613275454,1.0693350874615504,0.0,-0.2467081317534956,1.0397599518952776,0.0,0.0258908219915122,1.2697122026755463,0.0,-0.2904406121280671,1.237744878344544,0.0,0.5232858955860138,0.5379049479961395,-0.0003257077187299,0.2398947475879044
639,1,0.2541514725039399,0.0116953449738208,0.0,-0.2541514725039399,-0.0116953449738208,0.0,0.1953784564289072,0.5854590930159391,0.0,-0.3248604533972044,0.5825783802823842,0.0,0.0735458539864298,1.031443241943412,0.0,-0.2681488967759461,1.0065826785983896,0.0,0.0186885148825587,1.070755194018452,0.0,-0.2455190487690432,1.0398582110984216,0.0,0.0310161719423397,1.27247333571654,0.0,-0.2872388183658221,1.238855804203696,0.0,0.5228506028652191,0.5382902920246124,-0.000325383618474,0.2392906827529211
640,1,0.2561861833314148,0.0121149527553093,0.0,-0.2561861833314148,-0.0121149527553093,0.0,0.2007165510170131,0.5899891053070292,0.0,-0.3430372260508521,0.5827313377116731,0.0,0.07527079483162,1.0393069939593378,0.0,-0.2784117934296369,1.010931084627676,0.0,0.0187847585266741,1.0773766742220714,0.0,-0.2508916379768157,1.041677682159725,0.0,0.0326981384120638,1.2828410075473615,0.0,-0.2918394547990314,1.2482214737023574,0.0,0.5225929319858551,0.5384072661399841,-0.0003243293613195,0.237268246686167
641,1,0.2545406945925162,0.0127182361702881,0.0,-0.2545406945925162,-0.0127182361702881,0.0,0.2036392140432414,0.5868028310495373,0.0,-0.3552203687770511,0.5691967010475024,0.0,0.0776000392676698,1.0357276064577126,0.0,-0.2800473801875507,0.9960890328045018,0.0,0.0222099167257243,1.0737226142329468,0.0,-0.2482834545628604,1.023270949078543,0.0,0.0324550443254355,1.2791593376532442,0.0,-0.2880016282692537,1.2437177894456677,0.0,0.52200847864151,0.5383803248405457,-0.0003221426159143,0.2381188991809861
642,1,0.2532365646647485,0.0142744326365442,0.0,-0.2532365646647485,-0.0142744326365442,0.0,0.208188226348756,0.5788382035899513,0.0,-0.3636095045116611,0.5591862689425495,0.0,0.0816930948146338,1.0293223323652032,0.0,-0.2743894229663258,0.9913722519666232,0.0,0.0268913624001464,1.0670991814693702,0.0,-0.2435889236735315,1.018330222669356,0.0,0.0372981640639381,1.2720439811436783,0.0,-0.2819613951551173,1.236774139308872,0.0,0.5207769274711609,0.537901908159256,-0.0003191633149981,0.2398206256508813
643,1,0.2537119274467581,0.0145916045900021,0.0,-0.2537119274467581,-0.0145916045900021,0.0,0.2115077739161135,0.5789274251530309,0.0,-0.3661670131488759,0.5577739346000974,0.0,0.0864107192279404,1.026030889980022,0.0,-0.2685107977395882,0.9873451739630136,0.0,0.0321432805713179,1.0637772822918057,0.0,-0.2359640118520057,1.0148613375379654,0.0,0.0405367362596576,1.2678377381002708,0.0,-0.2761674876570266,1.2329209624367778,0.0,0.519580215215683,0.537915050983429,-0.0003184741362929,0.2405573361841103
644,1,0.2617346305038314,0.0158176696467142,0.0,-0.2617346305038314,-0.0158176696467142,0.0,0.2227530025883652,0.5944695084259167,0.0,-0.3859977548834367,0.5685181384889005,0.0,0.0939596838137003,1.048684477591536,0.0,-0.2698124512870434,1.0093837879388747,0.0,0.0390500980058466,1.0852689543168106,0.0,-0.2320842258045682,1.0364814449126238,0.0,0.0452970577624967,1.2984268160746144,0.0,-0.2762778299974377,1.2659990259112393,0.0,0.5181443840265274,0.5380025207996368,-0.0003162259235978,0.2348230130673638
645,1,0.2630183158556757,0.016691608045791,0.0,-0.2630183158556757,-0.016691608045791,0.0,0.2250570127044316,0.5946328786847296,0.0,-0.3946061144863704,0.5637826476180152,0.0,0.0956417387709593,1.0459740921031884,0.0,-0.2701396578264309,1.0096204699067606,0.0,0.038955263312544,1.0758417105989384,0.0,-0.2273796552447536,1.035802593923441,0.0,0.0502356556272143,1.2978043812258644,0.0,-0.2632453944511076,1.2669604895950917,0.0,0.5175516754388809,0.537837952375412,-0.0003155963495373,0.2350550006478869
646,1,0.2656929512292594,0.017237775909173,0.0,-0.2656929512292594,-0.017237775909173,0.0,0.2293369055330065,0.6009820769427431,0.0,-0.4027041710576566,0.5666563349256345,0.0,0.0994794845860765,1.048183885085347,0.0,-0.2746461181725395,1.014939058871405,0.0,0.0429882398587502,1.0777098734197563,0.0,-0.2346432194758226,1.0378414226717771,0.0,0.0529442437681108,1.3007497524811698,0.0,-0.2600895568331418,1.2763640177336286,0.0,0.5166125446557999,0.5377578735351562,-0.0003093611449003,0.2347425877812006
647,1,0.26922330645953,0.0178046149427845,0.0,-0.26922330645953,-0.0178046149427845,0.0,0.23408766777417,0.6120079879417748,0.0,-0.4085061188815416,0.5730063143666386,0.0,0.1023360854795614,1.0595074976890129,0.0,-0.2928633149272335,1.0309854419736009,0.0,0.0447605965036005,1.0897888265722298,0.0,-0.261902803869964,1.055025588776405,0.0,0.0555378782467533,1.3152169537307543,0.0,-0.2618606840452166,1.2924938219359072,0.0,0.5162134021520615,0.5378419160842896,-0.0003010295331478,0.2320798294336898
648,1,0.268980016483645,0.0179803563499249,0.0,-0.268980016483645,-0.0179803563499249,0.0,0.2339531517449682,0.6115955220650175,0.0,-0.4107113860030779,0.5730517874434501,0.0,0.1021728671257201,1.0611900955258653,0.0,-0.304607816617276,1.0498156683404485,0.0,0.0447213402224503,1.0937365308131537,0.0,-0.2708865693041283,1.0766410345198196,0.0,0.0555030394105393,1.3138450851683496,0.0,-0.2740568048778937,1.2987362920629435,0.0,0.5161849856376648,0.5377411246299744,-0.0003010965883731,0.2323938378090841
649,1,0.2692937117818699,0.0180401741350766,0.0,-0.2692937117818699,-0.0180401741350766,0.0,0.2341021569596755,0.6136868809032028,0.0,-0.4162635401410701,0.5729331249156313,0.0,0.1020351926068757,1.0690577813810935,0.0,-0.3145584726459939,1.0524206549935446,0.0,0.044312326523908,1.107446377763569,0.0,-0.2812151313695334,1.0771330607611638,0.0,0.0561706820249842,1.3147049601839949,0.0,-0.274008393149453,1.299095060605206,0.0,0.5160677284002304,0.5377473831176758,-0.0002971943467855,0.2325054307171854
650,1,0.2716869992056346,0.0184062537883996,0.0,-0.2716869992056346,-0.0184062537883996,0.0,0.2362971572194781,0.6206382522000294,0.0,-0.4201297026767489,0.578381511962677,0.0,0.1036400622602592,1.081861725530368,0.0,-0.3166408762919142,1.0666806722380773,0.0,0.045552025651341,1.1217970565579525,0.0,-0.2825877601263689,1.0929150813138542,0.0,0.0573661554833895,1.3273919073652467,0.0,-0.2770820494676757,1.3111477377009089,0.0,0.5159755200147629,0.5378177464008331,-0.0002954276278614,0.2302629162047324
651,1,0.2715738323848151,0.0183590347763101,0.0,-0.2715738323848151,-0.0183590347763101,0.0,0.2378263204326761,0.6203434643722733,0.0,-0.4170126017079255,0.579581388075812,0.0,0.1058702483678672,1.0828369699347615,0.0,-0.31321263215573,1.066010454004186,0.0,0.0487499150027397,1.12454798873413,0.0,-0.2807233879358967,1.0921783330130266,0.0,0.0621138003110045,1.3272735316922453,0.0,-0.2752795227480506,1.3110185555997549,0.0,0.5156083703041077,0.5378121435642242,-0.0002947449684143,0.2302675104941778
652,1,0.2744550231301273,0.0186940381387217,0.0,-0.2744550231301273,-0.0186940381387217,0.0,0.2449592495438494,0.6297040796171557,0.0,-0.4190192037760378,0.588731363595429,0.0,0.1104785102190754,1.0991844309983796,0.0,-0.3136115111723591,1.077995279721908,0.0,0.0522380979797433,1.1416163297480268,0.0,-0.2803839710273156,1.1031537022719526,0.0,0.0666985620317326,1.3470308472316064,0.0,-0.2767210387996115,1.3303527091777485,0.0,0.5149012356996536,0.5377756953239441,-0.0002959007397294,0.2268695967600144
653,1,0.2743054319111884,0.0187481994573669,0.0,-0.2743054319111884,-0.0187481994573669,0.0,0.250311439300767,0.6331956253100363,0.0,-0.4174294047632552,0.5927907594662575,0.0,0.1161683531914095,1.106611629946776,0.0,-0.3099709803834096,1.082967542014642,0.0,0.0579172908421149,1.1493394079518535,0.0,-0.2763489228384653,1.1069194825888975,0.0,0.072153359714507,1.3563470356955327,0.0,-0.2745191303088121,1.338913425205231,0.0,0.5138027667999268,0.5377586185932159,-0.0002975761890411,0.2253669354288434
654,1,0.2756874115088074,0.0185013073785957,0.0,-0.2756874115088074,-0.0185013073785957,0.0,0.2514106228531577,0.6363989210881738,0.0,-0.4166417720309967,0.5959467409423888,0.0,0.1195537394606115,1.1141874055912775,0.0,-0.3090691266100713,1.0898156381569968,0.0,0.0612003209423986,1.1600983380618477,0.0,-0.2760324744664663,1.117322503427093,0.0,0.0746529874451156,1.3643652331629763,0.0,-0.2712901867098969,1.3460737038430652,0.0,0.5131461173295975,0.5378868877887726,-0.0002972465008497,0.224038027141973
655,1,0.2753200556519045,0.0181226958371229,0.0,-0.2753200556519045,-0.0181226958371229,0.0,0.2525455313614174,0.6316060710602052,0.0,-0.4117524199812808,0.5935684021178871,0.0,0.1225750495968467,1.1103815684237606,0.0,-0.3071957930955241,1.0880779978195545,0.0,0.0647217721439884,1.1558648161516656,0.0,-0.2736821981277283,1.1158300382534958,0.0,0.0777651993088183,1.359602830075085,0.0,-0.2670761108708135,1.3403457328375712,0.0,0.512401282787323,0.5381462275981903,-0.0003015398979187,0.2246468125385817
656,1,0.2718806363448635,0.0177354303188283,0.0,-0.2718806363448635,-0.0177354303188283,0.0,0.2544446919084018,0.6259545615069559,0.0,-0.4036383783509661,0.5902380093329527,0.0,0.1257283691134751,1.1023152013758968,0.0,-0.30254775395148,1.080262676144059,0.0,0.068094237915499,1.1421864132127015,0.0,-0.2680349324737525,1.1046524276076295,0.0,0.0807286752717329,1.3498328519036813,0.0,-0.2595705433829713,1.3303566681140038,0.0,0.5114370435476303,0.5377717316150665,-0.0003055799752473,0.2265879364346582
657,1,0.278861181667687,0.0181250537944783,0.0,-0.278861181667687,-0.0181250537944783,0.0,0.2604365023168579,0.6428656442934164,0.0,-0.4137381247854247,0.6064318778350855,0.0,0.1287463507262297,1.130029560232808,0.0,-0.3102007742881156,1.107149602582326,0.0,0.0694631015839942,1.1711416385957445,0.0,-0.2760537090829782,1.132329206604548,0.0,0.08256922504212,1.3840416429361562,0.0,-0.2654659505620291,1.363757720934128,0.0,0.5114688575267792,0.5377880334854126,-0.0003056703135371,0.2210117226046543
658,1,0.2732279671209693,0.0173552569026723,0.0,-0.2732279671209693,-0.0173552569026723,0.0,0.2564890160744294,0.6223922701835135,0.0,-0.4006666578761029,0.5896634894334497,0.0,0.128051190633875,1.0947439872555147,0.0,-0.2980227286575262,1.0768427694581424,0.0,0.0703053267713837,1.1311627287063917,0.0,-0.2649115127999731,1.1013480142317886,0.0,0.0812158827858027,1.3464085988854324,0.0,-0.2603631073366041,1.3241026840813488,0.0,0.510831892490387,0.5379351377487183,-0.0003080675378441,0.2270815773370649
659,1,0.2673640455580321,0.0169050171900413,0.0,-0.2673640455580321,-0.0169050171900413,0.0,0.2564092442618818,0.6086515023941806,0.0,-0.388285576320923,0.58100640038909,0.0,0.1301407179296361,1.0772862970826227,0.0,-0.2835487360805674,1.0587021531116318,0.0,0.0730302656028209,1.1135451064359838,0.0,-0.2543311554084115,1.0830525256129726,0.0,0.0848945454875915,1.324766214971549,0.0,-0.2488004307033943,1.3008747134105765,0.0,0.5096523612737656,0.5378967225551605,-0.0003086607903242,0.2308218813786241
660,1,0.2735772993426721,0.0169456424961497,0.0,-0.2735772993426721,-0.0169456424961497,0.0,0.2661138239165504,0.6247243188839153,0.0,-0.3918488881554267,0.5968391615404212,0.0,0.1374072275597261,1.1021281331683142,0.0,-0.2854087110297341,1.0838341790058237,0.0,0.0764400106988276,1.136634153950318,0.0,-0.2563854975583175,1.1085375486929514,0.0,0.0926605564326817,1.3594814421369312,0.0,-0.2508383019732051,1.3351816252979585,0.0,0.5086573362350464,0.5378150045871735,-0.0003084940835833,0.2249466814766252
661,1,0.2742859167237621,0.0164480871982941,0.0,-0.2742859167237621,-0.0164480871982941,0.0,0.2713630617578949,0.6281521489973636,0.0,-0.3835948035699302,0.6011182053646626,0.0,0.1428048740359159,1.1072141799523023,0.0,-0.2795260848640905,1.087975937375433,0.0,0.081716965430759,1.141780290721495,0.0,-0.2518374366410773,1.1140940406837938,0.0,0.0980326195067962,1.367058357956711,0.0,-0.2460227698858878,1.3423757017903983,0.0,0.5075682103633881,0.5376871824264526,-0.0003078309819102,0.2236865517366734
662,1,0.2807068553895344,0.0159383621986783,0.0,-0.2807068553895344,-0.0159383621986783,0.0,0.2791190923564444,0.6431642638520693,0.0,-0.3859431723507393,0.620521785831276,0.0,0.1507862413652413,1.134250062316307,0.0,-0.2732469348848296,1.1140188441604473,0.0,0.0892016708687801,1.17243143696952,0.0,-0.2356690575783869,1.141056944647268,0.0,0.1036875178567676,1.3992361666603574,0.0,-0.2475585830998534,1.373735333046901,0.0,0.5064036101102829,0.5379527509212494,-0.0003046579658985,0.2183702551530418
663,1,0.277913873554337,0.0154716924352508,0.0,-0.277913873554337,-0.0154716924352508,0.0,0.2781446993119842,0.6375644483183283,0.0,-0.3689071753056926,0.6156983134595251,0.0,0.154881577350408,1.1256360305844186,0.0,-0.2617110974254115,1.1005711167108974,0.0,0.0937799402921056,1.1635727315137765,0.0,-0.2275876271754941,1.1306648894030171,0.0,0.1091425865214258,1.3886776949138728,0.0,-0.2404080744648121,1.3626407120046264,0.0,0.5052482038736343,0.5379959642887115,-0.0003064749762415,0.2200064579719279
664,1,0.2786042495122628,0.0151439492582333,0.0,-0.2786042495122628,-0.0151439492582333,0.0,0.2800657419530892,0.6407261860174402,0.0,-0.3630394214149078,0.6187484996910668,0.0,0.159095846947433,1.129360179380185,0.0,-0.2580387489851893,1.0983645534897637,0.0,0.0975592514356933,1.1654368410592917,0.0,-0.225504129330658,1.1329715503565196,0.0,0.1208202725036759,1.3956394710882278,0.0,-0.2378164880621122,1.3684641564727644,0.0,0.504524365067482,0.5380812883377075,-0.0003071073442697,0.2188029922612179
665,1,0.2781757526069743,0.0145818627404411,0.0,-0.2781757526069743,-0.0145818627404411,0.0,0.2799766933067137,0.6389945069306007,0.0,-0.3509458953036588,0.6196889765978848,0.0,0.1607173248193729,1.1261459791251078,0.0,-0.2472905157319428,1.0946716076228018,0.0,0.1013443941088152,1.1621039652072385,0.0,-0.2157912971135292,1.129452682216291,0.0,0.1201505381407439,1.3917657236139618,0.0,-0.2351450281359622,1.3643559601324184,0.0,0.5040376335382462,0.5380083918571472,-0.0003080815076828,0.2194952916592947
666,1,0.2792697561904553,0.0135655929811082,0.0,-0.2792697561904553,-0.0135655929811082,0.0,0.2836431364972065,0.6422248056937957,0.0,-0.3397393612020659,0.6316344937116052,0.0,0.1635923717986701,1.1306052769905448,0.0,-0.2404092888245812,1.1005956593121908,0.0,0.1047943389638997,1.1658712563069482,0.0,-0.2112021951749054,1.13791227534664,0.0,0.1253416860947569,1.397292685809837,0.0,-0.2340153237634114,1.3675122826540569,0.0,0.5034222304821014,0.5383758246898651,-0.0003071380779147,0.2181724630925682
667,1,0.2785659836092321,0.012775796955724,0.0,-0.2785659836092321,-0.012775796955724,0.0,0.2793147004307605,0.6377048613457013,0.0,-0.3239268779751553,0.6308978501267184,0.0,0.1639774858771751,1.123100534132874,0.0,-0.2337662187652574,1.0935033664074263,0.0,0.1072192007242319,1.1567103560737009,0.0,-0.2061011050035029,1.130715027737866,0.0,0.1244062238951673,1.389663855244078,0.0,-0.232278443351548,1.3571801012263276,0.0,0.5031670778989792,0.5388169288635254,-0.0003074696287512,0.2190841419684215
668,1,0.2738879005656515,0.0116318962179634,0.0,-0.2738879005656515,-0.0116318962179634,0.0,0.2716555204879703,0.6273376455621376,0.0,-0.3144642516786353,0.6238171485417617,0.0,0.1605990165828223,1.104906267906231,0.0,-0.2300099655707396,1.0751853387878263,0.0,0.1073662824606647,1.137172462709951,0.0,-0.2031002015106926,1.1113060066316762,0.0,0.1231910326980042,1.3666382822996654,0.0,-0.2286812696072596,1.3337292303771868,0.0,0.5032915323972702,0.5384698808193207,-0.0002999007701873,0.223265762221601
669,1,0.2696660169583337,0.0115673532692492,0.0,-0.2696660169583337,-0.0115673532692492,0.0,0.2654516088923336,0.6172213316898598,0.0,-0.2979338719957001,0.6137810146621063,0.0,0.1573534477655739,1.087122969988376,0.0,-0.2213888545183898,1.0580414785287655,0.0,0.1047772685310777,1.1189931336098704,0.0,-0.1944579224961621,1.0937474130179867,0.0,0.1213505944463397,1.345095246104685,0.0,-0.2219267242927587,1.3124901426889015,0.0,0.5033506453037262,0.538471907377243,-0.000302517786622,0.2268406102543927
670,1,0.2715097921064056,0.0118510987254524,0.0,-0.2715097921064056,-0.0118510987254524,0.0,0.2639223231247273,0.6209775950779906,0.0,-0.2896343421418921,0.6163285219099472,0.0,0.155597809879066,1.093639437137583,0.0,-0.2162183881431189,1.0619742239794023,0.0,0.1034144971226393,1.131316564848899,0.0,-0.1901502199297532,1.0984959451097864,0.0,0.1179510320436768,1.351435505850521,0.0,-0.2280491656472987,1.316692551361407,0.0,0.5037583559751511,0.5384105145931244,-0.0002967319451272,0.2258504833997249
671,1,0.2762805894290751,0.0121526082990993,0.0,-0.2762805894290751,-0.0121526082990993,0.0,0.2648367091131992,0.6304120673518018,0.0,-0.2836864619161502,0.6228207734037093,0.0,0.1549458228010387,1.110303976521433,0.0,-0.2164041947753502,1.0789417584509633,0.0,0.1026414296890576,1.1493164375593936,0.0,-0.1891173635709816,1.1182101118231311,0.0,0.1090909883114354,1.3701501822298907,0.0,-0.2404492318379307,1.333529443678982,0.0,0.5044255405664444,0.5382546782493591,-0.000287169124931,0.2224468190374747
672,1,0.2770328695825734,0.0120873576219207,0.0,-0.2770328695825734,-0.0120873576219207,0.0,0.2607615711109233,0.6308026703331603,0.0,-0.2842660186549877,0.6222877483216608,0.0,0.1471812480332858,1.1138944926040375,0.0,-0.2212844671888245,1.0819996243345813,0.0,0.0938976491183809,1.1575831745148075,0.0,-0.1941666649694007,1.1244711988449554,0.0,0.1022419185049572,1.371179620206059,0.0,-0.2421227357902007,1.334601732655494,0.0,0.505404457449913,0.5383986234664917,-0.0002865707501769,0.2221387106949131
673,1,0.2787045712944486,0.0123108371872513,0.0,-0.2787045712944486,-0.0123108371872513,0.0,0.2597766087143773,0.6314839835620535,0.0,-0.2873385556456123,0.618530385992343,0.0,0.1456625809975811,1.1189092628023296,0.0,-0.2260277906739383,1.0831966787251428,0.0,0.0919328131674964,1.162465351554971,0.0,-0.198786148634255,1.1260422632156175,0.0,0.0989338205453233,1.3735934538609065,0.0,-0.2438804535761189,1.3367152449328858,0.0,0.5057217925786972,0.53850919008255,-0.0002853227779269,0.2217229150195968
674,1,0.2819919236843495,0.012089687641321,0.0,-0.2819919236843495,-0.012089687641321,0.0,0.2594726434736037,0.6319106881268339,0.0,-0.291943302903801,0.6198045103699965,0.0,0.1443154085791206,1.125494177409951,0.0,-0.2301803862267354,1.0891694265548997,0.0,0.090386242926473,1.1693524780880942,0.0,-0.2020744711428726,1.1326298018225511,0.0,0.0969422803281392,1.381421851542191,0.0,-0.2488784200787785,1.3436308320550008,0.0,0.5062074959278107,0.5384336113929749,-0.0002858084626495,0.2204886513803874
675,1,0.2839662908295279,0.0121161131857766,0.0,-0.2839662908295279,-0.0121161131857766,0.0,0.2572008371435882,0.6341303038067959,0.0,-0.2969146958765744,0.6217132037174734,0.0,0.14223848919391,1.1300471230955815,0.0,-0.2354266930911241,1.0933994243241345,0.0,0.0880638306529324,1.1742822961394714,0.0,-0.2060949157390787,1.1372632128966822,0.0,0.09409821792871,1.3865126515397004,0.0,-0.2522331290068305,1.34825136998115,0.0,0.5068999230861664,0.5384391844272614,-0.0002869013696908,0.2197150527122812
676,1,0.2874354347622679,0.0116231780293815,0.0,-0.2874354347622679,-0.0116231780293815,0.0,0.2592849184090035,0.6398764987900243,0.0,-0.3002059427654804,0.6326491564211064,0.0,0.1444243942091652,1.1393208783628894,0.0,-0.2403440322341109,1.1001259911775114,0.0,0.0894345565796978,1.1831772135141343,0.0,-0.2105303193644613,1.1397550180422429,0.0,0.0948112517241837,1.399967865450041,0.0,-0.2549690269788187,1.360300717665897,0.0,0.5069839060306549,0.5389887988567352,-0.000288019888103,0.2173359339556311
677,1,0.2886926416961312,0.0117832016608267,0.0,-0.2886926416961312,-0.0117832016608267,0.0,0.2597415130071008,0.6450932394358201,0.0,-0.3019999131935064,0.6359019895313575,0.0,0.1450127312309558,1.1482236090375006,0.0,-0.2416371060133577,1.1052683928273177,0.0,0.0909404138325666,1.1928942130239493,0.0,-0.2121055498239915,1.1419452401907269,0.0,0.0959317597645,1.4086553955182448,0.0,-0.2561068853661752,1.3663346000642425,0.0,0.5070049613714218,0.53887540102005,-0.0002868021838366,0.2163698075454709
678,1,0.2906345574836481,0.0114986729756706,0.0,-0.2906345574836481,-0.0114986729756706,0.0,0.2588923781729295,0.6486945376104005,0.0,-0.3060081990046362,0.6428872809776718,0.0,0.1437338278907024,1.15393500994383,0.0,-0.2451472903910122,1.1161009616137536,0.0,0.0894091660588117,1.199134339091278,0.0,-0.2156724491924706,1.151597419407105,0.0,0.0946496920872011,1.4167597225472104,0.0,-0.2572927845063053,1.374236913779571,0.0,0.5074714720249176,0.538953959941864,-0.0002868827432394,0.2150783769790856
679,1,0.2919009310015951,0.0117162875205386,0.0,-0.2919009310015951,-0.0117162875205386,0.0,0.2588947001073072,0.6490566943499354,0.0,-0.3078363109183837,0.642165463764535,0.0,0.1436238132878507,1.155347781899936,0.0,-0.2471999598461234,1.1152023184158026,0.0,0.088732239588738,1.2006548566088724,0.0,-0.2175349442975972,1.1517144969289843,0.0,0.0955459000404611,1.4192722379062523,0.0,-0.2589971538501749,1.3758830082944713,0.0,0.5076628774404526,0.5395461618900299,-0.0002960213460028,0.2143827154082917
680,1,0.292472169525627,0.0115538498012144,0.0,-0.292472169525627,-0.0115538498012144,0.0,0.2562426452655585,0.6503570835576106,0.0,-0.3100555701144139,0.6432327280053616,0.0,0.1405061018906803,1.1546297412136317,0.0,-0.2495757661683197,1.1142815400410615,0.0,0.0858955792029897,1.1999496309522155,0.0,-0.2199810393233082,1.1504888432225624,0.0,0.0929788257598887,1.4182150641283655,0.0,-0.2579008932536644,1.3754078228488107,0.0,0.5082082152366638,0.5395121574401855,-0.0002960134297609,0.2145877648345868
681,1,0.2937920356478491,0.0117621311408676,0.0,-0.2937920356478491,-0.0117621311408676,0.0,0.2564186259351591,0.6526655315390998,0.0,-0.3133341732914099,0.6453850152790559,0.0,0.1393865569221083,1.1584657407693262,0.0,-0.2532108226664487,1.117862368483076,0.0,0.0837742275510732,1.2037075154707138,0.0,-0.2219425104898896,1.1542629986495352,0.0,0.092139574181871,1.4232089485763617,0.0,-0.2637455513053598,1.3792741547610132,0.0,0.5087975114583969,0.5395456254482269,-0.0002968474291265,0.2138410609804501
682,1,0.2962886357959318,0.0114543008863968,0.0,-0.2962886357959318,-0.0114543008863968,0.0,0.2548981164039899,0.6574243703658983,0.0,-0.317723917401393,0.652897111589687,0.0,0.137273994172399,1.1635424855703584,0.0,-0.2582557399456293,1.1227786665424255,0.0,0.0810866785686284,1.2081668012527589,0.0,-0.2264509065862892,1.1599674639587725,0.0,0.0891847566741459,1.42962287512116,0.0,-0.269008679919511,1.3852100743135145,0.0,0.5095046162605286,0.5397217869758606,-0.0002968185581266,0.2127581185841549
683,1,0.2977434283241106,0.0121467867031834,0.0,-0.2977434283241106,-0.0121467867031834,0.0,0.2554614794759156,0.6632377836705255,0.0,-0.319752843930835,0.6560318029637738,0.0,0.1377100794869619,1.166764649791429,0.0,-0.2601611299302156,1.1174980489964328,0.0,0.0808066521653356,1.2113920647870036,0.0,-0.2298823993837367,1.148570132061108,0.0,0.0920522342798766,1.4351779395732709,0.0,-0.2716127137177728,1.3885675651286344,0.0,0.5096864104270935,0.5399475991725922,-0.0002986649051308,0.2119419792019223
684,1,0.2973828470919119,0.0122545627077678,0.0,-0.2973828470919119,-0.0122545627077678,0.0,0.2518462413191848,0.6602500172395346,0.0,-0.3195684051615129,0.6528643874668292,0.0,0.1345846147590386,1.1602089893492002,0.0,-0.2611965895777787,1.1113054135240674,0.0,0.0780053653047171,1.20328259975048,0.0,-0.2310594386268958,1.1424228959281553,0.0,0.0888793528190412,1.426989202859417,0.0,-0.2741526276877258,1.381363654033304,0.0,0.5101930350065231,0.5400187969207764,-0.0002985722385346,0.213105760561623
685,1,0.2991592189974674,0.0122142856949558,0.0,-0.2991592189974674,-0.0122142856949558,0.0,0.2485276213448671,0.6599306300523538,0.0,-0.3226806850248364,0.6524708083286024,0.0,0.1313752437432484,1.1553047881280791,0.0,-0.2662511722633163,1.111446803790714,0.0,0.0744445832660025,1.1940356673715409,0.0,-0.2349259403955652,1.1415934986141367,0.0,0.0850686348685993,1.4252053096581874,0.0,-0.2795987797198689,1.3817947186446935,0.0,0.510956808924675,0.5407413244247437,-0.0003001312725245,0.2128959402586952
686,1,0.2973682848517323,0.0129258637787971,0.0,-0.2973682848517323,-0.0129258637787971,0.0,0.2449924686642964,0.6559328185192597,0.0,-0.3222805128366805,0.6506689536949647,0.0,0.1278232719245433,1.143534624815952,0.0,-0.2682664416647384,1.1042448443734911,0.0,0.0713388294824007,1.181236577354325,0.0,-0.2367164540198496,1.1327949069449963,0.0,0.0786372811381278,1.4131019601296693,0.0,-0.2797561755334342,1.3710866168282232,0.0,0.5115047246217728,0.5410067141056061,-0.000297559890896,0.2145324087165902
687,1,0.2979794479833224,0.0129084019968272,0.0,-0.2979794479833224,-0.0129084019968272,0.0,0.2432313783180417,0.6534342292004257,0.0,-0.3250267368586309,0.6502151866825968,0.0,0.1222736769431228,1.138422340660744,0.0,-0.2721478422041326,1.1005311530346795,0.0,0.066065625553168,1.1743256623228548,0.0,-0.238758195728591,1.1282804892145857,0.0,0.0733121370810558,1.4070692147496546,0.0,-0.2850432407631998,1.3655575380485312,0.0,0.5125856697559357,0.5410238802433014,-0.0002974919043481,0.215436744970178
688,1,0.2990020151633573,0.0130702925160537,0.0,-0.2990020151633573,-0.0130702925160537,0.0,0.2432947377973366,0.6526416512295807,0.0,-0.3281237890123377,0.6485786429092695,0.0,0.1194349049601969,1.1357733679744368,0.0,-0.2756506364145495,1.097096558467835,0.0,0.0621384158079829,1.1714359549524855,0.0,-0.2390584061529788,1.1257391361729006,0.0,0.0693516515618408,1.4056424828712812,0.0,-0.2908501520621313,1.3633963739068036,0.0,0.513422504067421,0.5412790179252625,-0.0002972930669784,0.2156207912568514
689,1,0.2993374874063642,0.01318421016225,0.0,-0.2993374874063642,-0.01318421016225,0.0,0.2403597530080866,0.6541428126109927,0.0,-0.3356114527380142,0.6513029191671202,0.0,0.1114971980927731,1.1382719087166238,0.0,-0.2840419914508087,1.1010678914438714,0.0,0.0536369668908209,1.17398878498896,0.0,-0.2471262861234509,1.1287879558525955,0.0,0.060940500054407,1.4088068803786715,0.0,-0.2951602200033881,1.3666645685448209,0.0,0.5151078402996063,0.5412871837615967,-0.0002976711839437,0.2151094808226152
690,1,0.2973412681185279,0.0133439469406931,0.0,-0.2973412681185279,-0.0133439469406931,0.0,0.2341086227694278,0.6488648466983999,0.0,-0.3391648771261235,0.6462763243423914,0.0,0.1053195230676673,1.129332239202916,0.0,-0.2893753774324334,1.0886470076787698,0.0,0.0480935593927791,1.1619324315153856,0.0,-0.2530463590918708,1.1160049400354275,0.0,0.0527048549856345,1.3976759068890057,0.0,-0.3016374942846129,1.353614617026827,0.0,0.5163381844758987,0.5413902699947357,-0.0002970779314637,0.2166104117666148
691,1,0.2951833578349645,0.013361681863583,0.0,-0.2951833578349645,-0.013361681863583,0.0,0.2311553571152229,0.644761745406686,0.0,-0.3433412288630427,0.6427974929967075,0.0,0.1002964890884951,1.126334704251242,0.0,-0.2937522087875102,1.0797404022427632,0.0,0.0453045424349022,1.1575154310531988,0.0,-0.2566454485888847,1.107751266050703,0.0,0.0456520935096739,1.3911404138019798,0.0,-0.3190415477491092,1.3320906919523132,0.0,0.5173454433679581,0.5413803458213806,-0.0003037140704691,0.2176321689399361
692,1,0.276411608312803,0.0127320282955799,0.0,-0.276411608312803,-0.0127320282955799,0.0,0.2148180339144764,0.5994714677274665,0.0,-0.3270845425015345,0.5925696414878899,0.0,0.0919564935136417,1.0468142783319987,0.0,-0.2797747398587969,0.9443458775617416,0.0,0.041607636646767,1.0749041267671795,0.0,-0.2423624372508629,0.9704874343808776,0.0,0.0375099723677297,1.296271138167849,0.0,-0.3154482528044218,1.1939333890423087,0.0,0.5180880576372147,0.5413219630718231,-0.0003098174929618,0.2335797470524136
693,1,0.2806011964115074,0.0143984881609016,0.0,-0.2806011964115074,-0.0143984881609016,0.0,0.2177700944276163,0.6042508274499728,0.0,-0.3347235177284912,0.5936440601526574,0.0,0.0940565192754382,1.0496525832030603,0.0,-0.2887553613911801,0.8765511511773659,0.0,0.0441583747342987,1.077414294090096,0.0,-0.2542322100476205,0.8861079629403907,0.0,0.0345214117265109,1.30654556974182,0.0,-0.3272399429059672,1.1283446114134723,0.0,0.5189011842012405,0.5417193472385406,-0.0003044665791094,0.2312758158649193
694,1,0.2737631794900582,0.0143194470688243,0.0,-0.2737631794900582,-0.0143194470688243,0.0,0.2133483823993563,0.5890126145555744,0.0,-0.3337094769895982,0.567664792507786,0.0,0.0904826653306248,1.021946767919801,0.0,-0.2898585697968467,0.780357564987592,0.0,0.0469240354217738,1.0504950334422871,0.0,-0.2575752724719575,0.7760318108366332,0.0,0.0289196540350389,1.2750025046393512,0.0,-0.3256259080093687,1.0260962997634988,0.0,0.5202379673719406,0.5418025553226471,-0.0002964141312986,0.2367648681440997
695,1,0.2653109064443341,0.0142310459954076,0.0,-0.2653109064443341,-0.0142310459954076,0.0,0.201444369551015,0.5655015846228093,0.0,-0.3274049251159402,0.5304729995913205,0.0,0.0813375824426505,0.9876702100884608,0.0,-0.2879912677625292,0.6401516797030247,0.0,0.0426019063239307,1.0174673699469086,0.0,-0.2595433889601136,0.6371321667896607,0.0,0.0240666938482607,1.234182777851366,0.0,-0.3161382400036959,0.8908378226852544,0.0,0.5218624472618103,0.5416865646839142,-0.0002948231995105,0.2453264968631234
696,1,0.2691168240296847,0.0146861539813805,0.0,-0.2691168240296847,-0.0146861539813805,0.0,0.1968720627278748,0.5744049985923566,0.0,-0.3435885431428672,0.540721120709427,0.0,0.0690589435953055,1.0048722183658654,0.0,-0.3111830628868938,0.5326809321605794,0.0,0.0319886195091287,1.036678218453274,0.0,-0.3796117505313181,0.481547740778569,0.0,0.0131656823151633,1.2553537819662908,0.0,-0.3320766736589866,0.6263843698007775,0.0,0.5245804041624069,0.5415937602519989,-0.0002984646707773,0.2416081371814567
697,1,0.2906595045041442,0.013756828656835,0.0,-0.2906595045041442,-0.013756828656835,0.0,0.2028739360765299,0.6250121028975447,0.0,-0.3823387683612645,0.5900561919302774,0.0,0.0607409573622896,1.0908792600043726,0.0,-0.33974343945857,0.2186755298409488,0.0,0.021520820383277,1.125385003568891,0.0,-0.408543270797537,0.1492497717057201,0.0,0.0006498577272997,1.357658354324889,0.0,-0.4598554413308383,0.1905372752271858,0.0,0.5275899767875671,0.5409278869628906,-0.0003071784740313,0.2241625292913869
698,1,0.2972625949119312,0.0138045871360251,0.0,-0.2972625949119312,-0.0138045871360251,0.0,0.2033596325066804,0.6515023648726085,0.0,-0.4004534626784922,0.6082193205775036,0.0,0.0499928594146066,1.1268760130822988,0.0,-0.3571887366448222,0.229375801551105,0.0,0.0075420656838015,1.1658652022156664,0.0,-0.4207100422394939,0.1471221597909545,0.0,-0.0060243840535688,1.399661719724118,0.0,-0.5203386916741685,0.194862556566276,0.0,0.529286652803421,0.5407949090003967,-0.0002908599562942,0.2180071080503747
699,1,0.3002410087797628,0.0134532784354975,0.0,-0.3002410087797628,-0.0134532784354975,0.0,0.2016569472001698,0.666315340418049,0.0,-0.411690642549517,0.6159861890867058,0.0,0.0418182558468999,1.1480479539701427,0.0,-0.3686912408294381,0.2007276556958786,0.0,-0.0009840004072421,1.1928849393219136,0.0,-0.4277177261920233,0.1235151573311559,0.0,-0.0141862533966239,1.416810965868319,0.0,-0.5442610903956163,0.1703070188868547,0.0,0.5310071259737015,0.5406557619571686,-0.0002860627137124,0.2157184485332522
700,1,0.3017104342772751,0.0118431825981003,0.0,-0.3017104342772751,-0.0118431825981003,0.0,0.2037163630884066,0.6777737056727497,0.0,-0.4127864405527627,0.6233032059367681,0.0,0.0398806866760784,1.158947368431413,0.0,-0.3667702742679827,0.1986284516603734,0.0,-0.0026176052808351,1.2037647911088971,0.0,-0.3980797849470047,0.1260412659993227,0.0,-0.0223387996258786,1.4283098608253326,0.0,-0.4866590326572529,0.2161232694385463,0.0,0.5313794016838074,0.5394904017448425,-0.0002768305130302,0.2152739818460204
701,1,0.3015198671156497,0.011655575944733,0.0,-0.3015198671156497,-0.011655575944733,0.0,0.2039243275144572,0.6801713762963878,0.0,-0.4117882739858462,0.6227432210194432,0.0,0.0367760906448453,1.160327904118331,0.0,-0.3696458955643963,0.1906064936746833,0.0,-0.0045073001444088,1.20595227248294,0.0,-0.4071999555326547,0.1128023719953989,0.0,-0.0204936226835242,1.4271364031545966,0.0,-0.4837716587742452,0.2166363213728563,0.0,0.5314131677150726,0.5394918918609619,-0.0002704267390072,0.2155582013695004
702,1,0.3040992745523964,0.0111237681588086,0.0,-0.3040992745523964,-0.0111237681588086,0.0,0.2055187412771671,0.6886792571192134,0.0,-0.4150222771981579,0.6309894189794502,0.0,0.0360271138839895,1.1728219421279438,0.0,-0.3717716991305752,0.1947493180593944,0.0,-0.0060857680518389,1.2189125778185457,0.0,-0.4107967678029281,0.1196290271010468,0.0,-0.0205200088763794,1.441933923599123,0.0,-0.5385856973313091,0.178475244127669,0.0,0.5316208451986313,0.5388374924659729,-0.0002624723128974,0.2137538696810224
703,1,0.3035468335570229,0.0109156020217032,0.0,-0.3035468335570229,-0.0109156020217032,0.0,0.2054376600596293,0.6893105288123993,0.0,-0.4120382707494779,0.630547735532772,0.0,0.0342706099518603,1.1731208403789983,0.0,-0.3723435765775306,0.1962099874598868,0.0,-0.0072595594330386,1.22018056344931,0.0,-0.4132967987287244,0.1204037744254423,0.0,-0.0197690461090737,1.441165147191014,0.0,-0.5550033152662899,0.1704445076412161,0.0,0.5317524373531342,0.5387749075889587,-0.0002619687002152,0.2139041662698922
704,1,0.3028608056358493,0.0107024356910434,0.0,-0.3028608056358493,-0.0107024356910434,0.0,0.2060916764885426,0.6874588597786119,0.0,-0.4077255093540217,0.6290348938766069,0.0,0.033766629035481,1.1697278892425689,0.0,-0.3709130748952026,0.226507204493454,0.0,-0.0082275842402707,1.2163300107892452,0.0,-0.4124445251846768,0.1250846129757333,0.0,-0.0177008925517951,1.4362865913298863,0.0,-0.5521667258482097,0.2083077862095929,0.0,0.5317637473344803,0.5386915802955627,-0.0002592587843537,0.2145835798030278
705,1,0.3026994974030939,0.0106362313139987,0.0,-0.3026994974030939,-0.0106362313139987,0.0,0.2064874329631342,0.6869399645673104,0.0,-0.40229775432669,0.6290648628126743,0.0,0.0331772321075988,1.1692737527769832,0.0,-0.3723127242134319,0.2376999127376433,0.0,-0.0091367091239321,1.2164872205274302,0.0,-0.4177083032713437,0.1511142185672266,0.0,-0.0161692287437565,1.4349570191658845,0.0,-0.560916593876242,0.2134446467937328,0.0,0.5317225009202957,0.5386384427547455,-0.0002592855598777,0.2146947805946007
706,1,0.3016115292968396,0.0105606605176015,0.0,-0.3016115292968396,-0.0105606605176015,0.0,0.205469763604967,0.6845984906170693,0.0,-0.3971334547904127,0.6270074377627055,0.0,0.0319302772805322,1.1652553083836048,0.0,-0.3799097542121354,0.2081877372841427,0.0,-0.0095474202916377,1.2124010648635006,0.0,-0.4264713586818955,0.12727625170688,0.0,-0.0156514837307271,1.4290845274989394,0.0,-0.5670793618888662,0.1871530085194452,0.0,0.5316967070102692,0.5386252403259277,-0.0002611919771879,0.2154494125834974
707,1,0.3011749422938553,0.0105302520071025,0.0,-0.3011749422938553,-0.0105302520071025,0.0,0.2052065944648455,0.6838734496707068,0.0,-0.392468195155589,0.6265798204707725,0.0,0.0316819602102755,1.1631578835823349,0.0,-0.3792281914387123,0.2237412050245539,0.0,-0.0095702260815927,1.210130871613703,0.0,-0.427865362491187,0.1222508957771855,0.0,-0.0136547376783681,1.426567180340332,0.0,-0.5537065688169783,0.2092761239957572,0.0,0.5316973775625229,0.5386223196983337,-0.0002612369135022,0.2158281780676013
708,1,0.3031866873498049,0.0106197374885756,0.0,-0.3031866873498049,-0.0106197374885756,0.0,0.2066589850878394,0.6879802630851383,0.0,-0.3927239416066663,0.6317931350818137,0.0,0.0313630520363415,1.1690216646222698,0.0,-0.3830431489844579,0.2336193517507808,0.0,-0.0095780021368377,1.2138013422491276,0.0,-0.4357231684869219,0.127078090913967,0.0,-0.0169586230864115,1.435673666671771,0.0,-0.5637727302626271,0.212579202745261,0.0,0.5316769033670425,0.5387013256549835,-0.0002607409842312,0.2144052275483976
709,1,0.3028608880184019,0.010022176033518,0.0,-0.3028608880184019,-0.010022176033518,0.0,0.2064764560965981,0.686188005019285,0.0,-0.3865162311511069,0.63328560804848,0.0,0.0306200664056407,1.1666423052402892,0.0,-0.3761910642671951,0.2377315390896527,0.0,-0.0104716610846179,1.211550244862742,0.0,-0.4316431132679293,0.1432842481205724,0.0,-0.0171455173216256,1.4327055032238405,0.0,-0.5407599681284924,0.2164454941199027,0.0,0.5316961854696274,0.5390133857727051,-0.0002608383074402,0.214524184618458
710,1,0.2944674864341282,0.0106593385951152,0.0,-0.2944674864341282,-0.0106593385951152,0.0,0.2040216519203599,0.6698671087846526,0.0,-0.3624289143381615,0.61781025890616,0.0,0.0314945122697105,1.1377510990003796,0.0,-0.3709974599373955,0.4893367778701483,0.0,-0.0082537660785271,1.180483199437526,0.0,-0.4525231839711057,0.4226350110062876,0.0,-0.0151865169369077,1.3997130865885898,0.0,-0.4433510055436769,0.6199153045323449,0.0,0.5312452912330627,0.5392560958862305,-0.0002690439578145,0.219555533542523
711,1,0.2698552281182422,0.0100993653943852,0.0,-0.2698552281182422,-0.0100993653943852,0.0,0.1884325514528446,0.6073513963791637,0.0,-0.3270850485874473,0.5652986531708016,0.0,0.0303038393536955,1.0447792314401927,0.0,-0.3241249435802713,0.6212768370169126,0.0,-0.0062237240922316,1.0835066789059622,0.0,-0.3281143246294213,0.6182906380392401,0.0,-0.0123469427000152,1.2874431689342891,0.0,-0.3302706354640806,0.859899080669333,0.0,0.5308617055416107,0.5392870604991913,-0.0002829256700351,0.2387020932625454
712,1,0.264628383169038,0.0107453126881063,0.0,-0.264628383169038,-0.0107453126881063,0.0,0.1898034745215105,0.5986974010183913,0.0,-0.3206968864099759,0.5550583950483945,0.0,0.0364310741461751,1.033246438222879,0.0,-0.3076773621926449,0.7138082718454768,0.0,-0.0015827775636658,1.071865642254341,0.0,-0.2845554494964913,0.7160064744572254,0.0,-0.0089629344712315,1.2743956667836267,0.0,-0.3170124931760367,0.9704141300604764,0.0,0.530066505074501,0.5394238829612732,-0.000284363515675,0.241135236194568
713,1,0.2595800095652766,0.0111067320218673,0.0,-0.2595800095652766,-0.0111067320218673,0.0,0.1892481792214848,0.5892334853604233,0.0,-0.3188999226422155,0.5438111242151653,0.0,0.0389775170714298,1.0140225995248908,0.0,-0.2966091931040344,0.7751074536280651,0.0,0.0004071672191566,1.0471380542171966,0.0,-0.2596320479976561,0.7829488044855857,0.0,-0.0085246751908971,1.25562278228866,0.0,-0.3186545986038551,1.0158362668566745,0.0,0.529602974653244,0.5395240783691406,-0.0002905649598687,0.2445421792636663
714,1,0.2493853286002578,0.0111495757174381,0.0,-0.2493853286002578,-0.0111495757174381,0.0,0.1854132230006801,0.5696919103728822,0.0,-0.3083510907630047,0.5307457443642879,0.0,0.0430868137504437,0.9777878412628924,0.0,-0.2842724406317709,0.8054247863124484,0.0,0.0028028401478344,0.9961386562714348,0.0,-0.2474724736207315,0.819973473374877,0.0,-0.0061988858311429,1.213265324002332,0.0,-0.3132476599296055,1.0356713069418158,0.0,0.5290099680423737,0.5396310687065125,-0.0003068633377552,0.2527546945641077
715,1,0.2513969371821423,0.0115699422782683,0.0,-0.2513969371821423,-0.0115699422782683,0.0,0.1909357303407865,0.5757366497626413,0.0,-0.3099704499494115,0.5394327621836602,0.0,0.0497528560093414,0.9908356628391864,0.0,-0.2829223488124824,0.8710349380413365,0.0,0.0061012008450027,1.0088307471299625,0.0,-0.2401855479805847,0.897044203671917,0.0,-0.0021336837224134,1.2302503635499835,0.0,-0.3196540132865855,1.1112580868697457,0.0,0.5282083302736282,0.5395632684230804,-0.0003157826140522,0.2492717833036671
716,1,0.2518134136290029,0.0114548879934823,0.0,-0.2518134136290029,-0.0114548879934823,0.0,0.1937530241367333,0.5713206370806329,0.0,-0.309664232548592,0.5468176457228456,0.0,0.0529421970889633,0.9878319711407386,0.0,-0.2810279107244833,0.9125158999578076,0.0,0.0080299060628205,1.0074123293781838,0.0,-0.2430219879823684,0.9451564567754666,0.0,0.0004496785716655,1.2265577623831598,0.0,-0.3207857236995931,1.1547888228361098,0.0,0.5275567471981049,0.5409325063228607,-0.0003306646831333,0.24886158162107
717,1,0.2395021518823574,0.011633119496675,0.0,-0.2395021518823574,-0.011633119496675,0.0,0.1881385553822568,0.5451801388759396,0.0,-0.2964152964013987,0.523186461560819,0.0,0.0537828690136281,0.9438228239085852,0.0,-0.2712480984205839,0.9006967163541648,0.0,0.0074631320796181,0.9643821558018624,0.0,-0.229743484432103,0.933610110838894,0.0,0.005817873669984,1.1713120186843489,0.0,-0.3052296540769569,1.1342276656230847,0.0,0.5267640799283981,0.5406436324119568,-0.0003447197377681,0.2608425763818255
718,1,0.2453738430451205,0.0119583513101385,0.0,-0.2453738430451205,-0.0119583513101385,0.0,0.1946352691180221,0.5602270158895596,0.0,-0.3040795650993447,0.5452368525100075,0.0,0.0563355306977247,0.973086556722738,0.0,-0.2799032376756321,0.958556018447279,0.0,0.0058176143793328,0.9975962179808796,0.0,-0.2372596289692133,0.9929433940849528,0.0,0.0076969599275287,1.2031249307048948,0.0,-0.3137359176437597,1.1878889923079856,0.0,0.5263264775276184,0.5406371653079987,-0.0003368444740772,0.2539154050354749
719,1,0.2490893329151399,0.0122149623823167,0.0,-0.2490893329151399,-0.0122149623823167,0.0,0.200406801017615,0.5710051918369404,0.0,-0.3070328875103946,0.562099162861519,0.0,0.058925731773772,0.9936052042940404,0.0,-0.2842604763492152,0.9995302896867796,0.0,0.0022780058282764,1.022784230535237,0.0,-0.2392621842476029,1.034216916276708,0.0,0.0108246200892234,1.2242811048374764,0.0,-0.3177433982072234,1.226291580896568,0.0,0.5255879461765289,0.5407766997814178,-0.0003293463960289,0.2494204664749744
720,1,0.2335371511634569,0.0112758166558021,0.0,-0.2335371511634569,-0.0112758166558021,0.0,0.1890125110886096,0.5351575653265993,0.0,-0.2854371491282814,0.5283430042134353,0.0,0.057843255147607,0.9333347148305704,0.0,-0.2663951773885021,0.9280400576392072,0.0,0.0012878926178161,0.9614337619691986,0.0,-0.2258020580085294,0.9616295530454464,0.0,0.0125435246265825,1.1497989065725969,0.0,-0.296086568904404,1.1540610069311477,0.0,0.524750679731369,0.5405556559562683,-0.0003323862329125,0.2657672447902281
721,1,0.2359810615958409,0.0115709679410263,0.0,-0.2359810615958409,-0.0115709679410263,0.0,0.1913957912970877,0.5419259617700063,0.0,-0.2878619812218084,0.5365030564346647,0.0,0.0580707240471981,0.951288003775234,0.0,-0.2696819114681946,0.9521333182499456,0.0,0.0009585811474545,0.9847147129926928,0.0,-0.2278953359399994,0.9892087063291466,0.0,0.0143259847135984,1.1664393299482452,0.0,-0.2987337595158053,1.168582342230133,0.0,0.5242044776678085,0.5405398309230804,-0.0003300560638308,0.261669288032729
722,1,0.2384672722589845,0.0117104092267099,0.0,-0.2384672722589845,-0.0117104092267099,0.0,0.1947105806676828,0.5463488007342782,0.0,-0.288294032561523,0.5415947961606686,0.0,0.0605375144574405,0.9591284061818984,0.0,-0.2696745450694844,0.950235640075714,0.0,0.0023779786807272,0.9930267355126212,0.0,-0.2277156818641481,0.9850216837867792,0.0,0.0169717365954516,1.1735231457616773,0.0,-0.2991217816823126,1.1787315755537953,0.0,0.5235023647546768,0.5405512154102325,-0.0003274548798799,0.2594442001978775
723,1,0.2402286567632071,0.0118327055837354,0.0,-0.2402286567632071,-0.0118327055837354,0.0,0.1962651880136878,0.5519748228037316,0.0,-0.2897218596539661,0.5462724869190039,0.0,0.0612667935341979,0.968966058784251,0.0,-0.2725607115065172,0.9653731198102212,0.0,0.00149291253332,1.0035898297061796,0.0,-0.230858533829358,1.0038857514621062,0.0,0.0195763000233204,1.1837140939529958,0.0,-0.3006224926859031,1.18691948879788,0.0,0.5232333838939667,0.5397838950157166,-0.0003236513584852,0.2576165460664408
724,1,0.2434193200877971,0.0115949519915269,0.0,-0.2434193200877971,-0.0115949519915269,0.0,0.19837845356376,0.5623863043183933,0.0,-0.292761301913815,0.5574221555138487,0.0,0.0621865734833655,0.9857333712659464,0.0,-0.2759443612578761,0.9873173951712774,0.0,0.0016858489975163,1.022149301360868,0.0,-0.2341142622670844,1.023417082278745,0.0,0.019962867843126,1.2024808373792906,0.0,-0.3035374397157679,1.2070952696603292,0.0,0.5231286883354187,0.5385445356369019,-0.0003216229379177,0.2546329192619089
725,1,0.2436320425353506,0.0115896770887225,0.0,-0.2436320425353506,-0.0115896770887225,0.0,0.1983745411299139,0.560604000300502,0.0,-0.2901654009096126,0.5553600574832426,0.0,0.0647703157350968,0.9815227046856326,0.0,-0.273181913985669,0.98598411254327,0.0,0.0047400412720769,1.0185330778670731,0.0,-0.232251150543414,1.0243107904222524,0.0,0.0235926574863402,1.1992011581474709,0.0,-0.2999815736851549,1.2035529129139628,0.0,0.5224590450525284,0.5385206639766693,-0.0003199409693479,0.2549365285348234
726,1,0.2422755619714487,0.0117459216513377,0.0,-0.2422755619714487,-0.0117459216513377,0.0,0.1964674655643711,0.5564758908100591,0.0,-0.285723426053503,0.5495581285475634,0.0,0.0663148922191321,0.9748054270273496,0.0,-0.2681802084145293,0.9718354660841894,0.0,0.0051584387278633,1.0118138884517731,0.0,-0.2286813061554612,1.0086963114442296,0.0,0.025669644453791,1.1906219699617244,0.0,-0.2945167943164425,1.1949703771413205,0.0,0.5216768383979797,0.5383098125457764,-0.0003184052184224,0.25680507223583
727,1,0.2427075640092312,0.012225776335653,0.0,-0.2427075640092312,-0.012225776335653,0.0,0.1988454395538308,0.5587368239808308,0.0,-0.2850961799340376,0.5512349871743721,0.0,0.0685819742494813,0.9790777573452304,0.0,-0.2668980991627868,0.9720194523136908,0.0,0.0071346535290341,1.016353994016747,0.0,-0.2281045598568501,1.0080752777620974,0.0,0.0279922943182744,1.195266419093101,0.0,-0.2926960875793833,1.198134466998986,0.0,0.5210896879434586,0.5380241870880127,-0.0003211768344044,0.2558717324661192
728,1,0.2406150327453359,0.0117554533419806,0.0,-0.2406150327453359,-0.0117554533419806,0.0,0.1969117317642715,0.5554725338039438,0.0,-0.2816806988984368,0.5488195590891095,0.0,0.0678995928159752,0.972273390043972,0.0,-0.2647864750343017,0.9731397723528284,0.0,0.0067667047297642,1.010001473228443,0.0,-0.226929058631633,1.012819065000762,0.0,0.027654886313329,1.1844200894789494,0.0,-0.2896998207438319,1.1891403474156756,0.0,0.5210537314414978,0.5375595390796661,-0.0003206469118595,0.2578517662866587
729,1,0.2360131160885672,0.0114032438419271,0.0,-0.2360131160885672,-0.0114032438419271,0.0,0.1941280069527568,0.5428785137928368,0.0,-0.2739943265141714,0.5380438348796127,0.0,0.0707432499458902,0.9532951863411206,0.0,-0.2587507951849441,0.951777329913912,0.0,0.0138196794090485,0.9896918784895792,0.0,-0.2220681349988744,0.9879024032704244,0.0,0.0287871854850622,1.1607640372452432,0.0,-0.2815248558333205,1.162833040289388,0.0,0.5206437408924103,0.536784827709198,-0.0003185514360666,0.2637696107349246
730,1,0.2282737919215793,0.0109943340638871,0.0,-0.2282737919215793,-0.0109943340638871,0.0,0.188004773944979,0.5216019754679355,0.0,-0.2631483359341802,0.520786989289552,0.0,0.0673986246015338,0.918463736107898,0.0,-0.2506031671199036,0.9214543506251418,0.0,0.0098505005253015,0.9536189781497488,0.0,-0.2154613697266499,0.9577621160394276,0.0,0.0271709243255006,1.1208857095517142,0.0,-0.2719250681221227,1.123030076349934,0.0,0.5205206125974655,0.5365701615810394,-0.0003179535269737,0.2726501646486934
731,1,0.2308436395604763,0.0107242574882166,0.0,-0.2308436395604763,-0.0107242574882166,0.0,0.1907319757323061,0.5278200157587402,0.0,-0.2653086146612153,0.5286544297798768,0.0,0.0674820713602636,0.936579248705374,0.0,-0.2545652019678957,0.9397479403795892,0.0,0.007265635729826,0.9736389236696102,0.0,-0.2246910541156125,0.9804187590388024,0.0,0.0295764671070834,1.1375142499720088,0.0,-0.2742557563002757,1.138430378105088,0.0,0.5204395800828934,0.5359165072441101,-0.0003192909061908,0.2691593091973247
732,1,0.2349158626840962,0.0104773242913178,0.0,-0.2349158626840962,-0.0104773242913178,0.0,0.1934083910361116,0.5362717604645608,0.0,-0.2683762318386664,0.5379006975587552,0.0,0.0686182426571959,0.9509953585170756,0.0,-0.2588214385372607,0.957548742822842,0.0,0.0075858369984584,0.9871211176845176,0.0,-0.2279396939305284,0.9965400159848442,0.0,0.0219807910596889,1.1564629660274637,0.0,-0.2788340620709572,1.159459867726218,0.0,0.5204422324895859,0.5361743867397308,-0.0003184638917446,0.2644806690031115
733,1,0.2328495194500487,0.0105242802651563,0.0,-0.2328495194500487,-0.0105242802651563,0.0,0.1909834951460333,0.531570434168637,0.0,-0.2669126231696454,0.5315887432836535,0.0,0.0673299842178682,0.9459695656115484,0.0,-0.2570738183081536,0.9503568314768924,0.0,0.0074154148635523,0.9840659217591892,0.0,-0.2265270694402222,0.9889866080608052,0.0,0.0190577791951095,1.147864623461714,0.0,-0.276738812604327,1.1526946573158097,0.0,0.5206062197685242,0.5356095731258392,-0.00031369458884,0.2669479582814879
734,1,0.2222383648275718,0.0100576104537327,0.0,-0.2222383648275718,-0.0100576104537327,0.0,0.1823482990302425,0.5073147888395537,0.0,-0.2547729411174148,0.5059903701962365,0.0,0.0639424163135294,0.9017065835364748,0.0,-0.2448398012925358,0.9067380529463216,0.0,0.006122825326021,0.9366376457010294,0.0,-0.2142366510963105,0.94306408131952,0.0,0.0182403820603558,1.094588529235424,0.0,-0.2657893377422068,1.1000884685805803,0.0,0.5206175148487091,0.5353845953941345,-0.000313757918775,0.2796572401809429
735,1,0.2256119922946047,0.0101767561388999,0.0,-0.2256119922946047,-0.0101767561388999,0.0,0.1841122688546264,0.5131168227901548,0.0,-0.2592296313457538,0.5112046504335155,0.0,0.0621056744970922,0.9148084884738203,0.0,-0.2489074496948958,0.9205010749203344,0.0,0.0007153333776449,0.9497947936713668,0.0,-0.2174452244816969,0.9572368144016145,0.0,0.0175119800088034,1.1106815045905272,0.0,-0.2720217744262748,1.1163141462947606,0.0,0.5208878815174103,0.5353899002075195,-0.0003122268244624,0.2754284358346152
736,1,0.2241692069424537,0.0101231642145168,0.0,-0.2241692069424537,-0.0101231642145168,0.0,0.1817391147588583,0.5091023927771867,0.0,-0.2598723564772163,0.5081313050311732,0.0,0.060029737874645,0.911423808942275,0.0,-0.2507787779725565,0.9162605024684592,0.0,-0.0019643142241999,0.9462590770834404,0.0,-0.218735791092643,0.9528410137298176,0.0,0.0176209764402965,1.104717241139737,0.0,-0.2726917058503177,1.1080612131428722,0.0,0.5213790982961655,0.5352167189121246,-0.000315595883876,0.2766363133563189
737,1,0.2233367293193687,0.0100961236417171,0.0,-0.2233367293193687,-0.0100961236417171,0.0,0.1804795519359472,0.5084452694525013,0.0,-0.2636327521442175,0.5082079798350495,0.0,0.0567604954777149,0.911383514466674,0.0,-0.2541137961642042,0.9138230069098504,0.0,-0.0055255506014803,0.9442187077437132,0.0,-0.2224811073563499,0.9483349606081204,0.0,0.0149078656936966,1.1049353320310706,0.0,-0.2757531652790466,1.1051760699990032,0.0,0.5222793817520142,0.5352038741111755,-0.0003241021186113,0.2765595671754546
738,1,0.2078445606750025,0.009639530016124,0.0,-0.2078445606750025,-0.009639530016124,0.0,0.1699796620076766,0.4768695411942785,0.0,-0.2493027712440462,0.4720442279940097,0.0,0.0519615436736383,0.8483779036213063,0.0,-0.2391933597861266,0.8131345762097522,0.0,-0.0062718782228855,0.8781307400251207,0.0,-0.2096340039759927,0.8414705052002,0.0,0.0164077192509534,1.0355843998020875,0.0,-0.2592105311343083,1.0015598589040102,0.0,0.5226650834083557,0.5351988077163696,-0.0003373399376869,0.2954345614319145
739,1,0.1770847543111017,0.0084081595560797,0.0,-0.1770847543111017,-0.0084081595560797,0.0,0.1456037024880492,0.4082627434547504,0.0,-0.2189032180469892,0.3979546541079098,0.0,0.0474243346541465,0.7247882868245883,0.0,-0.1974331489829802,0.6500866351540646,0.0,0.0021809952101021,0.7499456685624049,0.0,-0.1650467198134272,0.6691899419281122,0.0,0.0154494563226103,0.8853891881762034,0.0,-0.2230633139760374,0.8177242624016288,0.0,0.522883266210556,0.53524249792099,-0.0003334823995828,0.3455628546873891
740,1,0.1606922440056883,0.0080106232979294,0.0,-0.1606922440056883,-0.0080106232979294,0.0,0.1323234753798848,0.3718777755301909,0.0,-0.2012571289727699,0.3457902068557407,0.0,0.0455624488118384,0.6508208418852807,0.0,-0.1744340156243785,0.5277917626363322,0.0,0.0096428409162466,0.6732428404172353,0.0,-0.144248535550412,0.5298220572517286,0.0,0.016925681924066,0.8059341273380495,0.0,-0.2011090948245554,0.6666888794103708,0.0,0.5230152904987335,0.5349385738372803,-0.0003332486376166,0.380093278115861
741,1,0.1732420032131439,0.0084232637232483,0.0,-0.1732420032131439,-0.0084232637232483,0.0,0.1412332283989878,0.4018314859273624,0.0,-0.2191361368065782,0.3751401440765753,0.0,0.0475177707809686,0.699971081043191,0.0,-0.1854602753590241,0.5074039839434874,0.0,0.0117184764732855,0.723010128538169,0.0,-0.1523279978170306,0.4955745546942149,0.0,0.017877287205093,0.8714783248992624,0.0,-0.1904632291947293,0.6426298394453736,0.0,0.5236143469810486,0.5350626111030579,-0.0003452892415225,0.3518708025157363
742,1,0.1756072080285008,0.0093942819148421,0.0,-0.1756072080285008,-0.0093942819148421,0.0,0.141069207371022,0.4087624958934108,0.0,-0.225761217912889,0.3681865957832569,0.0,0.0477633032440724,0.7123527031165294,0.0,-0.1884263034208934,0.4119153025243688,0.0,0.0157398204241272,0.7350331628876098,0.0,-0.15594853138841,0.3914680807835504,0.0,0.0072586675539538,0.8897107834984752,0.0,-0.1885357758733572,0.5403727682070768,0.0,0.523675262928009,0.5343941152095795,-0.0003420583088882,0.3471006649537728
743,1,0.1861640206773775,0.0102106566094453,0.0,-0.1861640206773775,-0.0102106566094453,0.0,0.1469571380608284,0.4373134529323348,0.0,-0.2435057976093466,0.3968563712768113,0.0,0.0486949158079734,0.7660100393145667,0.0,-0.2459783447186053,0.312260055059478,0.0,0.015293776952206,0.7938351593931262,0.0,-0.2225023445350918,0.2822132286223451,0.0,0.0044025919346061,0.9502838802786434,0.0,-0.2067084788656722,0.3758738519371928,0.0,0.5242799073457718,0.533083587884903,-0.0003376994282007,0.3274396216567315
744,1,0.2059394736965052,0.0117892117225531,0.0,-0.2059394736965052,-0.0117892117225531,0.0,0.1608176214188352,0.4899391323647687,0.0,-0.2796121917800138,0.4375968504972314,0.0,0.0523440417215459,0.8575527232853585,0.0,-0.2711476962506445,0.1604962720768516,0.0,0.0160530362963076,0.8870378201620865,0.0,-0.2579789601114647,0.1423349809596975,0.0,0.0041224328745434,1.0556799033481086,0.0,-0.2815686466222265,0.1974192159358326,0.0,0.5244737416505814,0.5327634215354919,-0.0003330240724608,0.296354492596869
745,1,0.212472571434261,0.0121083605955451,0.0,-0.212472571434261,-0.0121083605955451,0.0,0.1640716119455079,0.5061146176597215,0.0,-0.2906967581401977,0.4508388710193324,0.0,0.0527380464535469,0.8865097825386298,0.0,-0.2774664963369438,0.1547672285039458,0.0,0.0152519598486436,0.9176997740486904,0.0,-0.2683742861897119,0.1348672148827284,0.0,0.0025157690613434,1.089407865962096,0.0,-0.3026622560738852,0.1948430499943983,0.0,0.5247012674808502,0.5321642458438873,-0.0003246655687689,0.2880879208202613
746,1,0.2162561717975281,0.0123311384812598,0.0,-0.2162561717975281,-0.0123311384812598,0.0,0.1629401365553845,0.5167753690194905,0.0,-0.2972891417945396,0.4594996663255836,0.0,0.053075903765175,0.9046683450982814,0.0,-0.2871520012386249,0.1955977540632964,0.0,0.0151523014639124,0.936534882401633,0.0,-0.273162644034416,0.1521282154880759,0.0,-0.0006642461188968,1.1114696362699614,0.0,-0.3083656341294097,0.2165171613716407,0.0,0.5247362107038498,0.5320479273796082,-0.0003297936636954,0.28290499329934
747,1,0.224436989941006,0.0121661840372661,0.0,-0.224436989941006,-0.0121661840372661,0.0,0.1666005638008242,0.5372330855714973,0.0,-0.3090746733450206,0.4762421559215721,0.0,0.054383216439179,0.9403378011005824,0.0,-0.2965298876807796,0.177234526068875,0.0,0.0140632361271634,0.9752638011890218,0.0,-0.2811648259246038,0.127127956010153,0.0,0.0022345583901567,1.1542527479611884,0.0,-0.3189220317131469,0.1774566157068696,0.0,0.5247223079204559,0.5317806005477905,-0.0003230653237551,0.2726751218050268
748,1,0.2202710365061421,0.0112768006880026,0.0,-0.2202710365061421,-0.0112768006880026,0.0,0.1608819222278864,0.5264526626103808,0.0,-0.3048360429305944,0.4661490515224203,0.0,0.0510133101840466,0.9205151469530548,0.0,-0.2897329636712071,0.1583593675646853,0.0,0.0103752247229936,0.9544162399194476,0.0,-0.2886109858594874,0.101888869213899,0.0,0.0021744393432994,1.1298082707406436,0.0,-0.3490362237417325,0.174356014001047,0.0,0.5250329673290253,0.5313183069229126,-0.0003349890466779,0.279090190605082
749,1,0.2172119931995647,0.0114533683565335,0.0,-0.2172119931995647,-0.0114533683565335,0.0,0.1584884339930608,0.5197446682231486,0.0,-0.3011857773520468,0.4602015146236456,0.0,0.0469220948757598,0.909959623560034,0.0,-0.2861303632369705,0.1554659164384063,0.0,0.008166146240728,0.942881753215299,0.0,-0.2942415469554547,0.1015834814612587,0.0,1.7373211054065034e-05,1.1146817521023609,0.0,-0.3714838962237099,0.1688464477156826,0.0,0.5249201953411102,0.5311330854892731,-0.0003357804380357,0.283044002554677
750,1,0.2191848139200574,0.0115655555392321,0.0,-0.2191848139200574,-0.0115655555392321,0.0,0.1597290158255327,0.5248470785134636,0.0,-0.3047754515496701,0.4648373411111785,0.0,0.0470308501449798,0.9184624064718808,0.0,-0.2925333078229471,0.1675160505916461,0.0,0.0069644157634148,0.9523830053947834,0.0,-0.3063262052794342,0.1089349494470192,0.0,0.0033593464389271,1.1250815557034304,0.0,-0.4030231559792015,0.1992085636266194,0.0,0.5249893665313721,0.5311412811279297,-0.0003519956953823,0.2804092472019992
751,1,0.214167685758558,0.0111923850517578,0.0,-0.214167685758558,-0.0111923850517578,0.0,0.155936688327527,0.5114232819533638,0.0,-0.2959441236091892,0.4529649943480756,0.0,0.043303642785353,0.8966205102245793,0.0,-0.2825923784000862,0.1848288299410174,0.0,0.0046295365229299,0.9302037719920028,0.0,-0.2952312025161636,0.1343728953015198,0.0,0.0029710220637775,1.0961092458994892,0.0,-0.3806903415007877,0.219811851415479,0.0,0.5248459875583649,0.5311342775821686,-0.0003519314341247,0.2879398556371184
752,1,0.2082708947921904,0.0106238980621104,0.0,-0.2082708947921904,-0.0106238980621104,0.0,0.15157267365179,0.4970734967251368,0.0,-0.287005186738278,0.4407582438560743,0.0,0.0416756718703555,0.8724896659513189,0.0,-0.2747183048032299,0.160872433257077,0.0,0.0042629117969951,0.9060270608112516,0.0,-0.2903604355579733,0.1101960510989374,0.0,0.0007300647116898,1.0667704963479252,0.0,-0.3819526406897244,0.1878067950372062,0.0,0.5248302966356277,0.5310662984848022,-0.0003496287390589,0.2961802517250971
753,1,0.2098064904405592,0.0106732585567188,0.0,-0.2098064904405592,-0.0106732585567188,0.0,0.1524341543014254,0.5009450834070697,0.0,-0.2877567588449992,0.4446156964409738,0.0,0.0412221759968793,0.8787889326753532,0.0,-0.2762603059973406,0.156602252951532,0.0,0.0030225161457797,0.9126970400617604,0.0,-0.2923957246295234,0.105497338207787,0.0,0.0004085576588571,1.075483635107934,0.0,-0.3816152949154328,0.1802727615290407,0.0,0.5248421281576157,0.531074047088623,-0.0003539305180311,0.2941515412158536
754,1,0.2105306205911336,0.0104917124999335,0.0,-0.2105306205911336,-0.0104917124999335,0.0,0.1533985473065453,0.5023466997315662,0.0,-0.2837523109995928,0.4485606617287772,0.0,0.0404248720221461,0.8818243488898052,0.0,-0.2769744394462076,0.1517870339296515,0.0,0.001745094538718,0.9161213630181584,0.0,-0.294668453751137,0.101368583116049,0.0,0.0005597396324234,1.0789500897258786,0.0,-0.4021176228886438,0.1306389198261655,0.0,0.5248516798019409,0.531141996383667,-0.0003541363403201,0.2931569922183049
755,1,0.2139170967238483,0.0104281664665015,0.0,-0.2139170967238483,-0.0104281664665015,0.0,0.1562628727164008,0.5100734496151275,0.0,-0.2858045374563304,0.4618791080853963,0.0,0.0408622662168712,0.8956343808541859,0.0,-0.3151836705176811,0.1734112730764723,0.0,0.0014891034069955,0.9301485598833776,0.0,-0.2995060865110397,0.1101529453430655,0.0,-0.0009714868060763,1.0945954573120753,0.0,-0.4023334654925143,0.1790277748048488,0.0,0.5248394310474396,0.5312556028366089,-0.0003552231937646,0.2884560404307393
756,1,0.2063089725006251,0.0102779019925052,0.0,-0.2063089725006251,-0.0102779019925052,0.0,0.1518482032753567,0.4910528827580519,0.0,-0.273815024008167,0.4512482232912643,0.0,0.0378321353369077,0.8623135070962865,0.0,-0.3453958027078882,0.232627869594029,0.0,-0.0007651754211316,0.8950176972142322,0.0,-0.3072195998809318,0.108525728867253,0.0,-0.0002835108150018,1.0551871147195375,0.0,-0.4028513385537343,0.2693694369812223,0.0,0.5248272567987442,0.531364917755127,-0.0003563845530152,0.2992207217069828
757,1,0.1785432856608244,0.0098308176878161,0.0,-0.1785432856608244,-0.0098308176878161,0.0,0.1333666184388648,0.4245740030606488,0.0,-0.2355044166262256,0.3798179371015855,0.0,0.0339786787143228,0.7470720151681589,0.0,-0.2634897440596833,0.3862074008042984,0.0,0.0007119967998349,0.7751413414935676,0.0,-0.2293550735950344,0.365510732642396,0.0,-0.0018676100388437,0.9173102896392854,0.0,-0.281379167518858,0.5217892407956538,0.0,0.5244280248880386,0.5317228734493256,-0.0003491397947072,0.3437956111433241
758,1,0.1773330576737768,0.0108078927224726,0.0,-0.1773330576737768,-0.0108078927224726,0.0,0.133041603934863,0.4200752234606461,0.0,-0.2340059331866162,0.3731019922152899,0.0,0.0340408489439676,0.740777848830764,0.0,-0.2427178963071729,0.4403991791720421,0.0,-0.0003651256543596,0.7630580979591091,0.0,-0.2127030506763269,0.443881156094757,0.0,-0.0007586379322927,0.9126844675362288,0.0,-0.2472193647305593,0.6128093895812053,0.0,0.5243405252695084,0.5332778692245483,-0.0003474070690572,0.3438330929617443
759,1,0.1783165575625412,0.0109350593957612,0.0,-0.1783165575625412,-0.0109350593957612,0.0,0.1336662300195576,0.4201775952503419,0.0,-0.2357583847258269,0.3729605623825542,0.0,0.035130119022922,0.7376642602092129,0.0,-0.2368309907500404,0.5070118506253692,0.0,0.0006864993102187,0.7606087325095109,0.0,-0.2014379626747512,0.512986849840082,0.0,-0.001188202127996,0.916326208095452,0.0,-0.2413179194859018,0.6789700982345023,0.0,0.5244912207126617,0.5346477627754211,-0.000349307898432,0.3410882480355469
760,1,0.1793277656618137,0.0110391016268886,0.0,-0.1793277656618137,-0.0110391016268886,0.0,0.1364359973393897,0.4214438918703573,0.0,-0.2359552672366884,0.3769451958359003,0.0,0.0397140013538846,0.7319655313059765,0.0,-0.2324408950034726,0.5579276987021118,0.0,0.0062951221269107,0.7524646553262226,0.0,-0.1985811109095853,0.5625711681080032,0.0,0.0037429324515527,0.9150054727136558,0.0,-0.2395978658503476,0.7261148832338885,0.0,0.5243739038705826,0.5351136326789856,-0.0003497097641229,0.3381704991133096
761,1,0.1779945512585982,0.0108754476431101,0.0,-0.1779945512585982,-0.0108754476431101,0.0,0.1351059146638559,0.4187155799366607,0.0,-0.2349037061643559,0.3763601818054797,0.0,0.0389445425143351,0.7280954078509299,0.0,-0.2306892605342002,0.6195111251191662,0.0,0.0034941960815889,0.7466233367977729,0.0,-0.1999191530140091,0.6365171465275513,0.0,0.0030837289243614,0.9074692042823644,0.0,-0.2417195335085453,0.7741207722851783,0.0,0.5245727747678757,0.5355444252490997,-0.000352157279849,0.3393598059853587
762,1,0.179228389158544,0.0105379374666795,0.0,-0.179228389158544,-0.0105379374666795,0.0,0.1375551046242829,0.4199691784694487,0.0,-0.2359721793774388,0.3799353335033837,0.0,0.0399150263706299,0.7327174491585188,0.0,-0.2313206596077698,0.6391633832975294,0.0,0.0039081612089706,0.7520739334807257,0.0,-0.2021409221418919,0.6516245776711467,0.0,0.003324749052944,0.9128756902196452,0.0,-0.2448355768180391,0.8140468055490021,0.0,0.5244808346033096,0.5363279581069946,-0.0003495598211884,0.336226943387315
763,1,0.1986849515875135,0.0113401658046544,0.0,-0.1986849515875135,-0.0113401658046544,0.0,0.1524204732605443,0.4647825931136626,0.0,-0.2615603756237474,0.430835053794825,0.0,0.0432905018509904,0.8136300534112221,0.0,-0.2545006474944478,0.7351422853019743,0.0,0.001748241147355,0.8341464203877419,0.0,-0.2219288893979833,0.7521391616357254,0.0,0.0035027751762304,1.0114147296362397,0.0,-0.2728359410665452,0.9288332454454966,0.0,0.524528980255127,0.5367373824119568,-0.000349192880094,0.3030962249429306
764,1,0.2147470681481411,0.0115255968112531,0.0,-0.2147470681481411,-0.0115255968112531,0.0,0.1647601570354848,0.5004792235054905,0.0,-0.281880581809822,0.4741948594400907,0.0,0.0446585786214661,0.8767385037478485,0.0,-0.2750693254763665,0.8290079455236706,0.0,-0.0066605883374399,0.9007397295032558,0.0,-0.2414906108680645,0.8592089334459885,0.0,0.0046471111956249,1.088914756033111,0.0,-0.2966428566786907,1.0276197202219688,0.0,0.5244972556829453,0.537719190120697,-0.000346147455275,0.280383313654712
765,1,0.222951788467074,0.0120421260037151,0.0,-0.222951788467074,-0.0120421260037151,0.0,0.1712556013605358,0.5226505937146906,0.0,-0.2919134594913538,0.5012846276841005,0.0,0.0431674600671674,0.9134634351354972,0.0,-0.2850526662857272,0.8816227365328954,0.0,-0.0126218189087339,0.9410422795921342,0.0,-0.2508697017068959,0.9144325497513272,0.0,0.0057781225350506,1.1289093283219749,0.0,-0.3087981804163974,1.0829053935332755,0.0,0.5243774503469467,0.5380125641822815,-0.0003455318510532,0.2701880667375896
766,1,0.2221845429336858,0.0120267032014504,0.0,-0.2221845429336858,-0.0120267032014504,0.0,0.1706437589218692,0.5210785859878517,0.0,-0.2904450801624196,0.505750908992821,0.0,0.0408763150508675,0.9096972449518136,0.0,-0.2830103049768988,0.8951020429621244,0.0,-0.0191305786265299,0.9380657029393034,0.0,-0.2500140866127738,0.9267420174650683,0.0,0.0052604873226509,1.123461677738186,0.0,-0.3067213254791937,1.098631170751887,0.0,0.524390771985054,0.5383391976356506,-0.0003429986536502,0.271139185560309
767,1,0.2246041802263941,0.0116262821695411,0.0,-0.2246041802263941,-0.0116262821695411,0.0,0.1732804103915293,0.5250583163871105,0.0,-0.2936645961459521,0.5140797834309505,0.0,0.0397210300677301,0.9189378113201716,0.0,-0.2858602897482157,0.9203054916411044,0.0,-0.0225197515396477,0.94898035987029,0.0,-0.2525594504952317,0.9521230484934144,0.0,0.004924915114733,1.1328884992123098,0.0,-0.3091248473866371,1.127953034436121,0.0,0.5244526565074921,0.5389356911182404,-0.0003421241417527,0.2683707566081636
768,1,0.2202895633322649,0.0113669197820744,0.0,-0.2202895633322649,-0.0113669197820744,0.0,0.1704279396868947,0.5144895540628495,0.0,-0.2880150586805399,0.5051674574283914,0.0,0.0384697444487452,0.9024610864589816,0.0,-0.2801559426322819,0.9180024819190744,0.0,-0.0221269288325632,0.9346038096415156,0.0,-0.2477045710031497,0.9538017865221574,0.0,0.0028712027182557,1.109291652545119,0.0,-0.3017757983914614,1.1184010231888988,0.0,0.5244999378919601,0.5389249324798584,-0.0003420067951083,0.2740301850488362
769,1,0.2195647312195279,0.0111393313122825,0.0,-0.2195647312195279,-0.0111393313122825,0.0,0.1705888504072226,0.5113280537242485,0.0,-0.2867789881794354,0.5044734972416154,0.0,0.038732826252406,0.8963630869942656,0.0,-0.2789891581314074,0.9082389164500644,0.0,-0.0218552222299474,0.9276216324105958,0.0,-0.2469832821235021,0.939174654914243,0.0,-0.0029201030232046,1.1038512634954656,0.0,-0.2987149377219604,1.119325415547429,0.0,0.5244711339473724,0.5392238199710846,-0.0003407103940844,0.2751208427309007
770,1,0.2209146001231579,0.0109478728523396,0.0,-0.2209146001231579,-0.0109478728523396,0.0,0.1717276147868103,0.5132333223457486,0.0,-0.2881061259411226,0.5069121960411965,0.0,0.0390886975532049,0.9017948942136756,0.0,-0.2805886018246394,0.9210306716463464,0.0,-0.021782464066376,0.9336433109871962,0.0,-0.2483327848680042,0.95693196902292,0.0,-0.0048556505790538,1.1101771483244305,0.0,-0.2996690184712854,1.130265613687126,0.0,0.5244366973638535,0.5390272438526154,-0.0003374619409441,0.2737364758213315
771,1,0.2197364185164133,0.0104268281490298,0.0,-0.2197364185164133,-0.0104268281490298,0.0,0.1711079174473034,0.5090577543089555,0.0,-0.2851708749807249,0.5036040076549512,0.0,0.0392898018190612,0.8956318692297601,0.0,-0.2791057664236808,0.914825557767706,0.0,-0.0213957175248782,0.9276009208644922,0.0,-0.2490643564109671,0.9517589200306296,0.0,-0.0074298987493777,1.102951988778059,0.0,-0.297506936759652,1.1182485971016218,0.0,0.524456799030304,0.5393083989620209,-0.0003369990736246,0.2752279973028394
772,1,0.2193504467116496,0.0100059582228654,0.0,-0.2193504467116496,-0.0100059582228654,0.0,0.1707113960471038,0.5080770893156353,0.0,-0.2836796841014887,0.5023733503480541,0.0,0.0395698103542986,0.8953619784650826,0.0,-0.2775029510947165,0.9137378184461736,0.0,-0.0199030458943218,0.9292556447638404,0.0,-0.2483477408052552,0.9492451403435384,0.0,-0.0070285103307663,1.0994011295288677,0.0,-0.2959102665223536,1.122987449424819,0.0,0.5243567824363708,0.5389328598976135,-0.0003363825380802,0.2764783058596431
773,1,0.2314575454842285,0.0103433749464124,0.0,-0.2314575454842285,-0.0103433749464124,0.0,0.1802384023688114,0.5350262200535969,0.0,-0.2990137761155092,0.530370637604142,0.0,0.0421955248818949,0.9437440832143104,0.0,-0.2929503242361143,0.9576487136569178,0.0,-0.0205407296574045,0.9795416236868114,0.0,-0.2624123564194158,0.99209014878761,0.0,-0.0089585433798715,1.158729556368241,0.0,-0.3118397794821358,1.1777973986256682,0.0,0.524369016289711,0.539248913526535,-0.0003367001190781,0.2619587667042732
774,1,0.2292565148088011,0.0100026939606207,0.0,-0.2292565148088011,-0.0100026939606207,0.0,0.1774905466116715,0.5313236893779515,0.0,-0.2954670630344541,0.5263390745686465,0.0,0.0412864073628557,0.9385519410853908,0.0,-0.2891114208707559,0.954532624249367,0.0,-0.0208234114090847,0.9761438514013254,0.0,-0.2583245631102207,0.9909016262280634,0.0,-0.0078679946000394,1.147117441999304,0.0,-0.3079753153807921,1.1692524197926657,0.0,0.5243877917528152,0.5383994579315186,-0.000335082411766,0.2653897114929651
775,1,0.2270807807796974,0.0098356929842288,0.0,-0.2270807807796974,-0.0098356929842288,0.0,0.1757126481620677,0.5251359372263278,0.0,-0.2914903704456368,0.5200510163478641,0.0,0.0417040085482438,0.928245425850805,0.0,-0.2856392711790256,0.9399272047977848,0.0,-0.020029505559789,0.9646282455906364,0.0,-0.2603893430298911,0.9757571420448944,0.0,-0.0073003350097769,1.1337985249061726,0.0,-0.303557458106934,1.1537659948751484,0.0,0.5242554247379303,0.5383819043636322,-0.0003347303718328,0.2685474257008991
776,1,0.2280134625695073,0.0096110237061219,0.0,-0.2280134625695073,-0.0096110237061219,0.0,0.1763812095891818,0.5267065200076966,0.0,-0.2906390661901972,0.5218056637804173,0.0,0.0424662066854271,0.9304902778058534,0.0,-0.2848149567559943,0.9442649315069408,0.0,-0.0193029624865222,0.966637450069139,0.0,-0.2596241739263037,0.9820474984264916,0.0,-0.0060966012138371,1.1351814408932723,0.0,-0.3021767344221404,1.1540787180622534,0.0,0.5240261852741241,0.5378754734992981,-0.000330789014697,0.2685024170637288
777,1,0.2269919121350766,0.0096060558880919,0.0,-0.2269919121350766,-0.0096060558880919,0.0,0.1753059104199127,0.5235259055976307,0.0,-0.2883715233538632,0.5191793599025281,0.0,0.0424079130590191,0.923579242086888,0.0,-0.2834528429353298,0.9377680065750263,0.0,-0.0192402106351405,0.9593342396505138,0.0,-0.2577795393123896,0.975403695547166,0.0,-0.0072399553110015,1.1273333978648523,0.0,-0.3008502873409411,1.1458296235841616,0.0,0.5240909606218338,0.5378152430057526,-0.0003262814134359,0.2699287917485204
778,1,0.2270657289870092,0.0100140772622327,0.0,-0.2270657289870092,-0.0100140772622327,0.0,0.1750865805686871,0.5281436286829815,0.0,-0.2881362962052219,0.5215486398891291,0.0,0.0423411631638498,0.928313469380402,0.0,-0.2833624599969901,0.9389903557054534,0.0,-0.0190408923154477,0.9641846031750112,0.0,-0.2579539333198422,0.9749109215726685,0.0,-0.0066488896140931,1.1317452058591964,0.0,-0.3001595444720935,1.1484020488961704,0.0,0.5241199284791946,0.5364445745944977,-0.0003252066671848,0.2700967150653877
779,1,0.2109087131215231,0.0092908440441123,0.0,-0.2109087131215231,-0.0092908440441123,0.0,0.163769727348628,0.4907980435835762,0.0,-0.2660043936094449,0.484635256168447,0.0,0.0393542772539539,0.8628090058425261,0.0,-0.2637611890376031,0.8761392179875452,0.0,-0.0178602075339839,0.8960986416501366,0.0,-0.240855130082269,0.9096860639202498,0.0,-0.0053451094536563,1.0513206447977268,0.0,-0.2792763540195944,1.0688800559613356,0.0,0.5241675674915314,0.5364636480808258,-0.0003242259845137,0.2905959651512404
780,1,0.2269384898849312,0.0100549256989332,0.0,-0.2269384898849312,-0.0100549256989332,0.0,0.1765113653409429,0.527723991072959,0.0,-0.284982147044189,0.5211897062697615,0.0,0.0437396821034021,0.9285779952553488,0.0,-0.2839210700502442,0.9417985095876774,0.0,-0.0175996760089904,0.9635751218543448,0.0,-0.2602515440607201,0.9776850310773684,0.0,-0.0052884042093513,1.1304384381572352,0.0,-0.2981553578297646,1.1495832530954733,0.0,0.5243019163608551,0.5364412367343903,-0.0003264583647251,0.2702798665632973
781,1,0.2310977720843091,0.010677662165617,0.0,-0.2310977720843091,-0.010677662165617,0.0,0.1793085760584509,0.5378698560323614,0.0,-0.2915174118751311,0.5302412808959555,0.0,0.0417488818139605,0.9452356782000784,0.0,-0.2921834844184932,0.9595873843491722,0.0,-0.0211431003042267,0.9810411608033386,0.0,-0.2677939422573925,0.9966182241529556,0.0,-0.0091821811770029,1.1525521935510146,0.0,-0.3052616211146441,1.1712495358539767,0.0,0.5252985954284668,0.5370237827301025,-0.0003329394385218,0.2645674769732131
782,1,0.2277473409960824,0.0105946647087845,0.0,-0.2277473409960824,-0.0105946647087845,0.0,0.1762406500804995,0.5298250040087691,0.0,-0.2866180434963303,0.5229062974659083,0.0,0.0416309169900849,0.9319282439926408,0.0,-0.2859230658046233,0.944949615892858,0.0,-0.0184383251953183,0.9673529092170652,0.0,-0.2575691300254448,0.981200975002516,0.0,-0.0059535830439588,1.135955629074551,0.0,-0.3026765444755868,1.1536273482690456,0.0,0.5260059386491776,0.5368495881557465,-0.0003330912441015,0.2685725705175642
783,1,0.2458400565076084,0.0116031994930184,0.0,-0.2458400565076084,-0.0116031994930184,0.0,0.1904712836732168,0.5711869426192788,0.0,-0.3101118308826855,0.5639902586155341,0.0,0.0454694884600993,1.0068705309206214,0.0,-0.3120854174460037,1.0221381389164144,0.0,-0.0226587677540119,1.0453310843604493,0.0,-0.2827009597792252,1.0625905372979918,0.0,-0.0077536846668065,1.2257988187088589,0.0,-0.3242826148425893,1.2459906633191784,0.0,0.5269300639629364,0.5373448729515076,-0.0003254916518926,0.248102700905381
784,1,0.2414270339742326,0.0117133749224033,0.0,-0.2414270339742326,-0.0117133749224033,0.0,0.1860994823419036,0.5590920127956949,0.0,-0.3026880013191013,0.5511716771736959,0.0,0.0439558590457615,0.9897845418421606,0.0,-0.3081550365546135,1.0037380045447977,0.0,-0.0235454370169994,1.028986903031213,0.0,-0.2798701272752358,1.0445145324387226,0.0,-0.0033250087534555,1.2032562090727164,0.0,-0.317533326814174,1.222948850685735,0.0,0.5275390446186066,0.5372504591941833,-0.0003212327137589,0.252857474737625
785,1,0.2433809750270044,0.012186263339356,0.0,-0.2433809750270044,-0.012186263339356,0.0,0.1909917806977296,0.5628157025480143,0.0,-0.3048400868296223,0.5548331286196626,0.0,0.0459113954063675,0.9946565164513692,0.0,-0.3094034094988631,1.0113166698507752,0.0,-0.0227866439080174,1.0343840988522766,0.0,-0.2804284333843891,1.052372421639243,0.0,-0.003613101196586,1.2114506752377896,0.0,-0.3174569824533942,1.231037605914045,0.0,0.5276197493076324,0.5375755727291107,-0.0003208592534065,0.25059479577159
786,1,0.2401364157485681,0.0117844706771846,0.0,-0.2401364157485681,-0.0117844706771846,0.0,0.1899027292516485,0.5524069157873975,0.0,-0.3003850051809573,0.5458647777980459,0.0,0.0448827528148476,0.97917299480332,0.0,-0.3024973503171442,0.981439225610089,0.0,-0.0212683505791689,1.018217900879178,0.0,-0.2699714406450619,1.017385978498215,0.0,-0.0020098525807802,1.1922623593674226,0.0,-0.3163868829919081,1.199368118309028,0.0,0.5277518481016159,0.53853639960289,-0.0003220606595277,0.2537016096445887
787,1,0.2360310627161201,0.0116704519952815,0.0,-0.2360310627161201,-0.0116704519952815,0.0,0.1868065260370073,0.5427216176747366,0.0,-0.2967105933355529,0.5340152165932865,0.0,0.0472449580046098,0.9635620582123986,0.0,-0.2968682568478746,0.9370678839754006,0.0,-0.0118155162973078,1.0013178458500431,0.0,-0.2649980342545102,0.9744239645561474,0.0,0.0002596130855385,1.1735922809074952,0.0,-0.3136880870032889,1.150092788691928,0.0,0.5278201103210449,0.538514643907547,-0.0003179926425218,0.257829900769071
788,1,0.2355194935363478,0.0121155875389964,0.0,-0.2355194935363478,-0.0121155875389964,0.0,0.1869326737018425,0.5427820165797992,0.0,-0.2972770065891724,0.5303590651407855,0.0,0.0516616134699143,0.9608659677903968,0.0,-0.2908947603181533,0.8694576527854211,0.0,-0.0002233064547833,0.9954426745894808,0.0,-0.258495002794398,0.8970441978613481,0.0,0.010209977544299,1.172733682210542,0.0,-0.3165273161829641,1.0985643022169764,0.0,0.5278804302215576,0.5383939146995544,-0.0003232238814234,0.2581102796769435
789,1,0.2284005938655187,0.0118299897222582,0.0,-0.2284005938655187,-0.0118299897222582,0.0,0.1815363792895732,0.5288385603155819,0.0,-0.2883154139492168,0.5132290937493522,0.0,0.0593626554057468,0.926100088802182,0.0,-0.2793471448412351,0.7694565601459308,0.0,0.0146030125545795,0.9571820300291358,0.0,-0.2422217788417406,0.7822084471930667,0.0,0.0112773773583413,1.139027592438774,0.0,-0.3088408081833596,0.9951999699227544,0.0,0.5278483778238297,0.5384165346622467,-0.0003237621858716,0.266278817481143
790,1,0.2283754412926424,0.0124339911145688,0.0,-0.2283754412926424,-0.0124339911145688,0.0,0.1819359646634483,0.5296722119540569,0.0,-0.2854837731548258,0.5074873706235029,0.0,0.0603804112153887,0.920789374701826,0.0,-0.2768519060026217,0.7185452222131301,0.0,0.0164623973234716,0.9476944569772344,0.0,-0.2401993324757982,0.7241701442821943,0.0,0.0184670273788983,1.1401405098149926,0.0,-0.3051135621024018,0.9205215532601044,0.0,0.5277378261089325,0.5382189750671387,-0.0003277780488133,0.266174189389639
791,1,0.2327015013650015,0.0133310396884775,0.0,-0.2327015013650015,-0.0133310396884775,0.0,0.1845164184170816,0.5389218649203796,0.0,-0.2876242757777314,0.5102291671091379,0.0,0.0594715833519768,0.9343016222128928,0.0,-0.2817978294700473,0.6600166017073245,0.0,0.0131397991571297,0.9622638177080912,0.0,-0.2488969271265234,0.6451744651473444,0.0,0.021413348349828,1.160796364208765,0.0,-0.3045765621862877,0.8539977148461849,0.0,0.5277372300624847,0.5387836992740631,-0.0003433539532124,0.2611825640190912
792,1,0.229242677741457,0.0137765364463582,0.0,-0.229242677741457,-0.0137765364463582,0.0,0.1821910193128303,0.5310235444748816,0.0,-0.2831677011733945,0.4776963369946467,0.0,0.0581359422653981,0.9221452213812712,0.0,-0.2768442368639454,0.5357307124106776,0.0,0.0136228926852998,0.9498276429747324,0.0,-0.2447513620064834,0.5031571102949697,0.0,0.0212495170354689,1.1499060129207186,0.0,-0.2978274080530114,0.6973205328715975,0.0,0.527652233839035,0.538607269525528,-0.0003606555983424,0.2649633938998509
793,1,0.2486475086612609,0.0144964948668286,0.0,-0.2486475086612609,-0.0144964948668286,0.0,0.1984584808704868,0.584270443343122,0.0,-0.3037758520692393,0.5503548764650522,0.0,0.0604066436438763,1.004255830699865,0.0,-0.2996344851075366,0.1993850225377653,0.0,0.0141021633271515,1.0314852940373336,0.0,-0.2706903668272862,0.1109509058116021,0.0,0.0215008126584257,1.2493796464811702,0.0,-0.4158901428291932,0.1845918779487566,0.0,0.5279977768659592,0.5387256145477295,-0.0003498261794447,0.2439241750356726
794,1,0.2580717922609764,0.0140610147628025,0.0,-0.2580717922609764,-0.0140610147628025,0.0,0.2062961285350418,0.6098067202109546,0.0,-0.314882438776094,0.5700496474922043,0.0,0.0621692398609313,1.0547857293818237,0.0,-0.2787089431581525,0.1597256390293052,0.0,0.018586309342999,1.0865543745598516,0.0,-0.2531032657762062,0.126157483711217,0.0,0.0206326571851634,1.2990406230382068,0.0,-0.3725641059210479,0.1948576061278028,0.0,0.52812759578228,0.538294106721878,-0.0003376703243702,0.2354361921235736
795,1,0.258803057659752,0.0132539982650366,0.0,-0.258803057659752,-0.0132539982650366,0.0,0.2065165540275227,0.617680773602107,0.0,-0.3171131140829535,0.5711850204825496,0.0,0.0604567852249043,1.0703663896042117,0.0,-0.2699183197898613,0.1098038904996694,0.0,0.0166640758881657,1.104275341832892,0.0,-0.2570076255929889,0.0480472185480795,0.0,0.0177947210675744,1.3093377379781903,0.0,-0.3743137122370877,0.1273806528129548,0.0,0.5285464525222778,0.5374608933925629,-0.0003340290859341,0.2349086185093374
796,1,0.2635726599114965,0.0133228993298777,0.0,-0.2635726599114965,-0.0133228993298777,0.0,0.2099056094084792,0.6322807442316757,0.0,-0.3259073264184568,0.5799554475642057,0.0,0.0599557620384626,1.0977607230060458,0.0,-0.3128795922462737,0.1765253132020077,0.0,0.0161164313326401,1.1362219195770549,0.0,-0.2997201133103188,0.0845454890806898,0.0,0.0166268614870765,1.3358489809339018,0.0,-0.405777621777117,0.1371952993468516,0.0,0.5286798179149628,0.5371965765953064,-0.0003366793971508,0.2305106149470105
797,1,0.2681412629099646,0.013398156491881,0.0,-0.2681412629099646,-0.013398156491881,0.0,0.2126078997883392,0.6440155155974946,0.0,-0.3354396879531827,0.5846453592776606,0.0,0.0594082009708437,1.116039903079253,0.0,-0.2890232424958168,0.1780144045730143,0.0,0.0149504965266062,1.1552060499498822,0.0,-0.2914793893952043,0.1022751921917727,0.0,0.0158654079612523,1.3593566698140087,0.0,-0.3693918121175466,0.2149220527484657,0.0,0.5288537293672562,0.5371048748493195,-0.000335359130986,0.2267801675726005
798,1,0.2695448116633473,0.0130750130023879,0.0,-0.2695448116633473,-0.0130750130023879,0.0,0.2136432242695559,0.6498597504510751,0.0,-0.3552912015162413,0.585628011138489,0.0,0.0570344135675469,1.1244737020906077,0.0,-0.2908688859088454,0.1777968533580033,0.0,0.0131033419110758,1.1650142854308263,0.0,-0.2927425559673789,0.107054879896876,0.0,0.0157711458994015,1.3696145126317365,0.0,-0.3777056415898391,0.2282640447858725,0.0,0.528873398900032,0.5364775955677032,-0.0003332723863422,0.2256563506411334
799,1,0.2683540296897664,0.0130849517336974,0.0,-0.2683540296897664,-0.0130849517336974,0.0,0.2125739760647929,0.6461936605441797,0.0,-0.3761897005298226,0.5801756788391342,0.0,0.0560724588199266,1.1190403990564266,0.0,-0.35035827464256,0.2054135650118463,0.0,0.0122459874015831,1.1598945772545948,0.0,-0.3286207843798492,0.1266874918535846,0.0,0.0159875119999854,1.3632450721226832,0.0,-0.4033170683442793,0.2320214518955523,0.0,0.5288873761892319,0.5364668071269989,-0.0003327031154185,0.226723968300403
800,1,0.2676342091078396,0.0134301159867641,0.0,-0.2676342091078396,-0.0134301159867641,0.0,0.2129338665759553,0.6426465836704122,0.0,-0.3917647156738762,0.5739551858498008,0.0,0.0570670095168561,1.1145450743944516,0.0,-0.36402188689656,0.2235098606318926,0.0,0.0134356077002099,1.1556853303880212,0.0,-0.3339275587237889,0.1600018557736158,0.0,0.0170452324950792,1.3577772470711649,0.0,-0.3994306246238724,0.2596484732271671,0.0,0.5285467505455017,0.5361327528953552,-0.0003297810908406,0.2279247729581587
801,1,0.2672938597460318,0.0137960305485309,0.0,-0.2672938597460318,-0.0137960305485309,0.0,0.2137905638099314,0.646410771426239,0.0,-0.4022041544791089,0.5767214506598034,0.0,0.0565215411897557,1.1232553506166143,0.0,-0.3605031138475379,0.1872680718871694,0.0,0.0111162251130449,1.1653967943951196,0.0,-0.3323014950555653,0.1198883512394736,0.0,0.0128286861474286,1.363741613285992,0.0,-0.4021572252034338,0.2306827500530714,0.0,0.5283377468585968,0.5349155962467194,-0.0003280478995293,0.2279820769290137
802,1,0.2670736181297279,0.0142797861182188,0.0,-0.2670736181297279,-0.0142797861182188,0.0,0.2144159766862737,0.6460626089802088,0.0,-0.4086674635569901,0.5781902187342921,0.0,0.0540979434952918,1.1255117867681836,0.0,-0.3562026369536124,0.1725020512370352,0.0,0.0078662449685106,1.169282713639283,0.0,-0.3489741038969323,0.1011435895697216,0.0,0.0126836134373687,1.3642024599320384,0.0,-0.4265711765272901,0.2048518645478002,0.0,0.5281253755092621,0.534306526184082,-0.000322219915688,0.2282917131749778
803,1,0.2671669310359447,0.0144979518952953,0.0,-0.2671669310359447,-0.0144979518952953,0.0,0.2147757743588637,0.643999941970357,0.0,-0.4099229730477328,0.5788528636973687,0.0,0.0534839713842973,1.126103564608134,0.0,-0.3552434765991905,0.1971331497726109,0.0,0.0074532873376455,1.170140336539559,0.0,-0.3517735109414047,0.12830207155273,0.0,0.0130800399843199,1.3645463762480396,0.0,-0.4251410720206445,0.2427433347463957,0.0,0.5280125886201859,0.5341275930404663,-0.000321349594742,0.2283550403059781
804,1,0.2667939056167601,0.0142108470341613,0.0,-0.2667939056167601,-0.0142108470341613,0.0,0.2148229419214744,0.6419298016352007,0.0,-0.4084787491970646,0.577762140044342,0.0,0.0536920532872165,1.12317371168009,0.0,-0.3568360278308275,0.2087179473370141,0.0,0.0084985965464665,1.1666979408562854,0.0,-0.3400100576121976,0.1376575877559393,0.0,0.0121179927082981,1.3617426861967143,0.0,-0.4175632042236433,0.233879370237097,0.0,0.5278961658477783,0.534265786409378,-0.0003211761359125,0.2287092292825245
805,1,0.2679364302155145,0.0142552677922393,0.0,-0.2679364302155145,-0.0142552677922393,0.0,0.2159818161142729,0.6463508913203053,0.0,-0.4085959275285394,0.5833775053427438,0.0,0.0541619941058528,1.1295313155334574,0.0,-0.3555644884222317,0.2141832029129703,0.0,0.0087706853472676,1.1727710685082482,0.0,-0.3476022398859268,0.1455779187564877,0.0,0.0136052068480725,1.3687362038412825,0.0,-0.4192221628556685,0.2454835097576871,0.0,0.5278290361166,0.534276932477951,-0.0003219579812139,0.2276913195088004
806,1,0.2698639982204197,0.0142616705472255,0.0,-0.2698639982204197,-0.0142616705472255,0.0,0.2175741454529998,0.6518818578531616,0.0,-0.407185467089827,0.5856481671816348,0.0,0.0534014115681569,1.133176816385591,0.0,-0.3540567467169255,0.2197544905455656,0.0,0.0082020563082562,1.1761606872917614,0.0,-0.3430371007372296,0.13229642291514,0.0,0.0082933920657404,1.3744885198132215,0.0,-0.4206023476841836,0.2385686037255514,0.0,0.5276749730110168,0.5349446833133698,-0.0003215386532247,0.2264481327659667
807,1,0.2689707400374279,0.0139409528814564,0.0,-0.2689707400374279,-0.0139409528814564,0.0,0.2156126484383903,0.646371987895858,0.0,-0.3934915326129857,0.5970271889919564,0.0,0.0526295823211642,1.121803831020001,0.0,-0.3711198061154421,0.3010538689716588,0.0,0.0080036350529849,1.165004759059851,0.0,-0.3412085659572435,0.1871047886190797,0.0,0.00842356065294,1.3666689793640685,0.0,-0.4182702904851626,0.3713970461898658,0.0,0.5276499092578888,0.535657525062561,-0.0003190282732248,0.2272474845439558
808,1,0.262899392840108,0.014742447856227,0.0,-0.262899392840108,-0.014742447856227,0.0,0.2143332417374103,0.627523511266018,0.0,-0.3767114291291655,0.5732692290498002,0.0,0.053447357709004,1.0861269324629008,0.0,-0.3474312486368492,0.5708804142051583,0.0,0.0110401185520931,1.1269608806051106,0.0,-0.3170983570250535,0.5380053317687429,0.0,0.0119947717228671,1.3338528845256392,0.0,-0.3296210244848652,0.7606797882030385,0.0,0.5268777906894684,0.5365473330020905,-0.0003186417743563,0.2321991700294154
809,1,0.2392764091673021,0.0140964545366449,0.0,-0.2392764091673021,-0.0140964545366449,0.0,0.1954939210290171,0.5643156058843332,0.0,-0.3332141740083416,0.5134722528203132,0.0,0.0514408497505281,0.9861453275689456,0.0,-0.3010271773946459,0.6033759598556419,0.0,0.0126588769211084,1.0201743656151834,0.0,-0.2679018200231131,0.6004618923956985,0.0,0.0107377178751832,1.2218309374168093,0.0,-0.2870638003295459,0.8337161345169787,0.0,0.5262355655431747,0.536685973405838,-0.0003242542934458,0.2535081900130532
810,1,0.2317764881743863,0.0139742550786114,0.0,-0.2317764881743863,-0.0139742550786114,0.0,0.1908585020277889,0.5456693042855134,0.0,-0.3148139683335851,0.4938752556835018,0.0,0.0563302920251828,0.9564915425777372,0.0,-0.2873177515719607,0.6605792454123985,0.0,0.0192783348018125,0.9909501529761297,0.0,-0.2490189314742376,0.6682598932997672,0.0,0.0114439140146015,1.1849407210779357,0.0,-0.2810059795285077,0.8920981696917667,0.0,0.5258160680532455,0.536934107542038,-0.0003265914638177,0.2608647295783241
811,1,0.232708583240147,0.0149064581924591,0.0,-0.232708583240147,-0.0149064581924591,0.0,0.1953799298615453,0.5503440239611564,0.0,-0.3067588354812267,0.4980423605436382,0.0,0.0633131054712173,0.9637511535177838,0.0,-0.2819374231220145,0.7415689695337174,0.0,0.0258915568069354,0.9966152871965342,0.0,-0.2439180632536169,0.7528192356614226,0.0,0.015374747487063,1.196453381980925,0.0,-0.2874523296901719,0.9630983446072208,0.0,0.5246128737926483,0.5373620986938477,-0.0003320638024888,0.257936309945926
812,1,0.2347137656744747,0.0149631884439351,0.0,-0.2347137656744747,-0.0149631884439351,0.0,0.1972191806006206,0.5485382913378072,0.0,-0.3022516885237208,0.5022534664942028,0.0,0.0720705649728854,0.970323016701878,0.0,-0.2834391588383753,0.810151138976268,0.0,0.0324727808319846,1.003117731211817,0.0,-0.2457323200423455,0.8358916208338336,0.0,0.0173573335434371,1.2014512438538596,0.0,-0.2968105608609011,1.0244894210336906,0.0,0.5244859308004379,0.5373822748661041,-0.0003376167733222,0.2558251079594644
813,1,0.2499443643831362,0.0159549238971925,0.0,-0.2499443643831362,-0.0159549238971925,0.0,0.2156098666262977,0.5862080226053868,0.0,-0.3162984084202516,0.5464099134026478,0.0,0.0825703010701266,1.03891624749265,0.0,-0.2965638388628706,0.9343794828136128,0.0,0.0364625856982896,1.070587642121131,0.0,-0.2577704424212018,0.965652452541335,0.0,0.0233519241432987,1.2882768278762946,0.0,-0.3240788518881862,1.1715353230811856,0.0,0.5232532471418381,0.5385085046291351,-0.000346241518855,0.2377155151891788
814,1,0.2469694092366376,0.0139863327167267,0.0,-0.2469694092366376,-0.0139863327167267,0.0,0.2127927609251887,0.5799849597427443,0.0,-0.3072322128162915,0.5503611025076173,0.0,0.0794849079600358,1.030459857204893,0.0,-0.2943998070434736,0.9864981759289208,0.0,0.0283618696216291,1.0621376721987177,0.0,-0.2708638835775686,1.0241951869594494,0.0,0.0281763396697159,1.2724295562520722,0.0,-0.3198210021569241,1.2059907602945112,0.0,0.5232597440481186,0.5380186438560486,-0.000333649571985,0.2406289576232321
815,1,0.2603358131657486,0.0135097398489325,0.0,-0.2603358131657486,-0.0135097398489325,0.0,0.2241374908627078,0.6105722922360668,0.0,-0.3217105719898037,0.6001280767035008,0.0,0.0831703055731743,1.0797789879250168,0.0,-0.3095014050157573,1.0532922007659231,0.0,0.0241832765209256,1.1144545865734194,0.0,-0.2853709284160755,1.096302886241007,0.0,0.032051638117846,1.3345194435108498,0.0,-0.330299619919159,1.28273067335134,0.0,0.5232167541980743,0.5388628840446472,-0.0003260131925344,0.2285977001985963
816,1,0.2555837734434313,0.0127391541041009,0.0,-0.2555837734434313,-0.0127391541041009,0.0,0.2201873144968184,0.6012783412711121,0.0,-0.3142867498964673,0.594772931508444,0.0,0.0818430717479547,1.059735899431878,0.0,-0.3015960025599489,1.0298327784106656,0.0,0.0218917371251241,1.0924496783090858,0.0,-0.2775802428889189,1.0697902021867614,0.0,0.0326648612202576,1.3087395455426258,0.0,-0.3187059429264339,1.2734636564867727,0.0,0.5231033265590668,0.5387326776981354,-0.0003364337608218,0.2333367987372264
817,1,0.2562352574955855,0.0123235339346422,0.0,-0.2562352574955855,-0.0123235339346422,0.0,0.2206488323216165,0.6016248699507951,0.0,-0.3142504351228211,0.5979227315140296,0.0,0.082058483026009,1.0604469961321688,0.0,-0.3005865996699553,1.040854903964083,0.0,0.0220795423802804,1.0937178898991051,0.0,-0.2775301644957568,1.0825037695040274,0.0,0.0326492230875544,1.3096729806756089,0.0,-0.3061546455553109,1.286913182189782,0.0,0.5230571627616882,0.5388742983341217,-0.0003375187516212,0.2329839440845672
818,1,0.2559178716864695,0.0117425828429039,0.0,-0.2559178716864695,-0.0117425828429039,0.0,0.2220690407696154,0.6034713536235238,0.0,-0.3100521099653125,0.603892962825704,0.0,0.0846364503331186,1.0584290771339768,0.0,-0.2884178086770756,1.0357587670516557,0.0,0.0280817919526684,1.091807749910218,0.0,-0.2685578433281957,1.0781366243682504,0.0,0.0340185605608227,1.3071509101815986,0.0,-0.2888781292696378,1.2786774688321776,0.0,0.5226602405309677,0.5390510261058807,-0.0003380728885531,0.2332673560511209
819,1,0.2547201240126591,0.0112470081018146,0.0,-0.2547201240126591,-0.0112470081018146,0.0,0.2226389396001863,0.6004817934868376,0.0,-0.30470620619704,0.601561869759141,0.0,0.0862135029895382,1.0513855881892544,0.0,-0.2756733498583844,1.0205157137583167,0.0,0.030080251102132,1.0864100121733744,0.0,-0.2513949867320389,1.058836210690935,0.0,0.037822278435917,1.2978140643866702,0.0,-0.2786390540011476,1.271519093517595,0.0,0.5221794694662094,0.5392042994499207,-0.000340636819601,0.2348146793174176
820,1,0.2666212869014149,0.0113304718524392,0.0,-0.2666212869014149,-0.0113304718524392,0.0,0.2350040156603562,0.6242076494864772,0.0,-0.310452475474374,0.6255189685304908,0.0,0.0948221369192228,1.0914381957509796,0.0,-0.2765444187619384,1.0499531893501102,0.0,0.037422713578844,1.1254710269369252,0.0,-0.2500171810380324,1.0830313507271068,0.0,0.0430132958560079,1.3477911765876682,0.0,-0.2815481917022669,1.3150245557037272,0.0,0.5212174952030182,0.5393344759941101,-0.0003340123221278,0.2259516404730696
821,1,0.2695100771665501,0.0106378606382455,0.0,-0.2695100771665501,-0.0106378606382455,0.0,0.2399987469430032,0.6267376448709121,0.0,-0.3077540568113796,0.6262271995668063,0.0,0.0997839609663318,1.0968561772993484,0.0,-0.2682954137699883,1.0565118864383267,0.0,0.0420752392895573,1.1331737103531492,0.0,-0.2330108489433991,1.0941245118679634,0.0,0.0481501489254214,1.3543003149217303,0.0,-0.2779188871333298,1.3274123497218329,0.0,0.5202407836914062,0.5398154258728027,-0.0003333613276481,0.2245485088825636
822,1,0.2710254534777797,0.0098938406549818,0.0,-0.2710254534777797,-0.0098938406549818,0.0,0.2413021111702977,0.628209203286358,0.0,-0.3068312582798415,0.6267081992723897,0.0,0.1022537341822675,1.0999149644504669,0.0,-0.2651325143826564,1.067963423637777,0.0,0.0457437965511546,1.136840462308911,0.0,-0.230578389768995,1.110385499637878,0.0,0.0499569962829977,1.3581518504106564,0.0,-0.275636346021132,1.3293336388289,0.0,0.519842728972435,0.5399948954582214,-0.0003340989351272,0.2237650067446333
823,1,0.27779908425977,0.0097566999544221,0.0,-0.27779908425977,-0.0097566999544221,0.0,0.2481041770005785,0.6413253616758652,0.0,-0.3087771165471138,0.639078125112147,0.0,0.1093754621085714,1.1201349699980208,0.0,-0.2638178352114937,1.091825174177655,0.0,0.0519737026889153,1.1597929977068373,0.0,-0.2307197094190712,1.140523277328562,0.0,0.0558160067155655,1.3860801737452213,0.0,-0.2695166998580425,1.3563218989295314,0.0,0.518827959895134,0.5400159358978271,-0.0003390256315469,0.2191639223616748
824,1,0.2838475820014342,0.009866063186672,0.0,-0.2838475820014342,-0.009866063186672,0.0,0.258157775198311,0.6547553270914743,0.0,-0.3113142798355597,0.651632508442521,0.0,0.1167812272042118,1.141607363994659,0.0,-0.262485042174655,1.1198784219620026,0.0,0.0569175767687397,1.1830862040877952,0.0,-0.2287979761602694,1.1708117996115648,0.0,0.0634872696742696,1.4146449007716193,0.0,-0.2697346409544479,1.387899066996953,0.0,0.5174824297428131,0.5400331020355225,-0.0003398796543478,0.2146502600683194
825,1,0.2821638536031253,0.0097423893011108,0.0,-0.2821638536031253,-0.0097423893011108,0.0,0.2560554417358294,0.6504536941101602,0.0,-0.3048410270689061,0.6469355784402199,0.0,0.1198258172264504,1.1338459864498387,0.0,-0.2564523191620637,1.1077535710319673,0.0,0.0601565786660938,1.1741777240630182,0.0,-0.2267338120406377,1.154967091507827,0.0,0.0655818572286052,1.4050878505072362,0.0,-0.262418167394776,1.3762997575605158,0.0,0.5163769721984863,0.5400447845458984,-0.0003366703167557,0.2161147955569608
826,1,0.2793794334614415,0.0095422302610138,0.0,-0.2793794334614415,-0.0095422302610138,0.0,0.2522686140988587,0.6445382545895206,0.0,-0.301931026353677,0.6376039898491052,0.0,0.1185063494372371,1.1221866615373306,0.0,-0.2504004145968062,1.1005931441922905,0.0,0.0580209485790471,1.1626102637208289,0.0,-0.2210549963855892,1.148867692553774,0.0,0.0692047353458499,1.390921866106438,0.0,-0.2563345266092856,1.3590563253201304,0.0,0.5155823677778244,0.5400431752204895,-0.0003378083929419,0.2181494846797551
827,1,0.2660112904155275,0.0086103335712853,0.0,-0.2660112904155275,-0.0086103335712853,0.0,0.2434094417615645,0.6152834806963949,0.0,-0.2852102449431661,0.6066260946975164,0.0,0.1178628771338845,1.0701931283023964,0.0,-0.2334418867816146,1.0549061725608582,0.0,0.059547584241014,1.1096076826076096,0.0,-0.2053527605606891,1.1021204813592345,0.0,0.0717402889269779,1.326643195990112,0.0,-0.2383172221115964,1.2987448862622517,0.0,0.5143555849790573,0.539769858121872,-0.0003384817391633,0.228652142562654
828,1,0.24670619486973,0.0078429187724207,0.0,-0.24670619486973,-0.0078429187724207,0.0,0.2285585217340568,0.5697088804257261,0.0,-0.2605515137837652,0.5623492215983019,0.0,0.1132013170082128,0.9958881077700222,0.0,-0.2117955254315351,0.9757965242232586,0.0,0.0600219480747131,1.0332478096113034,0.0,-0.1855107017748755,1.0174503669204542,0.0,0.0709324381600744,1.2297047537693957,0.0,-0.2160751721126435,1.2070800716056695,0.0,0.5131458938121796,0.5397218763828278,-0.000349411740899,0.2467390337389575
829,1,0.2666706632503207,0.0083650803196913,0.0,-0.2666706632503207,-0.0083650803196913,0.0,0.2492410445594614,0.61484005134685,0.0,-0.2766394395087592,0.6077323270399325,0.0,0.1276213745965533,1.0775139551498856,0.0,-0.2210785379631721,1.050825576601332,0.0,0.0699576669968437,1.1181883663281895,0.0,-0.1873993590495896,1.0953760751107409,0.0,0.0813526025063456,1.328481485339576,0.0,-0.2276720315557633,1.3005169803795509,0.0,0.5118634402751923,0.5397431254386902,-0.0003496073186397,0.2286330990039478
830,1,0.2685089371755768,0.0083643189849913,0.0,-0.2685089371755768,-0.0083643189849913,0.0,0.2509276710380024,0.6174982745793919,0.0,-0.2773806170557489,0.6098123134777379,0.0,0.1308113211553249,1.0831204546925333,0.0,-0.2182730073012524,1.0538414757556682,0.0,0.0733796390029742,1.1238740385666537,0.0,-0.184078192284499,1.097605706448831,0.0,0.0860171805779059,1.334696827551226,0.0,-0.2280352855837524,1.30680179820457,0.0,0.5109104663133621,0.5397576987743378,-0.0003415225073695,0.2276170677504497
831,1,0.2701015748015216,0.0083141467022468,0.0,-0.2701015748015216,-0.0083141467022468,0.0,0.2511704284722014,0.6211128394082421,0.0,-0.2784150633953652,0.6133203094264505,0.0,0.133607259523543,1.0912528470442306,0.0,-0.2164531042512497,1.0584382458388992,0.0,0.0765413636566162,1.1305719284644156,0.0,-0.1810759605451497,1.1000033196178651,0.0,0.0895663819313632,1.342553646791126,0.0,-0.2270520717080726,1.313450776980405,0.0,0.5102025419473648,0.5397819578647614,-0.0003451658412814,0.2264241137042721
832,1,0.2717354044155041,0.0084542620717523,0.0,-0.2717354044155041,-0.0084542620717523,0.0,0.2539458447749071,0.6238145504019063,0.0,-0.2793463442849482,0.6161784683359396,0.0,0.1377632253345315,1.0970370035299448,0.0,-0.2138330581512862,1.0626321571537067,0.0,0.0807105529854278,1.1365589485352845,0.0,-0.1770584935891173,1.1046969045189328,0.0,0.0939054423751931,1.3494630686887352,0.0,-0.2256629909245742,1.3197378467221053,0.0,0.509359210729599,0.5398377478122711,-0.0003440137952566,0.2252166491726465
833,1,0.2743295986186324,0.0086453760001582,0.0,-0.2743295986186324,-0.0086453760001582,0.0,0.2573965253390365,0.6296276124533249,0.0,-0.2812603941144826,0.6225825473137389,0.0,0.1409524093205421,1.1079603411314742,0.0,-0.2055554824998577,1.0734045578478368,0.0,0.0840538965400286,1.1480396483899244,0.0,-0.1684178482857157,1.1173926103172178,0.0,0.0976947180441831,1.3616933388244787,0.0,-0.2269866001261332,1.332609638081663,0.0,0.5086953192949295,0.5403903126716614,-0.0003450685180723,0.2224683666247829
834,1,0.2768692520032057,0.0087143377026993,0.0,-0.2768692520032057,-0.0087143377026993,0.0,0.2601655231272519,0.6340287612261082,0.0,-0.2834138781831176,0.6265906370991646,0.0,0.1427106904478526,1.1162620590404346,0.0,-0.2030413020164809,1.0808597837907137,0.0,0.0857502975364015,1.1565843083352971,0.0,-0.1664310974322362,1.1249503515681183,0.0,0.0999048380390841,1.3713587592725864,0.0,-0.2274463057513994,1.3421287856542403,0.0,0.5084081590175629,0.540357381105423,-0.0003422638401389,0.2208412198197575
835,1,0.2839557989055994,0.0090525231056245,0.0,-0.2839557989055994,-0.0090525231056245,0.0,0.268411819001321,0.6508823769418123,0.0,-0.2903208672207404,0.6430304750615683,0.0,0.14829864162032,1.1469323409888312,0.0,-0.2075523651581423,1.109715302777818,0.0,0.0900131565308372,1.1882789945678447,0.0,-0.1692433359990161,1.1547792483735688,0.0,0.1034602807382818,1.4090373607892543,0.0,-0.2320012530786294,1.3788706079296835,0.0,0.5079854428768158,0.5405644178390503,-0.0003391494974493,0.2148132087714752
836,1,0.283683167056329,0.0089786362653467,0.0,-0.283683167056329,-0.0089786362653467,0.0,0.2676670793889619,0.6474513318160767,0.0,-0.2880985681853099,0.6400093402517916,0.0,0.1493595299948421,1.1406551472538815,0.0,-0.2043030750591517,1.1049774129295582,0.0,0.0913472548949923,1.1827403114160426,0.0,-0.1667448092633169,1.15030939874924,0.0,0.1055865712212651,1.400632440412909,0.0,-0.2307199068778597,1.3707948401934111,0.0,0.5075811296701431,0.5405714511871338,-0.0003295778296887,0.2157046644334667
837,1,0.2823862442355527,0.0087982986185632,0.0,-0.2823862442355527,-0.0087982986185632,0.0,0.2647302751810745,0.6419841625893309,0.0,-0.286126668728708,0.636117897191556,0.0,0.1490742498495424,1.132607298317743,0.0,-0.2028153649861727,1.0967505688106802,0.0,0.0913904062495215,1.1745537621462243,0.0,-0.1649432921234502,1.1416724952448642,0.0,0.103566851327585,1.3910940496782875,0.0,-0.2299261585191422,1.3610884677451367,0.0,0.5074587166309357,0.5410415530204773,-0.0003311918117105,0.2168470470631775
838,1,0.2837290721349151,0.0086900162570274,0.0,-0.2837290721349151,-0.0086900162570274,0.0,0.2657542521210135,0.6440545367315474,0.0,-0.2862179188094357,0.6386744384938242,0.0,0.149550469441287,1.1400025760846886,0.0,-0.201840504147454,1.0996311678177566,0.0,0.0923654273221095,1.1840014163652823,0.0,-0.164343259016945,1.1438179807929263,0.0,0.1048989615056252,1.395645440708309,0.0,-0.2309691056923077,1.364297824260181,0.0,0.5072957277297974,0.5411757230758667,-0.0003374903462827,0.21625676978493
839,1,0.2829136662446697,0.0086848680301777,0.0,-0.2829136662446697,-0.0086848680301777,0.0,0.2647459369052281,0.6402203725978272,0.0,-0.2847891014296427,0.6343557945398994,0.0,0.1485337392050042,1.1312379626059057,0.0,-0.2000692267279041,1.096632450141264,0.0,0.0905396394116061,1.173793212037294,0.0,-0.1634838289776044,1.141141918407814,0.0,0.1044733651952773,1.3881651712449177,0.0,-0.2285963197983921,1.3584236570300616,0.0,0.5072291046380997,0.5412153601646423,-0.0003337315283715,0.2171330347048712
840,1,0.2802051708093625,0.0086115771056674,0.0,-0.2802051708093625,-0.0086115771056674,0.0,0.2621251121556258,0.6304616682928562,0.0,-0.2818851437908746,0.6256148450052582,0.0,0.1470664627297675,1.1157071134512104,0.0,-0.1967344433574068,1.0861611678578935,0.0,0.0892043503575547,1.1593160214207052,0.0,-0.1617634746029716,1.1307215577344132,0.0,0.1042046623759287,1.374002245951096,0.0,-0.2263098764648373,1.344819934402795,0.0,0.5072098672389984,0.5412035286426544,-0.0003329566679894,0.2193166888597512
841,1,0.2786027443667315,0.0086316295822287,0.0,-0.2786027443667315,-0.0086316295822287,0.0,0.2597330100083361,0.6251603890936539,0.0,-0.2802356969520261,0.6186872072619081,0.0,0.1452174818589561,1.1093208340673648,0.0,-0.1948990646099304,1.0805074883672785,0.0,0.0890178678174074,1.151994553787669,0.0,-0.1608342795649779,1.1253426277901564,0.0,0.0950895659394002,1.3654806795855177,0.0,-0.2269403555470796,1.3373106264244097,0.0,0.5072175711393356,0.5411547422409058,-0.0003169970586895,0.2206129414085091
842,1,0.278113719608934,0.0089137240197994,0.0,-0.278113719608934,-0.0089137240197994,0.0,0.2589401421039859,0.6258132954347181,0.0,-0.2797173401714126,0.6172725221134848,0.0,0.1420157144153519,1.1099434972217748,0.0,-0.1935944588202738,1.0808633240542982,0.0,0.0873963090347421,1.154240058890751,0.0,-0.1607408069030369,1.1260277210920178,0.0,0.0918574198500685,1.3646713871139984,0.0,-0.2289476222728198,1.3371132304682651,0.0,0.5072279274463654,0.5407237112522125,-0.000311242416501,0.2209499049573614
843,1,0.2782551171925579,0.009440492772627,0.0,-0.2782551171925579,-0.009440492772627,0.0,0.257774226347706,0.6263444560508958,0.0,-0.2800658627254361,0.6172675413531774,0.0,0.1401582694106032,1.1076377068299184,0.0,-0.1948281712801947,1.0810464934699355,0.0,0.0864050642074479,1.147474378169905,0.0,-0.1634319844964198,1.125661311375388,0.0,0.0898796141899079,1.36438152568205,0.0,-0.2297016042130956,1.3375336372554651,0.0,0.5074080973863602,0.5404506623744965,-0.0003119143657386,0.2210718110541119
844,1,0.2788475442181241,0.0097480521868704,0.0,-0.2788475442181241,-0.0097480521868704,0.0,0.2559560721086679,0.6280107791049098,0.0,-0.2805356465633571,0.619041934124161,0.0,0.1378858027767854,1.107392169550362,0.0,-0.1968399668289973,1.0836245954003547,0.0,0.0817262045064174,1.1489206478218912,0.0,-0.1654757296989071,1.1302698766554842,0.0,0.0886173435388723,1.3643667170287217,0.0,-0.2318310126990457,1.338239119390551,0.0,0.5078154504299164,0.5402206182479858,-0.0003104058559983,0.2208380622184489
845,1,0.2787194837904771,0.0098693845708866,0.0,-0.2787194837904771,-0.0098693845708866,0.0,0.2541100323525322,0.6269765660629342,0.0,-0.2789337927345793,0.6202064495951031,0.0,0.1363238443546428,1.1045287785578686,0.0,-0.1968650441341422,1.080722985660307,0.0,0.0799296303364574,1.1461844064868758,0.0,-0.1655984191957668,1.1276773753090064,0.0,0.0873472505864062,1.3610988541258502,0.0,-0.2340472420873582,1.3340948502396075,0.0,0.5080673843622208,0.5402491986751556,-0.0003089644014835,0.2213873874465495
846,1,0.2779234503607775,0.0097840270245277,0.0,-0.2779234503607775,-0.0097840270245277,0.0,0.2512882618848794,0.6253783284456677,0.0,-0.2780502565357409,0.6228794299903693,0.0,0.133721396396083,1.0977986834114786,0.0,-0.1974122415018695,1.077839096885556,0.0,0.0779515853768452,1.138812379878478,0.0,-0.167692462691803,1.1252319339811274,0.0,0.0830915873115296,1.3542005013814593,0.0,-0.2343082857130078,1.3294332602558674,0.0,0.5083861500024796,0.5401514172554016,-0.0003094179555773,0.222566442914054
847,1,0.2792199497460658,0.0102187561187379,0.0,-0.2792199497460658,-0.0102187561187379,0.0,0.2501448366754434,0.6315714609187169,0.0,-0.2816279575828948,0.6358138080959765,0.0,0.1308013301070384,1.106144714298612,0.0,-0.2013527293075658,1.0839450087352689,0.0,0.075262358970516,1.1465610193376827,0.0,-0.1717756899527882,1.1305166071437185,0.0,0.0806170469394781,1.3606817761125398,0.0,-0.2389191321706061,1.3354608215885784,0.0,0.5090536326169968,0.5403696000576019,-0.0003097269218415,0.2214127127667355
848,1,0.2823049003913305,0.0102861540735646,0.0,-0.2823049003913305,-0.0102861540735646,0.0,0.2527857952986983,0.637841257239709,0.0,-0.2836801186027399,0.6429259241786144,0.0,0.1298110769527227,1.1176247896244402,0.0,-0.2096940851835841,1.093930937176818,0.0,0.0737520534340557,1.158295333263837,0.0,-0.1779397750663823,1.1408836905990345,0.0,0.0799044026271767,1.373746820292688,0.0,-0.2443016606633554,1.3491213947026477,0.0,0.5095308572053909,0.5403614640235901,-0.0003094801213592,0.2193969723130707
849,1,0.2831172525441722,0.0099400503132973,0.0,-0.2831172525441722,-0.0099400503132973,0.0,0.2499270675202357,0.6358216268649783,0.0,-0.2839794267054029,0.641960556013616,0.0,0.1241885518350417,1.109717116815505,0.0,-0.2142864286420098,1.0917246468666548,0.0,0.0682409223914082,1.1481623941594803,0.0,-0.1836758611265422,1.1375225042985384,0.0,0.0736094729317853,1.369297068914746,0.0,-0.2430753012235328,1.3474754517253296,0.0,0.5106618404388428,0.540292888879776,-0.0003092961851507,0.2201193186930271
850,1,0.2820742197039951,0.0099965202497014,0.0,-0.2820742197039951,-0.0099965202497014,0.0,0.2514066901375441,0.6374203796250645,0.0,-0.2904797875692204,0.647671679689911,0.0,0.1184825642636931,1.1120416017045447,0.0,-0.2273545008723025,1.0906436170385236,0.0,0.0626557310174117,1.1492275415256357,0.0,-0.1943714803609841,1.12961220330267,0.0,0.0683542971910113,1.3722145721501695,0.0,-0.2525909695333403,1.3500823017682364,0.0,0.5121640712022781,0.540290117263794,-0.0003105360083281,0.2201429132120159
851,1,0.2839632413662814,0.0100879259032243,0.0,-0.2839632413662814,-0.0100879259032243,0.0,0.2539852854913441,0.6439265359140091,0.0,-0.2997484763079754,0.6578115748339517,0.0,0.1121810396633399,1.1216840174760718,0.0,-0.2440100761338449,1.1003206114690864,0.0,0.0556383215441382,1.1582637472776005,0.0,-0.212835275482481,1.1395574459751752,0.0,0.0600693797392377,1.3846228905422977,0.0,-0.2636283567607733,1.3664789423334536,0.0,0.5138169378042221,0.540399968624115,-0.0003238772042095,0.2181304954980438
852,1,0.2825985297104015,0.0098582860358162,0.0,-0.2825985297104015,-0.0098582860358162,0.0,0.2517814010084196,0.6432374806640395,0.0,-0.3025705231760463,0.6591538940520333,0.0,0.1100332776193084,1.11741008457965,0.0,-0.2503537900097068,1.0950464922862122,0.0,0.0516962287272892,1.1531734342883246,0.0,-0.2170691300676468,1.1306065390845754,0.0,0.055832504002942,1.383407312315982,0.0,-0.2681389844333809,1.3634958742687366,0.0,0.5146835148334503,0.5405130684375763,-0.0003337003290653,0.2190065532215848
853,1,0.2794947839610051,0.0098432964180287,0.0,-0.2794947839610051,-0.0098432964180287,0.0,0.2482080463893809,0.6356576113606098,0.0,-0.3027570308276697,0.6506873196952379,0.0,0.1084794701038336,1.1043571102876888,0.0,-0.2526336322406817,1.08035392823325,0.0,0.050376066490673,1.1387613397177592,0.0,-0.2182514440532732,1.1121486895686663,0.0,0.0538983645862997,1.3689049749718691,0.0,-0.2708570359983247,1.3499473559175073,0.0,0.5151941180229187,0.5405606627464294,-0.0003392649814486,0.2217470651068653
854,1,0.2790107583678883,0.0101821617653736,0.0,-0.2790107583678883,-0.0101821617653736,0.0,0.2491217289782468,0.6366630061490554,0.0,-0.3072848587370935,0.6512671606681142,0.0,0.1072860727078983,1.1105411939334475,0.0,-0.2631773536051948,1.0829936704230498,0.0,0.048900653193803,1.1440054171724787,0.0,-0.2343469237033437,1.1153196840502086,0.0,0.0520468668137652,1.3720002060428365,0.0,-0.2818931289752687,1.352327360988489,0.0,0.5157648622989655,0.5404461324214935,-0.0003372970968484,0.2216172259119785
855,1,0.2738777775215501,0.0105015138757223,0.0,-0.2738777775215501,-0.0105015138757223,0.0,0.2428243348069767,0.6268640660477115,0.0,-0.3075998361851626,0.6404616084531937,0.0,0.1024948601156106,1.093182306987716,0.0,-0.272512968432524,1.071556024358502,0.0,0.0445244815822323,1.125985097788088,0.0,-0.2489740475860536,1.1018178936805454,0.0,0.0487501761186837,1.3506749651918757,0.0,-0.2854062725238898,1.3369665337019834,0.0,0.5163118243217468,0.5403604805469513,-0.0003321021795272,0.2252191574471646
856,1,0.2745683279030312,0.0111323915230273,0.0,-0.2745683279030312,-0.0111323915230273,0.0,0.2422913247981175,0.6293299840944312,0.0,-0.3134947833415701,0.6417816356556632,0.0,0.1010617077875043,1.100879622285411,0.0,-0.2808657301350317,1.0940339974553983,0.0,0.0427515540201232,1.1355928757170806,0.0,-0.2572181960874147,1.1252863969136406,0.0,0.0479432326272164,1.3547886004371463,0.0,-0.2917694746605806,1.359774563021001,0.0,0.5165114402770996,0.5402110517024994,-0.0003284597769379,0.2248400665030423
857,1,0.2751522595240614,0.0118605005508508,0.0,-0.2751522595240614,-0.0118605005508508,0.0,0.242014562754378,0.6326586455722735,0.0,-0.3226795107350066,0.6436610790098283,0.0,0.0985067552607987,1.1037560808980278,0.0,-0.3007994632790394,1.1285712437164672,0.0,0.0360447277628484,1.1382320011848572,0.0,-0.2763711078733254,1.1554469892436852,0.0,0.0414074480410242,1.357977650877993,0.0,-0.2973059801958292,1.3947544976487585,0.0,0.5166597813367844,0.540028989315033,-0.0003286497667431,0.2244376975706975
858,1,0.2646153668542194,0.0125180480638045,0.0,-0.2646153668542194,-0.0125180480638045,0.0,0.2319512029472074,0.6115111890416666,0.0,-0.3167616587901622,0.6200594892593243,0.0,0.0932004873222729,1.0697223073105957,0.0,-0.3050707213645725,1.1332863027485542,0.0,0.0336876095337882,1.103321521390848,0.0,-0.2815754141972951,1.1620776727823003,0.0,0.0339517739816381,1.3089224484041215,0.0,-0.2927810708021005,1.392426261047339,0.0,0.5168413519859314,0.539773017168045,-0.0003223698586225,0.2333061969518723
859,1,0.2704955371704725,0.0131502810853498,0.0,-0.2704955371704725,-0.0131502810853498,0.0,0.2361909555086767,0.6260935981586482,0.0,-0.3248694295197746,0.6345886826115091,0.0,0.0933618004945333,1.0923405910106665,0.0,-0.32073571202664,1.201336910448027,0.0,0.0276797080647794,1.1241120502248252,0.0,-0.2991194553365083,1.2280079251337424,0.0,0.0326590180146692,1.3370598516082406,0.0,-0.2998325568479708,1.4696998655310898,0.0,0.5170065313577652,0.5398171842098236,-0.0003203190863132,0.2283126379441725
860,1,0.2678988430228955,0.0135368449145503,0.0,-0.2678988430228955,-0.0135368449145503,0.0,0.229329340613736,0.6172537000607854,0.0,-0.3253602786503017,0.6265956400266233,0.0,0.0882584043557911,1.075961403120158,0.0,-0.3251438620590759,1.215386955686905,0.0,0.0229968361422489,1.106724725630585,0.0,-0.3033584827626572,1.241881904833881,0.0,0.0350173495897386,1.3171256561511562,0.0,-0.2998787046950583,1.4972792157254,0.0,0.5179374665021896,0.5400004088878632,-0.0003195339813828,0.2316250615176077
861,1,0.2613013988714212,0.0136242229873423,0.0,-0.2613013988714212,-0.0136242229873423,0.0,0.2289132819604117,0.5984664796836026,0.0,-0.3185692449362836,0.6170653210685514,0.0,0.0825176911353935,1.0458097028049391,0.0,-0.3298569350955487,1.2175357239119189,0.0,0.011007363825486,1.0761192597480835,0.0,-0.3219644683275812,1.2447077798648902,0.0,0.0371693182782286,1.2800963966451635,0.0,-0.294505761948869,1.5050888042042097,0.0,0.5184044986963272,0.5404695272445679,-0.0003200229257345,0.2379815615803705
862,1,0.2598102230810089,0.0138019775119813,0.0,-0.2598102230810089,-0.0138019775119813,0.0,0.2285851409134103,0.5924919670813479,0.0,-0.3167324693815808,0.6130592838703588,0.0,0.0800295297407207,1.034992114730836,0.0,-0.3303248575841924,1.2239545084557624,0.0,0.0063360412692418,1.0658958597345431,0.0,-0.3234067962393165,1.255803391980158,0.0,0.0445361761875224,1.2688195337462858,0.0,-0.2920441400463733,1.528856791218398,0.0,0.5188471227884293,0.5407034456729889,-0.0003156401216983,0.2400233119796073
863,1,0.2570854123408499,0.0129886553131168,0.0,-0.2570854123408499,-0.0129886553131168,0.0,0.2253739632733418,0.5813479444715375,0.0,-0.3145037330394198,0.6208963755827599,0.0,0.0748266537285764,1.016194033639067,0.0,-0.3305507586082027,1.2541561309728388,0.0,1.2537312078298144e-05,1.046202854568722,0.0,-0.3269352424353011,1.2949245342857096,0.0,0.0437385231230294,1.2431736902227293,0.0,-0.2860990764795877,1.5449809178992666,0.0,0.5195902436971664,0.5428875088691711,-0.0003035794943571,0.2436517513212792
864,1,0.2540476389868349,0.0108099096433561,0.0,-0.2540476389868349,-0.0108099096433561,0.0,0.2239772377305935,0.5667775585310844,0.0,-0.3160047550502382,0.625921027514678,0.0,0.0697556834053278,0.9885862534507877,0.0,-0.3301104687875514,1.265755074673787,0.0,-0.0039527595957381,1.022764087766316,0.0,-0.3256483773696951,1.314673585312868,0.0,0.0388703994373478,1.2166709844952313,0.0,-0.2859112160417557,1.5467695831338466,0.0,0.5205860882997513,0.5446540713310242,-0.0002990439534187,0.2473034475791479
865,1,0.252815853133795,0.0086301454125519,0.0,-0.252815853133795,-0.0086301454125519,0.0,0.2228776326149875,0.5576712410960363,0.0,-0.3179557555703277,0.6368420486565409,0.0,0.0687963386044309,0.9763685552058652,0.0,-0.3283076409907063,1.2652811051295911,0.0,-0.0046750315020114,1.0122487016468888,0.0,-0.3145889517501382,1.2970516471068707,0.0,0.0384591622561013,1.2033571700599843,0.0,-0.2722362561529782,1.5457264465561258,0.0,0.5207769125699997,0.5459359884262085,-0.0003007221966981,0.2487536870181706
866,1,0.2459858451577933,0.007267790731995,0.0,-0.2459858451577933,-0.007267790731995,0.0,0.2169486825004724,0.5368462256217306,0.0,-0.3126558347886729,0.6211403487002933,0.0,0.065474216413291,0.941768722981802,0.0,-0.3197855285309353,1.2353640875463603,0.0,-0.0069461272124869,0.9778346265229552,0.0,-0.3003094282858671,1.27224157289058,0.0,0.037243279352015,1.1617397617335363,0.0,-0.2635281217894714,1.508686674291018,0.0,0.5211315304040909,0.5475419461727142,-0.0002949517220258,0.2559473194906021
867,1,0.2485428634589616,0.0065260380731267,0.0,-0.2485428634589616,-0.0065260380731267,0.0,0.2190131230413949,0.5362405447789094,0.0,-0.3183000485867756,0.6317669875259652,0.0,0.0646963847178149,0.9371048842996034,0.0,-0.3249970016668969,1.248174193666806,0.0,-0.0093312070737589,0.9797699249521116,0.0,-0.3033652037561806,1.2839297541878545,0.0,0.0406956389831906,1.1655745207403805,0.0,-0.246808205440929,1.5256971424039212,0.0,0.5217438340187073,0.5490882992744446,-0.0002937912940979,0.2535328963423182
868,1,0.2361140253211003,0.0056153044681321,0.0,-0.2361140253211003,-0.0056153044681321,0.0,0.2067150036139242,0.511505892038419,0.0,-0.3040753466619803,0.6021971631231036,0.0,0.0603869916006056,0.8836350514706596,0.0,-0.3076723222021665,1.1828263940510526,0.0,-0.0111696347549449,0.9245114744169376,0.0,-0.2847464754995661,1.2248770850664288,0.0,0.0376578214353749,1.10116464748328,0.0,-0.2343148693408009,1.445606071546523,0.0,0.5220257192850113,0.5500752627849579,-0.0003023575991392,0.2676013216447762
869,1,0.2394216368184417,0.005460649055841,0.0,-0.2394216368184417,-0.005460649055841,0.0,0.2080911247567009,0.519239228595389,0.0,-0.3097621396935166,0.608988648717507,0.0,0.0607311627585837,0.8868518797633538,0.0,-0.3080202008864255,1.1881444079201695,0.0,-0.0116975441592648,0.919705642741244,0.0,-0.282536569824207,1.225233287142249,0.0,0.0392913948237477,1.112094988218381,0.0,-0.2320887620034465,1.4610350579290392,0.0,0.522424504160881,0.5511653125286102,-0.0003031566739082,0.263970255584142
870,1,0.2510615394334773,0.0046185197282295,0.0,-0.2510615394334773,-0.0046185197282295,0.0,0.2181496353299751,0.544702377485041,0.0,-0.3257891554316522,0.6404850168670729,0.0,0.0634468940136912,0.9279894708844072,0.0,-0.3236066659056845,1.253354259940887,0.0,-0.0128026775689363,0.964789631159254,0.0,-0.2947191567463922,1.2912153065067198,0.0,0.0405717853633405,1.1646899707156544,0.0,-0.2422355252268011,1.5274412180374386,0.0,0.5225267261266708,0.552070677280426,-0.0003075432032346,0.2513102283869905
871,1,0.2579863297244977,0.0040184097652226,0.0,-0.2579863297244977,-0.0040184097652226,0.0,0.2243065462806527,0.5578539902969881,0.0,-0.3349456815005139,0.6542816912057133,0.0,0.0658968150476491,0.9476084246067688,0.0,-0.332277016842448,1.284072904413228,0.0,-0.0132761284513156,0.9838544051481886,0.0,-0.3025873762505869,1.3201285706508583,0.0,0.0471919162526766,1.1924366889787803,0.0,-0.245838258239657,1.5640081876673615,0.0,0.5225610584020615,0.553082674741745,-0.0003081168979406,0.2446018330871012
872,1,0.2513511279839265,0.0028013196465531,0.0,-0.2513511279839265,-0.0028013196465531,0.0,0.2179592837822229,0.5398874672578218,0.0,-0.3271333149526618,0.6347829274142762,0.0,0.0637972728705967,0.9200443699826184,0.0,-0.3239960079707079,1.241490068993719,0.0,-0.0135736389428385,0.9555024947291448,0.0,-0.2942937298918608,1.277102113707258,0.0,0.0452848338750983,1.1586690126693104,0.0,-0.2400786281775525,1.5153082271009306,0.0,0.522723063826561,0.5540081560611725,-0.0003109443932771,0.2509343691011872
873,1,0.2495832476369714,0.0027310271978326,0.0,-0.2495832476369714,-0.0027310271978326,0.0,0.2148086384457569,0.5353521351840377,0.0,-0.324137467370674,0.6352933815584718,0.0,0.0621162256462089,0.9097277417351016,0.0,-0.3209610310428589,1.2329569249741965,0.0,-0.0165227733545362,0.9450276208430052,0.0,-0.2899240007617532,1.2666960490900572,0.0,0.0425415117558001,1.1480657320121082,0.0,-0.2386178558763712,1.5007594290105597,0.0,0.5229941457509995,0.5539296865463257,-0.0003128293901681,0.2533881487491076
874,1,0.2597586953852898,0.0032513859097861,0.0,-0.2597586953852898,-0.0032513859097861,0.0,0.2231946432805584,0.5576947175547632,0.0,-0.3384747788480983,0.6605192616812576,0.0,0.0645886740438036,0.9473770198557596,0.0,-0.3333283518712687,1.285874004782602,0.0,-0.0181806611144067,0.9896625323813842,0.0,-0.3001546724832292,1.3191327157118382,0.0,0.0443173993176011,1.1945946640424128,0.0,-0.2480677760773079,1.5618041699592315,0.0,0.5229635983705521,0.5540362298488617,-0.0003183782100677,0.2435874237718799
875,1,0.2642501285721873,0.0030431136439385,0.0,-0.2642501285721873,-0.0030431136439385,0.0,0.226914732905975,0.5677516090033655,0.0,-0.3457203128107983,0.6697115278466466,0.0,0.0651546392214477,0.9657930630104078,0.0,-0.3374699581442842,1.3058328679933178,0.0,-0.0201744514615329,1.0134066020652794,0.0,-0.3010198929691772,1.3398543386513742,0.0,0.042796094729483,1.213141489859785,0.0,-0.2537639940944274,1.5861871917857893,0.0,0.5229315310716629,0.5547086894512177,-0.0003258269280195,0.2395750858737637
876,1,0.2432921955845296,0.0024776826985241,0.0,-0.2432921955845296,-0.0024776826985241,0.0,0.2084363449687241,0.5195424252201556,0.0,-0.3184160570550293,0.6140815557728709,0.0,0.060905578214832,0.8824449763215373,0.0,-0.310093461109557,1.1975276331228202,0.0,-0.0171161256207467,0.9231233011394284,0.0,-0.2771931274595352,1.22979360581579,0.0,0.0444131092108587,1.1134776111940206,0.0,-0.2225001308211176,1.4588694643883389,0.0,0.522981807589531,0.5554953813552856,-0.0003189723938703,0.2603165697926912
877,1,0.2432814590854033,0.0027086521929733,0.0,-0.2432814590854033,-0.0027086521929733,0.0,0.2080528036967803,0.5244646595623983,0.0,-0.3196048966205267,0.6154383844086969,0.0,0.0589386838608101,0.8866381553513635,0.0,-0.311178233641599,1.2022470184303906,0.0,-0.02435526799666,0.9309605118759706,0.0,-0.2778218513326122,1.23430202237414,0.0,0.0446888030113011,1.1170471777072477,0.0,-0.2274004668704192,1.4653723464048216,0.0,0.5231459140777588,0.5554328858852386,-0.0003190748393535,0.2597613053002371
878,1,0.2446138002531843,0.0027565862292013,0.0,-0.2446138002531843,-0.0027565862292013,0.0,0.2061680609494359,0.5296157776999024,0.0,-0.3263960785990435,0.6217955391581247,0.0,0.0558178293830133,0.8954902870346437,0.0,-0.3175531947069488,1.2142700345700468,0.0,-0.0277342308569393,0.9401977610331494,0.0,-0.284833029499256,1.247018126015969,0.0,0.0457328652105029,1.128177266033761,0.0,-0.2296208866192497,1.48054683196321,0.0,0.5242555439472198,0.555440217256546,-0.0003190394490957,0.2571903754617163
879,1,0.2435773909491708,0.0032521737763626,0.0,-0.2435773909491708,-0.0032521737763626,0.0,0.2038563122731842,0.5316823556202145,0.0,-0.323575659208477,0.6203460753657579,0.0,0.0528684237944882,0.8999286549093786,0.0,-0.3212561479256036,1.2174950621691507,0.0,-0.0307792569206505,0.9473444025409962,0.0,-0.2881341357970082,1.2515088274831097,0.0,0.0419925912535876,1.1321096656156753,0.0,-0.2358018331342914,1.484513602893936,0.0,0.5250238478183746,0.5552869141101837,-0.0003188513219356,0.2564310657186338
880,1,0.2419006167833366,0.0036877693452058,0.0,-0.2419006167833366,-0.0036877693452058,0.0,0.2016735293721804,0.5315385133381847,0.0,-0.3181041467039288,0.6169312275864292,0.0,0.0500272627661776,0.898008226872737,0.0,-0.3228828429371778,1.216290731648966,0.0,-0.0335812903553138,0.94122764385614,0.0,-0.2901525986001326,1.2504358842471688,0.0,0.0396131943650382,1.1311225175711277,0.0,-0.2383139537713384,1.4829307680638188,0.0,0.525768831372261,0.5551477372646332,-0.0003176759928464,0.2567378518847794
881,1,0.2487049762942995,0.0045000902587857,0.0,-0.2487049762942995,-0.0045000902587857,0.0,0.2076986302906231,0.5505148841943664,0.0,-0.3293466033380806,0.6373734947224674,0.0,0.0482415415530346,0.9301072719745144,0.0,-0.3373839883680082,1.259428958866638,0.0,-0.0377580219660112,0.9741321703563892,0.0,-0.3040465041526056,1.294634996409956,0.0,0.0361649304550892,1.172549214389195,0.0,-0.2500288501096244,1.5353655692449526,0.0,0.5266413241624832,0.554723858833313,-0.000312004238367,0.2481887627966455
882,1,0.247359265939582,0.005768123717496,0.0,-0.247359265939582,-0.005768123717496,0.0,0.2084639496079242,0.5508020264265698,0.0,-0.3258688349200298,0.6359593630771164,0.0,0.046612812897729,0.9297044408835354,0.0,-0.3381140866291575,1.2539894739351565,0.0,-0.0374036551030943,0.9735066651080556,0.0,-0.3050652733904487,1.29094361434529,0.0,0.0327828618464275,1.1721506362770706,0.0,-0.2527666052036571,1.5324186234622204,0.0,0.5271850973367691,0.5540346205234528,-0.000309569761157,0.24905175693383
883,1,0.2583475472936266,0.0075309362369151,0.0,-0.2583475472936266,-0.0075309362369151,0.0,0.2182109780046749,0.5765757401652829,0.0,-0.3408072480463069,0.6586861011011559,0.0,0.0480409765469132,0.9763997866907212,0.0,-0.3533869823514688,1.3139688271795855,0.0,-0.0402042116801087,1.023162059477259,0.0,-0.3181454215907949,1.355165419005006,0.0,0.0268947897690457,1.2281775198561649,0.0,-0.2671670648304761,1.604679570193542,0.0,0.5272621810436249,0.5531689524650574,-0.0003032125532627,0.2383572806335374
884,1,0.2579045889871941,0.0079548954433553,0.0,-0.2579045889871941,-0.0079548954433553,0.0,0.2183255099959393,0.574464319480039,0.0,-0.3399466109839118,0.6504841731381347,0.0,0.0470109858634373,0.9771860286388367,0.0,-0.3523824899069534,1.3106562201294385,0.0,-0.0406445089467646,1.0239252344640404,0.0,-0.3175026636600264,1.35047743381746,0.0,0.0257563325737721,1.2264888073832296,0.0,-0.2729703888107406,1.599889844390676,0.0,0.527581974864006,0.5515434741973877,-0.0002815574407577,0.2397629285952292
885,1,0.2579083336184566,0.0081814626338582,0.0,-0.2579083336184566,-0.0081814626338582,0.0,0.2138452425766026,0.5678780741967995,0.0,-0.3429530133088029,0.6457113364516003,0.0,0.042522091846912,0.9750272353800584,0.0,-0.356131516904799,1.3039847768212198,0.0,-0.0441800842215303,1.021708444064399,0.0,-0.3222518544595744,1.3413928345263175,0.0,0.0232630428860098,1.2225500838186505,0.0,-0.2808604486846059,1.5906283589561017,0.0,0.5286361426115036,0.5514200329780579,-0.0002825260162353,0.2403429947846419
886,1,0.2591922532055888,0.008419166296936,0.0,-0.2591922532055888,-0.008419166296936,0.0,0.2147779923236967,0.5763754898431432,0.0,-0.3412184719980953,0.6498044122733494,0.0,0.0417261898151487,0.9859399534370256,0.0,-0.3586238083989096,1.2912279979144254,0.0,-0.0447481769548059,1.0310445772417065,0.0,-0.3275521242579015,1.3330112615485603,0.0,0.0164162850840064,1.233443152419737,0.0,-0.2972891829782992,1.5768134380970216,0.0,0.5288270860910416,0.5499416887760162,-0.0002922359853982,0.239415638508689
887,1,0.2577200897239346,0.0090611642676242,0.0,-0.2577200897239346,-0.0090611642676242,0.0,0.2128609924519874,0.5730941306051973,0.0,-0.3374410738018444,0.6375056167038332,0.0,0.0409186526932151,0.9794668392001332,0.0,-0.3586876309292454,1.23624452388397,0.0,-0.0414600802858558,1.019103290106398,0.0,-0.3306661292161668,1.2812633947716243,0.0,0.0154200677419216,1.224888002957921,0.0,-0.3148713837023253,1.5199483843574375,0.0,0.5289485305547714,0.5495247840881348,-0.0002933889627456,0.2413677940436267
888,1,0.2569015080616534,0.0103886994395187,0.0,-0.2569015080616534,-0.0103886994395187,0.0,0.212204758578105,0.573109447278633,0.0,-0.3341212979576684,0.632407755243193,0.0,0.0381794273767193,0.9814090771229136,0.0,-0.3588737679303134,1.2049344251236704,0.0,-0.0433313765022517,1.023808932877976,0.0,-0.3395451278165747,1.2510977797764735,0.0,0.0106735649702539,1.2231690191355706,0.0,-0.3270735684173966,1.4738819481591328,0.0,0.5289474874734879,0.5489921271800995,-0.0003057550638914,0.2421404758529362
889,1,0.259753073343233,0.0109353504776443,0.0,-0.259753073343233,-0.0109353504776443,0.0,0.2145460782199651,0.5828754515872323,0.0,-0.3376301588247886,0.6343137679120372,0.0,0.0373530972907401,1.0021087508157398,0.0,-0.3640679328410114,1.1971854021746084,0.0,-0.0441193065261057,1.0446729014816305,0.0,-0.3448200491399729,1.2438905813628605,0.0,0.0101934732139807,1.2457457720922835,0.0,-0.33035754745321,1.459811446222331,0.0,0.529061496257782,0.5466799139976501,-0.0003064116463065,0.2395828251191691
890,1,0.2612794131419161,0.0105659726476264,0.0,-0.2612794131419161,-0.0105659726476264,0.0,0.2160046365465211,0.5820808804827692,0.0,-0.3386186883631434,0.6340363494290705,0.0,0.0372200003616428,1.0092189924652033,0.0,-0.3663307131726927,1.188455823982821,0.0,-0.0429488077887952,1.050867957395931,0.0,-0.3503617687066622,1.2314173802304165,0.0,0.0075425881537173,1.2526618119268482,0.0,-0.3314503049706813,1.4402181376756589,0.0,0.5291290879249573,0.5460785627365112,-0.0003079175949096,0.2384474022443125
891,1,0.2605427065050046,0.0104340027590151,0.0,-0.2605427065050046,-0.0104340027590151,0.0,0.2156568219480605,0.5777202186528179,0.0,-0.3383128868840944,0.6267751194171745,0.0,0.0376078602077658,1.0063078427468295,0.0,-0.3623670214880179,1.1547931944869905,0.0,-0.0383070568773014,1.0469992948239832,0.0,-0.3431880767769892,1.19197396164715,0.0,0.0053842628778774,1.2488012581763506,0.0,-0.3319848580098286,1.3952366131238283,0.0,0.5291560292243958,0.5459727346897125,-0.0003104833886027,0.239203990131769
892,1,0.2538691275130669,0.0094340703162287,0.0,-0.2538691275130669,-0.0094340703162287,0.0,0.2102247680541008,0.5634502894606312,0.0,-0.329852371053263,0.6055678231095605,0.0,0.037223173640102,0.9809412972350804,0.0,-0.3536359832402363,1.113029686750184,0.0,-0.0354585396142615,1.0188406469908322,0.0,-0.3377884922713738,1.149907431823759,0.0,0.0021896555462282,1.2185260218481069,0.0,-0.3227983241866278,1.3378715309178082,0.0,0.529129296541214,0.5453747808933258,-0.0003101751208305,0.2456288218743714
893,1,0.2574473023575214,0.0092178062546804,0.0,-0.2574473023575214,-0.0092178062546804,0.0,0.2112388279776103,0.5732734696876441,0.0,-0.3351285427536237,0.6124392337235681,0.0,0.04039775195409,0.9995331623163836,0.0,-0.3582231752401692,1.1059912023638263,0.0,-0.0292277281627173,1.0363329677456463,0.0,-0.3422323291603205,1.1396433740935228,0.0,0.0005695096573231,1.2383474631957463,0.0,-0.3276064591996994,1.3307878080279776,0.0,0.5292130410671234,0.5450667142868042,-0.0003101294860243,0.2420252918817107
894,1,0.2555425512648328,0.0081906085770879,0.0,-0.2555425512648328,-0.0081906085770879,0.0,0.2083499118335892,0.5697855842867536,0.0,-0.3319848500849094,0.604518095890539,0.0,0.0400664469958788,0.9945349824616074,0.0,-0.3410809364958601,1.0616417791497808,0.0,-0.0266988859228502,1.0327046189944729,0.0,-0.3219221792242327,1.0981155848792077,0.0,0.0001704263516428,1.2309706559716809,0.0,-0.3237039259295755,1.290768612549674,0.0,0.5292168110609055,0.5446498692035675,-0.0003151698037981,0.2438551208133873
895,1,0.2594527234770645,0.0079081592870042,0.0,-0.2594527234770645,-0.0079081592870042,0.0,0.2085078371839636,0.5801832576683676,0.0,-0.3358783671062749,0.6013137083869071,0.0,0.0408334667729061,1.0117534792754077,0.0,-0.3389078344153641,1.039350383992908,0.0,-0.0239293543828374,1.0504834560898335,0.0,-0.32427101392733,1.0799052633693895,0.0,-0.0008978083800131,1.2514624843969795,0.0,-0.325272315353498,1.2718364679580123,0.0,0.5291906297206879,0.5442520380020142,-0.0003174915909767,0.2401623857329397
896,1,0.2678773303283189,0.008230765171633,0.0,-0.2678773303283189,-0.008230765171633,0.0,0.2147566764897189,0.6006529309556958,0.0,-0.3419119421258313,0.6167193845707235,0.0,0.0451967648999419,1.0464729349773492,0.0,-0.3301662238837038,1.0500442543774235,0.0,-0.0210723601555618,1.0868396819061057,0.0,-0.3198771909453373,1.0986269062636511,0.0,0.0007114327530064,1.2928775761047933,0.0,-0.328233627410875,1.2973866262606086,0.0,0.5284394174814224,0.5438695549964905,-0.0003201933577656,0.2326392714991662
897,1,0.2752930724950025,0.0084082712329455,0.0,-0.2752930724950025,-0.0084082712329455,0.0,0.2252495499923536,0.6227758419385673,0.0,-0.3400049243703695,0.6311480941213693,0.0,0.0551414715081217,1.082698739269606,0.0,-0.3207666615184577,1.0606550805817936,0.0,-0.0123033422891211,1.12416286706665,0.0,-0.3048717053721719,1.1051421698326376,0.0,0.0091202082094079,1.3372980098607448,0.0,-0.3300095719865962,1.3074694865770855,0.0,0.5267020761966705,0.5420321524143219,-0.0003279903903603,0.225881414957649
898,1,0.2792870918438108,0.0085944870112793,0.0,-0.2792870918438108,-0.0085944870112793,0.0,0.2237987267472175,0.634072983324426,0.0,-0.3364790588869191,0.6394253175819508,0.0,0.0589314555158341,1.1024934928477217,0.0,-0.2969725633488489,1.0662287468440104,0.0,-0.008369087369125,1.1446885209093536,0.0,-0.2715002532819681,1.111297653944726,0.0,0.0131426673874628,1.359205002762821,0.0,-0.3339016805100849,1.308853115140628,0.0,0.525777667760849,0.5421113967895508,-0.0003328230232,0.2217328038611022
899,1,0.2782711836038691,0.0086868430349953,0.0,-0.2782711836038691,-0.0086868430349953,0.0,0.2272095749579726,0.6326659094054373,0.0,-0.3251913685173213,0.6392644143573992,0.0,0.0649859178077497,1.1004086026752669,0.0,-0.2726175242967918,1.07232916803712,0.0,-0.0003678048587832,1.1415547606565737,0.0,-0.2467906263393493,1.114581957546894,0.0,0.0206394286280795,1.3549555686495849,0.0,-0.3254465800519873,1.3050903981121065,0.0,0.5241034030914307,0.5420700907707214,-0.0003368407487869,0.2223395658838214
900,1,0.2789777726557471,0.0091229093355663,0.0,-0.2789777726557471,-0.0091229093355663,0.0,0.2257504858016659,0.632673473760106,0.0,-0.3204157241870604,0.6382450420187608,0.0,0.0670656483703873,1.098505343825064,0.0,-0.2596300729132667,1.063826500222939,0.0,0.0022371260328168,1.138169840126521,0.0,-0.2319003167353901,1.1069954804678972,0.0,0.0230207485312448,1.3551535442326534,0.0,-0.3260870484632625,1.2954975660835484,0.0,0.5233940333127975,0.5422610938549042,-0.0003433749079704,0.2219728300956291
901,1,0.2786108862113278,0.0092559141009799,0.0,-0.2786108862113278,-0.0092559141009799,0.0,0.2250640314723777,0.6329302171498715,0.0,-0.316172939569223,0.6361356133863394,0.0,0.0675821164510812,1.0990156780379048,0.0,-0.253432365786601,1.0597567608270608,0.0,0.0045912848028763,1.1387141248978023,0.0,-0.2220969376801095,1.103185567819668,0.0,0.0216813581742781,1.3541615646690446,0.0,-0.3264290791490706,1.2971914294971822,0.0,0.5229818522930145,0.5422773361206055,-0.0003385606687515,0.2218580681927842
902,1,0.2780343256630261,0.0093866679419799,0.0,-0.2780343256630261,-0.0093866679419799,0.0,0.2245523191290274,0.6306579731478356,0.0,-0.3132458128742447,0.6303049972609462,0.0,0.0676922988634873,1.0943951759126576,0.0,-0.247131795608186,1.0533364208513636,0.0,0.0056759352828239,1.1336665553524796,0.0,-0.2167095859275007,1.094897858567962,0.0,0.0235928091893389,1.347838022369493,0.0,-0.3236162872809349,1.2840476737548727,0.0,0.5225614458322525,0.5423299372196198,-0.0003343739081174,0.2225617237094255
903,1,0.2770093726861422,0.0095044586678476,0.0,-0.2770093726861422,-0.0095044586678476,0.0,0.224235626999979,0.62871505543366,0.0,-0.3094320386313351,0.6267702213963793,0.0,0.0689097280194977,1.09105589937718,0.0,-0.2377930023372814,1.0551652352766958,0.0,0.0082530640831182,1.1294877954887657,0.0,-0.2073868503111826,1.0968460854354616,0.0,0.0231235027302854,1.3437519099913535,0.0,-0.3200614843455933,1.2840870179765251,0.0,0.5220059454441071,0.5422652363777161,-0.000335767166689,0.2232683246308461
904,1,0.2741640259723139,0.0096904182618447,0.0,-0.2741640259723139,-0.0096904182618447,0.0,0.2236183487746782,0.6277019119007177,0.0,-0.3042522717676995,0.6233689235165154,0.0,0.0732103808851998,1.0878493661987654,0.0,-0.2293789030322068,1.0398879424515948,0.0,0.0144106322261323,1.124322144252229,0.0,-0.1985868526263929,1.0766044577538876,0.0,0.0276533346275681,1.340981940921628,0.0,-0.3150758287567687,1.277132893099049,0.0,0.5209414809942245,0.5418534278869629,-0.0003366745077073,0.2240029165693574
905,1,0.2713642269328076,0.0097497710258462,0.0,-0.2713642269328076,-0.0097497710258462,0.0,0.2173945317578092,0.6194214777318874,0.0,-0.2957792391407979,0.6134811468239639,0.0,0.0716207971667134,1.0737188832056908,0.0,-0.2180416532397085,1.0260951026885865,0.0,0.0127223663047349,1.1120835859903069,0.0,-0.1882146985389928,1.0675957243897494,0.0,0.0311769522959463,1.3224882994845777,0.0,-0.3089762093576178,1.255943669274061,0.0,0.5199888199567795,0.5418203473091125,-0.0003380810376256,0.2269064565330528
906,1,0.2653360726166212,0.0096478181367498,0.0,-0.2653360726166212,-0.0096478181367498,0.0,0.2151381476245501,0.611016027302166,0.0,-0.2861346756140494,0.6021999153963866,0.0,0.0747086941882776,1.059936479313207,0.0,-0.2079564877896442,1.0123390422940473,0.0,0.0175307977990923,1.0990299043553236,0.0,-0.1807484589566241,1.0527690410989143,0.0,0.0350076180835833,1.3032764238330117,0.0,-0.2986198363506561,1.2388483452550552,0.0,0.5188402682542801,0.5411008298397064,-0.0003375264350324,0.2305120880197461
907,1,0.2619088948935938,0.0103539976917463,0.0,-0.2619088948935938,-0.0103539976917463,0.0,0.2127766664642911,0.604311474861894,0.0,-0.2789427714790052,0.5889122448524787,0.0,0.0763499122658588,1.0470909957377694,0.0,-0.2005390659321975,0.9955530851525852,0.0,0.018526846971936,1.0881080427221277,0.0,-0.1744264052268802,1.0364844615169562,0.0,0.0398130551070444,1.287393760270571,0.0,-0.2900782898115908,1.2214041111597114,0.0,0.5176191329956055,0.5408193171024323,-0.0003364940639585,0.2330735554700118
908,1,0.2619191159221077,0.0107319747691262,0.0,-0.2619191159221077,-0.0107319747691262,0.0,0.2136059599398841,0.6025433786831247,0.0,-0.2767678771314823,0.5865144550125158,0.0,0.080040358758448,1.0444664932569985,0.0,-0.1965181058947811,0.991268067017317,0.0,0.0228425497835718,1.0861177546537684,0.0,-0.1693975948019579,1.0304520640298414,0.0,0.0439568404611212,1.2843666719090296,0.0,-0.2845329837062708,1.2211828053290954,0.0,0.5166116654872894,0.5409303903579712,-0.0003364926669746,0.2335372344864785
909,1,0.2555927826703156,0.0104890553724608,0.0,-0.2555927826703156,-0.0104890553724608,0.0,0.2103911345941449,0.5873016883419527,0.0,-0.2689579737806787,0.5716144222743653,0.0,0.0795760146875855,1.0154437523182576,0.0,-0.1889100113651919,0.9670654060941716,0.0,0.0242132654178993,1.0559544354567134,0.0,-0.1627176283879061,1.006035675754302,0.0,0.0438745791254159,1.2511329908880655,0.0,-0.2740883275936772,1.193992017782504,0.0,0.5158934146165848,0.5409173965454102,-0.0003366754390299,0.2393606247728275
910,1,0.2561230850493178,0.0105956317837864,0.0,-0.2561230850493178,-0.0105956317837864,0.0,0.212662505982545,0.5898985584626405,0.0,-0.2700261771571027,0.5746927472998586,0.0,0.0810065709433365,1.017833636980689,0.0,-0.1881183733126978,0.9684891810682434,0.0,0.0249321087740408,1.0581711428837348,0.0,-0.1618807308899653,1.0073946216993854,0.0,0.0454188482665471,1.256946005750553,0.0,-0.2776450946492906,1.1996741528769717,0.0,0.5154620856046677,0.5409042835235596,-0.0003377252724021,0.2382412264217506
911,1,0.2567249795459937,0.0102623570337303,0.0,-0.2567249795459937,-0.0102623570337303,0.0,0.2151442297106602,0.5921571575134924,0.0,-0.2703344877731188,0.5777919137483575,0.0,0.0833556364458176,1.0200285921442869,0.0,-0.1875561214475344,0.9721953468292548,0.0,0.0272203328482697,1.0586535986080017,0.0,-0.1604523208126986,1.0104587837356338,0.0,0.047089858806633,1.2619003218565157,0.0,-0.2755782493213597,1.2056993239288551,0.0,0.5149711221456528,0.5404468178749084,-0.0003383923321962,0.2377133141391443
912,1,0.2602321924863612,0.0103263472424055,0.0,-0.2602321924863612,-0.0103263472424055,0.0,0.2221646689170116,0.6010688953565267,0.0,-0.2718443644533417,0.5885423591409596,0.0,0.0891015576513813,1.034937779191685,0.0,-0.1853613809163674,0.9871279585437144,0.0,0.0325770837441735,1.074256203851115,0.0,-0.1576613509806098,1.0254215332745202,0.0,0.0533163888425313,1.2798733562718827,0.0,-0.2741799301333077,1.2240803737635442,0.0,0.5138113349676132,0.5400249063968658,-0.0003402396105229,0.2346731311106041
913,1,0.2609111789366335,0.0105459830994727,0.0,-0.2609111789366335,-0.0105459830994727,0.0,0.2231010510523484,0.6011253621310714,0.0,-0.2785880663582888,0.5891618999771892,0.0,0.0904597679119547,1.0355202275601498,0.0,-0.1911221536417584,0.9814155787418428,0.0,0.0339608491417553,1.074669212881933,0.0,-0.1571806418556188,1.0157477814430869,0.0,0.0556400602980831,1.2820847424827098,0.0,-0.2747759356936525,1.2260094644638282,0.0,0.5135248601436615,0.5400757789611816,-0.0003444049507379,0.2342591765365055
914,1,0.2643540727342632,0.0103734311511659,0.0,-0.2643540727342632,-0.0103734311511659,0.0,0.2255685007532319,0.6059300707778178,0.0,-0.286916511081494,0.59398882963957,0.0,0.0915515564767825,1.0486410926604013,0.0,-0.1999211042740445,0.9953172478029416,0.0,0.0346839608756227,1.0865534246436943,0.0,-0.1602156266798068,1.0306709633889644,0.0,0.0651019497073788,1.2991214908070374,0.0,-0.279977385625596,1.2419622995644717,0.0,0.5135366767644882,0.5401702523231506,-0.0003492720425128,0.2311860798602111
915,1,0.2549589536754243,0.0097365031803307,0.0,-0.2549589536754243,-0.0097365031803307,0.0,0.2187435643852505,0.58547975587503,0.0,-0.277486908953825,0.5750371989805303,0.0,0.0890912378153826,1.0145038487951918,0.0,-0.1989761817941675,0.9640168902093948,0.0,0.0333406974579979,1.04960337871596,0.0,-0.1634702155094815,0.9962562661660852,0.0,0.0631264806030963,1.2591590728573137,0.0,-0.2667092947559419,1.2027978172512293,0.0,0.5134139209985733,0.5401007533073425,-0.0003557968884706,0.2388225381238501
916,1,0.2542935643003228,0.0106265777188195,0.0,-0.2542935643003228,-0.0106265777188195,0.0,0.2178930867022568,0.5840930968381168,0.0,-0.279693280094739,0.5738584738195274,0.0,0.0878276999767146,1.0137542897530505,0.0,-0.2086792729077342,0.9629475997438436,0.0,0.0318187248817581,1.04719958909721,0.0,-0.1774973492686711,0.993893499575552,0.0,0.0639134574555206,1.2600880575237472,0.0,-0.2694856884347861,1.2034128094964711,0.0,0.5137564390897751,0.5408263206481934,-0.000350447371602,0.2381419936116431
917,1,0.2555446388055529,0.0107156614380254,0.0,-0.2555446388055529,-0.0107156614380254,0.0,0.2198907748852303,0.5888292243473003,0.0,-0.2833206219722406,0.5777890291448802,0.0,0.0867623885338998,1.020747381478608,0.0,-0.2141872451563189,0.9695148889985074,0.0,0.0291458028950507,1.054250705275399,0.0,-0.1806861890644032,0.9994551445015832,0.0,0.0613255429462167,1.2710138112029967,0.0,-0.2845002064582761,1.2134314931044874,0.0,0.5141718983650208,0.5408346652984619,-0.0003486182540655,0.2365571502672355
918,1,0.2578781027197588,0.0112029797582488,0.0,-0.2578781027197588,-0.0112029797582488,0.0,0.2226181121293137,0.5987658952221294,0.0,-0.2879405705110245,0.583732557995219,0.0,0.0866511298601473,1.0321408607698934,0.0,-0.2259176652682527,0.9806696674370148,0.0,0.0276227309837338,1.0657074784698397,0.0,-0.1925644400870276,1.0104056727190538,0.0,0.0663609941344126,1.2855321117130962,0.0,-0.294800107443471,1.2292716967981616,0.0,0.5144478678703308,0.5411034226417542,-0.0003507621586322,0.2337902377081157
919,1,0.2571742470891931,0.0115638195643968,0.0,-0.2571742470891931,-0.0115638195643968,0.0,0.2204091261586945,0.5976984391749,0.0,-0.2888954757579854,0.582841066415293,0.0,0.0864893291699776,1.029383891353992,0.0,-0.231899543997746,0.9852331345365828,0.0,0.0305617861905865,1.0622973265929263,0.0,-0.199648375190777,1.0157596167831453,0.0,0.0546436477488696,1.283487203283495,0.0,-0.2969963339928977,1.238296885006437,0.0,0.5150569081306458,0.5408185422420502,-0.0003504958003759,0.2346776218003616
920,1,0.2552213071190899,0.0130794376212898,0.0,-0.2552213071190899,-0.0130794376212898,0.0,0.2163391269080962,0.5963123926480424,0.0,-0.2860680869359137,0.5829697593957374,0.0,0.0828246427382944,1.0300489699489483,0.0,-0.2377739554012638,1.0096416118641314,0.0,0.0271525961633168,1.0648358765137158,0.0,-0.2170824971520591,1.044042917939823,0.0,0.0481551037946303,1.2758626073957955,0.0,-0.2850258826094633,1.2567185883398515,0.0,0.5155178606510162,0.5400797128677368,-0.0003440398722887,0.2366561084241443
921,1,0.2551497849483784,0.0136188743374942,0.0,-0.2551497849483784,-0.0136188743374942,0.0,0.2115303583333799,0.6013601979582851,0.0,-0.2880190759663017,0.5914337207300744,0.0,0.0793932538332183,1.0512672354998147,0.0,-0.2520138007464309,1.075839118826469,0.0,0.0233652238162678,1.089256640371944,0.0,-0.2324422840188169,1.1127273558177626,0.0,0.0444759679602814,1.2844459334587326,0.0,-0.2828312954091767,1.3081883294496044,0.0,0.5164538770914078,0.5399692356586456,-0.0003385748714208,0.2351886447618756
922,1,0.2616029153878753,0.0141250725000227,0.0,-0.2616029153878753,-0.0141250725000227,0.0,0.2129639939702349,0.6154455612959066,0.0,-0.295786837114623,0.611978740155481,0.0,0.078941415224527,1.073667112269982,0.0,-0.2712101055947405,1.13284327726875,0.0,0.0213590364361992,1.1109899964553192,0.0,-0.2520454986796325,1.167499077618803,0.0,0.033925487379354,1.312277644775949,0.0,-0.2826475384509571,1.3886715618437009,0.0,0.5171084105968475,0.5399163365364075,-0.0003421064466238,0.2305221540936924
923,1,0.2641443172297522,0.0144547510938477,0.0,-0.2641443172297522,-0.0144547510938477,0.0,0.21057339788492,0.6201222296762248,0.0,-0.3019942268649725,0.6304520493709329,0.0,0.0755179498369246,1.078478718262408,0.0,-0.2912252415807156,1.1811984702754323,0.0,0.0148457346132371,1.1158591615729998,0.0,-0.276114538093121,1.2155808314120666,0.0,0.0286550670452755,1.3192738482377004,0.0,-0.2829600333457867,1.4502518317033124,0.0,0.5178077965974808,0.5401778519153595,-0.0003446768969297,0.2291674145205187
924,1,0.2583383333246684,0.0143066984639122,0.0,-0.2583383333246684,-0.0143066984639122,0.0,0.202805101790395,0.606176822518388,0.0,-0.2969824499789118,0.6252168527890728,0.0,0.0699387760480714,1.0506266805162083,0.0,-0.2988170580099323,1.1941022288281924,0.0,0.010126270907975,1.0859968385822487,0.0,-0.2968927281797847,1.2300211091968036,0.0,0.026175827992501,1.2849014498990112,0.0,-0.2763485905166717,1.4643701398427258,0.0,0.5182293355464935,0.5403420031070709,-0.0003436058759689,0.2351718808113329
925,1,0.2427195134617451,0.0134327548513058,0.0,-0.2427195134617451,-0.0134327548513058,0.0,0.1908484651354483,0.570090639886524,0.0,-0.2832487299687433,0.6024281902058543,0.0,0.0623156246797299,0.9922667708350736,0.0,-0.2897555398814155,1.1685365721359646,0.0,-0.0005962100702345,1.0225150613566267,0.0,-0.2901123036237518,1.2134524501221575,0.0,0.0233626790129971,1.2067786039718151,0.0,-0.2595298218244125,1.4194756109587303,0.0,0.5183156877756119,0.5403549671173096,-0.0003358945250511,0.2508561367368633
926,1,0.2432156891985493,0.0123075353788643,0.0,-0.2432156891985493,-0.0123075353788643,0.0,0.1913622110931616,0.5715846747721636,0.0,-0.285536616780879,0.6241127795160207,0.0,0.062551579358996,0.9901172370156616,0.0,-0.3000149227483732,1.2008995250369052,0.0,0.0004730831196249,1.0212088186545514,0.0,-0.3124532919252482,1.2560247996110907,0.0,0.0231936804821589,1.2079362424531848,0.0,-0.2589182426959742,1.4729950505189735,0.0,0.518372192978859,0.5410628020763397,-0.0003368519246578,0.2505664065778306
927,1,0.2297672525602895,0.0103530867902499,0.0,-0.2297672525602895,-0.0103530867902499,0.0,0.1802925335238531,0.5396791642020371,0.0,-0.2710174391465638,0.5991552097806362,0.0,0.0587548695968269,0.914700345881282,0.0,-0.2849954107951397,1.175792365828221,0.0,-0.0004377885696302,0.9472453659699756,0.0,-0.291173818656444,1.2189282032584616,0.0,0.0255378165021967,1.1325537442334177,0.0,-0.2407308592951896,1.433584946619508,0.0,0.5186254680156708,0.5432553887367249,-0.0003268979489803,0.2650147790593893
928,1,0.2311652011579834,0.0091288653199153,0.0,-0.2311652011579834,-0.0091288653199153,0.0,0.186856974260165,0.5379098511191708,0.0,-0.2760150351013321,0.6071518983418212,0.0,0.06141734589371,0.9045196018598588,0.0,-0.2891812525448274,1.1974400456886531,0.0,-0.0005743340836604,0.9368652202087262,0.0,-0.2973593945808958,1.2407955144608755,0.0,0.02756390980882,1.1332670153563351,0.0,-0.2280703199044903,1.470427179744064,0.0,0.5189741402864456,0.5447198450565338,-0.0003269277513027,0.2636282665407848
929,1,0.2192644528455767,0.0064567267744758,0.0,-0.2192644528455767,-0.0064567267744758,0.0,0.1811154748804335,0.5015968318657553,0.0,-0.2689974987133582,0.5860045090824814,0.0,0.0584482151537684,0.8461235955786124,0.0,-0.274323885399978,1.147280804189786,0.0,-0.0018197537726627,0.875166558910648,0.0,-0.280288432605656,1.191056335510807,0.0,0.0231361691738327,1.0638451256798305,0.0,-0.2134513209175045,1.3957371848699267,0.0,0.5197479724884033,0.546402782201767,-0.0003276169300079,0.2796884223475587
930,1,0.2060800789701078,0.0042005919308173,0.0,-0.2060800789701078,-0.0042005919308173,0.0,0.1777777530856139,0.4674345420009132,0.0,-0.262902345239381,0.5524484708103675,0.0,0.0541801413002727,0.7918184013592663,0.0,-0.2600384420993891,1.0738512082231937,0.0,-0.0034484724742067,0.8191960913587308,0.0,-0.2641835518639281,1.1185726434671537,0.0,0.0222717755959297,1.0003916161176811,0.0,-0.1992224631522207,1.3153467177499825,0.0,0.52042256295681,0.547814130783081,-0.0003277324140071,0.2970447151921357
931,1,0.2103264791933101,0.0037605193188201,0.0,-0.2103264791933101,-0.0037605193188201,0.0,0.1836831270167014,0.4729950724588495,0.0,-0.2741272362649075,0.5658280353518872,0.0,0.0537437211663271,0.8040196202170273,0.0,-0.2676438934201031,1.0939717173226808,0.0,-0.0057925368609769,0.8324992427748716,0.0,-0.2668479848485624,1.130862007836213,0.0,0.0205216647726473,1.02166175221072,0.0,-0.1997606442243985,1.342967232970069,0.0,0.5210822522640228,0.5493595004081726,-0.0003364235162734,0.2906434666553596
932,1,0.2086606747466743,0.0029529160164016,0.0,-0.2086606747466743,-0.0029529160164016,0.0,0.1826979680388949,0.4654128152687023,0.0,-0.2722098245907955,0.5596810623181127,0.0,0.0538530707234196,0.7951009740955765,0.0,-0.2623710445978934,1.0811215468065665,0.0,-0.0058177695694239,0.8246698157855524,0.0,-0.2635565047490578,1.1160925703921674,0.0,0.0218001655083789,1.0104479350926754,0.0,-0.1907249302554872,1.3266291129679502,0.0,0.5211199074983597,0.5509783029556274,-0.0003334507346153,0.2929047069173576
933,1,0.2150552100177993,0.0018993196324178,0.0,-0.2150552100177993,-0.0018993196324178,0.0,0.1881822540023581,0.4720661961175755,0.0,-0.2816645817889818,0.5800468172115456,0.0,0.0549185227194435,0.8092564258781172,0.0,-0.2690597492455164,1.1068915509395985,0.0,-0.0077891564742485,0.8398315590728433,0.0,-0.264557627265666,1.1406752516393917,0.0,0.0224972181997397,1.0312556505837451,0.0,-0.1976866988633805,1.3587222510264,0.0,0.5217362642288208,0.5531954765319824,-0.0003331415355205,0.2848553510382468
934,1,0.2194361909535586,0.0017275742265932,0.0,-0.2194361909535586,-0.0017275742265932,0.0,0.1894314136316653,0.4796823991237414,0.0,-0.2884815919448145,0.5912701800300468,0.0,0.0545548467639348,0.8243693708678274,0.0,-0.2747177149206599,1.128908092202507,0.0,-0.0088500536403775,0.8540298038597388,0.0,-0.2707101896390013,1.1652728114015192,0.0,0.0215269475586098,1.050483777459622,0.0,-0.2026873934101452,1.3817683485976462,0.0,0.522319108247757,0.5533494055271149,-0.0003297179937362,0.2800694155517549
935,1,0.2203210940581006,0.0020046035449374,0.0,-0.2203210940581006,-0.0020046035449374,0.0,0.190323308532122,0.4871870354941918,0.0,-0.2915952794737446,0.5941333044253252,0.0,0.0558083555959696,0.8337938661075248,0.0,-0.2723346885248167,1.1400604215018704,0.0,-0.008918101255919,0.8633267507953352,0.0,-0.269690498026862,1.1766174027169347,0.0,0.0215484432064699,1.0640963961648149,0.0,-0.2018948168540184,1.389697810899248,0.0,0.522590309381485,0.5531570017337799,-0.0003282129764556,0.2780861291349487
936,1,0.2149639828751238,0.0017861905240214,0.0,-0.2149639828751238,-0.0017861905240214,0.0,0.1851102791525398,0.4756710481912607,0.0,-0.2860858818196892,0.5764018626593271,0.0,0.0525229104000638,0.813234079292249,0.0,-0.2676691512123946,1.1038398115627537,0.0,-0.0107267631844174,0.8420647126432708,0.0,-0.2659945322425899,1.141056401338402,0.0,0.0204990510671566,1.0371271326056846,0.0,-0.1949214654590547,1.3570867447663868,0.0,0.5231560468673706,0.553125262260437,-0.0003327131271362,0.2850106213084417
937,1,0.2153607434336178,0.0020497703427484,0.0,-0.2153607434336178,-0.0020497703427484,0.0,0.1854119203372096,0.4773805923047387,0.0,-0.2877436971056716,0.575356829588704,0.0,0.0517436918084766,0.8107565726713116,0.0,-0.2679562987303,1.100215932893716,0.0,-0.011667995976173,0.839288973782906,0.0,-0.2648095552108149,1.146708874693586,0.0,0.0207993527280642,1.0343814180297797,0.0,-0.1959110121857613,1.3577124033949428,0.0,0.5233912169933319,0.5542618334293365,-0.000330626964569,0.2846367972138842
938,1,0.2110682845655617,0.0016498517574272,0.0,-0.2110682845655617,-0.0016498517574272,0.0,0.1822059219239243,0.4680571855304544,0.0,-0.2845513242184592,0.5629286573876163,0.0,0.0495513306292064,0.7990831454825346,0.0,-0.2639228724266502,1.0840842466691405,0.0,-0.0136850552544564,0.829539221453192,0.0,-0.2588046958565657,1.1256347181811264,0.0,0.025419016854464,1.018115515919553,0.0,-0.1922980662571758,1.3344931572901129,0.0,0.5238639861345291,0.5546914637088776,-0.0003257654607295,0.2893252654578411
939,1,0.1998815575523795,0.0014334245799916,0.0,-0.1998815575523795,-0.0014334245799916,0.0,0.1712167799941429,0.4437476300788979,0.0,-0.2711193188025895,0.5329387751879704,0.0,0.0470548056494127,0.7592085494074468,0.0,-0.2507341173401015,1.032102838009909,0.0,-0.0126075585407845,0.7878148796795225,0.0,-0.2443981578540429,1.0696639180446217,0.0,0.0238666756375589,0.9666147063633516,0.0,-0.1843169866049839,1.2666989070588883,0.0,0.5243870466947556,0.5546958446502686,-0.0003200843930244,0.3049207235866569
940,1,0.2026315913057541,0.0015978312974134,0.0,-0.2026315913057541,-0.0015978312974134,0.0,0.1695223859802266,0.4472324962838885,0.0,-0.2767134530337283,0.5380166867497103,0.0,0.0444851005807421,0.766098439373206,0.0,-0.2564305444278743,1.0432051044597308,0.0,-0.0148188212805293,0.7909326145570086,0.0,-0.2499641712321618,1.0847465457502006,0.0,0.0206844154382675,0.9742796332322408,0.0,-0.1884213501059341,1.2830719614662132,0.0,0.5254305005073547,0.5546319782733917,-0.000317994505167,0.3018036881214677
941,1,0.213342548117634,0.0014092535971293,0.0,-0.213342548117634,-0.0014092535971293,0.0,0.17692758448171,0.468405265598771,0.0,-0.2930823907535243,0.5649719549525,0.0,0.0459164601772049,0.7965432932255406,0.0,-0.2698680199322084,1.0946399868321868,0.0,-0.016155815546194,0.8133091701019318,0.0,-0.2604060812047237,1.1373265489206728,0.0,0.0204358362016797,1.0217304254817134,0.0,-0.1986335738684413,1.3518767250288128,0.0,0.525824561715126,0.5544492304325104,-0.0003289766609668,0.2874169449673578
942,1,0.210175036363481,0.0012320769255246,0.0,-0.210175036363481,-0.0012320769255246,0.0,0.1722803020599992,0.4620119567612743,0.0,-0.2898460204180386,0.5582781796095453,0.0,0.0429446827657147,0.7868346051003036,0.0,-0.2668187275449591,1.078328600902293,0.0,-0.0182267308626147,0.8041911288520462,0.0,-0.2578182270347549,1.1196502367543475,0.0,0.0176590739819885,1.0055557824471135,0.0,-0.1970497388854145,1.3297195051795945,0.0,0.5265238434076309,0.5529176294803619,-0.0003214813768863,0.2929008037699607
943,1,0.2093237918765025,0.001872282908647,0.0,-0.2093237918765025,-0.001872282908647,0.0,0.1715424517321671,0.4616435417517039,0.0,-0.2884971298454172,0.5566178373083425,0.0,0.0436261467087264,0.785147773457347,0.0,-0.2648643694978103,1.0742979840241178,0.0,-0.0175520445160529,0.8029433747930191,0.0,-0.2562344863961596,1.1157562268726238,0.0,0.0177869408623606,1.0030882298183406,0.0,-0.1929430383912946,1.3244154920221094,0.0,0.526540145277977,0.5524029731750488,-0.0003243535757064,0.2942216288307788
944,1,0.2089645529889078,0.0025510485419056,0.0,-0.2089645529889078,-0.0025510485419056,0.0,0.1680734496204118,0.4609013568904526,0.0,-0.2874284032234572,0.5542064055747685,0.0,0.0372798976724984,0.7913572551962902,0.0,-0.2686316621175956,1.0661851294367268,0.0,-0.0287965368539705,0.8295319281112818,0.0,-0.2607300930268483,1.1072092595639165,0.0,0.0115035590775583,1.0000820494902185,0.0,-0.1966623825908036,1.3131028277225156,0.0,0.5271595269441605,0.5511504113674164,-0.0003245584666728,0.2975152106202044
945,1,0.2236290325991752,0.0030074025930007,0.0,-0.2236290325991752,-0.0030074025930007,0.0,0.1776580189842021,0.4908589436447123,0.0,-0.3081307571308994,0.5859359550679517,0.0,0.0387209089258898,0.8435506441095292,0.0,-0.2891966867819023,1.125688758747055,0.0,-0.0315809301118705,0.8816500331307311,0.0,-0.2794506269108648,1.1716452526150491,0.0,0.0115369532217525,1.065631028254277,0.0,-0.2223070950470245,1.3910559250469006,0.0,0.5275740772485733,0.5510683953762054,-0.0003258623182773,0.2791450739893636
946,1,0.2310867882095818,0.0041002078590292,0.0,-0.2310867882095818,-0.0041002078590292,0.0,0.1842008865185831,0.5062074809794275,0.0,-0.3185221073084273,0.6024406226456962,0.0,0.0423613860309247,0.8697324724156108,0.0,-0.3000234566219553,1.151062445387848,0.0,-0.0313300451504099,0.912522468900789,0.0,-0.2886375329872653,1.1969567510008985,0.0,0.0128643814718715,1.1013946025863075,0.0,-0.2508895841160614,1.4132716481494088,0.0,0.5275624096393585,0.5506041347980499,-0.0003224089741706,0.2701334541124774
947,1,0.2344509465200379,0.0060949963741449,0.0,-0.2344509465200379,-0.0060949963741449,0.0,0.1885526787449288,0.5183857171874168,0.0,-0.3226021476977102,0.6071484068570253,0.0,0.0453904356840937,0.8877476887079981,0.0,-0.3212446702131307,1.1485226979284446,0.0,-0.0252455866721827,0.9290882210531336,0.0,-0.3153669870957672,1.1990829755400907,0.0,0.0140117048349338,1.124102036424132,0.0,-0.2575225578894393,1.4046500799891213,0.0,0.5273197144269943,0.5490562617778778,-0.0003202036023139,0.2652286029460572
948,1,0.2523701739461221,0.0077581612925517,0.0,-0.2523701739461221,-0.0077581612925517,0.0,0.2035551576760438,0.5608644292409491,0.0,-0.3453951555189743,0.6431254988911965,0.0,0.0509577810989653,0.9626618105579317,0.0,-0.3540850220764608,1.2103332911688671,0.0,-0.0208235703265516,1.007038372166356,0.0,-0.3533294709299191,1.2639090660644725,0.0,-0.0008213669709962,1.2173775201450472,0.0,-0.2876498755531904,1.4711229302613438,0.0,0.5268413126468658,0.5473631918430328,-0.0003283731639385,0.2463307800710073
949,1,0.2522221329101962,0.0091140737902846,0.0,-0.2522221329101962,-0.0091140737902846,0.0,0.2048781909094563,0.5622396031408227,0.0,-0.3412780872593722,0.6287514976057584,0.0,0.0541673321720463,0.9701546258806878,0.0,-0.3546561444126946,1.1831049224662793,0.0,-0.0167743793358045,1.0115806053929557,0.0,-0.3572784953914276,1.237305179281338,0.0,-0.0020171185704213,1.2213631155534437,0.0,-0.2874081662927702,1.43912258885548,0.0,0.5259760618209839,0.5452297329902649,-0.0003249607980251,0.2462056061309383
950,1,0.2505041804951863,0.0091921281974584,0.0,-0.2505041804951863,-0.0091921281974584,0.0,0.1981761543221531,0.5621032099193771,0.0,-0.3381702344325401,0.6169028862276632,0.0,0.0521964012635439,0.9774196491011392,0.0,-0.3577199146820264,1.1465127362660572,0.0,-0.0173365704181017,1.015170639197032,0.0,-0.3651458539563752,1.191727945541169,0.0,0.0020615600502753,1.2172322642418691,0.0,-0.2957318277204606,1.4034129213080386,0.0,0.5256549119949341,0.5449542105197906,-0.0003230050206184,0.2467962297459036
951,1,0.26305659399255,0.0094548456558769,0.0,-0.26305659399255,-0.0094548456558769,0.0,0.2069588771399999,0.5924239892452972,0.0,-0.3531695318437804,0.6472856904800218,0.0,0.0559752849414241,1.0290011822791554,0.0,-0.3770123519359147,1.176936817429619,0.0,-0.015906358978912,1.0669616857971072,0.0,-0.3841389571053449,1.2137136853374133,0.0,-0.0092899503404768,1.280882908470842,0.0,-0.3139516538699252,1.4400075235116137,0.0,0.5254099667072296,0.5450431704521179,-0.0003327447921037,0.2344130398311155
952,1,0.261373532200741,0.0092325670851044,0.0,-0.261373532200741,-0.0092325670851044,0.0,0.2078389727825935,0.5889873113660118,0.0,-0.3462266172837459,0.63981031339118,0.0,0.0588566865088722,1.0260162215245665,0.0,-0.3699190609206008,1.1551605957559574,0.0,-0.0118558546846186,1.062266522839718,0.0,-0.3753895215586891,1.1963268068241466,0.0,-0.0114896798495307,1.2707277913702495,0.0,-0.3097257355278019,1.4000668376425782,0.0,0.5245179533958435,0.5447467863559723,-0.0003347992897033,0.2366769783144753
953,1,0.2674395220309921,0.0094036633344956,0.0,-0.2674395220309921,-0.0094036633344956,0.0,0.2121769843851795,0.6042494637208559,0.0,-0.3530116842233902,0.6483263373143902,0.0,0.0604773832044443,1.0626575681398764,0.0,-0.3711182617867208,1.147252733052204,0.0,-0.0102615035902466,1.0956548384001257,0.0,-0.3653813058881783,1.1848849341490466,0.0,-0.0094365008685391,1.3021997018431888,0.0,-0.3181420938982834,1.3932728283829872,0.0,0.524058386683464,0.5447992980480194,-0.000345105305314,0.230976267511615
954,1,0.266105723405301,0.0090398806819467,0.0,-0.266105723405301,-0.0090398806819467,0.0,0.2133236469479929,0.6012384719292547,0.0,-0.3454098230471619,0.6300068103584717,0.0,0.0638322052588108,1.0550949483682772,0.0,-0.3495868872413712,1.0790060985695804,0.0,-0.0055729365880023,1.0881543232531348,0.0,-0.3362358874494126,1.1135234485787866,0.0,-0.0045613847996756,1.293179292963473,0.0,-0.3113588511133527,1.3367074869505349,0.0,0.5231730788946152,0.5443090498447418,-0.0003430508077144,0.2329853677899702
955,1,0.2675525574642575,0.0088233864112043,0.0,-0.2675525574642575,-0.0088233864112043,0.0,0.2122884868740927,0.6028466457632525,0.0,-0.3429707832068487,0.626737875087916,0.0,0.0639698410172975,1.058559684616445,0.0,-0.3346820733971954,1.059507303989206,0.0,-0.005468628528548,1.0934103044219028,0.0,-0.3255628454680691,1.1063542394391883,0.0,0.0060842465458333,1.2968442636723785,0.0,-0.2960327404081542,1.3124022589746,0.0,0.5230633318424225,0.5443070232868195,-0.0003435295075178,0.231595415175541
956,1,0.2538821391846798,0.008971701667171,0.0,-0.2538821391846798,-0.008971701667171,0.0,0.2009712190732029,0.5746841536354679,0.0,-0.3155405051247317,0.5883330515435155,0.0,0.0625330615854651,1.0025794642844466,0.0,-0.2969100200721378,0.9839607242184896,0.0,0.0005320111915629,1.0309093508012488,0.0,-0.2841301288316013,1.0120608494342096,0.0,0.0147145719299192,1.2331328179027932,0.0,-0.2537157518739921,1.2194638556425743,0.0,0.5228172987699509,0.5438545346260071,-0.0003428924828767,0.2435952494197881
957,1,0.2561572144499947,0.0092963620336102,0.0,-0.2561572144499947,-0.0092963620336102,0.0,0.203632416783045,0.581046538068903,0.0,-0.3133754818669222,0.5928537371266246,0.0,0.0651808669907835,1.0100352586213512,0.0,-0.2832239362417815,0.9706475299886717,0.0,0.0031359203986115,1.035553142809899,0.0,-0.2591514608170031,0.994440858760688,0.0,0.0192737850573474,1.24628897073092,0.0,-0.254517428667724,1.2087688926116722,0.0,0.522229328751564,0.543441504240036,-0.000343894585967,0.241175903804384
958,1,0.2576917713046949,0.0095575308622071,0.0,-0.2576917713046949,-0.0095575308622071,0.0,0.2053413803315881,0.5857010313700864,0.0,-0.3102912922291861,0.5963499057256216,0.0,0.0662113866423849,1.0058782315441452,0.0,-0.2720481025241659,0.9706555869489938,0.0,0.0062434927501704,1.0296184990792794,0.0,-0.2405494653841263,0.9928779288362812,0.0,0.0284489107246766,1.2527189748439425,0.0,-0.2565393275086048,1.2117678346533682,0.0,0.5221383422613144,0.5433125495910645,-0.0003406647592782,0.2394904710918141
959,1,0.2602836486906125,0.0105271161963778,0.0,-0.2602836486906125,-0.0105271161963778,0.0,0.2075300425381815,0.5941353148131061,0.0,-0.3116551411313512,0.6041798978575026,0.0,0.0674581723547156,1.0192579569481228,0.0,-0.2648589780121216,0.9855025067883144,0.0,0.0102412288157626,1.043358470526453,0.0,-0.2266542680154191,1.0108966466235323,0.0,0.030005857108667,1.2687267166756315,0.0,-0.2595902036790259,1.2277580306403593,0.0,0.5221373289823532,0.5421582758426666,-0.0003445800393819,0.2371051919988767
960,1,0.2558653417479781,0.0104662625609762,0.0,-0.2558653417479781,-0.0104662625609762,0.0,0.2035717916880208,0.5871876271073718,0.0,-0.3042871511022912,0.597025881511014,0.0,0.0666787256003523,1.002592776814336,0.0,-0.2538176787146383,0.9755960284497638,0.0,0.0140716076650522,1.0252080497315506,0.0,-0.2134058086879421,1.0022228763954104,0.0,0.0303145731632367,1.2530303159697096,0.0,-0.2392290454808818,1.2163525956572512,0.0,0.52266426384449,0.5422280132770538,-0.000345904380083,0.2391273118952613
961,1,0.2652773757000089,0.0112658297094738,0.0,-0.2652773757000089,-0.0112658297094738,0.0,0.2109958184024501,0.6108725764692376,0.0,-0.3167482039581871,0.6139704369110384,0.0,0.0699423227809111,1.0432497483323688,0.0,-0.2618623502735692,1.012301954227155,0.0,0.0165863694181152,1.0675686648035312,0.0,-0.226092612761076,1.038785359899609,0.0,0.031263729266443,1.3022288099853776,0.0,-0.2506152915529821,1.2612003475724738,0.0,0.5229022949934006,0.5420579016208649,-0.0003502555191516,0.2302135903588335
962,1,0.2594181937286988,0.01207189459769,0.0,-0.2594181937286988,-0.01207189459769,0.0,0.207030041795331,0.6021757984416964,0.0,-0.309313792896829,0.5963191052939079,0.0,0.0693633614064139,1.027608019186562,0.0,-0.2515588034072319,0.9991649222888898,0.0,0.0188115334134253,1.0514378439432068,0.0,-0.2232589829248111,1.027861576562711,0.0,0.0409715343685836,1.281301945754465,0.0,-0.2465321997476271,1.2383989717030477,0.0,0.5229092091321945,0.5409668982028961,-0.0003507118672132,0.2348385246564354
963,1,0.2579468655873307,0.0116356727595494,0.0,-0.2579468655873307,-0.0116356727595494,0.0,0.204961456641782,0.6004591376596109,0.0,-0.3063950034492128,0.5942991944233247,0.0,0.0692043667921591,1.0250609598613676,0.0,-0.2473885138290615,1.0036289120911148,0.0,0.0196965813459384,1.0490453015153656,0.0,-0.2202151303266524,1.034605867396731,0.0,0.0410137519060711,1.276418355061386,0.0,-0.2460132695136237,1.2403398417168976,0.0,0.5229189246892929,0.5403428077697754,-0.0003477483987808,0.2360791434998233
964,1,0.245327634390463,0.0109784958817227,0.0,-0.245327634390463,-0.0109784958817227,0.0,0.1949585276291477,0.5718634754494547,0.0,-0.2911163648452445,0.5672892324480283,0.0,0.0658185415447109,0.97647232191903,0.0,-0.2350452085080108,0.9552645554657876,0.0,0.0181464053783579,0.999497951901812,0.0,-0.2097694973769303,0.9848213135619742,0.0,0.0409252600262221,1.2158136100027048,0.0,-0.2350856161651903,1.1824897999616062,0.0,0.5229528546333313,0.5403877794742584,-0.0003462601453065,0.2478139298644421
965,1,0.2496713347410111,0.0111091691003809,0.0,-0.2496713347410111,-0.0111091691003809,0.0,0.1982162749367225,0.583089751474143,0.0,-0.2963693702917793,0.575359372383941,0.0,0.0677478494716054,0.9932929898198908,0.0,-0.2369849553454238,0.9732494034363038,0.0,0.018139758493997,1.0173136437752743,0.0,-0.2111266557322512,1.0022326820539167,0.0,0.04367542739422,1.2389960281282593,0.0,-0.2390610778495907,1.205228737136651,0.0,0.5231003612279892,0.5404228270053864,-0.000346977263689,0.2429406275771567
966,1,0.255693664423134,0.0112137968596942,0.0,-0.255693664423134,-0.0112137968596942,0.0,0.2016575715771377,0.596722944419135,0.0,-0.3037286345828125,0.5898933230485977,0.0,0.0696346301659156,1.0152484897694831,0.0,-0.241310882067397,0.9915762020123082,0.0,0.019547308439191,1.0402679196514764,0.0,-0.213399176963648,1.018808309695587,0.0,0.0432133187400528,1.2679675815185951,0.0,-0.2450425787473573,1.2330857655720189,0.0,0.5233998149633408,0.5403524041175842,-0.0003499463200569,0.2373757848772681
967,1,0.2467629223794441,0.0107664008688387,0.0,-0.2467629223794441,-0.0107664008688387,0.0,0.1964177692966742,0.5776308755547587,0.0,-0.2940847357005745,0.5717876888850435,0.0,0.0685182562022899,0.982133580874119,0.0,-0.2332357531729192,0.961966879906065,0.0,0.0203684919697958,1.007524966935465,0.0,-0.2089596878591524,0.9895174296860488,0.0,0.0430325389256718,1.2271696098976927,0.0,-0.2384738099590977,1.1932820932979482,0.0,0.523770809173584,0.5403143763542175,-0.0003490727394819,0.2451638315709589
968,1,0.2418633913713744,0.0105788787422584,0.0,-0.2418633913713744,-0.0105788787422584,0.0,0.1936966543596513,0.5662574932606171,0.0,-0.2886124634607248,0.5614188038326281,0.0,0.0673650232524792,0.962202349518728,0.0,-0.229492604203218,0.9454071883882444,0.0,0.019163938844639,0.9884587871379532,0.0,-0.2073072871181995,0.9726709111033188,0.0,0.0478545096400757,1.2032643016473712,0.0,-0.23606941498888,1.1700026648853576,0.0,0.5242539048194885,0.5403186976909637,-0.0003494638949632,0.2498899427021302
969,1,0.2416452676433266,0.0105513629778697,0.0,-0.2416452676433266,-0.0105513629778697,0.0,0.1883577916495629,0.5619549410579608,0.0,-0.289391968604034,0.5583704307662358,0.0,0.0646438369355215,0.9565729301284066,0.0,-0.2320556834781929,0.9404895614166602,0.0,0.0176133744105186,0.9821515537870836,0.0,-0.2067495006143016,0.9682150043177626,0.0,0.043182517745758,1.1963580398092497,0.0,-0.2390204030915643,1.164446323086226,0.0,0.5253829658031464,0.5401309728622437,-0.0003448743373155,0.2514878112260097
970,1,0.2420629710756515,0.010704425518854,0.0,-0.2420629710756515,-0.010704425518854,0.0,0.187251493491459,0.5664919572611341,0.0,-0.2907518289635391,0.5667637390443269,0.0,0.060449395863726,0.9653120037823888,0.0,-0.2377524689680749,0.947033304416544,0.0,0.0120502473172893,0.992303735495778,0.0,-0.2139629577107468,0.9741964235868809,0.0,0.0386733884328921,1.2072651984429732,0.0,-0.2443242337572727,1.1741723601031886,0.0,0.5266477912664413,0.5402293801307678,-0.0003438517451286,0.2493562309934492
971,1,0.2424882360684625,0.0107184407277967,0.0,-0.2424882360684625,-0.0107184407277967,0.0,0.1879836210037766,0.5671034335755424,0.0,-0.2908464006592988,0.5707961627139816,0.0,0.0622381515986019,0.9660292400499432,0.0,-0.241404208957496,0.9484969146246428,0.0,0.0099360575043541,0.9931023922957862,0.0,-0.2175911563506284,0.9755415839324848,0.0,0.0330914893367945,1.2087742414271472,0.0,-0.2471978539640096,1.17660982385179,0.0,0.527571901679039,0.5402412414550781,-0.0003439076244831,0.2490246170569089
972,1,0.2526771669048796,0.0111354922317483,0.0,-0.2526771669048796,-0.0111354922317483,0.0,0.198037757998636,0.5886758752033766,0.0,-0.3037855066224788,0.5924584351246536,0.0,0.0636907121138949,1.0046340843446544,0.0,-0.2523110003782375,0.9844722887258576,0.0,0.0086490672880995,1.0332955702140176,0.0,-0.2277457537712488,1.013027058943095,0.0,0.0334471480451812,1.2573529176172056,0.0,-0.2588607046217746,1.222366352758081,0.0,0.5279956161975861,0.5405812859535217,-0.000343570485711,0.2396123914273907
973,1,0.2463084766635606,0.010800274407233,0.0,-0.2463084766635606,-0.010800274407233,0.0,0.191986170605285,0.570193583628836,0.0,-0.2969652577121604,0.5715501934576367,0.0,0.0626524140363062,0.9758032724797157,0.0,-0.2471007976121318,0.9550735889929162,0.0,0.01047433333177,1.0031302012029812,0.0,-0.2233610908232227,0.9830320096980336,0.0,0.0303493188438963,1.2212635060446118,0.0,-0.2551136514506363,1.1874732556805727,0.0,0.5285630077123642,0.5405868291854858,-0.0003394074738025,0.247010824935179
974,1,0.2460298494337305,0.0104870351347885,0.0,-0.2460298494337305,-0.0104870351347885,0.0,0.1919018855737606,0.569287610520823,0.0,-0.2986572009614602,0.5713003298834,0.0,0.0636270968813478,0.9777239107840916,0.0,-0.2481195356479811,0.9564504177467182,0.0,0.0147690702447542,1.0034477285209056,0.0,-0.2218540546446862,0.9831637058870236,0.0,0.0294885583954051,1.2225629454954536,0.0,-0.2644652199750608,1.196277197358803,0.0,0.5287682116031647,0.5407261252403259,-0.0003373194485902,0.2470398784655733
975,1,0.2454786348977988,0.0105242830774549,0.0,-0.2454786348977988,-0.0105242830774549,0.0,0.1927340531441001,0.5685242688826675,0.0,-0.2992210688948246,0.5714756865821027,0.0,0.0628707111911099,0.9827083185294502,0.0,-0.2530146587233984,0.9626089641368945,0.0,0.0094875425287955,1.009768559179269,0.0,-0.2297586093540338,0.9881729080106432,0.0,0.0294891343704847,1.2234336707816709,0.0,-0.2762386824295482,1.2153660931850423,0.0,0.528749942779541,0.5407638251781464,-0.0003377515822649,0.2475332892229276
976,1,0.2495363468316124,0.0108144216359332,0.0,-0.2495363468316124,-0.0108144216359332,0.0,0.1958043209657261,0.5787501711539211,0.0,-0.3071323543915543,0.582930599624645,0.0,0.0631491953739567,0.9994245230007148,0.0,-0.266192909907547,1.0032777278695586,0.0,0.0082285346727984,1.026885588134831,0.0,-0.2397348243016481,1.0361656592812605,0.0,0.0241152895296397,1.2443288556460597,0.0,-0.2850833374003575,1.265811721921878,0.0,0.5288118869066238,0.5408048927783966,-0.0003387760370969,0.2433559344815659
977,1,0.2556643445512391,0.0116938787523987,0.0,-0.2556643445512391,-0.0116938787523987,0.0,0.1998439277638539,0.5960627146527261,0.0,-0.3180294402465353,0.6003003252618231,0.0,0.0629083742826785,1.0351758012107208,0.0,-0.2830569237794862,1.0724518740752915,0.0,0.0056942343825163,1.0615662343202594,0.0,-0.253462633291188,1.1080811160839623,0.0,0.0230385114638033,1.2725820845069746,0.0,-0.3010095123345825,1.3310690377754288,0.0,0.528971329331398,0.5413262248039246,-0.0003407746553421,0.237610615290877
978,1,0.2493448933503655,0.0113395775307311,0.0,-0.2493448933503655,-0.0113395775307311,0.0,0.1884996792713679,0.5758419250147041,0.0,-0.3107794515961408,0.5840777282115854,0.0,0.0566176051012471,1.0006586857984914,0.0,-0.2879032833932469,1.0691189966435295,0.0,0.0016496066537935,1.0254985676551012,0.0,-0.2667991436548332,1.1047087485946243,0.0,0.0127530590303812,1.2286340105192215,0.0,-0.2949187433575854,1.320387401826495,0.0,0.52998086810112,0.5412757992744446,-0.0003396570682525,0.246117483191471
979,1,0.2527907147745519,0.0114566055239251,0.0,-0.2527907147745519,-0.0114566055239251,0.0,0.187937036550864,0.5823097697151152,0.0,-0.3170873514784948,0.5990188130787434,0.0,0.0540373706996714,1.0154913396444527,0.0,-0.308861537830674,1.1201772180841176,0.0,-0.0021314515344246,1.039970335311169,0.0,-0.2904980089692399,1.1613346706044825,0.0,0.0097495724019746,1.2417764577740733,0.0,-0.3037484521304371,1.377665959618486,0.0,0.5307360738515854,0.5413004457950592,-0.0003380738198757,0.2435904129611719
980,1,0.2491844544411297,0.0116554611065238,0.0,-0.2491844544411297,-0.0116554611065238,0.0,0.1849174460914567,0.5742346819888267,0.0,-0.3146487491655638,0.6000150452079587,0.0,0.0516749671598465,1.0047685891682343,0.0,-0.3155629172303162,1.1454901404090885,0.0,-0.0074052943670978,1.0328313438980918,0.0,-0.2988166569696676,1.1989090049042266,0.0,0.0180634812211644,1.2265043781877796,0.0,-0.3027341566661821,1.4056694465667212,0.0,0.5311780273914337,0.5420240163803101,-0.0003470554947853,0.246003260678832
981,1,0.243169584835774,0.0114373960530569,0.0,-0.243169584835774,-0.0114373960530569,0.0,0.181203990800561,0.56140029000076,0.0,-0.3069053337490248,0.601766303743896,0.0,0.050556766039029,0.978205282420594,0.0,-0.3213869135518424,1.1524299727181624,0.0,-0.007508194011393,1.0076226918746432,0.0,-0.321202256256693,1.2130172023695949,0.0,0.0153836324640363,1.199261712558851,0.0,-0.2950786313805694,1.4173858652902118,0.0,0.5310935527086258,0.542635440826416,-0.0003435648977756,0.2519338605579334
982,1,0.2257068187327658,0.0104141988389035,0.0,-0.2257068187327658,-0.0104141988389035,0.0,0.1695924610020737,0.5243891887704557,0.0,-0.2852463756137111,0.5740626971955395,0.0,0.0492844807758576,0.9060162042565538,0.0,-0.3020396402415758,1.103232262109279,0.0,-0.0065899857161297,0.9352552809447956,0.0,-0.2975012403935089,1.1431683371433514,0.0,0.0160765538867939,1.115145177621097,0.0,-0.273183116553391,1.3491392180708195,0.0,0.5310473740100861,0.5429073870182037,-0.0003269799053668,0.2715725555099593
983,1,0.2120242951950959,0.0098735303838689,0.0,-0.2120242951950959,-0.0098735303838689,0.0,0.1584585826896937,0.4887533623936256,0.0,-0.2711066958061738,0.5413427626316012,0.0,0.046895032748474,0.8328184997537493,0.0,-0.2844324441834165,1.042598077831564,0.0,-0.0071620197408718,0.864684937775945,0.0,-0.2776779572720364,1.075752845443766,0.0,0.0158346223588014,1.0400162834092443,0.0,-0.2565559867289945,1.2840542953759035,0.0,0.5313353538513184,0.5438709557056427,-0.0003188122063875,0.2901744514223519
984,1,0.2178290106817904,0.0096394828331597,0.0,-0.2178290106817904,-0.0096394828331597,0.0,0.1680117838305574,0.5005012434787143,0.0,-0.2813472190614651,0.567685460259909,0.0,0.0541088922517354,0.8405109231222239,0.0,-0.291493321692419,1.0975233112637115,0.0,0.0020169899545895,0.8626807319968515,0.0,-0.2910706289204404,1.1464190278063655,0.0,0.0168448710457416,1.0619009279873026,0.0,-0.2597744940400962,1.348619687572893,0.0,0.5313761830329895,0.5446544587612152,-0.000316210091114,0.2826580400062726
985,1,0.2207205776438559,0.0088760041756172,0.0,-0.2207205776438559,-0.0088760041756172,0.0,0.1710904320119253,0.5070394158933451,0.0,-0.2909805611769224,0.5758521017942243,0.0,0.0575827006616509,0.8450140077682824,0.0,-0.2946121003621796,1.1176975680856056,0.0,0.0061294704597579,0.8646721817459126,0.0,-0.2929654295521503,1.1562713123564987,0.0,0.0072906830660004,1.074341003306308,0.0,-0.262385300293238,1.377999701658568,0.0,0.5313964337110519,0.5455752611160278,-0.0003195311874151,0.2790793450757031
986,1,0.2236992886559306,0.0089135517778342,0.0,-0.2236992886559306,-0.0089135517778342,0.0,0.177677613653925,0.5101538629758042,0.0,-0.3008973557698773,0.5864580112774259,0.0,0.0587944162119939,0.852160234408317,0.0,-0.2982073783951315,1.133564881362097,0.0,0.005906527447749,0.8730613196688082,0.0,-0.2883187801296038,1.170269205103402,0.0,0.009736835427472,1.0857114516205089,0.0,-0.2623305569425836,1.4018017494119623,0.0,0.5314375758171082,0.5465421378612518,-0.0003203079104423,0.2755131549042213
987,1,0.2271055061830212,0.0075940944345682,0.0,-0.2271055061830212,-0.0075940944345682,0.0,0.1828135258700652,0.5148560891542303,0.0,-0.3122812165699708,0.5971617229915835,0.0,0.061105183428494,0.8604128222703061,0.0,-0.3026559504690865,1.161516276793314,0.0,0.0057702042433418,0.8825234322863236,0.0,-0.2895283800912455,1.20039443635853,0.0,0.0167446403588692,1.099171634748468,0.0,-0.2575739601874618,1.4347621558759296,0.0,0.5314729958772659,0.5474339425563812,-0.0003217719495296,0.2712354355839217
988,1,0.2184829868738236,0.0059844354603202,0.0,-0.2184829868738236,-0.0059844354603202,0.0,0.1768015925566755,0.4906579795562584,0.0,-0.302424542866083,0.5756777103437157,0.0,0.0586256884436791,0.8231995066665035,0.0,-0.2888582233147449,1.1244074968196869,0.0,0.0017099368272561,0.8477615606404936,0.0,-0.2714546244006683,1.1614513552099452,0.0,0.0257191131644261,1.056282235654601,0.0,-0.2397582086582776,1.3820376970000696,0.0,0.5315085202455521,0.5487387776374817,-0.0003156214952468,0.2820257871691768
989,1,0.2213726148936061,0.005459014879183,0.0,-0.2213726148936061,-0.005459014879183,0.0,0.1811745408886206,0.4952929431609318,0.0,-0.3081253963663874,0.5861093000362032,0.0,0.0607663061290702,0.8322038267538822,0.0,-0.2884991393951854,1.1404099638476597,0.0,0.0015883290209216,0.8587518487735094,0.0,-0.2670017735857947,1.1755170380317708,0.0,0.0285310121440799,1.0700089721261927,0.0,-0.2305559764067885,1.40030842613716,0.0,0.5315339416265488,0.5491826832294464,-0.0003177300095558,0.2784945462890946
990,1,0.2209778942484967,0.0042257386767587,0.0,-0.2209778942484967,-0.0042257386767587,0.0,0.1824867153733961,0.4872959099120111,0.0,-0.3103429024925319,0.5824460271644604,0.0,0.0615639834308571,0.8240070755769199,0.0,-0.28533122206089,1.1225781477322516,0.0,0.0008975861703484,0.8506162692116387,0.0,-0.2608186042410441,1.1595421159516015,0.0,0.0331378215289147,1.0614585234113194,0.0,-0.2240934296284943,1.3855583950394177,0.0,0.5315836369991302,0.5511591136455536,-0.0003189221024513,0.2789362388257861
991,1,0.2219240977541522,0.0035245270813879,0.0,-0.2219240977541522,-0.0035245270813879,0.0,0.1836879487069289,0.4868767835573749,0.0,-0.3116313590612801,0.5844790884608875,0.0,0.0629612892801399,0.8258035252740095,0.0,-0.2840448123619505,1.1327700943094514,0.0,0.001782207017836,0.852323846507204,0.0,-0.2595554018843937,1.1693305623847563,0.0,0.0305484211124207,1.0633022456116994,0.0,-0.2213910922440801,1.3899217174717469,0.0,0.5316729098558426,0.5517066419124603,-0.0003158338367938,0.2779471164738925
992,1,0.2180893637401033,0.0029887267189331,0.0,-0.2180893637401033,-0.0029887267189331,0.0,0.1806051785962565,0.478554610273132,0.0,-0.3060547641067462,0.5749358300191476,0.0,0.0617432703653222,0.8191484653903636,0.0,-0.2750324173362413,1.1112096058694538,0.0,-0.0004226248022752,0.8459650103255576,0.0,-0.2498384986992592,1.1451511201645024,0.0,0.0303042007847933,1.0434730731584494,0.0,-0.2163807369833735,1.359213428120332,0.0,0.5316599607467651,0.5528445243835449,-0.0003199353814125,0.2827740164118902
993,1,0.2113040332932569,0.0022693309045548,0.0,-0.2113040332932569,-0.0022693309045548,0.0,0.1749902537752461,0.4627707283587172,0.0,-0.2956402103808707,0.5572832689878721,0.0,0.0600884941048799,0.78879783304692,0.0,-0.2616938211632816,1.070999319216067,0.0,-0.0002255773836311,0.8162037013333335,0.0,-0.2350334896974184,1.1047639621729175,0.0,0.0295759166009744,1.004113025681916,0.0,-0.2072630076282445,1.3121002595159523,0.0,0.5315718948841095,0.5545001924037933,-0.0003171265125274,0.2923721269496439
994,1,0.2053495228372197,0.0021059503082151,0.0,-0.2053495228372197,-0.0021059503082151,0.0,0.169599158628832,0.4445576910061158,0.0,-0.2857422390747086,0.5353123705140653,0.0,0.0590780722161571,0.7630506589872142,0.0,-0.2498848579658049,1.0342795090994232,0.0,0.0002677892893798,0.7902477740036684,0.0,-0.2217889195632995,1.066453552288905,0.0,0.0294807351188777,0.9704567245146823,0.0,-0.1993119119216817,1.268122405218073,0.0,0.5313092470169067,0.5559117794036865,-0.0003170482814311,0.3015964300054487
995,1,0.2008337096102457,0.0020433810521517,0.0,-0.2008337096102457,-0.0020433810521517,0.0,0.1658383686715826,0.4342740475158884,0.0,-0.2794687960521567,0.5237592921110802,0.0,0.0579951691143337,0.7458781565810272,0.0,-0.2442282532532482,1.0115086082307356,0.0,-0.0002526922599967,0.7724562212056284,0.0,-0.2166419324969638,1.0453986561170665,0.0,0.0287926617175195,0.9487694065152126,0.0,-0.1950148771324859,1.2398581321892843,0.0,0.5313131958246231,0.5560479760169983,-0.0003176517784595,0.3083520321660776
996,1,0.2159281584384053,0.0022889051259414,0.0,-0.2159281584384053,-0.0022889051259414,0.0,0.1783642233768893,0.4662370908941972,0.0,-0.300500536982168,0.5599788860253723,0.0,0.0623630177963457,0.7989992508346372,0.0,-0.2615382184346184,1.0832512687743745,0.0,-0.0002075117694392,0.8262509764250058,0.0,-0.232495595218972,1.1215382016029445,0.0,0.0340542839927376,1.0168244745044293,0.0,-0.2087642567474377,1.3315766252186183,0.0,0.5312838703393936,0.5564565658569336,-0.0003173798322677,0.2873068168504417
997,1,0.2184758507363287,0.002450882673918,0.0,-0.2184758507363287,-0.002450882673918,0.0,0.1780742309862006,0.4699177905892042,0.0,-0.3038036039985982,0.564047593718594,0.0,0.0613813591585103,0.8063998998308176,0.0,-0.2630794310110064,1.0953090600621906,0.0,-0.0017117242679376,0.8331981238528628,0.0,-0.2316058552243154,1.1438889179813545,0.0,0.0327739141941614,1.0274822730071027,0.0,-0.2118318803615454,1.339971431917155,0.0,0.531700611114502,0.5563410818576813,-0.0003252737224102,0.2855007033943734
998,1,0.2164311521743986,0.002397462927128,0.0,-0.2164311521743986,-0.002397462927128,0.0,0.1754335832667443,0.4653592783997022,0.0,-0.303172744587272,0.5593591307889509,0.0,0.0582168274907347,0.7942411050364283,0.0,-0.2634176141310532,1.0846046468310604,0.0,-0.0041186586094539,0.8136940289131801,0.0,-0.2332266497601425,1.130740583232264,0.0,0.0322262910821797,1.0156733412626142,0.0,-0.2116034978647696,1.3348692022459352,0.0,0.5325080901384354,0.5567341446876526,-0.0003233514726161,0.2877475813387263
999,1,0.2160179708662083,0.0024621657671678,0.0,-0.2160179708662083,-0.0024621657671678,0.0,0.1748782503306362,0.4644620071502022,0.0,-0.3036710928608995,0.5583173917269816,0.0,0.0575385946374252,0.7911116074479159,0.0,-0.2651288082883729,1.082211827965687,0.0,-0.0051874775690533,0.8100738414198928,0.0,-0.2355125985448964,1.1270708583824092,0.0,0.032122276273756,1.0125363011547837,0.0,-0.2128379836696927,1.3317268050091695,0.0,0.5331707149744034,0.5566783547401428,-0.0003202892839908,0.2881746228737507
1000,1,0.2055172057791048,0.0027367331346515,0.0,-0.2055172057791048,-0.0027367331346515,0.0,0.1644053263627853,0.4465846741343309,0.0,-0.2935032752151497,0.536139903057907,0.0,0.051390741683378,0.7558494003296244,0.0,-0.2579233646967364,1.0381723770122404,0.0,-0.0088189737909181,0.7717942421768892,0.0,-0.2303597024949089,1.0794226795972546,0.0,0.0310952874079983,0.970727968676696,0.0,-0.2078694080769383,1.277816397087956,0.0,0.5343096703290939,0.5562435388565063,-0.0003071688115596,0.3005569258783867
1001,1,0.2088610456962453,0.0030119805309792,0.0,-0.2088610456962453,-0.0030119805309792,0.0,0.1654872363384793,0.4569034310110698,0.0,-0.2996007250492978,0.5480451376721411,0.0,0.0493992818005817,0.769981743716485,0.0,-0.2648555905228124,1.0588912628580247,0.0,-0.0118066049803818,0.7881027971595819,0.0,-0.2369612431459051,1.1034296415456355,0.0,0.0287163370457838,0.9892756499526288,0.0,-0.2140433691381834,1.3018691116790495,0.0,0.5351469218730927,0.5551990568637848,-0.000306662172079,0.2957790775778136
1002,1,0.2343909585452877,0.0037629612704906,0.0,-0.2343909585452877,-0.0037629612704906,0.0,0.183228209865468,0.5152246481691312,0.0,-0.3352741315754516,0.615477197462093,0.0,0.0522907721156914,0.8655791567875801,0.0,-0.2990237134279676,1.1854824245041449,0.0,-0.0158873597519499,0.8878940709112269,0.0,-0.2689087902085171,1.234355651806755,0.0,0.0291246170443214,1.1089603789921545,0.0,-0.2422575796603577,1.456696013045386,0.0,0.535904049873352,0.5537803471088409,-0.0003113970160484,0.2653091344560236
1003,1,0.2288099194543481,0.0040570614716939,0.0,-0.2288099194543481,-0.0040570614716939,0.0,0.1755693379119498,0.4997816098357994,0.0,-0.3279922078395921,0.5940962744665469,0.0,0.0470087982482239,0.8427915599540237,0.0,-0.3003857947106246,1.1508732283419163,0.0,-0.0189407634696259,0.8703803189972403,0.0,-0.2744378848596852,1.193890568572903,0.0,0.0231572565922663,1.0742976506155268,0.0,-0.2393715307426491,1.414631154153268,0.0,0.5369249284267426,0.5532709062099457,-0.0003164317458868,0.2734764232468641
1004,1,0.2267195557043386,0.004835632173576,0.0,-0.2267195557043386,-0.004835632173576,0.0,0.1749394169483043,0.5010808012935988,0.0,-0.3284484942695663,0.595703303746728,0.0,0.043792009070612,0.8421028170606853,0.0,-0.3042670821193803,1.149581786782033,0.0,-0.0224825629573109,0.8707812945203255,0.0,-0.2761570371828897,1.1914216717681398,0.0,0.0203528646708647,1.0707919453979042,0.0,-0.2535095800246308,1.4107076581723672,0.0,0.5377807468175888,0.5518678724765778,-0.0003186594694852,0.2749898616943835
1005,1,0.2256334431269188,0.005207767481672,0.0,-0.2256334431269188,-0.005207767481672,0.0,0.1691652197256498,0.4953085752488399,0.0,-0.3264913946299653,0.5795590363723337,0.0,0.0399309711164692,0.8367962571190282,0.0,-0.3090124177454798,1.1318451813886503,0.0,-0.026522278469659,0.8743349133869168,0.0,-0.2816711577497029,1.1736258981016097,0.0,0.016605941402558,1.0600429403493468,0.0,-0.2612222044236698,1.3749247524051702,0.0,0.5387192815542221,0.5500091314315796,-0.0003186035901308,0.2789800469228452
1006,1,0.214279189225833,0.0066071461389209,0.0,-0.214279189225833,-0.0066071461389209,0.0,0.1622913841205733,0.4771355392022002,0.0,-0.3083352972349171,0.5470150626896422,0.0,0.0383336016435283,0.803063171524274,0.0,-0.3009405247709111,1.0530505074641878,0.0,-0.0249208035689169,0.8395614322319928,0.0,-0.2803548136522126,1.0928928039319106,0.0,0.0156026063948314,1.013704526257135,0.0,-0.2536511640308261,1.27883841294677,0.0,0.538630023598671,0.5474743545055389,-0.0003187283873558,0.2935105231994213
1007,1,0.2404534618150073,0.0079127254199494,0.0,-0.2404534618150073,-0.0079127254199494,0.0,0.1819676346596654,0.5353830429635109,0.0,-0.3450764913070916,0.6013212448722192,0.0,0.0403624943460361,0.9070298406639952,0.0,-0.337493059512608,1.1455199518621608,0.0,-0.0296759369724311,0.9478900329481056,0.0,-0.3192171494356244,1.1900793458420291,0.0,0.008202394501272,1.1387805911761066,0.0,-0.2841176599154111,1.3910848660080064,0.0,0.5385694205760956,0.5473972856998444,-0.0003255456686019,0.2617369717476373
1008,1,0.2421034777022277,0.0083333937860222,0.0,-0.2421034777022277,-0.0083333937860222,0.0,0.1831949174191453,0.5389852742397471,0.0,-0.3469643559650459,0.5924152001609465,0.0,0.0392236516219963,0.9162553398798288,0.0,-0.3381895990843752,1.125083594078273,0.0,-0.0298463481373068,0.9551487143393104,0.0,-0.3211408318158713,1.1739620920556455,0.0,0.002110174151479,1.1469933166556818,0.0,-0.2858623930612079,1.361948149166906,0.0,0.5385546386241913,0.5472705960273743,-0.0003306604921817,0.2599649644110265
1009,1,0.2556482206573177,0.0093332653328526,0.0,-0.2556482206573177,-0.0093332653328526,0.0,0.1950312948297079,0.5732862061546986,0.0,-0.3657540136448996,0.6207413141938868,0.0,0.0431000537299134,0.975699004195209,0.0,-0.357090532496789,1.1672298388222802,0.0,-0.0279645825443203,1.017187495978078,0.0,-0.3396618154603912,1.2094036572800375,0.0,-0.0043295549113784,1.2195414893293697,0.0,-0.3017931453474545,1.4206814684893905,0.0,0.5382542610168457,0.546008288860321,-0.0003317557275295,0.2454366854807562
1010,1,0.2613615165098022,0.0097559148292601,0.0,-0.2613615165098022,-0.0097559148292601,0.0,0.2005846375261881,0.593904571732746,0.0,-0.3693458386960835,0.6295236257701928,0.0,0.0453717363317497,1.015182949441129,0.0,-0.3583507440237868,1.1738802746629522,0.0,-0.0257626819679765,1.054433383518248,0.0,-0.339249943617908,1.2131145460652848,0.0,-0.0037013768543234,1.2590207696193898,0.0,-0.3083496446484465,1.4158762958851834,0.0,0.5379230082035065,0.5436899363994598,-0.0003377422690391,0.2397067293398459
1011,1,0.2732555384815305,0.0097414552650091,0.0,-0.2732555384815305,-0.0097414552650091,0.0,0.2074912139965859,0.6213180448734842,0.0,-0.3722215601439536,0.6533027760052164,0.0,0.0469815924408184,1.0699786740755224,0.0,-0.3627443231755075,1.1932124304148863,0.0,-0.0227095625895984,1.1060591792743717,0.0,-0.3365259285918714,1.2323695819655378,0.0,-0.0124047887100448,1.3189274959196091,0.0,-0.3227725202365858,1.4357866930015966,0.0,0.5379309803247452,0.5434775352478027,-0.0003433935344219,0.2289724641857772
1012,1,0.2698235629022033,0.0095743709236738,0.0,-0.2698235629022033,-0.0095743709236738,0.0,0.2060715473763706,0.6151703806420682,0.0,-0.3595794244081819,0.6434215620346598,0.0,0.046919774794734,1.0657376442607367,0.0,-0.3481767237763003,1.1295292569902435,0.0,-0.0204839828477115,1.1024476165349284,0.0,-0.3251028120627862,1.165341692647822,0.0,-0.0145687299903546,1.3102521885851737,0.0,-0.3288003627091397,1.3810545768070213,0.0,0.5374956876039505,0.5436213314533234,-0.0003496874123811,0.2303069359565908
1013,1,0.2654017888289963,0.0095981327243969,0.0,-0.2654017888289963,-0.0095981327243969,0.0,0.2036365446785232,0.6092738458595461,0.0,-0.34563807151347,0.6307145812064853,0.0,0.0438764201363083,1.0557581593326963,0.0,-0.3306864037181297,1.0714643341844885,0.0,-0.0213004080304748,1.092418942463366,0.0,-0.305220352127975,1.1064506512227514,0.0,-0.0147388433595728,1.2966408981837407,0.0,-0.323964373642068,1.3312183161258282,0.0,0.5372360497713089,0.5431098639965057,-0.0003473125398159,0.2330839756977497
1014,1,0.2720084753330746,0.0096552328893299,0.0,-0.2720084753330746,-0.0096552328893299,0.0,0.2114544379768058,0.6298821796577133,0.0,-0.3423906900753872,0.6497040971492161,0.0,0.0476984085555698,1.0831654873863128,0.0,-0.3110379091734099,1.0823421555825972,0.0,-0.0156612314440358,1.1164309395133802,0.0,-0.282255700398275,1.1099336573159513,0.0,-0.0129792735704531,1.3357158613947522,0.0,-0.3218175449262836,1.3432199652887515,0.0,0.5367818474769592,0.5425952970981598,-0.0003510750830173,0.2260878357832139
1015,1,0.272087252053891,0.0108567345746259,0.0,-0.272087252053891,-0.0108567345746259,0.0,0.2131656494293853,0.637788508667042,0.0,-0.3320250087613048,0.6452210934810896,0.0,0.0499263851300814,1.092277335375936,0.0,-0.2919430376689806,1.0691843184174958,0.0,-0.0113254847213661,1.123819223422574,0.0,-0.267487393380423,1.098599513751005,0.0,-0.0088352660907143,1.342538623533007,0.0,-0.3125613023721688,1.3198961143298098,0.0,0.5363301336765289,0.5407701432704926,-0.0003529172390699,0.2254485378227414
1016,1,0.2778325510719702,0.0110589517869943,0.0,-0.2778325510719702,-0.0110589517869943,0.0,0.2145291651230126,0.6517079179377874,0.0,-0.3307565666971337,0.6572258755013998,0.0,0.0485549098352324,1.1195992810670252,0.0,-0.2920758467879265,1.0793423115905307,0.0,-0.0113978617051327,1.1524690713042574,0.0,-0.2706699115105787,1.1150534705456858,0.0,-0.007947241091188,1.371424662847098,0.0,-0.3125004203590936,1.329777634218159,0.0,0.5361028611660004,0.5407885313034058,-0.0003519859164953,0.219927491945494
1017,1,0.2761539265576238,0.0108624947632232,0.0,-0.2761539265576238,-0.0108624947632232,0.0,0.2134767458496864,0.6475370932740833,0.0,-0.3272834179972786,0.653150381224515,0.0,0.0483436578735271,1.105013999950067,0.0,-0.2810701668250041,1.0701893630096144,0.0,-0.0113707671172318,1.1372783504442503,0.0,-0.2601895815352821,1.10502315922397,0.0,-0.0023981807677079,1.3604319365199506,0.0,-0.2988784891963262,1.318604765290324,0.0,0.5360992103815079,0.5409009754657745,-0.0003458056598901,0.2212574865483778
1018,1,0.2749857065565846,0.0109354939691753,0.0,-0.2749857065565846,-0.0109354939691753,0.0,0.2128199172136696,0.6442161709958226,0.0,-0.3217399042026764,0.6481916172462646,0.0,0.0488510611843941,1.0960537269366142,0.0,-0.2740266385286112,1.0391529569313842,0.0,-0.0082712075461556,1.1264379352535674,0.0,-0.2462812415996833,1.0641308265059992,0.0,-0.0015742230835224,1.354388548383464,0.0,-0.2973960948411588,1.2830155450770464,0.0,0.5360126197338104,0.5408160090446472,-0.0003453064709901,0.2222741305323706
1019,1,0.2733695659971779,0.0108658090225688,0.0,-0.2733695659971779,-0.0108658090225688,0.0,0.2112693334869833,0.6396886074206829,0.0,-0.3157342593643482,0.6422448139026019,0.0,0.0503615302580262,1.088783049498108,0.0,-0.2634801505917256,1.036556514187797,0.0,-0.0033595666326461,1.1193666813811534,0.0,-0.2386298007924883,1.0627001526130346,0.0,-1.2388077270373442e-05,1.345056669246775,0.0,-0.2861808359717231,1.278478613021302,0.0,0.5358953177928925,0.5408564805984497,-0.0003440901637077,0.2237325390828881
1020,1,0.2723504285971965,0.0108418026021642,0.0,-0.2723504285971965,-0.0108418026021642,0.0,0.2103944273129625,0.635582132817191,0.0,-0.3119209777949833,0.6312810813626202,0.0,0.0521297468365134,1.0830549696964122,0.0,-0.2579967375973641,1.0247099832271167,0.0,6.648237624151558e-05,1.114014259729647,0.0,-0.2341664549470096,1.0516158387999257,0.0,0.0041737927743001,1.3384107247549368,0.0,-0.2851227413980864,1.257433863499233,0.0,0.5358308255672455,0.5408788323402405,-0.000341716222465,0.2245852865125414
1021,1,0.2716659267893636,0.0108957351122834,0.0,-0.2716659267893636,-0.0108957351122834,0.0,0.2104087484465265,0.6327721615526194,0.0,-0.3102301043711923,0.6251603557478025,0.0,0.054352421542133,1.078080023613426,0.0,-0.2566693869415903,1.0170054035482108,0.0,0.0007542121005086,1.1085712303945006,0.0,-0.2286084044309758,1.0456630787165964,0.0,0.0124522497739513,1.3364980220980716,0.0,-0.2846344534921191,1.247873264746124,0.0,0.5357689559459686,0.5406580567359924,-0.0003411192446947,0.2249561114688241
1022,1,0.2716621702250731,0.0109031070199323,0.0,-0.2716621702250731,-0.0109031070199323,0.0,0.2113836306370255,0.633391742594618,0.0,-0.3084524083027634,0.6271494500248033,0.0,0.0550024551569096,1.080279365706848,0.0,-0.2563767163249033,1.0233995108634883,0.0,0.0007395052743508,1.1111173262958431,0.0,-0.2257674495504475,1.0521469737281677,0.0,0.015064790251492,1.3392542056955368,0.0,-0.2847792138825668,1.2625452831044657,0.0,0.5356537848711014,0.5406061112880707,-0.0003418121486902,0.2245334075930602
1023,1,0.271918368721512,0.0112503473477561,0.0,-0.271918368721512,-0.0112503473477561,0.0,0.2122726442166622,0.6340201069070857,0.0,-0.3065689066212843,0.6249868492872467,0.0,0.056110110025715,1.0841922503840438,0.0,-0.2562269268108047,1.029670886218419,0.0,0.0013815586122439,1.1162360588664315,0.0,-0.2254452583600663,1.0601151772315538,0.0,0.0171112995777521,1.3443300692179,0.0,-0.2847010772097905,1.27170655041438,0.0,0.535536915063858,0.5402454733848572,-0.0003448519855737,0.2241065449860874
1024,1,0.2714798681702083,0.0118315511954306,0.0,-0.2714798681702083,-0.0118315511954306,0.0,0.2127667874073638,0.6336390493029493,0.0,-0.3050167543779865,0.6184076270743488,0.0,0.0597216759350305,1.085107890563238,0.0,-0.2544813106280624,1.0239758829843797,0.0,0.0041828716347482,1.1192408675515726,0.0,-0.2210608774808924,1.0579589067165884,0.0,0.0190713156711461,1.3451279001835186,0.0,-0.2839436690873889,1.2686379140818826,0.0,0.5354161560535431,0.5399768054485321,-0.0003453260287642,0.2241833256700638
1025,1,0.2701585185071984,0.0117591010747327,0.0,-0.2701585185071984,-0.0117591010747327,0.0,0.2123555545270307,0.6307486744255053,0.0,-0.3030345332533983,0.6171490045906732,0.0,0.0602299261955445,1.0810570290012755,0.0,-0.2509010980517332,1.0236269959073574,0.0,0.0044266022761404,1.1171505982674852,0.0,-0.2169901934792479,1.0557461647563036,0.0,0.0198440785884476,1.3394041725870172,0.0,-0.2809552514467973,1.2623432587959742,0.0,0.535260945558548,0.5399869084358215,-0.0003451230004429,0.2251970742705119
1026,1,0.2701364632172055,0.0117397370456105,0.0,-0.2701364632172055,-0.0117397370456105,0.0,0.2130397655628834,0.6312789132166039,0.0,-0.3030900459688875,0.6186570162505428,0.0,0.0602931856400733,1.0835731840063754,0.0,-0.2448600703155129,1.0264309008011092,0.0,0.0042698686911214,1.1224865474794543,0.0,-0.2162285013546515,1.0580288434767495,0.0,0.0203888664985057,1.3412319940720625,0.0,-0.2780694092105731,1.2661814801848557,0.0,0.5351643711328506,0.539993554353714,-0.000345941632986,0.2248957989766456
1027,1,0.2715126880883477,0.0118590058072446,0.0,-0.2715126880883477,-0.0118590058072446,0.0,0.2142729926653929,0.6344084451941596,0.0,-0.3038493506886967,0.6226437720848402,0.0,0.0615382286156983,1.0897561087507066,0.0,-0.2458164878211816,1.0307478084799284,0.0,0.005349516697311,1.12966257064473,0.0,-0.2152401692956738,1.063244357008964,0.0,0.0206351444328607,1.3483795926979714,0.0,-0.2785609927779556,1.2741973183651765,0.0,0.5351356267929077,0.5400174260139465,-0.0003485828638076,0.2236768873845018
1028,1,0.2713268784817406,0.011744784883169,0.0,-0.2713268784817406,-0.011744784883169,0.0,0.2143392276722304,0.6319770897952157,0.0,-0.3014275260894896,0.6229090988994463,0.0,0.0617599726836076,1.0892156944115756,0.0,-0.2461749502622096,1.030268160009918,0.0,0.0055168006237648,1.1282021420511326,0.0,-0.2169122740843187,1.061837788048585,0.0,0.0193891432933267,1.346939054974417,0.0,-0.2780639450346337,1.2737420108514874,0.0,0.5351123958826065,0.5399912893772125,-0.0003488194197416,0.223773992503687
1029,1,0.2730531247288846,0.0118518981465757,0.0,-0.2730531247288846,-0.0118518981465757,0.0,0.2159633335141684,0.6346834312019907,0.0,-0.3027771902838567,0.6237253961640838,0.0,0.0638183668816812,1.096525753763144,0.0,-0.2478550874958629,1.0365483033862093,0.0,0.0096765675723815,1.1366196771462238,0.0,-0.2183683307308029,1.0699809556291806,0.0,0.0212631357216487,1.3540610287959802,0.0,-0.2794870084635181,1.27905134026936,0.0,0.5350555777549744,0.5400272309780121,-0.0003450708463788,0.222284689268195
1030,1,0.2743373526736204,0.0116561576456641,0.0,-0.2743373526736204,-0.0116561576456641,0.0,0.216754058832223,0.6368029460205372,0.0,-0.3041918096972209,0.6280078893362967,0.0,0.0633941979762548,1.101049444649679,0.0,-0.2480352946403526,1.0412804528704256,0.0,0.0083379405772447,1.1408691270981923,0.0,-0.2174593660183819,1.0747157313091638,0.0,0.0195336818817532,1.3593990486669942,0.0,-0.280130678010198,1.2847695739280305,0.0,0.535038635134697,0.5402851700782776,-0.0003459965810179,0.2212439672872244
1031,1,0.2753241050888103,0.0116264132941616,0.0,-0.2753241050888103,-0.0116264132941616,0.0,0.2176245990475024,0.6369349591289294,0.0,-0.3047989079300921,0.6300680623106129,0.0,0.0653984733983084,1.1045095332956227,0.0,-0.2489360264374155,1.045317693772539,0.0,0.0135006841176728,1.143927954185176,0.0,-0.2182804687987322,1.0787548853231774,0.0,0.019714414687444,1.363886013987131,0.0,-0.2810785105525059,1.2882311948675358,0.0,0.5350290685892105,0.5403757095336914,-0.0003458997234702,0.2204719274733568
1032,1,0.2760190012423273,0.0122657475577304,0.0,-0.2760190012423273,-0.0122657475577304,0.0,0.2190008443359555,0.6352696774264273,0.0,-0.3037701486217101,0.6281143538178018,0.0,0.0674757399651648,1.1003189327948686,0.0,-0.2480117851055804,1.0434622046616189,0.0,0.0145633359751777,1.1394306638826932,0.0,-0.2173007046190319,1.0771708038490748,0.0,0.0219709427417975,1.3614560669150542,0.0,-0.2796967110299818,1.2868900345304362,0.0,0.5347886979579926,0.5408783257007599,-0.0003451164811849,0.2204314153094448
1033,1,0.2745212330444033,0.0122061540174248,0.0,-0.2745212330444033,-0.0122061540174248,0.0,0.2165335268340942,0.6319529757549057,0.0,-0.3005820579128824,0.6246981565079611,0.0,0.0662463652672055,1.0946210963174778,0.0,-0.2469231376435115,1.0386035392336754,0.0,0.014197624230682,1.1333748954743654,0.0,-0.2197760807528734,1.0720398459031395,0.0,0.0217734031810163,1.3546552226158202,0.0,-0.2787062193529343,1.2803631401234303,0.0,0.5348036736249924,0.5408805012702942,-0.0003502173349261,0.2215491242859154
1034,1,0.2807916464048136,0.0123027112073466,0.0,-0.2807916464048136,-0.0123027112073466,0.0,0.2217898115367288,0.6442089800029958,0.0,-0.3057895595727408,0.6370225141232178,0.0,0.0682964112783485,1.110904510040784,0.0,-0.2513732357712936,1.0572465349349869,0.0,0.0137005219276779,1.149449051420273,0.0,-0.2237292018378602,1.0910696555431512,0.0,0.0251526305792229,1.3800806815833675,0.0,-0.2838008794621364,1.3043965482362796,0.0,0.5346577763557434,0.5414130091667175,-0.0003410233184695,0.2170875084429219
1035,1,0.2789115749142217,0.0121834528983287,0.0,-0.2789115749142217,-0.0121834528983287,0.0,0.2195103959441557,0.6397543024341826,0.0,-0.3029704406889266,0.6330727903790775,0.0,0.065625535654246,1.1025546668442123,0.0,-0.2502259779827251,1.049545897352258,0.0,0.0114816093896652,1.1396347290355946,0.0,-0.2265371417080745,1.083174712380394,0.0,0.0248424536500962,1.3696214148992754,0.0,-0.2796416883497118,1.2992694880811355,0.0,0.5347046703100204,0.5414059162139893,-0.0003325100988149,0.2187477149608081
1036,1,0.2787315106468113,0.0122088967169381,0.0,-0.2787315106468113,-0.0122088967169381,0.0,0.2191610356437388,0.6409677582859916,0.0,-0.3025361774966823,0.6401460815406419,0.0,0.0647938942204043,1.102262201588836,0.0,-0.250108137131617,1.0628622843577922,0.0,0.0113304540334155,1.1385551025780205,0.0,-0.2257973413653758,1.093641946747463,0.0,0.0222700807083323,1.368233627788106,0.0,-0.2875446607744933,1.31025341582996,0.0,0.534724622964859,0.5413914918899536,-0.0003303242847323,0.2189265047966734
1037,1,0.2770204230615711,0.0124751649176043,0.0,-0.2770204230615711,-0.0124751649176043,0.0,0.2178589528685248,0.6365404019780042,0.0,-0.3000715152081096,0.635243796623673,0.0,0.0645727977808881,1.094723387208223,0.0,-0.2482701315360899,1.0630949182491645,0.0,0.0115406118816277,1.1315026060742324,0.0,-0.2238443350465997,1.101067781519109,0.0,0.0171329318488075,1.3582639653696835,0.0,-0.2949926487993353,1.3151943999357778,0.0,0.5346515625715256,0.5413157045841217,-0.0003157830797135,0.2205629374250502
1038,1,0.283716090475131,0.0117265779280131,0.0,-0.283716090475131,-0.0117265779280131,0.0,0.2220372002028071,0.6500075355020616,0.0,-0.3087357254491334,0.6600667358862248,0.0,0.0656899132636737,1.1218273466876345,0.0,-0.2597676903618751,1.130271344090164,0.0,0.0122035334828784,1.1561162481316067,0.0,-0.2309812728405495,1.16323876601387,0.0,0.0052146266488308,1.387585794818296,0.0,-0.3310846577661863,1.38601117205172,0.0,0.5346300154924393,0.5420006513595581,-0.0003094826824963,0.2159151391784433
1039,1,0.2707210565329228,0.0114775634781906,0.0,-0.2707210565329228,-0.0114775634781906,0.0,0.2117316758525679,0.6187432440962471,0.0,-0.2978775591287229,0.6277447081660824,0.0,0.0571330949419947,1.07014139873155,0.0,-0.2663548179510553,1.1335597290173354,0.0,0.0063994824705751,1.1037247952201743,0.0,-0.2395840473115105,1.1749587333230944,0.0,0.0007596973787396,1.3217406546593244,0.0,-0.3313739227083355,1.371638120149904,0.0,0.5345346182584763,0.5421414375305176,-0.0003033224493265,0.2266859472425868
1040,1,0.26762309175993,0.0116511672365246,0.0,-0.26762309175993,-0.0116511672365246,0.0,0.2094135073336917,0.6103802831941905,0.0,-0.2978946719786551,0.6213488159646328,0.0,0.0559022436549927,1.0639151599910202,0.0,-0.2667606325379316,1.157562399666356,0.0,0.0070178943017611,1.098600349690866,0.0,-0.2352335179463077,1.2162083311948462,0.0,-0.0045385669574041,1.3047028401840886,0.0,-0.344686679971623,1.3751915533684118,0.0,0.5343810170888901,0.5420165359973907,-0.0003006197512149,0.2300329743998489
1041,1,0.2640967977281001,0.0149460574321203,0.0,-0.2640967977281001,-0.0149460574321203,0.0,0.2060917113083816,0.6081519389790273,0.0,-0.2943088462575131,0.6123099253255925,0.0,0.0550257121579452,1.056374014915794,0.0,-0.2788585191300272,1.1812663445355474,0.0,0.006802843801291,1.0900779583905118,0.0,-0.2494670921368318,1.2532610133715951,0.0,-0.0053316094617683,1.293720277514213,0.0,-0.3555474245822933,1.3714338405666509,0.0,0.5344214588403702,0.5407275259494781,-0.000296976417303,0.2329720701680174
1042,1,0.263720515653033,0.0177390415479339,0.0,-0.263720515653033,-0.0177390415479339,0.0,0.2052511461916353,0.6236190905127509,0.0,-0.293898815365073,0.6223853880439171,0.0,0.0546801495779685,1.073502612304878,0.0,-0.3029513340606653,1.21019106966028,0.0,0.005929094323104,1.1062295925678214,0.0,-0.2793446021710106,1.2834390547950514,0.0,-0.0086463323171803,1.3107466385075182,0.0,-0.350661013572985,1.412270869537661,0.0,0.534271702170372,0.5364583134651184,-0.0002965708263218,0.2332098926597629
1043,1,0.2564570458021798,0.0210493497243854,0.0,-0.2564570458021798,-0.0210493497243854,0.0,0.1946058042160207,0.6051495622655342,0.0,-0.2954895141011088,0.5868487593510399,0.0,0.048908491079745,1.0584045459589406,0.0,-0.3191918198023404,1.1873737116002203,0.0,-9.9315151215577e-06,1.0917702158734477,0.0,-0.2891522143020428,1.307099367829989,0.0,-0.0195561464258592,1.2871427330568528,0.0,-0.3709446968128995,1.370634746092886,0.0,0.5341957211494446,0.5328807830810547,-0.0002951109781861,0.2400626452091309
1044,1,0.2473569612103387,0.0241701327874588,0.0,-0.2473569612103387,-0.0241701327874588,0.0,0.1804943020989036,0.5759989548694934,0.0,-0.2973492434424074,0.5400887630766306,0.0,0.0398200363125271,1.0306836477302244,0.0,-0.3212194010071516,1.147683074747189,0.0,-0.0064206419180794,1.0713097179446152,0.0,-0.2874595100731258,1.32775312959132,0.0,-0.0259192706092206,1.235033036868329,0.0,-0.4188247361530117,1.2244200378803254,0.0,0.534280389547348,0.5304234325885773,-0.0002732896246016,0.2491679941828008
1045,1,0.2392934871157054,0.0251007315961516,0.0,-0.2392934871157054,-0.0251007315961516,0.0,0.1678993692136686,0.5482747324258982,0.0,-0.2969342117070762,0.5021986284452767,0.0,0.0346958266192315,1.0078571311932627,0.0,-0.3242497205367532,1.123344536282185,0.0,-0.0149929427460133,1.0513031944325544,0.0,-0.2843313745389633,1.2516476689876967,0.0,-0.0249782213489284,1.2071043300058235,0.0,-0.4234666090373938,1.1370046599989745,0.0,0.5343840718269348,0.5265859961509705,-0.0002650163369253,0.257859750078042
1046,1,0.2273477663937787,0.0251826602319079,0.0,-0.2273477663937787,-0.0251826602319079,0.0,0.1511764329585579,0.5232248119437393,0.0,-0.2834566488992049,0.4595185571890335,0.0,0.0276632264786381,0.973005101890022,0.0,-0.3230511849460944,1.0278763909765771,0.0,-0.019537464526083,1.0198999350694105,0.0,-0.29074113715631,1.1173818521035597,0.0,-0.0228434955928692,1.1676564911015734,0.0,-0.3888944922592798,1.1199503552196697,0.0,0.5343869030475616,0.5209599733352661,-0.0002549230121076,0.2714636124867082
1047,1,0.2242377587981355,0.0289363728233352,0.0,-0.2242377587981355,-0.0289363728233352,0.0,0.1452117298460716,0.5244772368331347,0.0,-0.2790829476717196,0.4321755034781076,0.0,0.0273627944540546,0.9678876688327333,0.0,-0.3231090479037714,0.9364474896733544,0.0,-0.0191606179982681,1.015836323226569,0.0,-0.3227990621109028,0.9896884154806336,0.0,-0.0040111447244457,1.1660209763429767,0.0,-0.2911775888862116,1.0999050330758908,0.0,0.5343829244375229,0.5180502831935883,-0.0002583442255854,0.2753476232846249
1048,1,0.2154250670374602,0.0304128235998795,0.0,-0.2154250670374602,-0.0304128235998795,0.0,0.1309838113312048,0.5107594631164304,0.0,-0.2658176369764616,0.3507088458112637,0.0,0.0254631315231789,0.9436861202368808,0.0,-0.3180496830029978,0.8444646803971638,0.0,-0.0200652514507771,0.9980819076377756,0.0,-0.3426742206776232,0.9422941572413124,0.0,0.001576938534626,1.1344944888661757,0.0,-0.3611279577562744,0.96973761206995,0.0,0.5344205051660538,0.5136895179748535,-0.0002354115713387,0.2870262609001833
1049,1,0.2225054732331431,0.033004018412944,0.0,-0.2225054732331431,-0.033004018412944,0.0,0.1308910074702895,0.5308681503370934,0.0,-0.2732789192772152,0.3445210063542177,0.0,0.0258515971021824,0.9816269043577664,0.0,-0.3288300289090179,0.8229575487445397,0.0,-0.0205337470399948,1.0366434141691834,0.0,-0.3795772606532158,0.9143096566373408,0.0,0.0010008705640498,1.1797543679357545,0.0,-0.3687647214403449,0.9983030667613536,0.0,0.5345667004585266,0.5121206641197205,-0.0002270597033202,0.2773969435571695
1050,1,0.1997889627707556,0.0300510207381857,0.0,-0.1997889627707556,-0.0300510207381857,0.0,0.110457083909157,0.4869269446820348,0.0,-0.2427819065836612,0.2321262820251649,0.0,0.0230875810798668,0.8921959539595875,0.0,-0.3033381641963144,0.7115539743316397,0.0,-0.0168163838185678,0.9384230016894516,0.0,-0.3424405598399963,0.7772961801856565,0.0,0.0003781269622077,1.07325050599807,0.0,-0.3310466045847552,0.8744089621433556,0.0,0.5346951633691788,0.5083822309970856,-0.0002156326081603,0.3084450470902109
1051,1,0.2030040642225203,0.0304788989715599,0.0,-0.2030040642225203,-0.0304788989715599,0.0,0.1103899870694836,0.4970723626186539,0.0,-0.2444814993062407,0.254484946188334,0.0,0.022841245580462,0.9128794823998784,0.0,-0.3163869041795238,0.715127477757187,0.0,-0.0179326378246819,0.9572883499746484,0.0,-0.3536734684901171,0.7804486358306431,0.0,0.0007641840025981,1.0990716463288233,0.0,-0.3380833267646659,0.883945993500218,0.0,0.5349186807870865,0.506781280040741,-0.0002090721391141,0.3025338336533016
1052,1,0.2060236773959265,0.0311929418100513,0.0,-0.2060236773959265,-0.0311929418100513,0.0,0.1119787576581928,0.496416020793371,0.0,-0.2460071538495526,0.2788119385170124,0.0,0.0232641419894311,0.9257364468758126,0.0,-0.3235386041045696,0.7518946626766887,0.0,-0.0178814722649762,0.9681116546894954,0.0,-0.3885625575213037,0.8394818178012579,0.0,0.0073567749885906,1.1179831600258263,0.0,-0.3434078726542945,0.9298171704941036,0.0,0.5349448323249817,0.5057404041290283,-0.0002031424082815,0.2982186852656323
1053,1,0.2047446266361829,0.0300085101259319,0.0,-0.2047446266361829,-0.0300085101259319,0.0,0.1067918906758313,0.4904387184701114,0.0,-0.2430581895011801,0.2729389494142644,0.0,0.0200702673355418,0.9172483624552528,0.0,-0.3208174686502715,0.7567219164962767,0.0,-0.02199182486383,0.9593879871858214,0.0,-0.3749400336020069,0.8471222700635722,0.0,0.0077987117712633,1.1079260398683677,0.0,-0.3401019507223879,0.8981777392959127,0.0,0.5350799411535263,0.5061212033033371,-0.0001980955712497,0.3005888721481481
1054,1,0.2134114821469053,0.0308330953569128,0.0,-0.2134114821469053,-0.0308330953569128,0.0,0.1103960311559294,0.5098583466726401,0.0,-0.2531058848558142,0.3029305907012673,0.0,0.0158186826064826,0.949713340105804,0.0,-0.3350219534306165,0.8100054817988498,0.0,-0.0274188813601489,0.9951003001759064,0.0,-0.3836884033992329,0.9035163849212624,0.0,0.0061367033068401,1.1491648370445915,0.0,-0.3532195066861723,0.9729160070849294,0.0,0.5351602286100388,0.5070299357175827,-0.000199141446501,0.2889003047262042
1055,1,0.2152763861948477,0.0304289149886488,0.0,-0.2152763861948477,-0.0304289149886488,0.0,0.1102030264067231,0.5064089968667284,0.0,-0.2569332069897603,0.3414199102667599,0.0,0.0097386644978936,0.9543435518987312,0.0,-0.3375602560136669,0.8913322542847537,0.0,-0.0352422981844688,1.004317163110402,0.0,-0.3813484347081238,1.0098848724083982,0.0,0.0047738347927747,1.154350517661164,0.0,-0.3673799595128877,1.0209526123724082,0.0,0.5355488061904907,0.5073736011981964,-0.0002022809349,0.287108554465381
1056,1,0.2162795301415367,0.0299504948236759,0.0,-0.2162795301415367,-0.0299504948236759,0.0,0.1116920166440442,0.504209910946962,0.0,-0.2588009679867041,0.4001616185815639,0.0,0.0072822364115009,0.9492600277168431,0.0,-0.3382373558030242,0.949638126169498,0.0,-0.0399381284419186,1.0015032259959458,0.0,-0.3683463259940744,1.063663359088717,0.0,0.0037705510025234,1.1484732713172845,0.0,-0.3558360635177716,1.0108174041879472,0.0,0.5359146744012833,0.5084920078516006,-0.0002047889865934,0.2870682420780155
1057,1,0.2294564425646089,0.0301560950425465,0.0,-0.2294564425646089,-0.0301560950425465,0.0,0.1204249963265757,0.5294815245789488,0.0,-0.2797217442403402,0.4675832371122493,0.0,0.0053763601737494,0.985102059368508,0.0,-0.3576047723327217,1.0129043964021562,0.0,-0.0455639138111959,1.0402140736861154,0.0,-0.3783435372822017,1.1298805556182925,0.0,-0.0125627141857609,1.1922874798056835,0.0,-0.3787256714105699,1.0651234846551747,0.0,0.5363720059394836,0.5123879611492157,-0.0002110032364726,0.272338171474541
1058,1,0.2375335931773194,0.029640632562616,0.0,-0.2375335931773194,-0.029640632562616,0.0,0.1295643879464191,0.5403652183650115,0.0,-0.2910630429254887,0.5097654613431538,0.0,0.0044540603414331,1.0039149062908468,0.0,-0.3701592984952631,1.117739427104944,0.0,-0.0443200171906911,1.0605644700962693,0.0,-0.3810816143661337,1.2578778042481034,0.0,-0.0837355564762168,1.1983911171451191,0.0,-0.4095767544512728,1.115207392650301,0.0,0.5367031246423721,0.5153129994869232,-0.0002260112669318,0.2643331155922947
1059,1,0.2386641885097227,0.0274451200855026,0.0,-0.2386641885097227,-0.0274451200855026,0.0,0.1351887904266061,0.5273473921842564,0.0,-0.2968526056544679,0.525567423658746,0.0,0.0062262150217867,0.9791317170142356,0.0,-0.3720931936392395,1.114093403719365,0.0,-0.0443042216676642,1.0244923073739074,0.0,-0.3782104644560758,1.2446950608003249,0.0,-0.0773411702032107,1.183109190073696,0.0,-0.4071969726078825,1.223632137605554,0.0,0.5368946045637131,0.5205582976341248,-0.0002294015139341,0.2635710420174854
1060,1,0.2470885613239725,0.0237513175173387,0.0,-0.2470885613239725,-0.0237513175173387,0.0,0.1403851028138476,0.5371068124631744,0.0,-0.3110289825414428,0.5522217869387096,0.0,0.0112664706954474,0.9860862506500724,0.0,-0.3862164024227755,1.1381341647902483,0.0,-0.0409962281805167,1.029197445528485,0.0,-0.3743072377358832,1.2570370557493924,0.0,-0.0788405016507382,1.198447408472524,0.0,-0.4223168472866036,1.2951741698627903,0.0,0.5373220294713974,0.5272698700428009,-0.0002326969988644,0.2548314825744281
1061,1,0.2483828520943236,0.0215341017708711,0.0,-0.2483828520943236,-0.0215341017708711,0.0,0.1469242192070112,0.5460858237398881,0.0,-0.3151884227519305,0.5707580490741305,0.0,0.0141873445415048,0.9858629725177634,0.0,-0.3905024433750826,1.1709467104747702,0.0,-0.039542376617433,1.0268405897720403,0.0,-0.3638349483146167,1.2886212062196367,0.0,-0.076010233101766,1.2056551673354825,0.0,-0.4203049910812093,1.329391418416242,0.0,0.5376420170068741,0.5298607647418976,-0.0002595006953924,0.2523220923359832
1062,1,0.2457831475776434,0.0193383635583531,0.0,-0.2457831475776434,-0.0193383635583531,0.0,0.1480861668438996,0.5462559540798926,0.0,-0.3158916712136638,0.577431331481355,0.0,0.0179596539612431,0.9778353839642272,0.0,-0.393080781423957,1.159685700255264,0.0,-0.032436428938979,1.011949619190886,0.0,-0.3655326440220059,1.2513517033371404,0.0,-0.0764221517867608,1.2031741468551849,0.0,-0.4210717281163219,1.3360504158319877,0.0,0.5385306626558304,0.5314227938652039,-0.0002923267893493,0.2527894633456117
1063,1,0.2416812467861974,0.0174797613540053,0.0,-0.2416812467861974,-0.0174797613540053,0.0,0.1446894090628967,0.5428757356866609,0.0,-0.315643298773888,0.5719557223154074,0.0,0.0153841063499914,0.9592529270555644,0.0,-0.3904365451775453,1.1304430595061927,0.0,-0.0351546923474999,0.990522243163556,0.0,-0.3550885369835105,1.2049472300710102,0.0,-0.0790365205454404,1.1894372395932034,0.0,-0.4191615304555081,1.3038188138501574,0.0,0.5398886352777481,0.5326897203922272,-0.0003129774704575,0.2572224460395257
1064,1,0.2439843094123862,0.0158422403318385,0.0,-0.2439843094123862,-0.0158422403318385,0.0,0.1451609780516024,0.5522040892354959,0.0,-0.3209672945781539,0.5769154360110992,0.0,0.013817863471822,0.9737629873324468,0.0,-0.3884931766137437,1.124280518996698,0.0,-0.0378050076246742,1.0021238554410392,0.0,-0.3564301114913565,1.1983059230642064,0.0,-0.0736230627594369,1.1996980157778894,0.0,-0.4121897246388534,1.301927551407093,0.0,0.5404074341058731,0.5355677902698517,-0.0003373641520738,0.2540307509525185
1065,1,0.2443263900833875,0.0142324577667958,0.0,-0.2443263900833875,-0.0142324577667958,0.0,0.1469294838203234,0.5552794622377505,0.0,-0.3226862771772279,0.5839904877522514,0.0,0.0156871561635236,0.9793095314603976,0.0,-0.3816725985346492,1.1166617454662175,0.0,-0.0352630266593694,1.0061750853859952,0.0,-0.3508927183528791,1.184613770998979,0.0,-0.070923538601303,1.2057888853468477,0.0,-0.3987247230444449,1.325023872078602,0.0,0.540579691529274,0.535653829574585,-0.000336636789143,0.2530854439961799
1066,1,0.2427824101789571,0.0134446055496444,0.0,-0.2427824101789571,-0.0134446055496444,0.0,0.1464128528817302,0.5482370257221153,0.0,-0.315248351618413,0.5764621721230413,0.0,0.016065945290133,0.9684324754048798,0.0,-0.3615697534683196,1.0980488812072402,0.0,-0.0335468132908227,0.9952305787144884,0.0,-0.3272283233306123,1.149946595048149,0.0,-0.0657785945453786,1.1950032615143178,0.0,-0.3653274228195581,1.297327614576643,0.0,0.5405531972646713,0.5370014905929565,-0.0003341073170304,0.2544920351922857
1067,1,0.2567429967527913,0.0119866392881951,0.0,-0.2567429967527913,-0.0119866392881951,0.0,0.1546762827973103,0.5773690060081796,0.0,-0.3278914420724357,0.6059342243482466,0.0,0.0183340803723001,1.015702257910957,0.0,-0.3614656215083278,1.133224515442482,0.0,-0.0318028293237431,1.0431632612153643,0.0,-0.3234160156916426,1.1613724648130297,0.0,-0.067513128718729,1.2569768339444312,0.0,-0.3673827926609553,1.3496152502877423,0.0,0.5405780076980591,0.5392111539840698,-0.0003382097929716,0.2406932549100188
1068,1,0.2506451464712591,0.0128887987215188,0.0,-0.2506451464712591,-0.0128887987215188,0.0,0.1505263055034956,0.5705557078977072,0.0,-0.3154664645062716,0.5918355981659209,0.0,0.01812539768309,1.0063208670972383,0.0,-0.3313034650019563,1.08221656651911,0.0,-0.0307485600077065,1.0404744631098743,0.0,-0.2982892076443978,1.1089470741641263,0.0,-0.0646908543409884,1.2331707277373436,0.0,-0.3443047969607083,1.29644097070208,0.0,0.5405064076185226,0.5383952558040619,-0.0003376547247171,0.2468227623078004
1069,1,0.2547930237199571,0.0123593887887635,0.0,-0.2547930237199571,-0.0123593887887635,0.0,0.1512435883147382,0.5799339760149421,0.0,-0.3162877992582106,0.596020846368316,0.0,0.0170707316657523,1.0201592767241363,0.0,-0.318843747965106,1.0537891321732042,0.0,-0.0318783363477058,1.0544775891265412,0.0,-0.2939963305209854,1.0804261933445414,0.0,-0.0655573848623926,1.250978059914709,0.0,-0.3214223254821862,1.2721197637257555,0.0,0.5406302213668823,0.5394483506679535,-0.0003425050526857,0.2423294585343201
1070,1,0.2605254373327048,0.0128679436021846,0.0,-0.2605254373327048,-0.0128679436021846,0.0,0.1541248703268507,0.6021166560898273,0.0,-0.3184027669385287,0.6137123908453548,0.0,0.0180055650169322,1.0422810505578737,0.0,-0.3108501113947293,1.0398895292825796,0.0,-0.0323049007430886,1.0745283636698324,0.0,-0.2909608775962422,1.0651028527424633,0.0,-0.0564054501080011,1.2788736719316194,0.0,-0.3061753285611782,1.273409636782347,0.0,0.5405415296554565,0.5394082069396973,-0.0003485158085823,0.2370207523010067
1071,1,0.2651445098662626,0.0127611959561572,0.0,-0.2651445098662626,-0.0127611959561572,0.0,0.1559137058166692,0.6126360736154141,0.0,-0.3210317003581925,0.6203808489255934,0.0,0.0195459471660079,1.0519421793185544,0.0,-0.2992156267958388,1.0293523970645584,0.0,-0.0301943725180248,1.0790522245414764,0.0,-0.2779287710036877,1.0524931808710654,0.0,-0.0581201563184551,1.2948636433129808,0.0,-0.3081213495631695,1.2629493771117457,0.0,0.5402625799179077,0.5407571196556091,-0.0003514103591442,0.2325764522496639
1072,1,0.2620803086506373,0.0129509135475702,0.0,-0.2620803086506373,-0.0129509135475702,0.0,0.1537596541425888,0.6075780608099135,0.0,-0.3128576779209795,0.6121667703072514,0.0,0.0186703006616872,1.0410845678600116,0.0,-0.2796533119742919,1.0173340553076569,0.0,-0.0296846503571144,1.0677568067117722,0.0,-0.2625166637773687,1.04464242327378,0.0,-0.0568572126264362,1.2795649559762892,0.0,-0.2963768316262731,1.24236688717395,0.0,0.5401358157396317,0.5404733121395111,-0.0003536771982908,0.2348096265910572
1073,1,0.2604091083582037,0.0133985086568992,0.0,-0.2604091083582037,-0.0133985086568992,0.0,0.1521915106710325,0.6040290508696311,0.0,-0.3093580237746947,0.6066691262308662,0.0,0.018322274445329,1.0279822463494406,0.0,-0.2717577726512148,0.9855227169379892,0.0,-0.029612003977647,1.052660641045437,0.0,-0.2561530595265759,1.0067498314724632,0.0,-0.0538938825749343,1.269990837111074,0.0,-0.2886562741412161,1.2195025507932282,0.0,0.5401912927627563,0.5403071641921997,-0.000355408526957,0.2361540861693077
1074,1,0.2620347041393186,0.0139153245165438,0.0,-0.2620347041393186,-0.0139153245165438,0.0,0.1530493990708658,0.6076367682454697,0.0,-0.306678994782797,0.6089873441464878,0.0,0.0187053111841047,1.033012569598175,0.0,-0.2649259116025529,0.9977815568434903,0.0,-0.0298491493386231,1.0581016942839616,0.0,-0.2528843556255021,1.0241224843478558,0.0,-0.0436664625188645,1.2761566043267023,0.0,-0.2733925929583526,1.23086952690123,0.0,0.5401962101459503,0.5401193499565125,-0.0003594662994146,0.2347421609709641
1075,1,0.2610022686588172,0.0140835593323472,0.0,-0.2610022686588172,-0.0140835593323472,0.0,0.1524951904366316,0.606077540296977,0.0,-0.3024923292601446,0.6057129092183136,0.0,0.0177748800579577,1.029395004898597,0.0,-0.2566250520934876,1.0006738594007876,0.0,-0.0328913922033012,1.054769737293055,0.0,-0.2497572434273976,1.03258717045827,0.0,-0.0422638269679782,1.270642714779029,0.0,-0.2643312340891955,1.2299939354528149,0.0,0.5402070879936218,0.5399639010429382,-0.0003572078421711,0.2357174217873569
1076,1,0.2605494691897294,0.0140537151118298,0.0,-0.2605494691897294,-0.0140537151118298,0.0,0.1523721341432825,0.604833570672675,0.0,-0.2998164790194478,0.6038328608718129,0.0,0.0166127036703001,1.019181172855806,0.0,-0.256699789554895,0.9957316102377728,0.0,-0.0341620903860492,1.045853142147266,0.0,-0.2495441846021344,1.028039700260916,0.0,-0.0419830689507294,1.2577454943308692,0.0,-0.26591346044077,1.2244949809324812,0.0,0.5401807874441147,0.5398257672786713,-0.0003563538193702,0.2362243489326762
1077,1,0.2584341549123299,0.0139982793126166,0.0,-0.2584341549123299,-0.0139982793126166,0.0,0.1512116259900843,0.5995778070623605,0.0,-0.2951715541188456,0.5946912623765283,0.0,0.0151286617888997,1.0107335582930228,0.0,-0.2532292542919941,0.9885972506774624,0.0,-0.0370206671883165,1.0373873929100204,0.0,-0.2485830089186103,1.0230840172813902,0.0,-0.0412114571756386,1.2473251811937929,0.0,-0.2613837945726802,1.2164347733784602,0.0,0.5401456505060196,0.5397745668888092,-0.0003539770841598,0.2382456309318799
1078,1,0.2587775088090909,0.0140953844336289,0.0,-0.2587775088090909,-0.0140953844336289,0.0,0.1516792231125293,0.6011267185882692,0.0,-0.2956856733250582,0.5947137632313094,0.0,0.0122585789834082,1.0140983202100824,0.0,-0.254620712860537,0.9937952682273732,0.0,-0.046156775286349,1.043490217131018,0.0,-0.2502300367887729,1.0302286498229791,0.0,-0.0401787240941579,1.2507719627901903,0.0,-0.264052038558274,1.2210943935257306,0.0,0.5400911569595337,0.5396963059902191,-0.000351526774466,0.2376488026862665
1079,1,0.2506972998280821,0.0137716251005916,0.0,-0.2506972998280821,-0.0137716251005916,0.0,0.1465983515960544,0.5842171676462179,0.0,-0.2867240271989177,0.5764003190879703,0.0,0.0110173610600389,0.9847148560612864,0.0,-0.2474935554093127,0.9644913489993816,0.0,-0.0458599872255819,1.0145389859350809,0.0,-0.2435374451098707,0.9997977857410628,0.0,-0.034410707902226,1.2153688434438834,0.0,-0.2568866037798172,1.186140849803632,0.0,0.5403094738721848,0.539636492729187,-0.0003522522747516,0.2443631902144932
1080,1,0.2610968675416,0.01439140518117,0.0,-0.2610968675416,-0.01439140518117,0.0,0.1524823017117421,0.6103126454061869,0.0,-0.2990514367033884,0.6007315125481564,0.0,0.0113146158669639,1.0268568524838302,0.0,-0.2576393094989923,1.005331405090464,0.0,-0.0488173479467026,1.057911307466898,0.0,-0.2535828194098071,1.0418818975121966,0.0,-0.0359678336296576,1.267173918238767,0.0,-0.2635491707142672,1.2376966975944472,0.0,0.5403497517108917,0.5395928621292114,-0.0003517000004649,0.2344151420360513
1081,1,0.2594996788293561,0.0142868655931469,0.0,-0.2594996788293561,-0.0142868655931469,0.0,0.1513556343416696,0.6084922887908113,0.0,-0.2971274258599786,0.597474405698865,0.0,0.0111295713258228,1.0207377949532792,0.0,-0.2539916221929892,0.9993743072388318,0.0,-0.0479265146518205,1.051061624509449,0.0,-0.2499837401705574,1.0328466451740923,0.0,-0.0369134353548795,1.2599796806212158,0.0,-0.2612933906012551,1.231569531296423,0.0,0.5403797775506973,0.5395353734493256,-0.0003519784659147,0.235748663182005
1082,1,0.2587047734010971,0.0142963379184281,0.0,-0.2587047734010971,-0.0142963379184281,0.0,0.1498609619223747,0.6090532461443092,0.0,-0.2962309268216047,0.5962005370217714,0.0,0.0106386616578887,1.0196109370438746,0.0,-0.2535210743343517,0.9975815398619412,0.0,-0.04802083044216,1.0493615418642643,0.0,-0.2481137073650815,1.0314885348033194,0.0,-0.0379141680597523,1.2569899089394982,0.0,-0.2612719110354309,1.2288110313304246,0.0,0.5403986722230911,0.5395442843437195,-0.0003525596112012,0.2363741928053361
1083,1,0.2583724179954718,0.0147700602065361,0.0,-0.2583724179954718,-0.0147700602065361,0.0,0.1497416252543151,0.6075189280922026,0.0,-0.2955066037601669,0.5955133243949515,0.0,0.0090552330776904,1.0172219668314424,0.0,-0.2535814913841435,0.9956569380454752,0.0,-0.0481937128119933,1.0464949656492692,0.0,-0.2478606792195553,1.0280928077519105,0.0,-0.0385145870084266,1.2544118313250825,0.0,-0.2631482245165032,1.2260538499717235,0.0,0.5403503030538559,0.5398545861244202,-0.0003523230552673,0.2365249556250601
1084,1,0.2602196075838804,0.014877308299292,0.0,-0.2602196075838804,-0.014877308299292,0.0,0.1508930848620733,0.6106557709198249,0.0,-0.2951599687265299,0.5980800016408714,0.0,0.0094055493457717,1.0305502518199097,0.0,-0.2528336353002221,1.0014964560058834,0.0,-0.0459691704841679,1.0599138068748155,0.0,-0.2458534146959499,1.0343306822609324,0.0,-0.0371837094961098,1.265425766092916,0.0,-0.2721719325689456,1.2328192369413429,0.0,0.5398099273443222,0.5398209095001221,-0.0003502843901515,0.2353327066313646
1085,1,0.2577229548202658,0.0144611761741294,0.0,-0.2577229548202658,-0.0144611761741294,0.0,0.149905813974852,0.6032449566977345,0.0,-0.2911013935618037,0.5951169204489201,0.0,0.0097986289670435,1.0244526538450376,0.0,-0.2490783582633446,1.0029922864922902,0.0,-0.0440063027751701,1.0545661600944318,0.0,-0.2392351960693498,1.0437055801146011,0.0,-0.0397554837805891,1.256991472116774,0.0,-0.2783460472572711,1.231083309465187,0.0,0.5394507497549057,0.5393455624580383,-0.0003501148894429,0.237236868057758
1086,1,0.2465440057743462,0.0137614051151645,0.0,-0.2465440057743462,-0.0137614051151645,0.0,0.1433056658627857,0.5767189187081396,0.0,-0.2790020119794914,0.5724798446061795,0.0,0.007490170255394,0.9911875228874484,0.0,-0.2380819848752259,0.979067973683332,0.0,-0.0450150386402144,1.0299411956156057,0.0,-0.2288938742010466,1.025663849253001,0.0,-0.0389256571950161,1.2090948512230832,0.0,-0.2811204658532834,1.2010364943560443,0.0,0.539349228143692,0.5386660099029541,-0.0003481972962617,0.2476242155460389
1087,1,0.2417802172164015,0.0132190532405462,0.0,-0.2417802172164015,-0.0132190532405462,0.0,0.1389241126800871,0.5641422791917292,0.0,-0.2756636736511436,0.5617949662472655,0.0,0.0078962281687511,0.9734819330617528,0.0,-0.2391478649592668,0.9975315332093412,0.0,-0.0407233345925808,1.0107832570687814,0.0,-0.2256894639237782,1.0431925110118263,0.0,-0.0385114389959975,1.1885445679593474,0.0,-0.2842219553397326,1.2072963194865416,0.0,0.5395202338695526,0.53876131772995,-0.0003437018021941,0.2517687530083635
1088,1,0.2485231344303038,0.013383171539074,0.0,-0.2485231344303038,-0.013383171539074,0.0,0.1449286518033845,0.5791685536049307,0.0,-0.2903196759572959,0.5794821457796248,0.0,0.0094427437637934,1.0002684331833354,0.0,-0.2521100119265238,1.0466730307521817,0.0,-0.0363021199967887,1.0371766046718836,0.0,-0.2313020416207679,1.0860658919037398,0.0,-0.0463936667804178,1.2236388518139518,0.0,-0.2944850350677947,1.2715910061178686,0.0,0.539413332939148,0.5386518239974976,-0.0003373520448803,0.245381111566634
1089,1,0.2479281469446905,0.013143740370631,0.0,-0.2479281469446905,-0.013143740370631,0.0,0.1437579522487538,0.5772026411212924,0.0,-0.2942888112475477,0.5830311899451872,0.0,0.0106002801696478,1.003438370400244,0.0,-0.2629095731343408,1.1028581768804568,0.0,-0.0260097782023809,1.0404317586430558,0.0,-0.230334031421242,1.159691848580407,0.0,-0.0669607752814673,1.2398641422743268,0.0,-0.3141889522081679,1.3143072868774068,0.0,0.5395158380270004,0.5385353565216064,-0.0003295885398983,0.2464544747738822
1090,1,0.242243718639257,0.0129386776310892,0.0,-0.242243718639257,-0.0129386776310892,0.0,0.1427925747647153,0.5605298488344861,0.0,-0.2934681141283329,0.5671140168737577,0.0,0.0135646934655007,0.9763677172827612,0.0,-0.2728747807943669,1.0659880244377746,0.0,-0.0224124699835359,1.0113058434840934,0.0,-0.2301097257164928,1.1124754944125526,0.0,-0.0625561094256268,1.2032831721201154,0.0,-0.3132104085962098,1.2756897747752087,0.0,0.5389421135187149,0.5384820401668549,-0.0003253454342484,0.2539560184234019
1091,1,0.2383805944361035,0.0126940101050818,0.0,-0.2383805944361035,-0.0126940101050818,0.0,0.1419838800197944,0.5489414739503532,0.0,-0.2894124442254714,0.556527544894315,0.0,0.0167156472769823,0.954983458215862,0.0,-0.2798106000358141,1.0495550249082326,0.0,-0.0179204601449625,0.9852010401725606,0.0,-0.2309887003307103,1.1015495106707525,0.0,-0.0488050023105971,1.1781924262777723,0.0,-0.3265884305193368,1.2468622919669756,0.0,0.538438156247139,0.537511944770813,-0.0003215344622731,0.2601491342608673
1092,1,0.2331278801849188,0.0144834142938097,0.0,-0.2331278801849188,-0.0144834142938097,0.0,0.1392945366756307,0.5436430824002785,0.0,-0.286146042189859,0.5481738400975175,0.0,0.0177063433779155,0.9381049344893164,0.0,-0.2869862196165352,1.0831415943117837,0.0,-0.0161969457843316,0.9666901481109036,0.0,-0.2291033031804969,1.1514252471028723,0.0,-0.0463683929760068,1.1576653543615782,0.0,-0.340566321368359,1.2565854848552578,0.0,0.5381527692079544,0.5349485576152802,-0.0003193542361259,0.2672420012010723
1093,1,0.232432339340273,0.0153804369096316,0.0,-0.232432339340273,-0.0153804369096316,0.0,0.1396650215649309,0.5471245362397397,0.0,-0.2956029438095187,0.5474996200414418,0.0,0.0174592949688581,0.941018779480374,0.0,-0.2957212274980222,1.079608353298516,0.0,-0.0190370037162669,0.9696658882120366,0.0,-0.2396988931927512,1.145243794178947,0.0,-0.0461104057802069,1.1613583903732383,0.0,-0.3435501929968165,1.2573389334610874,0.0,0.5381537079811096,0.5328208208084106,-0.0003144517540931,0.2680815201290127
1094,1,0.2217091727909427,0.0173838666451495,0.0,-0.2217091727909427,-0.0173838666451495,0.0,0.13436433147276,0.5212273221446599,0.0,-0.2929204475844897,0.5109730423842813,0.0,0.0170444330028246,0.9030186877844144,0.0,-0.2930309485677388,1.0362784323949543,0.0,-0.0219409483428549,0.9306333593399126,0.0,-0.2409619335776656,1.1193825737779977,0.0,-0.0409889915185059,1.1152636892808512,0.0,-0.3660200731520673,1.199094705074281,0.0,0.5379891395568848,0.5293826460838318,-0.0003078831359744,0.2818384595270331
1095,1,0.2262879221286106,0.0206673891015402,0.0,-0.2262879221286106,-0.0206673891015402,0.0,0.1375545666906452,0.5268220926683014,0.0,-0.3082920920504024,0.5073844024428132,0.0,0.0174115210337738,0.9247721310439776,0.0,-0.3162599200990171,1.0577507244328477,0.0,-0.0251732139658544,0.9542232682685688,0.0,-0.2658818122278095,1.146815749441483,0.0,-0.0421922377900226,1.1417245461032683,0.0,-0.4129933222995771,1.2004718690116372,0.0,0.5378275364637375,0.5264692902565002,-0.0002959920093417,0.2765751109574825
1096,1,0.2198738807303978,0.0219595547259002,0.0,-0.2198738807303978,-0.0219595547259002,0.0,0.1326672546561985,0.5108282885529233,0.0,-0.3060697910789227,0.4826087125753155,0.0,0.0138368884729231,0.9056847850205672,0.0,-0.3245158755681999,1.0146562839144495,0.0,-0.0292644106739635,0.9383041929785088,0.0,-0.2799287030855644,1.1128549660010787,0.0,-0.0473145479047027,1.1161456440616124,0.0,-0.4199380153852709,1.126000122386936,0.0,0.5379887372255325,0.522392064332962,-0.0002902345731854,0.2851920226545454
1097,1,0.2173853407904363,0.0225418265194125,0.0,-0.2173853407904363,-0.0225418265194125,0.0,0.1288599132747426,0.4990100317000835,0.0,-0.3133909647665234,0.46469487295309,0.0,0.0111049194402903,0.9069123148753068,0.0,-0.338977645275284,0.979785097968416,0.0,-0.030776915605872,0.944980987579276,0.0,-0.3029827343376579,1.1054252368161916,0.0,-0.0586370458141866,1.106725736730571,0.0,-0.438591790161235,1.0584871175449115,0.0,0.5385374426841736,0.518769770860672,-0.0002678376622498,0.2887880749372874
1098,1,0.2220108735687191,0.023982577282339,0.0,-0.2220108735687191,-0.023982577282339,0.0,0.1304096388311269,0.5051292407030323,0.0,-0.3254272395067922,0.4518744990267726,0.0,0.0084450363455275,0.93823144698971,0.0,-0.3601782598111138,0.9787821285315932,0.0,-0.0332497169300004,0.9909012529145352,0.0,-0.3275013717736291,1.1340937786339602,0.0,-0.0643904613310349,1.1404697052087087,0.0,-0.4695700214804007,1.018622047578693,0.0,0.5387429445981979,0.5163881778717041,-0.0002515357919037,0.2818539421541045
1099,1,0.2242314081658498,0.0256791541035532,0.0,-0.2242314081658498,-0.0256791541035532,0.0,0.1281819769145097,0.5174168851753248,0.0,-0.3329996815465052,0.4463063221991015,0.0,0.0060057444415081,0.960645888209036,0.0,-0.3833878194837408,0.9902472377545724,0.0,-0.0364313739907694,1.0136345201403243,0.0,-0.3623361758956337,1.1273040628299589,0.0,-0.0605513258748871,1.1661627933959873,0.0,-0.4674598744290017,1.052511272445112,0.0,0.5390210151672363,0.5138541758060455,-0.0002470640465617,0.2778194839037356
1100,1,0.2081718306441176,0.0243508447987707,0.0,-0.2081718306441176,-0.0243508447987707,0.0,0.1175559141749043,0.4914427004150948,0.0,-0.3102094222753537,0.400778344784578,0.0,0.0037876733074869,0.9143997025880528,0.0,-0.3806870066052512,0.93102151108722,0.0,-0.0398406619923714,0.9711090034972216,0.0,-0.3876418136764473,1.050938336030392,0.0,-0.0520052702991612,1.1032568163385996,0.0,-0.425017012060618,0.9689581452648536,0.0,0.5389758199453354,0.5076896250247955,-0.0002375128678977,0.2990127882200672
1101,1,0.2076222771104966,0.0242683553844597,0.0,-0.2076222771104966,-0.0242683553844597,0.0,0.1107468779683016,0.4884901150866241,0.0,-0.316650224576671,0.412129355593463,0.0,0.0031021840110319,0.9139825785632816,0.0,-0.3937212817933378,0.9264794135498596,0.0,-0.0413477369525387,0.9743878186792128,0.0,-0.393188383303948,1.034717774244323,0.0,-0.0411371003901348,1.1009853983057154,0.0,-0.4318617166785119,0.9637252437194244,0.0,0.5386243164539337,0.5091198980808258,-0.0002412963658571,0.2976885189735504
1102,1,0.2003408227841932,0.0267643220509805,0.0,-0.2003408227841932,-0.0267643220509805,0.0,0.1038240993975282,0.4771701550066429,0.0,-0.3081819729276019,0.3900243908940795,0.0,0.003219073877538,0.8886584221334641,0.0,-0.3854451599338288,0.8815452714107643,0.0,-0.0396688474188447,0.9459400904696214,0.0,-0.3904933739069616,0.967090827972467,0.0,-0.0349886850495137,1.069078149744403,0.0,-0.4125049287148378,0.9376480531546548,0.0,0.5385537445545197,0.5071369111537933,-0.0002473667263984,0.3082650371795867
1103,1,0.2018269786263503,0.0262623107494087,0.0,-0.2018269786263503,-0.0262623107494087,0.0,0.1034405671365098,0.4814296264595973,0.0,-0.3150536899719779,0.3920970720221748,0.0,0.0029334677467578,0.897877013354747,0.0,-0.3947560793278961,0.8805261268609237,0.0,-0.0442743170824241,0.9556511325165652,0.0,-0.4029560267320392,0.9475252972844476,0.0,-0.03167289195452,1.0813567630421663,0.0,-0.4137610906042324,0.956552061675304,0.0,0.5376234650611877,0.5083434879779816,-0.0002496521919965,0.3036040206060653
1104,1,0.2018641730041668,0.0272559660269908,0.0,-0.2018641730041668,-0.0272559660269908,0.0,0.0975661013148032,0.4823879869805605,0.0,-0.3160075309652288,0.3983663249991027,0.0,0.0014675888927476,0.8988944395524682,0.0,-0.3948534139334163,0.8889357971292199,0.0,-0.0470478616815866,0.9590873418566532,0.0,-0.3994158516899472,0.9604800312125232,0.0,-0.0347873231964496,1.081756575493558,0.0,-0.4132900945578061,0.9602130450600862,0.0,0.5376272648572922,0.5082168579101562,-0.0002492079511284,0.3033966799787775
1105,1,0.2036211636038873,0.0268022104935865,0.0,-0.2036211636038873,-0.0268022104935865,0.0,0.0983191685184729,0.4857456767397771,0.0,-0.3192459380953527,0.4006497625638328,0.0,-0.0011537532770536,0.9027844595472736,0.0,-0.4023379597887242,0.9097343104176004,0.0,-0.0512308640137203,0.9649908831234556,0.0,-0.3986162612725877,0.9949862897522984,0.0,-0.0332663382651279,1.0876977083500543,0.0,-0.4184670364779922,0.9736651747771152,0.0,0.5370800197124481,0.5088341236114502,-0.0002559060230851,0.3009541684906545
1106,1,0.2051718680272582,0.0285583856908507,0.0,-0.2051718680272582,-0.0285583856908507,0.0,0.1006823878909235,0.4935993579567245,0.0,-0.3210291881711223,0.4104895633889246,0.0,0.0001578131427156,0.9086129646913218,0.0,-0.4003892226099153,0.9176003232872422,0.0,-0.0491094523783925,0.9710634207698688,0.0,-0.3952063593342728,1.0384556256136053,0.0,-0.0380904992743478,1.0919217195483086,0.0,-0.4237668425415774,0.9846141761154048,0.0,0.536677896976471,0.5094254612922668,-0.0002566445618867,0.2983760956931305
1107,1,0.2047707853823849,0.0289309484598436,0.0,-0.2047707853823849,-0.0289309484598436,0.0,0.10072862663918,0.4945642903179264,0.0,-0.3205287465351218,0.4241551199547878,0.0,-9.562863215078835e-05,0.905043021677774,0.0,-0.3963446203016442,0.935636414139664,0.0,-0.0486701923331437,0.9671964526915452,0.0,-0.3916797360895385,1.079294327561869,0.0,-0.0414593950163403,1.0848455696582222,0.0,-0.4283357846034715,0.9980269244706422,0.0,0.5366314053535461,0.5096776783466339,-0.0002605132758617,0.2991805785434069
1108,1,0.2059786400624592,0.0285865565887742,0.0,-0.2059786400624592,-0.0285865565887742,0.0,0.1025761269737084,0.4967981205836688,0.0,-0.3216514862584112,0.4464896147787007,0.0,5.46255228587304e-05,0.9044657964629996,0.0,-0.3970149985946621,0.9607765066972472,0.0,-0.0477387051087238,0.9556443087639008,0.0,-0.3905428746033542,1.091376527364936,0.0,-0.0502140616775346,1.087815663611112,0.0,-0.4295991229798948,1.068098050887504,0.0,0.5366120934486389,0.5100749731063843,-0.0002611745148897,0.2978839775275669
1109,1,0.225000931652629,0.030691347780088,0.0,-0.225000931652629,-0.030691347780088,0.0,0.1145002031509078,0.5376942665238389,0.0,-0.3495163590069332,0.5053633513638882,0.0,-0.0016979674163623,0.9699091160954691,0.0,-0.4281416926334018,1.0692426660289678,0.0,-0.0527607761528228,1.00833917824493,0.0,-0.4132139883503813,1.200681172102689,0.0,-0.0558043459055078,1.1744092334398524,0.0,-0.4658948601541989,1.2080280058533064,0.0,0.536681741476059,0.5132274627685547,-0.0002792030572891,0.2730176800057473
1110,1,0.2313562826079517,0.0277528121913783,0.0,-0.2313562826079517,-0.0277528121913783,0.0,0.120996659108858,0.540607054405655,0.0,-0.356651849045789,0.5287425778209341,0.0,-0.0016268169569261,0.972683573400618,0.0,-0.432601570377333,1.11411747852044,0.0,-0.0544837115425031,1.0126548647344136,0.0,-0.4155335257395708,1.2269602862043898,0.0,-0.0545780523256455,1.187083784895561,0.0,-0.4638812678223084,1.265481424928739,0.0,0.5366379916667938,0.5199936032295227,-0.0002868017181754,0.2653566143061509
1111,1,0.2343748711018725,0.0238367247187427,0.0,-0.2343748711018725,-0.0238367247187427,0.0,0.1242315058733545,0.5392148979690912,0.0,-0.3550012516231535,0.5493983268834054,0.0,-0.0014354040655388,0.9729968223221064,0.0,-0.4313754865083191,1.1425597485796597,0.0,-0.0541416310660956,1.0136913227152138,0.0,-0.4079335363818775,1.2402673151581751,0.0,-0.0440088172020215,1.1958309489788432,0.0,-0.4705904086647881,1.30357990313699,0.0,0.5365949720144272,0.524016797542572,-0.0002998309209942,0.2614287860497214
1112,1,0.2391916396297832,0.0218997844882924,0.0,-0.2391916396297832,-0.0218997844882924,0.0,0.1272151309945503,0.5445808050189048,0.0,-0.353494116803951,0.5649753592411378,0.0,-0.0012483419814449,0.9802153584026848,0.0,-0.4311010457644114,1.148995619386883,0.0,-0.053441380485883,1.0201841943735224,0.0,-0.3936630135512924,1.2396955829260523,0.0,-0.0460165404917666,1.2119942688187688,0.0,-0.4803042353534019,1.3292783269717532,0.0,0.536541223526001,0.5280383825302124,-0.0003092726692557,0.2559241784260938
1113,1,0.2419621286919502,0.0191427300724752,0.0,-0.2419621286919502,-0.0191427300724752,0.0,0.1285321604537525,0.5540359793410219,0.0,-0.3484534957552248,0.5760941723179211,0.0,-0.0014683481490114,0.9886155994505904,0.0,-0.4308650148443911,1.1425194829339966,0.0,-0.0536258202587061,1.0251688865310633,0.0,-0.3972195230539871,1.210913659275564,0.0,-0.0352620018414165,1.222437257908272,0.0,-0.4133515938407366,1.3414971424959152,0.0,0.5366002172231674,0.5307945311069489,-0.0003149854019284,0.2526406344235041
1114,1,0.242848827350397,0.0168237828712559,0.0,-0.242848827350397,-0.0168237828712559,0.0,0.1289427593287213,0.5606644814906473,0.0,-0.3398402122625496,0.5784628905458311,0.0,-0.0012888016157978,0.9914658684072972,0.0,-0.4283477331613861,1.1369957258484966,0.0,-0.0528057403070755,1.0260328793796976,0.0,-0.3970038832484845,1.1973729457277429,0.0,-0.0310058220686402,1.2252363607997312,0.0,-0.3767803602648034,1.3436205115776103,0.0,0.5366244465112686,0.5325590670108795,-0.0003169793635606,0.2511388241014862
1115,1,0.2439194997133255,0.0155061019391469,0.0,-0.2439194997133255,-0.0155061019391469,0.0,0.1290015824849343,0.5663825126057359,0.0,-0.3366845106974905,0.5833819399536639,0.0,-0.0015242869266225,1.0010673998235402,0.0,-0.4270913059964948,1.1366312700378247,0.0,-0.0499347120660444,1.0342916188606626,0.0,-0.3957987748620697,1.1831574656629007,0.0,-0.0264680333080089,1.2335618603683225,0.0,-0.3481448149153126,1.3401679847955164,0.0,0.5368985235691071,0.533562958240509,-0.0003133825957775,0.2493030715729584
1116,1,0.2370951125290219,0.0138171717365968,0.0,-0.2370951125290219,-0.0138171717365968,0.0,0.1245880718432801,0.5450816699432489,0.0,-0.3287015279156083,0.5623170123943904,0.0,-0.0001761504849483,0.9633150491593874,0.0,-0.4112166890780307,1.0948048264481842,0.0,-0.0470441910667306,0.992236148310118,0.0,-0.3822586222320147,1.1228067477621968,0.0,-0.025430800614312,1.190069294407997,0.0,-0.345776288296062,1.2948940515144904,0.0,0.5372308045625687,0.5368817746639252,-0.000318182632327,0.2555565372404501
1117,1,0.2271691615671101,0.0126750611240108,0.0,-0.2271691615671101,-0.0126750611240108,0.0,0.1206297111102526,0.5236907050659872,0.0,-0.3153470300155667,0.541663985133024,0.0,0.0013512281266018,0.9268711421304134,0.0,-0.3841544248043995,1.027392583524827,0.0,-0.0447254049466659,0.9534642332080208,0.0,-0.363133667893978,1.049477927468614,0.0,-0.0248768233379258,1.144184010468139,0.0,-0.3239260201135228,1.236040458252814,0.0,0.5373356938362122,0.5367079377174377,-0.0003276169300079,0.266477326810575
1118,1,0.2444902168124779,0.0121672761254298,0.0,-0.2444902168124779,-0.0121672761254298,0.0,0.1295758321836631,0.5556730835965864,0.0,-0.3357228661476985,0.5817645045727708,0.0,0.0010369583693989,0.9896331861337372,0.0,-0.3940340952252554,1.0840178362337591,0.0,-0.0489100006018608,1.0172961990151823,0.0,-0.3776717605657469,1.1089719908880915,0.0,-0.0258025751383861,1.2244719179052177,0.0,-0.3209194414729122,1.3193785800106608,0.0,0.537602499127388,0.5394644439220428,-0.0003311485052108,0.2467484196186913
1119,1,0.2410560891672624,0.0131865921322804,0.0,-0.2410560891672624,-0.0131865921322804,0.0,0.1296890951941151,0.552844409753459,0.0,-0.3300615371480749,0.5770106987628505,0.0,0.0027707062623785,0.9764620743467008,0.0,-0.3756484764336835,1.0536600611012397,0.0,-0.0473714972850874,1.003989674896801,0.0,-0.356669677398954,1.0823527956453272,0.0,-0.0281339251341544,1.2086090683662531,0.0,-0.3200086838804493,1.285254021364856,0.0,0.5376719683408737,0.5392515659332275,-0.0003409218043088,0.2502595613430546
1120,1,0.2421923752240509,0.0134029604894156,0.0,-0.2421923752240509,-0.0134029604894156,0.0,0.1291539169668801,0.5616724642437233,0.0,-0.3247546930674668,0.5846049747946673,0.0,0.002282942188138,0.9783757403272104,0.0,-0.3402882323637595,1.0273795307007685,0.0,-0.0478475368659796,1.005700568815409,0.0,-0.3289520623271688,1.0535869879084372,0.0,-0.0287033856041866,1.2116215599877684,0.0,-0.3192878877805904,1.2713771521806465,0.0,0.5377774387598038,0.5395479202270508,-0.0003400649875402,0.249488176823685
1121,1,0.2429287017015587,0.0132876555787212,0.0,-0.2429287017015587,-0.0132876555787212,0.0,0.1284437161012396,0.5667755587030605,0.0,-0.3174889007669603,0.5851263158189324,0.0,0.0034063909497733,0.9806645130891092,0.0,-0.3031771972209228,1.0028228896544324,0.0,-0.0414486145645853,1.004947570116453,0.0,-0.2849871715818106,1.0305551313369008,0.0,-0.0301316301239992,1.2163453535501836,0.0,-0.3159422054136759,1.2573680116955894,0.0,0.5380700975656509,0.5398255884647369,-0.0003565661609172,0.2482731477469106
1122,1,0.2316796772938807,0.0123498972826207,0.0,-0.2316796772938807,-0.0123498972826207,0.0,0.1227853798640568,0.5393434038483511,0.0,-0.2943890611527545,0.5550110835454211,0.0,0.003788435552516,0.9289718905017096,0.0,-0.2591220685773954,0.9321257740770938,0.0,-0.0387305959123865,0.9506838673994852,0.0,-0.2487670152023932,0.96061428933549,0.0,-0.0295226062983289,1.1548965742868045,0.0,-0.2835697988181179,1.17287822729421,0.0,0.5378542691469193,0.5400303304195404,-0.0003608800470829,0.2612949397043463
1123,1,0.2301696370057974,0.0124860197853353,0.0,-0.2301696370057974,-0.0124860197853353,0.0,0.121981567921996,0.5355678548870648,0.0,-0.2841547574602541,0.5490389748264723,0.0,0.0033037462081548,0.9225610277239652,0.0,-0.2439304389509353,0.9203201855419224,0.0,-0.0378431120220736,0.9443345518150884,0.0,-0.2263492572205213,0.957178707413455,0.0,-0.02933738646258,1.1470129018071875,0.0,-0.2790585755081129,1.1511353170170615,0.0,0.5378382056951523,0.5401630401611328,-0.0003617852926254,0.2629598474053847
1124,1,0.2280832680533923,0.0124744481416356,0.0,-0.2280832680533923,-0.0124744481416356,0.0,0.1208332105617708,0.5302012014625147,0.0,-0.2730826129272559,0.5427821131579226,0.0,0.0018258443260992,0.915856937148092,0.0,-0.2255988561475695,0.9105220675802874,0.0,-0.0376065921468169,0.9403916710954636,0.0,-0.2089661462034734,0.9510384761603552,0.0,-0.0266079064870916,1.13464055194742,0.0,-0.2688798320463436,1.124926848779371,0.0,0.5378565490245819,0.5403063595294952,-0.0003574006259441,0.2650935301437284
1125,1,0.2256506114255932,0.0123590305213348,0.0,-0.2256506114255932,-0.0123590305213348,0.0,0.1187682794551366,0.5225647008968038,0.0,-0.2624655578929775,0.5347373418113045,0.0,0.0007885457800452,0.9003064545383308,0.0,-0.2144961154075421,0.8865573885343242,0.0,-0.0375212942086588,0.9253206506774366,0.0,-0.2012292408715136,0.9249127706796444,0.0,-0.0280516358285463,1.114739810632487,0.0,-0.2542408665649494,1.10364351971216,0.0,0.5379546582698822,0.5404584407806396,-0.000358585268259,0.2682998146513515
1126,1,0.2492280821693314,0.0139150400937231,0.0,-0.2492280821693314,-0.0139150400937231,0.0,0.1316517057476412,0.5793899814470502,0.0,-0.283844188843872,0.5904189581990013,0.0,0.0001983717006945,0.9926418267873728,0.0,-0.2314054869269261,0.9796252145751289,0.0,-0.0432896031582439,1.0203844764845127,0.0,-0.2222863888266625,1.0213129050244305,0.0,-0.0303831974463858,1.22871419165064,0.0,-0.2700358041521891,1.2176168868684496,0.0,0.5378422141075134,0.5404165685176849,-0.0003624763339757,0.2433802911353597
1127,1,0.2454147713246302,0.0139678086881234,0.0,-0.2454147713246302,-0.0139678086881234,0.0,0.1289254684386995,0.5708081010339621,0.0,-0.2781717569420627,0.5811334707023725,0.0,-0.0005239752432417,0.9725722244971492,0.0,-0.2273083481879306,0.960872904783622,0.0,-0.0412569145460374,0.9980231053188408,0.0,-0.2158524125326061,0.9990429544745209,0.0,-0.0309867826866739,1.207828123523215,0.0,-0.2520490975256292,1.197686558267441,0.0,0.5380940586328506,0.5403865873813629,-0.000357512384653,0.2471036395007969
1128,1,0.2472649438331006,0.0141105591849755,0.0,-0.2472649438331006,-0.0141105591849755,0.0,0.130349679079517,0.5740111434025306,0.0,-0.27941800011597,0.5842479850588985,0.0,0.0005584911657473,0.9771375748427062,0.0,-0.224684289070653,0.9649644202381374,0.0,-0.0363389199761095,1.0029338142061155,0.0,-0.2086609476761355,1.0032940528340382,0.0,-0.0309338850476625,1.2130249820105845,0.0,-0.256013284330591,1.1994814651103018,0.0,0.5381655544042587,0.5403415858745575,-0.0003547463566064,0.2457062919706357
1129,1,0.2536998958365674,0.0143562966484964,0.0,-0.2536998958365674,-0.0143562966484964,0.0,0.133795353182973,0.5886211117809154,0.0,-0.2869938885592498,0.5984776885260283,0.0,0.0003718534959864,1.0015417268590296,0.0,-0.2307829377907654,0.9897930738624482,0.0,-0.035786027477553,1.0283936207942206,0.0,-0.2132894502215005,1.0297114501602076,0.0,-0.0321136862719194,1.2426913026191868,0.0,-0.2640820354835919,1.2272837556554004,0.0,0.5382514446973801,0.5406244099140167,-0.0003554858267307,0.2393540380055839
1130,1,0.2516067580501945,0.0141353178982495,0.0,-0.2516067580501945,-0.0141353178982495,0.0,0.132338084977456,0.5834078550455195,0.0,-0.2843835216158077,0.5927298737010066,0.0,-0.0006904879048063,0.9944538855433164,0.0,-0.2291209176156063,0.982768287915023,0.0,-0.0382772185999684,1.0222513612634925,0.0,-0.214305108152191,1.022927656834241,0.0,-0.0328767269620194,1.2312738358562134,0.0,-0.2632378077510661,1.214264755428684,0.0,0.5383218228816986,0.5406920909881592,-0.0003495961427688,0.2414872043355001
1131,1,0.2505557557001021,0.014112608086194,0.0,-0.2505557557001021,-0.014112608086194,0.0,0.1320781286428251,0.5809251591065806,0.0,-0.2829679064466454,0.5902401637437191,0.0,-0.0005170223297857,0.9903761203647804,0.0,-0.2283578376361079,0.9772641293000068,0.0,-0.0378515156898087,1.0179123830832155,0.0,-0.2138814581935636,1.0137988172589731,0.0,-0.0328939020022505,1.2264708585884003,0.0,-0.2627923604907935,1.210716855152404,0.0,0.5383307039737701,0.5406748056411743,-0.0003499630838632,0.2425008806427895
1132,1,0.2567049100120999,0.0144924048620482,0.0,-0.2567049100120999,-0.0144924048620482,0.0,0.1353157684037572,0.5962822363067004,0.0,-0.2900973367386626,0.6046013836125036,0.0,-0.0018431383617266,1.014682765634907,0.0,-0.2322605526883328,1.0015316835154533,0.0,-0.0393963978444882,1.0429304962887744,0.0,-0.2194552203343129,1.038544284042362,0.0,-0.0352368241915866,1.2565630563799706,0.0,-0.2703879632746551,1.2403037518608462,0.0,0.5383365303277969,0.5406627953052521,-0.0003498848527669,0.236694816477912
1133,1,0.2577111476962104,0.0147295933362619,0.0,-0.2577111476962104,-0.0147295933362619,0.0,0.1366477793686511,0.5979575924591957,0.0,-0.2909099727084035,0.6034551545832958,0.0,-0.0004859096510935,1.0163994323662933,0.0,-0.2314362200138313,1.0027538689158906,0.0,-0.0372516443516847,1.0448361158550163,0.0,-0.2132173818425893,1.0402337168141451,0.0,-0.0348205831445272,1.2590915086362289,0.0,-0.2718910352517854,1.2427435613089348,0.0,0.5380592346191406,0.5405864119529724,-0.0003512436524033,0.2363775862934488
1134,1,0.2559025101649373,0.0152979126478162,0.0,-0.2559025101649373,-0.0152979126478162,0.0,0.1350817919523022,0.5949282991868229,0.0,-0.2895205812720544,0.5991447690661647,0.0,-0.000364352279038,1.0079500294583323,0.0,-0.2305814040484505,0.9956396802916592,0.0,-0.0383841995792344,1.0354557467654224,0.0,-0.2127397866236801,1.0323896785148785,0.0,-0.0293094488987814,1.250712819495652,0.0,-0.2705539792331407,1.2354355659976783,0.0,0.53802090883255,0.5404176414012909,-0.0003507081419229,0.2380244701012058
1135,1,0.2417280931585805,0.0154425617857537,0.0,-0.2417280931585805,-0.0154425617857537,0.0,0.1265853923422413,0.5636720770412732,0.0,-0.2746555300084039,0.5620306557235835,0.0,-0.0002294275472513,0.9550914420868492,0.0,-0.2180283872218687,0.945985552046988,0.0,-0.0357080703324028,0.9811944888214496,0.0,-0.2016509628911668,0.9809101145891256,0.0,-0.0300593854979896,1.1858185464580873,0.0,-0.2579811924817232,1.175299302288523,0.0,0.5379605740308762,0.5391838550567627,-0.0003479775041341,0.2519383786447438
1136,1,0.2484855575291994,0.0160326257530148,0.0,-0.2484855575291994,-0.0160326257530148,0.0,0.128782863203415,0.5801100954438435,0.0,-0.2846712657794986,0.5776865264446592,0.0,0.0004690386121751,0.9856318249189822,0.0,-0.2272982534111925,0.9882384333765762,0.0,-0.03289111970069,1.0177791034163473,0.0,-0.2069599408236823,1.035387888761028,0.0,-0.030256276433022,1.2203054488478289,0.0,-0.2671752979733456,1.2186559030903246,0.0,0.5377864837646484,0.5391404926776886,-0.0003424789756536,0.2448799469824545
1137,1,0.2472726842733298,0.0157244971874943,0.0,-0.2472726842733298,-0.0157244971874943,0.0,0.1281223156153517,0.5781263540511563,0.0,-0.2842494838404634,0.5761225337420854,0.0,0.0016839639400064,0.9816125822861758,0.0,-0.2263812485914665,0.991843631017083,0.0,-0.0289707123868441,1.0135987030903044,0.0,-0.2054651341277237,1.0408060923169808,0.0,-0.0344053672748362,1.2148766705591558,0.0,-0.2686039829498673,1.2268231365795237,0.0,0.5375922918319702,0.5386753082275391,-0.0003424594178795,0.2463522631221687
1138,1,0.2486611592999252,0.0165144683889034,0.0,-0.2486611592999252,-0.0165144683889034,0.0,0.1304836677357619,0.5812485604498818,0.0,-0.2854185150403636,0.5817865725455128,0.0,0.0042386677872931,0.9865483327750468,0.0,-0.2349582536691294,1.0362330450933424,0.0,-0.0268977494779691,1.0179982259225873,0.0,-0.2105612033660086,1.0789131509723593,0.0,-0.0284921023955096,1.2230425575161994,0.0,-0.2767023059833902,1.2666849614524425,0.0,0.537110224366188,0.5391871631145477,-0.0003403732553124,0.2452820012865166
1139,1,0.2358824808022768,0.0155500323004548,0.0,-0.2358824808022768,-0.0155500323004548,0.0,0.1263353591282521,0.5531774135186409,0.0,-0.2739211711050213,0.5596476605693759,0.0,0.0072562804271482,0.93839998461671,0.0,-0.2331378467343265,1.0233330325607648,0.0,-0.0230771990458368,0.9675184116126944,0.0,-0.2090599889983989,1.0639194434155128,0.0,-0.0238539713515412,1.1683174097754194,0.0,-0.260834930903271,1.238344301360052,0.0,0.536342442035675,0.5398151874542236,-0.0003250278532505,0.257441700422221
1140,1,0.234791252645936,0.0155159142438921,0.0,-0.234791252645936,-0.0155159142438921,0.0,0.1313423221240887,0.5498597517275798,0.0,-0.2791908785238381,0.5566229633843844,0.0,0.0137625805308653,0.931410042066154,0.0,-0.2495623147273465,1.0148872791424983,0.0,-0.0162807095931315,0.9594859109535712,0.0,-0.2227120035183828,1.0598600273787544,0.0,-0.0219967602622498,1.1627305480114647,0.0,-0.2599238060283372,1.2421474212317132,0.0,0.5348095744848251,0.5397132635116577,-0.000322088599205,0.2592716498651872
1141,1,0.2432634950953441,0.016574507674923,0.0,-0.2432634950953441,-0.016574507674923,0.0,0.1443700264125676,0.5654397389064301,0.0,-0.2834685562842104,0.5726383692782963,0.0,0.0247316885362286,0.9579754299658004,0.0,-0.2722787393281917,1.0660157908574934,0.0,-0.0071550759905581,0.9872666366471528,0.0,-0.2437026979485893,1.1092920851131265,0.0,-0.0087657618640822,1.1976949676118875,0.0,-0.2637190640488356,1.2938231461990373,0.0,0.5323103368282318,0.5395016074180603,-0.000324098393321,0.2524902577140583
1142,1,0.2441862287843391,0.0172507347246779,0.0,-0.2441862287843391,-0.0172507347246779,0.0,0.1497602742769734,0.5657840549344371,0.0,-0.2857340350747412,0.5727352283040724,0.0,0.0314068310916152,0.958919666287008,0.0,-0.2931697412678716,1.0877813709157007,0.0,-0.0009362648712625,0.9898452034109,0.0,-0.267255126241311,1.1353819508728649,0.0,9.96978694916357e-05,1.199534850473685,0.0,-0.2649251522872022,1.3060875520978097,0.0,0.5306312292814255,0.5391004085540771,-0.0003221742808818,0.2530411735959973
1143,1,0.2367626234578192,0.0190944505985189,0.0,-0.2367626234578192,-0.0190944505985189,0.0,0.1480098933504204,0.5479233159723769,0.0,-0.290664917783737,0.5549658096206128,0.0,0.0355641373936009,0.9357877425889866,0.0,-0.2954974076845979,1.0823367512608886,0.0,0.0023439295644888,0.9690714968517292,0.0,-0.2586129166144503,1.1394914158342186,0.0,0.0043065805271941,1.169883921249267,0.0,-0.30646030631085,1.273773229635476,0.0,0.5297880172729492,0.536910355091095,-0.0003157099708914,0.2616936142948091
1144,1,0.2285884837057931,0.0207462390161229,0.0,-0.2285884837057931,-0.0207462390161229,0.0,0.14246850625207,0.5342285287635784,0.0,-0.2941585452816656,0.5399765803790963,0.0,0.0323643854061014,0.9221880844834516,0.0,-0.2937007873602693,1.0556094210136873,0.0,-0.0048807930541966,0.9561230000955234,0.0,-0.2553543107585453,1.107220226695851,0.0,0.0046973165642342,1.1499191916650846,0.0,-0.3112824686760896,1.2480950348548276,0.0,0.5297301858663559,0.5314495861530304,-0.000319380313158,0.2714226804755774
1145,1,0.2264322687907357,0.0234626104067214,0.0,-0.2264322687907357,-0.0234626104067214,0.0,0.1405919338894135,0.5291904712044116,0.0,-0.3042008723709067,0.5206066558544408,0.0,0.0263610932659057,0.926675875088566,0.0,-0.2980361223404658,1.0535112905164452,0.0,-0.0125756166979493,0.9613555798032551,0.0,-0.2575879191984672,1.1236906888124192,0.0,0.005242944243525,1.1509322503046608,0.0,-0.3542095043653366,1.2495346572068646,0.0,0.5292424708604813,0.5284739434719086,-0.0003152154386043,0.2732401241505722
1146,1,0.2298489414426539,0.0271144703901899,0.0,-0.2298489414426539,-0.0271144703901899,0.0,0.1415087338349324,0.5439461704628811,0.0,-0.3164593460787206,0.5186132630230583,0.0,0.0279333753210588,0.9574598546125084,0.0,-0.3071591751713357,1.0804960948884412,0.0,-0.0136408602570616,0.9934531009656206,0.0,-0.2674190383677999,1.1459488600891194,0.0,0.0074248969034819,1.1830165416320324,0.0,-0.3487305290375793,1.2540188188972174,0.0,0.5285368412733078,0.524227499961853,-0.0003001783043146,0.2688889157473207
1147,1,0.227008290291571,0.0293092995093173,0.0,-0.227008290291571,-0.0293092995093173,0.0,0.1394392927786749,0.5382710603528389,0.0,-0.3161623060624682,0.4928590101698371,0.0,0.0280034873861201,0.955845485211738,0.0,-0.3137870259176196,1.0621043024133834,0.0,-0.015685530984221,0.9924099786063544,0.0,-0.270489575789728,1.1573536062539695,0.0,-0.0059919149306547,1.1708596412145666,0.0,-0.3622555446717249,1.1586936203065183,0.0,0.5278096199035645,0.521687388420105,-0.0002921810373663,0.2718654988537083
1148,1,0.2286192076057235,0.0301098118055962,0.0,-0.2286192076057235,-0.0301098118055962,0.0,0.1381775054312756,0.5406570361031318,0.0,-0.3190574843180774,0.4735836153358824,0.0,0.0295589754011377,0.9722873596930626,0.0,-0.3238534627459033,0.9991290596635004,0.0,-0.0143510286918852,1.0114728780671232,0.0,-0.2855932611323112,1.074803705249817,0.0,-0.0045683509467458,1.189945641092114,0.0,-0.3596022481507627,1.1597452202891942,0.0,0.527461975812912,0.5185602903366089,-0.0002928469330072,0.2697072595423441
1149,1,0.2095371923437052,0.028918017454259,0.0,-0.2095371923437052,-0.028918017454259,0.0,0.1194033173548634,0.4984729965560481,0.0,-0.2922739607086702,0.4108439554687871,0.0,0.0191643414415529,0.9058574467273024,0.0,-0.3005512263067061,0.9106601017885574,0.0,-0.0271750857376924,0.9588040474819738,0.0,-0.2680659393312868,1.00792567725127,0.0,-0.0110082218898335,1.0983282024683454,0.0,-0.3418804787955667,1.0462609496682762,0.0,0.5273201614618301,0.5145197212696075,-0.0002715419977903,0.2939738962693108
1150,1,0.2019070342985469,0.0276504908267847,0.0,-0.2019070342985469,-0.0276504908267847,0.0,0.1105328258262712,0.4764591145416846,0.0,-0.2822890193972365,0.3738731846496989,0.0,0.0183229003170371,0.8795884627514721,0.0,-0.2940625501271547,0.8755688008064951,0.0,-0.0262734659689908,0.9431765476319484,0.0,-0.2660514483775138,0.9826061471595068,0.0,-0.0139165969185446,1.0583980493988836,0.0,-0.3553491838044476,0.9072387578599812,0.0,0.5274213701486588,0.5128961801528931,-0.0002599330618977,0.3045430713213867
1151,1,0.2027771955935921,0.0287066170519057,0.0,-0.2027771955935921,-0.0287066170519057,0.0,0.1100373818436265,0.4850068576831864,0.0,-0.2828611347077124,0.3517070795072157,0.0,0.0181160670281835,0.893467994725168,0.0,-0.2967812362572389,0.8572704659598172,0.0,-0.0269360782521439,0.957616542393282,0.0,-0.2891254811062461,0.954675388428614,0.0,-0.0122523927170866,1.0742105423881998,0.0,-0.3414444417282806,0.9727162801451168,0.0,0.5272812694311142,0.5104084014892578,-0.0002446500584483,0.3022836927783925
1152,1,0.201877677745598,0.0283522520747376,0.0,-0.201877677745598,-0.0283522520747376,0.0,0.1077567824540312,0.4788746504646395,0.0,-0.2810032274702458,0.3428585110294504,0.0,0.016683948961132,0.89089860463514,0.0,-0.2958950937119371,0.8325543814729698,0.0,-0.0276093374710214,0.9494426974740108,0.0,-0.2962582067009379,0.900758382548512,0.0,-0.0117629212216396,1.0768526258548186,0.0,-0.2922768618158444,0.9962870298782388,0.0,0.5274287909269333,0.5092909634113312,-0.0002325158566236,0.3026908105608509
1153,1,0.1953778263065257,0.0264822948228161,0.0,-0.1953778263065257,-0.0264822948228161,0.0,0.103213798195666,0.4607087376151901,0.0,-0.2694649280344968,0.3341858884351961,0.0,0.0159040208743888,0.8606017193570885,0.0,-0.2855236354888624,0.8077052966789037,0.0,-0.0267410432838682,0.908119911311298,0.0,-0.2837921945156986,0.8635236511309734,0.0,-0.0103487467118823,1.0462095984753306,0.0,-0.2689883312928611,0.9770753274590966,0.0,0.5274582356214523,0.5081399828195572,-0.0002279561012983,0.3125951073538195
1154,1,0.1855901069708668,0.0251748014520261,0.0,-0.1855901069708668,-0.0251748014520261,0.0,0.0973775076257004,0.4349367463596031,0.0,-0.2501857828081624,0.3088247784702917,0.0,0.0143765499163102,0.824824466231533,0.0,-0.271886413496251,0.7785825526789966,0.0,-0.027154223906994,0.8749455870220325,0.0,-0.27029021332384,0.848251910130348,0.0,-0.0067270703424791,1.0007422695494106,0.0,-0.2554183769521683,0.9200687636199992,0.0,0.5276001542806625,0.5061740130186081,-0.0002252664417028,0.3285686084010922
1155,1,0.1903017742581001,0.0254179308174445,0.0,-0.1903017742581001,-0.0254179308174445,0.0,0.0995783834310573,0.4465868386155283,0.0,-0.2528445279147365,0.3286903481265927,0.0,0.0147192273484789,0.8428531171346073,0.0,-0.2786253229054909,0.7985069577734683,0.0,-0.0276894242698973,0.8944511655951465,0.0,-0.2776638235273859,0.8755865068739451,0.0,-0.0032907032546352,1.0232465091624192,0.0,-0.2622747181298839,0.94045544170158,0.0,0.5276153534650803,0.5071447342634201,-0.0002224771305918,0.320433289776263
1156,1,0.1936920643411213,0.0257594085110149,0.0,-0.1936920643411213,-0.0257594085110149,0.0,0.1012579311436829,0.4571762098896708,0.0,-0.2569013234336276,0.341763089968429,0.0,0.0135787633350073,0.8569287221149097,0.0,-0.2835398115213151,0.8188666503265684,0.0,-0.0299824090692316,0.9099661128837372,0.0,-0.2819844003345385,0.897246874031943,0.0,0.0006691819270232,1.0412645975391894,0.0,-0.2620822394779838,0.9574472055720206,0.0,0.5276502221822739,0.5073682963848114,-0.0002235425636172,0.3147098010991679
1157,1,0.2006898987144383,0.0264597779572456,0.0,-0.2006898987144383,-0.0264597779572456,0.0,0.1044957017414552,0.4744828404589472,0.0,-0.2674904579198285,0.3654868107522622,0.0,0.0123942935064323,0.8897280138455176,0.0,-0.2952121676046819,0.8620831631202023,0.0,-0.0337633448156537,0.9501936059958856,0.0,-0.2893388457324607,0.9765275298640154,0.0,0.0018514458443717,1.0770342810909783,0.0,-0.2939231583280297,0.9547235669231366,0.0,0.5279941707849503,0.5078264325857162,-0.0002320567145943,0.3032231537772659
1158,1,0.2020757822522039,0.0266691366416661,0.0,-0.2020757822522039,-0.0266691366416661,0.0,0.1042578162654203,0.4776858676592023,0.0,-0.270354472602963,0.3875642345826719,0.0,0.0095638850436816,0.901901918527566,0.0,-0.2980068747263574,0.8890082828579272,0.0,-0.0365512561663171,0.9794544755728128,0.0,-0.2854380951868262,1.0246113554388736,0.0,-0.019664074252264,1.071479190377774,0.0,-0.3209849855416986,0.939370371930106,0.0,0.5284344404935837,0.5081063210964203,-0.0002381093800067,0.3015495926024099
1159,1,0.2075100096354771,0.0254910420960746,0.0,-0.2075100096354771,-0.0254910420960746,0.0,0.1056967162912055,0.4826124395364714,0.0,-0.2786050442469001,0.4198003440391684,0.0,0.0043334328996542,0.91534217100579,0.0,-0.3079963067110316,0.9356459280590178,0.0,-0.0408974959333874,0.9952164230296616,0.0,-0.2959026664192708,1.070415560479898,0.0,-0.0761654417899289,1.0774135471697883,0.0,-0.3565855127683534,0.953573302648461,0.0,0.5295646488666534,0.509548544883728,-0.0002365875989198,0.2962947587192389
1160,1,0.220799252571455,0.0259071159909315,0.0,-0.220799252571455,-0.0259071159909315,0.0,0.1183205463792238,0.4975793852206022,0.0,-0.2962588639728333,0.4664288672341761,0.0,0.0046294671025147,0.9537014040720452,0.0,-0.3278377210031568,1.0168139962060805,0.0,-0.0380337401874893,1.0341125084012386,0.0,-0.3145579336066805,1.1540221128185928,0.0,-0.0810585614082173,1.12502254856018,0.0,-0.4060189082327664,1.0524539330511034,0.0,0.5299632549285889,0.5132794082164764,-0.0002422053366899,0.2800453269892062
1161,1,0.2247009939282257,0.0247104439005646,0.0,-0.2247009939282257,-0.0247104439005646,0.0,0.1249882124247244,0.4979134080717878,0.0,-0.3005741213555257,0.4887093973128352,0.0,0.0063228956669913,0.957671204493338,0.0,-0.3337543467785203,1.0506034935182984,0.0,-0.0375044099546607,1.0210951705469955,0.0,-0.3208230098482855,1.1777206574174632,0.0,-0.076286968670752,1.1347732168491134,0.0,-0.4048213842136612,1.1517951051850608,0.0,0.5298860520124435,0.5156188309192657,-0.000253664329648,0.2758492482620085
1162,1,0.2342370246798955,0.023889483339452,0.0,-0.2342370246798955,-0.023889483339452,0.0,0.1366219510530745,0.5207533056200914,0.0,-0.3112467286203482,0.5247877299749021,0.0,0.0058463161625559,0.9842826826099202,0.0,-0.34857128370796,1.1158987194736516,0.0,-0.0400311735678555,1.040097430790185,0.0,-0.324422886377296,1.2348306701319351,0.0,-0.0672911502064604,1.1755267691126705,0.0,-0.4301866648969532,1.2278393175282265,0.0,0.5301427394151688,0.5189612209796906,-0.0002733897417783,0.2649719538729072
1163,1,0.2357882138706467,0.0226091684177584,0.0,-0.2357882138706467,-0.0226091684177584,0.0,0.1412642767003096,0.5255188690854138,0.0,-0.3132487707475774,0.5351546363484021,0.0,0.006468766042624,0.9757313621947256,0.0,-0.3520938415236775,1.1288864051690863,0.0,-0.0397828715590641,1.0214751752411602,0.0,-0.3269988447515591,1.2230898968981403,0.0,-0.0496354373621294,1.1836536088089384,0.0,-0.4279496818581378,1.2690830961566468,0.0,0.5303023755550385,0.5226332247257233,-0.0002737687900662,0.2633839216561043
1164,1,0.2488539266188429,0.0226184116052613,0.0,-0.2488539266188429,-0.0226184116052613,0.0,0.1514794317917024,0.5693984068014426,0.0,-0.3305519774155918,0.5741204173923521,0.0,0.0128098163979697,1.021738668309305,0.0,-0.3744174046280002,1.1831242338016714,0.0,-0.0355255274316687,1.0679293606094251,0.0,-0.3444620901756849,1.268588035450385,0.0,-0.0360416686257642,1.2551497173389936,0.0,-0.4505368751726799,1.3635972218132455,0.0,0.5301944613456726,0.5252270698547363,-0.0002775746397674,0.2493240794228663
1165,1,0.242654525460411,0.0200809803084546,0.0,-0.242654525460411,-0.0200809803084546,0.0,0.1482948811205101,0.5563553386614573,0.0,-0.3210248434216559,0.5663714612408476,0.0,0.0127414434493122,0.9916562964535026,0.0,-0.3667957767192155,1.1447854012843686,0.0,-0.0330171311739281,1.0342794987202109,0.0,-0.3349686926092143,1.2198181776318215,0.0,-0.0336206075727609,1.219646788469093,0.0,-0.4409730063482306,1.3300964940424784,0.0,0.5304389894008636,0.5271492600440979,-0.000280380481854,0.2556136759897719
1166,1,0.2524668676655959,0.0194650025425877,0.0,-0.2524668676655959,-0.0194650025425877,0.0,0.1561157604997706,0.578367597247979,0.0,-0.3343217840146237,0.5866593882944175,0.0,0.016739487087302,1.0202629171104391,0.0,-0.3858030818000774,1.1685024106964412,0.0,-0.0304888632441554,1.0613575073809618,0.0,-0.349041060374242,1.2516543303700525,0.0,-0.0334278150036036,1.2609137155119037,0.0,-0.4580444434675635,1.365360958721432,0.0,0.5304796546697617,0.53102707862854,-0.0003057215362787,0.2455410953840062
1167,1,0.2543181735310704,0.0182903326341483,0.0,-0.2543181735310704,-0.0182903326341483,0.0,0.158058515673289,0.582970150493224,0.0,-0.3364229414717129,0.5969434843886403,0.0,0.0180361542037369,1.0222572321752048,0.0,-0.3883276685330615,1.1618932522113274,0.0,-0.0291449375342003,1.0613716125910937,0.0,-0.3438962030096265,1.250860593253181,0.0,-0.0338304277540577,1.2641979309028064,0.0,-0.4601189541003477,1.3547964641613737,0.0,0.530568927526474,0.5329911112785339,-0.0003026467747986,0.2437619437013372
1168,1,0.2480716470020922,0.0165509414687314,0.0,-0.2480716470020922,-0.0165509414687314,0.0,0.1535072260807269,0.568977325968552,0.0,-0.3266150747657013,0.5804116445628491,0.0,0.0231764897402143,0.9956603653218952,0.0,-0.3774701664016174,1.1272110457796718,0.0,-0.0160105422951891,1.023267841632926,0.0,-0.3318837427606836,1.1762089892778027,0.0,-0.0335959400004217,1.2329336436467035,0.0,-0.4292786155805139,1.314996683046061,0.0,0.5307963043451309,0.5333376228809357,-0.0003121141344308,0.249520380942211
1169,1,0.2500652481385075,0.0162040981689334,0.0,-0.2500652481385075,-0.0162040981689334,0.0,0.1545928834513058,0.5715444835330363,0.0,-0.3254789826705391,0.5843383723492569,0.0,0.0243826112379325,1.0005374439023629,0.0,-0.371622496740571,1.102581493387859,0.0,-0.016068945515422,1.0244872412704011,0.0,-0.3340229441762511,1.1283020737168403,0.0,-0.0327509887791628,1.2403017460395092,0.0,-0.3806730848672034,1.3155044664865667,0.0,0.5308564454317093,0.5341714024543762,-0.0003252485767006,0.2473003946975
1170,1,0.2471182146623939,0.0152233451616273,0.0,-0.2471182146623939,-0.0152233451616273,0.0,0.1522397722662763,0.5650860263019052,0.0,-0.3079211980881017,0.5837023679398112,0.0,0.0237061344961922,0.984938184207186,0.0,-0.3548498777264632,1.0685591911748544,0.0,-0.0169838250738562,1.0091639238366652,0.0,-0.3286732038818266,1.086012771727255,0.0,-0.0327501498480278,1.2241425872928555,0.0,-0.3283599143052498,1.291511414238932,0.0,0.5309624373912811,0.5355034172534943,-0.0003210045397281,0.2498988372608791
1171,1,0.260122178691946,0.0156316600606737,0.0,-0.260122178691946,-0.0156316600606737,0.0,0.1581848472075205,0.5930164963952255,0.0,-0.3153899528188319,0.6117729312295808,0.0,0.0257919502574954,1.0343534464294897,0.0,-0.3514589861571424,1.0912546883435823,0.0,-0.0160166370347402,1.057953395188423,0.0,-0.3199324425036978,1.1124115309033675,0.0,-0.0457548681418771,1.2861428295997452,0.0,-0.3482996758532478,1.3464077065728477,0.0,0.5309750288724899,0.5366984009742737,-0.0003190338611602,0.2373103469396527
1172,1,0.2566740733677686,0.0151453653474916,0.0,-0.2566740733677686,-0.0151453653474916,0.0,0.155874289956317,0.5850080969881711,0.0,-0.308620766404007,0.6036857323505372,0.0,0.025628882947521,1.021941109606786,0.0,-0.3280139786620418,1.0475090079998866,0.0,-0.0161204984564861,1.0451417660886653,0.0,-0.2969320601400963,1.07336398002721,0.0,-0.0451345199837251,1.2701338676256486,0.0,-0.3446555727827218,1.3021014256625,0.0,0.5310056209564209,0.5365388095378876,-0.0003180373460054,0.2404337090612627
1173,1,0.2567402161441399,0.0145283662609147,0.0,-0.2567402161441399,-0.0145283662609147,0.0,0.1548896986085133,0.5852943521394902,0.0,-0.3056565026319083,0.6039249711559561,0.0,0.0228608262456594,1.024786260266494,0.0,-0.3188882884295877,1.0261038556044089,0.0,-0.0203435178254297,1.0485072041935763,0.0,-0.2951330243521404,1.0567547342410055,0.0,-0.0465469526288937,1.2736635558743572,0.0,-0.3426450446874856,1.281530828603615,0.0,0.5313484966754913,0.5366467833518982,-0.0003276905044913,0.2396679761478932
1174,1,0.260791868646356,0.0142338154770962,0.0,-0.260791868646356,-0.0142338154770962,0.0,0.1568050783689414,0.5938579198438607,0.0,-0.3082997099709704,0.6112633262031228,0.0,0.0224758888840892,1.0410413152214228,0.0,-0.3136053320599997,1.0322680193864482,0.0,-0.0199838157922096,1.06575966359954,0.0,-0.284165909407965,1.0650451034119968,0.0,-0.0494892603521196,1.2963198466993573,0.0,-0.3446043953203821,1.290194537231014,0.0,0.531690776348114,0.5374842286109924,-0.0003229985013604,0.2347282612744214
1175,1,0.2619830541749369,0.01437297603687,0.0,-0.2619830541749369,-0.01437297603687,0.0,0.157165817784571,0.5997076687690994,0.0,-0.3096969348959899,0.6131145690988419,0.0,0.0225874267942588,1.0468602312268145,0.0,-0.2980362696807688,1.0355033866771155,0.0,-0.020424443131398,1.07212187960767,0.0,-0.2643388446524153,1.069356996709501,0.0,-0.0484667970742304,1.3032989091618163,0.0,-0.3380747548319591,1.2882699305875875,0.0,0.5317134112119675,0.5373404324054718,-0.0003273384645581,0.2335566261862802
1176,1,0.2589392665115275,0.0145413309767509,0.0,-0.2589392665115275,-0.0145413309767509,0.0,0.1552986880399405,0.5918509095497754,0.0,-0.3071753029646157,0.6031419502378169,0.0,0.0223962728829234,1.0285404183277624,0.0,-0.2806425324711362,1.0058110042736623,0.0,-0.0188485373763303,1.0525890031867504,0.0,-0.2418052089308024,1.0341221282066042,0.0,-0.0454358942479431,1.2853205535051409,0.0,-0.3266681996818967,1.2555815914404715,0.0,0.5317844897508621,0.5381855666637421,-0.0003299275413155,0.2358574375469362
1177,1,0.2579401721268749,0.0147535098824465,0.0,-0.2579401721268749,-0.0147535098824465,0.0,0.1552859534707221,0.5911421511746735,0.0,-0.3063663082877372,0.6010639807253426,0.0,0.0229733117347099,1.026128157696058,0.0,-0.2743948909709989,1.0083902894596188,0.0,-0.018253987273939,1.0504819225342408,0.0,-0.239280532293993,1.039528232787062,0.0,-0.0314170065922584,1.2817276874765409,0.0,-0.2944383218340148,1.2530560310933925,0.0,0.5316623896360397,0.5380001366138458,-0.0003291778266429,0.2366024252372349
1178,1,0.2572986923953615,0.0148123142958034,0.0,-0.2572986923953615,-0.0148123142958034,0.0,0.1549531628843272,0.5905229074251042,0.0,-0.3056875490077553,0.6004350349586097,0.0,0.0224821253273381,1.0234904070117907,0.0,-0.2544354993134847,1.005409413804485,0.0,-0.0179182073846426,1.0486181952358695,0.0,-0.2249907090988282,1.03708160740168,0.0,-0.0296538885094803,1.277298108044367,0.0,-0.2909619447481443,1.2481474271977535,0.0,0.5315486341714859,0.5379208624362946,-0.0003274595364928,0.236809959109707
1179,1,0.2571455890128447,0.015031937757824,0.0,-0.2571455890128447,-0.015031937757824,0.0,0.1562753618039943,0.5901962313261223,0.0,-0.304800772785341,0.6003165017910189,0.0,0.0240186592854957,1.0228398732598762,0.0,-0.2420556756589429,1.006488486555665,0.0,-0.0142729615848233,1.0489868670909486,0.0,-0.2142375982878812,1.0412599804728275,0.0,-0.027036667163057,1.2779193884759756,0.0,-0.2933077410324466,1.2487445561227897,0.0,0.5312589704990387,0.5378439724445343,-0.0003266278654336,0.2364627399423568
1180,1,0.2615233315296797,0.0154565837927862,0.0,-0.2615233315296797,-0.0154565837927862,0.0,0.1619116439134724,0.600173716451068,0.0,-0.3062859755523424,0.6097781632657353,0.0,0.0272566074056443,1.0400312320622276,0.0,-0.234737268955967,1.0248212645202277,0.0,-0.0119156410027797,1.0676455868462216,0.0,-0.2088556368737037,1.0627240288601552,0.0,-0.024856841580685,1.2971250844970927,0.0,-0.2990938560972379,1.268893932728284,0.0,0.5305568873882294,0.537865400314331,-0.0003269203007221,0.2325056361496819
1181,1,0.2633567272460322,0.015607272517252,0.0,-0.2633567272460322,-0.015607272517252,0.0,0.1639676592167822,0.6051363153419841,0.0,-0.3042638171097195,0.6145700755001438,0.0,0.0282115968646855,1.0477002004981608,0.0,-0.2293588265232841,1.0304055331224935,0.0,-0.0109103436515819,1.0758971406461992,0.0,-0.2015494177114442,1.0686777714754203,0.0,-0.0198066478213185,1.3065850795579612,0.0,-0.2995185275358167,1.2779201575497483,0.0,0.5303483158349991,0.5378106534481049,-0.0003223670646548,0.2307859033099928
1182,1,0.2646454833854366,0.0154916237711703,0.0,-0.2646454833854366,-0.0154916237711703,0.0,0.1656376333836789,0.6071793076905889,0.0,-0.3013999803852695,0.6163499466102184,0.0,0.0293675491648074,1.0513123602408665,0.0,-0.2272428663737567,1.0359869144407337,0.0,-0.0098929686728328,1.079990893021079,0.0,-0.2025566232425186,1.0747665272295837,0.0,-0.0187263259382972,1.309160944250063,0.0,-0.2867642639017443,1.283740640393407,0.0,0.5300981551408768,0.537855327129364,-0.0003153327852487,0.2299136104651971
1183,1,0.2682231270729158,0.0152846089953305,0.0,-0.2682231270729158,-0.0152846089953305,0.0,0.1682919825223695,0.6154385319930543,0.0,-0.3049389974473683,0.6242929607573705,0.0,0.0297524159310212,1.071485121801067,0.0,-0.2329367260255607,1.048588112149167,0.0,-0.0108003472855439,1.1116559045243408,0.0,-0.2036019123062349,1.0894205912947494,0.0,-0.0180989876401566,1.3278342551090154,0.0,-0.2995281767227118,1.296777374478949,0.0,0.5299965739250183,0.5379734337329865,-0.0003142710775136,0.226727674265157
1184,1,0.2700511586236269,0.0154102579518497,0.0,-0.2700511586236269,-0.0154102579518497,0.0,0.1704856034768124,0.6214023697432594,0.0,-0.305281837901927,0.6282549570207612,0.0,0.0310106011757876,1.07638085378123,0.0,-0.2348697851912855,1.052087480134253,0.0,-0.0131719311700222,1.1165359048544528,0.0,-0.2050084200068289,1.0914615689074083,0.0,-0.0139544797171443,1.3345483782179854,0.0,-0.3009094800821367,1.3017992502699427,0.0,0.5297112464904785,0.5379540026187897,-0.0003146575763821,0.2254553397153283
1185,1,0.2754058371130382,0.0157284204429802,0.0,-0.2754058371130382,-0.0157284204429802,0.0,0.175466800589162,0.6364870299116422,0.0,-0.3089381856203914,0.6406878433400133,0.0,0.0331390101360724,1.0963705820007088,0.0,-0.2376332403979177,1.0691013647534238,0.0,-0.0132871653369149,1.1374209760448868,0.0,-0.2057031821592033,1.1083619850897175,0.0,-0.0104653578801923,1.3587574910305402,0.0,-0.3063583704276765,1.3240543468031627,0.0,0.5292869061231613,0.5379607677459717,-0.0003132782876491,0.2214309447980989
1186,1,0.2733228474417659,0.0155351491216062,0.0,-0.2733228474417659,-0.0155351491216062,0.0,0.1750492399257237,0.6308550586138453,0.0,-0.3033454631340508,0.6346363985812022,0.0,0.0323313877578272,1.08866985547773,0.0,-0.2339419806026908,1.057181654660566,0.0,-0.0179451382013996,1.1365679811099685,0.0,-0.2058643010462715,1.0970130103659597,0.0,-0.0086704143672899,1.3432129566176685,0.0,-0.3024619090924345,1.308897329665222,0.0,0.5289116054773331,0.5379568040370941,-0.0003150263801217,0.2240687250542002
1187,1,0.2736394616271603,0.0154501811534285,0.0,-0.2736394616271603,-0.0154501811534285,0.0,0.1762581228631305,0.6291975002547376,0.0,-0.2998781119371459,0.6328170080184582,0.0,0.0341327183455945,1.0879556747114698,0.0,-0.2314753479537361,1.0529463526909906,0.0,-0.0162119702069482,1.1374520328551734,0.0,-0.2035755273895389,1.092498466835232,0.0,-0.0064541840931629,1.338615195135031,0.0,-0.3000404680222594,1.30341623696946,0.0,0.5284324139356613,0.5379533469676971,-0.0003157458268105,0.2250463678141693
1188,1,0.2742614999475256,0.0153870725356278,0.0,-0.2742614999475256,-0.0153870725356278,0.0,0.1769403225454726,0.6307213835034229,0.0,-0.29927497872658,0.6346786657899611,0.0,0.0348493710332912,1.0901561786923248,0.0,-0.2313086421882802,1.057917621596166,0.0,-0.0173621315875151,1.1408165030747577,0.0,-0.2048027580035241,1.102430811827316,0.0,-0.0039059389767323,1.3406255603519408,0.0,-0.3000731217544671,1.3058126735827236,0.0,0.5281643569469452,0.5380157232284546,-0.0003087637014687,0.2246348902639954
1189,1,0.2738277779803162,0.0154076583398435,0.0,-0.2738277779803162,-0.0154076583398435,0.0,0.1752853067589761,0.6288056180894994,0.0,-0.2978489925470647,0.6332240276799035,0.0,0.0344994201054606,1.0869197599027791,0.0,-0.2307846126782909,1.0573611741124014,0.0,-0.0196247077735412,1.1369465427593497,0.0,-0.2109565596002611,1.1048096470294684,0.0,-0.0027070136873815,1.336261467877352,0.0,-0.2959773952180198,1.3024295206278549,0.0,0.5280739814043045,0.5381162762641907,-0.0003067492507398,0.2251897011532178
1190,1,0.2762040873567817,0.0152759120439248,0.0,-0.2762040873567817,-0.0152759120439248,0.0,0.177715683751016,0.6326980448632975,0.0,-0.2985707621475418,0.6380686011799368,0.0,0.0361891254851188,1.092631753439817,0.0,-0.2301916917876435,1.0634803077652886,0.0,-0.0184418635071399,1.1414449058355975,0.0,-0.2088137698344098,1.1101720052704345,0.0,-0.0009385967799715,1.3441259335344515,0.0,-0.2962977747647192,1.3095786539545953,0.0,0.5277279317378998,0.538054883480072,-0.0003065369091928,0.2240103406827902
1191,1,0.278004952259608,0.0155287194456979,0.0,-0.278004952259608,-0.0155287194456979,0.0,0.1805744079153375,0.6354313885307991,0.0,-0.2973287120283861,0.6401878995640939,0.0,0.0371066976700347,1.0978706432641008,0.0,-0.2282528129926264,1.06597063309383,0.0,-0.0177706609678298,1.1488879738986806,0.0,-0.206778721645167,1.112777509342748,0.0,0.0018678953874016,1.347401183391823,0.0,-0.2961901598979835,1.312758613049959,0.0,0.5270971208810806,0.538262665271759,-0.0003036232665181,0.2233304982898712
1192,1,0.2760398920398206,0.0154504487182356,0.0,-0.2760398920398206,-0.0154504487182356,0.0,0.1807287116300458,0.6297957118380102,0.0,-0.2932499321881751,0.6342359111947227,0.0,0.0395543502746872,1.0868895825406837,0.0,-0.223304022479162,1.0575774385606316,0.0,-0.0145953325400429,1.1348930682009204,0.0,-0.2010418892557474,1.1039170073492195,0.0,0.0046729677500026,1.3349743743032323,0.0,-0.2922462094689563,1.3014925133973292,0.0,0.5264127552509308,0.5383231937885284,-0.0002998453564941,0.2252122134752797
1193,1,0.2782794471247999,0.0154950324869442,0.0,-0.2782794471247999,-0.0154950324869442,0.0,0.1836496479943868,0.6310013070402719,0.0,-0.2907907992946276,0.6359734886763878,0.0,0.0431991766137709,1.0892085600215105,0.0,-0.2203146469379499,1.0608183736562429,0.0,-0.0107760220538408,1.1370251602996535,0.0,-0.1970190502865251,1.1074642063177311,0.0,0.0081238912430266,1.3377348870705348,0.0,-0.2925289144264673,1.304415753124773,0.0,0.5255862772464752,0.5383247137069702,-0.0002984213642776,0.2247200027536195
1194,1,0.2806664650219442,0.0155470719392027,0.0,-0.2806664650219442,-0.0155470719392027,0.0,0.1860308995083674,0.6329153351184253,0.0,-0.2883308536904058,0.6382547066883835,0.0,0.0472636414386117,1.0921781787881604,0.0,-0.2171630886373836,1.0642268918710345,0.0,-0.0061375236806699,1.1380660720386089,0.0,-0.1959254581995094,1.1095566107453914,0.0,0.0114718402872602,1.341290232214522,0.0,-0.2897639358051887,1.3084590432925038,0.0,0.5247036814689636,0.5383228957653046,-0.0002993287052959,0.2240349075400056
1195,1,0.2812300674075372,0.0154729107078904,0.0,-0.2812300674075372,-0.0154729107078904,0.0,0.1861773786635491,0.6331730277713562,0.0,-0.2872171606417141,0.6398913446592005,0.0,0.0482020211051,1.0928125529873889,0.0,-0.2159629014105465,1.06409073713833,0.0,-0.0059710611289609,1.14021010833159,0.0,-0.1946628193810898,1.109749108421261,0.0,0.0125631168728223,1.3420246436274204,0.0,-0.2886583205064387,1.308720439663439,0.0,0.5243920534849167,0.5383259952068329,-0.0003003852907568,0.2239992689258103
1196,1,0.283064219345206,0.0154293236605258,0.0,-0.283064219345206,-0.0154293236605258,0.0,0.1880442134587069,0.6376527471076592,0.0,-0.2892140971982829,0.6435080160297267,0.0,0.0469828361679254,1.0985500316881711,0.0,-0.2152791575552641,1.0705473391245577,0.0,-0.0076793569016262,1.1461004213300885,0.0,-0.1936459288023841,1.116944434431012,0.0,0.0088765149363044,1.3489927644347195,0.0,-0.2873736940623088,1.3157440804296012,0.0,0.5239982008934021,0.538313090801239,-0.0002983945887535,0.2228531090186201
1197,1,0.283819097641862,0.0149370506861955,0.0,-0.283819097641862,-0.0149370506861955,0.0,0.1868804847976402,0.6394141224200991,0.0,-0.2887314151313719,0.6450591958325338,0.0,0.0405173443208708,1.1008052536361932,0.0,-0.2150899136483659,1.0729907977733502,0.0,-0.0118939237761659,1.1484130930328516,0.0,-0.1959459787473898,1.120097186214894,0.0,0.0011888030655966,1.3518803003687552,0.0,-0.2910450005476763,1.320013788630905,0.0,0.523654043674469,0.5381813943386078,-0.0002983631566166,0.2225140741712427
1198,1,0.2833741595046318,0.0147254521143818,0.0,-0.2833741595046318,-0.0147254521143818,0.0,0.1870490102841052,0.639197538055462,0.0,-0.2874175590530362,0.644948609030019,0.0,0.038873696423362,1.104993844964259,0.0,-0.2130500218465778,1.0727813660687666,0.0,-0.0138801199407942,1.1551762445526164,0.0,-0.193286858676641,1.1201984413981805,0.0,0.0041554186158429,1.3527553819609668,0.0,-0.2906754190322898,1.3197720940371709,0.0,0.5232653468847275,0.5382304191589355,-0.0002989361528307,0.2225482076163284
1199,1,0.2848302653015866,0.0144032082369229,0.0,-0.2848302653015866,-0.0144032082369229,0.0,0.1899537774867803,0.6428646887100173,0.0,-0.2868641329893051,0.6479849677792774,0.0,0.0415214216347017,1.1131742764377284,0.0,-0.2117623535772122,1.0784581058088487,0.0,-0.0115715856684487,1.1650251798627502,0.0,-0.1921147366617039,1.127001130165409,0.0,0.0113143061853461,1.361616323731894,0.0,-0.2898945379527564,1.3268072578422396,0.0,0.5227126628160477,0.5383225381374359,-0.0002987578045576,0.2213633104206195
1200,1,0.2871987365179899,0.0142686353336549,0.0,-0.2871987365179899,-0.0142686353336549,0.0,0.1901741871060311,0.6481368686804126,0.0,-0.2877707573097617,0.6535376892774883,0.0,0.0412867810495715,1.1220919138021743,0.0,-0.212195766482245,1.0897105982884507,0.0,-0.0136698180270882,1.1743517659013063,0.0,-0.1927325419565174,1.141927304606799,0.0,0.0096853458752939,1.3724411007635025,0.0,-0.2909685651943138,1.3387993314652529,0.0,0.5224124044179916,0.5382648408412933,-0.0002968047047033,0.2196538884492717
1201,1,0.2878423739480112,0.0139655478766462,0.0,-0.2878423739480112,-0.0139655478766462,0.0,0.1905225059504758,0.6467007189084865,0.0,-0.2859318307630167,0.6521574014433694,0.0,0.0431747409477609,1.1166680666920688,0.0,-0.2095268981565813,1.0875388520521705,0.0,-0.0116640516997697,1.1695608303815674,0.0,-0.190223992042938,1.1397015839986433,0.0,0.008752999333749,1.368425811321987,0.0,-0.2858623490776416,1.3362288380587988,0.0,0.521974578499794,0.5383306443691254,-0.0002960631391033,0.2200377164476563
1202,1,0.2865391553532838,0.0133101405211033,0.0,-0.2865391553532838,-0.0133101405211033,0.0,0.1904996673705118,0.6427382897470671,0.0,-0.2832264494116937,0.6482409972359299,0.0,0.044390367465952,1.10955306092607,0.0,-0.2071133466983812,1.082160853207367,0.0,-0.0098402451794443,1.1592254505910795,0.0,-0.1886151471101655,1.133952199124764,0.0,0.0099780218234155,1.3598290530780297,0.0,-0.2769736545969445,1.3291417996333532,0.0,0.5216471254825592,0.5385468006134033,-0.0002960162237286,0.2210677557698711
1203,1,0.2863806581076758,0.012984688968771,0.0,-0.2863806581076758,-0.012984688968771,0.0,0.1913465727566474,0.6421415137416143,0.0,-0.2814759391139192,0.6477634639955999,0.0,0.0467682758807317,1.1101730501704037,0.0,-0.2041800528802519,1.0818603394345034,0.0,-0.0053920373396769,1.1616956448031754,0.0,-0.1852170890704894,1.1335395336021092,0.0,0.0121813414411076,1.359127767125193,0.0,-0.2749691071510529,1.3281283366591303,0.0,0.5212453007698059,0.5386216342449188,-0.0002965854946523,0.2211392176307031
1204,1,0.286671306864864,0.0129061395596388,0.0,-0.286671306864864,-0.0129061395596388,0.0,0.1922478978709833,0.6431201212051088,0.0,-0.2812718504546897,0.6489417517804339,0.0,0.0475120716978812,1.1125103097701934,0.0,-0.2027542040448973,1.0834089052018343,0.0,-0.0046779947734051,1.1648161772113326,0.0,-0.1832680590269466,1.1350755728839728,0.0,0.0128743550277037,1.3610424052546526,0.0,-0.2748291055865179,1.3300304196498882,0.0,0.5210921317338943,0.5386424958705902,-0.0002972664660774,0.2208132854254604
1205,1,0.2874252568773619,0.0127712398092072,0.0,-0.2874252568773619,-0.0127712398092072,0.0,0.1948680908324684,0.6440400891342374,0.0,-0.2801772485727418,0.6496216960366319,0.0,0.0511616445105691,1.1139725814865762,0.0,-0.2004933441549828,1.0849908180140062,0.0,0.0020560436697667,1.1663012610044694,0.0,-0.1803730201208777,1.1365725086451413,0.0,0.0159645227103338,1.3629674357048194,0.0,-0.272817624345462,1.332222789269759,0.0,0.5205845981836319,0.5386118292808533,-0.0002971366629935,0.220548446007193
1206,1,0.2884225362201157,0.0125031344038471,0.0,-0.2884225362201157,-0.0125031344038471,0.0,0.1986803343796487,0.6436140497338029,0.0,-0.2761293115087329,0.6492081295302758,0.0,0.0553398402930602,1.1140981241409835,0.0,-0.1951194339209965,1.0844311577600652,0.0,0.0061285795732306,1.167148814139196,0.0,-0.1742644872358937,1.136155121246447,0.0,0.0227295455988868,1.3623383530347029,0.0,-0.2697435452852757,1.331507292876656,0.0,0.5196556150913239,0.5386526882648468,-0.0002970853238366,0.2206320653742185
1207,1,0.2868916515503978,0.0123728061962214,0.0,-0.2868916515503978,-0.0123728061962214,0.0,0.1998332437576352,0.6426901686453103,0.0,-0.2729192195206417,0.6484686347638515,0.0,0.0574929980546096,1.113710333782057,0.0,-0.1895804951544918,1.0856526375257145,0.0,0.0076751537525828,1.16808816445025,0.0,-0.1703353173907924,1.140430239685548,0.0,0.0295867344834868,1.3604273798238986,0.0,-0.2660735713682026,1.329180689372926,0.0,0.5189862549304962,0.5386202037334442,-0.0002971524954773,0.2208123409450585
1208,1,0.2878556081541759,0.0121471166330809,0.0,-0.2878556081541759,-0.0121471166330809,0.0,0.2042268937189874,0.643150934739689,0.0,-0.2687706591423844,0.6489541878986174,0.0,0.0662242908173367,1.1096244206885002,0.0,-0.1844165380623299,1.086544331728494,0.0,0.0194864892821572,1.157421288908177,0.0,-0.162548567132935,1.1401787647063162,0.0,0.0342982933410533,1.3615172176844832,0.0,-0.2620003322086709,1.3310822888387457,0.0,0.5178280025720596,0.5386391878128052,-0.0002964946907013,0.2206189760661433
