frame_idx,pose_detected,left_hip_x,left_hip_y,left_hip_z,right_hip_x,right_hip_y,right_hip_z,left_knee_x,left_knee_y,left_knee_z,right_knee_x,right_knee_y,right_knee_z,left_ankle_x,left_ankle_y,left_ankle_z,right_ankle_x,right_ankle_y,right_ankle_z,left_heel_x,left_heel_y,left_heel_z,right_heel_x,right_heel_y,right_heel_z,left_foot_index_x,left_foot_index_y,left_foot_index_z,right_foot_index_x,right_foot_index_y,right_foot_index_z,mid_hip_x,mid_hip_y,mid_hip_z,torso_length
0,1,0.268674627578,-0.012647797649,0.008502257361,-0.268674627578,0.012647797649,-0.008502257361,0.318979170313,0.582400319034,-0.168551742977,-0.188978679834,0.597711471356,0.120600916070,0.294116585822,0.996597261864,0.753756691882,-0.062522662691,1.002380411853,1.207725829242,0.242265085757,1.032974286989,0.824705468415,0.014604041852,1.041507256566,1.275239635061,0.365162120713,1.228105798440,0.270888519169,-0.096438084612,1.236385647369,0.725477566839,0.559094041586,0.492187172174,-0.000426103943,-0.304003632251
1,1,0.269581382890,-0.010392878281,-0.012979667209,-0.269581382890,0.010392878281,0.012979667209,0.319364221436,0.566439479340,-0.160013789886,-0.190369390870,0.578626983722,0.177497212878,0.295174807687,0.982321419871,1.034461752178,-0.062791160735,0.988192202321,1.542769420373,0.243986777839,1.022506133990,1.126781650358,0.014771622370,1.028983960657,1.630677724048,0.364041475846,1.210029685443,0.360396121600,-0.090407541696,1.218569416672,0.871412055800,0.559060797095,0.498934879899,-0.000398362987,-0.303009119882
2,1,0.219357129551,-0.008400469062,-0.046183875695,-0.219357129551,0.008400469062,0.046183875695,0.260208825264,0.455522626957,-0.023886724311,-0.156406698209,0.465426537996,0.236465567656,0.242002230007,0.786917061088,1.547736279022,-0.050005124052,0.796442295525,1.849338291561,0.201778626160,0.818982820522,1.674251173005,0.013263427591,0.829194146659,1.963760779394,0.296102174291,0.979378724941,0.896764757094,-0.069092182353,0.984242722035,1.177509038716,0.559382081032,0.500285655260,-0.000387968495,-0.373043931021
3,1,0.235990322186,-0.008134551156,-0.058622871994,-0.235990322186,0.008134551156,0.058622871994,0.281278526137,0.490370648460,-0.116233180825,-0.167638117428,0.500396119947,0.193254084764,0.262317394298,0.838509079198,1.545120823179,-0.054052560367,0.855459786329,1.797450789649,0.218692708465,0.872911036252,1.689195987533,0.013166330223,0.890792673879,1.916320847442,0.314653863218,1.050329469246,0.947011648706,-0.073837498636,1.057547361650,1.142324099638,0.559532120824,0.501007616520,-0.000395026058,-0.346641932790
4,1,0.211649954539,-0.006206833531,-0.063457413374,-0.211649954539,0.006206833531,0.063457413374,0.252939864218,0.435715765445,-0.036779869202,-0.148321578135,0.443602333695,0.207183524923,0.237408319454,0.732754686619,1.793872086482,-0.047022662638,0.760611250793,1.928390825870,0.201175013146,0.760371425865,1.949979217562,0.012577903352,0.790918453936,2.057282820754,0.281173219319,0.929003686521,1.226240204481,-0.061926990701,0.941540799663,1.287435199109,0.560148090124,0.502318814397,-0.000375115313,-0.387961548467
5,1,0.210526148838,-0.006437398536,-0.072512930683,-0.210526148838,0.006437398536,0.072512930683,0.253969953387,0.435223958955,-0.111769648281,-0.146788597481,0.442462249469,0.131453154377,0.239140307383,0.712468612718,1.828757072214,-0.046299122009,0.757394831636,1.816321084467,0.203793230333,0.734441787208,2.004835771899,0.010991401768,0.787106089918,1.945671252599,0.279760432763,0.908317269744,1.330870958077,-0.060632337260,0.937404779903,1.193708501373,0.560536354780,0.502039611340,-0.000368842855,-0.389975611179
6,1,0.195339199894,-0.006259854310,-0.071006943143,-0.195339199894,0.006259854310,0.071006943143,0.235868730018,0.403472945426,-0.201626366375,-0.135344446656,0.409771951013,0.082152563927,0.221900954624,0.632739008726,1.739499310869,-0.042609039459,0.700046668936,1.733190826924,0.189368612342,0.650851726720,1.918629669542,0.009422619732,0.723981079378,1.863327269454,0.258118822073,0.817187433653,1.310092622674,-0.054037675883,0.866445187675,1.159176436078,0.560770034790,0.501955315471,-0.000356275588,-0.421329426737
7,1,0.169517764093,-0.005616578920,-0.058998775986,-0.169517764093,0.005616578920,0.058998775986,0.207820591883,0.341384741891,-0.171581281411,-0.117035675863,0.352848686553,0.048347354953,0.189590823480,0.532971396332,1.562491800669,-0.037705571108,0.605452434714,1.400433109607,0.161213606723,0.550356356236,1.712556319706,0.006204978047,0.625959667560,1.499448564146,0.222972957453,0.681130897338,1.168710879640,-0.046445434384,0.749997194962,0.912407799533,0.560988083482,0.501767829061,-0.000362352468,-0.486187826026
8,1,0.169305914300,-0.007129703500,-0.058080153033,-0.169305914300,0.007129703500,0.058080153033,0.208766680330,0.335846823745,-0.179460457751,-0.117083771018,0.355959900570,0.030145717914,0.183132591154,0.518288423813,1.398311891959,-0.041870375187,0.609174118111,1.193415086106,0.151840509419,0.532906623473,1.536065137735,-0.000378960212,0.631241152103,1.270889083803,0.216419271190,0.663371151192,1.057437564090,-0.053179260348,0.753666814571,0.648166166471,0.561103120446,0.499548971653,-0.000367850997,-0.486914122839
9,1,0.184892782959,-0.008937176191,-0.046134482545,-0.184892782959,0.008937176191,0.046134482545,0.241021828471,0.368565375075,-0.359291477116,-0.126558046311,0.392270187482,-0.009485768479,0.195826028955,0.548611964844,1.438110575435,-0.046395488274,0.668545903695,1.125913870258,0.154671307360,0.556229673421,1.596686446824,-0.006112855431,0.697344167789,1.203764593023,0.233658079072,0.705684349892,1.180260467706,-0.057653834021,0.827049634409,0.589605624214,0.561213508248,0.497440636158,-0.000362494960,-0.446989341674
10,1,0.186631370892,-0.011510957224,-0.031452997649,-0.186631370892,0.011510957224,0.031452997649,0.259335156460,0.371915667631,-0.381609029375,-0.127210059446,0.403768252001,0.002571989545,0.190285696429,0.542969996508,1.419923701860,-0.046892815317,0.682675716309,1.083219153027,0.142957167891,0.547367164135,1.586633346518,-0.009580072438,0.712617635462,1.157218269490,0.233048033849,0.696034089515,1.238889450988,-0.057863731724,0.843296881857,0.581703109479,0.561241641641,0.493895679712,-0.000353762880,-0.442917335269
11,1,0.199389627618,-0.014891292434,-0.033098497764,-0.199389627618,0.014891292434,0.033098497764,0.284452154367,0.393849304834,-0.552046904861,-0.135389903941,0.443206888083,0.010280203475,0.202979125148,0.561542353326,1.338381615039,-0.049802079618,0.742227632602,1.042972982336,0.148205527916,0.556385721621,1.534610590973,-0.011317014678,0.781939755918,1.109232698857,0.242992772287,0.733265483086,1.215458680203,-0.061346278138,0.912199196116,0.516075429108,0.561341956258,0.488740727305,-0.000350980554,-0.415123928795
12,1,0.202972072913,-0.016476149194,-0.027158326802,-0.202972072913,0.016476149194,0.027158326802,0.300101171574,0.391659823653,-0.589365712248,-0.136428330123,0.459565073007,0.009759797081,0.204160142870,0.555441062983,1.339187385511,-0.048360783216,0.765394981264,1.013311680048,0.144068300259,0.551801084091,1.540563053291,-0.008622193614,0.805957248759,1.081733078496,0.245010595433,0.729326736561,1.256712147249,-0.061512767271,0.939577599336,0.521574955873,0.562059521675,0.484232321382,-0.000342361629,-0.408277809321
13,1,0.229831122217,-0.019659445182,-0.020072174158,-0.229831122217,0.019659445182,0.020072174158,0.354573779152,0.435817599175,-0.704002681952,-0.152685177885,0.529899262100,0.010689584427,0.233570972065,0.613197376912,1.384781888829,-0.052752822509,0.876746922151,0.996900620071,0.164120411629,0.611874480729,1.606217501512,-0.009951546520,0.922502252620,1.062302323952,0.279728466282,0.811577531747,1.381365523914,-0.066530136807,1.074463064180,0.479065525848,0.562787845731,0.480943083763,-0.000332704745,-0.360224136244
14,1,0.244369829661,-0.021138725825,-0.012415930713,-0.244369829661,0.021138725825,0.012415930713,0.385774014441,0.449470427860,-0.729627955011,-0.161919397708,0.566330266667,0.052912508933,0.249454317482,0.631134839941,1.245905114216,-0.055034886629,0.936949354913,0.964767704745,0.175961419498,0.626549320589,1.455150471893,-0.009607756924,0.984669683604,1.019466299453,0.297859530697,0.848631672313,1.296775823859,-0.070602808296,1.148811595295,0.453399970325,0.562914654613,0.478921324015,-0.000319272629,-0.339194557076
15,1,0.248163914729,-0.021468720168,-0.005127558840,-0.248163914729,0.021468720168,0.005127558840,0.401068603544,0.436759020680,-0.664291885189,-0.160803088464,0.572478105523,0.129030748078,0.255856765964,0.613373989681,1.277065028887,-0.052126084326,0.951329116676,0.965858164579,0.181272765270,0.605696042259,1.478952960561,-0.006859124865,0.997251311610,1.014077587046,0.300387051263,0.841042500785,1.297501083401,-0.068192926514,1.165030271470,0.444849399787,0.563819646835,0.478603139520,-0.000312985387,-0.335940226757
16,1,0.242802395845,-0.022059028220,-0.003487331242,-0.242802395845,0.022059028220,0.003487331242,0.401420881396,0.414760339078,-0.728274938510,-0.156286712970,0.562306195511,0.123798917987,0.253453301539,0.592225100557,1.269580180646,-0.046323937541,0.934094229623,1.011774934904,0.179824770589,0.591419012809,1.477877233728,-0.001331591276,0.978632184972,1.072312055222,0.294497572851,0.816197945188,1.253465202466,-0.065060829499,1.144747425583,0.471760132528,0.564399823546,0.477315679193,-0.000303526962,-0.343022143727
17,1,0.246748068723,-0.023003657440,0.001502556225,-0.246748068723,0.023003657440,-0.001502556225,0.415890877976,0.411399240042,-0.786019521132,-0.157187624233,0.568277307892,0.119326683456,0.262714056560,0.595743931639,1.133969506827,-0.040001868038,0.952661955144,0.960259117378,0.187412113936,0.597897175267,1.338020044408,0.005101915067,0.996502242809,1.015633351287,0.303675165034,0.827063439868,1.153080272966,-0.056362455220,1.167701633872,0.446098026047,0.565813317895,0.476125478745,-0.000295198879,-0.337296990980
18,1,0.250744617079,-0.023423078134,0.001682080282,-0.250744617079,0.023423078134,-0.001682080282,0.427426882182,0.409444132938,-0.751770264551,-0.160893117907,0.578881309036,0.128359718745,0.272318652568,0.603668028612,1.134242903215,-0.035037316895,0.973806924943,0.863470052274,0.194647274388,0.600430643317,1.326173179404,0.011427722181,1.018716057352,0.902338526605,0.311298596715,0.841249820803,1.134115355157,-0.054036947525,1.187740768180,0.323902086333,0.566627725959,0.475693359971,-0.000295807054,-0.331790999708
19,1,0.247344442182,-0.023208782688,0.002724310571,-0.247344442182,0.023208782688,-0.002724310571,0.426127310314,0.402927550760,-0.789776309565,-0.157678023693,0.571091163559,0.090531150937,0.274904631118,0.599091009109,1.211990342029,-0.029168960605,0.959965581593,0.957202964515,0.196226266437,0.593992230847,1.411135592231,0.016766574813,1.003704072406,1.013872313679,0.309663511538,0.829839431399,1.149582102880,-0.046066105470,1.170850194182,0.400102435212,0.568086385727,0.475319072604,-0.000294688711,-0.336893696810
20,1,0.247142613948,-0.023032249449,0.002407905815,-0.247142613948,0.023032249449,-0.002407905815,0.429419143243,0.405408878206,-0.760819549108,-0.155321663685,0.569575074050,0.088120077470,0.281788423167,0.604752371242,1.235256570910,-0.021496736713,0.957788090759,0.921687675146,0.202889572314,0.598644587056,1.435378131251,0.022110535552,1.000451790824,0.973016006906,0.309973712579,0.834429537944,1.169522689511,-0.042399634090,1.168408878950,0.349057428416,0.568812847137,0.475524798036,-0.000295969745,-0.337449547800
21,1,0.252823807550,-0.023114767282,0.002563466769,-0.252823807550,0.023114767282,-0.002563466769,0.440476107703,0.417757100416,-0.757645811136,-0.158288437572,0.579232575242,0.090210333799,0.294647723857,0.620143904978,1.156579895974,-0.019043881030,0.974727951057,0.916299071859,0.219252026818,0.618556727506,1.351844999420,0.025716394552,1.018296809162,0.963994447479,0.320989958874,0.856713399792,1.096609304535,-0.040977079863,1.188984317442,0.345178744526,0.569754809141,0.475752517581,-0.000297129882,-0.331337730064
22,1,0.252629014192,-0.022825228730,0.002567010925,-0.252629014192,0.022825228730,-0.002567010925,0.438308324500,0.415835527895,-0.716261032121,-0.156211141147,0.576339912759,0.108144585952,0.296739567539,0.640498048025,1.138420343148,-0.016472721378,0.969770910146,0.891198227747,0.222681370817,0.639426024080,1.325268369055,0.027988428742,1.013355031156,0.932801781384,0.323915562567,0.859236592841,1.079606928568,-0.038564973656,1.182884865656,0.335121058220,0.570656344295,0.475933074951,-0.000297973515,-0.332877833365
23,1,0.217184146467,-0.019433956183,0.000543518415,-0.217184146467,0.019433956183,-0.000543518415,0.374214496475,0.370313168852,-0.629327188830,-0.131881248238,0.494943683046,0.058079867183,0.257361410359,0.589113469196,1.163545919607,-0.012478756869,0.832989574082,0.918926151663,0.195683216154,0.592735259805,1.352976489990,0.022777594197,0.869777398808,0.981004904064,0.279514478335,0.771333453649,1.064147726072,-0.030644163394,1.017416320399,0.398289713694,0.571594625711,0.476052746177,-0.000312850108,-0.387485504447
24,1,0.214240805414,-0.018883699189,-0.008296750806,-0.214240805414,0.018883699189,0.008296750806,0.359062461562,0.381982891769,-0.634071658914,-0.129424853462,0.486283857084,0.011262768923,0.255240309998,0.615923246925,1.273129081047,-0.011376173236,0.818322218746,1.038776510643,0.198574055791,0.619819523893,1.467530940989,0.023893970289,0.853706509534,1.113589004687,0.274207956562,0.795015766686,1.103817998987,-0.028184697865,0.999665329440,0.483681281773,0.572175920010,0.476173385978,-0.000326298643,-0.394240787569
25,1,0.216553425967,-0.017292214909,-0.015551205339,-0.216553425967,0.017292214909,0.015551205339,0.348054705996,0.408945406169,-0.635205465643,-0.129579790867,0.489763411164,0.006998827297,0.260629573233,0.652098771343,1.438218558969,-0.009658701864,0.825453800420,1.233162387286,0.207947312027,0.655873025179,1.640815742448,0.026314161797,0.859637528935,1.323619059081,0.279667635289,0.833044446853,1.230947880509,-0.025952611233,1.007697043284,0.661057463403,0.572932466865,0.478461414576,-0.000339325983,-0.388983377693
26,1,0.180526286592,-0.014122431726,-0.024984159486,-0.180526286592,0.014122431726,0.024984159486,0.276847781193,0.349513986295,-0.293099484810,-0.108876342697,0.405575914591,0.010071329433,0.224685603190,0.566265324035,1.580189842683,-0.006991039135,0.684170912676,1.373484554986,0.187908016096,0.576845579447,1.751943128182,0.024596056835,0.712337919081,1.474982808746,0.234861947226,0.718314453424,1.251908507931,-0.020717383511,0.834535545124,0.825316715233,0.573676645756,0.479891493917,-0.000331169460,-0.466611978661
27,1,0.178159478445,-0.013495695093,-0.032864636445,-0.178159478445,0.013495695093,0.032864636445,0.267375383752,0.358583971972,-0.281176325204,-0.109471646884,0.399211020670,0.020006571167,0.227407742187,0.585592044705,1.430886005560,-0.004210421181,0.675163064076,1.410662414749,0.193917340619,0.602544611596,1.585272841101,0.030658096358,0.702924363826,1.510562563635,0.235600934347,0.731913468392,1.121316919482,-0.018943446069,0.823729598484,0.859069962520,0.574963182211,0.481265351176,-0.000341949984,-0.470893294580
28,1,0.190782192811,-0.012763724098,-0.047200627969,-0.190782192811,0.012763724098,0.047200627969,0.275871315204,0.391264889118,-0.254773785202,-0.115665765326,0.421643266661,0.041714775903,0.248757472849,0.644086328142,1.398436081470,-0.001609229237,0.716600098885,1.386223448423,0.218003231287,0.662021282509,1.581946081374,0.036579557889,0.746011543032,1.477802137184,0.254764724437,0.795427057045,0.907203560207,-0.017550688124,0.874887434503,0.805535494037,0.576195687056,0.484165668488,-0.000360825099,-0.439822579835
29,1,0.216406233664,-0.013078113007,-0.056718687850,-0.216406233664,0.013078113007,0.056718687850,0.297502043470,0.441836250825,-0.280851960140,-0.131017767076,0.470354237102,0.080144114153,0.284414326688,0.739542816280,1.284956007270,0.001134013711,0.805114316429,1.454145244418,0.253214044564,0.759018656643,1.412228071739,0.047126721034,0.837613028887,1.546164157028,0.290792308683,0.915508553656,0.715404458567,-0.017679704011,0.984216108797,0.832016333168,0.577059805393,0.487170487642,-0.000376492739,-0.387898553598
30,1,0.203502987825,-0.012468817508,-0.062814651490,-0.203502987825,0.012468817508,0.062814651490,0.269627449601,0.418851587686,-0.227709973457,-0.122956940119,0.438023775340,0.074656085102,0.269470634185,0.709134959538,1.312857500452,0.002490757571,0.754154239192,1.514934264737,0.243860322599,0.733018273443,1.422669433537,0.046755005399,0.784169361833,1.618722892317,0.275046309540,0.879840528098,0.773216176192,-0.015703597231,0.921798539035,0.868358298668,0.577589318156,0.489423155785,-0.000376161188,-0.411452071082
31,1,0.246421973948,-0.014702564350,-0.076524777909,-0.246421973948,0.014702564350,0.076524777909,0.315770900307,0.508355133917,-0.265276124989,-0.148389207657,0.524044067043,0.151627342383,0.328356346101,0.876483561120,1.162954344598,0.005570421699,0.908155471616,1.699647508329,0.298399664349,0.908026937305,1.267445167644,0.061006741493,0.943491490326,1.776152186245,0.334007982116,1.083037141270,0.502160203841,-0.017800461321,1.109891656246,0.953379063673,0.577981635928,0.492747366428,-0.000388780609,-0.338519657485
32,1,0.268994279164,-0.015176514637,-0.085955158924,-0.268994279164,0.015176514637,0.085955158924,0.337206226476,0.560876522063,-0.261615526699,-0.163587368880,0.561700881584,0.225087894650,0.358612326463,0.955612057467,1.213623665010,0.005596007001,0.977085458005,1.839665701351,0.326485990290,0.988514612569,1.329044300131,0.067774012333,1.015492023433,1.940471141154,0.358121773816,1.192465702702,0.489896517709,-0.021034791591,1.197004397850,1.100291657675,0.578153774142,0.497734099627,-0.000396751799,-0.309534223328
33,1,0.254545765338,-0.013145050235,-0.086544563829,-0.254545765338,0.013145050235,0.086544563829,0.312359734857,0.517703279948,-0.164367394690,-0.155674164090,0.518083645807,0.302570559171,0.336648447182,0.895798431559,1.347356004827,0.004617588652,0.908023747664,2.131098034300,0.308994791633,0.930421571226,1.386963104240,0.066803030419,0.944959898321,2.262955159788,0.333493015162,1.121084790222,0.724108447052,-0.021110533114,1.118935887226,1.415552266520,0.578164443374,0.502613604069,-0.000393875875,-0.326883409728
34,1,0.246972244429,-0.011500718224,-0.108647335638,-0.246972244429,0.011500718224,0.108647335638,0.301325800040,0.498720783077,-0.046466281625,-0.151004749760,0.499970035795,0.427580454913,0.325177800944,0.869397499024,1.542472131332,0.004202068073,0.870581262439,2.370209494789,0.299988313760,0.908189291588,1.628537997275,0.065613158148,0.907177747343,2.513958339444,0.322666640143,1.084474638314,0.787018763848,-0.019452491430,1.075853767972,1.666930128088,0.578245207667,0.505916982889,-0.000378755853,-0.336752985846
35,1,0.239697550537,-0.010216377739,-0.118063937841,-0.239697550537,0.010216377739,0.118063937841,0.290034137285,0.485498847745,-0.112160750901,-0.146874879429,0.484576666768,0.423131813450,0.312301614597,0.842187157049,1.495470863407,0.004563866254,0.842668646724,2.376924045778,0.288204149442,0.876940658374,1.586136901460,0.065023097768,0.878912407658,2.521422936333,0.312773292005,1.053109416160,0.708330654790,-0.018855605662,1.043022921853,1.677958549163,0.578521117568,0.507045716047,-0.000369636342,-0.346246658652
36,1,0.237538836010,-0.009775276949,-0.117370459278,-0.237538836010,0.009775276949,0.117370459278,0.283952308510,0.478428451884,-0.015705294324,-0.145294612998,0.478250535884,0.381646600314,0.306073140707,0.831575785865,1.725205256178,0.005013926299,0.831565169126,2.364286889754,0.284438709277,0.868284360123,1.857221667641,0.065528996950,0.868345149516,2.515141677403,0.310293380136,1.042171992110,0.938404197755,-0.017996828371,1.031855775178,1.681322506062,0.578810125589,0.509365797043,-0.000369802117,-0.348081263524
37,1,0.256642461856,-0.011131685042,-0.143212572729,-0.256642461856,0.011131685042,0.143212572729,0.299306630639,0.520152058625,-0.086834200526,-0.157627962762,0.522381386150,0.388091394071,0.329662968581,0.902425262169,1.605057365497,0.006230582221,0.901618751578,2.429295958098,0.305469415447,0.938682203966,1.738772252092,0.073785595883,0.940622510192,2.583083893983,0.337246062747,1.133514321965,0.814742369220,-0.019312139424,1.119424533650,1.759159398436,0.579050987959,0.509325891733,-0.000377077609,-0.320892708126
38,1,0.251231068485,-0.011124343960,-0.141479634128,-0.251231068485,0.011124343960,0.141479634128,0.289636006835,0.508569824044,-0.121792248697,-0.156292083368,0.512333458144,0.398633362911,0.322581228501,0.888448856969,1.507058853020,0.006568370644,0.885712332640,2.334019100455,0.298656273326,0.923115455440,1.630225915723,0.073527015444,0.923668823614,2.476233625324,0.332195498288,1.116429787243,0.725020002070,-0.017829139035,1.101245035823,1.655256237522,0.579329997301,0.509162187576,-0.000384088606,-0.326368740097
39,1,0.247902206913,-0.011501094871,-0.138462724368,-0.247902206913,0.011501094871,0.138462724368,0.286783500977,0.504044707626,-0.100466467403,-0.154160010941,0.509642509609,0.377833722298,0.319207511535,0.884840162906,1.501074755012,0.006653405592,0.879373350213,2.268337646571,0.294121253239,0.923365307222,1.629213218796,0.073686089247,0.917219485129,2.406982573152,0.328396753991,1.105893274301,0.745876854553,-0.016762377407,1.093244304359,1.586218879115,0.579648286104,0.508524447680,-0.000377863646,-0.329444970566
40,1,0.249537382004,-0.011815401280,-0.132705398116,-0.249537382004,0.011815401280,0.132705398116,0.286757317645,0.507836255498,-0.144059903880,-0.155366658131,0.513979979842,0.337772690678,0.321174130073,0.892795108004,1.131313133346,0.006355690033,0.886449988918,1.877419874076,0.295619597636,0.932859357096,1.229549297167,0.074315753798,0.925282722824,1.982746044147,0.329232471410,1.113818457263,0.411166812921,-0.017502934635,1.102608151501,1.235781781004,0.579639315605,0.508108317852,-0.000392865390,-0.327035013032
41,1,0.243566772399,-0.011653494858,-0.127779842881,-0.243566772399,0.011653494858,0.127779842881,0.281222561925,0.495801065435,-0.132199109225,-0.152182421012,0.500724359685,0.347423423195,0.312689848612,0.874282027856,1.241164480281,0.005790937117,0.866616839616,1.900829343743,0.285191894422,0.915619242102,1.353337875461,0.072489869044,0.905756797295,2.021047231406,0.321665498271,1.090709038259,0.529074879888,-0.017298874640,1.078123762663,1.251999059237,0.579583764076,0.508009195328,-0.000397868454,-0.334555415558
42,1,0.236773370160,-0.011297757570,-0.123577314664,-0.236773370160,0.011297757570,0.123577314664,0.273923850006,0.482823398651,-0.136022653057,-0.148395771424,0.486935959525,0.330512771044,0.302603806241,0.850309048393,1.234410432997,0.004938972444,0.843455820107,1.908361502187,0.274626260846,0.889805923590,1.336582267996,0.069831820900,0.881589467161,2.030434544377,0.312193715891,1.061455514515,0.569296993701,-0.017261924023,1.050330283466,1.228693054858,0.579493433237,0.507852762938,-0.000395411626,-0.343926391280
43,1,0.229692483697,-0.010744785983,-0.119309611626,-0.229692483697,0.010744785983,0.119309611626,0.266097029958,0.469293558009,-0.094972541996,-0.144835300185,0.472279115144,0.327071921473,0.292190017147,0.826220613599,1.379911868041,0.003929932803,0.818779056391,1.982391431574,0.266004484598,0.865822104756,1.492100612570,0.067317435701,0.856579537304,2.105225421039,0.302719791097,1.031243142513,0.648154949727,-0.015029897426,1.019964240004,1.283435269039,0.579268410802,0.508480876684,-0.000394893810,-0.353588230258
44,1,0.232924972837,-0.009900424512,-0.137097520739,-0.232924972837,0.009900424512,0.137097520739,0.270397291762,0.476434856223,-0.093895292333,-0.146543108511,0.478798496116,0.359366578073,0.296092877086,0.839754504674,1.559767401129,0.004062799962,0.827630227262,2.412299633975,0.269433573724,0.879524118106,1.690434640007,0.069639058843,0.865889457190,2.572568713804,0.306775852272,1.047397439397,0.764334008599,-0.014822551124,1.031757882456,1.748004139283,0.579246401787,0.509512335062,-0.000374501571,-0.348578904479
45,1,0.235329985370,-0.009809464739,-0.148639178038,-0.235329985370,0.009809464739,0.148639178038,0.273976877288,0.481374005107,-0.111094197917,-0.148402911223,0.483681656584,0.393157974377,0.299692548973,0.847650930614,1.488433521556,0.004222261872,0.835949039446,2.312275823250,0.272710704676,0.887016617652,1.608037189700,0.072557528531,0.874707932288,2.453331257620,0.310289306696,1.057983823202,0.676712444220,-0.017482219953,1.040495419415,1.641273182908,0.579307898879,0.509749203920,-0.000376539305,-0.344586508787
46,1,0.236899961478,-0.009849248536,-0.147905662244,-0.236899961478,0.009849248536,0.147905662244,0.276024550345,0.489588807947,-0.112694189553,-0.149438627513,0.487768942200,0.364870056141,0.301673653212,0.852553822722,1.593709764179,0.005136785234,0.841487325675,2.274363407442,0.274307239222,0.890999618380,1.735166020360,0.073717621483,0.880079379201,2.415156802076,0.312390176076,1.063760978090,0.859482560650,-0.017573230969,1.047101510557,1.598657633001,0.579316973686,0.509846448898,-0.000377040356,-0.342326211859
47,1,0.222481954452,-0.008947986165,-0.136588707495,-0.222481954452,0.008947986165,0.136588707495,0.259444251265,0.460683037644,-0.114213980824,-0.139471043261,0.459176726153,0.288670776445,0.282149605070,0.795016328076,1.617141389591,0.005506951816,0.789702151180,2.118682270028,0.256677133891,0.828280462157,1.765155334761,0.069635463821,0.824741592599,2.254848163440,0.293087817936,0.993163008012,0.938934591258,-0.015925932552,0.983056333248,1.472193899198,0.579521939158,0.509306848049,-0.000368900597,-0.365388761191
48,1,0.223026462858,-0.008846388591,-0.133907454478,-0.223026462858,0.008846388591,0.133907454478,0.261558374905,0.465192547869,-0.229717555043,-0.138760221654,0.463802141269,0.258670307389,0.282213921946,0.787307379398,1.627118506729,0.006005344555,0.793192139946,2.110344827203,0.256937931762,0.817655075027,1.787747985878,0.068687823238,0.827754444413,2.248233230969,0.293248031480,0.984105372984,1.012343312347,-0.015368160562,0.986731388453,1.464908590045,0.579733684659,0.507948249578,-0.000358967111,-0.365411090560
49,1,0.216046784849,-0.009009723594,-0.118295859618,-0.216046784849,0.009009723594,0.118295859618,0.254960192800,0.453180148438,-0.239217663101,-0.133985214209,0.454277778938,0.133039972660,0.273163025558,0.737851683803,1.724001960219,0.004568739000,0.772145574521,1.901384888264,0.249064394065,0.763057572749,1.899893026134,0.059587092975,0.806155391207,2.033742555538,0.283348973468,0.924192728659,1.187982351747,-0.014616832093,0.958643333552,1.241304625927,0.579787507653,0.505763411522,-0.000353178009,-0.377677464812
50,1,0.204637465002,-0.008838975912,-0.083718353906,-0.204637465002,0.008838975912,0.083718353906,0.248085047457,0.437518980896,-0.255358649941,-0.126186843262,0.439153032716,0.012577403528,0.257740489058,0.675142205035,1.743240955255,0.003609128672,0.740528778173,1.632299473370,0.235225068593,0.695108471793,1.927141999389,0.052069416813,0.771122805629,1.753292360867,0.268233647388,0.855748703109,1.311063679004,-0.013206904887,0.916970670049,1.009669035435,0.579817995429,0.501923546195,-0.000339934602,-0.398980984806
51,1,0.221343183374,-0.010931627129,-0.047809563751,-0.221343183374,0.010931627129,0.047809563751,0.284880494122,0.467865253435,-0.352094231819,-0.135944387584,0.477465665744,-0.004133909844,0.266419041180,0.694175713298,1.417774990470,-0.002869548603,0.804782949734,1.150615813634,0.230324128637,0.707523969596,1.587930678122,0.043901299069,0.837735412022,1.226980105151,0.287211276079,0.880543536315,1.215914861963,-0.014802753343,0.994479634094,0.597429248051,0.579480633140,0.499151840806,-0.000373529270,-0.370588380157
52,1,0.163456504953,-0.009675648780,-0.031525466272,-0.163456504953,0.009675648780,0.031525466272,0.226008869721,0.332004535756,-0.253474473504,-0.099074262251,0.354105881480,0.016123868973,0.191011722740,0.492818868865,1.501482351706,-0.005042523401,0.598403008907,1.101283430995,0.159050067621,0.503526583696,1.662732091375,0.029795794171,0.622672166219,1.179733336893,0.210128943464,0.626650999553,1.250099198276,-0.009597445837,0.737816571712,0.620514731261,0.579010933638,0.495729625225,-0.000349001493,-0.504181441256
53,1,0.186845617940,-0.012282968392,-0.034536629925,-0.186845617940,0.012282968392,0.034536629925,0.274477475257,0.376456174411,-0.441702504232,-0.111882311448,0.409575831784,0.033780040449,0.214551042708,0.542318714577,1.540904306549,-0.006987071213,0.686580027410,1.164045596591,0.170608369340,0.547431558488,1.698642537739,0.033061835145,0.715341523543,1.243290640762,0.238573470729,0.695440720457,1.307558012340,-0.011256430428,0.846242840687,0.656340196189,0.578636541963,0.492784246802,-0.000346295536,-0.442997388677
54,1,0.201558252468,-0.014934361229,-0.034901047741,-0.201558252468,0.014934361229,0.034901047741,0.304264722743,0.397229537686,-0.470092361580,-0.121075019342,0.448807186746,0.047535295151,0.230611443950,0.566799490321,1.420016913069,-0.008553741236,0.748491484943,1.007649981600,0.183376998400,0.567084864659,1.610531489788,0.033936934797,0.782710646567,1.070301949419,0.256137975890,0.732310673148,1.276221241293,-0.012669817451,0.920584221977,0.514367233212,0.578394338489,0.488746568561,-0.000348208472,-0.411881321572
55,1,0.236732786959,-0.018572102890,-0.032895451313,-0.236732786959,0.018572102890,0.032895451313,0.370391294791,0.451252956398,-0.611814046352,-0.145758471990,0.527744005275,0.066150712760,0.273102764115,0.634303834951,1.480565143547,-0.011502426714,0.881516099689,1.105206966700,0.213087618224,0.630222860489,1.696686862129,0.037343131304,0.921862727423,1.172323914437,0.304289771820,0.829482322644,1.416594651469,-0.016153547259,1.082692280708,0.539156102322,0.577863723040,0.486251205206,-0.000345141627,-0.352518184040
56,1,0.249588262241,-0.021758149970,-0.016846695412,-0.249588262241,0.021758149970,0.016846695412,0.399725298782,0.453908772233,-0.622421321122,-0.153095527624,0.562936478575,0.099810358024,0.288402659495,0.635034866729,1.460769320401,-0.013229537667,0.934750443934,1.118491755094,0.223734238916,0.632138257984,1.680411284289,0.038134846552,0.977125230189,1.183549683456,0.329951518663,0.850289270662,1.473126419274,-0.019857389306,1.151087189064,0.612240742197,0.577539458871,0.483462750912,-0.000332560157,-0.335432017268
57,1,0.242840090455,-0.021802348959,-0.013829385162,-0.242840090455,0.021802348959,0.013829385162,0.396246780006,0.433277487866,-0.593063645434,-0.149226326946,0.551995018447,0.112954336346,0.284624888763,0.579525663794,1.317675831747,-0.012885341793,0.919794898599,0.958943407940,0.218352456822,0.573723092839,1.517930944990,0.036826798265,0.961798893243,1.007011575472,0.320251548219,0.815116988393,1.360367384325,-0.019991517755,1.130013340371,0.437828256411,0.577406018972,0.479631096125,-0.000318864128,-0.345070977558
58,1,0.249325856321,-0.024169700511,-0.013927901558,-0.249325856321,0.024169700511,0.013927901558,0.413985913492,0.418940943656,-0.692297979075,-0.152917069158,0.571111438507,0.129643290226,0.293729298449,0.572880275330,1.230388111646,-0.012566418164,0.950240345430,0.971193415259,0.224222804957,0.572546258233,1.436087771568,0.037776908148,0.993113319093,1.021827676845,0.329825129043,0.817793347395,1.276512255968,-0.017211986098,1.165852459115,0.441205970234,0.577377617359,0.477764964104,-0.000311006326,-0.336195817023
59,1,0.252318188248,-0.024503441286,-0.008493392002,-0.252318188248,0.024503441286,0.008493392002,0.426230602508,0.410903658029,-0.699635749411,-0.156190148396,0.579896718723,0.150061312759,0.296364188963,0.545531922588,1.133347580097,-0.008981053723,0.966144635164,0.881479027545,0.226496560045,0.544743333511,1.329244336627,0.042624890007,1.010213238751,0.919434271902,0.335042545826,0.798623451945,1.161925413232,-0.016911970853,1.183566859794,0.332046181178,0.577391147614,0.476418152452,-0.000295980368,-0.332266862312
60,1,0.264276756466,-0.025647623930,-0.007072810479,-0.264276756466,0.025647623930,0.007072810479,0.452511869724,0.411873346886,-0.906651266618,-0.165011402460,0.606925216739,0.157004827090,0.310879095807,0.556900031342,1.154926075460,-0.005547210837,1.015199896731,0.955354064663,0.237910394990,0.553882658295,1.377104991439,0.047050417078,1.060441515255,1.003585435969,0.350552412509,0.815343979672,1.194252072025,-0.016193225960,1.242198267139,0.368162493960,0.577393516898,0.475549355149,-0.000293553399,-0.317226599225
61,1,0.267642355635,-0.025369138465,-0.001981833302,-0.267642355635,0.025369138465,0.001981833302,0.461048259372,0.408467087205,-0.929527376606,-0.168161787955,0.610445322466,0.159106491536,0.315721284024,0.563259440425,1.065811519187,-0.003622422814,1.028740201088,0.896410826855,0.241492824443,0.559472223634,1.281323507428,0.049228870659,1.073333146943,0.936270132308,0.353151876387,0.820752694445,1.096834461194,-0.015964844735,1.257385755548,0.291575873490,0.577389836311,0.475732535124,-0.000285774295,-0.313225174514
62,1,0.267018618621,-0.025093352230,0.002380296862,-0.267018618621,0.025093352230,-0.002380296862,0.469903836796,0.408592029103,-0.866488864025,-0.167975419662,0.609835040892,0.177798719527,0.315112022654,0.564295146257,1.084642976144,0.000484610395,1.028944416343,0.896688866295,0.241204000156,0.558780993964,1.294156741636,0.053562361469,1.072147660935,0.934352417802,0.354302514674,0.826826941048,1.110670181340,-0.014034142338,1.255325453009,0.308305336211,0.577394366264,0.475546792150,-0.000285634640,-0.313883183320
63,1,0.267097812170,-0.024910688350,0.004825830164,-0.267097812170,0.024910688350,-0.004825830164,0.474835577849,0.402747028773,-0.850799736612,-0.168006458266,0.608680680658,0.173437489518,0.318898298853,0.577550929899,1.021206118158,0.001764924908,1.029912085545,0.831515855645,0.241841454097,0.571473184988,1.221183249418,0.053810805269,1.072969128057,0.864925212011,0.354601511331,0.837415708807,1.039320883702,-0.013596548279,1.255601876013,0.249963336748,0.577417656779,0.475480005145,-0.000284909562,-0.313697563867
64,1,0.265784626924,-0.024508492612,0.004365722418,-0.265784626924,0.024508492612,-0.004365722418,0.473854003160,0.404805055511,-0.862409224764,-0.166994868837,0.604382685255,0.159393391102,0.320203509825,0.585941655809,1.042339064697,0.004714792239,1.024397116740,0.836873471350,0.240927149370,0.583460216043,1.246499412790,0.056933482849,1.066995953333,0.873602294298,0.352524106894,0.845904828443,1.047378562200,-0.012828739385,1.248630995579,0.250855953357,0.577473104000,0.475682765245,-0.000284648850,-0.315457103008
65,1,0.264942222481,-0.024235394441,0.004174679207,-0.264942222481,0.024235394441,-0.004174679207,0.472506658935,0.409436836033,-0.771660466014,-0.166542106458,0.601456052726,0.162555978149,0.327855665830,0.593394550214,1.109894794616,0.004756678137,1.020122624680,0.891949241293,0.247137454681,0.591010915330,1.314158878718,0.056849051785,1.062988698803,0.933540836174,0.351645788086,0.849549719893,1.084398054557,-0.012655399043,1.243048692619,0.311756547692,0.577497169375,0.475921109319,-0.000286965573,-0.316548143840
66,1,0.265123947666,-0.024135287962,0.003745115035,-0.265123947666,0.024135287962,-0.003745115035,0.474362656569,0.410937221273,-0.697267776787,-0.165970297209,0.602734309216,0.155953430340,0.333822153681,0.616131829871,1.173882190860,0.006421598541,1.021788781918,0.925229349879,0.253256782629,0.601649808206,1.372257308457,0.058006042834,1.064484618957,0.971463255921,0.355064338540,0.863697434538,1.180315532346,-0.014149399225,1.244848323403,0.343738074409,0.577657774091,0.476099491119,-0.000286406022,-0.315967527549
67,1,0.265200900860,-0.023691026001,0.003460653394,-0.265200900860,0.023691026001,-0.003460653394,0.473680231492,0.433604504550,-0.625208835166,-0.165400372379,0.602783421749,0.154218974252,0.333885111336,0.674441145386,1.183553474586,0.005558426135,1.021466113076,0.929773966275,0.253168918262,0.667317846391,1.378150749865,0.053771831586,1.064329874187,0.975644732430,0.358544005588,0.893920531243,1.169846614802,-0.014065175762,1.243934295714,0.360810718861,0.577674478292,0.476371794939,-0.000289841468,-0.315892194198
68,1,0.259113240387,-0.022289569482,0.001063352736,-0.259113240387,0.022289569482,-0.001063352736,0.458914852709,0.457029059474,-0.626161433208,-0.160085287095,0.589555884603,0.129417316217,0.325963344181,0.707578818374,1.259825723562,0.003888740512,0.995034863350,0.953403341902,0.250962561112,0.712073407380,1.461184139941,0.050129772181,1.036693624686,1.008057175803,0.351581304185,0.910957865658,1.206661274882,-0.011408519487,1.211924571504,0.405152730262,0.577668011189,0.477162748575,-0.000301175030,-0.323578714461
69,1,0.256657665408,-0.020910459557,-0.006178014712,-0.256657665408,0.020910459557,0.006178014712,0.443642137056,0.491177657032,-0.662171273724,-0.156836401094,0.582754222478,0.075840676773,0.322766777793,0.724328303310,1.543033912821,0.003316833402,0.980431620891,1.187779325531,0.249093263142,0.726972726153,1.780656538321,0.046420396967,1.021171194788,1.273395774333,0.348621604248,0.940179978837,1.491886493783,-0.008941086646,1.195319284588,0.640888047974,0.577968105674,0.478638693690,-0.000324833731,-0.326894076518
70,1,0.267702295922,-0.020423202217,-0.010433459464,-0.267702295922,0.020423202217,0.010433459464,0.438772447929,0.521613193280,-0.641666068414,-0.163280430228,0.604329073029,0.073647057943,0.336947045254,0.792330183066,1.402421997299,0.001773737973,1.015011894020,1.085389137997,0.262198322873,0.794601244521,1.590054642112,0.047344026284,1.057384824399,1.150152224656,0.363155227538,1.020797444467,1.242705726620,-0.009262917232,1.239895650497,0.538015985738,0.577950373292,0.480674475431,-0.000341417268,-0.313499874761
71,1,0.262221988263,-0.018530641761,-0.018454260563,-0.262221988263,0.018530641761,0.018454260563,0.408321201441,0.530321694876,-0.530847691152,-0.161209467504,0.584718368291,0.054831696243,0.332761314456,0.822700624474,1.456672819796,-0.002001322722,0.985532432401,1.281370175062,0.270962517852,0.838744922543,1.641906961595,0.046225641804,1.024187695542,1.367715270529,0.355577650864,1.038260801332,1.196908721282,-0.009826482923,1.205251262409,0.661248955008,0.577891483903,0.482959747314,-0.000374289230,-0.319977080764
72,1,0.226340839761,-0.015648583887,-0.022091059513,-0.226340839761,0.015648583887,0.022091059513,0.339206398301,0.462536189183,-0.398066575061,-0.139497995998,0.499101698656,0.021043557253,0.287421663894,0.732137747789,1.506102184444,-0.002036389324,0.841448460261,1.424782668285,0.237510846713,0.753405872032,1.680047923822,0.043661330569,0.874746354714,1.528752105530,0.307766660357,0.927824915426,1.119409988649,-0.008844376284,1.030494736716,0.817318111572,0.577836319804,0.486491695046,-0.000381855061,-0.370621130401
73,1,0.237359897062,-0.015648871956,-0.025803184240,-0.237359897062,0.015648871956,0.025803184240,0.341290412154,0.488944277399,-0.333853407694,-0.146389682326,0.514669661609,0.002290509740,0.301615653144,0.783502525001,1.458767672348,-0.001854050584,0.871521039240,1.434377083074,0.251466693638,0.810629857276,1.631006837187,0.048960619126,0.906358832777,1.534569379328,0.323568735773,0.981660772015,0.979018986414,-0.012521274136,1.069559490476,0.794833988992,0.577871888876,0.490649580956,-0.000391113106,-0.353262011759
74,1,0.196583350495,-0.012025714941,-0.035359843016,-0.196583350495,0.012025714941,0.035359843016,0.271880014474,0.403033506116,-0.159526400656,-0.121337653007,0.416394277463,0.047280057232,0.247184267467,0.665739831783,1.581015846285,-0.001308419598,0.712193027167,1.717479361188,0.208875503432,0.691957722071,1.730979259171,0.042562893030,0.740326810091,1.841119455159,0.265294151018,0.833126094323,1.009344217554,-0.009685800672,0.875080675362,1.088246358803,0.577845901251,0.495431423187,-0.000366409309,-0.426277980079
75,1,0.205279284852,-0.009715110509,-0.045048275365,-0.205279284852,0.009715110509,0.045048275365,0.272161229498,0.431781004213,-0.081207684517,-0.126401134364,0.428400564255,0.113674693706,0.258756482645,0.709554179179,1.669505621145,-0.001027974747,0.732981625003,1.920692657599,0.219588707952,0.733621870918,1.819066628240,0.046410593143,0.761176856443,2.058143369370,0.275194723411,0.889165376767,1.090844712690,-0.009605223553,0.902038120194,1.321080140119,0.578057020903,0.500649079680,-0.000359330326,-0.407762608423
76,1,0.214500804694,-0.009737112267,-0.068381041781,-0.214500804694,0.009737112267,0.068381041781,0.268480737050,0.438693661877,-0.115884003545,-0.132589615060,0.436212624746,0.201584128517,0.268678236343,0.735998527137,1.628974829587,-0.001154064892,0.751077361379,2.096081735608,0.230938763999,0.762415164936,1.776605627245,0.051835774336,0.781137273060,2.240939142193,0.280460680612,0.928499697742,1.059414592690,-0.015056457099,0.929187203014,1.496862924533,0.578057557344,0.505762070417,-0.000356456265,-0.390223198499
77,1,0.219095554869,-0.008980025923,-0.081298981253,-0.219095554869,0.008980025923,0.081298981253,0.266054067899,0.449832981197,-0.080638732067,-0.135186574062,0.448083011395,0.267083643073,0.274221557598,0.759197629319,1.706153216088,-0.000596154295,0.765749972704,2.301344597830,0.237794830225,0.783544328436,1.853850667381,0.054223623258,0.795761603096,2.459484030613,0.284637121499,0.957848354989,1.078693923104,-0.014528227412,0.948454479576,1.685244086058,0.578409448266,0.506689459085,-0.000344169326,-0.381306007382
78,1,0.218869144605,-0.008028453435,-0.087672156931,-0.218869144605,0.008028453435,0.087672156931,0.261453016361,0.448584679754,-0.062996135261,-0.133712086110,0.447967462983,0.303656327741,0.273461402328,0.771056715609,1.682074380469,0.001504112331,0.765727721319,2.222211178993,0.239747743234,0.804997981244,1.777984807021,0.057686237490,0.796870769984,2.368151675963,0.286203676005,0.971666622398,0.839352795276,-0.011548733889,0.949336668702,1.619898118812,0.579586878419,0.507827132940,-0.000338962302,-0.379327094886
79,1,0.216937504480,-0.008928683133,-0.100470156635,-0.216937504480,0.008928683133,0.100470156635,0.255892595177,0.444355632018,-0.027726194052,-0.133644561824,0.442894834778,0.368051486875,0.271857022163,0.771842299094,1.641256142441,0.002630409317,0.760823777051,2.201940326137,0.240568916982,0.807408689050,1.736282134361,0.059860944062,0.792331174675,2.338215454421,0.283074879543,0.968718512899,0.787091020288,-0.011391892766,0.944629344119,1.573225513811,0.580399632454,0.509674310684,-0.000342309475,-0.379303001456
80,1,0.211235681583,-0.009421284118,-0.103573706609,-0.211235681583,0.009421284118,0.103573706609,0.246493231821,0.432252526836,-0.050093444986,-0.131594220789,0.434299790197,0.383919724097,0.264650910309,0.760444781615,1.552837480001,0.001333328672,0.746686042435,2.218973221125,0.234831977135,0.796305602615,1.623446696888,0.059743515875,0.778389695299,2.355883283350,0.276035293030,0.948226152279,0.702523175262,-0.012247360775,0.927356378279,1.582714348769,0.581316873431,0.509854286909,-0.000339040533,-0.386317679857
81,1,0.210937015608,-0.010036551042,-0.111364326325,-0.210937015608,0.010036551042,0.111364326325,0.244250723792,0.432043372713,-0.080545069355,-0.136778749714,0.437102611371,0.353730755511,0.265063181383,0.771441330343,1.209534172169,-0.001536564165,0.751374906609,2.116860595764,0.234936211139,0.809821654433,1.289631588206,0.060340836697,0.784054404477,2.248581737580,0.276612844708,0.961937235701,0.446331441177,-0.013325405618,0.933413690781,1.539390786200,0.582285493612,0.509838908911,-0.000355590135,-0.383777369425
82,1,0.208742790778,-0.010334932930,-0.110864684234,-0.208742790778,0.010334932930,0.110864684234,0.236301048310,0.427320824063,-0.089413052398,-0.138127721273,0.434131470733,0.332088469885,0.259207601716,0.765145539881,1.181563766582,-0.001416635424,0.745580252852,2.021233080884,0.231153652513,0.806781948373,1.269061882122,0.060843960857,0.779088732901,2.148719041774,0.273582737042,0.949863510381,0.420537596732,-0.018177411873,0.924850382727,1.515337975523,0.582751035690,0.509248733521,-0.000362606719,-0.387550934931
83,1,0.203862869731,-0.009558862723,-0.111407263870,-0.203862869731,0.009558862723,0.111407263870,0.229326893832,0.419823211738,-0.091977767831,-0.132658978410,0.423983906759,0.312931704004,0.250682475597,0.745170493123,1.225891176610,-0.001730870150,0.727432658952,2.090561155084,0.224735489549,0.781477850014,1.304163819999,0.060683308944,0.760654554928,2.227605680222,0.266656631539,0.932444111742,0.551732531180,-0.015406658763,0.902763836606,1.503966521066,0.583775728941,0.509128659964,-0.000355679542,-0.396963655963
84,1,0.202517210653,-0.009609566935,-0.110217214966,-0.202517210653,0.009609566935,0.110217214966,0.229114121867,0.417538027723,-0.121164216830,-0.132884061329,0.420493588502,0.319333751363,0.245702025683,0.741635955884,1.117086201944,-0.005181676076,0.724422087799,1.983666014711,0.218785039466,0.778654604754,1.204444801793,0.054761570249,0.758918811444,2.086153926060,0.263047895775,0.925665718001,0.402497255747,-0.016459634897,0.899389404422,1.313584404784,0.584067702293,0.508788764477,-0.000352334231,-0.399164430162
85,1,0.195882990130,-0.009498863677,-0.096374027734,-0.195882990130,0.009498863677,0.096374027734,0.222465615918,0.404349040744,-0.060842028253,-0.127579448478,0.407380774408,0.294885477260,0.236267396624,0.718411182790,1.279748320487,-0.004064303677,0.701812885397,1.899624184705,0.210412389807,0.754055479408,1.379853197508,0.053897061816,0.735601027396,2.009227636350,0.255110480559,0.898547064706,0.557906113277,-0.015359777031,0.870882513085,1.271051723748,0.584958642721,0.508663535118,-0.000359067693,-0.412413085014
86,1,0.194606502016,-0.009113046050,-0.094645127794,-0.194606502016,0.009113046050,0.094645127794,0.221879430072,0.398808549899,-0.063946669294,-0.123929757594,0.401898971926,0.288875242535,0.232077138564,0.708348931805,1.260653288721,-0.003533723189,0.692639963573,1.863554130267,0.209195386475,0.742014020304,1.360615705270,0.053852966417,0.726020398559,1.973804127136,0.248887090133,0.886323230338,0.561989061908,-0.015112435961,0.859268745700,1.252516217931,0.586533069611,0.508520185947,-0.000359773636,-0.418159168035
87,1,0.231924511870,-0.010857852641,-0.110299384426,-0.231924511870,0.010857852641,0.110299384426,0.267030057823,0.475000700523,-0.138012431879,-0.145161834959,0.478292750948,0.299121936476,0.279625183831,0.844066868297,1.193042492624,-0.004501067297,0.823988715790,1.910575620743,0.255289461890,0.882835218553,1.292838405301,0.063495837720,0.863692253729,2.022511943692,0.289036028823,1.052968208287,0.466302027470,-0.015583524263,1.022067533205,1.268352128141,0.588867962360,0.508313089609,-0.000372670591,-0.351756166894
88,1,0.212954548858,-0.009815624618,-0.100818094622,-0.212954548858,0.009815624618,0.100818094622,0.249334170793,0.438848401206,-0.047704509908,-0.129994536320,0.439766755965,0.274048600732,0.259345044742,0.780709491308,1.210739937845,0.000627731253,0.755295726731,1.898111635340,0.236302519646,0.817387341851,1.288386623219,0.061860125155,0.791686290699,2.020799454374,0.269160979773,0.965596793732,0.488154294166,-0.011394071112,0.936167535775,1.269838945682,0.591211825609,0.508216708899,-0.000370951369,-0.384035340974
89,1,0.199393365185,-0.009316889104,-0.094351777327,-0.199393365185,0.009316889104,0.094351777327,0.234121975184,0.413408166160,-0.045203414976,-0.120585834492,0.413992971051,0.290696398233,0.244103574513,0.733948965343,1.280262311748,0.004506369010,0.710476937336,2.001743417785,0.218659526620,0.769054918253,1.373873564557,0.060482135998,0.745220068944,2.128386733436,0.258453259191,0.907468618147,0.460930372846,-0.008784186869,0.880600722857,1.339315638192,0.593771278858,0.508140563965,-0.000369871035,-0.408402554851
90,1,0.189544544371,-0.008866902443,-0.086135928995,-0.189544544371,0.008866902443,0.086135928995,0.223612938482,0.393840184126,-0.085247605250,-0.114068677304,0.393534895686,0.226085546054,0.234309430403,0.697484210924,1.205870651050,0.005720566625,0.674769783997,1.861651632207,0.211429719485,0.729815914414,1.296777812722,0.058867830572,0.707259933569,1.973989904240,0.244094684678,0.860160540697,0.466878021681,-0.006263455118,0.835364626795,1.257459976976,0.596485882998,0.507374584675,-0.000365478918,-0.431481339000
91,1,0.251611401989,-0.011200561208,-0.093963189781,-0.251611401989,0.011200561208,0.093963189781,0.296830463780,0.523261567353,-0.203869033845,-0.151495223903,0.522474937365,0.220131250846,0.308943486510,0.924102311143,0.891237190091,0.010167206307,0.898575152981,1.461122267426,0.281380253403,0.966594779152,0.966318928262,0.079453743877,0.939860516149,1.530733534488,0.322196948972,1.140316918295,0.172627948901,-0.011645543947,1.108692600426,0.774948824907,0.599407643080,0.506700187922,-0.000388041139,-0.325896013657
92,1,0.242645317176,-0.010900309305,-0.090957278025,-0.242645317176,0.010900309305,0.090957278025,0.288119112203,0.502200020994,-0.239577177018,-0.147968063974,0.501665506181,0.223267566613,0.293621418925,0.879145696830,1.074457295867,0.008939251016,0.861093705758,1.579177649026,0.264843134376,0.919547395809,1.144002695074,0.075243671281,0.899603004560,1.730382126441,0.306397973557,1.086204689440,0.190063094663,-0.012032026772,1.064421103661,1.154896858512,0.600596249104,0.506698310375,-0.000389155932,-0.339441553956
93,1,0.235983209130,-0.010598919312,-0.088208433077,-0.235983209130,0.010598919312,0.088208433077,0.282899007457,0.488055909053,-0.241667959229,-0.143070519435,0.487733847866,0.204640832466,0.283938239342,0.832933432921,1.414390419667,0.005536397358,0.833830322978,1.742979105913,0.256619531429,0.869646701500,1.558782977234,0.068764500934,0.872036474017,1.928402719519,0.300610239320,1.035701756716,0.748457574010,-0.019004426147,1.034719359158,1.277592498400,0.601904064417,0.506643861532,-0.000387372449,-0.349231665411
94,1,0.257269813930,-0.011945389934,-0.081059544920,-0.257269813930,0.011945389934,0.081059544920,0.312839961322,0.524856405313,-0.283953785322,-0.158024136988,0.530795996133,0.187662746554,0.312380408800,0.880646766567,1.178094548740,0.001484665232,0.909274601193,1.528271990160,0.283731930576,0.915205822986,1.299537393634,0.065081080620,0.950799662989,1.621523305656,0.330008088495,1.104055872813,0.654664039497,-0.019743834442,1.129623805514,0.922761420441,0.603413522243,0.505870401859,-0.000387294218,-0.320492370274
95,1,0.251601140795,-0.012134166363,-0.077978010611,-0.251601140795,0.012134166363,0.077978010611,0.315259454205,0.511686301154,-0.445566510824,-0.150339729537,0.521365658071,0.088915529940,0.307677221739,0.818247650938,1.245976629689,0.002085240927,0.889251614904,1.560175366002,0.276104604006,0.844768591777,1.456152532242,0.060688248887,0.926753657442,1.665698517320,0.324879030647,1.028848003932,0.925025874725,-0.015926734018,1.103849911874,0.917558123229,0.605113595724,0.504928737879,-0.000390544534,-0.328530854975
96,1,0.255595053289,-0.014172756439,-0.061212834870,-0.255595053289,0.014172756439,0.061212834870,0.328943358947,0.511714378948,-0.420207034469,-0.152565640817,0.536325687688,0.065947532317,0.306073030150,0.810227225678,1.295240367755,-0.003140138697,0.909956579893,1.254384034520,0.267438259862,0.833005412965,1.474879125967,0.050556562761,0.947362918836,1.327470570360,0.331259811164,1.012375806739,0.936012127805,-0.017057719941,1.126250989358,0.603808186735,0.606019437313,0.500889360905,-0.000395303592,-0.325381430304
97,1,0.214463265943,-0.013406496184,-0.048116251945,-0.214463265943,0.013406496184,0.048116251945,0.288442727192,0.431496270872,-0.458120670359,-0.126457427404,0.455202671131,0.031138735432,0.251120043655,0.645911218504,1.475061660282,-0.008251727607,0.766844915044,1.286049299662,0.215268774986,0.655019067055,1.672237674626,0.035219002174,0.798129797596,1.374476241448,0.276160472701,0.823030852782,1.213271679924,-0.013091815544,0.947717934000,0.706953970668,0.606606245041,0.497950851917,-0.000379973091,-0.389812220340
98,1,0.220377958907,-0.015257919074,-0.033545462522,-0.220377958907,0.015257919074,0.033545462522,0.314787593949,0.426504186695,-0.419529079920,-0.129436867769,0.475087459780,0.047459326709,0.256036213433,0.637936990535,1.371347251140,-0.011210409732,0.797263923376,1.000199187325,0.209727595710,0.645496247819,1.597041696000,0.033590336163,0.829366834227,1.057767960136,0.284215586635,0.819961280016,1.057952057122,-0.012091098380,0.982769447703,0.469432103174,0.607031375170,0.493569418788,-0.000363538042,-0.380426963692
99,1,0.250791981297,-0.019585584954,-0.029545511647,-0.250791981297,0.019585584954,0.029545511647,0.370441379908,0.473405695671,-0.447429267413,-0.151494424330,0.549539745093,0.109395435182,0.292411565863,0.699317765098,1.139905512033,-0.012501297335,0.918358176364,0.890178054985,0.238026573924,0.704705503285,1.304765076960,0.037873983636,0.961041130308,0.923374723570,0.324103793309,0.904881190985,1.173163832945,-0.015044322551,1.126752989790,0.339511977853,0.607570618391,0.489383682609,-0.000344041735,-0.335474959199
100,1,0.259262119498,-0.021297779248,-0.024910630358,-0.259262119498,0.021297779248,0.024910630358,0.403943909584,0.473567366961,-0.572457635536,-0.159892501637,0.574888618288,0.163527405951,0.303177076696,0.693121096769,1.142357999859,-0.010822236935,0.956509220991,0.963417434745,0.247230799948,0.690783677421,1.321677484709,0.040845240444,1.002908990814,1.004105120015,0.335579428821,0.902581591298,1.113463607729,-0.023182765320,1.171874418368,0.411875408031,0.608050912619,0.486423105001,-0.000325665111,-0.325535465323
101,1,0.260699769087,-0.021951456154,-0.011247730642,-0.260699769087,0.021951456154,0.011247730642,0.423630481754,0.461814610627,-0.528229099343,-0.161395142357,0.582086884020,0.178264276102,0.311098950162,0.643303923930,1.215923763867,-0.006392003350,0.970622490648,0.953671966349,0.253946422625,0.632254364168,1.392225826695,0.045400877190,1.017133877281,0.995573240094,0.342632159094,0.876098258598,1.198364879175,-0.019952208156,1.187312139776,0.413755800346,0.609829962254,0.483191996813,-0.000317918719,-0.324132723171
102,1,0.267494434724,-0.025921831085,-0.004138005836,-0.267494434724,0.025921831085,0.004138005836,0.441034139461,0.434178462781,-0.726967112594,-0.168670488028,0.610231226560,0.181471828590,0.319461941619,0.622096022108,0.977247575316,-0.005843210736,1.008671256685,0.855048431212,0.255522275689,0.622575579020,1.158837469713,0.044009423805,1.055456874257,0.887342332389,0.350276204412,0.874139532434,0.972951623125,-0.019865070604,1.230978659665,0.266961936436,0.609965801239,0.478600516915,-0.000299233536,-0.316445080237
103,1,0.269874990498,-0.026115733028,0.003180978609,-0.269874990498,0.026115733028,-0.003180978609,0.463284192151,0.418436005792,-0.834260910993,-0.166712911277,0.619250187101,0.186110133929,0.327740147296,0.601989992486,1.017400165057,-0.001070213334,1.025788368002,0.929124352692,0.254275629623,0.592876009953,1.215406133286,0.050535435460,1.072496216951,0.970323750660,0.358840050772,0.861774454629,0.989669335124,-0.022183366718,1.250795284486,0.327438779622,0.611218154430,0.477523103356,-0.000291779463,-0.312444301226
104,1,0.270759651521,-0.027606312833,0.003965930116,-0.270759651521,0.027606312833,-0.003965930116,0.469311009115,0.409803401297,-0.899829506198,-0.170491919615,0.622239092441,0.189095113095,0.330201349354,0.571933908464,0.993565879646,0.000392008616,1.039708232298,0.845298327226,0.252776915342,0.558714522766,1.198864693939,0.054610759661,1.086149509384,0.875507820779,0.360313056459,0.831884418509,0.996508964145,-0.021388484797,1.266468296010,0.228265931768,0.611472517252,0.474813655019,-0.000285522605,-0.310864841071
105,1,0.273206485253,-0.028622746476,0.006807653181,-0.273206485253,0.028622746476,-0.006807653181,0.480346457864,0.402774606334,-1.086612840921,-0.172114965296,0.630480106474,0.192705768180,0.333972347603,0.559515254866,0.828118679807,0.001818342608,1.055878914086,0.872067076354,0.256009951916,0.543287987724,1.037753873666,0.056779648587,1.102066656454,0.905747817602,0.365329968525,0.823640680487,0.838124358181,-0.020149173075,1.284830281566,0.230608151345,0.611865252256,0.473147705197,-0.000277231680,-0.307719018673
106,1,0.266107556710,-0.028636463677,0.007062962566,-0.266107556710,0.028636463677,-0.007062962566,0.472249524066,0.384600438169,-1.078718638169,-0.166430524983,0.614197583490,0.190183569117,0.328327454535,0.531318584421,0.830925029324,0.010381210675,1.034286160073,0.872285808777,0.252215354732,0.513329910539,1.039015602530,0.064677440353,1.077931524953,0.907396573343,0.360250150438,0.790699169598,0.823223518328,-0.016758861848,1.257901714628,0.234962758624,0.612885355949,0.472276493907,-0.000273210579,-0.314983571263
107,1,0.271675958070,-0.029564674937,0.007796198544,-0.271675958070,0.029564674937,-0.007796198544,0.482353251571,0.394359156780,-1.126078226102,-0.169281887830,0.627048249264,0.184906043984,0.337029882353,0.545192288538,0.896857239823,0.012588786933,1.057733368262,0.915655719317,0.259385484539,0.529965645774,1.114357280704,0.067739561785,1.102043973291,0.957159549879,0.370593377424,0.813144015892,0.870968622867,-0.017398136275,1.285921571521,0.274886333954,0.613352984190,0.471904739738,-0.000271761091,-0.308399717966
108,1,0.269929855120,-0.029371968704,0.007319413426,-0.269929855120,0.029371968704,-0.007319413426,0.483690463294,0.387986558019,-1.194853671451,-0.165158862946,0.623397854243,0.184126193042,0.340212216589,0.544159938907,0.818520203330,0.018296902318,1.053615494687,0.915991892711,0.262509588549,0.528185598887,1.036870506396,0.073016604791,1.097053712869,0.955577650297,0.371261799900,0.810144565664,0.791500484534,-0.013056485807,1.280816651072,0.249959719388,0.614699274302,0.471812963486,-0.000271432917,-0.309692037696
109,1,0.262134834379,-0.028400602882,0.006701256971,-0.262134834379,0.028400602882,-0.006701256971,0.469409932627,0.379911517720,-1.101521461831,-0.160676744200,0.604822674988,0.173013484155,0.330758340232,0.545336463994,0.840918904794,0.017995074890,1.023620898963,0.891033148053,0.255902924255,0.528040923538,1.048923151847,0.070340578888,1.065044585299,0.929924852317,0.360972753316,0.790168284259,0.796731366131,-0.015397791726,1.243580196963,0.246611947550,0.614838004112,0.471553072333,-0.000274611986,-0.319011873126
110,1,0.263114198973,-0.027665909817,0.008069905680,-0.263114198973,0.027665909817,-0.008069905680,0.471628987446,0.382881911667,-1.093940764002,-0.160266846423,0.603341544086,0.171308110254,0.334218779001,0.561088579073,0.809243704400,0.020994607768,1.023074739958,0.833006560924,0.259146002174,0.546543878830,0.998966809646,0.073531934453,1.064798898478,0.865345011265,0.363813543657,0.804747144738,0.755524688532,-0.012631582581,1.242753771059,0.204664200218,0.615827858448,0.471677228808,-0.000278554857,-0.319097347668
111,1,0.257982796193,-0.026934170375,0.011328730107,-0.257982796193,0.026934170375,-0.011328730107,0.462352918365,0.378162549146,-0.766831641576,-0.155998981346,0.589185119621,0.154719233471,0.327746211447,0.564524967841,0.939317727838,0.022386270149,0.999231455716,0.825765084789,0.251916920415,0.558535974702,1.117936275224,0.072484531043,1.039546081346,0.861944666307,0.357558230447,0.797258391752,0.918805312198,-0.011525547478,1.214012692354,0.231677715421,0.616430073977,0.471927151084,-0.000280466280,-0.326387805061
112,1,0.259647456060,-0.026011216817,0.009869951391,-0.259647456060,0.026011216817,-0.009869951391,0.463454407442,0.398525088052,-0.771306692727,-0.158645191567,0.590754606492,0.133548298267,0.330680239187,0.608393848818,1.113834460135,0.015639925123,1.002616519285,0.864677203351,0.254582506912,0.596884218887,1.313813156262,0.066659351293,1.043173179333,0.912258769138,0.360217396076,0.832563081179,1.085652904718,-0.016922952601,1.218767380408,0.303945981159,0.616557687521,0.472392767668,-0.000287858071,-0.324822097365
113,1,0.261833115730,-0.024972360656,0.009238788884,-0.261833115730,0.024972360656,-0.009238788884,0.464219575244,0.431495755144,-0.614795095967,-0.160559391611,0.594162862106,0.153581856373,0.333328356487,0.675638480753,1.089450061920,0.007739182207,1.006788966252,0.880048777154,0.257194351143,0.674765966169,1.281719709291,0.057826984095,1.048994597666,0.925587262892,0.364129450574,0.889490402227,1.044748643708,-0.027289712129,1.226366326211,0.335552344639,0.616750687361,0.473088622093,-0.000293235178,-0.322850249510
114,1,0.259250545167,-0.022975992912,0.000871160294,-0.259250545167,0.022975992912,-0.000871160294,0.435775623077,0.467416195635,-0.622066339918,-0.157957665513,0.586975246617,0.161375872087,0.329655772533,0.700821023133,1.142639916075,-0.000581049608,0.989651653767,0.953534763031,0.256560260859,0.705228281215,1.331886615030,0.045418270190,1.030788981007,1.004316364609,0.355692741345,0.921200890865,1.082056442650,-0.028345206847,1.207307674758,0.438124426134,0.616957515478,0.475055798888,-0.000315302041,-0.326771747921
115,1,0.255266827289,-0.019975081587,-0.009604088734,-0.255266827289,0.019975081587,0.009604088734,0.412829211210,0.491282766281,-0.640522299445,-0.155060551863,0.572586071301,0.104533746423,0.317961146687,0.736937026960,1.318292579748,-0.007167180349,0.965622550460,1.161382597960,0.252392847825,0.743895205305,1.529327080869,0.040493353010,1.006582815203,1.239811564560,0.345925955797,0.950003307542,1.211014516471,-0.030971871429,1.180976635716,0.625025395247,0.617632478476,0.477447599173,-0.000351224444,-0.332100207637
116,1,0.257347682316,-0.018307080770,-0.012746676001,-0.257347682316,0.018307080770,0.012746676001,0.383406878282,0.497783821811,-0.527228327701,-0.156989161518,0.567907615263,0.103406108493,0.320132609235,0.772974505261,1.284121043907,-0.010164830879,0.963929650446,1.026271817544,0.257604736068,0.787786730585,1.391241506450,0.040264523659,1.005188404509,1.077366492991,0.340876593917,0.982540016681,0.955069826412,-0.029513819919,1.178346825468,0.477871228764,0.617872834206,0.480289712548,-0.000364180771,-0.329727943377
117,1,0.271181527080,-0.018737980189,-0.013422751116,-0.271181527080,0.018737980189,0.013422751116,0.384715788878,0.540901354541,-0.433979594695,-0.165101470397,0.596115772625,0.103914780714,0.341515685460,0.860784821069,1.102462762510,-0.012077885498,1.012702502564,1.072754375181,0.277887199958,0.885487912116,1.201805169995,0.045931167479,1.056140280717,1.126047159626,0.364018805709,1.089120561443,0.766040332075,-0.027760599925,1.237186766815,0.522151166602,0.619058251381,0.481925770640,-0.000366601511,-0.312224110890
118,1,0.279951882467,-0.018307110028,-0.013898956440,-0.279951882467,0.018307110028,0.013898956440,0.381944456537,0.549654462771,-0.357598474594,-0.169460091768,0.601937558531,0.098264018347,0.354705853375,0.912086697212,1.113834080837,-0.010426566630,1.031700672395,1.131218142055,0.293004194443,0.940404189875,1.220906261760,0.049970512703,1.074785563821,1.190289415467,0.378755374488,1.139959454059,0.695658317214,-0.027096238717,1.261022150374,0.536061159191,0.619479298592,0.487478807569,-0.000368128181,-0.301865741536
119,1,0.283471613134,-0.017167200846,-0.021934545746,-0.283471613134,0.017167200846,0.021934545746,0.372634190067,0.571393118373,-0.232839124283,-0.171661499862,0.600760754915,0.130329768718,0.360491051267,0.957973523004,0.993415979263,-0.010316643868,1.034962936562,1.174846875086,0.301689323791,0.994904149630,1.077915539654,0.052491963120,1.078522789014,1.231502646160,0.385046349052,1.195706700581,0.464321030691,-0.027422044132,1.266047872750,0.563876313747,0.619944810867,0.490780398250,-0.000384777086,-0.297779300680
120,1,0.283005122726,-0.016962122805,-0.043275369909,-0.283005122726,0.016962122805,0.043275369909,0.353253719248,0.577971865132,-0.259193144295,-0.172513552229,0.588697329436,0.180836972463,0.360297005812,0.979505496124,0.983982836744,-0.010380560579,1.021064391973,1.395821017302,0.308127012691,1.022237505279,1.076114693283,0.056129375712,1.063873513749,1.465310505163,0.382873978982,1.215101578995,0.335842742464,-0.028060181274,1.250947731508,0.691280401307,0.619843900204,0.495503559709,-0.000403956044,-0.297587967547
121,1,0.286625626801,-0.013652472287,-0.052072828122,-0.286625626801,0.013652472287,0.052072828122,0.347161241347,0.596044654071,-0.292414664811,-0.176642936248,0.587063825717,0.224982979968,0.365497141564,0.999440554024,1.005212227145,-0.009735816888,1.022013817229,1.673305156629,0.314063039761,1.041045379648,1.142038153056,0.064076705816,1.064883187695,1.766406864319,0.388929417557,1.248031296947,0.428033956355,-0.029511802877,1.254837977749,0.971362490956,0.619965493679,0.499674469233,-0.000405446626,-0.293369832838
122,1,0.286658190533,-0.011679256760,-0.058349386683,-0.286658190533,0.011679256760,0.058349386683,0.342708720815,0.588979730961,-0.285038064098,-0.177000071398,0.578624226534,0.240922666532,0.366568047515,0.996197080978,0.992170248465,-0.008731325312,1.009426454367,1.601874435666,0.316896467211,1.036790250838,1.101292509723,0.067213590869,1.052754333139,1.685610480895,0.389481778621,1.243909508066,0.363679454560,-0.031018530572,1.243624668023,0.940569783549,0.620166331530,0.504085600376,-0.000400855206,-0.292540657176
123,1,0.257309675521,-0.010787883718,-0.070793502738,-0.257309675521,0.010787883718,0.070793502738,0.301847784910,0.517801260627,-0.190151085172,-0.160350938433,0.517388371180,0.299091208801,0.324956748493,0.900837332567,1.171499015556,-0.007228593179,0.903456519712,1.893226282308,0.284574142005,0.944399004290,1.272907324585,0.061508507934,0.943129139858,2.001846668937,0.349884994733,1.125033182684,0.433950008701,-0.027266026289,1.114405224812,1.220794528907,0.620440870523,0.505928426981,-0.000397469848,-0.324809586963
124,1,0.254575370428,-0.010731873490,-0.077194176083,-0.254575370428,0.010731873490,0.077194176083,0.293253371012,0.511829146357,-0.202643166720,-0.161682609690,0.513122629136,0.305976729679,0.320229431651,0.897506397444,1.171298868204,-0.006655221683,0.895283549022,1.911703687568,0.281656194594,0.941395744691,1.275882709254,0.062594199674,0.935783230377,2.023339081309,0.347432175740,1.121553603120,0.466977783271,-0.027426689816,1.106871013073,1.277946130950,0.620871126652,0.506469309330,-0.000398165546,-0.326574210560
125,1,0.252187544138,-0.009815985566,-0.087935491652,-0.252187544138,0.009815985566,0.087935491652,0.282426675668,0.503828522632,-0.169927885970,-0.162080041794,0.503750428884,0.390262931109,0.312001013779,0.884991788066,1.143983521831,-0.006514576877,0.880990344117,1.979423195739,0.276235888880,0.931797846992,1.246789955524,0.064438576426,0.921844789685,2.088477582293,0.342088306419,1.103931688841,0.437038006204,-0.028374303549,1.091724421962,1.349517298913,0.620700538158,0.508830159903,-0.000392250717,-0.328958493958
126,1,0.233577132062,-0.010004853150,-0.098115321606,-0.233577132062,0.010004853150,0.098115321606,0.257369643165,0.465504766697,-0.171011397609,-0.150374273949,0.470855788856,0.386573561268,0.289030502689,0.823457656526,1.240176069366,-0.007147681952,0.821301799401,2.049537186841,0.256591508487,0.862171202972,1.348802677443,0.058791490982,0.859136578699,2.166198826384,0.315014883205,1.030208410482,0.452170028478,-0.026384975153,1.017139483759,1.373966852852,0.620922297239,0.507695794106,-0.000388126820,-0.354195598156
127,1,0.232054416981,-0.008947965914,-0.094595644942,-0.232054416981,0.008947965914,0.094595644942,0.257212514534,0.460626719459,-0.136390287704,-0.149402390720,0.469038499595,0.351923031051,0.285675335536,0.826166650855,1.210509151021,-0.006795866337,0.817284057139,1.776396311375,0.253525923821,0.873010762997,1.257498302503,0.059775435143,0.856454041673,1.869696147895,0.312946744047,1.027259055996,0.355058054293,-0.026379270278,1.011910633587,1.161263739145,0.620921552181,0.507235825062,-0.000386996195,-0.356503479604
128,1,0.264771479809,-0.009929633039,-0.098120881092,-0.264771479809,0.009929633039,0.098120881092,0.295130049396,0.525946878984,-0.158931563831,-0.169075619476,0.536625957899,0.359380967460,0.324527145002,0.942797187032,1.049250810821,-0.008766341127,0.934569122476,1.644391086650,0.288310034669,0.991043027728,1.113995720614,0.067247356713,0.978892729496,1.720919682624,0.351771706858,1.175975429543,0.324160040929,-0.031622054798,1.156349375297,1.030214942816,0.620581418276,0.506835639477,-0.000393616967,-0.312320672433
129,1,0.247256762114,-0.010047670149,-0.094856594206,-0.247256762114,0.010047670149,0.094856594206,0.273463263639,0.498284200850,-0.126015840695,-0.160190342121,0.503707399017,0.331263769187,0.295970044774,0.886284834980,1.434104434570,-0.012256506399,0.875784919264,2.061599308333,0.263502258271,0.927081901284,1.556546061497,0.058949455402,0.917017897814,2.193764259566,0.321307220896,1.101207779526,0.672826495108,-0.032024644755,1.083316277302,1.368165299467,0.619515091181,0.506343990564,-0.000400485471,-0.333907900333
130,1,0.258787735871,-0.010689300411,-0.098218139619,-0.258787735871,0.010689300411,0.098218139619,0.282796071126,0.522210588945,-0.152734338022,-0.169675250309,0.529607114206,0.339762097511,0.302870645144,0.922619336439,1.374576240607,-0.017257562123,0.916204242273,2.075681850280,0.269162570882,0.964439963867,1.494541099479,0.057768368734,0.958123741735,2.204752842151,0.332158261051,1.156001258423,0.656671356572,-0.037384282262,1.135663150250,1.429610208861,0.618087768555,0.505833357573,-0.000399094075,-0.318905719784
131,1,0.255549572759,-0.010420860514,-0.096712791435,-0.255549572759,0.010420860514,0.096712791435,0.280004629867,0.516473234623,-0.147752329911,-0.169926663203,0.524334402390,0.341097919496,0.296479343418,0.909398219965,1.400418868971,-0.020650208304,0.903893037490,2.128773079723,0.261029072390,0.949993559334,1.525711796404,0.054466385229,0.945529733074,2.260883786252,0.326000203108,1.140607015038,0.710730550768,-0.038523620674,1.122612579189,1.492388120365,0.617222875357,0.505574434996,-0.000398528762,-0.322590649630
132,1,0.245249328461,-0.009872717234,-0.094475522798,-0.245249328461,0.009872717234,0.094475522798,0.265732563005,0.495844909405,-0.087645403668,-0.166729492872,0.500014998778,0.398517095576,0.280995946404,0.873969490933,1.351590684076,-0.023649219408,0.864355527806,2.169737418327,0.246503037859,0.916758875160,1.463158828809,0.049030927699,0.904757054867,2.296981371903,0.309790224317,1.093535453380,0.654017767905,-0.040521266346,1.074252276507,1.529344363287,0.615961849689,0.507045239210,-0.000394618139,-0.335508355312
133,1,0.244452484782,-0.009793216998,-0.093638367283,-0.244452484782,0.009793216998,0.093638367283,0.266256096710,0.495360514639,-0.088356033702,-0.168444753864,0.500239798659,0.346195126711,0.278762060582,0.873346884801,1.393289011002,-0.027180597133,0.866492787868,2.061372448527,0.243156969131,0.914573281032,1.510909784984,0.044797904199,0.905315612542,2.173572348624,0.307833069320,1.095827665788,0.709425638458,-0.032927881970,1.074821512953,1.515594501779,0.614806175232,0.507000088692,-0.000396742485,-0.335447483438
134,1,0.237663767308,-0.009681782151,-0.090288882300,-0.237663767308,0.009681782151,0.090288882300,0.260392717801,0.480750385281,-0.099101242620,-0.167127885303,0.486494679486,0.334815737347,0.270108112124,0.854609632862,1.358266021514,-0.029692663044,0.847501744067,2.030786530822,0.233645940190,0.895498015466,1.473168060300,0.041052361367,0.885539953417,2.149502639216,0.299383358888,1.071279254668,0.673421396410,-0.034834543741,1.050968643525,1.406224598642,0.613831341267,0.506850987673,-0.000398651697,-0.343134583251
135,1,0.248029719980,-0.009284168040,-0.093636347583,-0.248029719980,0.009284168040,0.093636347583,0.267715059783,0.500816005124,-0.091180769914,-0.175994175074,0.505255490020,0.350282731755,0.277449207338,0.887947899867,1.388665062869,-0.034414223863,0.880159751203,2.073972127525,0.241169879778,0.931529824359,1.504693508743,0.039436406952,0.920789362263,2.194169384421,0.307902816961,1.111784720397,0.684738786641,-0.040510435105,1.090844060534,1.415922499776,0.612723052502,0.507187545300,-0.000397778116,-0.330092303662
136,1,0.257975846725,-0.009900643940,-0.080577483666,-0.257975846725,0.009900643940,0.080577483666,0.280581614521,0.519524812095,-0.137408697875,-0.185372444697,0.527122368847,0.345176509543,0.288029800184,0.927720730049,1.101570887328,-0.037886977136,0.920034531363,1.773825091786,0.250105008776,0.972939243834,1.196770815758,0.038372998974,0.962195275621,1.863874169445,0.320533100021,1.160710961648,0.467488115743,-0.043779402555,1.139510828608,1.148229266743,0.611793369055,0.507049173117,-0.000383566134,-0.316037587934
137,1,0.234305516753,-0.008913038466,-0.079521106185,-0.234305516753,0.008913038466,0.079521106185,0.252643782069,0.472541813488,-0.092674391438,-0.172182520311,0.478918267280,0.385077558051,0.257594993633,0.843111996821,1.385849021558,-0.039211142712,0.836609296998,2.123473967977,0.223128969269,0.883894611030,1.505114213962,0.029980602337,0.874750007152,2.250854327356,0.287179447586,1.056350292762,0.682544299057,-0.043711916668,1.036658827791,1.465725795063,0.610266953707,0.506991505623,-0.000379895791,-0.347488296363
138,1,0.254965990920,-0.009484319107,-0.064670239574,-0.254965990920,0.009484319107,0.064670239574,0.274444528684,0.517824364556,-0.063250821931,-0.188473402338,0.524601529467,0.414032269415,0.279810659067,0.924035466719,1.096585073398,-0.045015225834,0.915776593702,1.711537241456,0.241690606147,0.968003242648,1.175162749990,0.030775343564,0.956973477991,1.791383949302,0.312313193627,1.156116247233,0.500552287631,-0.048909958578,1.134146325268,1.148580392916,0.609579652548,0.506461441517,-0.000378123485,-0.317954062829
139,1,0.259624265728,-0.008668628310,-0.069455824514,-0.259624265728,0.008668628310,0.069455824514,0.280362586366,0.527529043497,-0.117735093727,-0.193326274950,0.530803274621,0.411464475610,0.280777935524,0.935932482340,1.127266760175,-0.047919409445,0.927440201265,2.047633171061,0.240173889318,0.980621271371,1.235238878279,0.029422755449,0.969668698788,2.172960828004,0.314928358492,1.171652175662,0.555959467842,-0.056148693185,1.149655048084,1.469402869044,0.608892917633,0.507235407829,-0.000372678973,-0.312984214856
140,1,0.259433922751,-0.009057496276,-0.069992626765,-0.259433922751,0.009057496276,0.069992626765,0.279069896139,0.527863639089,-0.153035855801,-0.191717609430,0.531761033087,0.425530618838,0.279561989411,0.937941238536,1.104541394180,-0.050628775608,0.930067937211,1.923791492946,0.240177143908,0.980811999423,1.205661785858,0.026956529415,0.972020225873,2.017671465681,0.313637920268,1.174907072680,0.460254571203,-0.058997226685,1.153715924088,1.274807194587,0.608060330153,0.507440030575,-0.000373313203,-0.312017200048
141,1,0.237246615350,-0.008035650407,-0.070971107338,-0.237246615350,0.008035650407,0.070971107338,0.251220605829,0.480379787484,-0.181425857436,-0.176876891201,0.485650349803,0.408538089964,0.251543336017,0.858541456983,1.049993630140,-0.049594092702,0.848125867589,2.015198809088,0.215128874671,0.899807681128,1.145735001343,0.021451706471,0.886311596347,2.127182174165,0.283147356581,1.074544545141,0.367609111020,-0.056462439701,1.049898315436,1.384735884540,0.606820225716,0.507332265377,-0.000373969786,-0.341858932281
142,1,0.249007946356,-0.008068056328,-0.073993366204,-0.249007946356,0.008068056328,0.073993366204,0.261212933675,0.503506356522,-0.160539436203,-0.187888963705,0.509036630121,0.420728586059,0.261180428434,0.898331806971,1.177827132210,-0.054875876435,0.888726873658,2.093064951240,0.223393634302,0.939220660197,1.285310914108,0.019675440280,0.928384910478,2.208927141466,0.293577926752,1.125788322403,0.533331349826,-0.061557894704,1.100024449719,1.422318128446,0.605907768011,0.507190942764,-0.000374651514,-0.326397425064
143,1,0.242492584833,-0.007530231366,-0.073264337997,-0.242492584833,0.007530231366,0.073264337997,0.253866696269,0.490801452378,-0.131078632701,-0.184017014153,0.497109367262,0.408018226875,0.252957479348,0.877945233886,1.291267507961,-0.055453065215,0.868635372377,2.014987711719,0.215740995134,0.917916246652,1.404210565531,0.017070690079,0.907332805060,2.126261943283,0.285085695182,1.099513992642,0.612429031732,-0.061950014627,1.074884858417,1.376475711488,0.605355769396,0.506407380104,-0.000377704389,-0.334860162284
144,1,0.258356354746,-0.007908264490,-0.064727151103,-0.258356354746,0.007908264490,0.064727151103,0.270246238378,0.527459706921,-0.136186921325,-0.195096494465,0.534515119359,0.387827942893,0.267947575566,0.940510988602,1.141334366119,-0.059887312855,0.930768305505,1.739963240419,0.227615957448,0.983999618964,1.234793890096,0.017261581480,0.972109166638,1.823935899001,0.303065403316,1.176435950536,0.520821419987,-0.067152004836,1.151349513079,1.122014869128,0.605114698410,0.504641950130,-0.000379573554,-0.314428857796
145,1,0.259573562828,-0.007639501042,-0.066737809556,-0.259573562828,0.007639501042,0.066737809556,0.271682094384,0.530129616523,-0.166880239289,-0.195397717200,0.537336962438,0.373603807886,0.265574606593,0.944897997325,1.193497602421,-0.059609035137,0.934825421978,1.984462590959,0.224393336342,0.988558899241,1.306838020216,0.017348471976,0.976569379341,2.111409754250,0.302516205595,1.182115839348,0.552367813317,-0.068582323615,1.156852806590,1.379072383125,0.604882359505,0.504539281130,-0.000383544713,-0.313018943637
146,1,0.262075385080,-0.006917319259,-0.078187063229,-0.262075385080,0.006917319259,0.078187063229,0.273794600800,0.535967913231,-0.176292093629,-0.199951041623,0.539561655001,0.376971733946,0.263350360788,0.950286054640,1.388176665553,-0.063236010906,0.940085096890,2.237843039027,0.221666335714,0.993824554923,1.525632679893,0.014174984066,0.982043894590,2.384618280929,0.299611130757,1.190026419109,0.735641410020,-0.073288541514,1.164351403775,1.638381143525,0.603974014521,0.505286574364,-0.000385437161,-0.310417554499
147,1,0.242047018452,-0.006452265594,-0.081069346272,-0.242047018452,0.006452265594,0.081069346272,0.251634193538,0.494027054206,-0.139798812818,-0.185698395998,0.497720113868,0.398046995054,0.241849951302,0.877488538159,1.316585533292,-0.059540507745,0.867741689060,2.085224686705,0.202745236153,0.918682129657,1.431859005865,0.011889422702,0.907236994137,2.204291524703,0.275115488812,1.099511974619,0.656471631695,-0.069756809075,1.074333456235,1.454459524397,0.603578567505,0.505304545164,-0.000387167558,-0.336333909012
148,1,0.241620244833,-0.006382113461,-0.082935484661,-0.241620244833,0.006382113461,0.082935484661,0.251010331062,0.494814448966,-0.188464047780,-0.186847877541,0.498682552497,0.403852506376,0.240827383893,0.880314016699,1.202115399736,-0.061084726029,0.869674202716,2.072597639037,0.201270775939,0.924427755756,1.309105744747,0.010608397734,0.910784051343,2.198829371897,0.273475256848,1.101583454094,0.517980064166,-0.074065139345,1.076454714340,1.437916893683,0.603158175945,0.505202233791,-0.000387263484,-0.335814182150
149,1,0.243346426533,-0.006480527270,-0.083154823400,-0.243346426533,0.006480527270,0.083154823400,0.252756024864,0.496636894704,-0.166264092322,-0.188161312099,0.502310037219,0.411196337491,0.242162965283,0.886614634766,1.155019204904,-0.062033227879,0.876165106281,1.952756185832,0.201143637125,0.930978255324,1.253219945179,0.010239951636,0.917711906747,2.054689538937,0.275234281371,1.109837840842,0.500248132262,-0.074744935124,1.084561353575,1.343187219886,0.603070169687,0.505026042461,-0.000387695618,-0.333464533181
150,1,0.258820297025,-0.006844076822,-0.088487793065,-0.258820297025,0.006844076822,0.088487793065,0.269298146992,0.532047209815,-0.221153487923,-0.200446176892,0.536493591673,0.352667681999,0.256006930594,0.944482506320,1.230846571505,-0.067906605183,0.933306069624,2.076758737550,0.210056356654,0.990533313096,1.347864603570,0.009361499624,0.977494485641,2.186833981518,0.292607131325,1.182221669721,0.573692710939,-0.083119363026,1.155423175253,1.437134782152,0.602988749743,0.504576355219,-0.000387845561,-0.313386800842
151,1,0.257780996544,-0.007120214696,-0.088248998413,-0.257780996544,0.007120214696,0.088248998413,0.268268099208,0.532413869106,-0.218361675596,-0.199892129191,0.536597225038,0.355351106555,0.253021488661,0.940136705384,1.317507358750,-0.069004999073,0.929871913983,2.121646807346,0.203622713078,0.985048318595,1.448983149382,0.008392297558,0.974034908704,2.246149453649,0.291149860258,1.178686356254,0.685477622660,-0.086918018110,1.152268273076,1.506576549337,0.602880358696,0.503942370415,-0.000388751738,-0.314497103694
152,1,0.254084860219,-0.007145289232,-0.084692615884,-0.254084860219,0.007145289232,0.084692615884,0.264484680917,0.522743906607,-0.204675203271,-0.197022093878,0.529451504267,0.352048445421,0.248781760371,0.928091313453,1.130814139864,-0.068087327089,0.918365539644,1.898592860685,0.201089721250,0.972454207162,1.229021688274,0.008173729020,0.962136377760,1.996238890122,0.284817214728,1.163032793793,0.479540753736,-0.085694350719,1.137216928698,1.275487126413,0.602860033512,0.503401786089,-0.000388682820,-0.319136793953
153,1,0.252927839393,-0.006860203571,-0.086428449375,-0.252927839393,0.006860203571,0.086428449375,0.263476467308,0.521249770838,-0.217158395874,-0.196759661360,0.526396154508,0.338264346401,0.245229724960,0.922969824441,1.184988277261,-0.068447162953,0.913356936432,1.965974993272,0.197885485047,0.967101592705,1.300144952660,0.007818798125,0.957051865037,2.084593590445,0.279861577784,1.156424109984,0.505598044307,-0.086257065643,1.131094284791,1.319947947904,0.602773398161,0.503503412008,-0.000392121263,-0.320782505158
154,1,0.248961389262,-0.007026832514,-0.084506517108,-0.248961389262,0.007026832514,0.084506517108,0.259524317034,0.514423580955,-0.211072553914,-0.193658095793,0.520490396710,0.333284999766,0.240690137996,0.908914933039,1.259880271925,-0.069681505980,0.899796145546,2.033751902627,0.194935984360,0.952279927041,1.383791842504,0.004722079002,0.942795897889,2.162041526390,0.275152526599,1.138648827195,0.608268531226,-0.087023626203,1.114250428335,1.420165394208,0.602766722441,0.503375053406,-0.000394708477,-0.325895123829
155,1,0.252079311255,-0.007270407887,-0.080722851381,-0.252079311255,0.007270407887,0.080722851381,0.262692483288,0.520841528569,-0.190302390186,-0.196016949737,0.527270298512,0.337824355692,0.242199020477,0.919745333634,1.270283600961,-0.070619652774,0.911091448087,1.990700227939,0.196075632071,0.963649345087,1.393080085804,0.004497436240,0.954597271215,2.107096543535,0.278324568321,1.152646628958,0.626952605371,-0.089031466253,1.127922114379,1.400861511297,0.602737605572,0.503264218569,-0.000396608375,-0.321982295564
156,1,0.244912877670,-0.007244675201,-0.079615689274,-0.244912877670,0.007244675201,0.079615689274,0.255302415229,0.505446119602,-0.193579177738,-0.190423870609,0.512554116391,0.329514912385,0.235039660796,0.893885267571,1.236508381516,-0.068049034181,0.886273359057,1.935842360192,0.192761610975,0.936007755778,1.354788440621,0.004469473995,0.928488644712,2.048827389709,0.269402052317,1.120395566012,0.597437083691,-0.086444869409,1.096448429173,1.337038860491,0.602735012770,0.503051221371,-0.000398757868,-0.331431491891
157,1,0.251225883548,-0.007273196421,-0.080755548937,-0.251225883548,0.007273196421,0.080755548937,0.261280040548,0.517026552138,-0.183631029130,-0.195053392831,0.525352656665,0.373713136897,0.240882826706,0.916188789982,1.226895512227,-0.070626977644,0.909550915104,1.986388585806,0.197980370432,0.959255146678,1.336899335621,0.002887800054,0.952012001740,2.102124407002,0.274484441077,1.148176469810,0.563471592032,-0.088876524436,1.124716585780,1.370604286535,0.602775245905,0.503142952919,-0.000395748764,-0.323297089781
158,1,0.258920831864,-0.007435288548,-0.079823558293,-0.258920831864,0.007435288548,0.079823558293,0.268137332265,0.535176480194,-0.193527886827,-0.200924307874,0.541524607110,0.346845762379,0.244666195830,0.944658318035,1.260491324352,-0.074769467654,0.937516366429,1.980993561784,0.199321074671,0.989501336050,1.375248309181,0.000666683508,0.981276688907,2.096004448884,0.281704569710,1.183201212089,0.584631273181,-0.096029981921,1.159327746981,1.351516998937,0.602868080139,0.503197103739,-0.000399517827,-0.313631717811
159,1,0.236971769477,-0.006864933132,-0.073539851544,-0.236971769477,0.006864933132,0.073539851544,0.243481194037,0.487759673443,-0.172345009387,-0.183600958202,0.495386236729,0.328091147029,0.224002837657,0.863867740491,1.304063576023,-0.071734724812,0.857419712470,2.012089681600,0.180591484222,0.904104214539,1.424136422153,-0.000550916536,0.896976476392,2.134970419305,0.258689447218,1.082793188727,0.651800659610,-0.086906105284,1.061028028677,1.392271792325,0.603321939707,0.503216922283,-0.000399902463,-0.342697486512
160,1,0.239098318035,-0.007085343464,-0.074103583522,-0.239098318035,0.007085343464,0.074103583522,0.248308534824,0.492271581054,-0.177061153733,-0.184994536524,0.500949722318,0.333083960319,0.227441890173,0.872907615477,1.156634933085,-0.072164633316,0.866938206355,1.885273505283,0.185460146567,0.913938269685,1.259572381223,-0.000050992036,0.907067884030,1.987478602277,0.262980174552,1.094388360754,0.547120088069,-0.090878534857,1.072643246399,1.298301624159,0.604436695576,0.503132253885,-0.000399284065,-0.338981303549
161,1,0.240625646475,-0.006770917379,-0.073179409111,-0.240625646475,0.006770917379,0.073179409111,0.251837513007,0.496520615535,-0.195201589161,-0.184932471893,0.503573315436,0.298079323365,0.228637595569,0.876900841062,1.199624128847,-0.071969874107,0.871338068458,1.906118360502,0.184390133404,0.917926289014,1.314306873612,0.000326181400,0.911709384729,2.018718691743,0.266805064731,1.100133448088,0.598144918882,-0.094933823005,1.078278763595,1.329840997476,0.605408966541,0.503398835659,-0.000400201418,-0.336962698723
162,1,0.241107963178,-0.006973025871,-0.073480980136,-0.241107963178,0.006973025871,0.073480980136,0.255712721422,0.499118704324,-0.230083088785,-0.182137050563,0.505568065623,0.273053689716,0.232759674539,0.879154558952,1.204460071029,-0.068628007778,0.874379646619,1.902101238902,0.188239490737,0.919289162874,1.322214150711,0.004240156933,0.914815211271,2.017567591150,0.270513742972,1.103727870952,0.607884124777,-0.093598875686,1.081751704267,1.327453192047,0.607189804316,0.503309547901,-0.000401248224,-0.335889262415
163,1,0.241812473189,-0.007165339361,-0.073197505799,-0.241812473189,0.007165339361,0.073197505799,0.258617982211,0.501421297450,-0.237975037138,-0.184326149376,0.507903029840,0.275349121767,0.235573210295,0.883435824282,1.136436917098,-0.068757230187,0.878079728426,1.891232057938,0.190208577103,0.923716626850,1.246449199068,0.004427521543,0.918506476577,2.001751937932,0.271656203959,1.109273411508,0.524176327575,-0.094664176978,1.087573372918,1.304641253632,0.608870655298,0.503452271223,-0.000399815850,-0.334073826218
164,1,0.242963135301,-0.007595704392,-0.072728435830,-0.242963135301,0.007595704392,0.072728435830,0.263936303598,0.503467858882,-0.236718224238,-0.187471605186,0.510207231245,0.281321524538,0.240275710317,0.886556583821,1.147252970082,-0.065086146390,0.880682832028,1.894583077170,0.194999074527,0.927094456076,1.258229957036,0.008560015710,0.921066907479,2.005792992151,0.275318160198,1.112045204826,0.531315393191,-0.086621807295,1.090213025113,1.304264859297,0.611545473337,0.502952456474,-0.000401525758,-0.333684432529
165,1,0.255489057240,-0.009068264711,-0.069483524874,-0.255489057240,0.009068264711,0.069483524874,0.282178296248,0.528534702707,-0.211725673542,-0.194272275072,0.535702271974,0.297729640402,0.252753489091,0.934412356098,1.017973539380,-0.061678588921,0.923990210971,1.665829346482,0.213260566878,0.978820268266,1.106243575133,0.014110347169,0.965930363715,1.746405620145,0.288685021825,1.165302482082,0.384279051752,-0.086937337421,1.142918898195,1.042386777477,0.614775806665,0.501817017794,-0.000394794159,-0.319379681154
166,1,0.246143821714,-0.009231393165,-0.066506177786,-0.246143821714,0.009231393165,0.066506177786,0.271787531337,0.506715599876,-0.208720003054,-0.183617814566,0.513532497703,0.251631832608,0.246461113581,0.893708988266,1.057480592258,-0.054896104335,0.883347785980,1.676042063104,0.209805123727,0.934635027869,1.162322231955,0.018183714920,0.922577759553,1.764432057404,0.268371101353,1.113278862323,0.386317619010,-0.077467279408,1.090766392453,1.082336126890,0.617842555046,0.500329628587,-0.000396730378,-0.336071360406
167,1,0.240783477819,-0.008983555230,-0.074795700528,-0.240783477819,0.008983555230,0.074795700528,0.273318478413,0.493424931421,-0.302006662754,-0.174941185079,0.500397615934,0.247991705547,0.250885657980,0.869840971193,1.043703416446,-0.049179684569,0.860109856355,1.755158437904,0.217532176560,0.909261448194,1.163407228168,0.024425508432,0.897682590056,1.862209490873,0.269468567973,1.082560156485,0.410465879969,-0.066673182624,1.061703458845,1.058952426021,0.621036648750,0.499950617552,-0.000399525277,-0.345838838541
168,1,0.267459469573,-0.010310353188,-0.082036986377,-0.267459469573,0.010310353188,0.082036986377,0.314674620993,0.548302117492,-0.339714396800,-0.189937250111,0.554852524225,0.275572042802,0.311039453742,0.964450356948,0.880179163848,-0.050854234436,0.955572266534,1.612752753393,0.286322188360,1.006982826156,0.976720541694,0.033293650858,0.995674478113,1.694125602702,0.312841469813,1.198463556325,0.247597577023,-0.076098886544,1.179450510355,0.959180014474,0.624379485846,0.499819144607,-0.000397902913,-0.312045063217
169,1,0.262193911175,-0.010775728130,-0.090337761020,-0.262193911175,0.010775728130,0.090337761020,0.338868669414,0.527568592424,-0.276798084408,-0.184838389108,0.540076881288,0.362272970079,0.360925753302,0.933167045886,0.918979252665,-0.046973823719,0.931507870671,1.790413401235,0.327057939537,0.973744526150,0.999357903567,0.038329914604,0.969956284461,1.878229882137,0.348832304895,1.162245566472,0.299588790224,-0.077702622044,1.150951754303,1.090881169631,0.627224445343,0.500057414174,-0.000389892608,-0.319402611617
170,1,0.264527930662,-0.012942740853,-0.091586671000,-0.264527930662,0.012942740853,0.091586671000,0.376558553551,0.525804003556,-0.211884387584,-0.191124669762,0.539270358479,0.378950655758,0.453494988633,0.932816442519,0.892798200136,-0.045009231104,0.930710266660,1.630469087479,0.437543989842,0.973621227970,0.969903080920,0.032982524208,0.968690819476,1.699731430288,0.439287974887,1.157414184603,0.224888319059,-0.075409820333,1.149606340303,0.956077604596,0.630408257246,0.499115750194,-0.000389361754,-0.320411890213
171,1,0.236213523248,-0.013541510295,-0.088035096490,-0.236213523248,0.013541510295,0.088035096490,0.381715902984,0.461415082758,-0.176058993457,-0.164330847573,0.481318787157,0.367205948260,0.480965883720,0.828933659448,0.958455454278,-0.032555393591,0.830129813759,1.599587653010,0.477600545769,0.865297838494,1.039353137480,0.029143979961,0.863983816167,1.669015376922,0.477059012292,1.026893571095,0.257483105720,-0.062189556137,1.022501462593,0.911506067898,0.634883850813,0.497771784663,-0.000394273549,-0.361568151170
172,1,0.240809577930,-0.016598399072,-0.076819991048,-0.240809577930,0.016598399072,0.076819991048,0.430197175269,0.462625696881,-0.127077367374,-0.163595713792,0.498131134814,0.308599017203,0.577463506105,0.845405358701,0.665857905104,-0.027646482748,0.852131724632,1.129385779458,0.579853039144,0.882402548573,0.713271064050,0.023566314261,0.885870742032,1.166939173235,0.587641317410,1.035696933932,0.049984408709,-0.060129561248,1.048276755600,0.517825433115,0.637765914202,0.494511410594,-0.000404125080,-0.355889312004
173,1,0.269216651716,-0.021313127244,-0.067350934886,-0.269216651716,0.021313127244,0.067350934886,0.536482494647,0.510450340049,-0.143789324368,-0.182197738766,0.565598203775,0.311842171291,0.739991307567,0.950379558451,0.478653680341,-0.026737391012,0.961905978975,1.112577179351,0.739557545645,0.989326115733,0.518246027749,0.032774408822,0.999563009096,1.145416633797,0.775786838318,1.162057616463,-0.148198066832,-0.067838386278,1.180505190007,0.482747121842,0.641030848026,0.490589112043,-0.000409621745,-0.319348442564
174,1,0.278706947514,-0.024260988978,-0.044427012074,-0.278706947514,0.024260988978,0.044427012074,0.607995408469,0.510053921168,-0.191546563601,-0.184615146559,0.591011271504,0.251250603776,0.885042322612,0.975873770256,0.332914546988,-0.029071868933,1.001879932400,1.044105092984,0.891799186220,1.020343325139,0.366210659575,0.037602221429,1.040873380450,1.075881113514,0.927511381258,1.188918962681,-0.313984065200,-0.064778766812,1.226073044445,0.394348976439,0.644059509039,0.488245874643,-0.000407058746,-0.309435242567
175,1,0.294090161538,-0.026686511509,-0.011731934384,-0.294090161538,0.026686511509,0.011731934384,0.704373501833,0.526774919716,-0.201870802769,-0.190966527876,0.622376837047,0.215556456401,1.058794521399,1.008921521043,0.391868078368,-0.025582277585,1.053314047368,1.081093227646,1.056784987326,1.059939652876,0.429810353755,0.048511768231,1.095853763082,1.119153298083,1.155073621419,1.224863830944,-0.259467558416,-0.055751947827,1.287817989282,0.420831094086,0.647573590279,0.487519890070,-0.000420167227,-0.295126230230
176,1,0.292021938168,-0.026534048016,-0.002508466206,-0.292021938168,0.026534048016,0.002508466206,0.746302105238,0.511104106482,-0.196138182373,-0.188606732490,0.616315115382,0.208474138416,1.136102621440,0.972718729790,0.415445985704,-0.020190738549,1.041778495327,1.015787901390,1.131754798238,1.021915334545,0.453455112755,0.055428547738,1.085715137087,1.045051050559,1.245043735467,1.183070253650,-0.231987150612,-0.049366467269,1.272541200647,0.330985957967,0.650584876537,0.486730650067,-0.000425789825,-0.299317141290
177,1,0.298271791690,-0.028799278837,0.035838179296,-0.298271791690,0.028799278837,-0.035838179296,0.798310841706,0.503896142138,-0.198532227044,-0.195857182234,0.633067113349,0.089544248683,1.232506248626,0.956413079828,0.401928137980,-0.014171227856,1.068214095295,0.945894989537,1.224538053437,1.008341539725,0.441022613585,0.063957576247,1.114397108293,0.984376427320,1.357694393315,1.169444472784,-0.191201588648,-0.045277908349,1.303573640003,0.328516305921,0.652517944574,0.485599860549,-0.000437804032,-0.293082652895
178,1,0.304838225647,-0.030033428493,0.056252809733,-0.304838225647,0.030033428493,-0.056252809733,0.847738896233,0.502232851175,-0.207214426251,-0.204797468541,0.646421396630,0.072126952540,1.315983082684,0.944996507988,0.436862620067,-0.013074310720,1.090028751426,0.989988020251,1.313899354041,0.999094829276,0.484800929574,0.067484014028,1.137273971442,1.035372208891,1.483381724393,1.167503958538,-0.134809899512,-0.046422059554,1.330000356075,0.407284102864,0.653086423874,0.485425174236,-0.000440962613,-0.287320931314
179,1,0.312946276488,-0.032947769199,0.083482393704,-0.312946276488,0.032947769199,-0.083482393704,0.911780936106,0.507024125421,-0.211561682394,-0.205085073216,0.666368058336,0.038478093542,1.412911032599,0.947158900056,0.442944680660,-0.006787528296,1.121311036893,0.992098464642,1.412945535166,1.012128939020,0.490013584129,0.076771727465,1.169913867021,1.040604708878,1.623175271356,1.166240408446,-0.108761554567,-0.041415327620,1.367754785365,0.424644742337,0.655037015676,0.484815552831,-0.000445938669,-0.279861850128
180,1,0.309358337850,-0.033501594443,0.077698856624,-0.309358337850,0.033501594443,-0.077698856624,0.914910900528,0.487797722751,-0.236348108574,-0.203652942583,0.659134480150,0.051232239762,1.436283428766,0.929162667934,0.364359570055,-0.003382634034,1.110276384472,1.002781395033,1.448209313365,0.998929166416,0.403579141488,0.079554074012,1.159122498671,1.048330121654,1.643186563294,1.136818199666,-0.224028760601,-0.040427737605,1.351396878846,0.388571271654,0.656010836363,0.484443590045,-0.000437439419,-0.283527135068
181,1,0.315681014703,-0.033563940820,0.083397714221,-0.315681014703,0.033563940820,-0.083397714221,0.955922992836,0.497579177952,-0.185499952999,-0.206243629827,0.668494460034,0.053069393786,1.486912207286,0.936256409617,0.430079430862,-0.001519525205,1.126191407482,1.069376758560,1.504203832443,1.008402233408,0.481083621698,0.083713605374,1.175669460454,1.122418501830,1.694284468805,1.144577801115,-0.116199466018,-0.038041244714,1.370670182270,0.449189910731,0.656763166189,0.484598457813,-0.000444007106,-0.279425234716
182,1,0.313043444593,-0.033464001923,0.078865729528,-0.313043444593,0.033464001923,-0.078865729528,0.947129643793,0.486210443734,-0.185059990382,-0.204048279820,0.662393098508,0.048816192769,1.455647715459,0.908556994969,0.455860879406,0.000028397793,1.117610359478,1.050221627167,1.463497277259,0.974155897631,0.506873239673,0.084395391530,1.165468558890,1.102669712303,1.672507939509,1.127928787428,-0.074108155626,-0.035522050181,1.358534071304,0.433251300587,0.657241851091,0.484550327063,-0.000439963304,-0.282304495305
183,1,0.310869738819,-0.033568291680,0.083414108583,-0.310869738819,0.033568291680,-0.083414108583,0.939319233235,0.478523557282,-0.185841436660,-0.199753733178,0.658692739230,0.053737623879,1.441651076873,0.899687275100,0.478629140821,0.004309316989,1.111473996498,1.046685335915,1.442329697488,0.966830469935,0.531016521926,0.088405591327,1.159254806629,1.099122408021,1.667483508175,1.119657112722,-0.028078524810,-0.030744929782,1.350426111522,0.454493953790,0.658468753099,0.484575286508,-0.000438648276,-0.283982999478
184,1,0.308002791028,-0.033832015473,0.079581190304,-0.308002791028,0.033832015473,-0.079581190304,0.930123466882,0.477595371957,-0.232321234358,-0.197653399751,0.654871797262,0.056748958059,1.434436175870,0.901433021272,0.407573419970,0.005829676886,1.105547809553,0.989313206014,1.447899347838,0.966191804116,0.452572684802,0.088890376096,1.152778991886,1.031828650508,1.632311717125,1.118646757019,-0.164103256933,-0.028530432842,1.341913249341,0.356449132211,0.659234642982,0.484425872564,-0.000437356532,-0.285893216701
185,1,0.306595278081,-0.033909543626,0.076818158845,-0.306595278081,0.033909543626,-0.076818158845,0.919544180766,0.477366334465,-0.213770908782,-0.197274154759,0.653101317070,0.060019916124,1.405946900199,0.902449873557,0.432701424640,0.006767440698,1.101592919152,1.000204454521,1.416299335207,0.963725088555,0.479965830812,0.088327412439,1.148084761752,1.043149239809,1.590002661667,1.121869153063,-0.148342566950,-0.026787989638,1.337463343834,0.383260344251,0.659649997950,0.484397351742,-0.000436330214,-0.286734542598
186,1,0.302170124158,-0.033415784713,0.071139062326,-0.302170124158,0.033415784713,-0.071139062326,0.899860827223,0.472991893269,-0.222644168160,-0.194412865816,0.643396715653,0.062811440869,1.367687853688,0.891806460725,0.475957190116,0.005928782829,1.084823156490,1.000557720451,1.387065305700,0.945115032344,0.537243342465,0.086819212353,1.131033446821,1.043417182184,1.546135012800,1.107138534422,-0.048087180890,-0.026380416565,1.317170751931,0.382034398257,0.659664064646,0.484475865960,-0.000437538140,-0.291092242169
187,1,0.300243807196,-0.033398103825,0.070426174695,-0.300243807196,0.033398103825,-0.070426174695,0.887545218755,0.473287512252,-0.176700565667,-0.191547500494,0.642392006194,0.076563989121,1.343800633263,0.903786121844,0.503854330447,0.007440459548,1.081549091961,1.002397622397,1.346480842210,0.955603903654,0.560099623651,0.088604296077,1.127754001311,1.045490492620,1.510053719311,1.119171568131,-0.010244506659,-0.028401547573,1.315008854299,0.431932017492,0.660477608442,0.484459161758,-0.000435944647,-0.291584094896
188,1,0.297594587652,-0.032794217970,0.049380480343,-0.297594587652,0.032794217970,-0.049380480343,0.840967313618,0.479408529204,-0.215604951708,-0.188428679052,0.637109249666,0.123868033246,1.240458357199,0.914155830093,0.524112458126,0.004987151989,1.073967579816,1.004825093960,1.225275333409,0.958616430520,0.588151288260,0.086340163876,1.119940520064,1.042971670562,1.374433270695,1.140376475826,0.009186375590,-0.026853107494,1.305724480403,0.433148270122,0.660902053118,0.484150633216,-0.000429573469,-0.293896801338
189,1,0.301915888394,-0.031957158892,0.027190670663,-0.301915888394,0.031957158892,-0.027190670663,0.807384357197,0.502042958110,-0.223772952452,-0.190002727786,0.643727469680,0.178401342483,1.183373307262,0.953623790577,0.577637607591,0.005367732228,1.085670003390,1.077536348197,1.171884902061,0.990576627098,0.648696030898,0.088146234810,1.132474122725,1.118680986169,1.304937192407,1.180728875033,0.068016097304,-0.031211098539,1.320605794816,0.492796733355,0.661099195480,0.484647125006,-0.000436244765,-0.290209594104
190,1,0.300520065771,-0.031414350415,0.014051204178,-0.300520065771,0.031414350415,-0.014051204178,0.756951202283,0.512612651939,-0.222917766589,-0.188985479653,0.640334214026,0.225027331620,1.087518745991,0.976393066455,0.575390247432,0.002824011084,1.080813700307,1.154633051356,1.084862591059,1.019733075117,0.642603602431,0.084407416766,1.126970257508,1.197634792048,1.181963797087,1.197826612362,0.056061662672,-0.030341583996,1.315950319149,0.532568732316,0.661061078310,0.484784841537,-0.000418948475,-0.291531842967
191,1,0.297453714023,-0.030290257675,0.001822391064,-0.297453714023,0.030290257675,-0.001822391064,0.711116769063,0.522957672448,-0.162419162414,-0.185876422529,0.631936951375,0.257375432045,0.966082127250,0.988363263200,0.696985009045,0.003832746684,1.069029994696,1.227575785739,0.966143362937,1.030115879852,0.760349217735,0.084551098346,1.114875584397,1.272967725279,1.052558556555,1.213728606298,0.090800105717,-0.026939552243,1.301342399917,0.559546065216,0.661456257105,0.485269591212,-0.000414690134,-0.294442767753
192,1,0.253183868858,-0.025393287300,-0.037966044752,-0.253183868858,0.025393287300,0.037966044752,0.555837768254,0.456405352691,-0.141606210447,-0.157828352267,0.538330789758,0.241694768470,0.738190046524,0.860585329416,0.737010290240,0.003949632182,0.911957581722,1.248781964992,0.737237208232,0.893088239666,0.801102916464,0.071086210537,0.950954682612,1.301245334605,0.788652300258,1.065545751769,0.067665757671,-0.022722066645,1.110176621340,0.535325163144,0.661651402712,0.485407665372,-0.000421069097,-0.345052485290
193,1,0.268536743512,-0.024373178309,-0.055623388734,-0.268536743512,0.024373178309,0.055623388734,0.552797180628,0.510232588163,-0.152893140245,-0.166507029925,0.569271169812,0.278084953211,0.705609143283,0.931982494369,0.768515624539,0.004985292188,0.965919860362,1.336372890728,0.694214859823,0.962388711369,0.834844513089,0.074684831320,1.006570934667,1.393943808684,0.754672817676,1.149433835369,0.090324162659,-0.023512971210,1.176743214835,0.662080528495,0.661899030209,0.486954763532,-0.000424721278,-0.324022227215
194,1,0.272847764811,-0.021547827805,-0.070417617850,-0.272847764811,0.021547827805,0.070417617850,0.513456920506,0.522989223993,-0.154235131078,-0.169266845595,0.571513964085,0.330440139871,0.628550967239,0.943146914727,0.854111588975,0.005894065769,0.972701054321,1.464316701245,0.617504224092,0.976617523148,0.929737975319,0.075729559621,1.013755038924,1.529634271898,0.659139271613,1.171633911893,0.184476494261,-0.024558981525,1.186864083552,0.807853200047,0.661823809147,0.490062341094,-0.000417347066,-0.318609260899
195,1,0.249235343924,-0.017451189225,-0.081056124680,-0.249235343924,0.017451189225,0.081056124680,0.432951318853,0.483693556034,-0.158554464913,-0.155067523224,0.512586962829,0.344297458181,0.510856448808,0.858816565239,0.989000623436,0.005019996496,0.876850496034,1.712617208724,0.491522964099,0.891457280106,1.080511755178,0.070330858487,0.909406336487,1.804199439900,0.535820221544,1.063920208162,0.294172464190,-0.022798277341,1.073879262449,1.062414254131,0.661700040102,0.494072049856,-0.000405211002,-0.348325275265
196,1,0.246968739222,-0.015791621155,-0.088280493617,-0.246968739222,0.015791621155,0.088280493617,0.383999675729,0.479101108954,-0.211076222132,-0.155208217814,0.501926345177,0.372372658107,0.425115001500,0.851797399003,0.983003194680,0.004286117164,0.864954330494,1.783454454467,0.393630689888,0.888809910358,1.077880373637,0.078908129596,0.897851937796,1.877577563549,0.428561910494,1.064374609268,0.312843877399,-0.023572665311,1.061511578698,1.154034109127,0.661364823580,0.496580958366,-0.000396229327,-0.350046034340
197,1,0.223592305552,-0.012859479014,-0.084829857335,-0.223592305552,0.012859479014,0.084829857335,0.311269950716,0.435520406168,-0.185144788350,-0.141551585977,0.452290717663,0.331996920516,0.331158746404,0.776818727296,1.242352991719,0.003871253869,0.783706337019,1.887415218629,0.307659915685,0.810274295074,1.356325812936,0.072875399544,0.813844596282,2.000077987794,0.335960485677,0.970157297165,0.570559098750,-0.006972199305,0.963406893296,1.248997076571,0.661255836487,0.498712182045,-0.000390052795,-0.384025202229
198,1,0.232582245830,-0.011869785700,-0.087268440109,-0.232582245830,0.011869785700,0.087268440109,0.290572301872,0.457536997819,-0.159393289611,-0.147829638672,0.470089697570,0.363138087325,0.287323568808,0.810780707350,1.133663962437,0.004165250987,0.815338077668,1.777319139832,0.258639470264,0.846252049835,1.233085168035,0.076449439644,0.847401886895,1.874114203495,0.292494337415,1.011630086161,0.545785441353,-0.004938425701,1.004186164368,1.219191045950,0.661311566830,0.500794067979,-0.000391019508,-0.366335404784
199,1,0.228676449387,-0.011911997597,-0.084923321197,-0.228676449387,0.011911997597,0.084923321197,0.247014290305,0.454799311581,-0.070984447112,-0.144356172463,0.465531362405,0.357401798191,0.223766363945,0.806949721128,1.259713627558,0.006896415407,0.808576553744,1.719076461699,0.210540386159,0.847849314919,1.362103759407,0.074842950263,0.841672945135,1.808212725817,0.256553298207,1.001791140206,0.651466627757,0.002720846023,0.994268939107,1.107970338338,0.662198811769,0.501441180706,-0.000393537804,-0.368656203359
200,1,0.242310914951,-0.013292397842,-0.087782817564,-0.242310914951,0.013292397842,0.087782817564,0.236127441637,0.485175582791,0.001030180979,-0.154069559854,0.496877267031,0.427109642144,0.211048239776,0.863848038873,1.191341279130,0.007879659550,0.862840055106,1.690864848513,0.210865754009,0.908187940817,1.294892983144,0.076661615505,0.898888238428,1.743834360968,0.215739055403,1.070367078489,0.556183093254,0.003949316275,1.060488354624,1.072233094639,0.662401258945,0.501106530428,-0.000396020710,-0.345570589030
201,1,0.260739385500,-0.014454553510,-0.091550667314,-0.260739385500,0.014454553510,0.091550667314,0.240250515666,0.522900562549,0.069492785012,-0.167805996220,0.535790836819,0.517213279485,0.230434198293,0.932120910905,1.220813992602,0.007965473321,0.930388993587,1.769618985707,0.230506377097,0.980624319368,1.324289694611,0.080743399004,0.971038936770,1.812648585528,0.219019849675,1.157781210567,0.571179884809,0.005844239240,1.146434739944,1.145943349076,0.662138998508,0.501815706491,-0.000392861664,-0.318755528509
202,1,0.268615238802,-0.013666107172,-0.087219852028,-0.268615238802,0.013666107172,0.087219852028,0.256358296330,0.538593135219,0.052344091471,-0.174283753927,0.550197622032,0.505105783759,0.236739863510,0.959188492260,1.231946328538,0.007551394283,0.957279182607,1.814872537108,0.230170543856,1.008953205677,1.335062614367,0.076742505012,0.999612257487,1.864528152653,0.239291164727,1.194318823041,0.583879001296,0.008486961826,1.180835256180,1.164940857063,0.661993861198,0.503443479538,-0.000389688648,-0.307590004609
203,1,0.264640162584,-0.014058157908,-0.085281625332,-0.264640162584,0.014058157908,0.085281625332,0.260462024010,0.532996097364,0.028952028454,-0.172600163790,0.543412737280,0.488891089112,0.238810991058,0.949907995940,1.198893753535,0.006863825076,0.947828304116,1.789220028550,0.228997379479,1.001506820804,1.297605913527,0.071362786754,0.992513832999,1.851542461737,0.238389579316,1.179812023070,0.552952228487,0.008095717619,1.166826340820,1.142294539620,0.661828845739,0.503293991089,-0.000391581096,-0.311451758097
204,1,0.275713351180,-0.013895336288,-0.087976918310,-0.275713351180,0.013895336288,0.087976918310,0.285797138265,0.557039998512,0.052154506522,-0.180757989254,0.566302556732,0.522664302460,0.273025620401,0.988436777410,1.254081577783,0.006725022986,0.985236802878,1.889886797888,0.261904754567,1.042844338888,1.353028563677,0.074947776490,1.031917538089,1.970713985456,0.250794681228,1.230247606587,0.636801673981,0.007077977519,1.214867103179,1.312007992024,0.661615043879,0.504393637180,-0.000392957591,-0.298230488419
205,1,0.242251901270,-0.011230883115,-0.089949563899,-0.242251901270,0.011230883115,0.089949563899,0.253290451219,0.495400040036,-0.109745811721,-0.159466035050,0.501230975759,0.452932462421,0.246285085501,0.878633913636,1.237148007947,0.007733131875,0.871446077991,1.961572816954,0.232220282378,0.929393489567,1.347590485249,0.070412960897,0.914103707349,2.066136715565,0.225197832120,1.091788906692,0.554359850931,0.005040819803,1.073117090166,1.281238008620,0.661311447620,0.503853201866,-0.000406372361,-0.338414186604
206,1,0.260296234738,-0.012236346221,-0.096704885000,-0.260296234738,0.012236346221,0.096704885000,0.276874075303,0.533261246424,-0.115057487403,-0.173991455889,0.540674290330,0.497504790977,0.276895535414,0.947081688812,1.107949509550,0.005012075325,0.938518534903,2.010609718763,0.264464433940,1.000945807035,1.200336710485,0.072788232573,0.985649306001,2.110509952526,0.242055140638,1.180866995373,0.461587497460,0.000344406290,1.157423248770,1.332675420880,0.660295516253,0.503795713186,-0.000404352322,-0.313853220600
207,1,0.274637419571,-0.013541199744,-0.101180787559,-0.274637419571,0.013541199744,0.101180787559,0.293737254742,0.566102062244,-0.145213737623,-0.180397143464,0.577347069380,0.379526065007,0.296171769788,1.000144527114,1.173663628740,0.006444210093,0.990929051811,2.065293676442,0.283406369775,1.056376586785,1.273437404423,0.077448122784,1.040265961210,2.164055796833,0.271360828428,1.248451415189,0.484827771245,-0.001920760325,1.223407478036,1.378421375442,0.659183740616,0.503778710961,-0.000402897596,-0.297005330478
208,1,0.272437661671,-0.013738521190,-0.100340293596,-0.272437661671,0.013738521190,0.100340293596,0.292564883660,0.565303788785,-0.204714264420,-0.183841091826,0.576616065397,0.365128847305,0.297070437938,0.996816591013,1.130364957487,0.002918852112,0.987853073524,2.000123398145,0.284002090952,1.051827865038,1.234018900965,0.073761154549,1.036036229231,2.106211084793,0.271173099038,1.243603067579,0.442631549541,-0.005637341834,1.220862936050,1.334931159075,0.657634556293,0.503697067499,-0.000404427759,-0.298079164783
209,1,0.269521797667,-0.013917558282,-0.101146452276,-0.269521797667,0.013917558282,0.101146452276,0.296523820080,0.561604120621,-0.193759381083,-0.184622859916,0.573538549369,0.359711830431,0.290117466078,0.990283645182,1.179301569563,-0.001885360886,0.981452787590,1.989433346407,0.275295361595,1.044163356489,1.291410480514,0.069990733301,1.029090598813,2.098613666759,0.265885340206,1.234654420781,0.467225441113,-0.007990414654,1.212706575715,1.319450370012,0.655448466539,0.503689482808,-0.000408751890,-0.300100153170
210,1,0.278229801035,-0.014726266452,-0.103850534593,-0.278229801035,0.014726266452,0.103850534593,0.324162932540,0.582208010322,-0.220372190185,-0.189269392159,0.592414531235,0.325022329202,0.334677563251,1.023260123031,1.049015738211,-0.002202319702,1.012491634413,1.840024384561,0.317949760277,1.076927322273,1.148145408211,0.075914671530,1.060468936238,1.941268854702,0.303177891528,1.275961543060,0.369938775145,-0.006384219264,1.251204050722,1.223876135121,0.653677791357,0.503343984485,-0.000408780761,-0.291146179054
211,1,0.259283162171,-0.013702748389,-0.101989711523,-0.259283162171,0.013702748389,0.101989711523,0.337171209671,0.538553545658,-0.313219862536,-0.179370352010,0.549013237162,0.323392009356,0.367527270191,0.948958924588,0.995287302522,-0.008810869398,0.939164913681,1.848617487907,0.348572461381,0.998322197752,1.093202064083,0.067973469800,0.983888548776,1.949605373628,0.314837302862,1.183303747334,0.297710902534,-0.010903795017,1.162554486920,1.171425989786,0.650872111320,0.503314167261,-0.000404914841,-0.313925154944
212,1,0.229751235391,-0.013841940009,-0.098636433782,-0.229751235391,0.013841940009,0.098636433782,0.329581846528,0.469640185146,-0.243329649804,-0.157901767215,0.484569704968,0.345539861617,0.395692992096,0.835861477703,0.967399030635,-0.005335345842,0.826555168035,1.804737258076,0.381895134169,0.878757169213,1.055639547576,0.063713662538,0.864626449982,1.898642904734,0.349005077126,1.040933983444,0.258560196181,-0.015798934916,1.020773833518,1.095122287875,0.648359745741,0.501715362072,-0.000397216529,-0.358314086986
213,1,0.241925877116,-0.015493167751,-0.103173489979,-0.241925877116,0.015493167751,0.103173489979,0.388936434733,0.485562497845,-0.237163795157,-0.163525174258,0.510221637011,0.360810395792,0.495665111907,0.876723936037,0.823654472657,-0.000749071195,0.866821516760,1.571359397701,0.500928391164,0.921753057347,0.893069444476,0.064233418884,0.904434191230,1.634742064659,0.468118135842,1.087428969955,0.098526812832,-0.021152889077,1.068769167496,0.872592576102,0.646161198616,0.499884769320,-0.000400343910,-0.343509740166
214,1,0.248159051699,-0.017534429092,-0.105201984523,-0.248159051699,0.017534429092,0.105201984523,0.442018271884,0.486253412069,-0.167262292228,-0.168607191925,0.522612420648,0.375299705636,0.584235903519,0.890764462705,0.852112934726,0.001329695236,0.886031792779,1.456848159349,0.598849310654,0.934333696036,0.921121151607,0.061310566673,0.924046918062,1.508536354317,0.552711428136,1.103149557606,0.127845112597,-0.028141273112,1.091614645628,0.736186486765,0.642915010452,0.498386025429,-0.000401593745,-0.337627880676
215,1,0.255597642907,-0.019830097853,-0.101384174253,-0.255597642907,0.019830097853,0.101384174253,0.500023557420,0.488027062437,-0.182236507007,-0.172928196571,0.542123652157,0.309467391580,0.698965697573,0.914385118075,0.666638356794,0.005859591923,0.916316217689,1.235879598000,0.719434583040,0.959579621668,0.720896065583,0.064800772703,0.955127413996,1.277385070652,0.684993444731,1.125120439490,-0.073328823621,-0.031756895513,1.124944852404,0.494879337299,0.640902340412,0.492948487401,-0.000412117690,-0.332669975702
216,1,0.270284850615,-0.021713939365,-0.089691090308,-0.270284850615,0.021713939365,0.089691090308,0.579592065153,0.498080838864,-0.192681366196,-0.174677147290,0.579446715349,0.290584103995,0.839470624861,0.957241624966,0.393180112640,0.000641521181,0.976849124768,1.022500876147,0.868544832908,1.001612200997,0.425134653574,0.066053274627,1.018230402751,1.045956370437,0.840698453174,1.174400839047,-0.274908251504,-0.040216308742,1.196855118583,0.353664739171,0.638574630022,0.489466160536,-0.000420636497,-0.315759465743
217,1,0.285378060859,-0.024082769005,-0.059928436420,-0.285378060859,0.024082769005,0.059928436420,0.663022454583,0.511705346854,-0.215248537247,-0.184017736397,0.611254533755,0.241256627122,1.001074942901,0.990290895189,0.441019073179,-0.007931846641,1.029311205343,1.091166813654,1.018022001690,1.035195576076,0.484773702446,0.062514355795,1.072608114165,1.128054550299,1.041333610712,1.214608169938,-0.242857772533,-0.044799246737,1.259446115352,0.396097955226,0.635705471039,0.487188979983,-0.000416209921,-0.301883975183
218,1,0.287158868258,-0.026076612514,-0.027564354162,-0.287158868258,0.026076612514,0.027564354162,0.729377418803,0.502485133709,-0.226904572007,-0.180909057348,0.617784009700,0.217029333909,1.134483425778,0.964492270786,0.376221655799,-0.007476241006,1.042831812585,0.985543027641,1.136880171430,1.011236986792,0.418135916014,0.064694889117,1.088238671807,1.015139293601,1.209252178272,1.169203980519,-0.243489214520,-0.035285824007,1.271865362235,0.327139282816,0.635546833277,0.485031187534,-0.000423051883,-0.300728267239
219,1,0.296456206830,-0.026735975059,-0.021637379697,-0.296456206830,0.026735975059,0.021637379697,0.805960368300,0.506186490323,-0.270802270180,-0.195985587675,0.633931675783,0.203910615677,1.249229469565,0.953028068598,0.423175071973,-0.009449156876,1.071347015959,1.053358916640,1.255537837316,0.991440141644,0.476106495481,0.068462663415,1.118808440558,1.090913114418,1.350728632476,1.174414485278,-0.205659429730,-0.042629026051,1.306435193949,0.378617456350,0.632417231798,0.485286548734,-0.000425169710,-0.292577684200
220,1,0.298961096362,-0.028968004879,0.007962794722,-0.298961096362,0.028968004879,-0.007962794722,0.856281395279,0.488350354028,-0.277924284835,-0.194109334754,0.640166531773,0.149517772958,1.347875556884,0.921417004295,0.358528470429,-0.004185230981,1.079578799932,1.064017149107,1.369139390703,0.963397378015,0.401970719277,0.075664562544,1.126990517688,1.109330770237,1.460207992418,1.151958062192,-0.260404194479,-0.032739794337,1.315414327160,0.422577841374,0.631953269243,0.484532698989,-0.000426712388,-0.290893065964
221,1,0.313098609104,-0.029882702342,0.047926305068,-0.313098609104,0.029882702342,-0.047926305068,0.943440006289,0.495363079619,-0.264998683350,-0.207507795635,0.666075608572,0.062650873689,1.483014487576,0.939985830551,0.400032774712,-0.004516190926,1.123069463271,1.037609287021,1.501727765803,0.996650033565,0.442925229774,0.085510487320,1.172127899061,1.087830686769,1.668324645938,1.162596159427,-0.224405972451,-0.039757923766,1.370292947371,0.417326557519,0.629436492920,0.484811320901,-0.000436074100,-0.279427854094
222,1,0.316706059907,-0.030888572046,0.059556283035,-0.316706059907,0.030888572046,-0.059556283035,1.004915823273,0.486427350149,-0.307413812197,-0.211554746207,0.672067806851,0.058738548382,1.570279291265,0.919962169757,0.373065340629,-0.002685630864,1.132925159845,1.062424510350,1.579382501427,0.985385242957,0.421385406402,0.088258946096,1.182097462085,1.114705443486,1.782178813680,1.146584598627,-0.216716863370,-0.034140962741,1.381760359123,0.446839976374,0.627519875765,0.484728008509,-0.000431965105,-0.277168622165
223,1,0.308827011195,-0.033499462450,0.071574463209,-0.308827011195,0.033499462450,-0.071574463209,1.011564157963,0.466323327202,-0.299667862825,-0.209899512497,0.661091407565,-0.021490674640,1.587000778148,0.877006280592,0.405310420878,-0.004968066329,1.115324572968,0.947055725603,1.589912953100,0.949008651959,0.452548854320,0.086480745123,1.162463552422,0.995530726455,1.807600623752,1.078603780551,-0.193885962574,-0.028512073933,1.357485611632,0.308002405873,0.625423043966,0.483933135867,-0.000428671949,-0.283028301047
224,1,0.314767364288,-0.035237827161,0.082814633850,-0.314767364288,0.035237827161,-0.082814633850,1.045634023711,0.465855939926,-0.259615286300,-0.212705031681,0.674737084597,0.018359261623,1.680237762003,0.880905799831,0.407691371204,-0.002123163440,1.139879068895,0.999400425322,1.682882848291,0.951673829838,0.450343259944,0.093647287393,1.189136417708,1.047824180955,1.882731089128,1.090029444336,-0.184621070550,-0.027410005614,1.386230737558,0.375530233814,0.623685359955,0.483758568764,-0.000436939299,-0.277253960153
225,1,0.312974158749,-0.035566128918,0.088457179664,-0.312974158749,0.035566128918,-0.088457179664,1.053220082384,0.459262880501,-0.213514868687,-0.216563293422,0.672528987534,0.021419300894,1.680015054371,0.876413027542,0.416328072844,-0.003228425835,1.136206895397,1.025380197799,1.670268085153,0.946514948100,0.451738258822,0.093062054971,1.185440737472,1.076507846914,1.905234332282,1.082014367747,-0.106524584277,-0.031190622809,1.381468509296,0.398359692265,0.620482891798,0.483671844006,-0.000439465046,-0.278256788160
226,1,0.313329559801,-0.036553349117,0.087737387410,-0.313329559801,0.036553349117,-0.087737387410,1.060129522937,0.459051886596,-0.208436175775,-0.217680802770,0.673749733092,0.024075831154,1.677808057240,0.870475051063,0.433731190341,-0.001466994301,1.135214429393,1.052223129106,1.668786701265,0.933971870481,0.476632201616,0.098865943788,1.180092389876,1.107183072479,1.920117000562,1.087780720749,-0.013392529339,-0.041350252254,1.382776548475,0.419714435358,0.617900699377,0.483542680740,-0.000442060642,-0.278135774351
227,1,0.289317897710,-0.034156183304,0.077210602840,-0.289317897710,0.034156183304,-0.077210602840,0.985164288288,0.428048778665,-0.209130782013,-0.199538004070,0.623173934725,0.010636487224,1.523621390851,0.802720470508,0.608763693044,-0.007571847109,1.050903045703,1.026217799485,1.512273113799,0.863583418034,0.676232710532,0.082912353807,1.092491391474,1.091178822478,1.746270231426,1.002420162642,0.066674153153,-0.045706100701,1.277697701751,0.395395302351,0.615285485983,0.483487054706,-0.000442645513,-0.301362981239
228,1,0.289238503339,-0.034504883887,0.074543888768,-0.289238503339,0.034504883887,-0.074543888768,0.964162914168,0.430175735271,-0.261918781706,-0.199615633742,0.624536114571,0.022504481736,1.490192815683,0.811882040139,0.476644816729,-0.010721881710,1.051225681166,1.069842240338,1.490977999496,0.873333598076,0.529034876934,0.078114815426,1.092374374852,1.131287470931,1.708677502979,1.015017852029,-0.117170746347,-0.049039089069,1.277568608087,0.433092375039,0.612830102444,0.483429133892,-0.000445792452,-0.301445394601
229,1,0.291550316956,-0.034682851065,0.072399013573,-0.291550316956,0.034682851065,-0.072399013573,0.941000658001,0.434138678563,-0.283346714203,-0.202064818747,0.628835750341,0.026918865946,1.456742003324,0.820448169035,0.430004065852,-0.018525479887,1.055493177813,1.073868198389,1.462798450278,0.881905491367,0.478385594365,0.068228180496,1.096706484521,1.135425233694,1.659626279162,1.023063542300,-0.182376141756,-0.057733216398,1.282187696335,0.438366859002,0.609682708979,0.483457654715,-0.000447706319,-0.300375497051
230,1,0.294618208020,-0.035142748000,0.070639462117,-0.294618208020,0.035142748000,-0.070639462117,0.928530927089,0.440975263722,-0.247429984830,-0.207495745952,0.634569471632,0.049691341075,1.440903303004,0.841793962198,0.350116281872,-0.020414071349,1.063680066829,1.045825345267,1.445880759208,0.900693242904,0.384225895435,0.069334399289,1.104999434200,1.096301785625,1.653039339122,1.051998255286,-0.212090456473,-0.063083104552,1.294220700771,0.443830710600,0.607325315475,0.483493581414,-0.000443966128,-0.297522899482
231,1,0.294068982049,-0.035048762284,0.060421115478,-0.294068982049,0.035048762284,-0.060421115478,0.913271625602,0.451606257188,-0.321607138152,-0.208301529307,0.630751997174,0.067508721310,1.378891016760,0.853098913974,0.366996164430,-0.023865812678,1.057574487465,1.089010503057,1.358137045954,0.900796241920,0.410114688475,0.064924597805,1.099149927177,1.143243481591,1.549645157664,1.074626681012,-0.206454133355,-0.065034867966,1.287551381508,0.484831371236,0.605862796307,0.483535856009,-0.000433309935,-0.298914669740
232,1,0.292119420353,-0.034851158864,0.055479146518,-0.292119420353,0.034851158864,-0.055479146518,0.868876879287,0.465824905791,-0.323534452261,-0.203449015531,0.627895636539,0.073784429790,1.264481815685,0.877656857013,0.440074958405,-0.025790368759,1.052849437064,1.087970808980,1.224795849833,0.917329323224,0.502526033458,0.059480707415,1.093823427460,1.141440900627,1.415537881858,1.103927710014,-0.113379763173,-0.063472035013,1.281847217491,0.482311462995,0.604511708021,0.483554676175,-0.000428027473,-0.300238793690
233,1,0.292748513753,-0.034704184672,0.051961302437,-0.292748513753,0.034704184672,-0.051961302437,0.814777738067,0.478689903194,-0.308527010552,-0.195892082580,0.632076348555,0.132907165554,1.181852481770,0.926897754744,0.428263533485,-0.028240723583,1.059991379623,1.084590165270,1.161062199082,0.971725515162,0.484441286871,0.055997076071,1.101157426471,1.131483922805,1.308876727965,1.139241366174,-0.114302757958,-0.063090659286,1.290842823603,0.485161447857,0.603247791529,0.483564332128,-0.000428867061,-0.298225591832
234,1,0.294183017397,-0.034080577778,0.049783762490,-0.294183017397,0.034080577778,-0.049783762490,0.765417063759,0.502828317211,-0.304655974961,-0.194038259189,0.635540826798,0.152919492182,1.080676352466,0.980734264266,0.384122628385,-0.026234942881,1.068060773718,1.063689663401,1.062625431912,1.029974317013,0.428335498398,0.058146659599,1.110302519332,1.101747224780,1.187334640814,1.185895512600,-0.187169641227,-0.059498799792,1.300444037342,0.454323119434,0.602143824100,0.483521550894,-0.000423412770,-0.296008647465
235,1,0.296473542677,-0.032534861526,0.037761651028,-0.296473542677,0.032534861526,-0.037761651028,0.718328821118,0.529037069490,-0.278691979125,-0.195485573935,0.640921157375,0.223599665139,0.989073167104,1.017994986858,0.368867404593,-0.025734498442,1.078783851348,1.083894712826,0.980472604454,1.067249278961,0.405897106434,0.057684281090,1.120573073258,1.116229790076,1.057113400413,1.242840641688,-0.241409424514,-0.058189170975,1.314805394676,0.462634948392,0.601152837276,0.484082415700,-0.000410951208,-0.292303539602
236,1,0.293184604527,-0.030507069166,0.018665423510,-0.293184604527,0.030507069166,-0.018665423510,0.641993544899,0.531618526530,-0.299051724200,-0.194952236369,0.632004219117,0.219974266556,0.868923714033,1.031502193398,0.292335171987,-0.022688513493,1.071543884935,1.090951068425,0.881761909334,1.082378058378,0.321650787374,0.055374416325,1.113553692686,1.120125723726,0.918249854851,1.256064618516,-0.433314570540,-0.051522369450,1.303625804158,0.444663350359,0.600428044796,0.484319582582,-0.000408896711,-0.293826278959
237,1,0.290462674407,-0.026795436966,-0.016479043346,-0.290462674407,0.026795436966,0.016479043346,0.588137292994,0.562733437558,-0.223347844461,-0.190215951670,0.627220038471,0.311851460632,0.763897766268,1.037524572161,0.482122962870,-0.021954466642,1.065954388424,1.148743672168,0.761313660927,1.075287623687,0.529114202669,0.052914725688,1.107883274531,1.179020492962,0.794281405929,1.268870344060,-0.156854491655,-0.051662464310,1.297327902853,0.520780052879,0.599679410458,0.485408514738,-0.000406236621,-0.294343601142
238,1,0.267960028286,-0.020429690896,-0.047480073178,-0.267960028286,0.020429690896,0.047480073178,0.497068409202,0.536376201151,-0.211180409546,-0.175761828977,0.577593402604,0.287462377856,0.605347073143,0.969632776948,0.837044290098,-0.019250074973,0.986201752230,1.423356055554,0.600721178301,1.003275185293,0.917777634188,0.047090369575,1.023830188560,1.488701455712,0.623970114453,1.192556501688,0.088226282825,-0.046066356136,1.201167197812,0.674913484096,0.598228126764,0.487635433674,-0.000419593882,-0.315830623139
239,1,0.199300493987,-0.013397828501,-0.057015796158,-0.199300493987,0.013397828501,0.057015796158,0.333961836948,0.405590090244,-0.103692995275,-0.129709084218,0.425204532712,0.368040094916,0.389808468145,0.722545137652,1.088424731387,-0.012184282754,0.731582138231,1.751051464116,0.379872983097,0.748417153471,1.177239060105,0.040925156150,0.759845104910,1.844737337498,0.390438094653,0.891328127270,0.410187867402,-0.034381859211,0.891879023891,1.117394991503,0.596603363752,0.491261690855,-0.000373414718,-0.420556680479
240,1,0.205395215339,-0.012355248706,-0.070073913026,-0.205395215339,0.012355248706,0.070073913026,0.305430389396,0.421610672496,-0.030503293816,-0.135030893185,0.433142756868,0.361353576999,0.325064657800,0.749296899417,1.393130552222,-0.013214027196,0.748750864628,1.951506050052,0.304903226439,0.777827731135,1.504423104339,0.048295073439,0.777767958096,2.067889590857,0.311996685364,0.926236696933,0.713683662471,-0.029228355180,0.914638377571,1.319337431196,0.595512717962,0.495135605335,-0.000369266607,-0.405853388717
241,1,0.261684735333,-0.013255741626,-0.081900234445,-0.261684735333,0.013255741626,0.081900234445,0.331417392978,0.539872725593,-0.077280549757,-0.174363825823,0.548823973999,0.421456589317,0.326971868140,0.949898776208,1.297859056719,-0.019067948030,0.950450029996,1.950983863093,0.304183808911,0.990043568284,1.403343134905,0.060546388092,0.988200124127,2.054201023659,0.295998011978,1.178476954427,0.598882978252,-0.024691039553,1.165789598617,1.269500816486,0.594338864088,0.499278038740,-0.000378957950,-0.314861737742
242,1,0.225707042225,-0.011636668692,-0.066435077776,-0.225707042225,0.011636668692,0.066435077776,0.249829097683,0.464299402296,0.036502925246,-0.150829992812,0.474333441500,0.335932522262,0.230831921283,0.817922931534,1.559490993844,-0.017253830421,0.820411227917,1.890657005820,0.217901880225,0.855250650699,1.680690488199,0.050413329894,0.853741272995,2.002570111953,0.202634120477,1.014202918859,0.901887191298,-0.012317991837,1.006201842187,1.226502009750,0.594176620245,0.499345555902,-0.000383634120,-0.364172620639
243,1,0.254904971340,-0.013354005370,-0.071168116408,-0.254904971340,0.013354005370,0.071168116408,0.245896569990,0.519966951405,0.067388711030,-0.171673707158,0.535511372900,0.398499931659,0.214931930876,0.927034853220,1.626103107248,-0.019989026588,0.928846670308,1.625911510236,0.214465377301,0.974629073259,1.876692318772,0.055444313487,0.968486086906,1.676534151256,0.202829943284,1.144174419817,0.705892644385,-0.008003816631,1.137900174658,0.953909034800,0.593857407570,0.499927774072,-0.000382232480,-0.321048814497
244,1,0.268081750015,-0.014530846441,-0.071100210496,-0.268081750015,0.014530846441,0.071100210496,0.236832739655,0.548518060765,0.055016910472,-0.180837802707,0.561810078143,0.402817901299,0.219297882839,0.985362996196,1.137806827272,-0.021040715240,0.978560785411,1.330468835784,0.223705905994,1.036495361890,1.225033006592,0.055601210040,1.021648157391,1.367406140730,0.201777669969,1.212319760692,0.498952457012,-0.008486167009,1.197715255200,0.677738008240,0.593879073858,0.499592736363,-0.000386120752,-0.305269372009
245,1,0.283199975930,-0.014983885715,-0.065557774578,-0.283199975930,0.014983885715,0.065557774578,0.254887995065,0.579512164276,0.040722228516,-0.192117737102,0.594423692554,0.413496787622,0.236974383088,1.039218049029,0.995618474519,-0.022605621989,1.035779648430,1.345092897903,0.240941991192,1.094113707594,1.061114730406,0.057659929900,1.081967588510,1.387448945330,0.216662786673,1.280901613443,0.459792824231,-0.010276204293,1.267886170694,0.718679563338,0.593796283007,0.499901846051,-0.000387876295,-0.288107556885
246,1,0.275704971730,-0.013769559728,-0.062836329709,-0.275704971730,0.013769559728,0.062836329709,0.263105440558,0.563578018402,0.028643887102,-0.188355017915,0.573781579772,0.428286234724,0.230491184731,1.006139275812,1.107249627217,-0.023943650872,1.003087694391,1.581786787084,0.229705984855,1.059148947029,1.188788900098,0.051286974985,1.048938724580,1.648888676641,0.204646805162,1.240875283369,0.514995362496,-0.013942142220,1.229622703038,0.969840153544,0.593595057726,0.502220362425,-0.000387228094,-0.295290505340
247,1,0.274469695947,-0.012283739816,-0.067468908457,-0.274469695947,0.012283739816,0.067468908457,0.274853291808,0.561811836399,0.025485200461,-0.189807144808,0.568138546268,0.444519400747,0.246538996240,0.995911662671,1.320628801970,-0.025502065973,0.992503669576,1.931450253347,0.239734707506,1.048406211764,1.426500755510,0.049077278707,1.037400923139,2.035753840317,0.202434547793,1.230861102562,0.681705474762,-0.016208841106,1.219582940541,1.309920790054,0.593175113201,0.504374384880,-0.000380073674,-0.295540295859
248,1,0.267612879770,-0.012502638644,-0.070662139575,-0.267612879770,0.012502638644,0.070662139575,0.267269009721,0.545381145560,-0.045740756885,-0.184986044367,0.553931443820,0.424780935753,0.252542435331,0.969967553367,1.256557410857,-0.024754608422,0.967961808776,1.856312737275,0.246322855589,1.020919764675,1.357725770482,0.047468337277,1.011866750843,1.948910229423,0.199210100020,1.199995161208,0.598443774410,-0.016008656568,1.189736929109,1.178376084932,0.593227535486,0.504540652037,-0.000381605700,-0.302815888476
249,1,0.269988021875,-0.012763825504,-0.071675965244,-0.269988021875,0.012763825504,0.071675965244,0.269823627452,0.550471544274,-0.071902218784,-0.187272580403,0.559314851031,0.425693975198,0.254446884788,0.979302844528,1.177003124559,-0.025405895768,0.977298306004,1.838280187320,0.247065038487,1.030944161973,1.275077716304,0.047069979665,1.022040027292,1.927640781344,0.195294312614,1.212374776844,0.552373544386,-0.016692593791,1.201870827998,1.145958519966,0.593059986830,0.504314690828,-0.000378395431,-0.299846189324
250,1,0.270374372086,-0.012558085513,-0.070112944927,-0.270374372086,0.012558085513,0.070112944927,0.273903379112,0.553089785970,-0.079246558068,-0.188752157482,0.558261895791,0.418409935869,0.250385384629,0.984035375425,0.987848185329,-0.025919452415,0.981699210312,1.593054919712,0.243608309408,1.039012329051,1.064081246396,0.046260262345,1.027344482183,1.656855888444,0.209045445421,1.217972560283,0.372664203906,-0.017703938436,1.206659131627,0.959438520674,0.592821002007,0.504100888968,-0.000377377495,-0.298512438238
251,1,0.272576453795,-0.012845486339,-0.058828049351,-0.272576453795,0.012845486339,0.058828049351,0.273332662639,0.558280185886,0.068271765834,-0.188877399186,0.564720138492,0.425526784338,0.244695152496,0.994930509573,1.085885150398,-0.025937037439,0.990471353141,1.614207932745,0.241936207962,1.050806432794,1.153197700815,0.046647337285,1.037015333161,1.680427532930,0.207498010394,1.229290237583,0.469446425803,-0.017780569257,1.216709031844,0.967911941395,0.592889934778,0.503937482834,-0.000377460383,-0.296128050325
252,1,0.268878475982,-0.012675782728,-0.058343391562,-0.268878475982,0.012675782728,0.058343391562,0.271489831836,0.553246706016,0.022125368799,-0.186526609986,0.558354006363,0.393734405727,0.245719726384,0.983602361949,1.147187891193,-0.025903990576,0.978728665321,1.671008474376,0.240216729942,1.039273346091,1.233527805706,0.045035658384,1.025032656820,1.750948421707,0.208318102446,1.216198565145,0.470979319001,-0.018262804997,1.204583533996,0.965951928690,0.592806816101,0.503766477108,-0.000379847363,-0.300059702346
253,1,0.269681508484,-0.012337605492,-0.058436096879,-0.269681508484,0.012337605492,0.058436096879,0.274470905177,0.554911362237,0.015523769085,-0.187445424243,0.562944590897,0.364595227940,0.250521728855,0.985492777225,1.400657231408,-0.026715464073,0.980124865268,1.963486797044,0.242053118619,1.041227400197,1.516108604038,0.044638472960,1.026544435616,2.084636505149,0.209180812832,1.218861688000,0.723341398938,-0.019012758607,1.207065119870,1.315565749725,0.592700093985,0.504185676575,-0.000380460173,-0.298994149461
254,1,0.218354386315,-0.009826582036,-0.059542147675,-0.218354386315,0.009826582036,0.059542147675,0.222429373144,0.448621524847,-0.108905406147,-0.152670085917,0.455383727103,0.230692863803,0.205673121432,0.794322150838,1.497297659096,-0.022892345023,0.791583518561,2.018409689105,0.197355519173,0.838197809003,1.636687288472,0.034933719955,0.828803998886,2.159904991605,0.169029025607,0.985604115062,0.852139738685,-0.018739024059,0.976167591888,1.398014623255,0.592305511236,0.504100561142,-0.000368649140,-0.369798650249
255,1,0.227678384904,-0.010671862949,-0.062570651224,-0.227678384904,0.010671862949,0.062570651224,0.237762337644,0.470276963921,-0.119679194605,-0.158209961113,0.478197299652,0.214973718954,0.221997379348,0.827043105570,1.413930110917,-0.024202695301,0.825053410598,1.924277973662,0.209441584828,0.872211464579,1.538653700391,0.037496315454,0.863051346755,2.050088911628,0.176971381234,1.026142037021,0.792503144739,-0.018561476930,1.017357463211,1.327683330779,0.591838836670,0.504179477692,-0.000373607501,-0.355046507050
256,1,0.218809688614,-0.010400889473,-0.088181316152,-0.218809688614,0.010400889473,0.088181316152,0.253150468559,0.449772144172,-0.164863382725,-0.152388936874,0.458208513057,0.245758094905,0.265097495860,0.791162362594,1.373682136015,-0.023386889927,0.789547591370,2.124203493993,0.252349183694,0.834045953392,1.498875069615,0.039786498765,0.825764671900,2.263739282192,0.224298433751,0.982294410066,0.705345537176,-0.019231478953,0.975038696140,1.502553338008,0.591334342957,0.504052489996,-0.000365452841,-0.371262200158
257,1,0.224395450355,-0.011771753050,-0.090869089456,-0.224395450355,0.011771753050,0.090869089456,0.305014207350,0.454754449851,-0.186719284403,-0.156541276515,0.469217320957,0.325794157057,0.339799387838,0.810622627091,1.041883339160,-0.022839608275,0.808896751404,2.002508866999,0.313780785516,0.854169705684,1.129471448207,0.044734090239,0.845825072102,2.154532076841,0.310445378853,1.006920213663,0.326672674582,-0.020527657389,0.999475137361,1.407002275772,0.591118067503,0.503514230251,-0.000373519957,-0.362972154390
258,1,0.173940606170,-0.010157387749,-0.072115077266,-0.173940606170,0.010157387749,0.072115077266,0.270615149014,0.348538994551,-0.101959143385,-0.120570559490,0.365323363421,0.306348084123,0.335804157687,0.630061814644,0.909406148064,-0.017622822267,0.627845834353,1.553390139618,0.336519128730,0.663397244713,0.977381254989,0.032930208153,0.655511445411,1.640046931567,0.322129988729,0.778681204108,0.278703559273,-0.015967539111,0.774292490800,0.997211016084,0.591096788645,0.500924840569,-0.000359758735,-0.471354280106
259,1,0.219758232385,-0.015637864835,-0.085070649411,-0.219758232385,0.015637864835,0.085070649411,0.394144157599,0.435150929309,-0.126468868961,-0.150515582741,0.471192851178,0.266058251643,0.527864935414,0.806197894195,0.499408938928,-0.019382923348,0.804274964612,1.056923228835,0.542623042064,0.847535390699,0.528777173368,0.041886211661,0.838184240622,1.091411293126,0.493394533117,0.991824961839,-0.181848892894,-0.022181633190,0.986817070836,0.433854861245,0.591330677271,0.496304810047,-0.000373594463,-0.374596209000
260,1,0.250794362286,-0.020234582366,-0.057653635293,-0.250794362286,0.020234582366,0.057653635293,0.503054122552,0.483919244766,-0.184400436392,-0.170812935080,0.549927401338,0.207462078288,0.715911210720,0.927375659505,0.356755820944,-0.020397203262,0.931009245604,0.961510536151,0.728556636941,0.971622660591,0.383784011152,0.047347386117,0.969859079053,0.988395381062,0.731870410995,1.130872589337,-0.321856925288,-0.025601252929,1.138320391091,0.302538629547,0.591283917427,0.490984261036,-0.000407892279,-0.329322827549
261,1,0.272845918312,-0.023554849120,-0.031507301943,-0.272845918312,0.023554849120,0.031507301943,0.613353506289,0.512436701535,-0.212249907337,-0.185139884500,0.603673941985,0.188976723432,0.932213373020,1.004127000715,0.253608951994,-0.023692356709,1.021938225942,0.948318551340,0.945817365699,1.051396103905,0.275004167766,0.049707009377,1.068010273399,0.973320438817,0.962132418223,1.209975126398,-0.441953811644,-0.036956964787,1.246047672942,0.261848262694,0.591324657202,0.486826047301,-0.000421162695,-0.304183644146
262,1,0.288817090936,-0.026443688551,0.012100021379,-0.288817090936,0.026443688551,-0.012100021379,0.726182727093,0.526565754516,-0.216153126127,-0.196739309156,0.640149646999,0.177726634504,1.127287083650,1.032236576614,0.317848061946,-0.027669717261,1.083252611350,1.018456052539,1.114626998955,1.087186247274,0.348545948579,0.051445519756,1.131937303746,1.053168517300,1.237100052140,1.232474864649,-0.304591120627,-0.044781261102,1.319633429272,0.390236200196,0.591342806816,0.485528662801,-0.000426047249,-0.288110729485
263,1,0.303707019400,-0.030771115360,0.042545853812,-0.303707019400,0.030771115360,-0.042545853812,0.833764720098,0.530484461387,-0.277300249714,-0.207900762860,0.674748656776,0.155912334134,1.302065400209,1.035722927116,0.217434004768,-0.029503952717,1.139955321897,1.009051146470,1.300760722526,1.082133151952,0.248388222799,0.054377291748,1.191057095253,1.044314199978,1.432099414415,1.256438003667,-0.409937493275,-0.051332718546,1.388031873727,0.361356525966,0.591457784176,0.484277993441,-0.000428677537,-0.274865853805
264,1,0.295508635544,-0.029975161612,0.044433070087,-0.295508635544,0.029975161612,-0.044433070087,0.878772945128,0.496838520179,-0.357736904501,-0.206960936037,0.651970168628,0.076777695792,1.402835149473,0.961326032129,0.306976925657,-0.029953698492,1.103476744002,1.198539738368,1.421430502223,1.020525198651,0.346074752633,0.052639323555,1.153070298735,1.257730298652,1.579708885367,1.165648631273,-0.431648330910,-0.054636600629,1.343960238733,0.501891384205,0.591033399105,0.484608545899,-0.000422210898,-0.283955692718
265,1,0.304915570475,-0.033856804900,0.089539598521,-0.304915570475,0.033856804900,-0.089539598521,0.972204455373,0.493870465829,-0.336240905558,-0.214147764864,0.673554929786,0.071848328526,1.563243296470,0.961644315025,0.224934557838,-0.025920491835,1.139025109844,1.132145572581,1.576574484984,1.041071412471,0.248629731758,0.065090863036,1.189391615603,1.183598001175,1.783060388922,1.157661058419,-0.444819736572,-0.055121335048,1.386337822502,0.494111124698,0.591177016497,0.484018594027,-0.000420100987,-0.275814570215
266,1,0.309781834850,-0.035916921550,0.095100966795,-0.309781834850,0.035916921550,-0.095100966795,1.029786078360,0.486571054329,-0.336827406461,-0.218612839989,0.683387873238,0.096196234685,1.667887873954,0.940826352559,0.372392839714,-0.025366119369,1.158851760638,1.176174937595,1.666998029471,1.021499897295,0.412359158048,0.070723739000,1.209548994122,1.228596836162,1.904725132601,1.159084983139,-0.333516593178,-0.058691995813,1.407123895552,0.509422654725,0.590890526772,0.483720541000,-0.000422464684,-0.272437483404
267,1,0.304185295161,-0.038839816257,0.091923561110,-0.304185295161,0.038839816257,-0.091923561110,1.058227395874,0.466487424171,-0.398157384199,-0.215719371930,0.674418367501,0.090600802769,1.715115007666,0.887638089356,0.352721150576,-0.024771231592,1.142318931475,1.223269036811,1.747820158659,0.964731893228,0.398581193265,0.068476668259,1.193348944150,1.281039192704,1.923183912245,1.080624174643,-0.414539541035,-0.055825303582,1.384605675308,0.476436837438,0.590562105179,0.482702821493,-0.000426468439,-0.277558075942
268,1,0.310645481795,-0.041230223691,0.085992645314,-0.310645481795,0.041230223691,-0.085992645314,1.100120787058,0.461869662464,-0.389420335530,-0.220536611818,0.691642432357,0.107419608137,1.797282640550,0.880912041621,0.358219829135,-0.025362741499,1.171706332387,1.209948729886,1.867270440665,0.957010358121,0.401148937469,0.069653475063,1.222361390748,1.263154322837,1.999263951423,1.077610462701,-0.382288716775,-0.057858994003,1.418402734618,0.465558355015,0.590520143509,0.482116311789,-0.000415223651,-0.271681788014
269,1,0.313057541823,-0.042489838117,0.089859593815,-0.313057541823,0.042489838117,-0.089859593815,1.112016101255,0.448887032650,-0.377532793237,-0.222881798935,0.698728196442,0.104917229268,1.871152940759,0.892043639602,-0.010998307735,-0.025487223382,1.182481050881,1.252427013131,1.942853816850,0.994246663321,-0.016123455803,0.073992913666,1.233515436097,1.310691501820,2.112141218624,1.046785039226,-0.776897061900,-0.065225532651,1.431781220374,0.518220118695,0.590256005526,0.481650233269,-0.000421106815,-0.269490753860
270,1,0.314569040295,-0.042779905731,0.085179806064,-0.314569040295,0.042779905731,-0.085179806064,1.152992341851,0.457494996970,-0.360542497198,-0.228283105986,0.701259738649,0.091397219067,1.889529188259,0.901797652974,0.171722160129,-0.029489395088,1.186492606151,1.203697937792,1.941159423331,0.998283250542,0.193984200842,0.071177454322,1.238164022572,1.260651326647,2.144129491453,1.068175403089,-0.738924823850,-0.072590210290,1.437120351266,0.524834973581,0.589024096727,0.481649369001,-0.000423405319,-0.268668040704
271,1,0.314786804072,-0.044518751153,0.089124478790,-0.314786804072,0.044518751153,-0.089124478790,1.142440965761,0.457104171043,-0.350207469404,-0.227688273119,0.704494848444,0.068825816953,1.862105173644,0.900242819896,0.251178292766,-0.029884334906,1.185445658680,1.176516849897,1.866749386326,0.992717811600,0.282997047969,0.070925525177,1.232411434303,1.235830525230,2.151306693367,1.080461260321,-0.605175486561,-0.072943973486,1.440326040281,0.531077376675,0.588939815760,0.480929076672,-0.000426538289,-0.268486157381
272,1,0.321595882330,-0.046001649788,0.089054334696,-0.321595882330,0.046001649788,-0.089054334696,1.150969011616,0.469842959194,-0.301632516941,-0.241409451026,0.714405949791,0.038562197327,1.842518985610,0.916850655448,0.393475841397,-0.040790858503,1.201304298407,1.178701051173,1.842468401149,1.005249410598,0.443951721991,0.061794992133,1.247107499295,1.243063310382,2.115394007473,1.102207000196,-0.203239202252,-0.086078013346,1.459918215067,0.549887447541,0.586250603199,0.481373175979,-0.000432022847,-0.264385384215
273,1,0.322593861368,-0.045956732033,0.111860935048,-0.322593861368,0.045956732033,-0.111860935048,1.127975773529,0.476139710211,-0.301337199690,-0.237948390143,0.716783740361,0.047109182459,1.792487565152,0.927720426558,0.381596862645,-0.041165199406,1.203724105937,1.177788350131,1.798453965927,1.012754042800,0.430186805766,0.059925315749,1.249896624886,1.240052601520,2.056857949114,1.108893220867,-0.189468280781,-0.088284783151,1.463915173478,0.555331030722,0.586182683706,0.481375336647,-0.000432717614,-0.263513804640
274,1,0.321532201170,-0.045697470200,0.111347347132,-0.321532201170,0.045697470200,-0.111347347132,1.102058430413,0.477724669688,-0.298870444475,-0.241302391272,0.711449984534,0.051038300765,1.767207106292,0.924219177189,0.410840616684,-0.045357472462,1.194722860389,1.150237533919,1.750155456153,1.010045924766,0.466025601397,0.055065598123,1.240448514022,1.208320331263,1.996903018444,1.128072973389,-0.107109951271,-0.092806694552,1.453226015736,0.548420763473,0.584989517927,0.481465220451,-0.000435539521,-0.265417742160
275,1,0.321134727947,-0.044839166862,0.110419098626,-0.321134727947,0.044839166862,-0.110419098626,1.052364994971,0.481584624630,-0.320246110169,-0.240683221538,0.709473296602,0.055042145117,1.649669328138,0.948416500637,0.284582124796,-0.045589467116,1.191409566694,1.142567582157,1.647024030880,1.020418654625,0.322451024153,0.051846134141,1.237983428191,1.196932553420,1.880368726499,1.169299157843,-0.302966596152,-0.091705001671,1.449063491865,0.526722019174,0.584991529584,0.481422126293,-0.000434065238,-0.265948796572
276,1,0.318870298143,-0.042543007698,0.107920066886,-0.318870298143,0.042543007698,-0.107920066886,0.988728652263,0.502814020397,-0.273712940186,-0.240189983960,0.700840150141,0.062879792895,1.516974762927,0.994152528571,0.298851833136,-0.046953032814,1.178189887470,1.102864663232,1.523499410988,1.055181419305,0.335279901662,0.049544553243,1.224494013338,1.150342050158,1.701836479535,1.204942104572,-0.299758247795,-0.094076853985,1.433357571800,0.488591064275,0.584518566728,0.481962203979,-0.000432026573,-0.268466035733
277,1,0.317092247302,-0.039588374431,0.101206104148,-0.317092247302,0.039588374431,-0.101206104148,0.919557378968,0.528055654066,-0.273813631095,-0.239394574625,0.692372400839,0.172039997442,1.345192792552,1.033595563431,0.287835328711,-0.049235979998,1.166435162247,1.110849982281,1.309512200878,1.087846429367,0.324616549440,0.047290987100,1.212207401917,1.158391228807,1.528405613673,1.254150485031,-0.295054578963,-0.097732532101,1.420413547078,0.506175768454,0.584132432938,0.482699662447,-0.000432481058,-0.270443655920
278,1,0.308452489157,-0.036462994730,0.070982652301,-0.308452489157,0.036462994730,-0.070982652301,0.808475810973,0.528646571641,-0.300005139361,-0.229689847248,0.672476801747,0.196455193272,1.181430782942,1.046405120966,0.289160514523,-0.047952899045,1.133270412325,1.076603157757,1.175802781491,1.096046902939,0.324659543792,0.045340043885,1.178549608605,1.114795725576,1.321356687561,1.265018613178,-0.286713448984,-0.094080209088,1.379969014920,0.457271137323,0.584094509482,0.483281433582,-0.000425022095,-0.277953713372
279,1,0.304068923116,-0.033330708987,0.046101330516,-0.304068923116,0.033330708987,-0.046101330516,0.727477891200,0.546944177978,-0.314390240343,-0.225013093607,0.660015783714,0.214920524052,1.030542570422,1.052819304130,0.267962359810,-0.047751258144,1.114912691207,1.064845980498,1.012532552167,1.099991922480,0.304534085767,0.043929804691,1.159487084775,1.100774068767,1.108663909875,1.305095685370,-0.299149185243,-0.093828741236,1.358281084568,0.459003775355,0.583809465170,0.483824521303,-0.000416146126,-0.281984953128
280,1,0.300512558326,-0.028928597717,0.009301740269,-0.300512558326,0.028928597717,-0.009301740269,0.651014452783,0.561102531461,-0.322297375836,-0.221027131451,0.648372811975,0.234263851526,0.874455652494,1.064587156023,0.368289437870,-0.046867130723,1.099458321033,1.216669021186,0.858502560526,1.106905712460,0.415971587955,0.043509768756,1.143272130062,1.262644952492,0.939289193990,1.312191947261,-0.288075715747,-0.092748811114,1.340145659954,0.548394987191,0.583852216601,0.484987750649,-0.000425177859,-0.284897948618
281,1,0.293714515408,-0.022063827370,-0.034133655530,-0.293714515408,0.022063827370,0.034133655530,0.576756807765,0.573427644922,-0.264874816152,-0.210489544539,0.627382675118,0.289626325821,0.737228750617,1.055400589064,0.595513253038,-0.045883465760,1.067538636016,1.300949769568,0.725924378195,1.090895258563,0.653856734482,0.038035875116,1.110513517637,1.348414992574,0.774303332268,1.286894980083,-0.114232324487,-0.090460298145,1.302215607488,0.598938463223,0.583621174097,0.487970769405,-0.000418006908,-0.290739706089
282,1,0.264387274236,-0.016357011275,-0.041542219622,-0.264387274236,0.016357011275,0.041542219622,0.473675107395,0.526667148851,-0.233521571278,-0.187943596889,0.559176996200,0.296126841490,0.553469501923,0.958145352656,0.862394730220,-0.043042626572,0.956869304012,1.648753262772,0.534889651370,0.991873204291,0.942790430914,0.031906733092,0.994382649175,1.735523828773,0.590783308016,1.170638699379,0.113086045654,-0.080861400033,1.168853789017,0.946952563709,0.583012863994,0.490889698267,-0.000410538632,-0.321413735029
283,1,0.225507695952,-0.012044335760,-0.052487930639,-0.225507695952,0.012044335760,0.052487930639,0.359467609583,0.458088529999,-0.137430869370,-0.160266133901,0.471678832729,0.307624418803,0.394309091951,0.816115006251,1.102360345981,-0.037093510093,0.812247614638,1.763061774803,0.366955054056,0.846116023732,1.194600301691,0.030312565342,0.844264055865,1.862963325732,0.404181092707,1.004300609281,0.394245179645,-0.063119548791,0.994212795686,1.108467833360,0.581890210509,0.494980186224,-0.000400132500,-0.373404474657
284,1,0.248844400114,-0.011332549496,-0.065842565813,-0.248844400114,0.011332549496,0.065842565813,0.344924165312,0.510873653021,-0.163661135440,-0.183370058812,0.513774025079,0.316776326567,0.343684518875,0.898379562153,1.182201924605,-0.046961412455,0.891396057351,1.875061282979,0.308754531633,0.932794817927,1.288675936000,0.033128916730,0.927062621585,1.984176164144,0.358828057550,1.107496031432,0.480589015461,-0.069155401290,1.094632730017,1.213452409763,0.579898491502,0.499847918749,-0.000396353193,-0.334770727348
285,1,0.199637926771,-0.007978200160,-0.047303865015,-0.199637926771,0.007978200160,0.047303865015,0.232390100255,0.406908425374,0.016941764345,-0.148139090664,0.409007717789,0.277221653606,0.205158014814,0.718127056172,1.467389704041,-0.038019223735,0.713234777148,1.813204863102,0.180054257149,0.749227870408,1.581855411678,0.025849823047,0.742350719797,1.922548302982,0.233658336127,0.886365104494,0.839387546747,-0.050265120052,0.878243233068,1.180037494395,0.579609528184,0.501861274242,-0.000396641903,-0.415697974240
286,1,0.213408346125,-0.008641500861,-0.047249407647,-0.213408346125,0.008641500861,0.047249407647,0.219052489287,0.434616012941,0.064464936432,-0.161119632301,0.437052873982,0.291215585492,0.167141810095,0.765315712772,1.427836226963,-0.044229896755,0.763432909465,1.750658252935,0.148691423777,0.801566231707,1.533902209609,0.020376245077,0.795962661521,1.850399350803,0.202638587089,0.945091233903,0.830709774235,-0.052766512981,0.940620138486,1.142215973908,0.578419297934,0.505328536034,-0.000397728756,-0.384162467710
287,1,0.245508202074,-0.010174226166,-0.051840746626,-0.245508202074,0.010174226166,0.051840746626,0.229117561463,0.498626225685,0.010509443279,-0.187496241814,0.505490638230,0.325104942202,0.170212188761,0.885809538635,1.329860593317,-0.052873850239,0.882480853900,1.859161005584,0.150172683520,0.929072195865,1.426918774966,0.018002098929,0.921997684920,1.947502440083,0.203344113249,1.098344108920,0.653959664562,-0.058189573385,1.089362357416,1.236994494786,0.577872082591,0.505002021790,-0.000397831202,-0.331643791445
288,1,0.253803598428,-0.011676881290,-0.052452385473,-0.253803598428,0.011676881290,0.052452385473,0.234041949334,0.524949088603,-0.017004975547,-0.198020034297,0.530267050836,0.326291902061,0.178982725096,0.930660390916,1.263828755330,-0.054813003150,0.924777383456,1.674769261940,0.163797134602,0.980621434476,1.358562870675,0.015831551025,0.967636289393,1.749677953970,0.215766831293,1.150951387942,0.592434614598,-0.059348392770,1.140034443643,1.057997036506,0.576937541366,0.504241019487,-0.000398219563,-0.317303399265
289,1,0.282046364249,-0.010281848481,-0.057175247388,-0.282046364249,0.010281848481,0.057175247388,0.273814635676,0.590035767545,-0.013364917845,-0.219647595331,0.589864266624,0.363979926529,0.211067183290,1.037474726798,1.352990623599,-0.064072691560,1.030420462525,1.716021879762,0.195272264092,1.092029064622,1.443759853499,0.013161853981,1.078956696244,1.791887784822,0.230800100329,1.280989621344,0.618614630422,-0.067418958614,1.268931317923,1.097432050556,0.575617924333,0.506579935551,-0.000401697122,-0.283250872045
290,1,0.276046877798,-0.009773520854,-0.058996506676,-0.276046877798,0.009773520854,0.058996506676,0.275366569346,0.576403987086,-0.100726997910,-0.218717518464,0.576054608862,0.352939626959,0.220222730545,1.009076658724,1.358114071029,-0.070062340477,1.003582660394,1.993893598939,0.184621810996,1.062138656783,1.477224630920,0.005304004598,1.049790043217,2.119103952205,0.231697589368,1.253914115732,0.730418938783,-0.073793988477,1.238828190775,1.435225864361,0.573477461934,0.507751703262,-0.000398430973,-0.289170492278
291,1,0.227496899016,-0.008169945480,-0.050051103329,-0.227496899016,0.008169945480,0.050051103329,0.225645105879,0.473057022265,-0.081275054567,-0.178988686709,0.475494701137,0.290547650067,0.177526011418,0.832891626276,1.263909416877,-0.059153304120,0.828606402277,1.690631849318,0.150760650834,0.877610102636,1.370137654251,0.002434875185,0.866959318487,1.786099448968,0.197672120609,1.035642074615,0.649973085618,-0.061937620724,1.022192530623,1.102417099757,0.572818487883,0.507401227951,-0.000397601165,-0.350779687866
292,1,0.252215410540,-0.009640377886,-0.051660294988,-0.252215410540,0.009640377886,0.051660294988,0.248942917670,0.524827896719,-0.091204899640,-0.199133150019,0.529211422867,0.308538889864,0.194005347691,0.925729938888,1.071970316603,-0.067686273272,0.921983824303,1.545656414101,0.165557269328,0.975642700616,1.156210221054,-0.000024544877,0.965854581454,1.619885124222,0.220868771061,1.152698489389,0.535558701397,-0.071306831373,1.137955137262,0.999606922698,0.572000265121,0.507024794817,-0.000397539698,-0.315691293017
293,1,0.245304857295,-0.009776823699,-0.052171239669,-0.245304857295,0.009776823699,0.052171239669,0.237676857640,0.510353646821,-0.088863865583,-0.196579278909,0.514952044034,0.312043707173,0.185497985705,0.901957997760,1.046682113733,-0.069659111939,0.897487313415,1.511911740081,0.162497008361,0.953595282729,1.131995501962,-0.004401506542,0.942912908741,1.578474824208,0.205652947855,1.122035343322,0.499358711186,-0.076705339113,1.108660539872,0.976935015702,0.570509612560,0.506741940975,-0.000398077071,-0.324828919488
294,1,0.254958230966,-0.009909387238,-0.052101560190,-0.254958230966,0.009909387238,0.052101560190,0.245098829717,0.532620538794,-0.102139648226,-0.205878309469,0.536425985571,0.270106804639,0.191320320978,0.941722154780,1.055352416101,-0.077431744848,0.937736873351,1.511170152534,0.165979339539,0.995082485711,1.145641380939,-0.009891480380,0.984956779794,1.589166107055,0.209875464964,1.172124624828,0.505027213331,-0.084164915071,1.158122036219,0.955851473911,0.568877279758,0.506429404020,-0.000401897356,-0.311223454446
295,1,0.256358927116,-0.009263071729,-0.051619277613,-0.256358927116,0.009263071729,0.051619277613,0.240941561090,0.532460900886,-0.070567086271,-0.210406454067,0.536810352148,0.325631759775,0.181772422816,0.942021480130,1.070149113158,-0.084166358091,0.938502659231,1.550090902845,0.154899527302,0.995444833984,1.161347745484,-0.017631964982,0.986115626212,1.634943062949,0.201094690875,1.172695947675,0.504840404497,-0.092082363222,1.160160004449,0.966563008232,0.566452711821,0.506470680237,-0.000401459634,-0.310928828427
296,1,0.248884330660,-0.008728617792,-0.050903526490,-0.248884330660,0.008728617792,0.050903526490,0.230757449121,0.519445640175,-0.041190312858,-0.208510447256,0.523435239464,0.328905079371,0.172718657492,0.919755722138,1.256128238709,-0.087153784272,0.916612917872,1.726160992294,0.147732399190,0.971664332010,1.358957000352,-0.022646055425,0.963421095178,1.822447503969,0.196914673645,1.144944960282,0.625828384803,-0.095048715323,1.133167917856,1.086214285434,0.564730942249,0.506512284279,-0.000402703881,-0.318296867663
297,1,0.234355793186,-0.008141685156,-0.049302009042,-0.234355793186,0.008141685156,0.049302009042,0.214648535286,0.489435241941,-0.039164490470,-0.198330917271,0.493281929775,0.334867882191,0.159462069763,0.867205408202,1.247456682047,-0.086379414283,0.864353845624,1.766574972747,0.134451184392,0.915827789570,1.349377403664,-0.026028430515,0.908503371111,1.864289493920,0.181941802763,1.079647791223,0.634279238690,-0.094431684690,1.068445791384,1.151301490550,0.563237428665,0.506461352110,-0.000403852202,-0.337637278030
298,1,0.182156010857,-0.006332357938,-0.047446156393,-0.182156010857,0.006332357938,0.047446156393,0.163787501857,0.379749507887,0.055103755293,-0.155098795245,0.382323265716,0.327441082769,0.121264418568,0.672218370015,1.360308482440,-0.069480074579,0.670320023578,1.735628629290,0.102738340932,0.711543370789,1.462919311775,-0.022994317913,0.705776796412,1.836112692377,0.134954288024,0.837340178672,0.789564313841,-0.076870344508,0.828933919311,1.179266086549,0.561757996678,0.506395012140,-0.000389807858,-0.435775498466
299,1,0.181900557638,-0.005607737659,-0.048667943464,-0.181900557638,0.005607737659,0.048667943464,0.161638097651,0.379928459084,0.137648876373,-0.156027138375,0.382257345111,0.355500215441,0.115281092125,0.672888146111,1.528143031053,-0.071882764384,0.670989174529,1.852677164793,0.097120222836,0.712139499381,1.638020855351,-0.026337332044,0.706592149895,1.961182169178,0.133566713373,0.838302937967,0.963544452290,-0.080329705838,0.830037915029,1.297925902498,0.560340821743,0.506736904383,-0.000383111648,-0.434784568202
300,1,0.179162870649,-0.004476077172,-0.051144577201,-0.179162870649,0.004476077172,0.051144577201,0.156524920917,0.377355902467,0.105988451038,-0.155174723334,0.377945315773,0.332939483734,0.109423951053,0.667221410059,1.346075770722,-0.073799965096,0.665684416087,1.716146275756,0.092249914085,0.708071703232,1.447074365722,-0.028786433035,0.702929897533,1.811573047727,0.127064809853,0.831066401770,0.773589289147,-0.085072832849,0.823460723966,1.136407818484,0.558827266097,0.505454123020,-0.000378558412,-0.440502157020
301,1,0.189182764411,-0.004473926002,-0.053691814408,-0.189182764411,0.004473926002,0.053691814408,0.162357536564,0.398147464679,0.076343846109,-0.162158066244,0.399001114920,0.335754622285,0.114023389213,0.703962207988,1.331959033955,-0.079567797629,0.702708333423,1.745658337242,0.095988048851,0.745954525651,1.424167665816,-0.032443023778,0.740928615283,1.832477348105,0.131285808831,0.876567719423,0.763364359504,-0.089989890049,0.868170140207,1.178235880754,0.557630881667,0.505231320858,-0.000381441787,-0.417892225287
302,1,0.186381268049,-0.004002939926,-0.055201052001,-0.186381268049,0.004002939926,0.055201052001,0.158869132853,0.392096369816,0.091075911737,-0.159997888967,0.392350906980,0.328685374203,0.110244974032,0.691551642664,1.461707961106,-0.079692673831,0.689885110287,1.801964365253,0.091056120090,0.732686136443,1.569397622828,-0.034197165981,0.727502846923,1.906298140681,0.127543560509,0.860051604942,0.870085886886,-0.090676834514,0.852111669537,1.216734982104,0.556483924389,0.505390614271,-0.000382191502,-0.425718753707
303,1,0.184471094229,-0.003321221979,-0.058183632003,-0.184471094229,0.003321221979,0.058183632003,0.155278940048,0.388180861097,0.197973874985,-0.159122753237,0.387179187531,0.387050135371,0.107603559940,0.683172271186,1.695785734559,-0.080720354087,0.681703778110,2.010559262263,0.088280086606,0.725008804769,1.814022705793,-0.035940044754,0.719591536860,2.128889486548,0.123344065360,0.849590586151,1.080992267989,-0.091750818307,0.842047619782,1.407697960110,0.555583745241,0.506050705910,-0.000374280848,-0.430162072730
304,1,0.186900891672,-0.003385277082,-0.058708864437,-0.186900891672,0.003385277082,0.058708864437,0.156108863034,0.392934613307,0.192276347304,-0.161136173096,0.391659479414,0.381421190563,0.108104350465,0.691174543282,1.588445223478,-0.082541493019,0.689572700166,1.850071836994,0.088750651601,0.733733434539,1.697845679510,-0.037554937609,0.727776497161,1.952226895273,0.124251978359,0.860138481386,1.037363847507,-0.094130482176,0.852384152306,1.280828219773,0.555067688227,0.506036549807,-0.000375326723,-0.424901435046
305,1,0.184746173872,-0.003148722281,-0.058429009921,-0.184746173872,0.003148722281,0.058429009921,0.153533627128,0.390150248174,0.210102719735,-0.159025761945,0.387477252087,0.387386640875,0.106070060057,0.683611885793,1.597364117448,-0.082049769591,0.684008855800,1.834401938508,0.086801831962,0.726378991252,1.705303909011,-0.038157060737,0.723561100419,1.935044858400,0.121669885959,0.849954243119,1.016118983058,-0.094486175754,0.843762037898,1.246555080589,0.554509952664,0.506122589111,-0.000377386808,-0.429876552235
306,1,0.182721133579,-0.002966764627,-0.057708069384,-0.182721133579,0.002966764627,0.057708069384,0.152617882473,0.385974355888,0.211470019171,-0.158138310971,0.382878947528,0.378063019284,0.105463744977,0.676228237337,1.617587414225,-0.082131613898,0.676420482533,1.846923033414,0.085256867604,0.718489521925,1.729740461814,-0.038913219934,0.715362964628,1.953127320331,0.119403511319,0.841046176911,1.056530926867,-0.093858296365,0.834822839054,1.278701673291,0.553994312882,0.506247550249,-0.000377824530,-0.434372922796
307,1,0.180125832824,-0.002986324998,-0.056867018725,-0.180125832824,0.002986324998,0.056867018725,0.150872329785,0.380347118898,0.190013797441,-0.157033291948,0.377103979968,0.372933192513,0.104542460209,0.666732829716,1.571875768177,-0.081775438099,0.666872270069,1.854727952146,0.083882002772,0.708425359900,1.681585001138,-0.039501184422,0.705244359924,1.961873919433,0.116841505486,0.829488151317,1.002073478407,-0.093034908160,0.823307153065,1.284044074435,0.553391441703,0.506413877010,-0.000377477147,-0.440279895841
308,1,0.181380671184,-0.003083078244,-0.057554119332,-0.181380671184,0.003083078244,0.057554119332,0.151287143617,0.382885444833,0.111744758607,-0.158923509596,0.380187341822,0.371717355577,0.104652377051,0.672118019494,1.455709420772,-0.083328571627,0.672308459369,1.837698091740,0.083803374414,0.713314874387,1.562221146286,-0.040861981047,0.710235755108,1.940558695768,0.116978683321,0.836348453623,0.884091984268,-0.094997007101,0.830111172279,1.266968487300,0.552927792072,0.506438076496,-0.000378659926,-0.436612758778
309,1,0.173536471343,-0.002982321911,-0.056254047861,-0.173536471343,0.002982321911,0.056254047861,0.144704984106,0.366028365263,0.125925610445,-0.152429692120,0.363919766389,0.359544147498,0.100105032024,0.643866929692,1.435883778017,-0.080120284733,0.643924724601,1.775597676634,0.080069027709,0.683176490098,1.538263536589,-0.039462612309,0.680183446055,1.876140420101,0.111850866596,0.801029331844,0.871439736797,-0.091307653115,0.794941121983,1.222534132937,0.552758783102,0.506445646286,-0.000374015421,-0.455840374937
310,1,0.174029967347,-0.002781614529,-0.056576595037,-0.174029967347,0.002781614529,0.056576595037,0.145290398152,0.366434129601,0.125974492727,-0.151703617800,0.364159926146,0.357894964339,0.100540858878,0.644896921375,1.475325513670,-0.080204486528,0.644364923254,1.848896771133,0.080448717856,0.683726621068,1.582955277016,-0.039460537741,0.679915301031,1.960109817857,0.112793207029,0.802571618162,0.909956935043,-0.091405427005,0.796005499867,1.308740995749,0.552764192224,0.506712287664,-0.000371596776,-0.454543041090
311,1,0.175827125474,-0.003072919652,-0.058043582067,-0.175827125474,0.003072919652,0.058043582067,0.147759866322,0.370202420485,0.123543875492,-0.153358546923,0.367615466336,0.380680919040,0.102652588146,0.651721374292,1.467226059404,-0.080640074628,0.651176005639,1.849857793474,0.081952181485,0.691040027644,1.572760926846,-0.039634796121,0.687169806336,1.954774099096,0.114546477801,0.811229042277,0.918215317296,-0.092207379554,0.804599093820,1.287928391072,0.552694782615,0.506845951080,-0.000370237976,-0.449519609751
312,1,0.181618048944,-0.003129812558,-0.058528886682,-0.181618048944,0.003129812558,0.058528886682,0.152718618732,0.382894302831,0.106965289096,-0.158718031970,0.380217426289,0.324008349247,0.106150088713,0.674193064384,1.504843816524,-0.083165643478,0.673300635033,1.900915375058,0.084763882117,0.713520859398,1.613476857403,-0.041142591114,0.708984366393,1.999681214441,0.118613099161,0.839257241576,0.934372962525,-0.095512196423,0.832162524255,1.322965315654,0.552617892623,0.506794571877,-0.000371149741,-0.434530552446
313,1,0.191800659596,-0.003308362293,-0.058911439783,-0.191800659596,0.003308362293,0.058911439783,0.161634816339,0.405122696891,0.079781319766,-0.167352012922,0.402680396508,0.308032946760,0.112561572474,0.713276883535,1.361621237577,-0.087486849095,0.712531792132,1.665660108961,0.089855190861,0.754521741926,1.458991340934,-0.043157460069,0.750440327383,1.753306501494,0.125675644761,0.887628706390,0.777999674977,-0.100488353616,0.880443782605,1.068003287279,0.552729323506,0.506285846233,-0.000382163562,-0.411421587971
314,1,0.184662054787,-0.003147861486,-0.055844437840,-0.184662054787,0.003147861486,0.055844437840,0.156282193245,0.389497133477,0.078772996950,-0.159375242780,0.387874616252,0.295980786770,0.107712266014,0.684992953163,1.445943382718,-0.082377110978,0.684346756429,1.780216292884,0.087149715555,0.723456892115,1.559248728397,-0.039230923698,0.720366694472,1.895067224294,0.121281980081,0.851744402980,0.872740169138,-0.095347510615,0.845382321377,1.217016955979,0.553146943450,0.506232768297,-0.000378998928,-0.428450904116
315,1,0.190342307595,-0.003152461030,-0.054607536153,-0.190342307595,0.003152461030,0.054607536153,0.163235174088,0.401416420912,0.071006955043,-0.162371149307,0.400644888525,0.267281329201,0.112089238623,0.704842653501,1.478358428398,-0.083145909501,0.703908866295,1.822773945126,0.090915770996,0.744065718882,1.594165482453,-0.038916246522,0.740550579019,1.940771224804,0.126106196562,0.875903834969,0.896033173626,-0.096289264622,0.869285267911,1.251157508410,0.553709581494,0.505955457687,-0.000383623876,-0.416944607392
316,1,0.191010616952,-0.003127842641,-0.054164287154,-0.191010616952,0.003127842641,0.054164287154,0.165786453048,0.402175662367,0.077959996916,-0.159792803211,0.402301748163,0.269413245416,0.115650337687,0.705058331768,1.510452716704,-0.079317043093,0.703799761082,1.831130351918,0.094761552384,0.744032709214,1.627450042384,-0.035062501305,0.740025411000,1.952425316232,0.129911899178,0.876588764763,0.941622296161,-0.092470993762,0.869317531303,1.279160046778,0.555294305086,0.505958735943,-0.000384000130,-0.416948605553
317,1,0.192048560284,-0.003175938479,-0.055028474877,-0.192048560284,0.003175938479,0.055028474877,0.168032932794,0.402850062930,0.170178867647,-0.159631107176,0.402282342986,0.275309039206,0.119711159841,0.705997908216,1.604602968755,-0.077490693884,0.703794324374,1.873239884692,0.098063060540,0.745765079466,1.719158401046,-0.033143390085,0.740268863133,1.995662354710,0.132110793416,0.877149506356,1.016052141789,-0.090587484686,0.869630975651,1.316672165702,0.556102812290,0.506435215473,-0.000388577580,-0.416283449537
318,1,0.186779063113,-0.003249078405,-0.052596123399,-0.186779063113,0.003249078405,0.052596123399,0.163033160397,0.390916421287,0.110899905298,-0.155320209696,0.390955210463,0.216143617022,0.117911997052,0.682609921038,1.569172038210,-0.073627294593,0.680129214662,1.851367869539,0.097493097425,0.720175437647,1.689888665896,-0.031061714589,0.713844074297,1.979319094259,0.129680356166,0.848996648184,0.996964217936,-0.082953043844,0.840922265477,1.304195692103,0.556757196784,0.506628662348,-0.000383118168,-0.430256633449
319,1,0.232776143507,-0.004133286165,-0.053687288874,-0.232776143507,0.004133286165,0.053687288874,0.209037994481,0.487717901629,-0.004486725714,-0.188735228323,0.486987827006,0.194148831384,0.153856277813,0.848424866920,1.383270313342,-0.084109786889,0.843033639016,1.730121131451,0.129442273571,0.893382364627,1.493628599267,-0.031194389999,0.884163864210,1.837289566067,0.170102883197,1.054408515717,0.772220588209,-0.092308928120,1.041359482759,1.118797563991,0.559258326888,0.506686896086,-0.000395918265,-0.347386082866
320,1,0.225475467169,-0.004053899584,-0.057679644021,-0.225475467169,0.004053899584,0.057679644021,0.208600062989,0.481021874236,0.011088183895,-0.182137838462,0.475426601113,0.215932440323,0.159294043321,0.832673232782,1.540352173685,-0.075071118264,0.817001785386,2.090499897902,0.137431861934,0.868874796009,1.685498334119,-0.022967628086,0.856128180663,2.249368724709,0.170465161534,1.036713561645,0.869114509587,-0.084251278359,1.008744668354,1.506597712192,0.561547920108,0.506702691317,-0.000390357338,-0.358952649220
321,1,0.217749817988,-0.004400372000,-0.063605323973,-0.217749817988,0.004400372000,0.063605323973,0.206109191260,0.470775083238,-0.057711151046,-0.174440287993,0.459687539292,0.210445876241,0.165207512990,0.830170544358,1.331390165028,-0.066767966501,0.788724013230,1.978180208165,0.144740893178,0.860827566614,1.440582785003,-0.015942039898,0.826108797731,2.117894576031,0.169548597584,1.021616130351,0.611576854642,-0.076092868699,0.970755206600,1.381258464190,0.563590005040,0.507217288017,-0.000398507342,-0.372985170019
322,1,0.213259016372,-0.004888260671,-0.079299182118,-0.213259016372,0.004888260671,0.079299182118,0.205881419407,0.465924501357,-0.055902954005,-0.168417048827,0.451218225197,0.236046070249,0.179200291649,0.835026745763,1.282430407993,-0.061717856260,0.769661038164,2.324960947456,0.156287395145,0.864205336729,1.381938063041,-0.010720532740,0.806281694405,2.493282309684,0.170168633240,1.028237876343,0.505279441720,-0.070208762310,0.948921539306,1.799576113724,0.565237149596,0.507830649614,-0.000379058532,-0.381379881836
323,1,0.213887687675,-0.004878789219,-0.093355947849,-0.213887687675,0.004878789219,0.093355947849,0.209351832932,0.473201689228,-0.146036603888,-0.169557075874,0.455399863599,0.277289005343,0.196286636889,0.873829939226,0.663934786496,-0.058311404236,0.776818533329,2.244441601555,0.174435155084,0.908918123756,0.706890031461,-0.005312841549,0.813974264839,2.388875630711,0.177475730316,1.065659295730,-0.154813196052,-0.066275341490,0.958428016475,1.654917911114,0.567211478949,0.507856637239,-0.000397054479,-0.377770988013
324,1,0.235022864771,-0.005455938927,-0.102526806874,-0.235022864771,0.005455938927,0.102526806874,0.234849261578,0.523018436044,-0.178270034573,-0.182963987399,0.501553014019,0.378929703242,0.225791295445,0.989279581192,0.340655697488,-0.058190147501,0.854355561579,2.085050774545,0.198567671946,1.029084176846,0.354508115266,0.001723209467,0.895513862256,2.197577461149,0.201720173806,1.207334233360,-0.504918189571,-0.069864940542,1.056056914608,1.647650530086,0.569298937917,0.507886379957,-0.000405104831,-0.342823404066
325,1,0.268736374182,-0.006179542066,-0.082576643670,-0.268736374182,0.006179542066,0.082576643670,0.268984447097,0.595270952445,-0.178558991249,-0.207198575351,0.570840843186,0.430574651671,0.263690766049,1.157834077915,-0.032578702113,-0.060641991024,0.977511925084,1.726613243951,0.219649169941,1.219538783864,-0.055733045554,0.008053318158,1.023613302235,1.808169751168,0.242794651415,1.375487922005,-0.813777391761,-0.077415857938,1.208197455171,1.369014645046,0.571076154709,0.507665574551,-0.000418035313,-0.299617521940
326,1,0.233260934528,-0.006001660648,-0.069390621160,-0.233260934528,0.006001660648,0.069390621160,0.230711640341,0.512146471264,-0.371395232015,-0.177697028670,0.488833744865,0.423219197937,0.221317863957,1.030071675499,-0.183597793563,-0.048469555302,0.853446335056,1.770753614352,0.163303130808,1.094121121120,-0.208163971712,0.011137518397,0.893304943018,1.890305337948,0.213891445842,1.207473905986,-1.147495518373,-0.065529805899,1.053067827382,1.315577731196,0.572122901678,0.505053281784,-0.000409363769,-0.346246890235
327,1,0.239269212404,-0.006376749152,-0.060469407598,-0.239269212404,0.006376749152,0.060469407598,0.227918243574,0.525462922461,-0.370240420835,-0.179563549482,0.501994795510,0.464093487736,0.195134304950,1.059252363731,-0.177426218468,-0.038088659198,0.875681966006,1.905506582291,0.113647404374,1.141495200026,-0.197262780104,0.033681391309,0.913684707346,2.014942774135,0.223111970326,1.260342579437,-1.019032991935,-0.070427893355,1.078486472795,1.360765089158,0.573078274727,0.505167990923,-0.000421584584,-0.337157584227
328,1,0.257433721252,-0.006521083535,-0.059386694339,-0.257433721252,0.006521083535,0.059386694339,0.227639658727,0.566532519126,-0.519594105933,-0.190292102178,0.538793853086,0.521950574545,0.158984979964,1.142942003260,-0.422557658404,-0.033391220566,0.943758081299,1.896866361452,0.072890417676,1.230294116729,-0.450787635698,0.043752737846,0.984232761146,1.979154380095,0.233335099461,1.359298495823,-1.228654010815,-0.085858616746,1.162480597864,1.457908268634,0.574416354299,0.504952877760,-0.000434624031,-0.313059766076
329,1,0.248451979062,-0.006386326209,-0.052859475913,-0.248451979062,0.006386326209,0.052859475913,0.187972222410,0.549704792750,-0.530794838051,-0.183501757211,0.522546092482,0.492501813707,0.104172028801,1.108238853309,-0.231939292092,-0.024803421173,0.914273196696,1.896760678794,0.024171864201,1.189321555388,-0.240609403858,0.053152544144,0.953165497665,1.987346862236,0.197617585281,1.318945422279,-1.046819770825,-0.093484758156,1.127391567038,1.445986544765,0.575356736779,0.504650175571,-0.000446038321,-0.323478211987
330,1,0.256007266969,-0.006500221234,-0.022995208053,-0.256007266969,0.006500221234,0.022995208053,0.163192169926,0.566001727425,-0.476698408492,-0.184266624240,0.537579538733,0.420542342511,0.054832101959,1.141404807914,-0.214698689396,-0.017371130645,0.946137703635,1.745899366989,-0.039151688054,1.222742959241,-0.226895614009,0.059394541406,0.980627169597,1.831262163884,0.182496299231,1.362502498890,-0.983671669422,-0.090068019765,1.174214970339,1.330472632774,0.577098444104,0.504588991404,-0.000461796764,-0.314651380260
331,1,0.250747496947,-0.006247837044,-0.011955359103,-0.250747496947,0.006247837044,0.011955359103,0.130968936417,0.555252125784,-0.461857906574,-0.179379824212,0.526776398036,0.358380900996,-0.013510638224,1.121515903294,-0.207157551198,-0.014619877501,0.935429751526,1.542873827193,-0.089945622999,1.198334848380,-0.215960156516,0.055198419897,0.963417510399,1.613531052843,0.100951434671,1.342900447929,-0.955413441081,-0.084822320609,1.159432123105,1.080586446422,0.578235894442,0.504633694887,-0.000469579827,-0.321494736898
332,1,0.266391192838,-0.006005820246,-0.014343609868,-0.266391192838,0.006005820246,0.014343609868,0.117912710728,0.589279756012,-0.514547424061,-0.186420158200,0.557999776073,0.380124348863,-0.061443285347,1.191753048224,-0.405545758498,-0.024368537968,0.988692109148,1.644472258317,-0.120791920456,1.267760003089,-0.427285247823,0.043111101885,1.012990735874,1.724026268245,-0.003362530424,1.410621842418,-1.155999628963,-0.096798147782,1.222642189635,1.238609017560,0.579744890332,0.504163384438,-0.000463545090,-0.305009053373
333,1,0.262700220913,-0.005957705915,-0.021778628442,-0.262700220913,0.005957705915,0.021778628442,0.082605822288,0.585871064581,-0.621638456971,-0.178906509794,0.555263961193,0.390085459318,-0.111295440558,1.181758997595,-0.465236656001,-0.021188987653,0.982850320471,1.755947361091,-0.170150965792,1.255919240167,-0.484323063911,0.046390997732,1.004884497486,1.847145440023,-0.100170918487,1.397626052982,-1.313195541043,-0.094609240274,1.207780261447,1.304910081108,0.581761747599,0.504136890173,-0.000457814196,-0.306806993357
334,1,0.215488645326,-0.004325920908,-0.039050963284,-0.215488645326,0.004325920908,0.039050963284,0.063377530485,0.488942418986,-0.580561378326,-0.144100135138,0.464240156688,0.421023810752,-0.142132905569,0.984430885437,-0.328422632999,-0.010683393416,0.816834993669,1.592026115848,-0.190174225944,1.048564586051,-0.335209481497,0.049023390129,0.843871714732,1.662414097241,-0.129355671455,1.166286914693,-1.038815886134,-0.100687073615,1.003206738551,1.226122147902,0.584036022425,0.504844248295,-0.000427443068,-0.366493974383
335,1,0.256259541088,-0.004353828742,-0.048088586285,-0.256259541088,0.004353828742,0.048088586285,0.037502418292,0.588587833895,-0.635104908170,-0.170165238489,0.562165438583,0.499378607371,-0.248131253070,1.155563907977,-0.155043635494,-0.004769125496,0.976778753525,1.714961798401,-0.297193911954,1.224173449964,-0.128561938422,0.072749131901,1.016423166637,1.785189050105,-0.264365795361,1.393468355511,-0.774563663343,-0.068392942401,1.201843035937,1.268511196853,0.585470736027,0.505927085876,-0.000426187646,-0.302977097111
336,1,0.266414737581,-0.003771827505,-0.047908439061,-0.266414737581,0.003771827505,0.047908439061,0.004142604432,0.614655706505,-0.606771571777,-0.174326334547,0.588794067311,0.515375901320,-0.320540148677,1.200578668960,-0.150006042207,-0.000510101035,1.017819575664,1.761499415684,-0.369666549068,1.266320523211,-0.112640627306,0.081463680194,1.061625543091,1.842159951516,-0.331405783980,1.443285790040,-0.693835669841,-0.069834898372,1.245285975969,1.371707679091,0.586459308863,0.506184190512,-0.000421504490,-0.289843210106
337,1,0.267671783459,-0.003084538458,-0.051993581009,-0.267671783459,0.003084538458,0.051993581009,-0.024559852838,0.621001992626,-0.566652042209,-0.174635552851,0.596993916332,0.517837442956,-0.351400192366,1.190413035055,-0.005425912022,0.008488042391,1.033379080846,1.744281235668,-0.399130168969,1.252476041883,0.034498319200,0.089156874906,1.077768736149,1.820731165719,-0.414458966292,1.450129648340,-0.609657190628,-0.059175449359,1.262261589481,1.310081975240,0.587404161692,0.506336599588,-0.000411976129,-0.285343171776
338,1,0.267611441015,-0.000236267408,-0.061484631573,-0.267611441015,0.000236267408,0.061484631573,-0.058081116029,0.623192619455,-0.635216301347,-0.170924378758,0.599608239448,0.498234069586,-0.370866970203,1.174043039069,0.015620994825,0.014212262980,1.038413050353,1.816384712980,-0.412759056134,1.230361098258,0.064733129726,0.095394210389,1.075953410450,1.887106294197,-0.469827113433,1.447971535618,-0.641453294953,-0.043997629906,1.270751281731,1.384224618460,0.588961243629,0.507920235395,-0.000399607234,-0.281414105178
339,1,0.262625511748,0.000479384191,-0.050761329482,-0.262625511748,-0.000479384191,0.050761329482,-0.077299492415,0.613184501448,-0.613053375501,-0.166354615886,0.593080418869,0.449115455696,-0.393583773416,1.142987468039,0.135774167523,0.014724618548,1.028727790732,1.796529492322,-0.434372621836,1.199142040433,0.190800553041,0.090414779773,1.061751497940,1.882458635756,-0.470012871430,1.418279251659,-0.509279885863,-0.039265053996,1.260615234365,1.338325738697,0.589879363775,0.508079528809,-0.000394324772,-0.283610092239
340,1,0.263763317430,0.000932921302,-0.051251541931,-0.263763317430,-0.000932921302,0.051251541931,-0.079515868517,0.610121727079,-0.491363225426,-0.164536768269,0.594279567171,0.464688425163,-0.396954778558,1.130927297752,0.324537790117,0.018338930982,1.037936205760,1.778263787247,-0.430312310496,1.187887791656,0.381951220230,0.093356411033,1.068050417434,1.858531402582,-0.474271519796,1.406758872410,-0.339813077023,-0.033929271086,1.272033580466,1.257263252463,0.590852439404,0.508202582598,-0.000394599512,-0.280957702391
341,1,0.266412951026,0.001574324651,-0.054147533554,-0.266412951026,-0.001574324651,0.054147533554,-0.086077854211,0.614755435011,-0.496391114238,-0.170048791946,0.601253140408,0.470689948319,-0.403539586356,1.129214825715,0.370463395896,0.025045477451,1.052792040497,1.735140068332,-0.434779092737,1.189322293465,0.434382939918,0.103627029126,1.085716563710,1.810482932459,-0.491241356175,1.405515202498,-0.284219483244,-0.034331787653,1.290738060717,1.182633225625,0.591378688812,0.508608549833,-0.000394257717,-0.277043866348
342,1,0.262341775241,0.002304780697,-0.064938656295,-0.262341775241,-0.002304780697,0.064938656295,-0.080846344799,0.609037281979,-0.502012220383,-0.164876297756,0.597754071007,0.468825897161,-0.377133901478,1.097623808165,0.547865763286,0.031984051813,1.047034910444,1.770191954890,-0.402145365326,1.147828325940,0.634172980048,0.100166629925,1.080682181775,1.852436307751,-0.469300931617,1.376880442390,-0.104400289949,-0.030363446005,1.283979128779,1.225289055660,0.592940151691,0.508841872215,-0.000400045887,-0.278345264084
343,1,0.237203253294,0.002716004081,-0.062161707669,-0.237203253294,-0.002716004081,0.062161707669,-0.071370093456,0.548571011045,-0.572817211008,-0.150414361293,0.542520286886,0.396361077902,-0.323978754014,0.973853641178,0.613591332659,0.027228743907,0.950717583260,1.677418952906,-0.349860024532,1.010721196239,0.716377662397,0.080028624027,0.981472891900,1.766270878484,-0.400105275211,1.219429938459,0.017395308860,-0.033563207961,1.165760013228,1.140618489686,0.593358278275,0.508173495531,-0.000406421721,-0.307119273883
344,1,0.224044852956,0.003817209424,-0.055115754856,-0.224044852956,-0.003817209424,0.055115754856,-0.057597941102,0.516425484420,-0.337260648535,-0.139468448082,0.510838136153,0.352836099893,-0.301467172623,0.916768960223,0.755085905579,0.001425375834,0.903594252203,1.454261796225,-0.304551749162,0.953877629236,0.839456518830,0.059694644321,0.934669982154,1.519460240539,-0.366228573985,1.147512564888,0.197034148075,-0.029524801926,1.107400753627,0.879217317045,0.594372570515,0.506911963224,-0.000413461588,-0.324247405285
345,1,0.223381181195,0.003488994552,-0.058028153325,-0.223381181195,-0.003488994552,0.058028153325,-0.051805478190,0.513955594554,-0.257516162995,-0.139847607124,0.507973463603,0.354088674836,-0.263667318244,0.908732875185,0.735568309320,-0.018143635236,0.900924024353,1.328744465892,-0.250240688254,0.946993671934,0.811225187425,0.052989851189,0.937872566687,1.375875198498,-0.355214978120,1.134203245518,0.192165170803,-0.032321201069,1.105639939076,0.740508555831,0.594598680735,0.507809937000,-0.000417935662,-0.324400793081
346,1,0.177878184737,0.002931738591,-0.055489060059,-0.177878184737,-0.002931738591,0.055489060059,-0.034999416158,0.410173179839,-0.237541240831,-0.107397845609,0.405178795996,0.357447198705,-0.191760749268,0.727806879492,0.798755981798,-0.011685579466,0.719647279167,1.484392726929,-0.178413045326,0.759178459299,0.883630743660,0.046416830429,0.751717014456,1.555966598011,-0.273514462168,0.905312102222,0.263330052484,-0.024221218348,0.882719790847,0.919286058520,0.596885830164,0.508335322142,-0.000408398919,-0.405528668422
347,1,0.189404468218,0.004001358913,-0.059582659194,-0.189404468218,-0.004001358913,0.059582659194,-0.030428135568,0.438149740654,-0.258528780867,-0.114851201584,0.431825532436,0.346813484984,-0.143564413110,0.778213876462,0.715277159172,-0.033250606563,0.770732237434,1.283891827390,-0.115082531125,0.815262469284,0.788319892456,0.015444809996,0.813170949520,1.330177469866,-0.197359259950,0.964008930369,0.164560194810,-0.044240091041,0.942577509195,0.664165860305,0.598890095949,0.507993280888,-0.000411820598,-0.380565577344
348,1,0.196440681858,0.004305596232,-0.066639262806,-0.196440681858,-0.004305596232,0.066639262806,-0.030626198886,0.455289358095,-0.280283781336,-0.120382065235,0.448024747748,0.356350835459,-0.156092856643,0.812457814670,0.652655131106,-0.025151986156,0.800074760087,1.300135194169,-0.124277128062,0.851241462856,0.721331673563,0.034968657682,0.843993941115,1.351083325536,-0.245012357812,1.006967972346,0.101430819469,-0.035308314061,0.978639458539,0.738869709450,0.599440395832,0.508287698030,-0.000421668403,-0.366237472053
349,1,0.210478357067,0.004710810230,-0.073224007341,-0.210478357067,-0.004710810230,0.073224007341,-0.031269319195,0.486095566602,-0.303930907061,-0.131507493582,0.479087224688,0.366530568197,-0.167656543802,0.870969023467,0.602013336803,-0.021982417639,0.856538435825,1.277564497450,-0.132955286654,0.912800635387,0.666678236334,0.050994150871,0.902327894182,1.325133411501,-0.265114356740,1.078896685226,0.083444536789,-0.032685956345,1.045952517650,0.735361640619,0.600633352995,0.508627355099,-0.000421429984,-0.342446337704
350,1,0.205880374178,0.004727974727,-0.073819080548,-0.205880374178,-0.004727974727,0.073819080548,-0.026645987444,0.477046133986,-0.299858634576,-0.125270434921,0.470018307783,0.357067360110,-0.165258818898,0.854808210196,0.661736593939,-0.015888727680,0.839879729782,1.300229853871,-0.131070980002,0.896011935104,0.734346562178,0.058990090182,0.884827557629,1.353381702081,-0.262930439085,1.058965870587,0.090731429127,-0.027226451330,1.025020758729,0.765517029368,0.601909071207,0.508910953999,-0.000426934101,-0.349435358563
351,1,0.208534662647,0.004977131791,-0.080748073964,-0.208534662647,-0.004977131791,0.080748073964,-0.029345136570,0.482798019838,-0.341628151245,-0.126848764199,0.476065233760,0.375285922940,-0.168065747498,0.866231568773,0.647967213582,-0.013755230500,0.852706579521,1.362613333750,-0.135262846831,0.907974669733,0.721915503402,0.067425622630,0.897102377468,1.417143891982,-0.273310006427,1.073152297272,0.069155030947,-0.035234510785,1.039274707149,0.787206946843,0.602476656437,0.509200304747,-0.000428090803,-0.345085827238
352,1,0.208158376635,0.005288768087,-0.080228418697,-0.208158376635,-0.005288768087,0.080228418697,-0.028171295845,0.481046279901,-0.302541970143,-0.128351973361,0.474970241573,0.374056330732,-0.168227560565,0.864318566464,0.709477032440,-0.011527904164,0.851324422174,1.429946750624,-0.135124240595,0.906394506249,0.786428275877,0.071423437909,0.895168893837,1.497219652878,-0.274586794994,1.071316015054,0.118931940394,-0.029499204918,1.036596560362,0.859175480694,0.603127270937,0.509906977415,-0.000429010019,-0.345353568536
353,1,0.205655793535,0.005606532286,-0.091216666036,-0.205655793535,-0.005606532286,0.091216666036,-0.027740077459,0.477885015815,-0.302512739197,-0.124971117676,0.470164634962,0.427893694923,-0.162264143209,0.856109696737,0.715810709859,-0.002989887966,0.844456514627,1.512435267720,-0.135455676411,0.898172260603,0.796364377969,0.077220591216,0.887411814960,1.578115360616,-0.267531181640,1.062035040857,0.126133731176,-0.021757561495,1.026472345125,0.925923849404,0.605090439320,0.510587722063,-0.000431163236,-0.348052336683
354,1,0.207999304409,0.005829364415,-0.091506488044,-0.207999304409,-0.005829364415,0.091506488044,-0.025136879777,0.480662038092,-0.329801417418,-0.124328096138,0.472068333101,0.351696337869,-0.168658605232,0.861247165550,0.557807763716,0.003122698556,0.848789943175,1.334330813084,-0.146389966603,0.903522560923,0.620282523563,0.084331626821,0.891187402352,1.388182643213,-0.294498123281,1.069361819393,-0.049363158089,-0.016251013608,1.031524278287,0.761492181520,0.606841742992,0.510481029749,-0.000432782806,-0.346209865435
355,1,0.180811327095,0.005128496152,-0.081806766076,-0.180811327095,-0.005128496152,0.081806766076,-0.021754831969,0.418455321104,-0.287160383782,-0.107707708323,0.411007989575,0.290206814250,-0.143615571567,0.750359216567,0.733215428710,0.006857921542,0.739126416624,1.298419378561,-0.125946905988,0.787066244241,0.814262298447,0.076624796586,0.775866255887,1.362956326198,-0.255558971234,0.931241560524,0.131086138010,-0.010784674555,0.898865362816,0.675757693554,0.608058869839,0.510433912277,-0.000426637009,-0.397829486478
356,1,0.188213698353,0.005433682236,-0.083703451877,-0.188213698353,-0.005433682236,0.083703451877,-0.022462090079,0.437381337951,-0.296849994426,-0.108455256676,0.429949424581,0.290028415104,-0.147144711914,0.785809745665,0.709721961756,0.016434267327,0.772490496740,1.294082989952,-0.128640563420,0.824034764918,0.787324495345,0.085685860620,0.809379246780,1.353188954167,-0.263960832064,0.971561011306,0.125062183393,-0.006212300100,0.939422103708,0.688541446208,0.609520047903,0.510405778885,-0.000429518521,-0.381419636507
357,1,0.187455669381,0.005428294607,-0.082925149476,-0.187455669381,-0.005428294607,0.082925149476,-0.018980103149,0.435059319153,-0.320647601874,-0.104750509115,0.428152780834,0.307757535459,-0.144060031699,0.780209987741,0.676387560228,0.021420570571,0.765896871275,1.430105599212,-0.127102429078,0.818157782254,0.750123110621,0.090120892105,0.800787798043,1.499979144818,-0.270116767806,0.966562559641,0.119564353876,-0.000639517274,0.932507256365,0.859349852782,0.611115157604,0.510490715504,-0.000427450985,-0.384180937580
358,1,0.185665116271,0.006128216685,-0.100951984014,-0.185665116271,-0.006128216685,0.100951984014,-0.017759776480,0.434339736227,-0.331818161535,-0.099558032666,0.427382583514,0.321482636180,-0.139648955868,0.777077864208,0.675491617657,0.046577912311,0.762769357774,1.399545578587,-0.122353309302,0.815036419871,0.751170939756,0.106488265844,0.797658158180,1.466985821149,-0.271679838023,0.963033989936,0.105467600649,0.004662803834,0.930179780366,0.819459457092,0.612992107868,0.510901451111,-0.000415517017,-0.385266988015
359,1,0.181903510031,0.006044184031,-0.098326264004,-0.181903510031,-0.006044184031,0.098326264004,-0.020030490132,0.425672313897,-0.358447232769,-0.097541952361,0.417397249486,0.314971538197,-0.139919132322,0.761678572742,0.650841748345,0.046733162956,0.746397322489,1.356164412229,-0.125766885455,0.799709620073,0.728222655351,0.105062024173,0.780808891047,1.418742872498,-0.266266280054,0.944520443708,0.048075739306,-0.000696951217,0.910974949559,0.797061401507,0.612950325012,0.510814785957,-0.000415062532,-0.393315564222
360,1,0.214094567169,0.007344709126,-0.116158622227,-0.214094567169,-0.007344709126,0.116158622227,-0.023109226889,0.506686518302,-0.435793336359,-0.112020144435,0.497194651958,0.370478357039,-0.162623630044,0.902038640507,0.767143890841,0.057091926329,0.881632416161,1.572691433101,-0.146039703406,0.944888025680,0.851845485589,0.126080624551,0.921278242764,1.645824323685,-0.311412857733,1.115554459340,0.061723070463,0.002126132971,1.075828472201,0.922205948879,0.613367944956,0.510889470577,-0.000416830182,-0.333117543099
361,1,0.208651447065,0.007827317828,-0.120635007370,-0.208651447065,-0.007827317828,0.120635007370,-0.024189951204,0.495242224788,-0.482791740073,-0.107564795658,0.485457968460,0.381761671345,-0.156579244076,0.881129595609,0.673721969731,0.056430890288,0.860434881552,1.532466633214,-0.140909952972,0.923700357526,0.758106513497,0.125192333784,0.899475599633,1.600651629083,-0.300705806210,1.089271155208,-0.018813138255,0.002904134071,1.047433340168,0.897493346681,0.613954573870,0.510474234819,-0.000418597832,-0.341633371708
362,1,0.206585053098,0.007702451218,-0.125704771838,-0.206585053098,-0.007702451218,0.125704771838,-0.024488483432,0.490218792677,-0.541430522841,-0.105892170746,0.480558568197,0.380160849778,-0.146720325140,0.875212711730,0.663736614196,0.052646367174,0.855953389225,1.496167887784,-0.127066616135,0.919461184768,0.750153793112,0.122562425313,0.896267839663,1.556046429629,-0.293852735824,1.078187418890,-0.012505151524,-0.001637722747,1.038658115305,0.813198737074,0.613819569349,0.510455489159,-0.000416584313,-0.345186787213
363,1,0.207521342115,0.007931783915,-0.123477938048,-0.207521342115,-0.007931783915,0.123477938048,-0.024865807160,0.493765806639,-0.530492412764,-0.106286893771,0.483523106042,0.364851445557,-0.147519604100,0.879461610676,0.666933117891,0.053648431082,0.859998848041,1.488039027285,-0.128828506609,0.922952040349,0.753110853634,0.123377558445,0.898782918725,1.550487669307,-0.294650077913,1.083476614677,-0.011419878835,0.000772012273,1.043796433525,0.822194410033,0.613848507404,0.510535150766,-0.000420255587,-0.343416120915
364,1,0.206736710549,0.007819851191,-0.122337187523,-0.206736710549,-0.007819851191,0.122337187523,-0.025083068546,0.492685732715,-0.512388184037,-0.105975534407,0.482401770595,0.377070945658,-0.146314974209,0.876137919110,0.714350885032,0.048395446486,0.856481757421,1.552164425295,-0.128626054366,0.919454768636,0.805282250886,0.121356685003,0.895081204237,1.620805514247,-0.293521390009,1.079358584793,0.044326101341,-0.002506395820,1.038645758166,0.898376890993,0.613793581724,0.510668873787,-0.000420710072,-0.344646407258
365,1,0.196962869870,0.007443095286,-0.113278025789,-0.196962869870,-0.007443095286,0.113278025789,-0.023939207248,0.468490172955,-0.484077758504,-0.101301619405,0.457918034489,0.356058387896,-0.145230333725,0.834891274808,0.604151402014,0.045827843145,0.812798298615,1.474526575231,-0.134323011257,0.876188613444,0.676583774946,0.115308652332,0.849591746417,1.538384565673,-0.281773980192,1.028763250513,-0.029303711638,0.001631344162,0.989285199675,0.857259198903,0.613664895296,0.510669529438,-0.000416664407,-0.361699385417
366,1,0.199808007071,0.006499268935,-0.105773162078,-0.199808007071,-0.006499268935,0.105773162078,-0.025100302015,0.475042976747,-0.478777710587,-0.105649775234,0.464030247659,0.340737386656,-0.152692779459,0.844754161785,0.593874549381,0.043200285345,0.822233505292,1.480726377773,-0.144058072270,0.886616642628,0.668010811509,0.113870702599,0.859237124320,1.548591952971,-0.277961904096,1.041473114397,-0.022779302841,-0.000077573268,1.001339313702,0.871585468847,0.612505197525,0.511494636536,-0.000421458855,-0.356521724034
367,1,0.196463307192,0.006339198971,-0.102146554474,-0.196463307192,-0.006339198971,0.102146554474,-0.024998261459,0.463223944435,-0.412589333351,-0.107626153891,0.453319900569,0.324624923485,-0.156168938140,0.824453502245,0.598244614196,0.037988641519,0.802832651397,1.431878516966,-0.148142503937,0.863747568419,0.669169052808,0.106918395503,0.839353670227,1.498991260956,-0.277758823633,1.017633810168,-0.003446993420,-0.001056655668,0.977699935638,0.846360113808,0.610915422440,0.511490255594,-0.000418601558,-0.364908322342
368,1,0.187431416721,0.006075538496,-0.097408247052,-0.187431416721,-0.006075538496,0.097408247052,-0.023324896028,0.441056462106,-0.426066293996,-0.106139922805,0.430779772408,0.333923498730,-0.150210818090,0.785387336030,0.676791753101,0.030969010560,0.765246113350,1.524284291222,-0.140161133544,0.822567325789,0.765448078308,0.097333398754,0.800988766856,1.598751627527,-0.261153634677,0.969675843866,0.074479681364,-0.012992660861,0.931794145242,0.931684308745,0.609425425529,0.511386007071,-0.000416014344,-0.383089000760
369,1,0.192562104688,0.006081849848,-0.082426256827,-0.192562104688,-0.006081849848,0.082426256827,-0.027041729541,0.453141293431,-0.408071363665,-0.109529761422,0.441972347809,0.250666620454,-0.161466946866,0.804711334517,0.624876429593,0.022951849709,0.784118988103,1.245303179126,-0.152225565580,0.842655095386,0.700412539327,0.088688210290,0.820595474801,1.301673079571,-0.263260641025,0.992787992549,0.057011867639,-0.018430745655,0.954209545862,0.688178477816,0.606281012297,0.510282307863,-0.000431556255,-0.375272542505
370,1,0.175957718853,0.005109712838,-0.075156677639,-0.175957718853,-0.005109712838,0.075156677639,-0.018985658305,0.414678200055,-0.356668370934,-0.105909055611,0.403818650590,0.240267288624,-0.147792854218,0.736902603930,0.678678343708,0.015262346785,0.720188955803,1.190383972754,-0.142799772254,0.771527058267,0.756701779409,0.075740439084,0.754597755797,1.247758868906,-0.234995496250,0.909115111142,0.102191157731,-0.017674706904,0.874547116916,0.658035042725,0.603838115931,0.510489374399,-0.000428025611,-0.409609574018
371,1,0.183188460114,0.005305760885,-0.052501487341,-0.183188460114,-0.005305760885,0.052501487341,-0.019332617425,0.437167273599,-0.364730118403,-0.116207175429,0.423913471621,0.195065384961,-0.165664059787,0.774826402705,0.690065196735,0.008026513337,0.755123082091,1.325541441470,-0.163586871254,0.810213038194,0.769025738573,0.071332185536,0.791055591562,1.408138321541,-0.250679471217,0.956276500509,0.097368212482,-0.023518718936,0.916897465649,0.804191675640,0.600765436888,0.510425031185,-0.000431429595,-0.390795368027
372,1,0.225149069434,0.006249401591,-0.050676334974,-0.225149069434,-0.006249401591,0.050676334974,-0.023771743631,0.533181839811,-0.436668876330,-0.145881194533,0.516933655725,0.252227064999,-0.218159079204,0.952718337693,0.460205000812,0.006561184392,0.919088517837,1.413001911115,-0.224611692225,0.994664223096,0.515742461647,0.077061990684,0.961707192818,1.481396952898,-0.311713609217,1.177157931756,-0.190580183253,-0.041287677266,1.116911501128,0.848660737750,0.597566872835,0.510471403599,-0.000438460149,-0.320884910276
373,1,0.217515552495,0.004962013797,-0.050165550346,-0.217515552495,-0.004962013797,0.050165550346,-0.022810817518,0.513882094892,-0.477143547217,-0.133298885631,0.503149666918,0.313266723694,-0.222368281875,0.922694427002,0.502199411046,0.014061440784,0.882300722230,1.893910204171,-0.237217716119,0.959787760252,0.571694142153,0.070576432035,0.920776355686,2.006150403133,-0.306281709093,1.150507596904,-0.199874143592,-0.043892417218,1.074724715571,1.347719034827,0.595131695271,0.511149197817,-0.000447022729,-0.332971857461
374,1,0.258871974030,0.004713646196,-0.062635280255,-0.258871974030,-0.004713646196,0.062635280255,-0.031384269992,0.613991664533,-0.564041221101,-0.157972426877,0.601276639357,0.443156191632,-0.276945551752,1.124634715145,0.376515629021,0.012227215498,1.047595743726,2.014771463804,-0.311971288485,1.183114537311,0.433253426020,0.088464929944,1.093508897954,2.097001446406,-0.342545242335,1.381208963841,-0.341696488000,-0.059654423535,1.277474429263,1.422160400481,0.592636078596,0.511977165937,-0.000440550037,-0.279627968981
375,1,0.253942892231,0.002458149244,-0.061174436985,-0.253942892231,-0.002458149244,0.061174436985,-0.014312549208,0.600979313623,-0.540560499065,-0.159340052833,0.582561560253,0.440007450648,-0.275305389532,1.124811082513,0.319190328466,0.007100712424,1.009197381669,1.921216949667,-0.309225042610,1.185832078632,0.368766573170,0.088912797578,1.053767226357,2.004780404250,-0.312029668732,1.350369800544,-0.407376019861,-0.052993731470,1.232263901210,1.352042934090,0.590315431356,0.513341844082,-0.000443451107,-0.288839471576
376,1,0.256567116566,0.001726912813,-0.067523178038,-0.256567116566,-0.001726912813,0.067523178038,0.015166794996,0.600032114257,-0.523816864308,-0.168230107023,0.581747895839,0.494786503831,-0.260017845515,1.153650840309,0.062975522689,-0.000953053556,1.008531946554,1.764823629237,-0.311158412391,1.223803344391,0.084207969911,0.083779012587,1.054736618818,1.827248069455,-0.255937459175,1.367191815768,-0.575474008301,-0.074792459721,1.231967213748,1.307153748031,0.587930172682,0.513557851315,-0.000433883630,-0.288719181381
377,1,0.251321421339,-0.000365156062,-0.066406208770,-0.251321421339,0.000365156062,0.066406208770,0.035578780339,0.581666734771,-0.552577349420,-0.168129535047,0.558934700034,0.528863080706,-0.205079267893,1.132659663679,-0.207473943731,-0.008060802647,0.962049874007,1.917250272725,-0.269473330166,1.201824342104,-0.203706698109,0.073533911532,1.010835281201,2.007970803184,-0.200164938098,1.350427631977,-0.917160149038,-0.092342285168,1.185253084292,1.589095895663,0.585817068815,0.514276832342,-0.000433210284,-0.299446544318
378,1,0.264965364620,-0.003034839258,-0.058710844194,-0.264965364620,0.003034839258,0.058710844194,0.073980940562,0.603206752274,-0.555541482190,-0.182000983822,0.579543686708,0.477350673087,-0.129002267454,1.197044873571,-0.237871270750,-0.016814078664,1.001960435750,1.643774421797,-0.180347351964,1.268203373606,-0.240862706789,0.067019803025,1.047104708615,1.713944498173,-0.137709178907,1.420297282214,-0.944405285629,-0.103815266645,1.241367050478,1.322773757214,0.583378463984,0.513107210398,-0.000429039821,-0.290448097712
379,1,0.245746566729,-0.004304416371,-0.042819179696,-0.245746566729,0.004304416371,0.042819179696,0.089939686738,0.554222813056,-0.555374984397,-0.168093150570,0.532204802229,0.337526060565,-0.053099221938,1.114092738821,-0.294530595810,-0.018204281448,0.950050517332,1.511728447276,-0.102843762381,1.181820461385,-0.303417815258,0.048954311602,0.970710480301,1.581234044320,-0.047236251884,1.319147294213,-1.143448226155,-0.088590250708,1.151432315227,1.020080113697,0.581340253353,0.511944115162,-0.000438924879,-0.318377655565
380,1,0.218544821967,-0.004112549025,-0.042969952891,-0.218544821967,0.004112549025,0.042969952891,0.102286914563,0.490095252634,-0.487222231604,-0.152443593224,0.470668722882,0.323062840933,0.017762511212,0.986731411849,-0.180382094893,-0.016297658999,0.843059652631,1.526311674807,-0.016668873947,1.047836699204,-0.184341714107,0.040064840680,0.862148864569,1.600159969345,-0.002157924574,1.168306449432,-0.996254283090,-0.073046089942,1.022627483869,1.001918889353,0.579916387796,0.511811465025,-0.000446197111,-0.360471550273
381,1,0.223517998247,-0.004514440437,-0.055325240234,-0.223517998247,0.004514440437,0.055325240234,0.133096324793,0.501656843861,-0.465819817741,-0.159484137886,0.480957349195,0.431393229178,0.078055486208,1.005714809482,-0.213586104012,-0.020062276818,0.860985971187,1.636813651233,0.053788349673,1.064155327279,-0.228080050832,0.037517791795,0.882168717931,1.709294866166,0.050907781635,1.196556247765,-1.021973059296,-0.078249582029,1.046181969728,1.157685961724,0.578725710511,0.511665135622,-0.000437186100,-0.352384351738
382,1,0.203588750087,-0.004383474651,-0.071388118435,-0.203588750087,0.004383474651,0.071388118435,0.146467187415,0.455796743651,-0.430186263479,-0.145337509179,0.437801280904,0.485415446827,0.126577311577,0.913241271287,-0.163625740619,-0.015345199910,0.783198651527,1.745199344763,0.103072003819,0.968074629728,-0.173311241027,0.037827758459,0.803217457615,1.823726944550,0.101006196577,1.090013106292,-1.013077270546,-0.069410361765,0.950661660927,1.231039430900,0.578612312675,0.511244297028,-0.000406659208,-0.387408635695
383,1,0.227040166420,-0.005165219303,-0.084228752094,-0.227040166420,0.005165219303,0.084228752094,0.191747356402,0.504541175024,-0.419787275680,-0.160711805995,0.484879198365,0.503477968116,0.178155149522,1.008864074935,-0.163870935533,-0.016233455063,0.867165769928,1.943763484497,0.148910886907,1.064890634177,-0.145499198319,0.041483734842,0.889495629277,2.045525370369,0.144140199230,1.213207592883,-0.978077823514,-0.061164036042,1.052656659311,1.423924386145,0.578166440129,0.511364191771,-0.000406026840,-0.349667659339
384,1,0.233286699950,-0.005506309168,-0.098149012120,-0.233286699950,0.005506309168,0.098149012120,0.213270849313,0.521886842177,-0.376142149172,-0.165216609143,0.498477086843,0.556878685579,0.241626805903,1.034545724438,0.015357428074,-0.017435695074,0.881106869292,2.101811358403,0.200685751929,1.091037560751,0.027940466076,0.044104395685,0.912539953270,2.210717466497,0.195222615735,1.246253001321,-0.895746659105,-0.061775041241,1.075166403356,1.620077838927,0.578257754445,0.511599302292,-0.000396450981,-0.339627811086
385,1,0.230456726386,-0.006278523975,-0.099443039395,-0.230456726386,0.006278523975,0.099443039395,0.226545353622,0.509526302451,-0.316002730850,-0.162500460805,0.487896166237,0.535031491448,0.262496586559,1.010992532184,0.199403389347,-0.017701910030,0.857487099429,2.230137447694,0.230181468226,1.067444506674,0.213669335300,0.045035571182,0.889207908411,2.355221721117,0.207255127285,1.217973565100,-0.791223099334,-0.057529946824,1.051484878211,1.697144718999,0.577660545707,0.512740820646,-0.000392427668,-0.345707518258
386,1,0.230424361484,-0.006284504105,-0.108052412713,-0.230424361484,0.006284504105,0.108052412713,0.230333681743,0.509729256886,-0.320167459305,-0.163200215744,0.489703051312,0.536416481096,0.269245154847,0.996212744744,0.273405558474,-0.017975052319,0.859487249604,2.091623280700,0.245874008962,1.042171452793,0.293559044487,0.046025982381,0.894257738866,2.196247801257,0.224506556563,1.209031348886,-0.679978659830,-0.056389690428,1.054753439974,1.548797735237,0.577398523688,0.513059824705,-0.000391198322,-0.344430115915
387,1,0.177795536610,-0.005035366848,-0.087829410099,-0.177795536610,0.005035366848,0.087829410099,0.180701751839,0.391859713147,-0.117033183326,-0.125587484496,0.378462672133,0.452171881975,0.208378120670,0.753319598307,0.675500837259,-0.014041157754,0.662158413721,1.823868338080,0.192514306375,0.784768989283,0.718489482707,0.035311389105,0.690900826282,1.917793616523,0.180830328309,0.912178596530,-0.121787585232,-0.043854885213,0.812165052067,1.250003193090,0.577331915498,0.513584852219,-0.000370843336,-0.446653070022
388,1,0.179403878317,-0.005501906162,-0.087669420295,-0.179403878317,0.005501906162,0.087669420295,0.183896716465,0.393569687439,-0.115597213212,-0.126664364451,0.385150782845,0.378524406816,0.200500447599,0.739206500419,0.909568992499,-0.015923069135,0.670555306447,1.719630799069,0.188338036004,0.770209448540,0.978960071423,0.033202638678,0.701131366945,1.809574386636,0.175334377095,0.895757956077,0.168760708824,-0.045229185850,0.815981824103,1.167096052644,0.576471507549,0.514314144850,-0.000372780487,-0.444848685915
389,1,0.180268172789,-0.005833802702,-0.086697058471,-0.180268172789,0.005833802702,0.086697058471,0.183214489004,0.393296052004,-0.091905485062,-0.129626040179,0.385244361843,0.302700702305,0.186420273165,0.720334736950,0.996089344255,-0.018024771319,0.670342213333,1.666720876423,0.172832551298,0.747131845830,1.073057947921,0.030043342672,0.700356644246,1.754533469297,0.170489424268,0.876704556894,0.322605542941,-0.044589378674,0.816807843945,1.105145707497,0.575041323900,0.514794498682,-0.000367499888,-0.444276007209
390,1,0.184045494765,-0.006159338829,-0.088562011281,-0.184045494765,0.006159338829,0.088562011281,0.189502365935,0.399593522961,-0.009458825050,-0.134479861095,0.396290569429,0.283884850573,0.183368830355,0.718729762149,1.323427615859,-0.020963179038,0.683579130922,1.849546374211,0.167124893598,0.747423938731,1.424882689430,0.028036159320,0.714385458282,1.968093107289,0.173982640376,0.881262296643,0.668106208158,-0.047375660292,0.834760575204,1.274813468408,0.573932796717,0.516452550888,-0.000368421897,-0.433118742146
391,1,0.166029421838,-0.005548910502,-0.079715200375,-0.166029421838,0.005548910502,0.079715200375,0.170825629416,0.355288673586,0.023351144004,-0.125051337873,0.358461188092,0.256868355532,0.158564494958,0.634689581831,1.198314448660,-0.021865384567,0.618682498317,1.621196455178,0.142268950070,0.665225127378,1.284008841783,0.022039545223,0.647093856915,1.716749363001,0.155158769617,0.786407681855,0.571449077924,-0.045713185820,0.756555075306,1.106048542926,0.572346746922,0.516438454390,-0.000364152715,-0.478450730913
392,1,0.171312423790,-0.005828064698,-0.080930280078,-0.171312423790,0.005828064698,0.080930280078,0.171655902027,0.364879040685,-0.028755012555,-0.132638120263,0.371024505675,0.228328419875,0.157963298706,0.650766952069,0.969193101050,-0.026378326202,0.643221043220,1.345876326557,0.140913564463,0.683003691743,1.038550597621,0.017756815384,0.672777384338,1.414111889127,0.157542945536,0.806800159333,0.345050597918,-0.049992649124,0.786201171545,0.751602549847,0.570797443390,0.516453355551,-0.000369288027,-0.460555313840
393,1,0.161090964744,-0.005504165685,-0.073701522247,-0.161090964744,0.005504165685,0.073701522247,0.159230647761,0.344245689634,0.032857450129,-0.125405303183,0.349813201635,0.230435297378,0.145030443959,0.616504124704,1.208573996197,-0.028828010508,0.607947546221,1.493852573222,0.128086495572,0.644611318885,1.295734617689,0.012016252505,0.635652060638,1.583043819825,0.148016272876,0.760774168525,0.590074370906,-0.049166881619,0.742668239786,0.809746139577,0.569148123264,0.516620665789,-0.000359751284,-0.487873805471
394,1,0.189198401050,-0.006522188432,-0.079540370155,-0.189198401050,0.006522188432,0.079540370155,0.187453922874,0.404794902936,-0.004055082910,-0.147752237115,0.411057161883,0.180398339733,0.169507173487,0.724290731530,1.178477890722,-0.036011848571,0.717297813183,1.444596986821,0.149136579852,0.757463447461,1.265114054453,0.012095955279,0.749530367846,1.528247676817,0.176128052881,0.895526764339,0.527918974682,-0.056419090604,0.875529003226,0.806267958640,0.568372771144,0.517381578684,-0.000376146287,-0.413103452660
395,1,0.176179504863,-0.006045279475,-0.073273846569,-0.176179504863,0.006045279475,0.073273846569,0.175060676819,0.376321827924,-0.015779421292,-0.139180162338,0.382649355518,0.192811242859,0.156573391355,0.675411536884,1.154794602869,-0.034173226370,0.669051025369,1.398980893406,0.136587356935,0.706402016874,1.242383874794,0.010169413870,0.699122398319,1.471179464168,0.165872097040,0.837881847386,0.518778925929,-0.051323922601,0.817233374679,0.855018491794,0.567789673805,0.517375200987,-0.000373162329,-0.442735059255
396,1,0.165904317409,-0.005636983612,-0.069136411276,-0.165904317409,0.005636983612,0.069136411276,0.165164531357,0.353158934964,-0.001213388315,-0.131791236148,0.359775547988,0.195607274138,0.144710747841,0.637059665669,1.097978006054,-0.034084786201,0.630741195222,1.366444952629,0.125905483888,0.666404111487,1.176761201016,0.007202200494,0.659248816226,1.442169875724,0.154563948579,0.786681790250,0.459327043940,-0.049871530631,0.769513208779,0.791832357571,0.567054480314,0.517353594303,-0.000371238217,-0.470811447368
397,1,0.169955384264,-0.005356226851,-0.068695267109,-0.169955384264,0.005356226851,0.068695267109,0.166987092017,0.360433925269,-0.008168224720,-0.135632188354,0.366472594744,0.208800183061,0.144216254309,0.650399002450,1.135767873228,-0.038405883517,0.644142965717,1.399849685259,0.125376852823,0.679226947034,1.220774903471,0.003519085355,0.673281305571,1.475313775286,0.153597204163,0.803350897563,0.511070576042,-0.053884243759,0.785863960338,0.842947909992,0.565660923719,0.517951458693,-0.000367645174,-0.460675649273
398,1,0.167137152397,-0.005563992303,-0.064668912571,-0.167137152397,0.005563992303,0.064668912571,0.165824431456,0.353453733820,0.053712266852,-0.132563028884,0.359839412749,0.210902214436,0.142097528352,0.635624111293,1.290997547189,-0.038761631227,0.633138636838,1.541200104368,0.123277778613,0.665815736008,1.384878051322,0.002587579226,0.662144302361,1.635713332722,0.152174289957,0.788326787857,0.689649506619,-0.053211577481,0.772800100384,0.959541346824,0.565054669976,0.518889307976,-0.000358288176,-0.467153656590
399,1,0.183398980192,-0.006007414474,-0.069861608790,-0.183398980192,0.006007414474,0.069861608790,0.180853867564,0.384993357376,0.013833466149,-0.147448381064,0.392460998650,0.188143149729,0.153533802096,0.696865116137,1.238783206264,-0.044450480548,0.691751104128,1.517279211966,0.132957141229,0.729697271924,1.328639205499,0.000671870835,0.723051113167,1.606800937358,0.163067602727,0.865049494334,0.605199948489,-0.059892141094,0.847362084444,0.887474969659,0.563936993480,0.518834888935,-0.000366280787,-0.425984561248
400,1,0.192155059737,-0.005351864733,-0.073327891890,-0.192155059737,0.005351864733,0.073327891890,0.190775465978,0.406783935691,0.006964750005,-0.153860043462,0.410573221844,0.208280512052,0.160679905393,0.730822988456,1.366542050127,-0.047930807199,0.725415080944,1.693566079559,0.137934848011,0.765001434634,1.471710369605,-0.000666298628,0.757790155815,1.799979990247,0.171406434415,0.906677138129,0.698493372498,-0.063144730061,0.887972823935,1.034079958931,0.563207462430,0.519992053509,-0.000366720371,-0.405214911724
401,1,0.190357609283,-0.005044391893,-0.071418714717,-0.190357609283,0.005044391893,0.071418714717,0.189177659272,0.402342197636,-0.005744188955,-0.152183509992,0.404995446542,0.191890485567,0.157338016958,0.723011710504,1.311599120902,-0.048678108665,0.716894352095,1.676169736449,0.134701067097,0.756732995111,1.412622417782,-0.002020342131,0.748864719645,1.782096649801,0.167901489929,0.896862145412,0.646678573546,-0.063836555462,0.877952212075,1.024479675353,0.562572136521,0.520607084036,-0.000367755070,-0.409218376356
402,1,0.189459428148,-0.004829300373,-0.072018226546,-0.189459428148,0.004829300373,0.072018226546,0.187418720349,0.398918372992,-0.020450112558,-0.150750896735,0.401600197416,0.194741214767,0.155623426603,0.717392965697,1.284672606248,-0.049113276148,0.710705159693,1.704643961017,0.132526037858,0.750213436768,1.383919983906,-0.003098234713,0.741560864711,1.812664750227,0.165048907219,0.891995156167,0.617746159471,-0.063791285500,0.872718572993,1.075761500964,0.561854153872,0.521289139986,-0.000366959721,-0.410881136744
403,1,0.188064747735,-0.004655179943,-0.071710534026,-0.188064747735,0.004655179943,0.071710534026,0.186563682637,0.399317122736,-0.021921932045,-0.150648496950,0.400086725602,0.198354847413,0.154253292504,0.715074328930,1.270020518099,-0.050246167689,0.708350019598,1.658980436126,0.130640122675,0.747527385259,1.367162112107,-0.004072018320,0.740017581130,1.757104440400,0.163179645555,0.888478120391,0.601556860983,-0.064981888274,0.869320975717,1.008941450146,0.561268061399,0.521216988564,-0.000366971828,-0.412568555312
404,1,0.180269754832,-0.003862470601,-0.066848570097,-0.180269754832,0.003862470601,0.066848570097,0.179079558462,0.381501273015,0.017017833935,-0.143246353672,0.382083791889,0.208995901487,0.146870508531,0.683740651568,1.272678112432,-0.049029386087,0.678559219450,1.603420136715,0.124104789009,0.714903337803,1.366845039241,-0.005193804078,0.708286067160,1.697459888069,0.155860776385,0.849239184749,0.628976717333,-0.060914208748,0.831395500889,0.973884082814,0.560862571001,0.521527796984,-0.000362289138,-0.431185982781
405,1,0.183432021168,-0.003959016205,-0.071770434418,-0.183432021168,0.003959016205,0.071770434418,0.182326045196,0.388627213663,0.008561171234,-0.145752719464,0.389156379327,0.214416019158,0.147759080539,0.696982787146,1.281871084676,-0.052507217129,0.691630940381,1.663805071591,0.124273019673,0.728944308663,1.378359242027,-0.008020369723,0.722258411860,1.764166964053,0.157138873187,0.864526870036,0.618584267345,-0.064106714547,0.847394109707,1.013978712012,0.559941589832,0.521692216396,-0.000362143852,-0.422846476624
406,1,0.183532955957,-0.003553586094,-0.072492169426,-0.183532955957,0.003553586094,0.072492169426,0.180869633580,0.388043653511,0.006974717055,-0.145009162835,0.387963892646,0.224710949070,0.145914927780,0.696032482517,1.318253244754,-0.054176616238,0.690658206717,1.694342069274,0.121800089906,0.728367339839,1.418198399700,-0.009758410652,0.721777063150,1.796395391249,0.156318647514,0.862369115794,0.644741862477,-0.066488537157,0.845990518130,1.040324608759,0.559195354581,0.522231400013,-0.000361346640,-0.422967190816
407,1,0.194866161528,-0.003936484109,-0.077429138757,-0.194866161528,0.003936484109,0.077429138757,0.192695047881,0.414086773647,-0.035759147559,-0.156460322420,0.413293952516,0.228023820064,0.153984844936,0.742582056185,1.246210265378,-0.059997156779,0.736653735050,1.626445970107,0.127882936494,0.777058109597,1.340992279927,-0.012546352999,0.770415843025,1.717809159911,0.165251500035,0.919805652030,0.563728100057,-0.073362823509,0.902575979524,0.955495611664,0.558350086212,0.522659629583,-0.000361557119,-0.395975399566
408,1,0.187322688103,-0.003770881444,-0.078067694865,-0.187322688103,0.003770881444,0.078067694865,0.184970365984,0.398984352421,-0.019063135279,-0.150214574574,0.398195796486,0.253695972250,0.148614397878,0.715069368667,1.332591772490,-0.056862375347,0.709216270173,1.725204430488,0.123661375072,0.748999323261,1.434510161023,-0.010392408549,0.742445141095,1.826266954412,0.160045920352,0.886426809122,0.648357682545,-0.071074659961,0.868810649413,1.061591165277,0.558069869876,0.522680878639,-0.000357085839,-0.410891396116
409,1,0.188295484203,-0.003797715432,-0.078397398439,-0.188295484203,0.003797715432,0.078397398439,0.186034458363,0.401551728184,-0.006760106455,-0.149214725253,0.400119973641,0.254149889926,0.149580503026,0.718840318940,1.377909976629,-0.056441493764,0.712859969037,1.742149528063,0.124292833010,0.753011955155,1.483320771817,-0.009401422155,0.746290861510,1.846262891407,0.160814824763,0.891088251368,0.692642602614,-0.070540418419,0.873166744809,1.077847725066,0.558047354221,0.522747665644,-0.000357756391,-0.408686531494
410,1,0.175733713926,-0.003458496948,-0.072751603949,-0.175733713926,0.003458496948,0.072751603949,0.173975413615,0.375716278029,-0.009484460683,-0.139087937193,0.374258849854,0.225675172253,0.140122087246,0.672358494873,1.280802355353,-0.052315649932,0.666686677039,1.634314514881,0.116388268591,0.704337722280,1.378438054472,-0.008296360158,0.697926019195,1.733497692654,0.150257057485,0.833216850567,0.631266956819,-0.065817636185,0.816254800678,1.006684678684,0.558148622513,0.522393673658,-0.000355998054,-0.437517608760
411,1,0.174735204322,-0.003495032478,-0.072053597993,-0.174735204322,0.003495032478,0.072053597993,0.172302060998,0.373174106478,-0.009836486323,-0.138149016382,0.371878957863,0.208631092231,0.139351673728,0.668861112570,1.177290349656,-0.051993060012,0.662818304470,1.469374394218,0.116009409567,0.700699234768,1.260944708329,-0.009641808620,0.693860703825,1.551173239892,0.148738318841,0.828176038325,0.525314682993,-0.065493941602,0.810849159890,0.837021265037,0.558179870248,0.522365391254,-0.000357026234,-0.440149351046
412,1,0.173413135083,-0.003495616841,-0.069194486325,-0.173413135083,0.003495616841,0.069194486325,0.170657634527,0.372968625714,-0.010105750803,-0.137311825334,0.369539919631,0.193751738158,0.138143977500,0.663134382452,1.222479733092,-0.051761987595,0.657150169112,1.477382445579,0.114957451705,0.694317079706,1.316108708942,-0.010219409029,0.687864356702,1.569565584752,0.147019662655,0.820364317727,0.589637315225,-0.065082871480,0.803595917506,0.854628168045,0.558168321848,0.522616207600,-0.000353470445,-0.443622431702
413,1,0.198165682864,-0.003834447957,-0.074630680353,-0.198165682864,0.003834447957,0.074630680353,0.195138979473,0.432036758083,-0.082380104390,-0.156646354611,0.424081386594,0.160528360791,0.159270182555,0.757243431277,1.315082109091,-0.057590063545,0.749657349501,1.631175239739,0.132446606520,0.792116771582,1.422922833185,-0.010206420792,0.784572250235,1.734406436886,0.170303096114,0.936378386848,0.637832496168,-0.072960520950,0.915909339003,0.958191973507,0.558620437980,0.522780776024,-0.000363661908,-0.388659580204
414,1,0.183647125965,-0.003604779304,-0.071124573664,-0.183647125965,0.003604779304,0.071124573664,0.183366516102,0.399519746889,-0.037542788830,-0.142902346800,0.392220342028,0.231115934246,0.150750551880,0.704596036044,1.244514927328,-0.050190381083,0.693029714799,1.698200752014,0.127211685096,0.736206871919,1.340754884318,-0.006133213265,0.725007174485,1.802072246935,0.160467502257,0.871021955893,0.590530683940,-0.063869011876,0.845705325563,1.070702453171,0.559833481908,0.522891163826,-0.000360713340,-0.419936710646
415,1,0.178783934409,-0.003314076365,-0.079049204396,-0.178783934409,0.003314076365,0.079049204396,0.179255780983,0.394945763454,-0.046937060045,-0.138241142553,0.381668680955,0.323447402812,0.149905164938,0.701496996129,1.170810611223,-0.045102382501,0.673878492637,1.815038882901,0.129464920933,0.731297088803,1.258750263344,-0.000711682871,0.704971055701,1.920763542594,0.152479163144,0.855942844606,0.463097817348,-0.059836351033,0.821657127549,1.200289075320,0.560948789120,0.523614585400,-0.000348465517,-0.430316194879
416,1,0.158358039895,-0.003130371278,-0.083282865478,-0.158358039895,0.003130371278,0.083282865478,0.158937434250,0.350964608180,-0.085665738094,-0.125018054292,0.337065392147,0.367905441654,0.134459768648,0.635977990687,0.853660835335,-0.038542619785,0.597202553367,1.663397036780,0.118283467865,0.664200339958,0.913783505719,0.001724123961,0.625434704192,1.751832291990,0.130583070300,0.774353388230,0.145456281293,-0.054107732422,0.728465575839,1.091950271644,0.561135008931,0.522661268711,-0.000327384099,-0.486491389936
417,1,0.159633820740,-0.003814296985,-0.087286058919,-0.159633820740,0.003814296985,0.087286058919,0.157420491299,0.355089483450,-0.113267522755,-0.125398297099,0.342081969837,0.356586071477,0.137014506188,0.665349835886,0.628320534717,-0.037693263687,0.604759077098,1.618774456986,0.120891345687,0.693299177554,0.668310912699,0.003113514408,0.633372763739,1.705528218612,0.127934218316,0.805962887652,-0.102037408552,-0.053891462782,0.736903770210,1.061069584439,0.561514541507,0.521657317877,-0.000333080068,-0.482152155265
418,1,0.152732621234,-0.003168485022,-0.089910287523,-0.152732621234,0.003168485022,0.089910287523,0.148388469283,0.341913635973,-0.125348257302,-0.119330843394,0.328949029792,0.387255422748,0.133176963362,0.653495868979,0.550654981376,-0.033603376466,0.579589020243,1.692050084373,0.119929433514,0.680216463815,0.584748376669,0.008607392578,0.606402760619,1.784189581520,0.106588699023,0.788820617189,-0.196901910452,-0.051227978358,0.705814347563,1.173373519025,0.562505036592,0.520130932331,-0.000326635316,-0.504248084593
419,1,0.142250678858,-0.003314186625,-0.087063888117,-0.142250678858,0.003314186625,0.087063888117,0.134884536934,0.315366146587,-0.185264616331,-0.109424480841,0.305787798147,0.441655606314,0.123127681843,0.620022937660,0.336991822481,-0.025994278677,0.540898181954,1.672216838611,0.110928220524,0.649223513915,0.354897583647,0.016035226208,0.566471597138,1.755688822011,0.093532822658,0.744621181585,-0.428107552511,-0.045945808605,0.658125995881,1.158606257013,0.563433602452,0.519187182188,-0.000312885270,-0.542103752222
420,1,0.225945355830,-0.005284048201,-0.131765430860,-0.225945355830,0.005284048201,0.131765430860,0.203763694946,0.501643109011,-0.456951669511,-0.173250269467,0.488362300363,0.529484119511,0.168748596628,0.999630705893,-0.145671827424,-0.036305572041,0.861075122588,1.891389612176,0.148221597595,1.057761876768,-0.156201150197,0.032899084903,0.898364387036,1.981775723308,0.125640011311,1.198597655229,-1.106340388874,-0.072393400124,1.046285407097,1.354875664587,0.563656806946,0.518078327179,-0.000349422917,-0.341076685073
421,1,0.208749894954,-0.004855340223,-0.097646894695,-0.208749894954,0.004855340223,0.097646894695,0.171779608352,0.464327614617,-0.426433814216,-0.160088528134,0.451501937927,0.405275145344,0.112446046858,0.925730663804,-0.074441245870,-0.031512547548,0.794296123044,1.724629690250,0.080131390199,0.982001355455,-0.079287563828,0.031595255846,0.825617634596,1.813028319534,0.096747446993,1.107110688320,-0.967677846611,-0.069010472747,0.966684746891,1.192449640099,0.563621118665,0.517893970013,-0.000377165154,-0.369338761094
422,1,0.228372115431,-0.005152468814,-0.105593464631,-0.228372115431,0.005152468814,0.105593464631,0.157027038241,0.508986216030,-0.494918025869,-0.174541791823,0.494012574217,0.379125151673,0.074514552823,1.012306598409,-0.032277137702,-0.033655571442,0.864991919261,1.783513791788,0.034771631902,1.068661510684,-0.025267874215,0.033994427579,0.896950780151,1.876621915404,0.056898628373,1.215141728983,-0.934740214221,-0.078586393070,1.055854604251,1.223749343069,0.563903972507,0.517970114946,-0.000390904024,-0.337287403037
423,1,0.212394183761,-0.004740977564,-0.073283842351,-0.212394183761,0.004740977564,0.073283842351,0.119811753789,0.473556641976,-0.486455655840,-0.162419642585,0.459610143696,0.196300494754,0.015339273976,0.948197732121,-0.084845061211,-0.021336823900,0.810934689557,1.568999659095,-0.034622115399,1.005454425356,-0.085062184083,0.039323719759,0.834745695968,1.658269972453,0.000378278668,1.133488849353,-1.001097454686,-0.062197660369,0.985012581495,0.970003607801,0.563932836056,0.517972618341,-0.000428089872,-0.362564160078
424,1,0.210999089102,-0.004158109711,-0.073595920443,-0.210999089102,0.004158109711,0.073595920443,0.093247389208,0.470103317342,-0.561877697186,-0.159845606297,0.456380909894,0.221607428003,-0.033981438197,0.948708713776,-0.116169033325,-0.019769014793,0.806977766973,1.558847753919,-0.075201926698,1.006842350494,-0.108608486640,0.036928233042,0.828531606469,1.644107098778,-0.058745298847,1.119981789511,-0.967748607213,-0.067319189213,0.981812812636,0.988991223671,0.564487069845,0.518632143736,-0.000424198806,-0.364792876584
425,1,0.217711320988,-0.004241201449,-0.076489395129,-0.217711320988,0.004241201449,0.076489395129,0.073980571846,0.486064448091,-0.624342058476,-0.164141013989,0.471590970326,0.254984150869,-0.073054386794,0.981859833678,-0.248837426046,-0.025300724550,0.839629892693,1.500923573931,-0.113147983643,1.042632432568,-0.248412094346,0.029971669108,0.861931449367,1.569727894241,-0.100666183671,1.154293707680,-1.090900010898,-0.091901112809,1.017041525883,0.926181086354,0.564847201109,0.518637061119,-0.000422150828,-0.352987209124
426,1,0.227918524552,-0.003853873211,-0.100108367853,-0.227918524552,0.003853873211,0.100108367853,0.059129025553,0.510757969123,-0.713487160671,-0.170597601541,0.494884586829,0.360041578845,-0.133262164459,1.030023655994,-0.315238611500,-0.023678287801,0.875887242538,1.719322043100,-0.189760773560,1.094593545831,-0.313755989669,0.043961882549,0.905676227073,1.810758578692,-0.156419941263,1.208612647956,-1.156703676280,-0.127551898459,1.059981055544,1.223541794595,0.565349593759,0.519700080156,-0.000421056524,-0.334803839475
427,1,0.216057613065,-0.002308994204,-0.105827422225,-0.216057613065,0.002308994204,0.105827422225,0.027605828569,0.490352733846,-0.609490638807,-0.160000507762,0.472454299600,0.517959408978,-0.196214185112,0.985001119343,-0.076570523278,-0.016720790621,0.826366685044,1.998040939373,-0.258775463218,1.048267080465,-0.061961461696,0.054860773004,0.865589581766,2.099906212757,-0.188090784473,1.157565130842,-1.066577319206,-0.116463270715,1.003132733370,1.564615962985,0.566618531942,0.521459341049,-0.000404488295,-0.347638703333
428,1,0.223053961428,-0.000650315547,-0.109995019781,-0.223053961428,0.000650315547,0.109995019781,-0.003821727865,0.510904511529,-0.603224753691,-0.161714961682,0.494349700565,0.530673329714,-0.266102476720,1.015423845184,0.194916905351,-0.013905215726,0.860492280734,2.069498949209,-0.312502383112,1.074871066932,0.240655188512,0.061645768481,0.902887423132,2.173301611879,-0.264273104555,1.204666928353,-0.584507319814,-0.118106952013,1.047384444425,1.550115696951,0.567832633853,0.523165225983,-0.000404154882,-0.331424331473
429,1,0.267794738224,0.001236315054,-0.123267029715,-0.267794738224,-0.001236315054,0.123267029715,-0.046878073108,0.622767669897,-0.717856249134,-0.182418500637,0.602418018698,0.620505278513,-0.365154026284,1.225179419583,0.075453739700,-0.009777403266,1.049681632665,2.194942325978,-0.412431171464,1.287310822495,0.119711606596,0.080962908496,1.101326409143,2.301923336852,-0.391955260175,1.458251368014,-0.757936679117,-0.116536029206,1.270313662664,1.738272225257,0.569372311234,0.523750096560,-0.000398444012,-0.270972924711
430,1,0.272755805811,0.002567534626,-0.080490772698,-0.272755805811,-0.002567534626,0.080490772698,-0.070246487367,0.642041042800,-0.740836231884,-0.183097696816,0.622021823621,0.427423807243,-0.403701663795,1.244106192376,0.095461348629,-0.009312288200,1.080837236376,2.152520221181,-0.453759832683,1.299035376331,0.126237115558,0.075483675766,1.125062787186,2.277637100076,-0.441290152380,1.488281259857,-0.671529286154,-0.093112078753,1.310293273085,1.693900517837,0.570543915033,0.524329543114,-0.000400862657,-0.262071182237
431,1,0.259285579996,0.003199909427,-0.053299410037,-0.259285579996,-0.003199909427,0.053299410037,-0.068181055381,0.610829292410,-0.628306316831,-0.173455847725,0.593189961495,0.360290812428,-0.406306883024,1.157776568904,0.130865850981,-0.007409401418,1.031049722861,1.913593003885,-0.461264906328,1.213452928134,0.173471634339,0.069755308666,1.068776377892,2.021099310584,-0.448235314183,1.408903113410,-0.573661709685,-0.053605899919,1.251358026067,1.411325678564,0.571142554283,0.524645835161,-0.000405669678,-0.274235694041
432,1,0.244882260022,0.003506573481,-0.054175535746,-0.244882260022,-0.003506573481,0.054175535746,-0.077422212111,0.580869632428,-0.578028092715,-0.163127630317,0.563444632492,0.356817470357,-0.387660448945,1.077767290335,0.426148974728,-0.004594573881,0.980658177265,1.923923017722,-0.430579059787,1.130199998392,0.498432871805,0.066804364394,1.012198998015,2.063588903785,-0.451975986518,1.324812806010,-0.367298683357,-0.047230097381,1.193726165770,1.417730520585,0.572024971247,0.524493008852,-0.000407604501,-0.287614218671
433,1,0.230024266041,0.003964744089,-0.046974946524,-0.230024266041,-0.003964744089,0.046974946524,-0.075471669552,0.541477016405,-0.561728920683,-0.153057251952,0.530515120394,0.315081618245,-0.361171079872,0.996276393019,0.450527900964,-0.002920020619,0.922383505520,1.965644449272,-0.392727031240,1.043010564192,0.524200449089,0.055744155681,0.951191672355,2.108395900909,-0.412226456576,1.225736968463,-0.324904887029,-0.037186131659,1.124022738201,1.435633268078,0.572258025408,0.524256259203,-0.000394484028,-0.305747214926
434,1,0.247741154414,0.004860623322,-0.049343957288,-0.247741154414,-0.004860623322,0.049343957288,-0.081437575735,0.584778715611,-0.571032980968,-0.163727233579,0.574731868877,0.296389357040,-0.372301912841,1.060593848049,0.456980706312,-0.006048566474,1.001106986446,1.769357360068,-0.401569743250,1.107118271718,0.529200985641,0.054584348211,1.033574118074,1.869837040414,-0.447627663865,1.313859096796,-0.298126023088,-0.038835162779,1.220849600735,1.170782107524,0.572880178690,0.524047225714,-0.000394977629,-0.281730720675
435,1,0.256312362707,0.005939302194,-0.053199034536,-0.256312362707,-0.005939302194,0.053199034536,-0.080303730216,0.600384495059,-0.580859801591,-0.169781247822,0.594426330975,0.290380067058,-0.367721214245,1.079872827095,0.508753492069,-0.012598097772,1.038921250738,1.606306819068,-0.399180873307,1.129735769311,0.589622092033,0.052980746881,1.073676476815,1.685093154076,-0.451731196238,1.333637409007,-0.193999101038,-0.045019932563,1.267812701808,0.958114450537,0.573109358549,0.523477315903,-0.000393615570,-0.271764885471
436,1,0.252662283653,0.006160099219,-0.048385195479,-0.252662283653,-0.006160099219,0.048385195479,-0.070394009885,0.591462634372,-0.469345318838,-0.167730509143,0.586033828964,0.226422577100,-0.354900439666,1.048015521398,0.670935992444,-0.030033892451,1.026420461848,1.491404571488,-0.354488238103,1.089419071572,0.755495058081,0.039934552457,1.061437603931,1.566256203392,-0.441943198987,1.299978235766,-0.022348596860,-0.045799461469,1.255106282138,0.812542059572,0.573397845030,0.523290544748,-0.000403909478,-0.274307574747
437,1,0.247196805723,0.006653604604,-0.048688699848,-0.247196805723,-0.006653604604,0.048688699848,-0.063797017050,0.577744510004,-0.412294190798,-0.165380467764,0.568561905989,0.217974988662,-0.336149880342,1.022521195667,0.635046646926,-0.033678477157,1.009771290546,1.278045147435,-0.320093290081,1.069369103484,0.708941999072,0.039183642606,1.045524983703,1.328707845476,-0.416531016204,1.264005687870,-0.060648946328,-0.050069535248,1.233875408519,0.568037233928,0.573651582003,0.522567123175,-0.000401385594,-0.279251007529
438,1,0.247796115438,0.006719577037,-0.049050098153,-0.247796115438,-0.006719577037,0.049050098153,-0.059495592399,0.581047207558,-0.430861308633,-0.165181937299,0.571847438676,0.241450071160,-0.332979240228,1.034782843207,0.584164456574,-0.040026269089,1.016226641390,1.414370370020,-0.315153492624,1.082080989224,0.654807265952,0.034291161235,1.053062895079,1.478864168979,-0.405821363646,1.274285004565,-0.129188459732,-0.053780685397,1.242296955365,0.752767913187,0.574025094509,0.522545993328,-0.000404739287,-0.277356450050
439,1,0.209194365042,0.005962844320,-0.034611120600,-0.209194365042,-0.005962844320,0.034611120600,-0.047241043808,0.493502950004,-0.340177000594,-0.139932098614,0.484632230773,0.179446644599,-0.270276791292,0.878542174936,0.687558549507,-0.041383892311,0.864032073370,1.245562527722,-0.252038532730,0.916791486247,0.762229844458,0.022020493076,0.897936579830,1.305578632858,-0.320771696696,1.083440158672,0.035537907695,-0.051294760231,1.055983735105,0.596676264574,0.574442893267,0.522164136171,-0.000410101842,-0.326804516346
440,1,0.243650696977,0.006925157896,-0.045383705271,-0.243650696977,-0.006925157896,0.045383705271,-0.052023287812,0.575433028274,-0.242567037456,-0.162473148494,0.564826470692,0.302020695181,-0.308793444632,1.028574351346,0.779718012369,-0.034585481794,1.007322736496,1.127661970122,-0.292276653240,1.075485476220,0.816538443569,0.040327252883,1.047790374980,1.153878768441,-0.399401714933,1.266038935536,0.025653421329,-0.055776901000,1.233327814223,0.579510756387,0.575044512749,0.522275656462,-0.000400201883,-0.280221512859
441,1,0.239947363480,0.006967373405,-0.045405048592,-0.239947363480,-0.006967373405,0.045405048592,-0.049525374637,0.569476638662,-0.300618535146,-0.162287612050,0.558449930663,0.304615544674,-0.286403877380,1.019097321438,0.710355544717,-0.034736064264,0.996152762773,1.317197686120,-0.267385055487,1.064384565342,0.774051643435,0.032221355939,1.038162182549,1.375131209410,-0.347872750102,1.250733029420,0.021215616215,-0.068506145853,1.219098831177,0.723702240377,0.575265049934,0.522243648767,-0.000402421691,-0.283528214232
442,1,0.184908891577,0.005488454074,-0.044808477477,-0.184908891577,-0.005488454074,0.044808477477,-0.037102270203,0.438783112787,-0.338535360204,-0.124455973718,0.430704164101,0.239456795958,-0.219637925055,0.782414802087,0.739122483832,-0.024073437031,0.768328749770,1.390544060459,-0.206047768115,0.815975355766,0.826213583051,0.025379899476,0.801634229897,1.464169948291,-0.269834780724,0.962382230653,0.123042370259,-0.052395184815,0.939738663081,0.757288579333,0.575391709805,0.521983832121,-0.000388137996,-0.368040177058
443,1,0.212922456450,0.006296462076,-0.054753880656,-0.212922456450,-0.006296462076,0.054753880656,-0.042134605476,0.504867693700,-0.430441762835,-0.143056267306,0.496016172589,0.249717045418,-0.253090513059,0.899538909757,0.828125643741,-0.018691351439,0.884982793258,1.488621457402,-0.242579564831,0.936588571077,0.924930438264,0.030733806006,0.923242294238,1.566306664237,-0.324538742844,1.109213744827,0.073504792877,-0.057494236015,1.082069738958,0.825715940751,0.575394749641,0.521977484226,-0.000397533178,-0.319641476600
444,1,0.201166340296,0.006014164595,-0.047898262477,-0.201166340296,-0.006014164595,0.047898262477,-0.039481636222,0.475601193214,-0.405067936303,-0.134264165539,0.468102492318,0.225699298049,-0.238660197122,0.849127368728,0.696237868367,-0.022504206724,0.834867258151,1.394114172665,-0.233369670201,0.884573018229,0.775510900018,0.027590723316,0.870186238027,1.464326670461,-0.311447840839,1.048865108198,0.042803963917,-0.054061327746,1.019700087560,0.764490730678,0.575454473495,0.521910399199,-0.000401314348,-0.338326882963
445,1,0.244365595592,0.007335626582,-0.058745289532,-0.244365595592,-0.007335626582,0.058745289532,-0.048799685690,0.580233616031,-0.450798074867,-0.162101078941,0.569860126092,0.307847264922,-0.289536799673,1.034037202072,0.682980842778,-0.025038420027,1.015396342657,1.440091121684,-0.284264210896,1.077879916976,0.762909357610,0.033071514144,1.058382762909,1.495632279068,-0.391199873260,1.277015686063,0.025520834291,-0.064980117991,1.240488663973,0.841548875703,0.575545340776,0.522014856339,-0.000400472432,-0.278082497783
446,1,0.247259586173,0.007307137513,-0.057289013580,-0.247259586173,-0.007307137513,0.057289013580,-0.050023469050,0.587180042490,-0.477854881008,-0.163224035303,0.577401124441,0.294690188828,-0.293095188086,1.045619545735,0.653283414025,-0.022584948678,1.026107246430,1.485559340246,-0.289550040267,1.087667570612,0.738006136798,0.033545004422,1.067900265262,1.564101419049,-0.391700995082,1.292631281645,0.009525429897,-0.065578187289,1.253606466194,0.962990045018,0.575537681580,0.521968662739,-0.000405175611,-0.274876080551
447,1,0.240029021006,0.006323377569,-0.070920079547,-0.240029021006,-0.006323377569,0.070920079547,-0.048511986189,0.568806419208,-0.455163817852,-0.158634586670,0.561095507237,0.289735126273,-0.285368416579,1.013470062841,0.679216443549,-0.022093322759,0.995203440515,1.536681841448,-0.282028980562,1.054703207666,0.764719235266,0.034190878446,1.035584030611,1.619378702176,-0.397322524552,1.254720931494,0.006335126991,-0.059623847886,1.216240946479,0.943008189327,0.575481295586,0.522445827723,-0.000413142145,-0.282937844574
448,1,0.207428484304,0.005438689560,-0.061675563344,-0.207428484304,-0.005438689560,0.061675563344,-0.041793636934,0.491406093738,-0.414004249760,-0.136918005343,0.484917707851,0.252262026269,-0.246182984828,0.876488780853,0.749549238850,-0.012985152583,0.859156174699,1.608365990785,-0.244111285282,0.911682348511,0.844446778842,0.030699085546,0.894136396111,1.701657877088,-0.334041556220,1.085364412241,0.111098173276,-0.050719927281,1.051883080300,1.006758817636,0.575746059418,0.522448569536,-0.000413423404,-0.327153817822
449,1,0.220236002294,0.005818636922,-0.064042874161,-0.220236002294,-0.005818636922,0.064042874161,-0.044160360233,0.522176940389,-0.464180497644,-0.145242988611,0.514967211982,0.255772816986,-0.257564026805,0.930853949855,0.654890557777,-0.027334178778,0.914194896682,1.448528802619,-0.253404196118,0.968122783099,0.741768297682,0.030086379245,0.953222445602,1.515069748319,-0.322615422345,1.151733512098,0.015668096645,-0.055058130114,1.119808141440,0.810039088808,0.575791835785,0.522474437952,-0.000417330302,-0.308137033010
450,1,0.239423809779,0.006303645391,-0.069430174302,-0.239423809779,-0.006303645391,0.069430174302,-0.047734937768,0.568316318597,-0.456919841645,-0.157584820175,0.560796904014,0.280010150724,-0.279798039676,1.013401505675,0.606283525192,-0.028090456645,0.997086287245,1.377421233928,-0.275824057274,1.054773651386,0.678900897052,0.032509828176,1.041599941820,1.430217210884,-0.339497653380,1.252846574576,-0.014614319297,-0.060105220912,1.219335883777,0.758128119329,0.575853943825,0.522551178932,-0.000418422744,-0.283175811950
451,1,0.238495684299,0.006167138921,-0.071740273449,-0.238495684299,-0.006167138921,0.071740273449,-0.046584958226,0.564785859982,-0.468587738811,-0.155938209397,0.558755140414,0.310032604704,-0.277900461652,1.007698983095,0.590242223036,-0.020835936136,0.990978765457,1.588915594918,-0.277341173711,1.048908725646,0.665802002815,0.053568205252,1.033731313528,1.668112421449,-0.342492879228,1.246043590550,-0.051338320073,-0.058951691939,1.211879912839,1.012111011914,0.576088696718,0.522794574499,-0.000418340787,-0.284654816882
452,1,0.200394769993,0.005089665676,-0.059801439853,-0.200394769993,-0.005089665676,0.059801439853,-0.038988963993,0.475928061083,-0.433944379191,-0.131651846328,0.470139920853,0.252747212001,-0.217873094409,0.847134849085,0.800290920919,-0.017630694857,0.832887728689,1.618305938961,-0.216313123894,0.881299629348,0.902385982495,0.042762575095,0.868810006487,1.713328934682,-0.255377524899,1.044254138725,0.163929724763,-0.051403589965,1.017813685997,1.008928306812,0.576016098261,0.522884219885,-0.000412103720,-0.338568423225
453,1,0.192545064423,0.004684775221,-0.060429736690,-0.192545064423,-0.004684775221,0.060429736690,-0.037399439064,0.457675622869,-0.435936770556,-0.125934296174,0.452335984778,0.242588355073,-0.208985849317,0.814990236204,0.730666994447,-0.020155477410,0.801373753427,1.511862706471,-0.208193320733,0.849331620318,0.821167200750,0.038892381051,0.837224136303,1.593303173570,-0.245951079396,1.003846129931,0.114863580656,-0.049365623464,0.978011624924,0.917568102648,0.576016366482,0.522498995066,-0.000406059437,-0.352651229487
454,1,0.226415786673,0.005531795538,-0.069311209094,-0.226415786673,-0.005531795538,0.069311209094,-0.041379395446,0.540714272639,-0.506858582192,-0.148454336314,0.531696869032,0.271672136077,-0.246775788866,0.966525011098,0.473424477927,-0.018734311809,0.941381171937,1.574427981666,-0.250887823407,1.007902520017,0.535015286691,0.045888395122,0.983236468807,1.651602054956,-0.291942239642,1.186783667961,-0.215918510721,-0.042296843632,1.146909820874,0.981600169809,0.575942665339,0.522469729185,-0.000410054810,-0.300151510643
455,1,0.226242741616,0.004862123531,-0.066494848562,-0.226242741616,-0.004862123531,0.066494848562,-0.039283836894,0.543438546802,-0.501637850109,-0.148656337615,0.531972590389,0.277313806046,-0.251924544792,0.975639507506,0.505511023768,-0.011204759374,0.936383175451,1.741155760544,-0.268875836915,1.015873151818,0.573504818079,0.049595579419,0.978113162198,1.839169751815,-0.302119096513,1.199068048896,-0.207854377267,-0.043303303158,1.141102093737,1.161753151647,0.575622916222,0.522954910994,-0.000413140282,-0.301221373694
456,1,0.217035412331,0.004545182175,-0.070556941062,-0.217035412331,-0.004545182175,0.070556941062,-0.039496683835,0.528016569996,-0.539447676731,-0.137371964810,0.511164621214,0.423725823864,-0.252030346849,0.961076490154,0.437496884698,-0.012863996895,0.898388082789,1.949119032805,-0.279776546048,1.006851877209,0.504130664577,0.045753670625,0.937438015111,2.050303745805,-0.299392266019,1.178925083173,-0.297782420155,-0.044050495682,1.094513039765,1.380143950369,0.575088113546,0.523105710745,-0.000403086655,-0.314265843436
457,1,0.216833464077,0.002797651094,-0.076869220301,-0.216833464077,-0.002797651094,0.076869220301,-0.030002246715,0.528028250917,-0.528606742661,-0.137493575753,0.509693612662,0.492561590082,-0.253165133668,0.967150047337,0.458579643923,-0.011483819097,0.890024302445,2.061773259399,-0.285741091208,1.017016908058,0.523764641088,0.055077524763,0.929382747201,2.167155252066,-0.301077795091,1.183286902607,-0.298026376246,-0.055552172571,1.084928679600,1.496320404818,0.574518829584,0.523964434862,-0.000393471681,-0.316201808471
458,1,0.204861293273,0.000808055107,-0.099579233343,-0.204861293273,-0.000808055107,0.099579233343,-0.010305112542,0.495229179153,-0.532756046084,-0.131403362124,0.477467708706,0.604998102807,-0.228707630043,0.919118598096,0.345271663050,-0.013556789260,0.831381518693,2.229668156020,-0.264575301026,0.966772889682,0.400829099714,0.052591767412,0.867071253058,2.343937778367,-0.271796768447,1.121659109699,-0.386444168938,-0.062527917942,1.013493633089,1.761422817306,0.573567986488,0.525018304586,-0.000375011936,-0.336986694691
459,1,0.192220664116,0.000445507971,-0.127773315108,-0.192220664116,-0.000445507971,0.127773315108,0.014677991673,0.458794272366,-0.511749124399,-0.125217576870,0.442289738998,0.554619532603,-0.181011240939,0.872304852228,0.225450435582,-0.012281839144,0.770384104395,1.971162741527,-0.224240678566,0.925919420825,0.264965066269,0.050409124404,0.808020552170,2.065750928183,-0.214864108786,1.044811932096,-0.514749766077,-0.094524987642,0.939196787900,1.489823634627,0.572718948126,0.525096982718,-0.000366829336,-0.363575138691
460,1,0.209683815503,-0.000315609144,-0.130588278186,-0.209683815503,0.000315609144,0.130588278186,0.044063824396,0.498084036897,-0.555509818229,-0.138799374628,0.475799003701,0.536791868057,-0.149524452807,0.963073647429,-0.026075811132,-0.016194639220,0.828823761896,1.956369103734,-0.203583388219,1.028563689060,-0.008877196154,0.053051556084,0.870454597114,2.029934198073,-0.192880488932,1.136498848065,-0.774753572017,-0.125407900844,1.018567345884,1.507215925725,0.571455478668,0.525365471840,-0.000373568386,-0.338618604519
461,1,0.204218255487,-0.001964023463,-0.113434106875,-0.204218255487,0.001964023463,0.113434106875,0.063709371485,0.475820766259,-0.518298225770,-0.137421867755,0.455057036540,0.455508224049,-0.088205080654,0.934931091800,0.052487852062,-0.020632459949,0.799110916154,1.802834054075,-0.127712593028,0.992282418703,0.074970813913,0.042664014532,0.833730136542,1.875015851070,-0.107153470016,1.106280836987,-0.716498708345,-0.123491868097,0.977258225240,1.404553871761,0.569678485394,0.524487376213,-0.000387664884,-0.355984791693
462,1,0.261381599889,-0.004349768725,-0.094117392858,-0.261381599889,0.004349768725,0.094117392858,0.099591651831,0.599161169400,-0.464493535113,-0.178075032227,0.573776039469,0.421720082052,-0.050285571946,1.182615347312,-0.071002458676,-0.024297871205,1.009622802787,1.605424627471,-0.105059342463,1.255385102643,-0.073807766237,0.047443278561,1.047674080174,1.670177507342,-0.046181632823,1.397756608802,-0.864029588971,-0.127242921847,1.232050055309,1.135184887664,0.567981407046,0.523422569036,-0.000421308912,-0.284288163599
463,1,0.212654395360,-0.003980168477,-0.082955572258,-0.212654395360,0.003980168477,0.082955572258,0.105347770204,0.484975010649,-0.395241826074,-0.145721822646,0.463890078934,0.332650113762,0.020414094456,0.958614974739,0.046477093104,-0.013105848725,0.816962988402,1.786827420081,-0.020938898826,1.014988493681,0.061141354161,0.043860772784,0.845482183216,1.891617506300,0.006878017862,1.132860520023,-0.815259199081,-0.076798700218,0.999731844139,1.196550467573,0.567327961326,0.522732347250,-0.000421216711,-0.352139219179
464,1,0.201895996894,-0.004236505587,-0.094878813674,-0.201895996894,0.004236505587,0.094878813674,0.129929045800,0.458623887898,-0.407185049407,-0.138784529848,0.436017395119,0.493581204016,0.079736466787,0.909483104065,-0.040512147634,-0.012551347373,0.768870799043,2.061982522659,0.034032039214,0.965956500973,-0.043773673159,0.040997897492,0.797233200325,2.166853270030,0.080301088664,1.078752131133,-0.992084434395,-0.072447223971,0.944445144047,1.496024192014,0.567021504045,0.522273033857,-0.000393837690,-0.372224290087
465,1,0.207769830077,-0.004680860162,-0.108005806173,-0.207769830077,0.004680860162,0.108005806173,0.160106878907,0.466994310845,-0.411124824662,-0.143099362301,0.446217672664,0.565465634341,0.145939586047,0.934786567420,-0.089359797623,-0.007063038921,0.788850922251,1.985144010868,0.110800909942,0.997860322719,-0.103316510068,0.055021555954,0.818078281083,2.074124442521,0.131823524603,1.109086847505,-1.057840052481,-0.063437465515,0.964875336541,1.413213719933,0.566745758057,0.522100180387,-0.000388870016,-0.362993071247
466,1,0.275928678574,-0.006495212599,-0.142871166627,-0.275928678574,0.006495212599,0.142871166627,0.253076009757,0.612105371018,-0.424059912100,-0.191033002889,0.585481173332,0.688121009229,0.267081301787,1.231007408793,-0.122131636854,-0.008800720592,1.038536497683,2.189412616176,0.235253667982,1.305603256578,-0.142913524828,0.077064409175,1.080678231967,2.271615748302,0.227786514412,1.463616270666,-1.235573505353,-0.072995967423,1.270564076359,1.535639749732,0.566001906991,0.522175639868,-0.000391228124,-0.275626899161
467,1,0.247490967911,-0.006685962049,-0.150860968955,-0.247490967911,0.006685962049,0.150860968955,0.247700800456,0.539157335355,-0.455872065792,-0.172471343136,0.519982522664,0.700627678673,0.278332006558,1.101849616338,-0.239618119411,-0.009858170475,0.922327783839,2.490169951265,0.241331566776,1.167227372938,-0.265969050614,0.066310174018,0.964216462487,2.611753088160,0.251778002258,1.305737516742,-1.414993305493,-0.062915000407,1.134188162162,1.870985303186,0.565502345562,0.521908253431,-0.000361725688,-0.308629182276
468,1,0.232549031494,-0.006908688684,-0.148622085282,-0.232549031494,0.006908688684,0.148622085282,0.242032537775,0.505624168166,-0.419799390956,-0.159074588226,0.489400530708,0.611825288493,0.296910885375,1.028705561679,0.065641122889,-0.009808736409,0.862069519838,2.520328100783,0.269865494448,1.087844211567,0.064979574215,0.060931731208,0.901407859463,2.662104215008,0.278405801724,1.220405246212,-1.118559868777,-0.043996175529,1.060867780092,1.861234265612,0.565151736140,0.522085815668,-0.000351322815,-0.329746993941
469,1,0.216821636346,-0.006609781405,-0.150619727765,-0.216821636346,0.006609781405,0.150619727765,0.241746575397,0.470103293631,-0.356258631356,-0.149221354001,0.455304039938,0.578889876410,0.304092012396,0.957258616051,0.199433044373,-0.010134368684,0.801489865705,2.275168488264,0.281055064450,1.006782405758,0.208651174641,0.055635165065,0.840134375391,2.393029041240,0.277818460097,1.138066874767,-0.930584345122,-0.042061356279,0.987995903693,1.654448944414,0.564864277840,0.522088766098,-0.000342018902,-0.353509615719
470,1,0.202805712129,-0.006364240544,-0.140104211366,-0.202805712129,0.006364240544,0.140104211366,0.240739045455,0.440765249478,-0.313463175928,-0.137739775264,0.427791272208,0.518596889471,0.286277957627,0.874995245677,0.479105426984,-0.009929013622,0.748994447560,2.219346302745,0.265607934827,0.913381463559,0.516946955130,0.051314961812,0.785144902251,2.348623112796,0.262610881515,1.059430434298,-0.490886684904,-0.038896933403,0.922398054948,1.618721386867,0.564734682441,0.521813482046,-0.000339575112,-0.378513587670
471,1,0.187390778205,-0.005867578879,-0.128142999193,-0.187390778205,0.005867578879,0.128142999193,0.232180416938,0.408325590114,-0.243343829904,-0.126841424873,0.395620344210,0.459408530254,0.270243214308,0.787799784311,0.645917902659,-0.009162751605,0.691428726299,2.039051163022,0.246945463947,0.818371086880,0.696255223887,0.047384079122,0.724764852805,2.157279455946,0.254450921035,0.968055106064,-0.214524849039,-0.035114427520,0.851739355737,1.457326098243,0.564765036106,0.521786481142,-0.000321827829,-0.409821501524
472,1,0.197113098631,-0.005814797750,-0.124699728916,-0.197113098631,0.005814797750,0.124699728916,0.247624085441,0.430052807567,-0.210914466225,-0.133592164311,0.417126096596,0.362106548207,0.278233444713,0.806432708910,0.816635785713,-0.009811182565,0.729882736130,1.814889696610,0.251963229162,0.840584126581,0.879721446386,0.049417800862,0.766614028347,1.909346063619,0.272221781092,0.988979298558,-0.019591392450,-0.037479161071,0.894638088156,1.085578467144,0.564712777734,0.521381735802,-0.000332070515,-0.390267682200
473,1,0.185149488692,-0.005119158519,-0.113590595307,-0.185149488692,0.005119158519,0.113590595307,0.233970997596,0.404803701467,-0.099794245378,-0.125108845213,0.393953331368,0.332642011733,0.254445626350,0.745395545509,1.125185517128,-0.009490116906,0.687035791960,1.827172133898,0.230664937052,0.777848251769,1.209881456971,0.045608695854,0.721258052051,1.933134948103,0.254427721686,0.913171421769,0.332020755674,-0.035692089833,0.840986545494,1.094275405167,0.564819604158,0.520557463169,-0.000324405730,-0.416125109559
474,1,0.180287125601,-0.005094152181,-0.100516017932,-0.180287125601,0.005094152181,0.100516017932,0.225921157903,0.394412242844,-0.083407823846,-0.121240040804,0.384965562905,0.295251568999,0.240267831439,0.711950797375,1.109456291940,-0.009340813297,0.672230860673,1.740724154628,0.217372531160,0.741815233151,1.192517948255,0.044319486625,0.704969038780,1.840517901229,0.243768474458,0.871170740148,0.363638002535,-0.035201983597,0.820587267973,1.029761655136,0.564822733402,0.519987523556,-0.000324055552,-0.427329368903
475,1,0.186252613941,-0.005492532037,-0.094582204297,-0.186252613941,0.005492532037,0.094582204297,0.230516371919,0.406803402900,-0.075442138842,-0.125240124328,0.397783151726,0.254891975815,0.241673537446,0.725252256853,1.118258479757,-0.010460428735,0.695250775654,1.659044089990,0.217393383677,0.759061753185,1.201396753400,0.044895505914,0.728907357032,1.751690500065,0.245822293259,0.887237664306,0.379983170355,-0.037493628713,0.848281714216,0.953283080046,0.564520820975,0.520142972469,-0.000333877280,-0.413176879073
476,1,0.190211217836,-0.006004263767,-0.093974426202,-0.190211217836,0.006004263767,0.093974426202,0.230708837826,0.411628218634,-0.022617986282,-0.127544783040,0.404634757923,0.267218564721,0.241431041875,0.727730291039,1.295370907248,-0.011412620891,0.706835600112,1.890033190752,0.216256273623,0.763107236775,1.390279871016,0.044764064624,0.741005225835,2.002710806724,0.253494026686,0.899363456927,0.535780023086,-0.039252268072,0.863278640094,1.166186342871,0.564216271043,0.520465433598,-0.000331468880,-0.405520115951
477,1,0.207385852221,-0.007457001341,-0.107308571496,-0.207385852221,0.007457001341,0.107308571496,0.248136815079,0.445021046885,0.026791252810,-0.139383697937,0.439863573376,0.347095727870,0.259846124246,0.788172417947,1.514681905883,-0.014075694917,0.767887829638,2.151912618319,0.232270457602,0.826195145099,1.624544087333,0.047082676130,0.805718435413,2.277995195762,0.273948297943,0.972247289479,0.707128703315,-0.043771186203,0.938272891411,1.400059793155,0.563919469714,0.521810054779,-0.000330515206,-0.371983432987
478,1,0.207010358227,-0.007829293333,-0.107143841070,-0.207010358227,0.007829293333,0.107143841070,0.245117094354,0.443443195041,-0.018069329877,-0.139864673626,0.438487138142,0.341310100904,0.256059820352,0.777542954825,1.402359594695,-0.017118560627,0.764399909773,2.112859406233,0.228407899131,0.815335268247,1.507684882145,0.044235379355,0.803529739470,2.236110387234,0.272780453491,0.967525935810,0.625329466421,-0.044726329894,0.936012478244,1.402415744463,0.563568383455,0.522119700909,-0.000330185518,-0.372596912708
479,1,0.206089670828,-0.008177871127,-0.106553255775,-0.206089670828,0.008177871127,0.106553255775,0.242895078917,0.441544945274,-0.019882181821,-0.140579870437,0.437322929461,0.335481283159,0.252921149398,0.772566084767,1.424247597440,-0.019242765639,0.762250709395,2.098472126279,0.226335027553,0.811803649143,1.531082426682,0.040798414141,0.801847889726,2.215612753903,0.270851508341,0.960076994561,0.645619477851,-0.045262009515,0.933499571814,1.372308550762,0.563093647361,0.522292524576,-0.000329859555,-0.373424100862
480,1,0.206611841638,-0.008194971242,-0.106293780660,-0.206611841638,0.008194971242,0.106293780660,0.243127831596,0.440796761590,-0.031263481164,-0.142315664937,0.437016373284,0.340525661709,0.250429622753,0.776033129979,1.402459829729,-0.020899766521,0.762739342624,2.104325280612,0.223385945880,0.815577331349,1.508117262543,0.039157361831,0.802375467844,2.226148681451,0.270578131620,0.964516988935,0.605317746521,-0.046681608704,0.934432950715,1.383271725258,0.562496975064,0.522539019585,-0.000329507515,-0.372837634899
481,1,0.207144218489,-0.008235538104,-0.106047780550,-0.207144218489,0.008235538104,0.106047780550,0.243232899765,0.439575213531,-0.038169974849,-0.143329729181,0.436525245154,0.335471711884,0.249225964527,0.777919469899,1.321316537011,-0.021941691203,0.762587615551,2.029640278404,0.221279857909,0.817815735661,1.417289983690,0.038217887893,0.802296675476,2.144433267348,0.271146633042,0.967290084799,0.533469282560,-0.047249650313,0.934251371900,1.287547625424,0.562120407820,0.522563070059,-0.000331040472,-0.372835804350
482,1,0.210411548537,-0.008385558553,-0.105083985269,-0.210411548537,0.008385558553,0.105083985269,0.247297619569,0.444394355248,-0.041593646435,-0.146229973197,0.441416808455,0.291675889772,0.251541682696,0.788983685480,1.302835107359,-0.023660761475,0.773899579815,1.987729213178,0.223026158330,0.830319117328,1.395837475801,0.036252569430,0.814280417983,2.104891224593,0.274218881608,0.976511682527,0.481226129910,-0.048210470056,0.948177031105,1.254149044516,0.561842769384,0.522613465786,-0.000336762518,-0.367270942767
483,1,0.231308496796,-0.009191185496,-0.108865486115,-0.231308496796,0.009191185496,0.108865486115,0.271727435428,0.484943812013,-0.153220750151,-0.161591365806,0.483786200502,0.281611458554,0.275961062602,0.866658576924,1.002832995515,-0.026947669770,0.849634101194,1.776286262891,0.244353805677,0.911928952051,1.079838527127,0.039422830437,0.894148146332,1.871409619579,0.300561779904,1.072337313864,0.216122443365,-0.052998302185,1.042324026407,1.068306681500,0.561803147197,0.522596687078,-0.000354837626,-0.333908325376
484,1,0.209722393861,-0.008333464476,-0.098828061933,-0.209722393861,0.008333464476,0.098828061933,0.246149379247,0.439749414552,-0.097306592530,-0.146555140954,0.439891504539,0.259789760112,0.249729868911,0.786326151971,1.266644670252,-0.024386234542,0.770489429893,1.939431697790,0.220914488789,0.827512342765,1.366570991295,0.035856521598,0.810699601651,2.060713917367,0.272322176904,0.973791880931,0.442859074357,-0.047597394598,0.944834006237,1.191126269468,0.561784029007,0.522571086884,-0.000353151932,-0.368307993260
485,1,0.200790684123,-0.008015539887,-0.094977448416,-0.200790684123,0.008015539887,0.094977448416,0.235689185525,0.421472869493,-0.094487148704,-0.139861859097,0.421951325936,0.261661290235,0.238996314265,0.754470187094,1.202537344474,-0.023127783416,0.739047713832,1.860590656317,0.211284110884,0.793856076936,1.295863542945,0.034388010998,0.776992966366,1.974558733156,0.260495401271,0.933949455962,0.411139941783,-0.045152893617,0.905366176763,1.148837813473,0.561817005277,0.522347748280,-0.000351779163,-0.384693624100
486,1,0.200157216673,-0.007888380767,-0.104602710590,-0.200157216673,0.007888380767,0.104602710590,0.234795210768,0.420287539747,-0.145290346386,-0.137955455328,0.421139845069,0.262346211008,0.238161492423,0.753015304097,1.182471975346,-0.022670580148,0.737428063880,1.771885126001,0.210722141979,0.791597488575,1.281905176327,0.034303049533,0.775187908102,1.871777688350,0.259371198390,0.931498201826,0.395772771024,-0.044646248799,0.902904424058,1.041336902186,0.561812520027,0.522279500961,-0.000354280695,-0.385892733012
487,1,0.194055193559,-0.007621861923,-0.101627698763,-0.194055193559,0.007621861923,0.101627698763,0.227550746873,0.407413908049,-0.138377088661,-0.132523269304,0.408489033657,0.264899775726,0.230738015138,0.730348548609,1.156575882030,-0.021815129653,0.715329433176,1.735392513817,0.204100804878,0.767324334430,1.251460882995,0.033237890029,0.751720937643,1.835646629182,0.251728869346,0.903500822154,0.387049711316,-0.043260142073,0.875487061794,1.033356155281,0.561814740300,0.522290408611,-0.000353842974,-0.398057069803
488,1,0.195051080248,-0.007652102170,-0.102601241002,-0.195051080248,0.007652102170,0.102601241002,0.228987422529,0.408946175246,-0.131340307266,-0.132841791274,0.409593170999,0.272035248469,0.232015115778,0.732451879660,1.179159234589,-0.021890901102,0.718450247273,1.798276666432,0.205020053437,0.770284120868,1.273996799395,0.033409472774,0.755021162884,1.905179843991,0.253232226049,0.908192816181,0.426366315747,-0.043150236200,0.879483395734,1.118061038136,0.561809986830,0.522466361523,-0.000353988260,-0.395954319557
489,1,0.195452201221,-0.007724648508,-0.101796676989,-0.195452201221,0.007724648508,0.101796676989,0.229376429230,0.409860268913,-0.102716179101,-0.133425269792,0.410459323595,0.274108021544,0.231296923622,0.733207057444,1.201981568486,-0.022339596483,0.720809223537,1.755377514385,0.202921503804,0.771958010711,1.295264094893,0.032931430060,0.758892697570,1.853540916606,0.254225039219,0.910426645746,0.454906228992,-0.043582625334,0.882177879320,1.050096661270,0.561678305268,0.522648006678,-0.000356623903,-0.394608419112
490,1,0.218926908762,-0.008616105986,-0.114362430504,-0.218926908762,0.008616105986,0.114362430504,0.257100086079,0.458092004015,-0.191887194079,-0.150871753923,0.458419786977,0.224008295595,0.259433826311,0.820256978879,1.215994419242,-0.024966206117,0.805465624649,1.946012427155,0.227420498039,0.862939160283,1.318136802245,0.037233022340,0.847534376400,2.065579935179,0.284847243797,1.018639959349,0.412204895932,-0.048265195048,0.987265867080,1.189815187717,0.561684772372,0.523029863834,-0.000357452780,-0.352227572225
491,1,0.223937866861,-0.008610663943,-0.115340336364,-0.223937866861,0.008610663943,0.115340336364,0.262787063846,0.468874270088,-0.190783632198,-0.154682868870,0.468624407072,0.196927537366,0.265142667777,0.838543399201,1.252812887320,-0.026038046570,0.823812563180,1.875865538476,0.232131832711,0.882517212191,1.358067899343,0.037373308268,0.867187951649,1.990139168195,0.292263886971,1.041491041148,0.440361559124,-0.049427856847,1.009683635024,1.105347735037,0.561595737934,0.523369491100,-0.000360721722,-0.344226623511
492,1,0.235159499836,-0.008749663512,-0.120393378521,-0.235159499836,0.008749663512,0.120393378521,0.275436891524,0.492620434627,-0.333708724798,-0.162779224978,0.491697169072,0.194304260523,0.276454501404,0.878116615488,1.127411824054,-0.027303683735,0.860590748441,1.985428281264,0.241448576115,0.920934759818,1.238983985528,0.039560992878,0.904131472133,2.112888190557,0.306808924297,1.093831731901,0.376810492889,-0.051827936413,1.059172826487,1.240860237827,0.561610758305,0.523609340191,-0.000363636762,-0.327892651287
493,1,0.213802251468,-0.007866369275,-0.107068315744,-0.213802251468,0.007866369275,0.107068315744,0.250736872265,0.449404017249,-0.274080247021,-0.148053794461,0.450164203914,0.191388459987,0.250455088911,0.799123452387,1.282565909671,-0.024337176813,0.783581215258,1.962855500915,0.218237362705,0.835640855225,1.406028608106,0.036387301281,0.822433418080,2.098396601374,0.279588659931,0.996763882349,0.558022151774,-0.045928330194,0.964413202024,1.294509538553,0.561800315976,0.523330599070,-0.000356538221,-0.360441145137
494,1,0.215391620638,-0.007768087531,-0.108180256380,-0.215391620638,0.007768087531,0.108180256380,0.253747555108,0.456460248337,-0.251802152463,-0.147255898480,0.453887753285,0.194536686380,0.249837296155,0.806532952977,1.285375918034,-0.022328359674,0.789792125678,1.968357567203,0.217722154916,0.841565084246,1.402680362974,0.038431879575,0.826989107919,2.101454938165,0.282751273552,1.005655370409,0.529917170487,-0.043366317275,0.969534415652,1.295292570716,0.562449574471,0.523287922144,-0.000354295596,-0.358671205302
495,1,0.216492531479,-0.007212783052,-0.106354126483,-0.216492531479,0.007212783052,0.106354126483,0.255299008983,0.458442806060,-0.242418568812,-0.146463261747,0.456321771397,0.203612746796,0.248014143048,0.824271759733,1.043461047324,-0.021328542585,0.794227181368,1.763515025567,0.217033818992,0.859060989927,1.129278715769,0.039029301842,0.830835796840,1.864430562014,0.281247681465,1.018372484488,0.242891883249,-0.042420360322,0.972511290208,1.045990940094,0.562807679176,0.522884368896,-0.000358333811,-0.358043549301
496,1,0.234538792150,-0.006975899112,-0.115988383963,-0.234538792150,0.006975899112,0.115988383963,0.274160235391,0.497879478779,-0.253801677334,-0.158181298726,0.492552530034,0.275020851135,0.266678559736,0.897338155316,1.114989492501,-0.023322618588,0.861152355442,1.880122268903,0.234663930881,0.931187191938,1.209328071254,0.042102251076,0.898855665001,1.981809282071,0.293281433597,1.110521437717,0.277783851312,-0.045247464552,1.051059473633,1.111190586701,0.562951564789,0.523874998093,-0.000362267718,-0.331034425164
497,1,0.214237252962,-0.006404300919,-0.117864527971,-0.214237252962,0.006404300919,0.117864527971,0.249880543843,0.457273865649,-0.217838186019,-0.146007265627,0.451216628240,0.345722604365,0.237308830540,0.836450542403,1.095945349228,-0.024064222005,0.789722694666,2.124531666301,0.210324766019,0.867753729208,1.185091384795,0.033028466011,0.827156349445,2.250966458866,0.256250944770,1.032144993420,0.285999396277,-0.041427435878,0.962037012352,1.386957197708,0.562997281551,0.523903608322,-0.000343946740,-0.362199401603
498,1,0.203613794077,-0.005906114946,-0.114028236288,-0.203613794077,0.005906114946,0.114028236288,0.237457618655,0.437754515538,-0.228783159069,-0.139656891210,0.431274114537,0.334539045577,0.225404811585,0.816795364593,0.741851313141,-0.022455422178,0.753080604143,2.007545457577,0.199816759931,0.849210048035,0.796241712250,0.031863523787,0.788770392907,2.126641178407,0.237396809134,1.002198350626,-0.129914097558,-0.038459674186,0.916857940130,1.372052466838,0.563163444400,0.523265361786,-0.000342117622,-0.380802284047
499,1,0.227099473877,-0.006983122010,-0.120842961967,-0.227099473877,0.006983122010,0.120842961967,0.259138216841,0.488741087261,-0.270909519159,-0.156278037278,0.481570313112,0.333190218393,0.246209429807,0.935650068139,0.512906020918,-0.025441971298,0.840812825230,1.939746128417,0.215039527597,0.973951188230,0.549292678784,0.034290437650,0.880483133566,2.051089599252,0.250992332671,1.140553105711,-0.383367180027,-0.041566083934,1.024893897642,1.370726076470,0.563191875815,0.523143738508,-0.000364908949,-0.341297419727
500,1,0.228012798419,-0.007656494599,-0.121789592778,-0.228012798419,0.007656494599,0.121789592778,0.250139288934,0.491478854214,-0.336387693759,-0.157859022021,0.481511517766,0.363301028346,0.238880754472,0.957919641386,0.254184928685,-0.025939476049,0.845532875145,1.953461289697,0.204003058630,0.999031680846,0.269959476660,0.033387042337,0.885266970118,2.061682997256,0.232965241421,1.162385552535,-0.717122877472,-0.041709090263,1.032073228382,1.367595694044,0.563078314066,0.522842645645,-0.000367939472,-0.339777465023
501,1,0.228661856708,-0.008656003189,-0.119819631979,-0.228661856708,0.008656003189,0.119819631979,0.235653345383,0.493790433888,-0.437345740776,-0.158047566023,0.483840463063,0.420837483821,0.215996242548,0.980386295137,-0.033480533061,-0.019966302348,0.848619192461,1.969060042025,0.178048038193,1.030297455451,-0.038072358557,0.037341371177,0.884551245366,2.082825409246,0.225402750484,1.177245106396,-1.026740127375,-0.040203280701,1.035716428672,1.398412662413,0.563079044223,0.522322058678,-0.000371268019,-0.338842915859
502,1,0.277710804521,-0.011046090511,-0.092201136881,-0.277710804521,0.011046090511,0.092201136881,0.269804006697,0.602213310569,-0.479292730320,-0.191811786899,0.590472968806,0.495812836328,0.227674636900,1.199953601539,-0.240025875319,-0.020282184084,1.033962633133,1.762637611081,0.169243496013,1.268460675004,-0.266361563013,0.046438970213,1.076810385340,1.830782183317,0.266593174739,1.432369103204,-1.183705868625,-0.048775955317,1.260938160517,1.196981401764,0.563048824668,0.521341979504,-0.000414130278,-0.279113216800
503,1,0.285989726272,-0.011799324002,-0.070102496814,-0.285989726272,0.011799324002,0.070102496814,0.249802499984,0.622156334714,-0.478067134079,-0.196065338502,0.610221269975,0.477162592298,0.192637829910,1.239629724026,-0.215286419949,-0.016099522327,1.066113462835,1.747641048654,0.126285910003,1.312678260257,-0.231983204266,0.050572939319,1.105739637776,1.823582160575,0.236414327364,1.483876148872,-1.104770123455,-0.052832021573,1.299551449054,1.211019197898,0.563010618091,0.520858228207,-0.000434688292,-0.270928733939
504,1,0.283251454904,-0.010743831583,-0.018334396382,-0.283251454904,0.010743831583,0.018334396382,0.211676040411,0.616720264841,-0.464501367733,-0.193341523308,0.602240124932,0.379592193333,0.115093748792,1.235097302488,-0.327242719285,-0.014241390515,1.058150919933,1.335426238560,0.033122615439,1.317950089259,-0.356371124818,0.049867501202,1.095239996373,1.381392570299,0.194055159831,1.474315490489,-1.055606075076,-0.057303336955,1.287323786999,0.906981798554,0.563311636448,0.520492523909,-0.000426381361,-0.273869994047
505,1,0.277256775275,-0.010123275503,0.000169854394,-0.277256775275,0.010123275503,-0.000169854394,0.168147106489,0.605728190861,-0.464300803419,-0.189259306263,0.591575696390,0.194941786799,0.046114918701,1.207595477430,-0.179761835120,-0.007929006082,1.046182129770,1.467719439293,-0.035912066576,1.285198982591,-0.189246180658,0.049528084652,1.074532499759,1.544910147386,0.138563352125,1.456443398693,-1.021398410351,-0.051263217205,1.263177244400,0.918603463412,0.563307970762,0.519952505827,-0.000444865596,-0.279759737183
506,1,0.274770459374,-0.009796418143,-0.009484308068,-0.274770459374,0.009796418143,0.009484308068,0.143216237542,0.600054692180,-0.579898380765,-0.187659723852,0.586185989895,0.225994560171,-0.003920466299,1.207876992843,-0.415255412818,-0.008466139361,1.049219224396,1.373796315110,-0.078856233820,1.292438792256,-0.438733688633,0.048872262799,1.082811163837,1.428563203664,0.045078821296,1.435963518589,-1.282629251850,-0.068212315521,1.253258605804,0.786205456290,0.563621401787,0.519899696112,-0.000435393420,-0.282480249908
507,1,0.278348027864,-0.009374638033,-0.011726955030,-0.278348027864,0.009374638033,0.011726955030,0.112064017529,0.612845306721,-0.620714128336,-0.189230358905,0.601265771406,0.251876718640,-0.059511379987,1.246500637834,-0.418408688681,-0.015954046785,1.093606428086,1.364886425965,-0.130527689046,1.333703431178,-0.439937006896,0.042426711950,1.151699535314,1.412328886003,0.002051644748,1.466824670246,-1.296326448338,-0.122542181550,1.301033330451,0.744975450163,0.564324781299,0.520188450813,-0.000418352662,-0.276627094918
508,1,0.269306736089,-0.008421206707,-0.056355053953,-0.269306736089,0.008421206707,0.056355053953,0.072969950068,0.595404975048,-0.608138816629,-0.183070602288,0.584160440186,0.355318105540,-0.096341224427,1.206676913461,-0.295033332631,-0.020655593671,1.064418052111,1.454174253938,-0.160159352653,1.290566038126,-0.302762610012,0.042332681912,1.116751330915,1.505332976929,-0.134447586875,1.411410201936,-1.170476833980,-0.144016437529,1.266158656894,0.827690750730,0.564774423838,0.520986765623,-0.000418377575,-0.283495551489
509,1,0.269890631133,-0.005834407039,-0.057547061110,-0.269890631133,0.005834407039,0.057547061110,0.056916291304,0.597701827992,-0.592305462219,-0.182900808087,0.587190066254,0.486244080620,-0.204292280618,1.212648116179,-0.311779965602,-0.015985698362,1.061943705022,1.493003600621,-0.277383800371,1.299985375440,-0.321270252049,0.068774635468,1.122064059081,1.538483236179,-0.159424290917,1.417201080796,-1.180268606102,-0.163464679223,1.268097312126,0.963829506163,0.566095829010,0.523670136929,-0.000422565266,-0.278949482756
510,1,0.224491843869,-0.003786357997,-0.085692417337,-0.224491843869,0.003786357997,0.085692417337,0.013662983137,0.504224977724,-0.486704760073,-0.151358901836,0.494030292386,0.535963297176,-0.223462878580,1.015088944010,0.185150365195,-0.007791213440,0.875666490034,1.992362839257,-0.265886162354,1.086243245260,0.218567871303,0.070307071774,0.925998930818,2.087283355412,-0.205598167044,1.183361350153,-0.662854787512,-0.132491715011,1.060453158347,1.426008000335,0.567046612501,0.525854617357,-0.000385183841,-0.330761907501
511,1,0.271324908409,-0.003242699682,-0.104496217906,-0.271324908409,0.003242699682,0.104496217906,-0.020691591307,0.616963206230,-0.585369429590,-0.175095490665,0.603584925837,0.596802772168,-0.318267194482,1.222471219756,0.162264912469,-0.002724770789,1.068166479434,2.226145927222,-0.369518914555,1.295921505013,0.186052512273,0.091707610764,1.128648622007,2.324047325677,-0.326362157485,1.431147648392,-0.738340724348,-0.138152773634,1.295820575280,1.582680255237,0.568209558725,0.526896268129,-0.000386984088,-0.269293469592
512,1,0.277443033571,-0.001802733226,-0.098718385462,-0.277443033571,0.001802733226,0.098718385462,-0.044728881764,0.637346403526,-0.561044398990,-0.174371232808,0.622738151102,0.588209925640,-0.361512821864,1.240626343093,0.201919547963,0.004530504854,1.100216545039,2.026198440482,-0.420887876881,1.303564117445,0.244364619075,0.099101375062,1.152934081432,2.116387271627,-0.383481162451,1.475815001357,-0.472364644470,-0.136182889655,1.335985277073,1.518624582847,0.569333612919,0.528251171112,-0.000376778655,-0.259349984232
513,1,0.260831825661,-0.001020679315,-0.083314655152,-0.260831825661,0.001020679315,0.083314655152,-0.057924097074,0.604974580470,-0.535718143717,-0.162329938899,0.591047133879,0.548646079607,-0.358576610329,1.148769546700,0.300956046064,0.006855191498,1.043559870780,2.025358427187,-0.429089522372,1.209922519332,0.358261026013,0.091916168578,1.088805401238,2.123334688123,-0.382190901966,1.391582036808,-0.407256676730,-0.107889341277,1.263348770480,1.500911164562,0.570081949234,0.528392493725,-0.000374151394,-0.272947737376
514,1,0.238776111526,0.000383669958,-0.078010853621,-0.238776111526,-0.000383669958,0.078010853621,-0.049145029984,0.560051197921,-0.569078433804,-0.146836625636,0.546798011038,0.495403982010,-0.337762758007,1.039354618384,0.361247572468,0.010732622239,0.964990358921,2.032851509485,-0.397213862492,1.086245473326,0.430680786016,0.087804770542,1.005882176753,2.143956044690,-0.386886095686,1.282003515755,-0.381122525242,-0.069485315624,1.170348360943,1.478101140307,0.571348965168,0.528916567564,-0.000372709706,-0.294007356662
515,1,0.194363534049,0.000740887517,-0.059208161893,-0.194363534049,-0.000740887517,0.059208161893,-0.036546685468,0.456752170395,-0.468304466265,-0.126807051412,0.447062989638,0.374623361609,-0.280244191613,0.842266012657,0.489501667179,0.012318833086,0.787464091347,1.843888567103,-0.316503492462,0.879712560833,0.558690760245,0.074404542499,0.816668515079,1.952816474453,-0.324793791206,1.046152276949,-0.244630192786,-0.040360262759,0.958918253780,1.279706959278,0.572621583939,0.528686404228,-0.000362375751,-0.358808469255
516,1,0.201857717278,0.002522889153,-0.057771448785,-0.201857717278,-0.002522889153,0.057771448785,-0.038283554903,0.477093290673,-0.509800256223,-0.128399324014,0.467499900198,0.265468359080,-0.281524334416,0.868209309592,0.469458442878,0.012531997269,0.824599008599,1.815259513356,-0.310838466264,0.907822987190,0.540501981449,0.077050506453,0.854785756537,1.964251152281,-0.321531749182,1.076961076253,-0.218462618003,-0.036211308887,1.005386227079,1.132093554228,0.574285686016,0.528002113104,-0.000369243324,-0.343031178741
517,1,0.219590926130,0.003901968682,-0.058800994531,-0.219590926130,-0.003901968682,0.058800994531,-0.043530549617,0.522852092056,-0.477847518212,-0.139054848584,0.511446205612,0.217336580768,-0.285455654752,0.939331858062,0.484807698052,0.003380671531,0.904655838094,1.349938214893,-0.323009615848,0.979201045006,0.550080099810,0.071266224030,0.938186813398,1.417059388666,-0.330449454527,1.161615248271,-0.188267296133,-0.037615278971,1.103087527108,0.713902133079,0.574935197830,0.527610749006,-0.000385035761,-0.313003274322
518,1,0.208203526627,0.004177628359,-0.055901875256,-0.208203526627,-0.004177628359,0.055901875256,-0.035957382300,0.498530347919,-0.434130379756,-0.131145930770,0.486706589642,0.222940668441,-0.260704044034,0.885970932746,0.583132871500,-0.007267206503,0.865688649510,1.319494622969,-0.292754353481,0.926048663226,0.655665606367,0.059510008635,0.898283894719,1.380979750547,-0.300241756286,1.091556145028,-0.072434776881,-0.035732814855,1.054669712821,0.677862950870,0.575533926487,0.527387470007,-0.000386139378,-0.327262604974
519,1,0.173513003305,0.003737748674,-0.046761086582,-0.173513003305,-0.003737748674,0.046761086582,-0.024904145891,0.415193256074,-0.325732907942,-0.109124896934,0.405590968241,0.201863603190,-0.209818952886,0.736791979599,0.711558854127,-0.010836435057,0.723266657408,1.199159320047,-0.242588418939,0.771188307211,0.787706399798,0.043200631481,0.751021767847,1.256896012825,-0.242744865495,0.908183594998,0.102491667114,-0.027867803702,0.881348749466,0.673321824441,0.576125830412,0.527261465788,-0.000385302119,-0.391658189366
520,1,0.193403829353,0.004173806785,-0.046952347351,-0.193403829353,-0.004173806785,0.046952347351,-0.023743409490,0.464705611179,-0.329826675142,-0.119828973136,0.453551968364,0.187875336582,-0.227061030043,0.824715894873,0.615357524602,-0.011908175975,0.809095143381,1.120651317224,-0.267109760704,0.863634655738,0.680566680583,0.050011036685,0.840320304529,1.169811557126,-0.262770663068,1.014470303093,-0.014593020566,-0.028452581597,0.986114155344,0.553923843179,0.577033311129,0.527162432671,-0.000399062410,-0.350147086466
521,1,0.177299572244,0.004032869748,-0.040833677182,-0.177299572244,-0.004032869748,0.040833677182,-0.019481612058,0.424775418881,-0.295017299472,-0.111914399575,0.415806077976,0.184447337824,-0.201310667889,0.755673724507,0.598311617434,-0.019321409009,0.742518181111,1.130372840329,-0.221197081512,0.793392486339,0.659703775938,0.040494755900,0.773223141015,1.185119265754,-0.227452963750,0.927661535116,-0.021062299712,-0.031743859504,0.903892773909,0.562156552911,0.577777713537,0.526832163334,-0.000393343158,-0.381730346278
522,1,0.183321460786,0.004039864275,-0.048504285049,-0.183321460786,-0.004039864275,0.048504285049,-0.019788275365,0.436067371928,-0.281161492011,-0.113957326092,0.426360003979,0.219507667501,-0.202612192182,0.778182138810,0.688195190602,-0.017271080357,0.762631299659,1.166726876125,-0.223197581977,0.815271531892,0.758623964982,0.044452320999,0.795336844476,1.227354235100,-0.235753840914,0.952698235895,0.070841981333,-0.027819012499,0.928582251609,0.640972846764,0.578608185053,0.527303725481,-0.000393004157,-0.371073510483
523,1,0.168926189607,0.003656980169,-0.045468233204,-0.168926189607,-0.003656980169,0.045468233204,-0.017239943615,0.402104294163,-0.269713488575,-0.106470082071,0.393368582016,0.227420693548,-0.180950008172,0.718647126216,0.716132684004,-0.015465529845,0.703314473831,1.298010558152,-0.188764091139,0.752327823999,0.789760787859,0.035721828816,0.734746248363,1.363047967656,-0.216975123313,0.880440498185,0.108317610830,-0.031005900422,0.856560604970,0.689910890329,0.578635722399,0.527344256639,-0.000389283523,-0.402590241214
524,1,0.223405419829,0.004511943869,-0.061912926728,-0.223405419829,-0.004511943869,0.061912926728,-0.024504123317,0.534667704377,-0.388306282632,-0.136993900630,0.522330241292,0.284227594875,-0.242486061752,0.952399849135,0.642848013437,-0.009974297636,0.930340169867,1.423587019795,-0.252830039586,0.996418492887,0.720951888011,0.048663892376,0.971462429148,1.488049881579,-0.306040036401,1.167588866438,0.089520238487,-0.036979406635,1.133970545829,0.800893218447,0.578846573830,0.528075218201,-0.000396017917,-0.303601725997
525,1,0.198349377793,0.003978807125,-0.058565172717,-0.198349377793,-0.003978807125,0.058565172717,-0.023074166579,0.474708351329,-0.389211131000,-0.121108350785,0.464708667314,0.264199988918,-0.213895986522,0.846930544562,0.691025316823,-0.011989742087,0.827656198567,1.432302662529,-0.223575048130,0.885994990070,0.778293604513,0.044435787130,0.863232893640,1.503725099729,-0.270459573617,1.038560465617,0.087299685059,-0.034491780060,1.009751922792,0.810198675605,0.579065084457,0.528403311968,-0.000395980664,-0.341503682329
526,1,0.190880782266,0.003806540881,-0.057284124805,-0.190880782266,-0.003806540881,0.057284124805,-0.022581651602,0.456829755713,-0.412815406317,-0.116496931915,0.447616183174,0.242632264897,-0.203475072415,0.814917898091,0.659387431471,-0.006610003395,0.797407406894,1.377716181471,-0.205038272161,0.850998987256,0.742229207031,0.043202920372,0.832631474234,1.446921449729,-0.259740184601,1.000086685327,0.049909943966,-0.033741916796,0.972908914035,0.764086287163,0.579084903002,0.528412938118,-0.000395660289,-0.354836818407
527,1,0.202200342945,0.004317732454,-0.060339538888,-0.202200342945,-0.004317732454,0.060339538888,-0.025545634940,0.484466943308,-0.468037733506,-0.122164682510,0.474506379973,0.215609857291,-0.216026977449,0.862966215380,0.634014066495,-0.006972020767,0.844565509741,1.364772406386,-0.219181135085,0.901451705974,0.722495517224,0.046521290203,0.881197214495,1.434135678897,-0.283613579192,1.059129524448,0.026909163046,-0.033161971254,1.029750905774,0.741660880615,0.579253613949,0.528630971909,-0.000397476368,-0.335065674754
528,1,0.187836976887,0.004159685644,-0.055143686874,-0.187836976887,-0.004159685644,0.055143686874,-0.024013894798,0.449694780814,-0.391876493268,-0.116070545155,0.440426399145,0.206583987473,-0.199596510804,0.800982108694,0.664466316515,-0.010638366709,0.784775410362,1.253966856352,-0.202372167905,0.836164718969,0.743619424403,0.043095215624,0.820072516492,1.312332068646,-0.260968437130,0.983735502645,0.065246758611,-0.032880467058,0.956594697948,0.633779238133,0.579290390015,0.528724253178,-0.000397260301,-0.360764314864
529,1,0.188510879568,0.004255745529,-0.056688514322,-0.188510879568,-0.004255745529,0.056688514322,-0.023975386809,0.450425786248,-0.422357202048,-0.116381504183,0.441372112380,0.211283381146,-0.199811520773,0.803621834843,0.663711004618,-0.011518111045,0.790000962833,1.241980754037,-0.202390162767,0.839573975263,0.740113405433,0.043436451146,0.827560258410,1.296939791598,-0.260834021905,0.987173341237,0.039808469521,-0.032897120134,0.960601245199,0.597513608087,0.579307258129,0.528986930847,-0.000396659598,-0.359596043539
530,1,0.188278548409,0.004434937003,-0.056737104224,-0.188278548409,-0.004434937003,0.056737104224,-0.024893152463,0.449708569474,-0.424058118939,-0.114067324387,0.440897276353,0.231613392985,-0.199169462923,0.804643859058,0.647915427148,-0.013294799304,0.789633252130,1.365070266231,-0.202516185533,0.841963688455,0.722668896685,0.042990839607,0.827292486594,1.431744496847,-0.247038650491,0.986212993164,0.038373488929,-0.033556007581,0.958598891012,0.731450816624,0.579327613115,0.529126942158,-0.000396627001,-0.360186509736
531,1,0.189734878384,0.004274158284,-0.044927922388,-0.189734878384,-0.004274158284,0.044927922388,-0.024861070937,0.454802545842,-0.426328193963,-0.114722468014,0.443957460333,0.223710577186,-0.206628860333,0.817843735669,0.628527384748,-0.012153825848,0.794311886662,1.510652717569,-0.219357086563,0.853670866714,0.700561263961,0.044292605405,0.831929908011,1.597864662703,-0.253067786573,1.005374511821,-0.050509634577,-0.030106855899,0.964179705372,0.915835270495,0.579358607531,0.529247879982,-0.000389526598,-0.357949313201
532,1,0.179207197997,0.003021098685,-0.042294097725,-0.179207197997,-0.003021098685,0.042294097725,-0.017964448493,0.429381808658,-0.347216941805,-0.108940320883,0.418160093084,0.292815386229,-0.198438745644,0.772866627661,0.620109848150,-0.008342101280,0.743920861852,1.682600190246,-0.216286594721,0.804690912198,0.685515859960,0.045795868209,0.778513169564,1.777205199885,-0.240954492304,0.956194245545,-0.048548022810,-0.024083335412,0.904723037725,1.119525569855,0.579034149647,0.529804110527,-0.000386907719,-0.380837760711
533,1,0.182163235682,0.002296139932,-0.045372655357,-0.182163235682,-0.002296139932,0.045372655357,-0.016232640684,0.440497211437,-0.359125280186,-0.110430505058,0.427714805601,0.330125068122,-0.202163689468,0.796642118599,0.600333248046,-0.001936387031,0.752944111805,1.736582937162,-0.225101464645,0.832048685140,0.663869907024,0.050941422952,0.786742016853,1.832185566058,-0.247654911469,0.987890660896,-0.092197645580,-0.024228699864,0.915256249027,1.201064662999,0.578811287880,0.530325055122,-0.000380707905,-0.375932866107
534,1,0.237620804940,0.001448902970,-0.057131189350,-0.237620804940,-0.001448902970,0.057131189350,-0.013884918484,0.574513049723,-0.471389542026,-0.143760113729,0.555474983589,0.418558267578,-0.263105868875,1.047272378812,0.385982664857,0.004299331660,0.969697566184,1.972284788833,-0.295108278649,1.093808529286,0.437456765664,0.078378892761,1.012891672083,2.073422502662,-0.319543454509,1.298044677787,-0.364358769926,-0.033570268611,1.180366150646,1.365063182697,0.578236609697,0.531364828348,-0.000386774540,-0.290617813403
535,1,0.228836814297,0.000424584595,-0.054183434128,-0.228836814297,-0.000424584595,0.054183434128,0.010813499236,0.546287445482,-0.458710183994,-0.140293534805,0.527964239817,0.397321415089,-0.234342617461,1.011080104383,0.310527166656,0.008591474136,0.916657348420,1.877329724629,-0.281776975224,1.065687512827,0.354805000285,0.085541748167,0.957656286223,1.974434456143,-0.255631891436,1.233504914026,-0.452692498922,-0.031238252907,1.113626708475,1.324676619309,0.576985806227,0.531634449959,-0.000386203639,-0.306737810067
536,1,0.231903046547,-0.000474004640,-0.067606685439,-0.231903046547,0.000474004640,0.067606685439,0.031626594265,0.547149621243,-0.460743088178,-0.141854431193,0.529180863700,0.440525333648,-0.197560539064,1.029989887116,0.189445250940,0.006708689211,0.917274718384,1.787038463535,-0.252667545569,1.092425517428,0.221203878229,0.081257382034,0.959089345841,1.860625907268,-0.220240137549,1.242699688470,-0.546156358709,-0.047571218623,1.116564999581,1.265579621209,0.575413942337,0.531894415617,-0.000390554778,-0.306130985614
537,1,0.248966320343,-0.001072880875,-0.074506562102,-0.248966320343,0.001072880875,0.074506562102,0.058536862306,0.583228626165,-0.539705243905,-0.154189617435,0.561326908871,0.449406971936,-0.138754009670,1.136688359617,-0.223230272520,-0.004003177756,0.976516777612,1.747334132521,-0.196515190015,1.205848719105,-0.223670306035,0.075046998047,1.017002537585,1.823485615207,-0.179533777297,1.338185105802,-0.999850231631,-0.105166105760,1.190173869817,1.301135515257,0.574193328619,0.531854569912,-0.000394614413,-0.289500736962
538,1,0.234936812634,-0.002624060550,-0.069459244911,-0.234936812634,0.002624060550,0.069459244911,0.083014457989,0.541150740336,-0.658362345151,-0.149431257279,0.520694104700,0.356746202296,-0.067284271083,1.080446180428,-0.236636877172,-0.009543712028,0.920314740636,1.731738565050,-0.108741192898,1.147353825562,-0.233000417335,0.058363321504,0.952164442069,1.823303626146,-0.103000608512,1.259896148086,-1.176767294781,-0.101660606018,1.117397862389,1.191437076507,0.572476252913,0.531239092350,-0.000396604650,-0.313235169557
539,1,0.237161325907,-0.003405706001,-0.068382869407,-0.237161325907,0.003405706001,0.068382869407,0.107092679967,0.539398553987,-0.639644310331,-0.152197873728,0.522509063319,0.218294094228,-0.016669566052,1.070668042547,-0.102393241605,-0.006167171159,0.931954711193,1.358848889916,-0.060058362790,1.134292177057,-0.095979626067,0.055296549706,0.963521565343,1.420724519546,-0.019717634090,1.268469681602,-0.949424848546,-0.096023709255,1.126083552337,0.747171334311,0.571395039558,0.530979275703,-0.000402731821,-0.314657785562
540,1,0.210226292600,-0.004569129931,-0.089368575606,-0.210226292600,0.004569129931,0.089368575606,0.110380535767,0.475141070886,-0.615566282117,-0.136187227744,0.462178652462,0.232094094378,0.040981721220,0.943448999247,-0.133692829524,0.009543179106,0.824280594460,1.548392612900,0.016978218474,0.999685958156,-0.124848931321,0.069340659256,0.849190069102,1.630557410220,0.020979802786,1.120729673072,-1.030421451781,-0.063765005055,0.992103842179,0.892725844615,0.570875242352,0.530236214399,-0.000399386510,-0.357441590405
541,1,0.194335248513,-0.004469286620,-0.093325441632,-0.194335248513,0.004469286620,0.093325441632,0.127109968695,0.437021440300,-0.537265190079,-0.127098383276,0.425159044730,0.387062631631,0.094215816616,0.868778880227,-0.074944535593,0.006811881490,0.757695881841,1.718931297227,0.064332952949,0.921696627132,-0.071787964293,0.061681656517,0.781128505578,1.801778556376,0.053821524724,1.033277261490,-0.945547270648,-0.059728017177,0.912333613219,1.140212809117,0.570376977324,0.530163615942,-0.000386526808,-0.388432255271
542,1,0.251955091361,-0.006192680973,-0.118703725821,-0.251955091361,0.006192680973,0.118703725821,0.192893646502,0.563680890036,-0.673824187323,-0.165017968801,0.548232749855,0.469045333154,0.160707150017,1.124545521033,-0.313711299167,0.006886102836,0.973706663081,2.057539730942,0.127762285247,1.188314393469,-0.335573096563,0.077490586226,1.007579192450,2.133985036181,0.125187595217,1.338972272671,-1.305664813065,-0.075056679446,1.176540478328,1.382361872318,0.570013105869,0.530210494995,-0.000383330509,-0.301022331593
543,1,0.275819461794,-0.007800559454,-0.129665537377,-0.275819461794,0.007800559454,0.129665537377,0.241941632192,0.603379707007,-0.559606194383,-0.181074538828,0.591845504896,0.535657625038,0.239274142695,1.221793912867,-0.236939650512,0.006317786610,1.056523428272,1.931944965740,0.215312542169,1.290310106902,-0.250199018938,0.084062811549,1.096712724699,1.990891384564,0.185816970441,1.457798674048,-1.253005515580,-0.065059703667,1.279696972969,1.287164832194,0.569761499763,0.529893547297,-0.000390121713,-0.275869481575
544,1,0.213506281911,-0.006466867510,-0.110044283405,-0.213506281911,0.006466867510,0.110044283405,0.201650857245,0.465216676256,-0.360565504315,-0.140045921143,0.455922727384,0.462147530316,0.213714823457,0.938700814477,0.177191229801,0.003592205070,0.809620002817,2.109782792386,0.198386395968,0.989970424918,0.188060844392,0.064272221568,0.841664528343,2.225825390293,0.166469557427,1.122018732031,-0.894834137766,-0.038761443250,0.985354394820,1.490798710291,0.569369733334,0.529767274857,-0.000365555286,-0.358271163503
545,1,0.196249987486,-0.006622239982,-0.106211802836,-0.196249987486,0.006622239982,0.106211802836,0.198274615039,0.424254724091,-0.278528927456,-0.129150643876,0.418394116976,0.412912616500,0.219187539015,0.861214358599,0.283779089686,0.003035718681,0.741780666119,1.913553605901,0.209874557936,0.904259644427,0.300087103558,0.060448180378,0.771030516534,2.019175051566,0.171546016236,1.030737925123,-0.671164024061,-0.031605242276,0.905126042887,1.345806317375,0.569168820977,0.529818981886,-0.000357765704,-0.390003845762
546,1,0.203165893502,-0.007232623303,-0.114163905227,-0.203165893502,0.007232623303,0.114163905227,0.212863408379,0.435636732204,-0.286430651891,-0.134081797217,0.433631474509,0.422219956118,0.230264026089,0.877041529189,0.341972321875,0.002617245244,0.768633482440,1.831511659911,0.221286519847,0.915550868454,0.364632287983,0.062250426641,0.799656631865,1.922940802640,0.181368275284,1.066188233113,-0.587486152631,-0.032678298467,0.938043320734,1.286730168439,0.569072142243,0.529675573111,-0.000360609964,-0.376456765651
547,1,0.198623383542,-0.007171006504,-0.110340416840,-0.198623383542,0.007171006504,0.110340416840,0.213522983283,0.428521153007,-0.256922026936,-0.131165062447,0.425291406342,0.386580521759,0.223622152066,0.843290770004,0.609439851837,0.001465512833,0.751412394277,1.778594756151,0.211580677686,0.871489877426,0.659731079606,0.059887910687,0.781954062477,1.873606606801,0.189255152538,1.027411403877,-0.237464049243,-0.028836559458,0.916986478402,1.195656438733,0.569029897451,0.529663145542,-0.000362705439,-0.385098353428
548,1,0.173966326586,-0.006392687293,-0.106261579808,-0.173966326586,0.006392687293,0.106261579808,0.186086954906,0.376036591647,-0.097780848826,-0.115555093165,0.372378421070,0.377985549560,0.196101232425,0.717951506124,0.880612544002,0.000306258827,0.657825467140,1.669061025051,0.188458784216,0.744895373284,0.941981705245,0.051735522598,0.686070239966,1.753366676008,0.163763253811,0.875113564642,0.122251012092,-0.025788673226,0.802721050125,1.047810828250,0.568774789572,0.529642194510,-0.000347139314,-0.439942583223
549,1,0.184552832645,-0.006687300271,-0.111385491089,-0.184552832645,0.006687300271,0.111385491089,0.197345950684,0.400578217214,-0.165686242836,-0.122301944041,0.397734823094,0.243865166221,0.201237206022,0.746047513249,0.880679200845,-0.000061431798,0.700748495781,1.558085984451,0.194152934191,0.774301973010,0.956073548362,0.053324596885,0.730691000759,1.645708133765,0.167942752226,0.906539270958,0.171169381074,-0.026206517612,0.853092169728,0.882641066627,0.568793088198,0.529133588076,-0.000350648537,-0.414784956418
550,1,0.188024048081,-0.007167733280,-0.113512427393,-0.188024048081,0.007167733280,0.113512427393,0.201340679000,0.408201665457,-0.165388233815,-0.125654194201,0.406520924207,0.203888483576,0.203519977534,0.737151728575,1.016701636998,-0.000912725273,0.715050245317,1.563327505082,0.196113752766,0.769083170566,1.102009602278,0.052480015437,0.746023318433,1.655342217940,0.178426636894,0.904722453041,0.304165660684,-0.026863828071,0.871314418515,0.884354857944,0.568495571613,0.529006093740,-0.000351943076,-0.406125804384
551,1,0.190112454545,-0.007033317862,-0.114146748916,-0.190112454545,0.007033317862,0.114146748916,0.202277856653,0.408922080610,-0.168235023734,-0.127860112373,0.410490613183,0.206992524999,0.204051767568,0.735115123439,1.000483214706,-0.002386113481,0.724038493657,1.497730670339,0.195554164450,0.770408738659,1.081538285441,0.050248022572,0.755352606702,1.578289879996,0.181999564832,0.901058449855,0.259661589469,-0.026629513186,0.881542461897,0.776941725051,0.568004876375,0.528549075127,-0.000352643430,-0.401662742862
552,1,0.191748867426,-0.007403136082,-0.108164571557,-0.191748867426,0.007403136082,0.108164571557,0.202781488381,0.413503664445,-0.162367216836,-0.129633708342,0.413510258332,0.195655955853,0.202930974783,0.735864083592,1.057013517707,-0.003027193297,0.731506124133,1.454288653653,0.194030876630,0.769228249551,1.145486313949,0.048634407946,0.763139844498,1.532079578738,0.182425786447,0.900964658345,0.347049283217,-0.026416457621,0.890098083438,0.736502683692,0.567813754082,0.528375744820,-0.000352131203,-0.397732720224
553,1,0.194021506500,-0.007616516660,-0.102002404784,-0.194021506500,0.007616516660,0.102002404784,0.203640166501,0.417873750616,-0.137944193550,-0.131198552747,0.418399425097,0.196655272527,0.202538009417,0.739166266196,1.080314870767,-0.003507277082,0.740037132574,1.469273567459,0.192137586834,0.774706168404,1.167832846826,0.048216149494,0.772384919723,1.549266784809,0.187321507695,0.908656549708,0.383704160522,-0.025254063315,0.899625595596,0.778551177310,0.567802429199,0.528280854225,-0.000352937728,-0.392999292131
554,1,0.253756797522,-0.009858920073,-0.105730062768,-0.253756797522,0.009858920073,0.105730062768,0.264527934017,0.540756380180,-0.199918168893,-0.172015977214,0.544888084788,0.267038791865,0.263776597777,0.968137262435,0.933108510142,-0.005938631069,0.967060892683,1.430223512443,0.250211779892,1.012060329414,1.002664888334,0.060208118796,1.010059344952,1.487350458352,0.247859874293,1.192053513768,0.484789201106,-0.034145826826,1.176892490721,0.683155408126,0.567674294114,0.528225600719,-0.000377053395,-0.300468126204
555,1,0.235585870513,-0.009006242816,-0.098580547754,-0.235585870513,0.009006242816,0.098580547754,0.245934622189,0.498374326800,-0.201938631352,-0.159325097312,0.505523739711,0.189640867544,0.244363813059,0.901278754659,1.007147092396,-0.005971674884,0.899918911206,1.505972579626,0.230539383397,0.945058927515,1.096931798255,0.055231054230,0.939863160052,1.584048044920,0.236960190194,1.106700866868,0.281783930871,-0.032091770684,1.095395762041,0.715258696210,0.567575305700,0.527899444103,-0.000375952572,-0.323217095191
556,1,0.228168852642,-0.008865878857,-0.095802070075,-0.228168852642,0.008865878857,0.095802070075,0.238510905727,0.483549760118,-0.196951066896,-0.155654113601,0.489691265927,0.196948970057,0.233555675085,0.872436724919,1.126908195662,-0.007699947484,0.870301161937,1.542605871505,0.220173563240,0.912137995350,1.227230313186,0.050674248805,0.909405502631,1.622955469505,0.225970562963,1.070711086447,0.373320449254,-0.033358468137,1.060283464511,0.782956299147,0.567007362843,0.527802795172,-0.000381428748,-0.334005032909
557,1,0.241305479107,-0.008816172449,-0.097475316012,-0.241305479107,0.008816172449,0.097475316012,0.254344154515,0.512078919545,-0.208179001795,-0.163991481074,0.516712980410,0.204541454176,0.247251504662,0.921248261191,1.138170473797,-0.008280278945,0.918487680619,1.532535149872,0.232536304097,0.964309807468,1.232778680525,0.053442459810,0.959850524233,1.611123552391,0.238355681932,1.130842500541,0.326314747660,-0.033871423311,1.117650564403,0.784571547349,0.567003414035,0.528414994478,-0.000389920548,-0.315794997331
558,1,0.270605942422,-0.010131341443,-0.087892283257,-0.270605942422,0.010131341443,0.087892283257,0.286444525193,0.573436673326,-0.201533376209,-0.184908553075,0.578753329089,0.232337027942,0.275807197905,1.030923964088,1.017581562956,-0.011384364449,1.027792727550,1.457113648044,0.259395206784,1.080600825704,1.094624248327,0.056025884903,1.074200125917,1.520965299380,0.267428101924,1.267760212631,0.323439816080,-0.037742337956,1.250954465608,0.725041852821,0.566954761744,0.528599262238,-0.000398625620,-0.282010892955
559,1,0.270514677487,-0.010534995581,-0.089231118209,-0.270514677487,0.010534995581,0.089231118209,0.285131019850,0.574283533368,-0.208593787136,-0.187736019623,0.579334500600,0.237869209899,0.274623779164,1.029154277447,1.028297540367,-0.014199912997,1.025744662696,1.610050212717,0.257737891457,1.079776028699,1.112071454883,0.053101682941,1.073259772483,1.692695392840,0.268152121463,1.270383514719,0.292160857498,-0.039834842918,1.252976746016,0.821966747175,0.566395401955,0.528835594654,-0.000393259339,-0.281327252006
560,1,0.258262016956,-0.010025089756,-0.084557955564,-0.258262016956,0.010025089756,0.084557955564,0.271926488784,0.548047207630,-0.193171162519,-0.177741902273,0.554325303527,0.223076651184,0.261805519354,0.980862217435,1.105630672281,-0.013516202205,0.978723332039,1.575184588726,0.245535709537,1.030947008377,1.201737808087,0.050688792435,1.024508101634,1.656361297128,0.255367725139,1.211615263498,0.370098397298,-0.035574797935,1.195183226890,0.800605063485,0.566391408443,0.529011487961,-0.000395915471,-0.294667266996
561,1,0.259374682046,-0.010024184412,-0.085579483348,-0.259374682046,0.010024184412,0.085579483348,0.274005117955,0.550258171782,-0.209389197541,-0.178984773362,0.556189487111,0.212560569262,0.261410169835,0.983879710588,1.020344435526,-0.014497250422,0.981474060394,1.469622769635,0.245371353145,1.033901503722,1.108439438859,0.049863369301,1.027743144640,1.539135660810,0.256455446720,1.213898547602,0.312590649468,-0.036402918232,1.198185498155,0.695567165105,0.566138356924,0.529118776321,-0.000395589508,-0.294027918726
562,1,0.260719625583,-0.009928036443,-0.086278509406,-0.260719625583,0.009928036443,0.086278509406,0.275209464980,0.552837215494,-0.211490949002,-0.178702974344,0.559053130645,0.199431937294,0.262876901792,0.986277799683,1.209453342975,-0.014896539011,0.986312655282,1.497591330544,0.246396216575,1.036568721662,1.323503716515,0.049831123632,1.032828777042,1.590328320642,0.259075603164,1.220752840862,0.467594316127,-0.034940546764,1.204175436454,0.717145321119,0.566101446748,0.529280692339,-0.000396470539,-0.292417704893
563,1,0.205450014838,-0.007628834589,-0.078134791188,-0.205450014838,0.007628834589,0.078134791188,0.217665390642,0.435610561901,-0.182587958287,-0.141178118165,0.440230952720,0.157890626004,0.206851885786,0.776313730699,1.139913728094,-0.013262226964,0.776727786763,1.569101126988,0.193202153040,0.815813010801,1.244801460548,0.037495816655,0.813401507215,1.666617506442,0.203472058913,0.960420126000,0.433846389391,-0.028871707436,0.948268438790,0.854644981944,0.565898925066,0.529488623142,-0.000374547206,-0.371542893557
564,1,0.207561281723,-0.007624948095,-0.080995043792,-0.207561281723,0.007624948095,0.080995043792,0.219929817047,0.440148742792,-0.186678421290,-0.142279775883,0.445237444918,0.156922230747,0.209226716408,0.784392989938,1.184698008230,-0.013752601676,0.784675533510,1.586504226677,0.194872108886,0.824105518298,1.291913162350,0.037633531260,0.821329685754,1.683046593209,0.204830513502,0.970735419629,0.486027287155,-0.027629008661,0.958072020990,0.885444893918,0.565771147609,0.529526174068,-0.000372776762,-0.367698671013
565,1,0.251399037718,-0.009274784106,-0.091169494123,-0.251399037718,0.009274784106,0.091169494123,0.267673992137,0.533868371600,-0.270330881929,-0.171263278104,0.541409009226,0.187120901705,0.253980976061,0.948759065763,0.992299154295,-0.016931208121,0.950108664060,1.518378438154,0.236086778433,0.996233447608,1.086438590752,0.045113615128,0.994379295404,1.595553893055,0.247306773870,1.175334581110,0.339075744661,-0.033028656119,1.159802327687,0.837652204209,0.565643399954,0.529541939497,-0.000378665514,-0.303720850221
566,1,0.240885458656,-0.008898758259,-0.089268824424,-0.240885458656,0.008898758259,0.089268824424,0.259995624916,0.515194169756,-0.373933861973,-0.164195113996,0.518379886323,0.135349579575,0.243783451869,0.906117682501,1.155497532093,-0.015169445950,0.909522267961,1.711961544974,0.226210158545,0.947003143006,1.289564685561,0.044432404679,0.950534728784,1.829326183928,0.236315419830,1.124545830779,0.449705990573,-0.030985118742,1.110308268453,0.987342722888,0.565559729934,0.529533892870,-0.000374518335,-0.317264872742
567,1,0.254380990603,-0.009499570943,-0.090565952302,-0.254380990603,0.009499570943,0.090565952302,0.279176195216,0.545172310735,-0.427469539671,-0.173136580272,0.548356744884,0.116605847903,0.258755746052,0.953650688937,1.135465005923,-0.015639634245,0.959168378864,1.722215684808,0.240061148769,0.994680539742,1.274269535649,0.047497061629,0.999903995170,1.842385891702,0.248356816832,1.188041974614,0.454113524323,-0.027406833191,1.173130194036,1.028419660189,0.565508961678,0.529187619686,-0.000378936529,-0.300621760463
568,1,0.209792612655,-0.008276974873,-0.074850852327,-0.209792612655,0.008276974873,0.074850852327,0.234385360932,0.452480668565,-0.340575442145,-0.142127669447,0.454001012573,0.104658535690,0.214027856678,0.785814051129,1.223404827597,-0.011754823030,0.790886545822,1.811362762862,0.198424244414,0.819016012720,1.355184849558,0.039812926843,0.824434544894,1.939396467757,0.209219748339,0.979168985245,0.544072339450,-0.022554817767,0.966875428070,1.147019380588,0.565446734428,0.528890550137,-0.000372442417,-0.364995842909
569,1,0.193253480378,-0.008580468826,-0.072909828777,-0.193253480378,0.008580468826,0.072909828777,0.217865365651,0.417620741343,-0.313414847916,-0.131316346127,0.419099523377,0.100756839802,0.196159620916,0.722901504462,1.148432414625,-0.011672729607,0.727704776537,1.679989733746,0.181207125517,0.752038360960,1.268462718126,0.035569101747,0.758232688174,1.794821395323,0.190696825227,0.900421817381,0.516367357139,-0.021629582520,0.889124359778,1.062120901448,0.565070524812,0.527737021446,-0.000352413394,-0.398148386690
570,1,0.177107457095,-0.007978631575,-0.066553881733,-0.177107457095,0.007978631575,0.066553881733,0.199373329364,0.381477386452,-0.189607658316,-0.118352527331,0.383723634674,0.100924208045,0.180993443276,0.661585592558,1.242188270747,-0.010602752371,0.666610767989,1.599444418265,0.166945880781,0.687879234404,1.354817882904,0.032179054191,0.694968404184,1.705675729973,0.173798517028,0.822676003678,0.613940917602,-0.018870624807,0.812621551078,0.980101937401,0.564799234271,0.527329117060,-0.000349647366,-0.435946793090
571,1,0.187563507016,-0.008421470927,-0.071856422561,-0.187563507016,0.008421470927,0.071856422561,0.209707325220,0.404170644418,-0.247647142177,-0.125340370703,0.407602728436,0.096243964069,0.192301220271,0.700991002649,1.168023929298,-0.011198720010,0.706529410441,1.602345265136,0.177484871861,0.727918063373,1.271943646706,0.033908876092,0.736322289460,1.698871780324,0.182652263044,0.870359868151,0.557764201369,-0.019914940616,0.860376043542,0.963344629532,0.564534738660,0.526259273291,-0.000343324617,-0.413036877701
572,1,0.193626424247,-0.009226489796,-0.074067490107,-0.193626424247,0.009226489796,0.074067490107,0.216287436308,0.419956356647,-0.305535094707,-0.129186113074,0.425366482112,0.077584717245,0.201719286691,0.728303889333,1.151250657426,-0.011497242201,0.734687864173,1.640217407020,0.187616331362,0.755989609932,1.252744128918,0.034852808458,0.765742243323,1.742684132533,0.188326885681,0.902934892594,0.527135255728,-0.020354315193,0.893249534141,0.934865657575,0.564561992884,0.524165391922,-0.000343183987,-0.400465617083
573,1,0.176004287002,-0.009269373357,-0.065914022357,-0.176004287002,0.009269373357,0.065914022357,0.195756657370,0.378240024077,-0.272931173399,-0.116817730697,0.388282999726,0.073361372075,0.185794846773,0.664607358894,1.047799059390,-0.010213618245,0.670468813775,1.475043852284,0.176676179550,0.688682765118,1.146328769720,0.032063709864,0.697963019053,1.570934583326,0.170813643369,0.822894213820,0.458781031290,-0.017342626598,0.814488325786,0.844558727393,0.564544767141,0.522683590651,-0.000336438417,-0.440985229407
574,1,0.201133850123,-0.010611421351,-0.074800098280,-0.201133850123,0.010611421351,0.074800098280,0.222225049550,0.433557158916,-0.328176768304,-0.133925168607,0.448584733145,0.082599933329,0.215946654222,0.764065523041,0.959725658458,-0.011762218427,0.770924106746,1.406751531278,0.206766467205,0.789166743484,1.058282049248,0.036625955638,0.800871252095,1.491787215251,0.193895942195,0.945660621862,0.341452087692,-0.019328307477,0.936111231084,0.768203621510,0.564450174570,0.520667642355,-0.000339652412,-0.385763401177
575,1,0.204934807745,-0.011090348829,-0.076256432000,-0.204934807745,0.011090348829,0.076256432000,0.223706878988,0.439024856890,-0.336167988588,-0.137102866264,0.457391171170,0.083604856865,0.220380286559,0.778643513327,1.009344715625,-0.012122471924,0.786013806042,1.451106481637,0.210255984458,0.803054022407,1.114267130368,0.037120615432,0.815498129026,1.542364839569,0.197021561938,0.963834647486,0.366462131231,-0.020147775685,0.955241331259,0.789023255551,0.564270600677,0.520474106073,-0.000340506434,-0.378187368663
576,1,0.190984311719,-0.010734247504,-0.070879418559,-0.190984311719,0.010734247504,0.070879418559,0.203731978741,0.409138551496,-0.310563461741,-0.127674612167,0.427569660184,0.075773616737,0.206636669420,0.725619342903,1.058883819645,-0.010227588084,0.733285582016,1.515219353850,0.198479742830,0.746496986154,1.172802035590,0.034927409194,0.760193790505,1.622436843841,0.183473312552,0.898687944025,0.440703224047,-0.018075209728,0.891119225560,0.898891209954,0.564259186387,0.520097404718,-0.000337988138,-0.405836969332
577,1,0.287108003903,-0.015987174497,-0.090083719545,-0.287108003903,0.015987174497,0.090083719545,0.302585609429,0.614048051630,-0.446909067012,-0.192236329297,0.643594441364,0.156551684685,0.310558443002,1.092649005833,0.770182372172,-0.015573977647,1.103390136867,1.360999554175,0.298108335098,1.125058519663,0.855346239044,0.052255878458,1.145037464953,1.417447012749,0.274780651782,1.351053682877,0.124850983391,-0.028071664457,1.340342357655,0.667946233706,0.564247876406,0.519824087620,-0.000373900868,-0.269968400840
578,1,0.264487791999,-0.014748950454,-0.083185732994,-0.264487791999,0.014748950454,0.083185732994,0.274679120316,0.562685291884,-0.433931497377,-0.177272415705,0.592461797183,0.144474492168,0.286008557742,1.007096715250,0.818341149899,-0.014395610942,1.016460059785,1.424190752394,0.274443018346,1.037749909260,0.914434295811,0.048061596240,1.055265584349,1.499631330957,0.252048817667,1.244246603822,0.085975647124,-0.027075771266,1.234822657748,0.668392554881,0.564248830080,0.519746363163,-0.000371479429,-0.293097904188
579,1,0.253876478177,-0.014138934451,-0.085043271858,-0.253876478177,0.014138934451,0.085043271858,0.260503011981,0.540055381364,-0.441792275323,-0.170476964791,0.568783307313,0.123121512337,0.274497034307,0.967577179109,0.861184942034,-0.013765188029,0.976097816838,1.417924148949,0.263357927201,0.998096941033,0.940894807332,0.046169490654,1.014347591554,1.485674811861,0.240706942407,1.194277901200,0.164000197911,-0.026665587343,1.185279882925,0.718390535429,0.564258992672,0.519680559635,-0.000368952751,-0.305401973951
580,1,0.199217570408,-0.010987828805,-0.068420351127,-0.199217570408,0.010987828805,0.068420351127,0.203837284113,0.424312645756,-0.344012288784,-0.133719233966,0.446655202634,0.074171602472,0.215624172033,0.759745743896,1.114518770754,-0.010872627031,0.766389301537,1.508300188831,0.206858956183,0.783804684656,1.233872174951,0.035934068338,0.796529731707,1.615781299537,0.188963157154,0.937111130935,0.457862567799,-0.020991233938,0.930646197322,0.843860627702,0.564300835133,0.519595086575,-0.000361967832,-0.389079883050
581,1,0.207539487993,-0.011436578223,-0.071362118538,-0.207539487993,0.011436578223,0.071362118538,0.212199003129,0.441953115529,-0.355068949793,-0.139944242238,0.465001178341,0.087844814210,0.224746619776,0.791184153962,0.994495834647,-0.011373701300,0.798214081224,1.467751205011,0.216125220138,0.815279420758,1.095668235083,0.037384320460,0.829494871729,1.557448327595,0.195460017168,0.976144762275,0.330780219762,-0.025030600924,0.969393791514,0.794942912789,0.564297735691,0.519623935223,-0.000361870043,-0.373495216814
582,1,0.188714907819,-0.010453547229,-0.070826652108,-0.188714907819,0.010453547229,0.070826652108,0.192179559742,0.402540830026,-0.316600452291,-0.127224939370,0.423519056801,0.078128216590,0.204592584550,0.721052037889,1.028598434995,-0.010208213319,0.726666555215,1.435637295308,0.196694066595,0.743177382150,1.134208223019,0.034287518775,0.755510709729,1.531281082810,0.176661246380,0.889044214603,0.382210034358,-0.022647223198,0.882640999568,0.792698920918,0.564349830151,0.519086539745,-0.000351853669,-0.410590814429
583,1,0.164997126309,-0.009123692788,-0.061922584112,-0.164997126309,0.009123692788,0.061922584112,0.168148027939,0.352049485301,-0.243837012224,-0.111472155721,0.370123259091,0.069260589097,0.178961516732,0.630219985163,1.048905045862,-0.008431149281,0.635935214099,1.366256603925,0.172272196228,0.648923101679,1.150263743941,0.030090869441,0.660499885858,1.457211158837,0.154463028121,0.777219800475,0.453916323852,-0.019020452971,0.771619932003,0.766673388129,0.564364939928,0.519131094217,-0.000351665542,-0.469663700797
584,1,0.169518449038,-0.009348380244,-0.064167303654,-0.169518449038,0.009348380244,0.064167303654,0.172873971928,0.361729592212,-0.229314837615,-0.114495149402,0.379955253428,0.091635932903,0.183847142657,0.648577283709,1.055887183066,-0.008564312241,0.654315098113,1.433581472927,0.177077095376,0.667584502919,1.154591346971,0.030930835653,0.679292226027,1.525527455046,0.158555122758,0.798990427617,0.438898194269,-0.019565582027,0.792815545746,0.816207703075,0.564365848899,0.519144862890,-0.000345432200,-0.457125694301
585,1,0.206488018679,-0.011434442898,-0.078657192118,-0.206488018679,0.011434442898,0.078657192118,0.210174806102,0.440742050874,-0.305138878047,-0.139397861440,0.462854831462,0.111647951802,0.223826882219,0.790234405077,0.977396934594,-0.010284992982,0.796639135721,1.433008392558,0.214757909459,0.813799975331,1.074045022261,0.038018356861,0.827563187315,1.513582134724,0.193240607400,0.973187556870,0.342807795420,-0.023852624905,0.965693551735,0.786858660553,0.564401105046,0.519185096025,-0.000349446200,-0.375157453709
586,1,0.191800886623,-0.010704825399,-0.073145118103,-0.191800886623,0.010704825399,0.073145118103,0.195414476859,0.409882637612,-0.269122386203,-0.129556396054,0.428248176838,0.100500816219,0.208128206181,0.735499490731,1.025859394647,-0.009058934588,0.739742372613,1.418275386156,0.199782522944,0.758489681121,1.124146892846,0.035567309815,0.768527037946,1.506477677144,0.179748792263,0.903953672054,0.340404761435,-0.021798361339,0.896468335798,0.737284647488,0.564460575581,0.519595831633,-0.000349341892,-0.403589326156
587,1,0.207996306757,-0.011677745851,-0.082105173253,-0.207996306757,0.011677745851,0.082105173253,0.211967943387,0.445375243618,-0.283638494616,-0.140582128173,0.463287416130,0.152217648452,0.225578884530,0.796648906487,1.055695758926,-0.009556245036,0.801020061601,1.506506792718,0.215969776182,0.821816328248,1.154453476096,0.039014886175,0.832359995870,1.592019927516,0.194889729666,0.979055685950,0.358057552594,-0.025056889381,0.970679253917,0.798204494537,0.564443469048,0.520083874464,-0.000357316807,-0.372082870489
588,1,0.172395073298,-0.009611134669,-0.068118519581,-0.172395073298,0.009611134669,0.068118519581,0.175775045130,0.369321617275,-0.199337534825,-0.116840863948,0.383126391170,0.127455793164,0.187134365489,0.660245414418,1.095253597129,-0.008230650635,0.663195265999,1.480813948043,0.178587834914,0.681549720892,1.196430981715,0.032291407385,0.689426887623,1.577296152196,0.161950937748,0.811315552213,0.462115524913,-0.020200935750,0.804211857827,0.860024725228,0.564406141639,0.520435899496,-0.000356144272,-0.448572776497
589,1,0.170123198882,-0.009322172535,-0.067336892701,-0.170123198882,0.009322172535,0.067336892701,0.174011447419,0.365743970439,-0.168277611834,-0.115163325403,0.376602365164,0.141565228183,0.185089696343,0.650936290252,1.108449907815,-0.007593897955,0.652981085293,1.516661057133,0.175953569433,0.672874968979,1.207057896925,0.033558422831,0.679081960474,1.613607239974,0.160295145051,0.800090131750,0.482451280874,-0.018415792549,0.792157261816,0.909269815598,0.564536496997,0.521381169558,-0.000354968011,-0.453973488474
590,1,0.174906047980,-0.008770297565,-0.069376786221,-0.174906047980,0.008770297565,0.069376786221,0.179106977445,0.374944700573,-0.109660210330,-0.118136256520,0.383154577190,0.158177774643,0.188648309468,0.665508043561,1.224626824418,-0.007407148877,0.667164329803,1.605862253506,0.179019289321,0.689361373617,1.328712020892,0.035173502430,0.693697041726,1.710093934376,0.163698776597,0.818968877202,0.591394086134,-0.016789305689,0.810430524515,0.999660139083,0.564666613936,0.523270964622,-0.000353869051,-0.441487566488
591,1,0.176418473001,-0.008457458212,-0.069712320791,-0.176418473001,0.008457458212,0.069712320791,0.181611060471,0.382300297238,-0.066904100454,-0.118845154785,0.385214649231,0.154984368729,0.190491118816,0.670053549376,1.344635011209,-0.007024491195,0.670923708760,1.615077683543,0.179231215473,0.694541989377,1.457313013653,0.035996843407,0.697367143214,1.721514270042,0.166025387520,0.825188646708,0.728773706205,-0.015257044576,0.815239642568,1.003358159900,0.564879447222,0.524770319462,-0.000352836214,-0.437020666253
592,1,0.203299980381,-0.009031917880,-0.080587930090,-0.203299980381,0.009031917880,0.080587930090,0.210051721791,0.441104518459,-0.113171872237,-0.136822699204,0.442883424154,0.175109213261,0.217036246617,0.771747408018,1.318941073301,-0.008084505107,0.772216120571,1.628879214980,0.203181386668,0.801331978127,1.421706064594,0.042046504431,0.802756675545,1.725537809698,0.192228691038,0.950167717148,0.671763306094,-0.018617168229,0.938367485413,0.963049440675,0.565095365047,0.525335520506,-0.000356522389,-0.378956868837
593,1,0.181006761247,-0.007910684749,-0.071598489842,-0.181006761247,0.007910684749,0.071598489842,0.187341235072,0.394077457661,-0.115253116937,-0.121740894297,0.394154229822,0.114748432790,0.191737001683,0.688747925328,1.191461270239,-0.006559676835,0.688028256364,1.452687094645,0.178762856673,0.716238803429,1.289686767492,0.038266719520,0.715597727863,1.537915261135,0.172040949614,0.846340438255,0.568231099574,-0.017337899872,0.836400124517,0.839565211845,0.565449237823,0.525376349688,-0.000355863944,-0.425458197500
594,1,0.259757056703,-0.011547766170,-0.094789828583,-0.259757056703,0.011547766170,0.094789828583,0.267702244622,0.562602251682,-0.166589758808,-0.175002154995,0.563578441956,0.211238825483,0.273303229275,0.986611110204,0.798292550760,-0.009838076533,0.986566692240,1.282503678498,0.255350231925,1.026378050996,0.864138815689,0.054403966300,1.026676314608,1.326848684362,0.247029099203,1.212623779453,0.125326368523,-0.025169911549,1.198483591984,0.593289377439,0.565636634827,0.525925010443,-0.000371781178,-0.296560790845
595,1,0.278227168551,-0.012356494987,-0.086727768472,-0.278227168551,0.012356494987,0.086727768472,0.287664760661,0.603711656866,-0.220875020223,-0.186313714997,0.602903040425,0.222861356679,0.290383878842,1.059275907065,0.869409343000,-0.008910935956,1.056705523474,1.373476955574,0.272048921057,1.101157026038,0.952581112161,0.059578058138,1.099339254554,1.434058891423,0.266288552066,1.300135475269,0.140993963491,-0.026305236309,1.283220658187,0.622038409208,0.565986692905,0.526346623898,-0.000391373411,-0.276714428405
596,1,0.283435852350,-0.011716494304,-0.079715807005,-0.283435852350,0.011716494304,0.079715807005,0.292988141555,0.614170215630,-0.227425624305,-0.189360373296,0.612445129381,0.230782315304,0.294421835515,1.079983233311,0.825283812115,-0.008117442845,1.074969968919,1.346992949772,0.276117021929,1.122507410552,0.897970987433,0.061318870104,1.118357677055,1.401894769019,0.272771443348,1.323678719984,0.114118604038,-0.026195398480,1.305494085138,0.632506960269,0.566368237138,0.526881277561,-0.000394312665,-0.271541729252
597,1,0.252696463849,-0.010365485626,-0.092637327364,-0.252696463849,0.010365485626,0.092637327364,0.261549139345,0.545829198052,-0.241627630547,-0.169201836396,0.544889773603,0.232922712978,0.261700880476,0.961287996276,0.834820528251,-0.008817530292,0.957322168387,1.604281693869,0.246608805458,0.999881346115,0.917895371207,0.053955915661,0.997424901943,1.686384316712,0.243531299521,1.178883799538,0.229026000727,-0.025739309661,1.163078051715,0.754268503974,0.566475421190,0.527442842722,-0.000388608314,-0.304423720287
598,1,0.259553131051,-0.010735783455,-0.092922138802,-0.259553131051,0.010735783455,0.092922138802,0.266569664124,0.558491489085,-0.215027297768,-0.173772078717,0.557839073724,0.256886580667,0.261488046543,0.985512129382,1.012816223986,-0.009911412488,0.981465665437,1.590048208524,0.244813633656,1.025579042906,1.107522471353,0.053969567010,1.023377367386,1.665102429756,0.250270847745,1.209076546445,0.291405147151,-0.031968805340,1.192896927138,0.801621244075,0.566510841250,0.528087079525,-0.000394469127,-0.296280367598
599,1,0.216052714375,-0.008717351514,-0.078149106412,-0.216052714375,0.008717351514,0.078149106412,0.220815063490,0.464740206948,-0.149963129735,-0.144587163408,0.463622264963,0.210229529383,0.215128381518,0.819325612407,1.252426799829,-0.009199950739,0.816066916197,1.640707981611,0.199676246019,0.852858847502,1.362076475771,0.042899997852,0.851291886422,1.739496704621,0.209348412103,1.005389847060,0.546398452651,-0.031209590586,0.992317713744,0.926826238534,0.566549360752,0.528484672308,-0.000392226502,-0.355886986242
600,1,0.250819121493,-0.010091874675,-0.085449032659,-0.250819121493,0.010091874675,0.085449032659,0.255505284047,0.539456547035,-0.198043986583,-0.167865683070,0.538242617042,0.229397257856,0.249241868067,0.951350985388,1.043935168424,-0.011175379625,0.947826641143,1.531764398706,0.231550437743,0.990569304807,1.131805285820,0.048804389931,0.989231512344,1.606330286718,0.243745932734,1.167241716500,0.324769464553,-0.036932940164,1.152408553665,0.808747121303,0.566556110978,0.528493911028,-0.000398188829,-0.306534808022
601,1,0.220220439697,-0.008257006939,-0.080755992288,-0.220220439697,0.008257006939,0.080755992288,0.224119095390,0.471583480488,-0.174244786817,-0.147262714535,0.469811845775,0.255906667030,0.218739264914,0.832171372276,1.145669280885,-0.010454720740,0.829084124940,1.684940603685,0.203196241495,0.866749260046,1.248280572854,0.042333296039,0.865481487882,1.779852315492,0.215251353734,1.021888009151,0.441828658495,-0.033258388109,1.008836790212,0.997828422945,0.566527411342,0.529813081026,-0.000384084880,-0.348853269351
602,1,0.239476327691,-0.009031331433,-0.085707489829,-0.239476327691,0.009031331433,0.085707489829,0.244815518221,0.513539767362,-0.189821065649,-0.159686233532,0.511779602837,0.270250355481,0.239164796616,0.906056456357,1.094983457357,-0.012215664590,0.902864309341,1.508851978302,0.222283421633,0.944204268986,1.185287097383,0.045380096292,0.942946609945,1.578101922267,0.235281402239,1.112796812224,0.378634518619,-0.036209975858,1.099396976066,0.777168599154,0.566843211651,0.529786288738,-0.000390800647,-0.320378882954
603,1,0.181841679692,-0.006627385816,-0.069373112168,-0.181841679692,0.006627385816,0.069373112168,0.185751202996,0.390355157825,-0.121456432402,-0.121384991031,0.390102980645,0.202832754501,0.181174505053,0.690524974919,1.090244868294,-0.009364355871,0.687614412310,1.470589934201,0.168803625031,0.719597683771,1.178804125362,0.034474068555,0.717925120391,1.559023455868,0.178778963120,0.846869740468,0.404287620309,-0.027495965737,0.836336787069,0.811896076780,0.566852197051,0.529156208038,-0.000376399606,-0.421902929555
604,1,0.213698002268,-0.007507456101,-0.081367053181,-0.213698002268,0.007507456101,0.081367053181,0.218026106132,0.457572679322,-0.195246013335,-0.142709366439,0.457124993075,0.232530246574,0.212661006270,0.810545574367,0.951907619670,-0.011213893351,0.806470434804,1.528206675115,0.198406563330,0.844241680324,1.032392165322,0.040295578685,0.841842626299,1.603912609801,0.209824056024,0.994050142652,0.259294724154,-0.032406311592,0.981535835247,0.849014535502,0.566809177399,0.529537618160,-0.000377286226,-0.359209899044
605,1,0.192181735637,-0.006760865636,-0.077176973091,-0.192181735637,0.006760865636,0.077176973091,0.196908347960,0.411095548737,-0.128705035179,-0.126929676160,0.411528819048,0.205820748828,0.192066932423,0.728420726890,1.191148014708,-0.008875891210,0.724765362739,1.586249462958,0.179557631312,0.759629011484,1.290163773955,0.037174957996,0.756469984865,1.680512890981,0.189938376470,0.893425597158,0.495898297359,-0.026987812804,0.882016394117,0.914662961704,0.567334726453,0.529543459415,-0.000367060304,-0.399776059385
606,1,0.189842885463,-0.006673830772,-0.079750469789,-0.189842885463,0.006673830772,0.079750469789,0.194404402943,0.404844222808,-0.099784061057,-0.126354505987,0.406189574856,0.214037346529,0.189487859958,0.719879967268,1.130126460438,-0.009057647164,0.716388391685,1.512480598930,0.177401806905,0.751235442412,1.218146173447,0.036584213521,0.747941578291,1.595216579993,0.187121146123,0.883545692907,0.449474968497,-0.026936159533,0.872289556202,0.857189840844,0.567227452993,0.529523015022,-0.000369250774,-0.404275137133
607,1,0.192059298821,-0.006732373864,-0.089502574278,-0.192059298821,0.006732373864,0.089502574278,0.196753993507,0.407651662805,-0.154695200026,-0.127603272354,0.409853648093,0.216240992745,0.192000080005,0.728560663262,1.079075845923,-0.008967697705,0.724452637600,1.496230264096,0.180311300088,0.760055228341,1.166290990888,0.037259673424,0.756286853166,1.576732501332,0.189435472699,0.894308162133,0.337679205999,-0.027068965465,0.882238114475,0.852700958737,0.567314445972,0.529691070318,-0.000362955034,-0.399586578101
608,1,0.180940679861,-0.005927514328,-0.084139731928,-0.180940679861,0.005927514328,0.084139731928,0.184533636707,0.385150819120,-0.144135951042,-0.120352246971,0.387469141457,0.187351137011,0.180406255467,0.686565474391,1.118671791344,-0.008069007131,0.682769121412,1.469745746031,0.169648399249,0.716644065634,1.214367071502,0.035180432532,0.712753394199,1.557953040424,0.178716816543,0.843374896864,0.469154177595,-0.025498523584,0.832059774600,0.849823991549,0.567346185446,0.529424697161,-0.000363208354,-0.424039138321
609,1,0.247148397995,-0.008473737258,-0.096556721395,-0.247148397995,0.008473737258,0.096556721395,0.251972265915,0.523668936841,-0.213226634630,-0.164790894978,0.529309006900,0.192110800336,0.245981887505,0.939935675567,0.820207386343,-0.012501323287,0.933855152037,1.305255907453,0.231246952472,0.982049286689,0.884640890714,0.044239605530,0.974911022019,1.362721069267,0.244333547030,1.152978641916,0.095777785720,-0.034611357931,1.137418192629,0.611896942780,0.567413434386,0.529078632593,-0.000379914418,-0.310437002012
610,1,0.242405292800,-0.008248895490,-0.094728847730,-0.242405292800,0.008248895490,0.094728847730,0.247166367409,0.514248117675,-0.263700579095,-0.161741162319,0.518189979424,0.192367668612,0.241311847915,0.922711679597,0.990907137559,-0.012460282224,0.914976321932,1.386363271182,0.226884306307,0.963821065062,1.080141277650,0.043008204520,0.955195135843,1.468238616633,0.239866222461,1.129852409928,0.204818595598,-0.033830045624,1.114599912872,0.696029575867,0.567437410355,0.529328018427,-0.000380124897,-0.316571945627
611,1,0.207550408122,-0.007059948619,-0.082044763061,-0.207550408122,0.007059948619,0.082044763061,0.212357892345,0.440434098597,-0.115028511359,-0.137784941441,0.445232487644,0.184129124761,0.207046551516,0.787925648580,1.411271627621,-0.010160638710,0.781577055341,1.786228030963,0.194679769411,0.823394095103,1.531025142843,0.037463469170,0.815413682562,1.904909925281,0.205712297369,0.965799747723,0.717369082758,-0.028020504171,0.952804915602,1.126751931405,0.567625954747,0.529397010803,-0.000375337899,-0.370269111974
612,1,0.183458058027,-0.006232839679,-0.080313238818,-0.183458058027,0.006232839679,0.080313238818,0.187084026065,0.389792204530,-0.108447738762,-0.122650122894,0.393893921662,0.182032136027,0.183133800082,0.696297293684,1.215396577300,-0.008914069351,0.690970270032,1.619947819441,0.172243159041,0.727656317238,1.316513681436,0.033525368327,0.720885395799,1.719156803970,0.181895258544,0.853584811054,0.566350041751,-0.025100496555,0.842354969305,0.996361723132,0.567638069391,0.529390931129,-0.000361781567,-0.418830703458
613,1,0.187525972818,-0.006246458068,-0.090335294654,-0.187525972818,0.006246458068,0.090335294654,0.191254189471,0.397594255065,-0.111890429514,-0.125352117953,0.400706971116,0.235672920892,0.187147796442,0.710705814090,1.175640868786,-0.008972303616,0.704391912871,1.653915466699,0.176043030602,0.742453131472,1.271865366515,0.034933406052,0.735085312790,1.747729981276,0.186384022763,0.871601745903,0.514863685126,-0.026343098407,0.858888530024,0.991070208289,0.567603841424,0.530371755362,-0.000355726108,-0.409630220092
614,1,0.202404770445,-0.006769025295,-0.096987279958,-0.202404770445,0.006769025295,0.096987279958,0.207045739915,0.428672687349,-0.141883269222,-0.135612283686,0.431456688410,0.175474481731,0.201529601406,0.763663291761,1.250141849401,-0.009994847843,0.757367786741,1.728711255162,0.189305481309,0.797982409287,1.357989524794,0.037431875829,0.791018091206,1.816034357038,0.201814498195,0.938518048437,0.576321870160,-0.028648486652,0.924428250610,1.021284047286,0.567499518394,0.531250923872,-0.000358548015,-0.379829597691
615,1,0.191782576512,-0.006528413891,-0.092477426130,-0.191782576512,0.006528413891,0.092477426130,0.198389505351,0.404439645841,-0.135214438007,-0.128528970984,0.407657569117,0.167666558535,0.190977426531,0.718291851783,1.395719967470,-0.010166050126,0.714353910739,1.839182955478,0.179249553478,0.749151646772,1.522288146573,0.035349273806,0.746735676372,1.962228073664,0.192472184607,0.887034751934,0.752277025942,-0.027149368854,0.873628770556,1.210481269915,0.567497193813,0.532250493765,-0.000352630392,-0.400831344499
616,1,0.174982053240,-0.007086879700,-0.077709187940,-0.174982053240,0.007086879700,0.077709187940,0.183376228001,0.371043511562,-0.123684837627,-0.117539873835,0.373824644712,0.129051805146,0.173640975671,0.655670148253,1.271147041025,-0.009662237430,0.651587271477,1.677609515391,0.163310162768,0.683636784503,1.383844405550,0.031938585893,0.680782399502,1.793825406012,0.174823634263,0.810343125612,0.673333669534,-0.024492284677,0.798181422619,1.111895958337,0.567314907908,0.531092703342,-0.000340197235,-0.440208842214
617,1,0.176835755942,-0.007205968899,-0.073992629789,-0.176835755942,0.007205968899,0.073992629789,0.189114414595,0.375982923719,-0.124920659182,-0.117570554182,0.379322669727,0.129242455565,0.172702028460,0.661754002730,1.263735618341,-0.006831844719,0.659402911095,1.616604138644,0.162951728453,0.689712089036,1.375898743674,0.034423656559,0.688695448727,1.721460204418,0.174788550614,0.816661754155,0.667860986117,-0.023137952557,0.805431885508,1.037520317013,0.567206323147,0.530805259943,-0.000333417207,-0.436610456730
618,1,0.180666404499,-0.007479314883,-0.074432711173,-0.180666404499,0.007479314883,0.074432711173,0.197756787765,0.387802017896,-0.190891328670,-0.120444420278,0.388283186504,0.076987824578,0.178348842897,0.675316319074,1.250104836750,-0.007685107958,0.673235101486,1.624820069476,0.166700628134,0.702339893711,1.365007650257,0.034336301746,0.702388413747,1.736852832489,0.177237469924,0.833621764511,0.657333680674,-0.022876467065,0.821988495032,1.051003355811,0.566931471229,0.530037641525,-0.000333314762,-0.428730536127
619,1,0.172431133584,-0.007690577491,-0.069988090034,-0.172431133584,0.007690577491,0.069988090034,0.189499992714,0.372642931172,-0.215030989881,-0.114715199514,0.374443687271,0.075852966194,0.171186304503,0.647376914453,1.174803568604,-0.006947962514,0.646754202059,1.534670040596,0.160444846658,0.672019460120,1.284324037521,0.033791777961,0.674451930409,1.638926180482,0.167897803243,0.799560198451,0.599553998382,-0.021146970031,0.788982295275,0.986345699113,0.566715881228,0.527439951897,-0.000328531489,-0.450256413407
620,1,0.176040190349,-0.009116429522,-0.070897417883,-0.176040190349,0.009116429522,0.070897417883,0.192352605684,0.376009129535,-0.215063010912,-0.117325766267,0.385492394470,0.073848806929,0.176997547882,0.664984181498,1.103116948135,-0.006876158979,0.664440836448,1.468442965064,0.166554633956,0.689611150963,1.203479828372,0.034252271078,0.692117196897,1.564269163503,0.169436478947,0.820032564079,0.457745352777,-0.015662551202,0.809588774007,0.838045910745,0.566481515765,0.524884015322,-0.000329462811,-0.442198421294
621,1,0.188908598144,-0.010111746627,-0.075652146358,-0.188908598144,0.010111746627,0.075652146358,0.205153799885,0.404639456687,-0.299131542188,-0.126363297158,0.415366685867,0.058687773107,0.193683804194,0.714865766801,1.083466734553,-0.008104876417,0.714064953606,1.499045680679,0.181981621770,0.740744046625,1.192712613580,0.035915735361,0.743550935859,1.599234255624,0.180042183901,0.880706584222,0.423664202908,-0.016446993382,0.869030104061,0.840119516773,0.566140770912,0.523851424456,-0.000330053270,-0.412789602104
622,1,0.165213843314,-0.008750479791,-0.065845070356,-0.165213843314,0.008750479791,0.065845070356,0.177679192151,0.353633369858,-0.241445493688,-0.110246083202,0.364337666870,0.058898904542,0.171191897601,0.627068662242,0.984026358612,-0.006840435724,0.624880381923,1.391751396589,0.161103254898,0.649414228163,1.082533941159,0.032412384939,0.651082136252,1.487792462565,0.155887645927,0.771319441733,0.396086681775,-0.014746772892,0.760144457536,0.769747086947,0.565710067749,0.521900296211,-0.000328162685,-0.473861596402
623,1,0.168513805656,-0.009086323596,-0.065882873568,-0.168513805656,0.009086323596,0.065882873568,0.179886930714,0.360684788088,-0.237136168266,-0.112418693324,0.371884046253,0.062134405399,0.174198862151,0.638773509132,1.034884551987,-0.005953963788,0.637877450560,1.421900657607,0.164690207987,0.660393886198,1.141369725142,0.033104500082,0.665074129193,1.520417753915,0.158417093027,0.786507945922,0.455775809779,-0.015646674611,0.775589899674,0.804573081868,0.565435796976,0.521629393101,-0.000323128887,-0.465032180278
624,1,0.174145105197,-0.009674137969,-0.067117974082,-0.174145105197,0.009674137969,0.067117974082,0.183906136423,0.372085726887,-0.262682221550,-0.116209208306,0.384889279500,0.067149839354,0.181765173935,0.658733675699,1.053663690639,-0.004787037528,0.659433189578,1.468144061696,0.173962980108,0.678452157941,1.162357227856,0.035076385559,0.686527076148,1.569521160229,0.162919661189,0.813130087860,0.463995065140,-0.014184083292,0.801987500179,0.845591070359,0.565248057246,0.521251410246,-0.000322206877,-0.450327802123
625,1,0.177056761937,-0.010114340151,-0.065132937808,-0.177056761937,0.010114340151,0.065132937808,0.185653479817,0.378744473421,-0.262851314401,-0.118517460106,0.392551113225,0.054921541495,0.183395660728,0.669752297085,1.087718145061,-0.004345652097,0.672481230075,1.440713934714,0.176200166729,0.689274373858,1.201918429946,0.035797722336,0.700155368067,1.538913244615,0.165334185152,0.828532761433,0.510688542938,-0.014875498821,0.818409534880,0.827574879344,0.565063446760,0.520445287228,-0.000320835970,-0.442688385856
626,1,0.192589780887,-0.011347386237,-0.071256200354,-0.192589780887,0.011347386237,0.071256200354,0.198314425999,0.411356066014,-0.339701933704,-0.129310701648,0.428152714842,0.052686996324,0.202208608840,0.729464562733,0.955326826408,-0.004531284224,0.734261449332,1.360870116112,0.196374587271,0.750738540151,1.057170301031,0.039126405763,0.764278363928,1.446776422551,0.179519770387,0.901885962191,0.324327229191,-0.016512438535,0.892980828444,0.711797469517,0.564996585250,0.519481033087,-0.000325093977,-0.406804794084
627,1,0.231568088567,-0.013766695048,-0.083814844410,-0.231568088567,0.013766695048,0.083814844410,0.234824394259,0.492297236487,-0.402709406547,-0.155737095074,0.513986773431,0.095679049342,0.243175519265,0.875765808845,0.821749898333,-0.005771534766,0.881850225043,1.367146854908,0.236301271988,0.901237883141,0.913550725843,0.046432580360,0.916986849333,1.440316443865,0.214636793695,1.082579335809,0.156755784171,-0.020592891264,1.072551655194,0.683007052495,0.564812496305,0.519211560488,-0.000339653343,-0.338951288377
628,1,0.262896804125,-0.015380662358,-0.087487562004,-0.262896804125,0.015380662358,0.087487562004,0.263905730535,0.560301347151,-0.445437347643,-0.177103420179,0.583514740364,0.104504354461,0.273396746293,0.993118897865,0.993609554091,-0.004312968240,1.002288977796,1.486723509851,0.267276604880,1.021545127441,1.106926354667,0.054628219140,1.042211198588,1.572115199934,0.243661018682,1.229772085602,0.268309707541,-0.024650616720,1.219172518564,0.720977413698,0.564804866910,0.518888682127,-0.000363385305,-0.298547118429
629,1,0.237303716964,-0.013963964557,-0.079343020220,-0.237303716964,0.013963964557,0.079343020220,0.236092895659,0.504707901813,-0.400180603934,-0.160167865815,0.526652652304,0.079742727564,0.246978210735,0.896484974420,1.010718219484,-0.002496490924,0.904949458005,1.492225667550,0.241375987948,0.922436475456,1.121853950904,0.052027508931,0.940593657941,1.587390724537,0.219907004161,1.110377752102,0.278059463028,-0.019225021430,1.100681267978,0.746944335565,0.564788326621,0.518847018480,-0.000365296379,-0.330679844841
630,1,0.290578231624,-0.017243046117,-0.087714269111,-0.290578231624,0.017243046117,0.087714269111,0.286091798849,0.618410246842,-0.494237599096,-0.196498139235,0.645064591550,0.099068741134,0.302487229828,1.098543657398,0.766014061040,-0.002878734574,1.108849262258,1.437799998519,0.295548905524,1.130404228904,0.858765498211,0.064028001989,1.152306453946,1.512139014034,0.268186577552,1.360986894560,0.011422505480,-0.023500982387,1.348900403825,0.672496028331,0.564795076847,0.518701136112,-0.000380250625,-0.269995217662
631,1,0.294749682781,-0.017482226385,-0.085282192154,-0.294749682781,0.017482226385,0.085282192154,0.287856425708,0.627093084970,-0.496733301524,-0.199369440345,0.654280839909,0.117948668571,0.306815458614,1.114089130988,0.836650286049,-0.001883023513,1.124718867597,1.481984944303,0.299779068011,1.146449404687,0.936912636255,0.066923885384,1.167846411531,1.559876800460,0.270884126526,1.381360199848,0.068200281863,-0.022888261116,1.368579204355,0.700910251927,0.564792782068,0.518723130226,-0.000389656983,-0.266096754976
632,1,0.289687774536,-0.017159681594,-0.082338120485,-0.289687774536,0.017159681594,0.082338120485,0.281717139840,0.616779779032,-0.486752806406,-0.195661255670,0.643372211998,0.123816695119,0.302314354582,1.095138390959,0.825364316270,0.001005611481,1.106304506936,1.403867674350,0.298085993802,1.125802407369,0.923114269331,0.068893613492,1.148378343798,1.474724199586,0.265391363839,1.358686712163,0.098269949358,-0.018320197456,1.346428112653,0.650833130990,0.564918681979,0.518745929003,-0.000394166447,-0.270502776457
633,1,0.224724878341,-0.013039701781,-0.067409887869,-0.224724878341,0.013039701781,0.067409887869,0.218724096647,0.477193513969,-0.344545711728,-0.151393174583,0.497293753040,0.127997284008,0.234334793019,0.848864318722,1.000479464810,0.001052877396,0.856717088044,1.511671028593,0.230346889046,0.872970832116,1.106735962712,0.053497578434,0.888604598230,1.604826476290,0.206008567465,1.052494267611,0.286465136779,-0.010466955598,1.042345289959,0.786726683975,0.565001800656,0.519441306591,-0.000388752669,-0.348795708733
634,1,0.259758422630,-0.015126378386,-0.076447847117,-0.259758422630,0.015126378386,0.076447847117,0.253695882672,0.551368905426,-0.405626776396,-0.174422082136,0.574591639972,0.146443854871,0.271283084847,0.980916219867,0.923342695678,0.001513338984,0.990374181163,1.508035869667,0.266864780857,1.008712201720,1.023207761941,0.061950910527,1.026776479208,1.587959069346,0.242523274582,1.216210040718,0.196087511050,-0.011732783977,1.204377071913,0.758194499413,0.565122500062,0.519586980343,-0.000394527800,-0.301786773595
635,1,0.250954800278,-0.014454446820,-0.075416891888,-0.250954800278,0.014454446820,0.075416891888,0.246158200519,0.533126640313,-0.419797188651,-0.168501150300,0.555089641775,0.140320086800,0.261263794934,0.946701762211,0.957360141436,0.001182630490,0.956938767347,1.577562826383,0.255917023609,0.973998471998,1.070913550231,0.059287231648,0.992092918735,1.672138558074,0.233274364796,1.173730583207,0.222305614195,-0.013228050516,1.163377059934,0.821489695301,0.565169900656,0.519791096449,-0.000390804373,-0.312555956924
636,1,0.221152012852,-0.012221049189,-0.072894672226,-0.221152012852,0.012221049189,0.072894672226,0.218889351337,0.470983374052,-0.339143277754,-0.147851477611,0.488129024623,0.129954825644,0.230272446336,0.833875119271,1.059459530651,0.001814178398,0.842306180959,1.512823305759,0.224686000886,0.860304433503,1.168774249339,0.053253487227,0.873791842435,1.603718016780,0.205096696083,1.033486347004,0.336475197814,-0.011946655811,1.024327610410,0.780428277629,0.565417423844,0.520783752203,-0.000383068807,-0.354019731125
637,1,0.261348201337,-0.014377451522,-0.085920043175,-0.261348201337,0.014377451522,0.085920043175,0.258771002123,0.557246945445,-0.410702856137,-0.174407538138,0.577085739811,0.156145775148,0.272382982410,0.986040537053,0.976276862440,0.000763432232,0.995521996367,1.570248424233,0.266038005672,1.018385874168,1.079789440757,0.061047275835,1.032829966247,1.651604608751,0.242221565759,1.219911096112,0.218557963975,-0.014181757050,1.210575848170,0.792501551790,0.565403744578,0.520668983459,-0.000383812934,-0.299630688696
638,1,0.200644027880,-0.010754512154,-0.067212352247,-0.200644027880,0.010754512154,0.067212352247,0.199571597917,0.428956305171,-0.254413101301,-0.133780111635,0.442611449339,0.119444294062,0.209783661366,0.756138999230,1.178267624756,0.001365491471,0.763356045201,1.592032995072,0.202501448122,0.780983792423,1.292574845157,0.047342226044,0.791686216651,1.698819208537,0.187900460653,0.935984456102,0.497844888549,-0.008660172162,0.928787755781,0.913858223817,0.565536037087,0.521501332521,-0.000374632888,-0.389636970918
639,1,0.208217527936,-0.010169615832,-0.073404090288,-0.208217527936,0.010169615832,0.073404090288,0.208529393927,0.450099080241,-0.224973816154,-0.138561144989,0.454651050790,0.151508590784,0.218725422899,0.784788092988,1.183763252778,0.001791598518,0.788467156993,1.608663401813,0.210628840775,0.811872540519,1.291718927505,0.049782682878,0.818103336616,1.706366243405,0.196231929166,0.968694035976,0.485153717650,-0.008709693160,0.959525812296,0.912818853061,0.565736457705,0.523644357920,-0.000367665663,-0.374600331702
640,1,0.258215182170,-0.011460963726,-0.091935700115,-0.258215182170,0.011460963726,0.091935700115,0.259959316948,0.558448668063,-0.280515567334,-0.171834378638,0.559403871721,0.204613942466,0.271327424616,0.970966788013,1.136487170559,0.000675599364,0.972293021191,1.709146367919,0.261280616223,1.006228802061,1.233550466571,0.059970655863,1.009122240249,1.795321131654,0.242545105631,1.197789961782,0.373591517146,-0.010743228828,1.184475527982,0.953607312184,0.565751269460,0.525356441736,-0.000373741612,-0.302015678310
641,1,0.222407217261,-0.009678197933,-0.085475889245,-0.222407217261,0.009678197933,0.085475889245,0.225871171693,0.481144283724,-0.240679371509,-0.147970123474,0.482321495302,0.171056273257,0.234576135408,0.838948667684,1.129410976409,0.001025122448,0.838324646794,1.585315190087,0.226273167142,0.871541968336,1.232938851413,0.052254428137,0.870092843699,1.681393805077,0.209714649387,1.035148837917,0.406329196520,-0.007470415430,1.021376960788,0.879766268894,0.565905615687,0.525543749332,-0.000372258946,-0.350070048359
642,1,0.228313460521,-0.009990932338,-0.089399693222,-0.228313460521,0.009990932338,0.089399693222,0.231207133535,0.493284720405,-0.252048297988,-0.152225276146,0.494723770225,0.171183839412,0.241441990417,0.862179822212,1.016493278481,0.001011831904,0.862000640912,1.458912819718,0.233076200978,0.896251916421,1.103431555532,0.053936108684,0.895893728801,1.536899293486,0.216172177596,1.062973117260,0.271437986183,-0.008710503465,1.049584039555,0.730062826846,0.566006928682,0.525837302208,-0.000376236625,-0.340633515226
643,1,0.229957914528,-0.010245895424,-0.096889296966,-0.229957914528,0.010245895424,0.096889296966,0.233184165549,0.496891816542,-0.282713500829,-0.153221240552,0.497902187809,0.171804833659,0.244220671194,0.867577335507,1.037850725924,0.001132740219,0.867353338103,1.529294674958,0.236289415608,0.901896773799,1.133212104430,0.054767850604,0.901546215215,1.618778725214,0.219163057777,1.070256505547,0.279095066805,-0.010358732571,1.056430799765,0.793880750012,0.566129937768,0.526609987020,-0.000379970297,-0.337674870303
644,1,0.229297132649,-0.010297492083,-0.096414594180,-0.229297132649,0.010297492083,0.096414594180,0.233097719319,0.494336224290,-0.276528096432,-0.152851579708,0.495496832417,0.169669068984,0.243701209115,0.865880830630,1.023254388157,0.000827408661,0.864446444342,1.516574552147,0.235904253579,0.902220259841,1.115826619189,0.054288272625,0.898934393720,1.602959220678,0.218741267928,1.066001926445,0.261358068340,-0.010685535213,1.052603698617,0.776120212180,0.566159695387,0.526990920305,-0.000380178913,-0.338541329590
645,1,0.257599244985,-0.012001003851,-0.102490026774,-0.257599244985,0.012001003851,0.102490026774,0.262308291731,0.554001518055,-0.284611516608,-0.171651324467,0.555470398653,0.206967461911,0.273311141540,0.973904251710,0.948703416426,0.002402318396,0.971343111341,1.467195705883,0.263304367728,1.015497005058,1.030000970216,0.064174071293,1.011503795165,1.532592458978,0.248020251476,1.196826376488,0.178106417181,-0.015972938526,1.181330101789,0.696866935180,0.566367834806,0.527468740940,-0.000387759879,-0.301171976902
646,1,0.255383088274,-0.012017814606,-0.101913488314,-0.255383088274,0.012017814606,0.101913488314,0.261647034054,0.547823828215,-0.328981947306,-0.170351626307,0.549557223648,0.165603767873,0.271859597539,0.963534969614,0.972189365882,0.001429337597,0.963253059079,1.504910112799,0.261022873892,1.006581054635,1.067461641447,0.062029471905,1.004116699833,1.585506011733,0.249539744351,1.186502382101,0.198974164595,-0.018670371696,1.172060766862,0.727432208164,0.566632062197,0.528414785862,-0.000387227163,-0.302769285781
647,1,0.247323602786,-0.011343787492,-0.103818653100,-0.247323602786,0.011343787492,0.103818653100,0.254865376795,0.531178138891,-0.321901363564,-0.163693437194,0.532852476120,0.160618832101,0.264847428568,0.934258213156,1.013170920955,0.002950284169,0.933967953965,1.532531309650,0.254855255915,0.975958719955,1.115639862849,0.061770927323,0.973787695782,1.619446369061,0.243559876782,1.150614931713,0.211317326084,-0.016527826193,1.136631695182,0.727839929916,0.567121550441,0.528498232365,-0.000390296802,-0.312131580464
648,1,0.256057549032,-0.011459088435,-0.105700326088,-0.256057549032,0.011459088435,0.105700326088,0.264009808665,0.540132378574,-0.294301575567,-0.168224847329,0.550017322228,0.216596604259,0.276622781187,0.968663152839,0.831976625370,0.001444361305,0.967114271254,1.477706933593,0.266875150434,1.012862055199,0.902853413037,0.064027142695,1.008711956081,1.544964198791,0.254779825749,1.192972394081,0.048943311969,-0.015785534567,1.178189956997,0.720522637381,0.567669302225,0.528739303350,-0.000392673537,-0.300816739366
649,1,0.254803379882,-0.011370798232,-0.105087966375,-0.254803379882,0.011370798232,0.105087966375,0.261106630693,0.536755356490,-0.271628184819,-0.169096325925,0.547153526392,0.231496160947,0.272007680206,0.964006606999,0.904306187822,0.000826103016,0.962088959416,1.510735908835,0.262804194493,1.007888473480,0.992752653809,0.063026000253,1.003839010761,1.585795620972,0.254686337118,1.185963468351,0.116659830173,-0.023295552867,1.172262661254,0.736992668722,0.567666769028,0.528765320778,-0.000394066796,-0.302243003784
650,1,0.263345423459,-0.011198840763,-0.103152394258,-0.263345423459,0.011198840763,0.103152394258,0.270557306437,0.553431013074,-0.269171043590,-0.174161916807,0.563981198318,0.271272916368,0.280973417174,0.995192134686,0.906597096590,0.001420221166,0.993190295254,1.532787438338,0.272028455523,1.040753812557,0.989074430949,0.065872028350,1.036603518377,1.602038806967,0.263255700595,1.225416516053,0.131843752310,-0.024452386077,1.211356943357,0.768299192550,0.567833349109,0.529232978821,-0.000395974144,-0.292300565367
651,1,0.250458119135,-0.010602211261,-0.097851709516,-0.250458119135,0.010602211261,0.097851709516,0.257386501234,0.525508121869,-0.245867177759,-0.165621040552,0.536241205478,0.251610801575,0.266756573575,0.945900931086,0.986740992330,0.000768705395,0.943637711949,1.517821852658,0.258433964730,0.990378334766,1.076264464278,0.062205032631,0.984936565597,1.594615322853,0.250817872678,1.163869117368,0.234747560247,-0.022212285015,1.151318750030,0.787168077857,0.567917987704,0.529374718666,-0.000395100564,-0.307422735695
652,1,0.236613076691,-0.009978622767,-0.092308028111,-0.236613076691,0.009978622767,0.092308028111,0.243157190777,0.496456874952,-0.235731745657,-0.156508169370,0.507192689885,0.236323373559,0.249992793179,0.893380468906,1.006909652000,0.000617215522,0.891464006471,1.506918857699,0.240272976149,0.935213253368,1.100611152636,0.057867937531,0.930470342989,1.589470197889,0.237868929930,1.098839999506,0.274861420000,-0.022267729864,1.087566798765,0.790400938218,0.567952036858,0.529336184263,-0.000394754112,-0.325538244476
653,1,0.234546910949,-0.009521514188,-0.093135314695,-0.234546910949,0.009521514188,0.093135314695,0.240984489109,0.492344047835,-0.226168774024,-0.154887662579,0.501653352110,0.249283999541,0.246920381269,0.885192661701,0.981895171757,0.000522725615,0.883141117832,1.490070895304,0.237024960469,0.926696204936,1.067067434157,0.056812946772,0.922595837837,1.566658813278,0.234594522148,1.087657061303,0.246072510845,-0.021955382715,1.076560840734,0.772982764875,0.568006455898,0.529596865177,-0.000394014642,-0.328624772304
654,1,0.198485168289,-0.008101463632,-0.087184640619,-0.198485168289,0.008101463632,0.087184640619,0.203895583626,0.416422935852,-0.169652310637,-0.131454466776,0.424983178515,0.220544454392,0.207989215656,0.749283162217,1.074836173676,-0.000085263216,0.747173300539,1.546017049875,0.200234790962,0.784915665386,1.165966818555,0.047570044058,0.780567778600,1.633730873074,0.196688654684,0.920424624462,0.352969049259,-0.018926822235,0.910789497372,0.852304859964,0.567879408598,0.529588460922,-0.000379212201,-0.388331356326
655,1,0.207203698922,-0.008437296711,-0.089986731102,-0.207203698922,0.008437296711,0.089986731102,0.213208048841,0.434212917585,-0.181184869298,-0.136078893650,0.442274306634,0.227633795690,0.216987310562,0.780795936165,0.940921726187,0.000027714479,0.778759002047,1.424838399447,0.208786468020,0.817763046376,1.017690032452,0.049786899112,0.813730990157,1.493125434292,0.209188488167,0.959646761715,0.283921682580,-0.021356168880,0.949556128113,0.786859980349,0.567857682705,0.530046373606,-0.000380881131,-0.372065572234
656,1,0.213981698694,-0.008242102330,-0.094449258308,-0.213981698694,0.008242102330,0.094449258308,0.220393980269,0.449697560278,-0.191159726207,-0.140502821848,0.457009886749,0.234198526512,0.224602278149,0.804476409084,1.094937907225,-0.000271719479,0.801324595629,1.584250113755,0.215803734740,0.843900826855,1.193329095921,0.051382310896,0.837687635078,1.676145459476,0.217066017064,0.991120113651,0.418703113060,-0.021955447391,0.980582929965,0.928912750459,0.567827910185,0.530358105898,-0.000381886959,-0.359861648446
657,1,0.242638180304,-0.009309836604,-0.105540541857,-0.242638180304,0.009309836604,0.105540541857,0.250131850765,0.509846992031,-0.202654016902,-0.159551985726,0.518822857792,0.260616376243,0.254576087404,0.912179993086,1.202236218579,-0.001228193278,0.907502146004,1.754538478682,0.244012121689,0.956795452977,1.310265543290,0.058094387769,0.948442423103,1.849825791482,0.246426879353,1.124754407594,0.425595482128,-0.025051008167,1.112167634802,0.998189430969,0.567792296410,0.530493140221,-0.000384870917,-0.317145811394
658,1,0.240269889542,-0.009282985979,-0.104276659733,-0.240269889542,0.009282985979,0.104276659733,0.248016588030,0.505134995182,-0.211334855621,-0.158151776131,0.515145162206,0.235014636806,0.251967161275,0.903521097783,1.215258152548,-0.001299820989,0.898557163167,1.759009430985,0.240480288871,0.947602550162,1.328197440260,0.057477186662,0.939015837008,1.863744168926,0.244438496075,1.114478264498,0.487550597772,-0.024951126114,1.101795281217,1.056253793648,0.567771971226,0.530529409647,-0.000384064391,-0.320121023446
659,1,0.210831578888,-0.008186275113,-0.094987061841,-0.210831578888,0.008186275113,0.094987061841,0.217056680503,0.443002958577,-0.156046625090,-0.139001599791,0.452002253885,0.226115982063,0.219969220670,0.792831648138,1.094415652251,-0.001482919124,0.789066828394,1.541795338252,0.209694525949,0.831553805997,1.184982967648,0.049945566586,0.824646929693,1.624994704052,0.213874629977,0.977282513296,0.394465133682,-0.024230834009,0.966239118225,0.913500253686,0.567654535174,0.530398994684,-0.000376595184,-0.365133529858
660,1,0.258660184564,-0.009545377834,-0.100022121198,-0.258660184564,0.009545377834,0.100022121198,0.266174492471,0.542733224193,-0.197571338414,-0.169868836242,0.552301931546,0.275436386611,0.269699953261,0.975231667537,0.816602728217,-0.002040481836,0.966382070079,1.430167576165,0.256600678656,1.019895581103,0.880040796854,0.061072775816,1.009808017237,1.486316822204,0.262764577882,1.197512120569,0.107840363676,-0.029847065704,1.183330977068,0.759856977416,0.567619234324,0.530988544226,-0.000383310020,-0.297646132981
661,1,0.175272969385,-0.006465500293,-0.073636649217,-0.175272969385,0.006465500293,0.073636649217,0.180466467825,0.365330499532,-0.043752654114,-0.115245044604,0.373488200817,0.269180298307,0.182915977637,0.660503899105,1.181862077739,-0.001357501177,0.653892856493,1.679877617182,0.174571936023,0.691500068498,1.273235636400,0.041832996579,0.684186566970,1.779316962808,0.178630014301,0.812004492521,0.514901571086,-0.019721357579,0.802202380260,1.067402004500,0.567638948560,0.530971348286,-0.000357598066,-0.439021307706
662,1,0.190664870018,-0.006632822949,-0.081793290936,-0.190664870018,0.006632822949,0.081793290936,0.196388519136,0.402116357518,-0.142216925503,-0.125644481625,0.405524505251,0.225438376077,0.198581631735,0.715986417313,1.132694064083,-0.001876443605,0.710417912026,1.598005453931,0.189486794968,0.749605487837,1.227095728324,0.045269132819,0.742944409973,1.687748671988,0.193942440206,0.879931322046,0.461535914381,-0.021919433025,0.870094480217,0.969218500790,0.567480042577,0.531658500433,-0.000351885334,-0.403975354707
663,1,0.197912856996,-0.006891394889,-0.084936027675,-0.197912856996,0.006891394889,0.084936027675,0.205723405640,0.420163040615,-0.195661712080,-0.130072772421,0.421041086219,0.151265617364,0.206231018578,0.742664521205,1.127119444156,-0.001801409690,0.736309216409,1.581148252051,0.196327399062,0.777502186217,1.226737583743,0.047077789140,0.769907206573,1.672696333440,0.201445019350,0.912835424008,0.462822445142,-0.020727387954,0.902748693326,0.944406038834,0.567546606064,0.531755417585,-0.000353163108,-0.389310801574
664,1,0.199929041124,-0.006197156856,-0.091773633936,-0.199929041124,0.006197156856,0.091773633936,0.212149878873,0.431367688341,-0.174657174386,-0.130459207427,0.424864615226,0.170048799716,0.208711367779,0.746954171752,1.398056732445,-0.002046730957,0.740590095384,1.898737516753,0.198434170448,0.780543098217,1.525115803296,0.047251604777,0.774413819906,2.027180230028,0.202872733054,0.918787627607,0.748237298008,-0.020442279362,0.908289285063,1.284653359215,0.567609474063,0.532276451588,-0.000344928354,-0.386367206937
665,1,0.211520302944,-0.006434494265,-0.097824939447,-0.211520302944,0.006434494265,0.097824939447,0.228280060109,0.456961679522,-0.216192855820,-0.138256860314,0.450179553360,0.170973990297,0.221107143808,0.789387026316,1.333646409558,-0.003633817999,0.782970562243,1.853757491288,0.210193084991,0.825537643361,1.447296585396,0.048786885559,0.819359243093,1.970484792741,0.214999885294,0.972294597136,0.645257707911,-0.021010191422,0.961123546892,1.205409563436,0.567515119910,0.532117158175,-0.000347793102,-0.365293567399
666,1,0.265935162904,-0.008882463255,-0.113894182971,-0.265935162904,0.008882463255,0.113894182971,0.293477745783,0.576695146085,-0.403520456949,-0.174362757788,0.567684197977,0.170520385713,0.275985260442,0.990459612546,1.176334040714,-0.006683671423,0.984446849273,1.779074624000,0.262367915169,1.029910610177,1.305878638126,0.059449552376,1.029747288920,1.887103951128,0.266864270282,1.222142598765,0.561391699664,-0.027303748593,1.209222596326,1.124713252842,0.567234396935,0.531809508801,-0.000371748582,-0.290867843564
667,1,0.255117319595,-0.009168552062,-0.103033667458,-0.255117319595,0.009168552062,0.103033667458,0.291694830574,0.556208589393,-0.380687138160,-0.167436677547,0.547367275041,0.128454153653,0.264440842789,0.951185881441,1.348859064368,-0.006517680935,0.946446732548,1.824716350266,0.249323541541,0.989099465665,1.505430221565,0.056943243232,0.990059362949,1.965562605385,0.254629312848,1.175145601485,0.667017088273,-0.022446001049,1.162316507469,1.146900822916,0.567213341594,0.530925810337,-0.000370848924,-0.303271079225
668,1,0.196237129839,-0.008378227459,-0.078533156763,-0.196237129839,0.008378227459,0.078533156763,0.223282104327,0.430479988253,-0.321517188360,-0.129558594989,0.426763032976,0.087032135822,0.201010152831,0.736319846007,1.080359085642,-0.006902680591,0.733015150449,1.516021724520,0.188576183152,0.763957490841,1.202728328379,0.040629616539,0.766141068581,1.629859251640,0.190262823239,0.907995561589,0.500380164627,-0.018842871119,0.898018154469,0.921221645508,0.566724956036,0.527555018663,-0.000365975313,-0.396294675850
669,1,0.192426025366,-0.008325163247,-0.070759693751,-0.192426025366,0.008325163247,0.070759693751,0.218704928913,0.421203116524,-0.319721435744,-0.126885668455,0.421718704163,0.043557185625,0.197078253112,0.727290606458,1.067996550318,-0.006740482971,0.724909735350,1.482373289447,0.184636642871,0.751042865262,1.185232453692,0.038790710648,0.756512103381,1.596773166015,0.185373691467,0.895970453064,0.483625127667,-0.016480932813,0.886562231505,0.866799012858,0.566746011376,0.524916648865,-0.000350601040,-0.404387210958
670,1,0.170975535371,-0.008140454099,-0.062787083951,-0.170975535371,0.008140454099,0.062787083951,0.193004440975,0.370576739310,-0.270864209505,-0.113407372793,0.374497666453,0.049402270580,0.174306448620,0.645546600297,1.025727986560,-0.006470620711,0.645821748495,1.417441098277,0.163709388840,0.664853093474,1.130525285028,0.033726231551,0.672923454027,1.515743213896,0.162552551367,0.796114331126,0.430366862808,-0.015176591892,0.788845114328,0.803219258010,0.566487342119,0.524042278528,-0.000349522568,-0.456217350900
671,1,0.177319544735,-0.008647647617,-0.063286478281,-0.177319544735,0.008647647617,0.063286478281,0.197692081024,0.385136752407,-0.306733736852,-0.117250240163,0.392062693364,0.023314518278,0.181799419780,0.674348146583,0.967530312179,-0.003002734373,0.676247830152,1.277589772582,0.171894835621,0.694287380154,1.069800851735,0.037202723045,0.703828025219,1.361897095958,0.167592328439,0.831037799065,0.374205375136,-0.011509489243,0.823830613989,0.668673516947,0.566657543182,0.521116614342,-0.000350739807,-0.440394815115
672,1,0.229184584128,-0.011983789936,-0.077886785095,-0.229184584128,0.011983789936,0.077886785095,0.253720228187,0.490671438913,-0.431497001976,-0.151332133392,0.505032443543,0.046143813044,0.234990774194,0.867702383369,0.817837069926,-0.003341074178,0.870128543541,1.414366585019,0.222224990816,0.890821574952,0.913658007702,0.048540958189,0.900002560100,1.498356938313,0.215145520343,1.071706438409,0.163069099287,-0.014294217173,1.062103527535,0.752806153299,0.566850468516,0.521011084318,-0.000361117534,-0.341586260558
673,1,0.226932483314,-0.012518105658,-0.077189230469,-0.226932483314,0.012518105658,0.077189230469,0.247855694062,0.484786219572,-0.430741382508,-0.150248356332,0.500642705509,0.051384438443,0.234320478287,0.861366534192,0.892282737963,-0.003351333796,0.864406983591,1.455450167897,0.225310012191,0.883657808999,0.994309124678,0.048147011934,0.893581066226,1.542801602096,0.215840818897,1.064937609522,0.184417878957,-0.014513638057,1.056839934557,0.744524047508,0.566831648350,0.520133137703,-0.000361965038,-0.345106932855
674,1,0.220092613579,-0.012837921916,-0.074850721010,-0.220092613579,0.012837921916,0.074850721010,0.237197936162,0.469521985961,-0.432668038241,-0.145400679412,0.487675734093,0.049110542639,0.229477833339,0.835202243853,0.921183415183,-0.002129852286,0.840025185418,1.464354849138,0.221209049180,0.856358974541,1.008482137475,0.047876357318,0.868245592273,1.553921158710,0.208252507027,1.033090077634,0.186019460289,-0.013165549672,1.026548230126,0.770943774618,0.567166015506,0.519179821014,-0.000362123363,-0.356260400819
675,1,0.181654577798,-0.010432577909,-0.063953384957,-0.181654577798,0.010432577909,0.063953384957,0.192856429253,0.387039501623,-0.346697016496,-0.119924120312,0.401908396206,0.042454432637,0.189880593418,0.687810203671,0.909213900958,-0.001805946438,0.692676264364,1.412191657468,0.184499958092,0.705419354849,1.006530283135,0.039183322506,0.715978660998,1.507529809064,0.172304573805,0.851916095398,0.197210872564,-0.011763914665,0.846614216565,0.771843457309,0.567195296288,0.519396901131,-0.000348958187,-0.431766937604
676,1,0.188628779447,-0.010953747224,-0.069888871901,-0.188628779447,0.010953747224,0.069888871901,0.196056198235,0.400796660588,-0.374938271950,-0.123597095538,0.419570277449,0.066850170807,0.198846824559,0.714306594648,0.807249657799,0.000010169347,0.721524539214,1.325179290096,0.195443817357,0.732310062524,0.897748322392,0.042949162112,0.745647089278,1.402404020855,0.180067048797,0.886217684057,0.179954608585,-0.012758949517,0.881091903564,0.710712048335,0.567880392075,0.518266052008,-0.000346405432,-0.416145682661
677,1,0.178429411277,-0.010150739086,-0.071412363573,-0.178429411277,0.010150739086,0.071412363573,0.181850375600,0.380277785855,-0.345595234705,-0.117448311182,0.398606276764,0.077255430168,0.189062899685,0.678371292479,0.883963086491,-0.000000846572,0.684563189141,1.404445348535,0.187773197760,0.696193194595,0.977871442276,0.040776029563,0.707199987472,1.494492725640,0.170856924701,0.841414728436,0.176304951086,-0.012691302204,0.836292221754,0.772612973362,0.568065330386,0.516679167747,-0.000330438837,-0.440044024520
678,1,0.167212629536,-0.009567542612,-0.066670898797,-0.167212629536,0.009567542612,0.066670898797,0.167313909544,0.355142401329,-0.281829832550,-0.110265665905,0.371888544350,0.088182737016,0.176311688808,0.633844095974,0.899844951150,0.000939530330,0.640567569344,1.345357984946,0.174117773922,0.651255142251,0.989683547072,0.039181975374,0.661357569908,1.430300515352,0.159956360020,0.787725649429,0.247847822061,-0.011135072295,0.783019927029,0.745621704266,0.568402245641,0.516043066978,-0.000328923576,-0.470810740274
679,1,0.194508351602,-0.010901596522,-0.077871105757,-0.194508351602,0.010901596522,0.077871105757,0.190272464396,0.412184589852,-0.327235174399,-0.128221469437,0.431923246420,0.124589045088,0.205310191110,0.735665198208,1.026133654938,0.001165363356,0.744200340745,1.528900701594,0.203064959908,0.755748630310,1.129599322182,0.045087119816,0.768427254329,1.614492955255,0.186457879659,0.914551358730,0.297101269021,-0.012046964368,0.909586591052,0.852576150983,0.568775132298,0.515917271376,-0.000332294032,-0.405402583867
680,1,0.174722443494,-0.009778470373,-0.069883006795,-0.174722443494,0.009778470373,0.069883006795,0.169095495776,0.370776364696,-0.276118986537,-0.116182990201,0.388340326353,0.113403057919,0.184527913815,0.661203126931,0.980304410116,0.000739197859,0.668835068385,1.449261631819,0.182621413779,0.679490079875,1.076618111755,0.040242037044,0.690621056230,1.540340314090,0.167850923575,0.821941940580,0.318684698404,-0.011271884399,0.817246061994,0.823995106367,0.568878218532,0.515673279762,-0.000331393443,-0.451450854553
681,1,0.168911822812,-0.009323493994,-0.067774721835,-0.168911822812,0.009323493994,0.067774721835,0.162434052097,0.358961032632,-0.217441272092,-0.112371328985,0.374263221301,0.149002149292,0.178769963589,0.639776144980,0.977688633643,0.001081586866,0.647038324012,1.439270492700,0.177121192610,0.657554491599,1.067872472373,0.040168021742,0.668107315571,1.526570163650,0.162279763202,0.795472542811,0.329017599767,-0.010455084256,0.790314848978,0.820557591762,0.569046095014,0.515594720840,-0.000329470262,-0.466672672496
682,1,0.172799678687,-0.009691792644,-0.071166384985,-0.172799678687,0.009691792644,0.071166384985,0.166431436473,0.367635009322,-0.149866293151,-0.115188725161,0.382043076421,0.241068058726,0.183189696760,0.653927442629,1.083136916879,0.001642912209,0.660904073983,1.556804247700,0.181815933814,0.672235346226,1.177636128706,0.041922523146,0.682305510493,1.646571231611,0.166027500083,0.813395357046,0.450804836841,-0.009881370753,0.807562013440,0.944426219929,0.569276019931,0.516067653894,-0.000326719135,-0.455811242800
683,1,0.253515897478,-0.014361507967,-0.095752799699,-0.253515897478,0.014361507967,0.095752799699,0.244556761590,0.540395444000,-0.274220631962,-0.168977160954,0.559248171842,0.330592989972,0.268479757513,0.956718445541,1.014695410456,0.003014925060,0.967200771668,1.604860134109,0.266139877223,0.983426972137,1.116006309927,0.061961802314,0.998562014857,1.685333066102,0.243356181183,1.190641262054,0.293335270510,-0.014277882589,1.181762970425,0.864857049023,0.569386243820,0.516885638237,-0.000359811820,-0.310762421118
684,1,0.249514836186,-0.013970516815,-0.096098201407,-0.249514836186,0.013970516815,0.096098201407,0.242550221722,0.536759241809,-0.327593473536,-0.165355385468,0.551297868599,0.288955387550,0.265826291109,0.943246699869,1.015223380933,0.004010546525,0.952701531296,1.681893019388,0.263896720177,0.971168648481,1.109231362440,0.061610832312,0.983928022478,1.779603966842,0.238431070105,1.171434736739,0.331826786866,-0.012986646331,1.163395975875,0.906452476430,0.569938734174,0.516956359148,-0.000356820412,-0.315434286562
685,1,0.226109305650,-0.012393447284,-0.089408776666,-0.226109305650,0.012393447284,0.089408776666,0.219999350451,0.485984604230,-0.300180571069,-0.150115232801,0.497921028201,0.247379783220,0.241370267849,0.853748084057,0.951594968559,0.003697235468,0.862127901710,1.602110364643,0.239778356159,0.879249179314,1.040925329584,0.056122514136,0.890620344376,1.699460357876,0.214941500109,1.060107006873,0.317515122292,-0.013596293563,1.053503864132,0.870303350223,0.570043057203,0.517532616854,-0.000357395969,-0.347762972060
686,1,0.215075622530,-0.011140536283,-0.091065353908,-0.215075622530,0.011140536283,0.091065353908,0.209834241213,0.459334820166,-0.256540326768,-0.142560749297,0.468499750716,0.257762493627,0.231938977239,0.811168569246,1.021401163966,0.003209431122,0.814728429463,1.682803298397,0.230182874187,0.838065562887,1.107545195334,0.053725402894,0.842438480621,1.779487456855,0.205799961445,1.003949696090,0.305733703084,-0.012940091074,0.996452985919,0.935850197835,0.570185765624,0.519530028105,-0.000357130542,-0.365226732818
687,1,0.213642381798,-0.010423638993,-0.094094495294,-0.213642381798,0.010423638993,0.094094495294,0.209328080664,0.455453075866,-0.181977637121,-0.141640896535,0.463011355754,0.276266724502,0.231069592072,0.803856961727,1.239424597889,0.002995864464,0.807120812334,1.795455209286,0.228890420246,0.832650061304,1.343932137233,0.053349195477,0.835638139246,1.897698411717,0.204541234956,0.994473785920,0.452807848236,-0.012948013308,0.985837397129,1.019645138747,0.570160329342,0.520528584719,-0.000357136130,-0.367432703658
688,1,0.200005570137,-0.009517573337,-0.088580498380,-0.200005570137,0.009517573337,0.088580498380,0.198087370396,0.433343440653,-0.151360247669,-0.132600622274,0.434117910752,0.182217383732,0.218896074923,0.755683105707,1.506008563342,0.002202113716,0.757014664152,1.856263274954,0.215685466779,0.783076557926,1.640506020403,0.049904993172,0.784165447043,1.984514396071,0.192868608813,0.933155122514,0.780761568887,-0.011398946142,0.923982892158,1.143675378151,0.570367917418,0.521049261093,-0.000354873016,-0.391274000674
689,1,0.196796995678,-0.008446586930,-0.091625856312,-0.196796995678,0.008446586930,0.091625856312,0.195791265745,0.425372852948,-0.100113970651,-0.130720374119,0.424610795467,0.227503604756,0.215015972611,0.741140112139,1.445149265956,0.001972397298,0.741941757021,1.868766252696,0.210831329346,0.768908425060,1.565358210267,0.049123991620,0.768810206317,1.986295849691,0.189764908593,0.915258999973,0.718572894004,-0.011340665909,0.905616468644,1.164409809402,0.570343941450,0.522315591574,-0.000348240137,-0.397490757021
690,1,0.224006938291,-0.009332423479,-0.104324758100,-0.224006938291,0.009332423479,0.104324758100,0.223960915708,0.487010117385,-0.147006060835,-0.148768126993,0.484089092231,0.179945230237,0.245046687139,0.845590759357,1.587494566157,0.001943280078,0.844146896879,1.888239422400,0.238545463661,0.877405940309,1.706586665753,0.055647962650,0.874822186403,2.009093700223,0.216756118794,1.041442891653,0.712198961924,-0.012252167856,1.029753326391,1.149046214447,0.570390731096,0.522621810436,-0.000348852947,-0.349034121688
691,1,0.229650659723,-0.009200000319,-0.116385083731,-0.229650659723,0.009200000319,0.116385083731,0.231040519135,0.498614823564,-0.142264108747,-0.152814367865,0.496176569002,0.194011668694,0.251064708816,0.865975006928,1.630530753368,0.001444083727,0.864087755498,2.070608283072,0.243021114277,0.898601225173,1.769258975805,0.056668964001,0.895760712044,2.210761930465,0.222829083260,1.066458679360,0.858951255458,-0.012793346663,1.052012586099,1.365487822154,0.570337325335,0.523182123899,-0.000355305150,-0.340209695177
692,1,0.221093458172,-0.008729356275,-0.112018864750,-0.221093458172,0.008729356275,0.112018864750,0.222769100010,0.478732938847,-0.099507595384,-0.147181254986,0.476433325926,0.202535445536,0.241223333507,0.831562154623,1.696814221312,0.001219825104,0.830307299120,2.105560216481,0.232409752518,0.863632801241,1.842024373488,0.054685403953,0.860949582265,2.247406775862,0.214724838859,1.025042932248,0.958919307293,-0.011339184246,1.010393564973,1.392377963379,0.570431545377,0.523574829102,-0.000355312601,-0.353489119110
693,1,0.265003578422,-0.009874997196,-0.129116432077,-0.265003578422,0.009874997196,0.129116432077,0.267347661275,0.571481801508,-0.133202927451,-0.176402137252,0.568917234614,0.252722910370,0.286533410531,0.993671352849,1.521609627705,0.000477193347,0.988685503374,2.139900938878,0.275057630485,1.032559604518,1.654121041620,0.065666907458,1.025023738883,2.269567179033,0.255465066953,1.225421704019,0.884133274603,-0.014787537243,1.205980912728,1.572539016069,0.570502117276,0.524243146181,-0.000373974442,-0.294935937926
694,1,0.257547311754,-0.009620560415,-0.126010491327,-0.257547311754,0.009620560415,0.126010491327,0.260061479372,0.553296901771,-0.096859517435,-0.171700844674,0.552438635600,0.265746018746,0.272348128577,0.961976248537,1.761957287689,-0.000709342152,0.955149819139,2.342482865528,0.258257489177,1.000740124141,1.915238869686,0.063399426316,0.991759480064,2.501432109498,0.248135470979,1.188416816293,1.037497800113,-0.017125869118,1.168396829230,1.673585155722,0.570463582873,0.524973511696,-0.000376440585,-0.303278274903
695,1,0.248159891651,-0.009484802867,-0.125354811820,-0.248159891651,0.009484802867,0.125354811820,0.250782966346,0.531605947500,-0.076666880728,-0.166532425020,0.531750688487,0.298447935061,0.256599068938,0.921282829325,1.757775338254,-0.004043689456,0.915375386255,2.321189018628,0.242913742263,0.964555641814,1.906337638631,0.057073808648,0.954947344344,2.472771340638,0.237356864517,1.142843150097,1.021399498674,-0.017453571947,1.124119964470,1.632097100043,0.570348426700,0.525201439857,-0.000375095755,-0.314205015737
696,1,0.239439072949,-0.009139110515,-0.122851862623,-0.239439072949,0.009139110515,0.122851862623,0.242213991948,0.500905524888,-0.080835993158,-0.160872868159,0.510839483996,0.302563249102,0.244696337070,0.881174461316,1.677640074346,-0.005030164523,0.877134469355,2.232689806288,0.231747172936,0.927101692110,1.818121321627,0.054315905340,0.918475020849,2.374703975856,0.228780776010,1.098399622258,0.936296421423,-0.017523023294,1.083290173199,1.533234765785,0.570378273726,0.524754106998,-0.000372659415,-0.325450860237
697,1,0.236706017717,-0.009749391770,-0.121422418758,-0.236706017717,0.009749391770,0.121422418758,0.238812758906,0.497084655695,-0.101984687719,-0.159640474625,0.507658097809,0.267561194159,0.235541087143,0.875414822378,1.528477656949,-0.006426488406,0.871223787770,1.962319164114,0.220438717193,0.920484872931,1.655694049580,0.052098102952,0.912217395952,2.078507547316,0.224069100677,1.088107249091,0.788862149640,-0.019851702289,1.073767650698,1.225278904648,0.570111662149,0.523411750793,-0.000373376533,-0.329252144161
698,1,0.280356837342,-0.011470253236,-0.109679391973,-0.280356837342,0.011470253236,0.109679391973,0.281709204638,0.591729819528,-0.130948554177,-0.190772306493,0.600416166301,0.316816535155,0.277322416896,1.040357178634,1.084727269048,-0.009401042112,1.035403189420,1.589029534684,0.258842069113,1.090970456581,1.176769995213,0.059816229242,1.082168735872,1.658097700803,0.264131652530,1.291379924283,0.440633044454,-0.027906204959,1.273300592237,0.922264546591,0.569632023573,0.522994488478,-0.000375271775,-0.277425694739
699,1,0.222611951419,-0.008844139345,-0.089069930583,-0.222611951419,0.008844139345,0.089069930583,0.223880870901,0.469043202651,0.037824459104,-0.151878454292,0.474111886465,0.250357458653,0.219556974672,0.826322208669,1.814076246936,-0.009695672425,0.821237489574,2.016684399627,0.204817993410,0.866559673572,1.960951224710,0.045472855925,0.858342786622,2.157871117656,0.209166454323,1.022185820183,1.116971272619,-0.023089054861,1.006064734245,1.326748219057,0.569461300969,0.522736787796,-0.000372609124,-0.349406843101
700,1,0.221520969410,-0.008555483765,-0.089868478168,-0.221520969410,0.008555483765,0.089868478168,0.221788612745,0.466755937945,0.028098785579,-0.153716006300,0.472503548775,0.256030861919,0.214340879729,0.823669469075,1.676328431664,-0.013350774351,0.819036840298,1.981115658511,0.198647588146,0.863692271393,1.807293478428,0.042308830302,0.856110971933,2.116801300742,0.206222166746,1.020332532090,0.984854096757,-0.028369427778,1.004044401919,1.317401280038,0.568616896868,0.522251218557,-0.000381634571,-0.350309887015
701,1,0.231377927878,-0.008284185811,-0.096786920897,-0.231377927878,0.008284185811,0.096786920897,0.231115619788,0.489100874171,-0.127721808316,-0.160572711124,0.494719906608,0.227026423235,0.221635081380,0.854586681601,1.695735782953,-0.016630057162,0.852384681237,2.099932536195,0.205080140929,0.894881438145,1.844888841557,0.041664602505,0.890809036115,2.244445525685,0.212803953404,1.063214563907,1.010329902969,-0.031839478970,1.048553418486,1.421268836919,0.568268790841,0.521921843290,-0.000379858539,-0.335052757031
702,1,0.268984949765,-0.008711064864,-0.102966113933,-0.268984949765,0.008711064864,0.102966113933,0.268566349969,0.563427444811,-0.137814760806,-0.186856022354,0.577055113074,0.267341495807,0.255923744392,0.989850297509,1.461207037352,-0.021346619467,0.989895299321,1.955767401841,0.235883940191,1.042464880429,1.578566472483,0.045814332284,1.037846906560,2.062685898341,0.246637921373,1.234789348668,0.754640807705,-0.037774769099,1.222008212170,1.236903079329,0.567862033844,0.520727992058,-0.000389186665,-0.287415275045
703,1,0.225306706733,-0.007834916330,-0.089702747841,-0.225306706733,0.007834916330,0.089702747841,0.225048655468,0.467457605434,-0.095776587098,-0.157764570423,0.481238308081,0.264123340607,0.213143693382,0.829644379883,1.552816315086,-0.020029186226,0.829036463965,2.064711426412,0.196307152529,0.874947852956,1.683227147146,0.035432186227,0.870027490028,2.194300285205,0.207159477599,1.035292110054,0.806682036850,-0.032933140573,1.025466338650,1.333863381718,0.567412808537,0.519727587700,-0.000385568477,-0.342774110997
704,1,0.237844784213,-0.007616591416,-0.098366459372,-0.237844784213,0.007616591416,0.098366459372,0.237252282586,0.492873677976,-0.062394094043,-0.167161830665,0.508340663219,0.298006353584,0.224397653284,0.880618432974,1.466655088139,-0.023045620529,0.881394833432,1.878133912509,0.206851444090,0.929611617786,1.574057702795,0.035995369915,0.925092540694,1.972593578636,0.215853112600,1.095906339276,0.700345998887,-0.036133776530,1.086390470889,1.102335514972,0.567190319300,0.518058240414,-0.000396929681,-0.324278556537
705,1,0.238977658310,-0.007312067839,-0.099167160816,-0.238977658310,0.007312067839,0.099167160816,0.237437732307,0.496466963602,-0.072985043148,-0.170377770586,0.507643316665,0.247757370193,0.222427785625,0.889281920846,1.458821820339,-0.026294411620,0.889158785753,1.820719546443,0.204797162862,0.937208937930,1.573802163120,0.032832184609,0.933019948414,1.923306563277,0.213598833530,1.104550082827,0.698835434214,-0.039918535499,1.092897779448,1.046377967907,0.566356092691,0.516078919172,-0.000393211842,-0.323351382770
706,1,0.283708100503,-0.009514757679,-0.102028893015,-0.283708100503,0.009514757679,0.102028893015,0.281509876978,0.595779679629,-0.125165088848,-0.201187880054,0.609994435001,0.281697460763,0.263044865071,1.063686789213,1.125448011230,-0.032642589990,1.064794332938,1.625768459985,0.242245951701,1.120216416640,1.214556112882,0.037474104394,1.116840565548,1.698931830413,0.249578145213,1.318228239306,0.372063321000,-0.050296271913,1.303388642675,0.854342682967,0.566054895520,0.513810336590,-0.000388875604,-0.272152405251
707,1,0.270892251848,-0.007865380877,-0.094339613176,-0.270892251848,0.007865380877,0.094339613176,0.268168539238,0.571289266269,-0.163624522770,-0.191196132563,0.582042467775,0.287938763492,0.250351589537,1.017423656057,1.148051798764,-0.031554441447,1.018093041284,1.719396324831,0.229780111271,1.070255783452,1.248571147001,0.035424403136,1.066362735912,1.805869133851,0.236824743127,1.259721469546,0.400088314433,-0.049471778040,1.243181971771,0.956985354365,0.565954282880,0.513141006231,-0.000391196460,-0.285296529099
708,1,0.257462369429,-0.007843764132,-0.099152627059,-0.257462369429,0.007843764132,0.099152627059,0.252376252963,0.540334407392,-0.226473257944,-0.183963952412,0.549872089955,0.254826778796,0.235013539479,0.965969226690,1.222452011466,-0.033237326068,0.962322098392,1.708534840278,0.215548246026,1.014731082258,1.334044067044,0.029380960683,1.007187445980,1.816440120550,0.223177222490,1.194003158144,0.440590457593,-0.051036255761,1.179892391402,0.931174064352,0.565187618136,0.512689411640,-0.000394744799,-0.300676632401
709,1,0.222976675686,-0.006534905152,-0.088645676633,-0.222976675686,0.006534905152,0.088645676633,0.218760147486,0.471873660243,-0.122427356987,-0.159586900718,0.478166729286,0.189331906658,0.203103473146,0.838227941436,1.568014549441,-0.029280481050,0.834238720265,1.926291865654,0.186082440804,0.879490357166,1.702674191022,0.024775262606,0.872341361957,2.062247088525,0.193975771966,1.034427092522,0.829185289644,-0.044901219559,1.020988810990,1.201387138735,0.564904034138,0.511717647314,-0.000395097770,-0.346655977252
710,1,0.290995422138,-0.008153733949,-0.089679108797,-0.290995422138,0.008153733949,0.089679108797,0.285367006334,0.617563311387,-0.136934915224,-0.206374722796,0.625812145691,0.247781724235,0.261012792385,1.092088960504,1.192651634820,-0.038484915474,1.089996079820,1.599134774493,0.240128844210,1.144987187047,1.283424474797,0.031494815110,1.139848179201,1.668175501221,0.252416191336,1.346057822136,0.557287791180,-0.057506332174,1.332949898010,0.910001156660,0.564841926098,0.511323273182,-0.000390855595,-0.265744217925
711,1,0.258952484199,-0.007606817068,-0.081352577826,-0.258952484199,0.007606817068,0.081352577826,0.254836002828,0.542945309016,-0.089190683250,-0.183994557485,0.551137572789,0.284734614670,0.231748315005,0.967026383007,1.191933935563,-0.034887695841,0.968262713977,1.636242996214,0.213728347227,1.018813627920,1.286784980204,0.027431405111,1.014894955513,1.720201978979,0.225602471261,1.194328934042,0.472647021605,-0.051399706925,1.184803978503,0.897879387663,0.564803332090,0.511015862226,-0.000391112641,-0.298763027698
712,1,0.258277042468,-0.007622106469,-0.083878770640,-0.258277042468,0.007622106469,0.083878770640,0.254293182234,0.540776703073,-0.091630575599,-0.183774400418,0.547040919494,0.301126738384,0.230800580427,0.960670956857,1.240610910681,-0.035496546758,0.961878566977,1.751814393638,0.212534557387,1.013206074811,1.346075693562,0.027089921378,1.009274926929,1.842956037319,0.224798732273,1.189711093953,0.514821464775,-0.052326108510,1.179653179591,0.998318192393,0.564769670367,0.510735780001,-0.000391297042,-0.299649524738
713,1,0.259134814102,-0.007671573036,-0.085170729153,-0.259134814102,0.007671573036,0.085170729153,0.255082572112,0.540685216124,-0.080511717179,-0.184742176259,0.549274592288,0.306753936048,0.231301603627,0.967945869227,1.231016856122,-0.036314683162,0.967035748546,1.735686755133,0.213127625055,1.021644386175,1.326700950148,0.026242394953,1.016157920903,1.821219741026,0.223749357968,1.197755431666,0.482192268462,-0.052476758256,1.185423805285,0.978331157960,0.564744517207,0.509087473154,-0.000391368754,-0.298704106713
714,1,0.287721182519,-0.008377221569,-0.095420415142,-0.287721182519,0.008377221569,0.095420415142,0.282814198177,0.603945345218,-0.080730520557,-0.203194591508,0.613121695058,0.338952789624,0.256723446613,1.077755298939,1.339820960003,-0.039893493577,1.076803744759,1.851151836007,0.236682209055,1.136320744718,1.442531651689,0.029519669850,1.130114706142,1.942545236335,0.247393563118,1.332651739372,0.540103810526,-0.058358518746,1.317521695592,1.054761027497,0.564722001553,0.508286952972,-0.000391184352,-0.269035599639
715,1,0.280952734326,-0.009103194583,-0.091389985905,-0.280952734326,0.009103194583,0.091389985905,0.276015696397,0.593040999800,-0.104695796828,-0.198668191723,0.600637491563,0.313472005614,0.250534737393,1.054227323797,1.293786461157,-0.039194454288,1.052472822252,1.805278523479,0.230909835785,1.110368992634,1.398538665334,0.028616478556,1.104836480300,1.897885343828,0.244282202037,1.303721036020,0.518108115839,-0.057194164167,1.287709126398,1.021424172828,0.564671382308,0.507570087910,-0.000393179245,-0.275414323004
716,1,0.294866856691,-0.009626885068,-0.092930141351,-0.294866856691,0.009626885068,0.092930141351,0.289547881892,0.625747756834,-0.060805400679,-0.207598106104,0.633085677307,0.378897785539,0.262735969536,1.109597331064,1.144044145625,-0.041637087978,1.107841923855,1.654817164237,0.242189064580,1.167757701016,1.224083551767,0.029440532330,1.161765213762,1.717102741130,0.254339688589,1.371001112519,0.433262456900,-0.061298558261,1.352955662836,0.932136253330,0.564544662833,0.507018536329,-0.000389819033,-0.262131689558
717,1,0.294616973439,-0.009256602115,-0.068087995119,-0.294616973439,0.009256602115,0.068087995119,0.289280722305,0.628984175783,-0.123081329163,-0.207735466892,0.636244741728,0.272826125734,0.262318491666,1.106532959756,1.146879976310,-0.041710177069,1.105030107398,1.614146690464,0.241792201813,1.160355578973,1.246152910871,0.029490152879,1.156926365871,1.695473371903,0.252753294471,1.368160891787,0.468822135655,-0.062231806740,1.353242848657,0.924488743691,0.564487114549,0.506225258112,-0.000392720103,-0.262198947593
718,1,0.302948673406,-0.009495734252,-0.053721928343,-0.302948673406,0.009495734252,0.053721928343,0.297912677757,0.645955159849,-0.061765827971,-0.213274894974,0.654046136054,0.305969946431,0.270955536810,1.134041370772,1.165616238848,-0.042701640620,1.127915045363,1.681149584539,0.249126849793,1.186992263098,1.259789147085,0.030749975986,1.178076526302,1.763196782149,0.262674150316,1.405058449030,0.491750805392,-0.062144529958,1.385758630406,0.992432294613,0.564486399293,0.506533086300,-0.000390876085,-0.254965124526
719,1,0.254514373778,-0.008353465366,-0.053499117822,-0.254514373778,0.008353465366,0.053499117822,0.250594235534,0.538021168546,-0.029084821881,-0.179959543121,0.546708245978,0.262419504952,0.227645242300,0.951850432088,1.544969920949,-0.036663337289,0.947859858082,1.934613586817,0.209341767608,0.998606811438,1.668342826015,0.024068597683,0.991246912748,2.049438026532,0.224155577576,1.179306273899,0.752046539864,-0.052137200103,1.163860113854,1.134803513555,0.564474940300,0.506347537041,-0.000399759039,-0.303372381513
720,1,0.278278203345,-0.009412758855,-0.046786124144,-0.278278203345,0.009412758855,0.046786124144,0.274550608703,0.588449063614,-0.037359664449,-0.195630871996,0.597670627985,0.287808338544,0.245843309847,1.038059263159,1.097376291609,-0.038841518985,1.035260802856,1.434031237843,0.228836125749,1.089556171530,1.174333413184,0.027553744491,1.083328878095,1.486451590879,0.248668715583,1.284888443045,0.524507377690,-0.055606516247,1.268620701734,0.797887953448,0.564808323979,0.506271213293,-0.000394087285,-0.277612278125
721,1,0.261341576379,-0.008719960480,-0.056122120799,-0.261341576379,0.008719960480,0.056122120799,0.258703108285,0.552532349146,-0.027243573564,-0.185586162977,0.559953557760,0.248129106870,0.233189071367,0.966923589659,1.845869781364,-0.037757890990,0.964516782090,2.235969155667,0.216097448375,1.016091720059,2.003098264381,0.024734351939,1.009498274055,2.392791021995,0.235266146097,1.201883865162,1.119219221988,-0.051964654336,1.187778604642,1.533366391590,0.564892932773,0.506496071815,-0.000386036932,-0.295372429254
722,1,0.259309859850,-0.008936355926,-0.055275596697,-0.259309859850,0.008936355926,0.055275596697,0.257726363384,0.543613778683,-0.134421437371,-0.184659198186,0.552363189900,0.162351730970,0.232389921397,0.945181184322,1.684590666287,-0.035858786976,0.946497873300,2.144204055239,0.212938997382,0.988518258194,1.835451955975,0.025410621647,0.987481338206,2.295344715100,0.238020596341,1.176753534190,1.015430404169,-0.049381818884,1.169573660902,1.498127227321,0.565481513739,0.506417125463,-0.000382925384,-0.298908456134
723,1,0.256497766640,-0.009202661322,-0.051435702297,-0.256497766640,0.009202661322,0.051435702297,0.257141044370,0.533436113820,-0.105237228249,-0.181804116833,0.543407656909,0.129543061400,0.230462589343,0.898724547575,1.724657464279,-0.035430723502,0.930536427796,2.042549273608,0.210587817586,0.935666309302,1.875917012160,0.022289056570,0.968576732670,2.240246287813,0.239303105482,1.122764153974,1.134305889031,-0.047701726083,1.150855359113,1.373905926001,0.565796270967,0.506027430296,-0.000381065533,-0.302759084611
724,1,0.256549069653,-0.009424033655,-0.051600155925,-0.256549069653,0.009424033655,0.051600155925,0.257228675176,0.533901952641,-0.190582127437,-0.182062810033,0.545844842467,0.077525538614,0.230530097429,0.849297703748,1.654219439602,-0.041009420450,0.929317149721,1.674875003968,0.210114896943,0.877786279667,1.813545792733,0.015407767110,0.964344016416,1.801419459553,0.239826821789,1.069431104850,1.164903659581,-0.048946442222,1.149829234532,1.040425546900,0.565755575895,0.504891276360,-0.000382847153,-0.303151530794
725,1,0.251816492649,-0.011320382943,-0.029478943544,-0.251816492649,0.011320382943,0.029478943544,0.252396577231,0.519548784596,-0.179100595936,-0.181567101392,0.537036052423,0.072978260496,0.220695162317,0.776554722986,1.565437353130,-0.049366877082,0.920060565152,1.136331870817,0.193527497802,0.789258874490,1.703118609534,0.003096470460,0.957491123532,1.199335753771,0.241988638094,0.981172779837,1.233253668882,-0.052531237993,1.136164702040,0.590546828517,0.565756514668,0.501692682505,-0.000383175910,-0.308820067761
726,1,0.228320211117,-0.010674256161,-0.027912475949,-0.228320211117,0.010674256161,0.027912475949,0.228460633130,0.470512335639,-0.391336284482,-0.165203660081,0.488479367124,0.030689328350,0.195858361863,0.657302605441,1.671899983062,-0.046861786104,0.839750097443,1.170846034265,0.168459302534,0.660237146064,1.879068560855,0.001471680331,0.873981980142,1.247524836729,0.214545580127,0.851909525975,1.511202358837,-0.049207567268,1.031855445227,0.601736137731,0.565496101975,0.499353319407,-0.000383331906,-0.341272236449
727,1,0.239058054735,-0.013143097938,-0.016848536325,-0.239058054735,0.013143097938,0.016848536325,0.239907984474,0.486959675289,-0.325142649519,-0.172505197189,0.515199699153,0.060322954252,0.203588302938,0.610462285763,1.512844112006,-0.050830795870,0.885824956877,0.907637517939,0.172201982456,0.601509668233,1.743109713221,-0.001430734784,0.928640770569,0.949157455035,0.221013637647,0.833645442576,1.353894597797,-0.052248650173,1.087006612346,0.426380619055,0.565401032567,0.496282428503,-0.000346075743,-0.327396808446
728,1,0.253400647423,-0.014293567396,-0.014691868911,-0.253400647423,0.014293567396,0.014691868911,0.256095617122,0.508647514119,-0.438599029566,-0.180833733331,0.550211530563,0.210601929263,0.222699600198,0.533775170576,1.572517551067,-0.051679939448,0.943940194352,1.075572161856,0.201983603766,0.508366772117,1.777052491321,0.001351514639,0.991278707250,1.130753028903,0.230958269981,0.740226467630,1.634389499783,-0.060376800865,1.154970675537,0.617195264256,0.565794467926,0.494201362133,-0.000329657458,-0.310611147662
729,1,0.260360281503,-0.014187278477,-0.011162238088,-0.260360281503,0.014187278477,0.011162238088,0.268408183647,0.526077740520,-0.462296998326,-0.186509314124,0.571156565968,0.256661709340,0.228598194414,0.524287920257,1.630837020667,-0.049193132276,0.978978128346,1.102079266531,0.207977920249,0.466296918327,1.862220373513,0.003443148796,1.025158910774,1.157977100491,0.224289025745,0.692999754597,1.872313882794,-0.061202439066,1.191573871346,0.681012405308,0.565956681967,0.492008298635,-0.000317557133,-0.303281570467
730,1,0.275708410033,-0.014904907328,-0.015972723189,-0.275708410033,0.014904907328,0.015972723189,0.291258291751,0.564722360678,-0.725916734137,-0.197080643737,0.610406692264,0.273671288657,0.246055944078,0.251886438029,1.356205937235,-0.047897720546,1.038877967201,1.212715620846,0.236242561167,0.184908686635,1.613117544079,0.010855869804,1.087331635899,1.285275627914,0.256182575122,0.359304254482,1.796164288355,-0.064508774316,1.264291366435,0.911895548825,0.566945508122,0.489853277802,-0.000313073630,-0.287892624142
731,1,0.283053266546,-0.015214471335,-0.022093617122,-0.283053266546,0.015214471335,0.022093617122,0.304940107174,0.574187411934,-0.747329495279,-0.200768816488,0.627394802198,0.367366009627,0.254108195317,0.254629834334,1.407529234956,-0.043071742071,1.062665512637,1.242913181032,0.255561016817,0.210130110716,1.662662288850,0.014921549345,1.111157311446,1.315251966438,0.264841265434,0.331562116509,1.871519878235,-0.062662044823,1.292919669336,1.099601176123,0.567717522383,0.488067060709,-0.000300085638,-0.283146591571
732,1,0.282252224401,-0.014512383554,-0.024871115349,-0.282252224401,0.014512383554,0.024871115349,0.313720137541,0.553129118251,-0.711999291799,-0.199646261836,0.622946754636,0.372076621724,0.254589985060,0.203384122711,1.332361924428,-0.040649720270,1.055521108781,1.236673814510,0.254694577874,0.168224010095,1.578273109157,0.017354257036,1.101721666865,1.303767753710,0.253286179732,0.262793676974,1.789076007479,-0.062444313195,1.282569851981,1.053459595748,0.568310439587,0.488462656736,-0.000294667436,-0.285221551717
733,1,0.292423261433,-0.015712290149,-0.027023859309,-0.292423261433,0.015712290149,0.027023859309,0.330655988099,0.564834679137,-0.706958726005,-0.205448457494,0.645706599448,0.383727817751,0.264217807043,0.218483879186,1.374267106025,-0.039669012470,1.090447413759,1.307549917565,0.267377345403,0.173567128953,1.622073007012,0.019593924195,1.137370995200,1.380900146743,0.265098067875,0.275708362370,1.839665869491,-0.062201710685,1.324503003804,1.084675490095,0.568838700652,0.487331748009,-0.000291020144,-0.277079471891
734,1,0.289617321668,-0.015478235326,-0.027009222776,-0.289617321668,0.015478235326,0.027009222776,0.343915235209,0.555581354825,-0.662615339804,-0.201169442733,0.639095610686,0.374894540928,0.268154073732,0.198054068828,1.369262960631,-0.034782691021,1.079158463215,1.296477830997,0.268126864298,0.147193046918,1.609590073767,0.024192269135,1.124863509958,1.368665309665,0.266171079944,0.231808434560,1.810030176125,-0.058336495039,1.309852161276,1.048108310667,0.570026844740,0.487069904804,-0.000292765908,-0.280395194339
735,1,0.290643199069,-0.015220711670,-0.027099313255,-0.290643199069,0.015220711670,0.027099313255,0.356847214345,0.554610534205,-0.646702114945,-0.196576989093,0.638784404474,0.380977357207,0.290969045434,0.227789808150,1.385698749570,-0.029379668426,1.074786120327,1.312041687253,0.275436152608,0.165587474370,1.623149436340,0.029052339015,1.120068807456,1.386362200735,0.280346411565,0.260352834545,1.829109762610,-0.056605424583,1.306315640513,1.091796345328,0.571170955896,0.487347573042,-0.000292839482,-0.281334866781
736,1,0.293139323536,-0.014908417002,-0.027114973847,-0.293139323536,0.014908417002,0.027114973847,0.363337221014,0.559028511187,-0.646734954177,-0.198619298652,0.642861030999,0.374575524114,0.293571107513,0.226466490857,1.381679340820,-0.028001818986,1.080904385127,1.310015123693,0.276209367621,0.162516473459,1.621578454481,0.030595184238,1.125968750497,1.383874774981,0.280428523034,0.253385922372,1.830195372588,-0.055742874942,1.313830549511,1.076502601779,0.571548536420,0.487138435245,-0.000298320316,-0.279950683878
737,1,0.295973304094,-0.015454710426,-0.026402054861,-0.295973304094,0.015454710426,0.026402054861,0.377667815855,0.566529682739,-0.647474753512,-0.198793674187,0.652295384616,0.398901700223,0.297037089937,0.235530290643,1.408169756029,-0.023554358393,1.092986026446,1.331484929655,0.270006940738,0.171394865016,1.649676159377,0.035497111663,1.137830578991,1.406416656766,0.267955469083,0.261681145442,1.870463334069,-0.051487912891,1.328567176019,1.080644271074,0.572743847966,0.487114921212,-0.000302660745,-0.276875608248
738,1,0.298470164590,-0.015212664233,-0.030900209604,-0.298470164590,0.015212664233,0.030900209604,0.380449106538,0.571559887015,-0.687494277751,-0.203193155868,0.656555360034,0.394981228447,0.308651485113,0.229432631716,1.326542208455,-0.022321983230,1.101676951253,1.301132297611,0.279683772889,0.163546514128,1.566074580122,0.036985684961,1.145876937382,1.370693766276,0.289643861633,0.248280669295,1.821911798965,-0.051440505756,1.337944474885,1.044564320513,0.573038429022,0.487000554800,-0.000305071473,-0.275079567526
739,1,0.296014377009,-0.015787318678,-0.030131457728,-0.296014377009,0.015787318678,0.030131457728,0.379833294670,0.569823587324,-0.662004831183,-0.202751321262,0.653403117350,0.402961739463,0.318439780327,0.231405859827,1.328165739355,-0.020013882213,1.095544225744,1.318088972372,0.286009910471,0.166928709971,1.562361836905,0.039576962543,1.139230478778,1.388242352728,0.306546249474,0.253400472991,1.847345554448,-0.052253210271,1.330248685801,1.086438668182,0.573578476906,0.486585706472,-0.000307528768,-0.276999132475
740,1,0.301461783870,-0.016015338531,-0.030822636624,-0.301461783870,0.016015338531,0.030822636624,0.389661085002,0.581112091239,-0.690961613381,-0.205645738369,0.670683426090,0.366139079079,0.324457191810,0.226646472657,1.372975015252,-0.018138191470,1.118188128137,1.396807371436,0.286939147412,0.161851568978,1.606505285792,0.043270542201,1.160874133316,1.487502385785,0.313257019487,0.237239629982,1.885511242793,-0.052015461664,1.355869368109,1.175578145795,0.573968499899,0.486627385020,-0.000308175571,-0.271798320133
741,1,0.301163766784,-0.016369872943,-0.035777511536,-0.301163766784,0.016369872943,0.035777511536,0.385961255605,0.582453962649,-0.719358579851,-0.206961620742,0.670821432662,0.377871825511,0.324734736055,0.247282632812,1.385189540214,-0.016958204968,1.118661741437,1.397778421262,0.288349961036,0.185143815168,1.621543878290,0.044159960696,1.161834794335,1.486302889374,0.311858043420,0.274051411229,1.881814296599,-0.052093130502,1.356162286148,1.157492118938,0.574277937412,0.486492514610,-0.000314123463,-0.272020669755
742,1,0.299201732036,-0.016292330482,-0.036155796083,-0.299201732036,0.016292330482,0.036155796083,0.387564790735,0.582515566722,-0.709352662637,-0.205554233606,0.672466922746,0.402920327398,0.328697775689,0.256995042229,1.391200969125,-0.014138745939,1.117982845055,1.391503309153,0.290879229135,0.190437560475,1.626493074637,0.046357053515,1.160214811932,1.473384057587,0.317618430707,0.287908571486,1.874420870486,-0.050241624994,1.354927480101,1.129207960633,0.574875295162,0.486543983221,-0.000314538367,-0.272354994727
743,1,0.301384626814,-0.016430548186,-0.036557679641,-0.301384626814,0.016430548186,0.036557679641,0.387936141121,0.590723279067,-0.710735749791,-0.206940924183,0.678570562070,0.373625813940,0.325177331382,0.249391327730,1.407186028872,-0.012201011528,1.128973395877,1.410385669210,0.295912473834,0.172614988152,1.645055391521,0.048723102008,1.171497284515,1.496821817448,0.322596733875,0.296406094742,1.911436417156,-0.048490491305,1.368275773062,1.173499128221,0.575445696712,0.486584678292,-0.000314983539,-0.269694763670
744,1,0.302426809972,-0.016301963422,-0.037468384342,-0.302426809972,0.016301963422,0.037468384342,0.388189781786,0.604037299569,-0.713593223522,-0.206718773817,0.681516291784,0.360436086969,0.332179893186,0.256158600052,1.418352542147,-0.008574141660,1.134559321777,1.410646442262,0.303869453736,0.182042665560,1.661517681809,0.053831756512,1.177283087966,1.497811614038,0.328128957496,0.302577640911,1.920069354982,-0.045231115272,1.376879474854,1.171483016850,0.576424762607,0.486751496792,-0.000317708589,-0.268225159597
745,1,0.293811893119,-0.014144660441,-0.031823305049,-0.293811893119,0.014144660441,0.031823305049,0.373627586958,0.596304550649,-0.695001998061,-0.199512288591,0.659664748254,0.356606104973,0.312604578344,0.426184914201,1.749230603786,-0.007427990586,1.097395542055,1.397533564739,0.305097528169,0.401133317913,2.035750853121,0.054804354889,1.138911149516,1.481724212513,0.286660099119,0.612930237873,2.154636426910,-0.044241411786,1.335058043326,1.126157511082,0.576551035047,0.487646177411,-0.000316191930,-0.276500343494
746,1,0.292084684587,-0.014444071432,-0.017394233708,-0.292084684587,0.014444071432,0.017394233708,0.363122415679,0.591475778660,-0.614116173937,-0.198174882856,0.651674655314,0.318410790546,0.294502131100,0.558165689279,1.741860791290,-0.006994047017,1.087379841494,1.361832647848,0.304321748246,0.536828583570,2.005094630025,0.054725218723,1.129129772955,1.442502010575,0.280370314962,0.748746557679,2.058265806612,-0.043834920132,1.325015390982,1.000024094414,0.576582610607,0.488226339221,-0.000310723437,-0.278070757847
747,1,0.287092493849,-0.013653884632,-0.010960857409,-0.287092493849,0.013653884632,0.010960857409,0.353803437656,0.577992831765,-0.462251603372,-0.193767517978,0.637521567563,0.315651167164,0.291482958867,0.569976829379,1.809538365708,-0.005549052619,1.067036999088,1.342155952371,0.298058569321,0.539202697832,2.058543335224,0.054634339568,1.108264508122,1.421370114996,0.283573742155,0.773472722993,2.043565244853,-0.041862519395,1.301404620653,0.959808735595,0.576883792877,0.489531248808,-0.000315331272,-0.282155336481
748,1,0.271516753573,-0.013515304243,-0.010599112439,-0.271516753573,0.013515304243,0.010599112439,0.331709462179,0.539154691375,-0.222419716250,-0.181342034102,0.598336932402,0.296812433337,0.281582981129,0.591956929021,1.642155646066,-0.004444124922,1.008850500212,1.103227588993,0.280076391191,0.578778597493,1.864452806233,0.051729742257,1.049708154003,1.148207413831,0.273051078303,0.812867049219,1.722785491993,-0.039265806902,1.231358625023,0.622965475278,0.577140107751,0.490322902799,-0.000315412180,-0.297649369323
749,1,0.262242699130,-0.013334892683,-0.010491672147,-0.262242699130,0.013334892683,0.010491672147,0.310190140683,0.522300353400,-0.134933965697,-0.174111666817,0.570210333437,0.168648402608,0.277096675722,0.641353635519,1.561448156138,-0.002983188675,0.976653037071,0.794019921549,0.269995486160,0.642935753768,1.747539210450,0.049733123354,1.019913324721,0.821166273697,0.282845077512,0.871316687169,1.479154326879,-0.036271531163,1.191910017183,0.281054036701,0.577633425593,0.490412518382,-0.000311502255,-0.307080371533
750,1,0.253721693486,-0.012836997474,-0.012450351215,-0.253721693486,0.012836997474,0.012450351215,0.291579601128,0.510509267650,-0.100543377851,-0.168102580513,0.549117958991,0.185956432925,0.270701520873,0.674014864300,1.557747184293,-0.002367903387,0.945085370536,0.900990452694,0.259374193118,0.670511458274,1.726606154180,0.048110311742,0.989387167329,0.943490142499,0.284840542530,0.893823114506,1.474611809637,-0.034213982871,1.154230965969,0.435263798076,0.577866807580,0.491482585669,-0.000321205356,-0.316329067234
751,1,0.250035173840,-0.013993580659,-0.011967643557,-0.250035173840,0.013993580659,0.011967643557,0.283120435370,0.500751974081,-0.172303283747,-0.164550941158,0.538959716181,0.101574227821,0.265366696397,0.712505055036,1.573323122952,-0.009511410160,0.926200561864,0.895181716273,0.239058057542,0.716427500920,1.744661015868,0.040761258837,0.971311295056,0.959448338148,0.283585802419,0.920718517551,1.446366878879,-0.033074374119,1.133159273470,0.511258553336,0.577901273966,0.492628604174,-0.000326288980,-0.320266367125
752,1,0.251773930252,-0.014668038239,-0.011800840987,-0.251773930252,0.014668038239,0.011800840987,0.276198711801,0.505261143480,-0.074327359215,-0.168148149424,0.541503425028,0.102257856909,0.266811453904,0.780962400371,1.534005839157,-0.014713522794,0.929318971082,0.993619165994,0.240255449956,0.809832884695,1.648032270710,0.038498032645,0.970345379345,1.062678200093,0.288847000150,0.979598210351,1.188268926437,-0.032022540383,1.143368247519,0.559008968886,0.577445000410,0.493309423327,-0.000337444246,-0.316142935024
753,1,0.261491477338,-0.014858104297,-0.012157998550,-0.261491477338,0.014858104297,0.012157998550,0.279477183371,0.519099744032,-0.004369476062,-0.174565789679,0.554991608007,0.130923500367,0.277512580617,0.854572661291,1.327394754831,-0.017112685317,0.958464428701,1.122362780674,0.249975127646,0.890835619073,1.421560004618,0.040193485826,0.999659368185,1.189354225910,0.307658368501,1.065152135205,0.922362027403,-0.031360022890,1.175630915678,0.584306540193,0.577494904399,0.495384022593,-0.000343364663,-0.304212020465
754,1,0.257735360867,-0.014501716772,-0.021638839482,-0.257735360867,0.014501716772,0.021638839482,0.266632755233,0.511730795111,-0.078299547821,-0.174636466727,0.545319160836,0.137818236374,0.274789426268,0.874332972290,1.365790403572,-0.023430337710,0.942007392357,1.610638001503,0.247484427750,0.910932838282,1.410288800939,0.037192977204,0.979206033916,1.715540885715,0.306026745823,1.094520099234,0.927783172240,-0.030737258686,1.158242832949,0.930310249131,0.577598139644,0.496401607990,-0.000358549180,-0.307790718439
755,1,0.268060532191,-0.014459269120,-0.036757816007,-0.268060532191,0.014459269120,0.036757816007,0.276766754073,0.541579334985,-0.100351945391,-0.180230034081,0.566388286604,0.152556160429,0.289154651223,0.946978485456,1.447393922659,-0.021297915225,0.980077575063,1.802785571417,0.260836482820,0.997148336716,1.550320098090,0.046725533857,1.018977375551,1.913117150569,0.321778924005,1.179117108156,0.835669626289,-0.025401335393,1.204963236828,1.093996969574,0.578266620636,0.497448250651,-0.000379324425,-0.294811601213
756,1,0.276897844942,-0.014762814465,-0.045279785659,-0.276897844942,0.014762814465,0.045279785659,0.285510080052,0.567507039139,-0.111360069990,-0.185981390474,0.585391790140,0.168438924212,0.300907103317,1.001707932669,1.356000230262,-0.020367557519,1.012820879151,1.753954368412,0.272875849161,1.052042143959,1.461361190666,0.050147414443,1.054541703557,1.854252129087,0.332172749061,1.242546656732,0.683670004599,-0.026466935272,1.245124746395,1.080395304301,0.578734874725,0.498722434044,-0.000389050227,-0.284626556011
757,1,0.280678441660,-0.014808835085,-0.048057194763,-0.280678441660,0.014808835085,0.048057194763,0.287297197703,0.581901938186,-0.119362859873,-0.186887078613,0.595666185184,0.210956012779,0.308644108614,1.057103838272,0.858366909400,-0.016977627794,1.033618396381,1.497157228621,0.283559315725,1.103932401514,0.920145192297,0.056251289201,1.076938513672,1.550229281191,0.335488655621,1.297755106789,0.201502958611,-0.025651734949,1.265158810256,0.836463586873,0.579555273056,0.498668238521,-0.000394086353,-0.280180973380
758,1,0.283880166937,-0.014181122799,-0.065660349667,-0.283880166937,0.014181122799,0.065660349667,0.292066755936,0.600801448116,-0.130629836065,-0.188106958532,0.606339965310,0.235787365623,0.314989421151,1.086213521049,1.129104646665,-0.015040771349,1.050816176990,1.806288012431,0.290359231884,1.123989020879,1.235968390658,0.059713981406,1.092316496506,1.904802180913,0.337998062023,1.333331534393,0.405587665986,-0.025865711288,1.283141625086,1.051660562430,0.580035924911,0.499492079020,-0.000402173027,-0.275922856972
759,1,0.286007853567,-0.013786691642,-0.066546914848,-0.286007853567,0.013786691642,0.066546914848,0.290298091987,0.608294277144,-0.128792129973,-0.189439066463,0.612312937272,0.298240051477,0.319770449364,1.100982270816,0.832408736639,-0.013740136923,1.062069948064,1.561795440725,0.295404593456,1.142084029813,0.896150006497,0.062260087530,1.104553394369,1.614891616539,0.338985814232,1.353300335144,0.148646667122,-0.025152101261,1.296570162346,0.876677362677,0.580433219671,0.499794200063,-0.000401820987,-0.273026896046
760,1,0.289922405440,-0.013798504624,-0.067148115598,-0.289922405440,0.013798504624,0.067148115598,0.294774853506,0.618270171430,-0.153363000777,-0.192055498668,0.624427828000,0.301314712581,0.325805880744,1.122197313405,0.878538821142,-0.012338822419,1.077753023203,1.630055810347,0.301219944269,1.164490061092,0.954602203213,0.064568010449,1.120680299612,1.703300075120,0.343167039032,1.381943786150,0.142583934402,-0.024687181621,1.315831482274,0.941390876077,0.580689609051,0.500241547823,-0.000401581638,-0.268748888243
761,1,0.285060706604,-0.013486010593,-0.074524921193,-0.285060706604,0.013486010593,0.074524921193,0.289726380544,0.607201429772,-0.173523044892,-0.188623161746,0.615112628467,0.317083489675,0.319643010395,1.110727873124,0.769246369007,-0.011038104621,1.060750461869,1.600779924740,0.295786426464,1.156268983866,0.834813035948,0.064878819726,1.103402559695,1.675617920180,0.337199252436,1.359897973605,0.052108461049,-0.023549441991,1.295589092230,0.929613072993,0.580897867680,0.500376179814,-0.000396978110,-0.272851472173
762,1,0.289512116234,-0.012946730203,-0.075515931225,-0.289512116234,0.012946730203,0.075515931225,0.294605391622,0.618313027111,-0.141830609175,-0.191623698453,0.623178672558,0.377941241903,0.324602292152,1.132536606380,0.654119867803,-0.010248561076,1.075448969641,1.417057832861,0.301083083023,1.177375711185,0.703833880775,0.070138309073,1.119068057834,1.460000798008,0.338658219126,1.382057403403,0.039228427504,-0.026622608358,1.313695428755,0.841153361912,0.580911964178,0.500886797905,-0.000397889875,-0.268656949781
763,1,0.288910873057,-0.013231814205,-0.074831136735,-0.288910873057,0.013231814205,0.074831136735,0.294978744554,0.616908229493,-0.133445339994,-0.191041870695,0.621690803594,0.377370319348,0.324497697089,1.124422723045,0.656282181527,-0.009774377508,1.073857718279,1.385861555583,0.301161426199,1.170320628783,0.707061679578,0.070298608554,1.117656460085,1.431113044721,0.338311818171,1.376793604032,0.038199738443,-0.025532624493,1.313081950697,0.813630930717,0.581006646156,0.500991389155,-0.000397205353,-0.268924014092
764,1,0.287496065625,-0.013115809676,-0.075087523988,-0.287496065625,0.013115809676,0.075087523988,0.293918988332,0.612350709638,-0.134284222844,-0.189925756101,0.617898590976,0.375614222478,0.322923666478,1.121198179347,0.665210861399,-0.009477630618,1.067654642654,1.402880050890,0.299704314758,1.168732393134,0.718921789163,0.070499695480,1.111960529211,1.459667788580,0.336603876735,1.374530923469,0.013205687816,-0.024885986952,1.305765547197,0.820905115965,0.581042081118,0.501121491194,-0.000393871218,-0.270353886455
765,1,0.279678609723,-0.013067889664,-0.076546320317,-0.279678609723,0.013067889664,0.076546320317,0.286201812209,0.594347638577,-0.242727933474,-0.184377446023,0.600182687992,0.299091401702,0.313618636378,1.089255711759,0.727488414349,-0.008130750349,1.037987129239,1.522748621395,0.291595594987,1.134998281527,0.795293726648,0.068969396835,1.081688599708,1.603042968968,0.327435704210,1.336933167713,0.005936264548,-0.023815325457,1.269515597844,0.857174728942,0.581115126610,0.501321122050,-0.000400194898,-0.278122008560
766,1,0.276431974657,-0.012668076343,-0.082192669578,-0.276431974657,0.012668076343,0.082192669578,0.283631272334,0.587828898119,-0.244391971992,-0.182323483392,0.592317560759,0.298441368550,0.309340721937,1.077754437084,0.762176525992,-0.007451019152,1.023659185210,1.626873493791,0.287708758155,1.124224824330,0.833550568435,0.069398203448,1.067865243087,1.707924317089,0.322990289833,1.316012675437,0.008095116371,-0.024459941869,1.250330194160,0.913035406936,0.581041604280,0.501721233130,-0.000398794189,-0.281659420986
767,1,0.240076858895,-0.011141767494,-0.086940047973,-0.240076858895,0.011141767494,0.086940047973,0.246724462658,0.509738370694,-0.248601207757,-0.158909867269,0.514362022442,0.239789471076,0.268597538115,0.929541469103,0.912348716533,-0.007057695168,0.889242073866,1.751928684435,0.249713638788,0.969711652416,1.000448056717,0.059766588847,0.928372487723,1.859678728612,0.280334655991,1.142118275725,0.014812405090,-0.021557776276,1.087425923797,1.074643770551,0.580906629562,0.501874238253,-0.000396721996,-0.323828168365
768,1,0.253601320552,-0.011601324317,-0.085852699819,-0.253601320552,0.011601324317,0.085852699819,0.262110390299,0.537304816540,-0.252922542149,-0.166763946803,0.542485365857,0.248472755070,0.283335344989,0.978282652249,0.747634071600,-0.007695697069,0.939626408673,1.496954064359,0.263369567790,1.019672232327,0.811153336475,0.062725913080,0.981213865054,1.565185720326,0.295630111063,1.204725839087,0.021082331713,-0.022420570735,1.148493981327,0.864427594683,0.580796331167,0.502122551203,-0.000386092812,-0.306643735124
769,1,0.264055813306,-0.012039769387,-0.089002090067,-0.264055813306,0.012039769387,0.089002090067,0.273103222067,0.560375361066,-0.257407511869,-0.173540613084,0.565178448975,0.258611410329,0.295658353577,1.019153291721,0.758337153969,-0.008126121575,0.979704013405,1.488774858880,0.276646704425,1.064581114272,0.823846363838,0.064842901924,1.023656034742,1.552957326090,0.307818068520,1.253928212516,0.023769323947,-0.022197978300,1.197095992796,0.805701522590,0.580743670464,0.502193734050,-0.000385845080,-0.294307283616
770,1,0.273007292008,-0.012438653130,-0.090860671360,-0.273007292008,0.012438653130,0.090860671360,0.283267386073,0.579574370947,-0.265932126815,-0.179678773290,0.584475631024,0.293723316086,0.304997535448,1.056593810165,0.760636723000,-0.009244544090,1.013766736693,1.540428710464,0.283815300961,1.102109523375,0.825143011141,0.065234989791,1.059481577350,1.606588909252,0.318673608449,1.300840181889,0.030535843429,-0.023424514334,1.238516225754,0.835471437361,0.580612778664,0.502327829599,-0.000383275561,-0.284362671399
771,1,0.274794310077,-0.012459285632,-0.088294524745,-0.274794310077,0.012459285632,0.088294524745,0.284967324459,0.582503689895,-0.253643025859,-0.181575577409,0.587410238346,0.293305514787,0.305326835644,1.063135196546,0.712607404096,-0.010326482268,1.019307001165,1.460221473669,0.283884306744,1.107544821395,0.771778280211,0.064302307158,1.064851466789,1.520868148382,0.319319588831,1.307569408599,0.023396966662,-0.024060436143,1.244948401651,0.816502266698,0.580256104469,0.502289101481,-0.000386363827,-0.282938565754
772,1,0.283205890468,-0.012534534364,-0.090302349838,-0.283205890468,0.012534534364,0.090302349838,0.293279146629,0.598125768983,-0.197782228010,-0.187667008992,0.602571416783,0.319679481198,0.314061356198,1.092981939793,0.829045493188,-0.007295920186,1.047668676051,1.591357143112,0.292630425025,1.138651636821,0.895330416651,0.068951281048,1.094440016760,1.664458744626,0.330243470778,1.343629429619,0.112122573668,-0.023038245584,1.279912095687,0.938893423644,0.580036014318,0.503083080053,-0.000387687236,-0.274583858132
773,1,0.245696127152,-0.011205083251,-0.104362656362,-0.245696127152,0.011205083251,0.104362656362,0.254516619237,0.518443451961,-0.172340688713,-0.162890127850,0.522332995569,0.297599825835,0.272498272740,0.947284560858,1.104585564822,-0.006654162808,0.908375565796,1.854191049009,0.255351343845,0.988330978209,1.200593866061,0.059570524149,0.949006551114,1.959929047162,0.286478050265,1.164041590931,0.324443448714,-0.019940266764,1.109574609755,1.155550280710,0.580033451319,0.503242760897,-0.000392079353,-0.316508685117
774,1,0.235237253420,-0.010613221768,-0.109441901264,-0.235237253420,0.010613221768,0.109441901264,0.243811610648,0.495148347257,-0.120759073630,-0.156113656917,0.498696095981,0.272857687558,0.260295099677,0.902748682485,1.356694156518,-0.006892179024,0.866360184436,1.945196586737,0.243585210398,0.941823508315,1.469285318173,0.056857118366,0.905911433572,2.068188815723,0.273298192028,1.112712689330,0.611985381426,-0.018790499465,1.060924466094,1.277193586918,0.580008715391,0.503739684820,-0.000397589058,-0.330536876301
775,1,0.238623169704,-0.010246438435,-0.102473701356,-0.238623169704,0.010246438435,0.102473701356,0.247636858252,0.500919328471,-0.125284241356,-0.158613666348,0.504492482068,0.259248915388,0.263650984844,0.889007588192,1.215423253198,-0.006991012372,0.874027540267,1.779354668584,0.246542382069,0.933595047083,1.319350081018,0.057762078672,0.915325713881,1.881522922090,0.276607990547,1.111848246623,0.564563753347,-0.018612592412,1.075079886640,1.159834386933,0.580046743155,0.504268318415,-0.000398559496,-0.325667914418
776,1,0.253783789381,-0.011169678820,-0.084407924951,-0.253783789381,0.011169678820,0.084407924951,0.264679774535,0.525246165812,-0.144518321960,-0.168684032056,0.535996985325,0.221044786960,0.279946588181,0.919235640794,1.194239236116,-0.011663261460,0.927154951932,1.553784854610,0.259944183316,0.963271034881,1.285386718601,0.054891098695,0.970796491785,1.637514197686,0.294006055684,1.145298630426,0.537122393027,-0.020383124137,1.144006539462,0.976805331988,0.580045342445,0.503884464502,-0.000389168970,-0.306305710981
777,1,0.258777062401,-0.011488020951,-0.065350086987,-0.258777062401,0.011488020951,0.065350086987,0.269731606994,0.534470093839,-0.129359724595,-0.172973996657,0.545709457188,0.195571038751,0.282957548876,0.883846840040,1.323749317877,-0.012593717759,0.941045042575,1.389584472836,0.260938982790,0.918673209835,1.446575642832,0.054702983601,0.983316636232,1.461409265886,0.301181975475,1.116052110676,0.889465289231,-0.022016479866,1.167043708199,0.813994826044,0.579824417830,0.503860324621,-0.000390308909,-0.299991684663
778,1,0.231502657549,-0.010858632104,-0.058477619880,-0.231502657549,0.010858632104,0.058477619880,0.241737824548,0.475694815240,-0.228532063167,-0.155086922764,0.487715904651,0.080638427904,0.249945641844,0.743982535786,1.620094958684,-0.013278323362,0.840711561357,1.281447171334,0.225861359808,0.766567445977,1.796298686316,0.041923609278,0.875561475360,1.388757072152,0.270303611779,0.941208558117,1.239354438597,-0.020445462901,1.045707847329,0.767062344721,0.579572200775,0.502540260553,-0.000389593653,-0.335515971985
779,1,0.210985026403,-0.010785122802,-0.036758529035,-0.210985026403,0.010785122802,0.036758529035,0.219891556847,0.418557268601,-0.050654221157,-0.140717616252,0.448734453410,0.017444127503,0.223961678523,0.634831730371,1.637617065219,-0.014467247942,0.775053856363,0.993604206063,0.193480292135,0.650228972928,1.790285492427,0.032987389446,0.806768306580,1.055916433541,0.245605204273,0.810429402098,1.392978010335,-0.021064564065,0.961202089717,0.449659511625,0.579390227795,0.499098181725,-0.000392346643,-0.368461383781
780,1,0.225739570873,-0.012569103655,-0.026909201637,-0.225739570873,0.012569103655,0.026909201637,0.240343483885,0.449739995064,-0.094063054202,-0.148910446415,0.480345467919,0.052780360310,0.235058449058,0.626891300916,1.467825521995,-0.018538342161,0.830256482708,0.789054795326,0.198153159650,0.624640721445,1.612837658610,0.031224833702,0.870117108896,0.825811995400,0.258192548458,0.823994935466,1.332789893722,-0.025267548981,1.027001159722,0.312441574196,0.578372001648,0.497330516577,-0.000368058216,-0.346544872897
781,1,0.234191396907,-0.014378679881,-0.012972033692,-0.234191396907,0.014378679881,0.012972033692,0.249280388209,0.465931243061,-0.097892218293,-0.154288857032,0.502134040078,0.069626984047,0.242630175927,0.589618572787,1.578101468654,-0.020705829238,0.866206518613,0.858630771139,0.204103621051,0.586415432575,1.747497643014,0.030366847423,0.909500953833,0.904370841186,0.267680785613,0.805564631818,1.538013376253,-0.026127486103,1.070075904587,0.384208706703,0.578197926283,0.494911953807,-0.000352999661,-0.335003262044
782,1,0.244327026519,-0.015901907470,-0.015205799590,-0.244327026519,0.015901907470,0.015205799590,0.259255863870,0.482029258031,-0.216726359538,-0.161345666530,0.527638597584,0.105531007228,0.258659046299,0.550986189546,1.544947554609,-0.021664514731,0.909245062764,0.930236992609,0.228319081723,0.543591631842,1.719094805758,0.029647215063,0.956098610526,0.976673404850,0.275277836232,0.771341535837,1.523667552079,-0.028723887432,1.118831667956,0.452421357068,0.577752992511,0.492805957794,-0.000349685550,-0.322932213027
783,1,0.249868983193,-0.016189336856,-0.015103922941,-0.249868983193,0.016189336856,0.015103922941,0.268512534457,0.491449876378,-0.269259219211,-0.165540471060,0.545044021967,0.224125532393,0.270888230961,0.510477303420,1.627600529844,-0.018463765516,0.938039935105,1.032028140268,0.253107104912,0.487031960734,1.835073565566,0.033684181067,0.983653797827,1.084539332250,0.285280416857,0.700627603163,1.782647721180,-0.029538793675,1.151065651531,0.471951024710,0.577698752284,0.490977957845,-0.000342015410,-0.316363966172
784,1,0.273241118295,-0.016317551527,-0.015672143033,-0.273241118295,0.016317551527,0.015672143033,0.304976734323,0.538255251094,-0.636346587604,-0.178919613073,0.595654125762,0.257751435337,0.295988116180,0.466089866055,1.727722761471,-0.016136239705,1.021371824412,1.193918208267,0.317469826080,0.427379740770,1.977772160572,0.038376814914,1.069078459875,1.277853282666,0.298482101804,0.658945788392,2.030189213629,-0.030896805427,1.253794926561,0.884256782335,0.578077197075,0.490788698196,-0.000333145028,-0.290771487852
785,1,0.282384170426,-0.016931646409,-0.025439752275,-0.282384170426,0.016931646409,0.025439752275,0.313376295489,0.559897451922,-0.774615998165,-0.185444147731,0.621643771602,0.326827414597,0.324062004492,0.381627117698,1.593485939063,-0.013278098075,1.056088342597,1.278237467856,0.334607376642,0.327584059406,1.898574569666,0.044866628437,1.103250368165,1.368126642869,0.303684525134,0.485422485051,1.942252072268,-0.032608157075,1.293150026696,1.026655393973,0.577880412340,0.489379718900,-0.000314100180,-0.283079570986
786,1,0.281569930085,-0.015851033797,-0.025521461751,-0.281569930085,0.015851033797,0.025521461751,0.317443617728,0.558153563183,-0.692539718458,-0.185110250638,0.625266620941,0.374868906867,0.303021953053,0.214790285144,1.422986215190,-0.012188737622,1.060279454739,1.272792158976,0.311268059198,0.187068087205,1.686492481854,0.046158557833,1.105240516671,1.349904244568,0.292040047101,0.276910280106,1.845110862989,-0.034080171095,1.290969655345,0.983496932762,0.577933430672,0.488516852260,-0.000308999559,-0.284112298112
787,1,0.285651108274,-0.015568368715,-0.032096016725,-0.285651108274,0.015568368715,0.032096016725,0.329123027040,0.561165187004,-0.697490043455,-0.189628814779,0.634840169426,0.365430485959,0.295758768339,0.205087074453,1.345775596322,-0.010750660815,1.074521208698,1.289820164444,0.309914857396,0.164970910279,1.593385011717,0.048735788288,1.119304045308,1.365824878167,0.294198687041,0.260752310427,1.805001546993,-0.038665661782,1.309486586102,1.016609045197,0.578240767121,0.487726420164,-0.000311016105,-0.281082384774
788,1,0.281006524847,-0.014943561343,-0.034292998266,-0.281006524847,0.014943561343,0.034292998266,0.335779409890,0.549071636618,-0.681520344959,-0.188030013415,0.627151981612,0.385537678027,0.285417688409,0.202766755894,1.368868539587,-0.010069125609,1.059873710639,1.270806398642,0.289180531342,0.161676311073,1.609188726277,0.048601599721,1.103078072371,1.345734513738,0.271734935693,0.264959912202,1.815666659450,-0.040748732767,1.290000867899,0.995807724820,0.578270033002,0.486740559340,-0.000305696856,-0.286107901178
789,1,0.283962694271,-0.014919933281,-0.038452104197,-0.283962694271,0.014919933281,0.038452104197,0.347534213464,0.549107042458,-0.740612970433,-0.191928301718,0.631956571648,0.372539613138,0.287947780545,0.212921268338,1.323508673183,-0.009739194902,1.070186472259,1.276644096475,0.292155335737,0.171866864530,1.569511543125,0.049666633226,1.113327140153,1.350052318223,0.275638675179,0.279792795756,1.794807027118,-0.042429398470,1.303074720533,0.995000443461,0.578381896019,0.486761063337,-0.000306114089,-0.283329069567
790,1,0.281309250834,-0.014550072570,-0.036376914955,-0.281309250834,0.014550072570,0.036376914955,0.357022757264,0.544152504219,-0.679967766527,-0.190331867171,0.626857796076,0.391447641223,0.284972760550,0.215819235646,1.336139282040,-0.009523854331,1.059852204538,1.270686144676,0.287612754386,0.184184729761,1.563993710167,0.048582262068,1.102170653594,1.342443931513,0.270785944965,0.288060809531,1.845619026872,-0.041954462849,1.290396942855,0.996457540241,0.578399956226,0.486801624298,-0.000304991845,-0.286080385373
791,1,0.284182267401,-0.014746667104,-0.035929765631,-0.284182267401,0.014746667104,0.035929765631,0.364698619986,0.549788534972,-0.683740976970,-0.193482666367,0.631809422159,0.397997594651,0.285447606644,0.220892604799,1.372233511675,-0.009154897576,1.068970888787,1.269340727556,0.285665572889,0.188995756595,1.607801739614,0.049509130353,1.111100379911,1.336597712121,0.269955818673,0.299227403230,1.851024429217,-0.041861394744,1.301531623942,0.993226784440,0.578520864248,0.486861437559,-0.000304343179,-0.283576095071
792,1,0.279986854663,-0.014432818726,-0.035433603272,-0.279986854663,0.014432818726,0.035433603272,0.365488961638,0.542455426519,-0.656902834540,-0.191208297902,0.622453606873,0.390046272989,0.291163760257,0.208854508024,1.352510794892,-0.008512158399,1.053004704533,1.247035473198,0.281282060538,0.177923514322,1.586992098006,0.049062479258,1.094299000585,1.312729693275,0.268189918011,0.275790342104,1.807724292596,-0.041502197339,1.281899106738,0.971649191046,0.578431740403,0.486711278558,-0.000304907560,-0.288058663922
793,1,0.290140689088,-0.015253444810,-0.036698656991,-0.290140689088,0.015253444810,0.036698656991,0.378638125645,0.561980276100,-0.679228497104,-0.198208116747,0.647081571117,0.398355472347,0.308858997436,0.205314067811,1.407413003675,-0.007403282173,1.091209511705,1.294511705179,0.292772372044,0.160988539442,1.651665770025,0.052627285058,1.134214163625,1.363122077341,0.292339685914,0.249164380614,1.876767649025,-0.043507024191,1.327800873270,1.018964022676,0.578387334943,0.486681833863,-0.000306061935,-0.278196068469
794,1,0.289775527789,-0.015312120004,-0.036122567482,-0.289775527789,0.015312120004,0.036122567482,0.377592931410,0.560943476534,-0.669822249333,-0.197328852481,0.649073460758,0.409695386560,0.344034560145,0.232515764409,1.462482623813,-0.005364808908,1.088502136731,1.325227775700,0.316647303942,0.179628494807,1.719666973566,0.053718483855,1.128506039749,1.396114193260,0.329134278982,0.312889388101,1.931075690031,-0.037692741481,1.326054201090,1.034635892997,0.578531846404,0.486704990268,-0.000306004193,-0.278782464306
795,1,0.283617264305,-0.014557213779,-0.035078487671,-0.283617264305,0.014557213779,0.035078487671,0.368872496417,0.550129633783,-0.657028136230,-0.193660205823,0.634563805844,0.391763890322,0.335359734561,0.244518763259,1.443333413163,-0.005458726398,1.064101721841,1.290204615568,0.311477983050,0.199005201128,1.697339441124,0.052201002647,1.102911685798,1.360427054919,0.320392304498,0.327653629490,1.884709088725,-0.037005796657,1.296537327826,1.008989195062,0.578500792384,0.486911669374,-0.000306395348,-0.284970670289
796,1,0.284565800174,-0.014628501299,-0.035086621139,-0.284565800174,0.014628501299,0.035086621139,0.366909723558,0.555202356388,-0.657374493115,-0.193859526756,0.636566459454,0.394577833436,0.335153035918,0.225832955853,1.447898415818,-0.003638246321,1.067145362518,1.308572098895,0.312083417184,0.195588791101,1.701870527453,0.055102516694,1.105997514126,1.380149535942,0.321573577953,0.304126283999,1.891842605033,-0.036272283240,1.300256384263,1.028946881683,0.578606054187,0.486940741539,-0.000307570677,-0.284147297639
797,1,0.285257882873,-0.014258323478,-0.035412300862,-0.285257882873,0.014258323478,0.035412300862,0.359605069191,0.563669065904,-0.680471745589,-0.194397879010,0.636758320920,0.372535039621,0.334871042254,0.298570656419,1.492902827194,-0.003753619932,1.068466011740,1.310952815156,0.313514579775,0.249588879363,1.755199891337,0.054827396004,1.107289562736,1.383239839510,0.317744599684,0.368038683205,1.933488432270,-0.034937329219,1.302134421345,1.024665849492,0.578570067883,0.487146958709,-0.000308365561,-0.283635046795
798,1,0.285211130266,-0.014288791775,-0.036668674344,-0.285211130266,0.014288791775,0.036668674344,0.350394473487,0.572830335112,-0.710868842094,-0.194559680953,0.637482543355,0.334009937878,0.344969646794,0.309266764049,1.477894484328,-0.003791126949,1.068178268776,1.335335019189,0.325767462451,0.255195857317,1.743778973400,0.055038875276,1.106738983425,1.418569911907,0.325464226932,0.370749183958,1.918701002371,-0.036438223624,1.302156098006,1.076177924631,0.578555300832,0.487167730927,-0.000311257318,-0.283639273975
799,1,0.285846268572,-0.014321088690,-0.040418560802,-0.285846268572,0.014321088690,0.040418560802,0.345999410579,0.583764248996,-0.704944429901,-0.195088482658,0.637886167757,0.323410088231,0.361371275380,0.347215173280,1.489804948309,-0.001704405180,1.070430257426,1.334219961880,0.350205041941,0.292960591403,1.753723898948,0.058048325850,1.109066389566,1.418195503907,0.344628768954,0.415789159236,1.931812129696,-0.034895663990,1.304774177343,1.068684942850,0.578542590141,0.487189531326,-0.000318242703,-0.283054757512
800,1,0.278893349522,-0.014723889927,-0.030922919717,-0.278893349522,0.014723889927,0.030922919717,0.334330034740,0.566209887257,-0.478431169245,-0.191720838665,0.615704924896,0.316717299895,0.323536534620,0.547046297034,1.612869946073,-0.001312047082,1.042189962870,1.191768768773,0.283223258950,0.496448420915,1.845119020450,0.057340719727,1.079877706515,1.246742668538,0.330623026725,0.720842261707,1.880949049212,-0.035830542284,1.270818917046,0.745570724070,0.578051060438,0.487756192684,-0.000314651523,-0.290176071893
801,1,0.278265623616,-0.013330182059,-0.023100165536,-0.278265623616,0.013330182059,0.023100165536,0.333386708478,0.560088696022,-0.489182626006,-0.189652808305,0.608475425606,0.318677979848,0.313133184565,0.510635666971,1.666934448819,0.000029699359,1.035122436587,1.202612927811,0.283356956932,0.473539215396,1.911069035029,0.058130688388,1.073318278263,1.261641482279,0.323450474587,0.708207105328,1.953325570338,-0.033856755093,1.263693017346,0.804937127418,0.578303128481,0.490051835775,-0.000317150960,-0.290001924140
802,1,0.273376173899,-0.013420536095,-0.022781896341,-0.273376173899,0.013420536095,0.022781896341,0.314082932197,0.546792733682,-0.191236585242,-0.186353294375,0.591616739825,0.254606350163,0.299990421260,0.597242800279,1.598038863497,-0.003702274085,1.011936928057,0.985449678710,0.260594418768,0.588387880843,1.830494379764,0.052986229711,1.050517065277,1.024768631171,0.311102624945,0.821345529946,1.664033321111,-0.038110041505,1.235919556240,0.502884432197,0.577367708087,0.490346357226,-0.000317486003,-0.296282542540
803,1,0.264638094020,-0.014433681284,-0.016853937903,-0.264638094020,0.014433681284,0.016853937903,0.301059528214,0.529059530853,-0.210631569474,-0.179662423180,0.569250536652,0.246798051250,0.282688696528,0.644620698194,1.533581478929,-0.009740938334,0.972355453414,1.017989185121,0.229188665632,0.638372423968,1.753132631860,0.046620762739,1.013625208079,1.066588304588,0.300856384659,0.868210524518,1.555380675202,-0.038711824106,1.192491644171,0.587632199519,0.577216267586,0.492025032640,-0.000323370332,-0.305441319021
804,1,0.259915727200,-0.014570813649,-0.014902835328,-0.259915727200,0.014570813649,0.014902835328,0.296133245162,0.518301280193,-0.098100717569,-0.174756560083,0.553803820052,0.139200223911,0.275864898715,0.693816537641,1.453547983657,-0.013561234974,0.954206546781,0.847972004446,0.223077395703,0.691312913205,1.601054855541,0.041660133826,0.995620123180,0.885237919945,0.295894855070,0.913587796193,1.323534486094,-0.038417221455,1.171390393649,0.370617777682,0.577121675014,0.492923408747,-0.000331133604,-0.310162059768
805,1,0.257172490949,-0.014266424246,-0.014188013175,-0.257172490949,0.014266424246,0.014188013175,0.290488775235,0.511719153796,-0.143058284682,-0.170615390007,0.545378405720,0.156442279791,0.269237554823,0.732898773528,1.393060496503,-0.020735100826,0.939875643939,0.917577332034,0.218793764122,0.736763498346,1.529391466923,0.032810936057,0.983208909092,0.962583493806,0.292408364531,0.943224678119,1.219881475832,-0.037490947757,1.151675032060,0.450667929555,0.576881662011,0.494215071201,-0.000335728750,-0.312649778635
806,1,0.200533553165,-0.011933928248,-0.014363335837,-0.200533553165,0.011933928248,0.014363335837,0.221967837186,0.396950411285,-0.042449564512,-0.134827544730,0.421049399626,0.037457090039,0.209980441485,0.613726226157,1.889067089895,-0.020257589034,0.728062135639,1.392317602136,0.171991348410,0.633391488463,2.065062519159,0.023624431994,0.761227799293,1.495812508943,0.230123884417,0.776258019953,1.509171376598,-0.029056889715,0.894751612457,0.783939130194,0.576436981559,0.496614173055,-0.000347015448,-0.398813859553
807,1,0.216321602017,-0.011914976296,-0.021312113280,-0.216321602017,0.011914976296,0.021312113280,0.237599504607,0.426747280621,-0.002269846027,-0.145770273387,0.451157596899,0.067744267532,0.229056822427,0.700943124115,1.749083250818,-0.024530135381,0.780177300667,1.510596406628,0.192118950653,0.727895801518,1.904451002045,0.025488042279,0.811724927627,1.612063001562,0.254575061703,0.879039202705,1.369122342447,-0.030401755863,0.961407246278,0.899198441901,0.576432168484,0.498028308153,-0.000361501472,-0.369111814233
808,1,0.245167765381,-0.012541992355,-0.034007287326,-0.245167765381,0.012541992355,0.034007287326,0.268356245260,0.485414778230,-0.039120680216,-0.164507505738,0.508987032546,0.091188435616,0.261775173450,0.830243624082,1.728709308317,-0.027889304367,0.879165884404,1.690034961757,0.221347450559,0.873374629182,1.813369509263,0.032189722360,0.914794410826,1.796595047517,0.298052212692,1.032435021269,0.994016309561,-0.035156643312,1.084681493978,1.040574435045,0.576333209872,0.500159785151,-0.000377987511,-0.325222615492
809,1,0.223057172729,-0.011563315800,-0.051148352596,-0.223057172729,0.011563315800,0.051148352596,0.241201364735,0.442351320102,-0.187897087389,-0.150536054815,0.463982334102,0.098952711169,0.238764040315,0.785236716574,1.311631792960,-0.025596878159,0.799844285587,1.805470118721,0.202605840794,0.825657246606,1.415207928444,0.030076962705,0.832580588242,1.930133384470,0.273277469912,0.979507741767,0.647246184249,-0.032314498216,0.987327000042,1.224250006658,0.576240897179,0.500801339746,-0.000365694985,-0.356663205947
810,1,0.276316184151,-0.014136300274,-0.062389363036,-0.276316184151,0.014136300274,0.062389363036,0.297497279273,0.558934252422,-0.239014178953,-0.186383652106,0.579997456477,0.132620277124,0.297154285737,1.001579646450,0.983901177114,-0.025646180420,0.993528630085,1.752579761750,0.258385854858,1.048288979082,1.071446026219,0.046351356458,1.035400592566,1.834306370434,0.339526015100,1.245066901009,0.325052015760,-0.039480598686,1.224327612253,1.060837592810,0.576372191310,0.501045897603,-0.000367330387,-0.287428397094
811,1,0.287492533529,-0.013713057073,-0.065132615376,-0.287492533529,0.013713057073,0.065132615376,0.309633674760,0.588466609476,-0.215625183287,-0.193962557219,0.599855445222,0.231464943656,0.310208086064,1.071856678758,0.948445279094,-0.024963340534,1.033472780418,1.798490607490,0.272487078031,1.114336107008,1.029625682452,0.051923508478,1.075065690113,1.859128865614,0.352842217527,1.321289250810,0.273473861311,-0.041262706920,1.270016586962,1.096426033177,0.576478734612,0.502615213394,-0.000372785144,-0.275863213424
812,1,0.280232867580,-0.012765983497,-0.094223105997,-0.280232867580,0.012765983497,0.094223105997,0.301009398510,0.577471803356,-0.211709242794,-0.189275617122,0.584949297721,0.256783119375,0.303989501279,1.050638323904,1.166572759579,-0.024144437972,1.006479529219,2.093393677101,0.268272943772,1.096683403628,1.277249917887,0.051844968947,1.048500421800,2.219933457887,0.343951095747,1.302028426514,0.405096600683,-0.040076813589,1.238566346203,1.403165502909,0.576493635774,0.503155797720,-0.000392072834,-0.282842287430
813,1,0.235684397992,-0.010443313063,-0.115638094537,-0.235684397992,0.010443313063,0.115638094537,0.253795610689,0.489217152442,-0.191268588273,-0.159844372631,0.492476676483,0.258227470670,0.257198696728,0.897760462618,1.077120727644,-0.021544122296,0.847405314163,2.099924934632,0.228261753808,0.934091692894,1.190159844447,0.043652225455,0.883124783654,2.235703471812,0.285031678999,1.104141634587,0.373876371247,-0.033509636998,1.043290015128,1.467013423141,0.576617702842,0.503711402416,-0.000387949869,-0.335261082152
814,1,0.245778400613,-0.010672085671,-0.142083041024,-0.245778400613,0.010672085671,0.142083041024,0.263934902645,0.509805014026,-0.223333659402,-0.166559438244,0.514044708986,0.338753043201,0.269605174085,0.934266050069,1.110227113866,-0.021483595869,0.881774225826,2.157767949031,0.241488622467,0.970124681633,1.215623693104,0.047994140480,0.919392180271,2.289168015472,0.291393961461,1.161593164039,0.348469808371,-0.034522878630,1.086581746756,1.540849589657,0.576785609126,0.504999995232,-0.000393381342,-0.320735425200
815,1,0.212664310810,-0.009356688911,-0.125569955007,-0.212664310810,0.009356688911,0.125569955007,0.227982509120,0.442710052485,-0.172419115841,-0.144514830148,0.447303402267,0.326302789987,0.235778820312,0.814091427456,1.069394404246,-0.017157324607,0.767222220328,2.100737308659,0.211447630049,0.849607641877,1.149972749322,0.043561285582,0.800373780285,2.231227694411,0.253550264776,1.009239681981,0.349115796750,-0.026398828154,0.948821442887,1.475593929923,0.577242925763,0.504945129156,-0.000376371667,-0.368695364453
816,1,0.277275604269,-0.012227923741,-0.153801827862,-0.277275604269,0.012227923741,0.153801827862,0.295736235207,0.581499759589,-0.243692276667,-0.188654502961,0.584122271712,0.409769073335,0.307434704412,1.071102648408,0.826479717103,-0.022219494738,1.004339537655,1.784455210732,0.276862682413,1.114649625524,0.893499758181,0.056680926641,1.049334428054,1.859190589756,0.325944118922,1.315703058139,0.048376109556,-0.034974660370,1.236834245987,1.096088977727,0.577269166708,0.505010247231,-0.000393860042,-0.282850858050
817,1,0.188775938712,-0.007899320343,-0.108311940392,-0.188775938712,0.007899320343,0.108311940392,0.201749359996,0.397613061774,-0.220191668627,-0.128350700227,0.400158518070,0.266177800885,0.209947410434,0.735441164671,0.660467741805,-0.013660471766,0.685948815444,1.831156140848,0.189201115409,0.763956022759,0.735633420981,0.039891675497,0.716625623033,1.954692171200,0.222359150168,0.902751858848,0.121392149782,-0.022862192101,0.845305874714,1.297165246854,0.577394872904,0.504299521446,-0.000371694565,-0.414816111313
818,1,0.228592873555,-0.009489504413,-0.127780797964,-0.228592873555,0.009489504413,0.127780797964,0.244151590880,0.486911410970,-0.171898068809,-0.155067998566,0.485903672910,0.320147953680,0.254138702920,0.890476240312,1.099887408419,-0.016935182463,0.830444515302,2.081734218566,0.229117266074,0.919893182208,1.199711916148,0.047127668717,0.866283743679,2.212758602753,0.268237904550,1.091425714429,0.332306011613,-0.028527822641,1.022797256746,1.487347734791,0.577402114868,0.504724919796,-0.000373696908,-0.342697497940
819,1,0.245246702942,-0.010233354180,-0.136717858747,-0.245246702942,0.010233354180,0.136717858747,0.262017529884,0.522741057449,-0.259629812259,-0.168260993136,0.521735493656,0.260900934311,0.272950630137,0.953557587932,0.895889988905,-0.018711363239,0.892194650588,1.862957375911,0.245884407168,0.990549478631,0.976021799664,0.050201057780,0.931820142946,1.970245856187,0.286551156069,1.170803469147,0.090930146356,-0.030966309893,1.099129064695,1.196216911092,0.577265098691,0.504712224007,-0.000387346372,-0.318957977534
820,1,0.239261642875,-0.010272645088,-0.131456773702,-0.239261642875,0.010272645088,0.131456773702,0.255825755486,0.507123459340,-0.266831647343,-0.164090023879,0.508945947476,0.262367146234,0.266133315187,0.927901802868,0.885268398841,-0.018253232392,0.869150809271,1.942557743284,0.239843522716,0.964379278494,0.965343469936,0.049454134474,0.908679803898,2.063052359557,0.278898936618,1.143222504279,0.084832306853,-0.030396589716,1.071852111288,1.319170990667,0.577207177877,0.504785865545,-0.000388497487,-0.326920113979
821,1,0.226158135685,-0.009789741964,-0.131646322558,-0.226158135685,0.009789741964,0.131646322558,0.241883229512,0.478670116989,-0.245210693664,-0.155444945026,0.480729598856,0.297351496862,0.251618883551,0.872491289106,1.039123010275,-0.017329400353,0.821375525420,2.218730284235,0.226798391797,0.906528553126,1.132040803932,0.046626336483,0.858708098450,2.364854464979,0.264385445497,1.079994482075,0.097237462845,-0.028733239880,1.013389730865,1.621255564696,0.577133342624,0.505075722933,-0.000377334654,-0.345475556814
822,1,0.209308888084,-0.009108961223,-0.121059573208,-0.209308888084,0.009108961223,0.121059573208,0.223927864258,0.443080174457,-0.225632318364,-0.144207732204,0.445069635709,0.273742013985,0.232785266033,0.811990187251,0.954691005042,-0.015561445085,0.759675251528,2.136274043550,0.209683190643,0.843799032409,1.035674528099,0.043701741595,0.794038687676,2.280192418460,0.244504196486,1.000747195836,0.115424637574,-0.026350372724,0.938704868594,1.584848221669,0.577055662870,0.505072623491,-0.000374751166,-0.372944493165
823,1,0.213470203459,-0.009164435979,-0.122789759427,-0.213470203459,0.009164435979,0.122789759427,0.228437878459,0.452774204261,-0.228708468982,-0.145991418428,0.453737407595,0.277648195290,0.237453315106,0.830702135743,0.979128441415,-0.018304364419,0.777730837611,2.112801341276,0.213955306203,0.862556890256,1.063176847819,0.041430037832,0.812985219511,2.231216565799,0.249078031317,1.020023944143,0.160039490719,-0.026934438312,0.956870373608,1.378626102464,0.577147811651,0.504970997572,-0.000376258045,-0.366030163613
824,1,0.267307779088,-0.011424766982,-0.124132532940,-0.267307779088,0.011424766982,0.124132532940,0.286281336654,0.566225520160,-0.273159034243,-0.182781701907,0.567822493350,0.341433586204,0.297549707448,1.042113545710,0.768213998443,-0.022057568123,0.977903078592,1.642327676322,0.269971914278,1.083809686328,0.829225985221,0.051948089023,1.022233603463,1.712041047737,0.310352391071,1.277143698829,0.011437307014,-0.034117904759,1.199749695353,0.981394432444,0.577123612165,0.505001842976,-0.000384688377,-0.292504347721
825,1,0.268294696651,-0.011448952302,-0.123732386438,-0.268294696651,0.011448952302,0.123732386438,0.287824016027,0.568796019978,-0.288970135672,-0.183307802116,0.569815264963,0.330019298569,0.299111964878,1.046208200947,0.801721921540,-0.020712945506,0.980156458572,1.799842035608,0.271321418227,1.085918018309,0.875194715206,0.053624589198,1.024940801727,1.897386994582,0.312009129401,1.280637618084,0.004011527907,-0.033993427207,1.204965996301,1.124578927105,0.577169328928,0.504982411861,-0.000388359651,-0.291168002552
826,1,0.249290262945,-0.010816984953,-0.118859412064,-0.249290262945,0.010816984953,0.118859412064,0.266531077932,0.528124742354,-0.258406202051,-0.170248471296,0.529217634146,0.304241039599,0.277882906553,0.969669003082,1.058712925288,-0.018893419156,0.910081864570,1.854977508539,0.252246928957,1.006907778794,1.158501496838,0.050250150819,0.951489263568,1.969304717267,0.289917935194,1.188630234951,0.256671954338,-0.032661649407,1.118134339769,1.110929891421,0.577168866992,0.505033046007,-0.000393349677,-0.313378041127
827,1,0.248296031506,-0.010699994773,-0.119371035344,-0.248296031506,0.010699994773,0.119371035344,0.265892426636,0.526815963525,-0.260021478356,-0.169488010025,0.526961057189,0.224066105821,0.276739693372,0.958664903743,1.195985060074,-0.019506431991,0.906935792365,1.872473283156,0.251278217732,0.997741317235,1.312030631742,0.049038012213,0.948310406154,1.980213663179,0.288739659187,1.174880981810,0.442003892584,-0.032525273549,1.113553905604,1.175415949585,0.577181145549,0.505058526993,-0.000393794850,-0.314673684429
828,1,0.269506428988,-0.011576801704,-0.108559908097,-0.269506428988,0.011576801704,0.108559908097,0.290024840019,0.571140440294,-0.247225038136,-0.183796087849,0.571613550016,0.203048803208,0.297617922221,1.016119452708,1.262737111575,-0.021778820956,0.984232227392,1.775495462804,0.266551342916,1.060916695526,1.379540544249,0.051808854264,1.029617877305,1.877824861910,0.314417427771,1.246532108108,0.527673401104,-0.035437141019,1.209083480066,1.062491572101,0.577191904187,0.505172491074,-0.000394513831,-0.290017063545
829,1,0.265056961339,-0.011482714244,-0.098483520006,-0.265056961339,0.011482714244,0.098483520006,0.285049190642,0.551986606691,-0.236170745682,-0.181067496680,0.558775008760,0.192758974104,0.292265065291,0.945440538350,1.528855017821,-0.022420370617,0.964526562182,1.846732747776,0.262555215476,0.985654101229,1.678937930938,0.046848184013,1.008072550848,1.960482715931,0.310930390588,1.177637213359,0.901946663070,-0.035677884687,1.188810748050,1.147312081826,0.577256828547,0.505116164684,-0.000387800857,-0.294765617812
830,1,0.279930331040,-0.012496023282,-0.087127592739,-0.279930331040,0.012496023282,0.087127592739,0.299021329765,0.577681626282,-0.257616304789,-0.191182380995,0.587948431109,0.181268948333,0.305755538148,0.935394381148,1.494857481648,-0.029703062895,1.010331318299,1.576575180201,0.275369839687,0.972336811267,1.641653423769,0.035928383934,1.052950233871,1.665521166999,0.326109007861,1.173105811682,0.990312671450,-0.040805265367,1.251012767495,0.939567218085,0.576878875494,0.504696607590,-0.000391067006,-0.279758763391
831,1,0.270658798734,-0.012551051747,-0.056751048104,-0.270658798734,0.012551051747,0.056751048104,0.289876260415,0.554188692945,-0.248078582008,-0.184746531648,0.574014711701,0.166081254239,0.293438163727,0.843672060010,1.394897827173,-0.030735223494,0.983350849558,1.178856768306,0.258375343114,0.872944623891,1.532709317143,0.031518125061,1.023175995076,1.233110363116,0.315256985366,1.068280110465,1.034485824421,-0.037565776913,1.214477240777,0.580831357875,0.576811999083,0.502356201410,-0.000386954285,-0.289229265907
832,1,0.251300364110,-0.012328199301,-0.037048495762,-0.251300364110,0.012328199301,0.037048495762,0.268135167385,0.507313297014,-0.059425350746,-0.169214299366,0.538027490071,0.153479439309,0.271540567157,0.738287065683,1.362986869701,-0.030004455880,0.921842837001,0.932470290643,0.239613820764,0.750422925970,1.494590453411,0.025782750783,0.959840190889,0.969792856352,0.292343300862,0.950979113872,1.149184963727,-0.034856964097,1.135972622905,0.396639208842,0.576795712113,0.499550715089,-0.000389976427,-0.311675568395
833,1,0.247695421177,-0.012907548286,-0.027305112087,-0.247695421177,0.012907548286,0.027305112087,0.269130429105,0.498036169236,-0.092957496904,-0.167155276797,0.528449661763,0.154965085988,0.269909803976,0.670692640493,1.433998915222,-0.030773189610,0.908859457625,0.911259959305,0.234969405758,0.670772926679,1.591080802226,0.022900839042,0.948292700728,0.949273128805,0.293083503760,0.883747660551,1.363058022988,-0.036116057466,1.118342210296,0.424562248726,0.576157510281,0.497440755367,-0.000366407912,-0.318490565283
834,1,0.247672055722,-0.014806170997,-0.024655492508,-0.247672055722,0.014806170997,0.024655492508,0.266328367303,0.488045551700,-0.077435673270,-0.167567165337,0.530434235951,0.158718322497,0.274136431931,0.587454105964,1.849495692733,-0.030972572975,0.911191313121,1.044336683532,0.249052856775,0.585823020176,2.050398476353,0.021394551298,0.954909699013,1.099003002117,0.295462664525,0.808253455565,1.851740157620,-0.038036764194,1.121670815336,0.535266004153,0.575683534145,0.495375633240,-0.000353168696,-0.320189104419
835,1,0.242680088771,-0.014742987951,-0.019601522280,-0.242680088771,0.014742987951,0.019601522280,0.263150289365,0.473288317698,-0.005197945985,-0.164441261398,0.525289572377,0.182593006197,0.276765667227,0.536072181458,1.644997103449,-0.026767896330,0.902579146825,0.886452971705,0.260075378659,0.531274562239,1.813592794578,0.022311609704,0.944830906991,0.922203002390,0.295965078556,0.729498360016,1.684598065949,-0.037322038670,1.107833994871,0.467474279745,0.575658828020,0.492951378226,-0.000353846932,-0.326894933047
836,1,0.245729583640,-0.014261338798,-0.003738346740,-0.245729583640,0.014261338798,0.003738346740,0.267299415568,0.474558009040,0.084018934430,-0.167993721850,0.532557533607,0.226329939114,0.279900497813,0.493170579552,1.867843359744,-0.023227461567,0.918663940328,0.935218286341,0.266636972051,0.466822158269,2.057478439356,0.023199256792,0.960838927150,0.974625149648,0.299408892528,0.670846650321,1.981122768080,-0.037406720783,1.127394021142,0.493036962240,0.575762867928,0.491162613034,-0.000356327160,-0.323332156645
837,1,0.274729524675,-0.015266054975,-0.008036529013,-0.274729524675,0.015266054975,0.008036529013,0.306498339872,0.537189121141,-0.560790292948,-0.186058620469,0.603237924019,0.267686883858,0.312569606268,0.428334021618,1.844483558929,-0.020640366340,1.027412841862,1.139557771778,0.344748056989,0.383159186100,2.168299620279,0.030706913086,1.073646039304,1.186136368313,0.326605369378,0.595990084245,1.988627855899,-0.040511178167,1.261468647621,0.851081753167,0.576088026166,0.490015760064,-0.000359616126,-0.290431038820
838,1,0.287983774420,-0.016752170738,-0.011885674332,-0.287983774420,0.016752170738,0.011885674332,0.323577095024,0.568335243889,-0.723600012819,-0.194256713717,0.639286724751,0.340130751997,0.327167152414,0.299032663095,1.597747734977,-0.019424223076,1.080977930917,1.304886958137,0.345538839838,0.234931300105,1.918400237767,0.037825520105,1.126536600282,1.383776173469,0.314951902756,0.363444068693,1.958674021669,-0.045174710024,1.327011653005,1.101032548261,0.576298207045,0.489142805338,-0.000341030769,-0.277796371476
839,1,0.288925187302,-0.016530698109,-0.013957455709,-0.288925187302,0.016530698109,0.013957455709,0.326661013517,0.577479590985,-0.685609005374,-0.197730247097,0.647652646670,0.359464283309,0.306091437751,0.217910564508,1.407477202963,-0.018078708980,1.091207815015,1.283450511782,0.319044911737,0.173450686908,1.670840124981,0.039025190807,1.135882515107,1.353434631086,0.308459103838,0.265899760817,1.861860176743,-0.046555793236,1.336480535049,1.030269423968,0.576589316130,0.486946821213,-0.000326718087,-0.277459983092
840,1,0.291525841313,-0.016526798693,-0.016383747757,-0.291525841313,0.016526798693,0.016383747757,0.340741359527,0.581207716334,-0.667179777638,-0.199906507333,0.655000762925,0.373567950132,0.304653007984,0.205600808498,1.380249107744,-0.017281972031,1.103917025693,1.297447628470,0.308364735776,0.163486753455,1.628023729701,0.040261327788,1.146336740984,1.367095225545,0.312009728829,0.252765071719,1.840913388624,-0.045529911069,1.348363455330,1.016023122874,0.576831713319,0.486247882247,-0.000330394367,-0.275539143683
841,1,0.289403749290,-0.015955623842,-0.016774855156,-0.289403749290,0.015955623842,0.016774855156,0.349909817396,0.574327165364,-0.651535083256,-0.197542690407,0.650259555821,0.380939767313,0.293358103551,0.205081900723,1.393508980511,-0.014462572425,1.097410368853,1.259461783581,0.295625681085,0.172431013555,1.635948569990,0.042047341767,1.137721738917,1.322830913494,0.298743399233,0.257518170879,1.840782941748,-0.046671883783,1.336269657367,1.002987157092,0.577258318663,0.485968127847,-0.000336588826,-0.278062260461
842,1,0.288653829380,-0.015410952017,-0.018141057206,-0.288653829380,0.015410952017,0.018141057206,0.360733960841,0.572029988106,-0.618380115832,-0.196323039826,0.652682718476,0.428504801509,0.297482076635,0.214532620730,1.427987978780,-0.013310632728,1.093464446428,1.266256401880,0.294573449577,0.177999351164,1.660054660345,0.045074753029,1.133317408516,1.324789519292,0.298372949747,0.272028627771,1.883898858484,-0.049237604754,1.331918280450,1.005530419832,0.577372297645,0.485908925533,-0.000338922720,-0.279198215001
843,1,0.287188211682,-0.015353138578,-0.017317433868,-0.287188211682,0.015353138578,0.017317433868,0.366352567487,0.563430549656,-0.638583523813,-0.194518419108,0.647930049041,0.418107384168,0.289931993751,0.212317600289,1.422875666613,-0.012293173942,1.088289158098,1.263970131158,0.279203409438,0.171370315020,1.682206742065,0.045377974996,1.125669293488,1.323092243272,0.283809414608,0.273296423772,1.902302030707,-0.044267149218,1.322411166063,0.983185596898,0.577538281679,0.485951364040,-0.000330435345,-0.281167708564
844,1,0.292442592662,-0.015705543523,-0.018094277172,-0.292442592662,0.015705543523,0.018094277172,0.380038679047,0.572150646592,-0.649313897674,-0.196924508682,0.658776171730,0.414126347456,0.293551928557,0.212765220219,1.441545258867,-0.011690822034,1.105337054118,1.288161161313,0.281905193581,0.171783957859,1.695280760053,0.046540699631,1.143542608202,1.351072370806,0.289178535433,0.259995755812,1.900056802399,-0.045185574348,1.342785751640,0.989791147093,0.577726200223,0.486058622599,-0.000329249073,-0.276817085868
845,1,0.292265855954,-0.015212379384,-0.018795563523,-0.292265855954,0.015212379384,0.018795563523,0.382593037559,0.571195351987,-0.665936058470,-0.197719592696,0.656562892476,0.410288968967,0.289442526760,0.210043166592,1.448919314662,-0.011414270520,1.104179695705,1.291857060046,0.279665593646,0.170201755598,1.699543107781,0.046955533974,1.142487090670,1.356077585335,0.283509664933,0.265574804900,1.889535315132,-0.045060269426,1.341124964197,0.982634994248,0.577792316675,0.485981479287,-0.000325678848,-0.277193671782
846,1,0.293755417599,-0.015075188430,-0.020968754074,-0.293755417599,0.015075188430,0.020968754074,0.385686762106,0.574510582749,-0.686602737532,-0.199810294937,0.658971271688,0.404023156582,0.297766549897,0.206333760544,1.412381183235,-0.011341967674,1.109470203810,1.291998806667,0.281269495999,0.143604630462,1.662537012560,0.047522549569,1.148183757080,1.358794283977,0.287159664736,0.275939796612,1.887314936642,-0.047405636549,1.348550847576,0.994781164482,0.577822536230,0.485972046852,-0.000325899571,-0.275812845181
847,1,0.288241001087,-0.014698293086,-0.020901355617,-0.288241001087,0.014698293086,0.020901355617,0.380590264610,0.561985468621,-0.657001724443,-0.196464641535,0.645073789710,0.395198945570,0.303467762379,0.201993984800,1.384596327042,-0.010860682876,1.086872786591,1.271369871502,0.285090611144,0.155101979931,1.643485124822,0.046573178254,1.124340388889,1.337908409294,0.291535913066,0.257505893292,1.877592942827,-0.046519749537,1.319786446310,0.974184744405,0.577656522393,0.486010015011,-0.000327140093,-0.281686956154
848,1,0.288914633161,-0.015357913452,-0.021295199757,-0.288914633161,0.015357913452,0.021295199757,0.381664505577,0.563062610774,-0.649153484621,-0.197081973956,0.647460010971,0.405772637212,0.308353085043,0.199878838035,1.393129835471,-0.008812775405,1.089836926747,1.280753508973,0.289202627506,0.157446964312,1.643528087980,0.051151549336,1.127559944480,1.346746098258,0.305887106956,0.246973548033,1.872229529417,-0.045218187199,1.323540520329,0.997631209790,0.577651053667,0.485847964883,-0.000327863963,-0.281057975751
849,1,0.287683533542,-0.015135463483,-0.023491496215,-0.287683533542,0.015135463483,0.023491496215,0.380308742528,0.559630662825,-0.647305801289,-0.195836180269,0.644975442117,0.402328148916,0.309641886266,0.195686235359,1.377306423251,-0.007931616001,1.086188418635,1.266847322972,0.290590596420,0.159144644986,1.621481549064,0.051236930448,1.122554149650,1.330690076077,0.305232313112,0.249460142903,1.849181946315,-0.043723745720,1.317195626300,0.969102332918,0.577656984329,0.485950663686,-0.000326421577,-0.282331684236
850,1,0.286378782089,-0.015018995296,-0.023476455917,-0.286378782089,0.015018995296,0.023476455917,0.377003814643,0.556375495286,-0.645150962691,-0.196749006289,0.640215697581,0.397839103948,0.293249978471,0.201578845437,1.368927851717,-0.008483871221,1.079435389879,1.221919593135,0.282046938610,0.146134732937,1.609969299075,0.050232499410,1.115916733983,1.281651998761,0.291737574387,0.266306843906,1.835978423678,-0.044972141406,1.309583162296,0.921197580814,0.577457174659,0.485977083445,-0.000323902816,-0.283992270695
851,1,0.285305699835,-0.015031092305,-0.030101058575,-0.285305699835,0.015031092305,0.030101058575,0.375283287306,0.553898013143,-0.638919898874,-0.195390969610,0.636317356507,0.385982792292,0.305953625835,0.187597350734,1.329524359113,-0.008401639856,1.074037448546,1.220500607282,0.313185451525,0.101161000442,1.562358167414,0.051009022446,1.110604678457,1.282105730097,0.320637539050,0.239707786948,1.790913394783,-0.044906535458,1.303114778044,0.920437678209,0.577689379454,0.486428752542,-0.000327399001,-0.284950366939
852,1,0.286165987847,-0.014764771963,-0.030389704011,-0.286165987847,0.014764771963,0.030389704011,0.374000720099,0.558173669371,-0.635755856552,-0.196120479214,0.636790855844,0.391198499216,0.305670654754,0.193874151398,1.373881647527,-0.008322329300,1.073335697680,1.281245903235,0.306189392001,0.109280141485,1.616215697254,0.052116154193,1.110346831774,1.350247786121,0.317743085248,0.251053404895,1.853551319917,-0.046518162652,1.304671179346,1.006032423429,0.577419057488,0.486588761210,-0.000326136593,-0.285017746436
853,1,0.285173284793,-0.014799321821,-0.031842534900,-0.285173284793,0.014799321821,0.031842534900,0.366743393238,0.557293499486,-0.593015988081,-0.194500326046,0.634066261187,0.384797600669,0.314439100651,0.196419191801,1.370626878711,-0.008228682400,1.070011886600,1.274756533814,0.328912836870,0.119916735445,1.611993920825,0.052016480960,1.108082008113,1.343306135930,0.357547697114,0.242819803086,1.840693708390,-0.045187571764,1.297935979106,0.994812104799,0.577412456274,0.486732974648,-0.000328293070,-0.285999614212
854,1,0.287947581383,-0.014901754940,-0.032245933272,-0.287947581383,0.014901754940,0.032245933272,0.364258545716,0.571034584419,-0.611717021862,-0.196577587375,0.640012232832,0.376900580930,0.319454813236,0.214050600148,1.373041070928,-0.007587006907,1.080147948650,1.294281249535,0.329902800132,0.136639449067,1.614513967812,0.053227504103,1.118999121672,1.366729041388,0.357070301275,0.251925933403,1.853962176020,-0.045807187376,1.310278233650,1.048773177367,0.577359572053,0.486764192581,-0.000328008085,-0.283290712110
855,1,0.287549206887,-0.014693793081,-0.032244578371,-0.287549206887,0.014693793081,0.032244578371,0.361650433343,0.572638908825,-0.617731558448,-0.194432353742,0.638058126931,0.325245385672,0.379936528047,0.311932644825,1.488210047114,-0.006122133666,1.076966837703,1.300975584712,0.373497318457,0.249423781382,1.744895429145,0.054159162427,1.115147253846,1.379815460169,0.405380754861,0.394326585818,1.945340565538,-0.042081915377,1.308168496299,1.045406927594,0.577289476991,0.487190872431,-0.000327912159,-0.283712206735
856,1,0.284140506543,-0.014271470417,-0.024092224495,-0.284140506543,0.014271470417,0.024092224495,0.354892348221,0.566480877859,-0.570724713097,-0.190971600706,0.628446955495,0.310774433291,0.364645683650,0.428145357785,1.778533685910,-0.002636798066,1.061880956371,1.311169206264,0.377051331080,0.391747696504,2.046509036229,0.054123861732,1.099792030469,1.392269309022,0.377868121555,0.572503189944,2.142010117029,-0.041360407982,1.290880322941,1.025790853809,0.577103808522,0.487761497498,-0.000329219969,-0.287190028159
857,1,0.282175235529,-0.015673512467,-0.015823041238,-0.282175235529,0.015673512467,0.015823041238,0.350756862650,0.558662785784,-0.374433760134,-0.188834659825,0.622199539777,0.303536544530,0.356916775954,0.508254094833,1.905468019861,-0.003171853300,1.050397464926,1.345844266550,0.369557441055,0.475623922322,2.154601947289,0.052491406441,1.089645847217,1.428607801257,0.369318747123,0.707496759486,2.156699110314,-0.041796514829,1.279504837334,1.014715000537,0.576710581779,0.488691538572,-0.000330942217,-0.288791471207
858,1,0.277156549858,-0.015745383248,-0.016183643206,-0.277156549858,0.015745383248,0.016183643206,0.341599024047,0.546099169321,-0.110670737161,-0.186933669538,0.604905713056,0.280911657852,0.346645819387,0.599289305201,1.778743172442,-0.005120920211,1.034021195381,1.043246520513,0.361447610324,0.586757626542,1.991433759983,0.049563304616,1.076439736967,1.082701897538,0.361055734810,0.826303990072,1.946751613653,-0.043154604597,1.259596901977,0.563985411033,0.576075524092,0.489018261433,-0.000337744365,-0.293098564437
859,1,0.266660416399,-0.014375227250,-0.015001638027,-0.266660416399,0.014375227250,0.015001638027,0.321266739854,0.522351081173,0.021291798740,-0.180188122150,0.577361855181,0.213847921732,0.332178853102,0.629004466313,1.705325322716,-0.008501758802,0.991462467396,0.934567368912,0.347033450977,0.617997991088,1.888798783261,0.043480398339,1.035312998379,0.974039347071,0.345369400593,0.855250708563,1.768724395314,-0.044461821811,1.210528951336,0.471691286606,0.575757220387,0.490726023912,-0.000343969092,-0.303512419077
860,1,0.264746885334,-0.014196718789,-0.017241382685,-0.264746885334,0.014196718789,0.017241382685,0.312398526469,0.525890138948,-0.142166881708,-0.178509150226,0.568856340475,0.187383580040,0.327593976242,0.696525797837,1.666014355323,-0.010487579402,0.985324961603,0.945648858189,0.329648223716,0.695429964614,1.859776473861,0.041519539428,1.030899386943,0.986738499077,0.342846700209,0.913329344369,1.549343009367,-0.045684037983,1.202578491738,0.436682266340,0.575224533677,0.491147503257,-0.000345500885,-0.304921982270
861,1,0.266416899698,-0.014751920061,-0.017537172999,-0.266416899698,0.014751920061,0.017537172999,0.309216850637,0.525870495876,-0.188522225109,-0.180908397020,0.568699726213,0.136931794968,0.325550600050,0.762434378852,1.456514275020,-0.019687526371,0.982459556630,0.971264541666,0.311810055672,0.772830147709,1.604012208496,0.036138591209,1.030603986820,1.017324001772,0.343506487447,0.968546501205,1.226532519350,-0.047172373970,1.204275921346,0.445220792867,0.574489325285,0.493042394519,-0.000347123249,-0.301286505748
862,1,0.260901304091,-0.015732336346,-0.016935341440,-0.260901304091,0.015732336346,0.016935341440,0.300761829823,0.511599600758,-0.034532213682,-0.177121882629,0.552412021098,0.092725255917,0.314829986412,0.791748424797,1.444947037923,-0.027513387174,0.957907014833,0.987371680056,0.286903838125,0.816184781151,1.612859411010,0.029713575299,1.003475490112,1.036693239344,0.337573109079,1.006760976769,1.228406688755,-0.045450257527,1.178573900866,0.450775446001,0.573829427361,0.495307132602,-0.000358619262,-0.305163232822
863,1,0.265268761551,-0.015847301059,-0.017574669314,-0.265268761551,0.015847301059,0.017574669314,0.302815097692,0.524052956354,-0.102702330583,-0.182897083469,0.561542414291,0.110385932142,0.319185688266,0.864448246263,1.220455006162,-0.032588151692,0.973410635500,1.037056602009,0.290763739674,0.892761554475,1.334373623722,0.028595542478,1.013898487684,1.087751834860,0.344206881979,1.083751945023,0.833194282518,-0.046325191106,1.198707110181,0.518822376276,0.573017224669,0.497082933784,-0.000364842359,-0.297089489568
864,1,0.265954988726,-0.015704918212,-0.018697109086,-0.265954988726,0.015704918212,0.018697109086,0.298315180294,0.532174111620,-0.125347514619,-0.187168902808,0.560554627578,0.123211645489,0.318359938616,0.913266524294,1.272766714183,-0.036137756828,0.976091069717,1.396140312517,0.287348333684,0.951746873053,1.393895882669,0.026292922118,1.015684192786,1.482636943794,0.346863284068,1.139940336261,0.814414904994,-0.046742510211,1.204210818308,0.817750385587,0.572231680155,0.499352931976,-0.000369335525,-0.293584292152
865,1,0.261914053709,-0.014605808371,-0.035377324787,-0.261914053709,0.014605808371,0.035377324787,0.287352229307,0.526498735455,-0.218598463001,-0.185834383407,0.551864639806,0.132270180552,0.313029772084,0.918230541515,1.360197083154,-0.036999119181,0.956992587941,1.924138438662,0.280735150179,0.955305189661,1.473356513715,0.026682373717,0.994347700646,2.058174636593,0.341193405637,1.159726765304,0.896661438347,-0.046763054765,1.183481050935,1.299451546986,0.571905776858,0.501001417637,-0.000385107007,-0.297317059715
866,1,0.238421771442,-0.010581493768,-0.055092658905,-0.238421771442,0.010581493768,0.055092658905,0.257858811049,0.480577285764,-0.165450143672,-0.168456898870,0.498877262479,0.151269926397,0.282032121937,0.852617181453,1.568708781371,-0.033668306287,0.864029065187,2.166174635612,0.252524983921,0.893522421176,1.704724248204,0.027157165445,0.898413124180,2.316950379923,0.305642560224,1.070349665505,0.916759378501,-0.038529072172,1.070002650485,1.510637524588,0.571815252304,0.503463923931,-0.000379414298,-0.326523127971
867,1,0.229194194253,-0.010159696736,-0.070898813444,-0.229194194253,0.010159696736,0.070898813444,0.245698597765,0.464246386941,-0.194392146792,-0.161962309118,0.480934808131,0.164867319377,0.268239623163,0.832182981771,1.433694354235,-0.031740944513,0.831320431794,1.941117226636,0.240882737580,0.876165487468,1.535071254692,0.029675175033,0.864352745365,2.067826642788,0.288367631232,1.039967359397,0.651916033751,-0.036233852794,1.028955944992,1.317528852856,0.571792632341,0.503172233701,-0.000375684351,-0.339778616969
868,1,0.275696205747,-0.011500828061,-0.083065847219,-0.275696205747,0.011500828061,0.083065847219,0.295171839668,0.563194078138,-0.128152843422,-0.194118230312,0.579883080020,0.313196969373,0.319277308716,1.021903004693,1.140145949218,-0.037323228134,1.001658561063,2.138754156794,0.287659205384,1.069425377791,1.218872443078,0.037716226870,1.042311733816,2.175332669720,0.334941793367,1.272845404196,0.456299677300,-0.041194798192,1.235953504565,1.416733018884,0.571787521243,0.503488540649,-0.000376579352,-0.282630057663
869,1,0.274396280397,-0.011722270384,-0.108966630028,-0.274396280397,0.011722270384,0.108966630028,0.293802741369,0.573305343261,-0.165675360417,-0.193641623860,0.583790514054,0.272206940193,0.316535681760,1.037232619812,1.279453931381,-0.037792309525,0.997391620373,2.259939680580,0.285341657285,1.084822787533,1.399542803400,0.037104050651,1.038538061637,2.406716931252,0.327052184839,1.280740207810,0.552569760536,-0.040812195165,1.231315524225,1.610187870118,0.571616083384,0.503969669342,-0.000397422351,-0.283448582421
870,1,0.272293357497,-0.011187985671,-0.117778234019,-0.272293357497,0.011187985671,0.117778234019,0.290468470782,0.572340732581,-0.198133933795,-0.192173779163,0.579742945352,0.286665380918,0.312164082474,1.028285887004,1.254549069730,-0.034731018626,0.989581492856,2.212983829347,0.281604168568,1.074341965449,1.370095581594,0.039189008157,1.030610823234,2.351936717608,0.322940950100,1.283465124791,0.461782302495,-0.038869342475,1.222583741269,1.542992538804,0.571555793285,0.504200249910,-0.000404927880,-0.285469214675
871,1,0.279547915428,-0.011693969260,-0.118565236605,-0.279547915428,0.011693969260,0.118565236605,0.297686261560,0.587602877024,-0.206654702260,-0.199148464171,0.596728855020,0.300341441942,0.313142361668,1.062135460641,0.931359649678,-0.037233454956,1.019136762113,1.878325882816,0.285416719170,1.112491821734,1.008638537969,0.038690391235,1.061497009774,1.965415525278,0.312312590508,1.318526580409,0.183496415269,-0.041931335509,1.259011566394,1.227070636691,0.571190372109,0.504121899605,-0.000400124118,-0.277273951989
872,1,0.276967506428,-0.011753946223,-0.108948900325,-0.276967506428,0.011753946223,0.108948900325,0.289044266674,0.581395193025,-0.212848611121,-0.199185734006,0.591675168290,0.293514561700,0.303065155727,1.051877560588,0.928671926534,-0.038446510869,1.013635285522,1.748553916010,0.277059875985,1.099772507629,1.012952275506,0.035689700423,1.055012372404,1.833665377916,0.305699019842,1.312817404059,0.210284983027,-0.045103724407,1.250054900295,1.098376643281,0.570160001516,0.504046767950,-0.000396344811,-0.279730837210
873,1,0.283054779513,-0.012044694641,-0.097199231895,-0.283054779513,0.012044694641,0.097199231895,0.293702855526,0.597651275751,-0.142339051402,-0.201239356280,0.603836518444,0.324521136543,0.307876708958,1.085508027877,0.834680536317,-0.039336135317,1.039893411556,1.455484634462,0.281822686297,1.130594511104,0.900519987768,0.035994117787,1.082942344262,1.509632186353,0.311002800468,1.339769773483,0.203595909105,-0.045680469954,1.275742003285,0.853411167732,0.569847464561,0.503939211369,-0.000401386060,-0.274247700519
874,1,0.280293084531,-0.011952720327,-0.099967788197,-0.280293084531,0.011952720327,0.099967788197,0.288211816933,0.591581965610,-0.179010411492,-0.203553956046,0.598519955359,0.335412193881,0.298469988826,1.070371311586,0.921944271637,-0.044004527328,1.030726394249,1.593275216264,0.273507783965,1.116418622058,1.004990066399,0.030700540032,1.073538158471,1.646269669222,0.300298382574,1.325956852693,0.182434712746,-0.052122035635,1.264714276492,0.877251189313,0.568463653326,0.503857046366,-0.000402058475,-0.276769396544
875,1,0.267376777292,-0.010495569769,-0.094874986327,-0.267376777292,0.010495569769,0.094874986327,0.275766434524,0.566990683222,-0.191602563943,-0.194566633392,0.572921519663,0.311532172508,0.281452831010,1.025488139489,0.955799745806,-0.044265212287,0.990006335690,1.568584858913,0.256451248663,1.071657933553,1.045819575065,0.026910799521,1.031891168411,1.639344200000,0.284884261181,1.267681678361,0.235730600658,-0.049810795701,1.211550518325,0.907463263996,0.567751869559,0.503332316875,-0.000400890596,-0.289318130887
876,1,0.275264685717,-0.010538792642,-0.088020434303,-0.275264685717,0.010538792642,0.088020434303,0.278889333508,0.583290935579,-0.182821920096,-0.202533391103,0.586261944528,0.320424081724,0.282627455871,1.056646525107,0.890801036307,-0.050567527779,1.014933019508,1.566068068718,0.256582299754,1.098438914517,0.968007932540,0.022204474256,1.056949616110,1.637536484155,0.286362308986,1.299948661634,0.235304390590,-0.055676836368,1.240841697779,0.942564001824,0.566212818027,0.503374755383,-0.000395364128,-0.282594580050
877,1,0.265608055188,-0.010167845368,-0.093039695457,-0.265608055188,0.010167845368,0.093039695457,0.268189107173,0.565150658911,-0.239590291272,-0.195431515166,0.566325568280,0.303729657191,0.270973990755,1.020702565183,1.000262335627,-0.050708228623,0.980483667446,1.783423162933,0.245717310188,1.063026194788,1.099159572863,0.019603587942,1.021651945737,1.884708621961,0.274841392272,1.254405219975,0.284433879409,-0.054913210308,1.198177443566,1.048598233377,0.565663486719,0.503357917070,-0.000399224460,-0.292567235833
878,1,0.247817016489,-0.009351226242,-0.089238566912,-0.247817016489,0.009351226242,0.089238566912,0.248905180991,0.529482052001,-0.223512326422,-0.182570181668,0.531060837876,0.280238524472,0.250712663265,0.955195731675,0.984784455829,-0.049077371086,0.920846332456,1.661551082251,0.226811414185,0.995476003512,1.075611773023,0.016049878941,0.959646075988,1.752247960618,0.254982868699,1.176321536324,0.290243896676,-0.052250557412,1.122863896091,0.977004493807,0.564947068691,0.502482056618,-0.000405716710,-0.313014017622
879,1,0.277262145422,-0.010006042231,-0.092856544851,-0.277262145422,0.010006042231,0.092856544851,0.277790146886,0.591312272053,-0.203145208679,-0.204248938188,0.592460951566,0.354206023577,0.277717025910,1.072070996090,0.821448765701,-0.056985843963,1.032921090459,1.509171097287,0.250584042481,1.111815434770,0.886719545675,0.016273296320,1.075734059385,1.563322493780,0.282895011279,1.315332153537,0.180788563370,-0.060980077258,1.254285278992,0.883438188752,0.564316108823,0.502586558461,-0.000401636586,-0.280411983303
880,1,0.275370528513,-0.009911409363,-0.091985167730,-0.275370528513,0.009911409363,0.091985167730,0.272830198893,0.586144567607,-0.216426112218,-0.204179283287,0.588409200905,0.336606077227,0.271703893985,1.059916569175,0.886934802664,-0.060375701691,1.023742131941,1.679192693848,0.244084691223,1.100042091198,0.966288726236,0.012276923890,1.066368960005,1.768788830730,0.276962796066,1.305588570901,0.219386162859,-0.063055461510,1.245040216234,1.036905692014,0.563228338957,0.502576097846,-0.000401618890,-0.282569132462
881,1,0.278094169720,-0.009854542134,-0.087061520157,-0.278094169720,0.009854542134,0.087061520157,0.273475520871,0.592412216070,-0.188810558942,-0.207750578918,0.594568494995,0.337017366297,0.271878668007,1.071660980800,0.817735543671,-0.063037959640,1.034963100091,1.445944153434,0.243834892121,1.111264594437,0.886175924167,0.010130578236,1.078464258229,1.502984829090,0.277390650681,1.317873673482,0.203217418663,-0.065603283570,1.258790650404,0.853550641741,0.562444314361,0.502482369542,-0.000399474055,-0.279630144022
882,1,0.278071083710,-0.009741210539,-0.084328254270,-0.278071083710,0.009741210539,0.084328254270,0.272447473263,0.591776742646,-0.168586630858,-0.206070632740,0.594534912064,0.335819020852,0.269615800953,1.073508522949,0.863344195202,-0.063075548644,1.035610218417,1.523719003831,0.241411888813,1.115741367632,0.944912379233,0.008463858095,1.079159297510,1.592261729593,0.276124641891,1.316756865558,0.211260899027,-0.067019777782,1.257719981291,0.898910220991,0.561814114451,0.502523228526,-0.000397560187,-0.279765893422
883,1,0.284448790855,-0.009979881869,-0.085877001234,-0.284448790855,0.009979881869,0.085877001234,0.279126376620,0.607046304308,-0.174439894410,-0.210302627417,0.611235866793,0.342713951374,0.273651946488,1.103729122251,0.907320116670,-0.065069634123,1.063134211426,1.602566896672,0.244703354914,1.147975693158,0.990103263818,0.006651487800,1.107846993558,1.679403227841,0.280650360573,1.352194351504,0.233302695428,-0.071741066496,1.290227819738,0.973142945301,0.560995146632,0.502498343587,-0.000397089869,-0.272701943282
884,1,0.282847918002,-0.009814278011,-0.084122153143,-0.282847918002,0.009814278011,0.084122153143,0.277206681992,0.602757879085,-0.169456076773,-0.209255982934,0.607104141698,0.340225575755,0.270884509785,1.095972672582,0.889472947236,-0.065305202203,1.056762042306,1.571174029354,0.242402697187,1.139534126765,0.964343565362,0.005738923747,1.101189490944,1.640160251000,0.278462992984,1.343538267107,0.201757960438,-0.069952727496,1.282627166813,0.914319081836,0.560693487525,0.502425223589,-0.000397112221,-0.274417136828
885,1,0.231511884116,-0.007359612517,-0.104281524064,-0.231511884116,0.007359612517,0.104281524064,0.226655532690,0.493772653861,-0.096864207456,-0.169937781986,0.497917117617,0.278099069385,0.220747452192,0.896274226962,1.531232501101,-0.054115028176,0.864331270312,2.234426280390,0.197414137258,0.932342609132,1.661725905755,0.003718327548,0.900356949898,2.389536301606,0.227052488798,1.099034994694,0.789091918554,-0.058553783911,1.049680592983,1.604045567625,0.560315132141,0.502760946751,-0.000384874642,-0.334994120443
886,1,0.242022862694,-0.007697508305,-0.106808350809,-0.242022862694,0.007697508305,0.106808350809,0.237318333308,0.516679138682,-0.107486153748,-0.176783779908,0.521127829259,0.305455561021,0.227467235717,0.937603247768,1.280068038632,-0.056739145549,0.905005957276,1.946048767133,0.202611489832,0.976386288706,1.380569958116,0.003372920034,0.942949608580,2.054391289628,0.236777236086,1.149869952783,0.617531498218,-0.062143973164,1.098551368749,1.342454071805,0.560139268637,0.502752244473,-0.000384826213,-0.320110861507
887,1,0.285220059291,-0.007823665036,-0.118932168813,-0.285220059291,0.007823665036,0.118932168813,0.279608160638,0.610570531716,-0.131461356393,-0.208070071789,0.613921240267,0.320366625692,0.267872333593,1.101992556013,1.393015440534,-0.067293085543,1.064309495661,2.155386095499,0.237663567492,1.148233608049,1.500335423974,0.003557244785,1.108968988659,2.268996510352,0.279331387807,1.353709758270,0.620704247693,-0.075408680018,1.292643786863,1.458493851827,0.560028806329,0.503682851791,-0.000390734524,-0.271348354417
888,1,0.235506348285,-0.006793458895,-0.097495838039,-0.235506348285,0.006793458895,0.097495838039,0.230903824549,0.505434266819,-0.055291326148,-0.172973550875,0.506793194397,0.285180092832,0.220567032735,0.909216597122,1.478914442764,-0.056409415691,0.876880396649,2.074044006082,0.194903308148,0.946823992783,1.596174910433,0.001884804617,0.914625825396,2.201101195242,0.230730603001,1.116771562739,0.728031137540,-0.062220953277,1.066737380200,1.381221752266,0.560020282865,0.503889352083,-0.000391250476,-0.328610594060
889,1,0.248135155517,-0.006808598239,-0.101714450170,-0.248135155517,0.006808598239,0.101714450170,0.243215896701,0.533373898299,-0.137041382249,-0.182382894359,0.530850000770,0.279147229847,0.232198668273,0.955754887250,1.392036168974,-0.059438025733,0.920600368144,2.040399450336,0.205109917871,0.995597491066,1.491475055786,0.001937504677,0.960787200620,2.151349832824,0.243196687939,1.173037330680,0.678131397223,-0.065421602867,1.120305743153,1.418170597500,0.560018599033,0.505001574755,-0.000391492620,-0.311850748726
890,1,0.234979243038,-0.006350563100,-0.095673639761,-0.234979243038,0.006350563100,0.095673639761,0.230964754104,0.508415557767,-0.136669840442,-0.173781477554,0.503178874756,0.199112035789,0.219944755044,0.904375336931,1.397744881956,-0.055842913537,0.871165797733,1.930621951674,0.193698865055,0.942485948517,1.516528982221,0.002154978239,0.910109649489,2.053662665133,0.231573771658,1.110233939065,0.673049795191,-0.061967807424,1.059938998243,1.278331059708,0.560139864683,0.505036413670,-0.000393555500,-0.329626694773
891,1,0.285791985714,-0.007181467501,-0.101668870253,-0.285791985714,0.007181467501,0.101668870253,0.281261051882,0.622951876442,-0.167585219337,-0.211041794678,0.610946143231,0.285258941541,0.265161196657,1.094170752673,1.089676272468,-0.067245014778,1.053790708264,1.873175826998,0.232996751948,1.140128057807,1.178180542599,0.003223849178,1.101023073242,1.966147310927,0.279988518868,1.346842877692,0.453655279826,-0.079529358342,1.283304336415,1.296101825374,0.560300365090,0.506344199181,-0.000389510766,-0.271270211776
892,1,0.291229159224,-0.007349533295,-0.090038115554,-0.291229159224,0.007349533295,0.090038115554,0.286307463872,0.637521239869,-0.215840980307,-0.217808349947,0.625292196543,0.283204986000,0.268292877246,1.114705027364,1.033073008354,-0.068953025738,1.072791617303,1.824882191324,0.233841345472,1.161507906325,1.127918813290,0.002166725354,1.120681243837,1.922683766149,0.284621729503,1.374614942854,0.360738080768,-0.080532168950,1.306969382316,1.218193273642,0.560434207320,0.506334692240,-0.000387948938,-0.266336141120
893,1,0.239425989150,-0.006166294447,-0.080829944363,-0.239425989150,0.006166294447,0.080829944363,0.235157489886,0.526659170065,-0.214804408225,-0.180837688000,0.515351462278,0.149595560601,0.219737111097,0.927462517281,1.305798626547,-0.056770074912,0.881876452853,2.034601896810,0.190679414972,0.960914202688,1.434553866363,0.001501237535,0.920844734574,2.187256963211,0.233238182129,1.143050505514,0.562255335643,-0.065081834949,1.074428886773,1.409410171696,0.560414656997,0.506281942129,-0.000382178463,-0.324170567372
894,1,0.251209845523,-0.007043309475,-0.080250575809,-0.251209845523,0.007043309475,0.080250575809,0.245280113428,0.553593370571,-0.218620153927,-0.189958464162,0.541621353735,0.207899713122,0.232606955279,0.996269673716,0.633034474349,-0.058158544497,0.927846915700,1.482123109472,0.203961824991,1.031875048085,0.678434482576,0.004127010665,0.967798286939,1.546793662917,0.243842176282,1.224462840354,-0.062063970151,-0.067733035786,1.128471429456,0.904420248984,0.560583755374,0.505687743425,-0.000388023444,-0.309269605905
895,1,0.253326489948,-0.007135075973,-0.079994237878,-0.253326489948,0.007135075973,0.079994237878,0.246046799090,0.555696579133,-0.335756442730,-0.190749936119,0.543003551666,0.213316629543,0.237734296771,1.046038741112,0.373738744399,-0.056935412501,0.932466238723,1.596435644165,0.209978492360,1.082610152872,0.409121557224,0.006293891327,0.971934397884,1.682810100960,0.240745768757,1.267936015089,-0.447923520588,-0.066977973168,1.138148266361,0.997884499238,0.561236828566,0.505552977324,-0.000391632318,-0.308090496874
896,1,0.193273263600,-0.005739274800,-0.080377335189,-0.193273263600,0.005739274800,0.080377335189,0.186303574842,0.424159582951,-0.252805872590,-0.145853725204,0.414443955059,0.397696369507,0.183932420789,0.826908147416,0.314333148409,-0.042451126686,0.706694688842,2.149578893090,0.164561759442,0.858753070360,0.335313178813,0.007618034473,0.736835586984,2.285417302569,0.181403396454,0.994423941017,-0.535747721407,-0.056931351990,0.868800085611,1.709121546948,0.561751410365,0.505383193493,-0.000359365717,-0.403794603729
897,1,0.183706240677,-0.005471928233,-0.093484650917,-0.183706240677,0.005471928233,0.093484650917,0.177164692504,0.405710356803,-0.335580298555,-0.137201245927,0.394638876828,0.432570880063,0.179149533237,0.807641061861,0.163358978990,-0.038612225646,0.668540291799,2.237702004306,0.162001600014,0.838888441202,0.177130687094,0.009865873533,0.697380393781,2.380535762011,0.171893757243,0.973098757103,-0.713497333205,-0.056332075233,0.827396984304,1.837761551330,0.562643736601,0.505369901657,-0.000331413001,-0.424067774090
898,1,0.190337148768,-0.005244088441,-0.101788542518,-0.190337148768,0.005244088441,0.101788542518,0.184332311924,0.423663126648,-0.323888500461,-0.141667284441,0.408131846660,0.535723745002,0.191137163481,0.854853750391,0.155851807249,-0.038954179382,0.689662419450,2.400671621138,0.172976495017,0.894995117576,0.162949592751,0.014091260777,0.719438789621,2.545135284945,0.178807469365,1.023649437746,-0.785382244655,-0.060719495121,0.855966877569,1.958689597339,0.563056126237,0.506292700768,-0.000331440940,-0.409848901290
899,1,0.204112437785,-0.005828563238,-0.108252003271,-0.204112437785,0.005828563238,0.108252003271,0.198915739133,0.455447385600,-0.373080991502,-0.151973754855,0.436895604547,0.504543744941,0.207866933371,0.918114978990,0.038328649362,-0.040376232707,0.736250469111,2.314342622681,0.186597067341,0.955303766082,0.041097950154,0.017399919413,0.768515370986,2.454872079816,0.192974061929,1.107669836317,-0.864273091475,-0.064465923963,0.916390224715,1.915758765156,0.563577711582,0.506879061460,-0.000338327140,-0.382560824628
900,1,0.204416184040,-0.005867489168,-0.107722773950,-0.204416184040,0.005867489168,0.107722773950,0.199990745870,0.455775242831,-0.422092696821,-0.153094786094,0.436632218470,0.528903775255,0.212441762065,0.937162165501,-0.114787384044,-0.039608240530,0.736029873857,2.324432885824,0.188109489447,0.984400090245,-0.124470816106,0.020061373310,0.768357409008,2.461302571975,0.194706654549,1.127679203664,-1.080182964054,-0.065028987330,0.916047932865,1.902895287846,0.563744843006,0.507113933563,-0.000341076404,-0.382415167458
901,1,0.206696564483,-0.005980033928,-0.108626137321,-0.206696564483,0.005980033928,0.108626137321,0.204448472341,0.465538110026,-0.434302645262,-0.153818648763,0.438327260143,0.559300495670,0.219461488283,0.952062882176,-0.118167930873,-0.037132990311,0.737610017325,2.348459654314,0.193381821397,1.002745779245,-0.124460619317,0.026072096225,0.770191462889,2.486518236345,0.199625961003,1.149870543795,-1.043642314910,-0.065826901226,0.919603040361,1.965685276934,0.564706742764,0.509977936745,-0.000344015658,-0.377909245006
902,1,0.216025152304,-0.005226113846,-0.127612798228,-0.216025152304,0.005226113846,0.127612798228,0.214627394101,0.493866935103,-0.455297678490,-0.160944619615,0.456344834127,0.712264914931,0.238217527919,1.010905730480,-0.242968977455,-0.033576208820,0.763902523225,2.488588175172,0.210355816709,1.063812887490,-0.263291740318,0.032748307151,0.798363322953,2.622086434146,0.209903949543,1.208318656987,-1.261470201431,-0.066213237094,0.953615758369,2.055645087092,0.565471097827,0.512097299099,-0.000357892364,-0.361954037402
903,1,0.204053637895,-0.004202095719,-0.127912849399,-0.204053637895,0.004202095719,0.127912849399,0.203065269755,0.469963275254,-0.517099918456,-0.149707887363,0.430365134056,0.686193056857,0.230493590391,0.950467257564,-0.256570836626,-0.028188609785,0.715319677352,2.552421732918,0.204620346744,0.999436328825,-0.270482511646,0.034515592348,0.747992186778,2.697487259233,0.200360727363,1.140082921575,-1.280895607115,-0.059540245700,0.895288576817,2.127281716465,0.566506683826,0.513069361448,-0.000343309715,-0.384421343116
904,1,0.205576227925,-0.003189853662,-0.132717353762,-0.205576227925,0.003189853662,0.132717353762,0.205115904470,0.474143180179,-0.485899311831,-0.152230845723,0.429651039300,0.738746971573,0.235691167726,0.966488551868,-0.299531234824,-0.026266463480,0.720184345036,2.410906605805,0.211310386403,1.018422745190,-0.321523657645,0.037455454909,0.759761515303,2.540608532679,0.199846766626,1.151992798247,-1.280842104113,-0.063590084257,0.899311232680,1.976427023970,0.567008435726,0.514954447746,-0.000350030139,-0.380683741856
905,1,0.248315742255,-0.003278443123,-0.157868983096,-0.248315742255,0.003278443123,0.157868983096,0.249330484908,0.578492672519,-0.575766725561,-0.184598593042,0.518770177239,0.816887501771,0.286694681099,1.175185068038,-0.539686396535,-0.030762013169,0.870011721172,2.520815816561,0.257123143103,1.230070721364,-0.576507790308,0.045813349341,0.918422449330,2.644103871005,0.241359675203,1.411608248379,-1.575843515526,-0.081825851780,1.087619901252,2.151601839839,0.567399784923,0.515613853931,-0.000361869112,-0.314163834207
906,1,0.247872264066,-0.003479841736,-0.150585136950,-0.247872264066,0.003479841736,0.150585136950,0.252835879306,0.577066945435,-0.542341483997,-0.182568367948,0.515256762535,0.780670619864,0.290773146972,1.186155541598,-0.448415447806,-0.026853763665,0.862649212889,2.433250652468,0.261924360187,1.240328618661,-0.481278983468,0.049777432497,0.910063837978,2.555461067650,0.241452523274,1.425571807348,-1.467429324421,-0.078137392062,1.083632939575,2.065498097136,0.568577319384,0.517536342144,-0.000381011516,-0.313675144645
907,1,0.275959506814,-0.004306149669,-0.131910759496,-0.275959506814,0.004306149669,0.131910759496,0.278232546764,0.639696012146,-0.494054962083,-0.203494226959,0.572689753598,0.779405006863,0.323667839284,1.325520966009,-0.514656417357,-0.029922115016,0.959019759552,2.126410788389,0.293647243862,1.388768352887,-0.554792977204,0.054369703749,1.012124670083,2.221269697565,0.264696227141,1.601557362684,-1.514353717512,-0.086666937544,1.205396673265,1.787329151613,0.568534925580,0.517858713865,-0.000404614955,-0.281589629761
908,1,0.206380743870,-0.003384543970,-0.125620221447,-0.206380743870,0.003384543970,0.125620221447,0.210966005911,0.483758561862,-0.436541647438,-0.153413470768,0.429411577703,0.856230772843,0.245643826691,1.003561039992,-0.309109649514,-0.021288301442,0.717441070810,2.580278630839,0.229121531987,1.052979984173,-0.328621397798,0.041936034125,0.756120754340,2.714153440676,0.196618698929,1.212194722711,-1.267580003537,-0.064675787140,0.904621870903,2.176732733920,0.568997293711,0.519019693136,-0.000369783491,-0.374291877739
909,1,0.209180457824,-0.002955290487,-0.127844249029,-0.209180457824,0.002955290487,0.127844249029,0.214667057080,0.491597083568,-0.452271720682,-0.154804177448,0.434396086493,0.842738619408,0.250051585709,1.018235768189,-0.383871662282,-0.019960893142,0.723874705613,2.436747851385,0.235119960964,1.064628255864,-0.409330042550,0.043765083373,0.762808276567,2.558373100363,0.192536453426,1.232807294293,-1.309010215208,-0.062446490502,0.915218614684,2.064986292941,0.569205656648,0.519200176001,-0.000371810049,-0.369522557571
910,1,0.234770976642,-0.003478276516,-0.141898330298,-0.234770976642,0.003478276516,0.141898330298,0.241156834574,0.553204930427,-0.513608624677,-0.173479211142,0.487278725575,0.886237666116,0.281072321065,1.156085710808,-0.562511312826,-0.020839071576,0.808587407516,2.600181869566,0.269014404567,1.211885498917,-0.600315309017,0.052502272492,0.849853276251,2.720379664851,0.198476961561,1.394943315697,-1.521263400810,-0.070277924915,1.025372697450,2.234621433430,0.569157049060,0.519472688437,-0.000379925594,-0.328836228464
911,1,0.224876595103,-0.003341333700,-0.149123489204,-0.224876595103,0.003341333700,0.149123489204,0.231280325923,0.532240867897,-0.525621568037,-0.165317209008,0.467316034216,0.929884051352,0.269207190256,1.103889603998,-0.461122868166,-0.018263442035,0.771870489916,2.699827660567,0.257519122301,1.154596314208,-0.487738645767,0.051849334135,0.807606503678,2.834625065381,0.190753671929,1.343936067731,-1.444726412914,-0.066863712121,0.979171779179,2.341149782081,0.569122299552,0.519652843475,-0.000391060486,-0.343178580525
912,1,0.230312999475,-0.003136481408,-0.148776359777,-0.230312999475,0.003136481408,0.148776359777,0.236961579227,0.551772034895,-0.532029869620,-0.168914651597,0.478592683143,0.909046058481,0.274845738078,1.134790137010,-0.453577881793,-0.017945085775,0.788066196334,2.679119181049,0.262780666119,1.183619272073,-0.479901065100,0.053344626589,0.824611075491,2.812646113188,0.195670914299,1.378504377255,-1.426461209535,-0.064571715473,1.000610274911,2.289990701465,0.569065243006,0.520181953907,-0.000404480845,-0.335300681127
913,1,0.225861461269,-0.003026410741,-0.145600573471,-0.225861461269,0.003026410741,0.145600573471,0.232271863158,0.541449820647,-0.520053832560,-0.164924881794,0.468551327240,0.876597746638,0.268373546932,1.111893271174,-0.408979950343,-0.017761336775,0.770377762568,2.609294594634,0.255900567410,1.160024552187,-0.427492205973,0.051903166327,0.806078137466,2.742076525708,0.192970509829,1.352105248652,-1.341386846720,-0.063164727889,0.979216218739,2.265998065564,0.568988054991,0.520866483450,-0.000407444313,-0.342128737797
914,1,0.225617345615,-0.002624812346,-0.144726229458,-0.225617345615,0.002624812346,0.144726229458,0.231779513265,0.537259732026,-0.516842105631,-0.162410840617,0.466239637793,0.933789951644,0.268267390683,1.107905583319,-0.378252919077,-0.015446593677,0.766715842846,2.717954196908,0.255735789830,1.157663940215,-0.393892240992,0.053731004680,0.802012617975,2.856196402995,0.193421196990,1.350394614738,-1.334598940518,-0.058549994057,0.974909345833,2.374068872610,0.569022670388,0.522097557783,-0.000405777246,-0.342359494121
915,1,0.225806200439,-0.002565421265,-0.144101401705,-0.225806200439,0.002565421265,0.144101401705,0.232442336119,0.535776007550,-0.498212172416,-0.161538120175,0.465360385255,0.941150730564,0.268160759830,1.106173148338,-0.373535414337,-0.010897405098,0.764824254000,2.672026367368,0.256307968772,1.156596639496,-0.392755273343,0.061208712927,0.797648974430,2.805529577542,0.194557355534,1.345999349443,-1.326982273337,-0.058616660088,0.972953834224,2.356244132200,0.569298610091,0.522352188826,-0.000404521823,-0.342432281658
916,1,0.251428049216,-0.002853569290,-0.137816760847,-0.251428049216,0.002853569290,0.137816760847,0.257604758809,0.595122926644,-0.471525575017,-0.179887752211,0.514275123627,0.972803642074,0.298306953333,1.231823236710,-0.462069426427,-0.011064279119,0.849625571044,2.501635292878,0.285383866795,1.286139017780,-0.493992648800,0.068927520941,0.886780014120,2.619059635232,0.216694522815,1.495882998127,-1.421365991775,-0.066629277999,1.081282025567,2.280269478396,0.569288313389,0.522798150778,-0.000401878729,-0.307561689561
917,1,0.247446717351,-0.002759812290,-0.134030347108,-0.247446717351,0.002759812290,0.134030347108,0.254783274041,0.588709678441,-0.453165957095,-0.176918859893,0.505173377498,0.953117015112,0.294190357844,1.211236269536,-0.382517697934,-0.010621792946,0.837617444809,2.467899224778,0.281169408811,1.264811567129,-0.408328696796,0.066791562293,0.876052818847,2.586933527770,0.213967931819,1.473837516158,-1.352073429704,-0.058094764671,1.065223584265,2.248404890562,0.569371491671,0.523374915123,-0.000405443832,-0.312189761365
918,1,0.212767572966,-0.002335430989,-0.149311095126,-0.212767572966,0.002335430989,0.149311095126,0.219305347764,0.506682361266,-0.461807611956,-0.152313997855,0.435706096848,1.002477168424,0.254464291025,1.042727224504,-0.319880801008,-0.008925876019,0.723314200991,2.763298397884,0.247015074328,1.091229101085,-0.338487815364,0.059509872694,0.756863163406,2.898383386892,0.182085517096,1.268971381502,-1.266767914132,-0.053528344920,0.918689487391,2.377523516027,0.569372206926,0.523554146290,-0.000369712710,-0.362130291391
919,1,0.212764182901,-0.002736350203,-0.157821936380,-0.212764182901,0.002736350203,0.157821936380,0.221209049188,0.504891487115,-0.490304216641,-0.153468260336,0.435249449768,0.986926547704,0.255865564423,1.040446579744,-0.348004094772,-0.007413717607,0.723312079636,2.770317376488,0.248518100576,1.088942358034,-0.370683978263,0.061177307269,0.760157724384,2.906471608754,0.183750958137,1.266206328688,-1.365130790395,-0.062451797662,0.917004021712,2.389462140316,0.569915279746,0.523977756500,-0.000361148268,-0.362330691532
920,1,0.202747872706,-0.002847843012,-0.157877003732,-0.202747872706,0.002847843012,0.157877003732,0.210144084497,0.480019048553,-0.518626399008,-0.144548365671,0.414605151866,0.913490828012,0.244439806419,0.984932949730,-0.274240298548,-0.004775548698,0.687564210410,2.710931156883,0.238803945743,1.028562911933,-0.281484248961,0.062775637903,0.720741081004,2.852226587637,0.175435919581,1.195821762066,-1.272381101696,-0.058718306204,0.871600590864,2.335054980797,0.570134520531,0.523868739605,-0.000352792442,-0.381088903915
921,1,0.202098203082,-0.003770159815,-0.161541286198,-0.202098203082,0.003770159815,0.161541286198,0.210149030325,0.474353726182,-0.566220131396,-0.145208554829,0.414616630073,0.891913675089,0.244357321165,0.978990072761,-0.385925327827,-0.004756617122,0.685866237578,2.634733970106,0.238208969539,1.025708018345,-0.404142409419,0.062229391314,0.718449216640,2.769378776703,0.180592437524,1.181916342696,-1.395859135737,-0.060511302424,0.869130142212,2.265144360495,0.570447057486,0.523016661406,-0.000345490873,-0.382900132865
922,1,0.193709222970,-0.004322393550,-0.148585763897,-0.193709222970,0.004322393550,0.148585763897,0.201344633914,0.451919953261,-0.521804489418,-0.140938190560,0.400174699928,0.745309694255,0.235074334644,0.932492008275,-0.339175775586,-0.004406085730,0.660851124869,2.434650926775,0.227840347930,0.975683287048,-0.354166368468,0.059770792858,0.693348295149,2.565953780160,0.176329134466,1.120721350612,-1.308007301275,-0.057875584371,0.836789459725,2.029791925196,0.570465818048,0.521481066942,-0.000333428383,-0.399716040627
923,1,0.197749710159,-0.004952966862,-0.128350571883,-0.197749710159,0.004952966862,0.128350571883,0.203314023638,0.459999439225,-0.420645584919,-0.144223892660,0.409112399525,0.621505870927,0.238612254235,0.935972729996,-0.287429260481,-0.009512303678,0.673566116374,2.190481263962,0.227500651161,0.980500705615,-0.306493609150,0.054056849211,0.706792805012,2.311455561547,0.194792926193,1.128474430455,-1.158185039037,-0.059603382188,0.851531991748,1.875091478625,0.570068493485,0.520293176174,-0.000339629129,-0.393889093633
924,1,0.185214023199,-0.005684788673,-0.122418904338,-0.185214023199,0.005684788673,0.122418904338,0.190303430426,0.423815543889,-0.433217520743,-0.134441122234,0.383845857653,0.640130055100,0.222817117734,0.856702303060,-0.225678445087,-0.013372867458,0.630619293025,2.494257510681,0.203018915233,0.903734181477,-0.237660018927,0.047513307874,0.661849215633,2.637769352753,0.202283394075,1.033172032862,-1.090936967680,-0.054012817875,0.798995883650,2.154488069840,0.570114433765,0.519203394651,-0.000330306590,-0.421069782835
925,1,0.192507024934,-0.006602895386,-0.125116544509,-0.192507024934,0.006602895386,0.125116544509,0.197914657773,0.434054820149,-0.435788522347,-0.139629995403,0.401133912306,0.611158836531,0.231556744780,0.871007640096,-0.087363618844,-0.011454581064,0.657411500239,2.537879644591,0.209632736729,0.910078422161,-0.086935127458,0.054512874057,0.687864385766,2.646394835725,0.214835838548,1.057049848263,-0.945465036026,-0.053050040610,0.831872864113,2.194306426765,0.570321813226,0.517701238394,-0.000331895426,-0.406095234788
926,1,0.236418482256,-0.007683180683,-0.145755281909,-0.236418482256,0.007683180683,0.145755281909,0.242447838223,0.524353864854,-0.408428590775,-0.170126462433,0.492331780352,0.603196560965,0.283838632269,1.034113045432,-0.053657766512,-0.013497388551,0.806272330646,2.371477101461,0.256925495584,1.077582212332,-0.056832059822,0.068359121090,0.843389711322,2.497484282397,0.263719613008,1.265708321335,-0.977636680519,-0.064108340708,1.017938363091,1.983189163759,0.570475980639,0.517005026340,-0.000364322215,-0.331824744998
927,1,0.238551017837,-0.007115991649,-0.136240743096,-0.238551017837,0.007115991649,0.136240743096,0.242765540790,0.533543991194,-0.411280267425,-0.171542964241,0.502136993810,0.498599597934,0.285579929064,1.022264397443,0.083284145947,-0.015520498716,0.824879953153,2.313293054449,0.259600542550,1.062869384719,0.098416239438,0.068832982600,0.862507319838,2.452301683502,0.264929273670,1.243586071662,-0.787721133413,-0.064367457206,1.035137055832,1.934570393361,0.570542097092,0.514323621988,-0.000372305512,-0.329128423006
928,1,0.232048005645,-0.005908882793,-0.132141603878,-0.232048005645,0.005908882793,0.132141603878,0.230205253645,0.511687847352,-0.366002434983,-0.167537317392,0.489677076038,0.448317320579,0.277986433467,0.953516750431,0.407200591538,-0.015604993375,0.808583622505,2.239264761819,0.254074908201,0.989978646492,0.450315346802,0.065961794850,0.845804832879,2.374801397153,0.257644672742,1.174411809221,-0.436331939928,-0.061860757106,1.012279780163,1.778288162525,0.570632159710,0.512848526239,-0.000374719501,-0.338090828083
929,1,0.254339841426,-0.006711033253,-0.133475463702,-0.254339841426,0.006711033253,0.133475463702,0.249019729935,0.565469696677,-0.374735606728,-0.183972108485,0.538811264667,0.344506307248,0.305408583219,1.022396771089,0.513046875011,-0.017752126920,0.895227526706,1.920042933783,0.287023121195,1.063195918956,0.567928960798,0.069054106080,0.937178561852,2.030386817121,0.281108611908,1.255388726751,-0.293435596851,-0.068372558281,1.120765934962,1.375681895148,0.570631742477,0.510694593191,-0.000389659777,-0.308453174449
930,1,0.247677035807,-0.007115083020,-0.116023203030,-0.247677035807,0.007115083020,0.116023203030,0.244513188473,0.535264871621,-0.325679892624,-0.179765096042,0.522447923323,0.282241420237,0.294302312793,0.955260997290,0.746098476642,-0.016851972712,0.882156413307,1.617070505307,0.277754556171,0.993209109814,0.820150644374,0.066988665091,0.923562527084,1.700647269741,0.273313941650,1.186648413466,-0.014346343849,-0.066926975522,1.098279046620,0.957978024304,0.570597350597,0.508412152529,-0.000397430733,-0.316914575384
931,1,0.264941853178,-0.008185910076,-0.099457579224,-0.264941853178,0.008185910076,0.099457579224,0.260192082342,0.560274033280,-0.230886221809,-0.193730791475,0.557643753019,0.269269580139,0.312257230036,0.998605803687,0.648979333734,-0.017957993597,0.948888940924,1.299336292342,0.294858701496,1.035944439216,0.709070336024,0.069830250049,0.991526353175,1.356768704213,0.292553258937,1.235827033228,0.024880916398,-0.071478373966,1.178291940462,0.748664079354,0.570619046688,0.507388889790,-0.000400057063,-0.296337219756
932,1,0.280801350617,-0.009980555763,-0.077087529779,-0.280801350617,0.009980555763,0.077087529779,0.275533320324,0.590991526206,-0.254520879180,-0.205338107990,0.592124474882,0.232923605733,0.326072331083,1.017428807000,0.844158309133,-0.019763074484,1.008811027253,1.360640461373,0.308427278482,1.065322140845,0.931037995897,0.067912754208,1.054696833128,1.425147500293,0.309555434650,1.266022752725,0.269113397640,-0.073443839890,1.249420230167,0.760327189378,0.570664152503,0.507052659988,-0.000390913337,-0.279833599094
933,1,0.271939168831,-0.009461547752,-0.074341693852,-0.271939168831,0.009461547752,0.074341693852,0.266880012974,0.561148640801,-0.275279863664,-0.198825567889,0.571570836078,0.213568252973,0.311211219468,0.964322081517,1.012783218791,-0.021530243167,0.976239557210,1.639458274017,0.292010234516,1.014369207832,1.123044264221,0.059333935862,1.020887541171,1.732644075308,0.300273371128,1.203945513227,0.339555053513,-0.072612801658,1.210015963870,0.973397908090,0.570683985949,0.507277280092,-0.000385779887,-0.288918694145
934,1,0.246307121466,-0.009705604246,-0.068968926474,-0.246307121466,0.009705604246,0.068968926474,0.240000212067,0.507663363202,-0.298458286707,-0.179825503120,0.515825762637,0.183819182147,0.279471588022,0.858572719227,1.354528633650,-0.023003189391,0.881350665191,1.691059880835,0.262659392465,0.901302345776,1.503199106960,0.045251969817,0.922691547574,1.851387413994,0.272123914760,1.077809281093,0.697797432411,-0.065433425796,1.094311994704,1.139839830486,0.570780441165,0.507819741964,-0.000389419496,-0.318937156413
935,1,0.249323934903,-0.010305054744,-0.069574196721,-0.249323934903,0.010305054744,0.069574196721,0.244459245021,0.506618179677,-0.203560545012,-0.181586935396,0.520014675221,0.237557330956,0.281370598229,0.865026236782,1.384906274718,-0.031387000298,0.889883863421,1.745375418394,0.265208688648,0.907022340850,1.515019879484,0.028209066459,0.931654423893,1.861856113310,0.277427933589,1.076927942383,0.777469020736,-0.065618770814,1.105176663300,1.112198828683,0.570863738656,0.508410036564,-0.000388910994,-0.315275372938
936,1,0.209247845871,-0.008708694770,-0.062144112330,-0.209247845871,0.008708694770,0.062144112330,0.205426735686,0.420065734982,-0.134801741329,-0.152111662392,0.434193109702,0.219254828846,0.230579634341,0.717138667814,1.511148114616,-0.028941802012,0.745763240495,1.717603247663,0.216739503284,0.751752758721,1.648077430328,0.019418893226,0.779965306110,1.831982547639,0.232024499315,0.893898628768,0.922155262228,-0.055113578767,0.925553816440,0.992033371500,0.570968776941,0.508600831032,-0.000377319753,-0.375688739005
937,1,0.211352093323,-0.009029378113,-0.060822327578,-0.211352093323,0.009029378113,0.060822327578,0.207493553176,0.422594187567,-0.130539010500,-0.153615635971,0.437930767032,0.188700807970,0.230388743759,0.723106542741,1.306733585418,-0.032125058640,0.752492880696,1.505869732274,0.216434723725,0.755089916479,1.424821802320,0.015125033532,0.786855375073,1.596017382067,0.234145456645,0.902436606422,0.796902517557,-0.055669828633,0.934293076635,0.898500406465,0.570975825191,0.508845865726,-0.000380148180,-0.371990285545
938,1,0.239126045676,-0.010576690089,-0.069975495605,-0.239126045676,0.010576690089,0.069975495605,0.234410808157,0.468622018514,-0.165409025679,-0.173927238887,0.493948378913,0.233142726781,0.257048260939,0.816712969395,1.258506134240,-0.037503275783,0.849151099943,1.644800629352,0.242650763413,0.853577224173,1.371125590885,0.017197574683,0.886734740342,1.732379758395,0.262269514667,1.019296671769,0.672686911194,-0.063321790174,1.055566935094,1.024763702372,0.570909827948,0.509078294039,-0.000379463658,-0.328934069107
939,1,0.232664598777,-0.009151508449,-0.068622661732,-0.232664598777,0.009151508449,0.068622661732,0.228889475934,0.451794622341,0.027032550496,-0.168966143976,0.474684940607,0.224376250377,0.237970996348,0.789050036091,1.797464156801,-0.038256702468,0.818349636420,1.871085751352,0.216138872482,0.823064044521,1.947138240126,0.013169517978,0.854123570662,1.999476773111,0.254208749207,0.991783511527,1.249915414000,-0.062226987229,1.019645448328,1.263959562043,0.570621237159,0.511712312698,-0.000378098339,-0.338101279401
940,1,0.214632097833,-0.008535753116,-0.064072661268,-0.214632097833,0.008535753116,0.064072661268,0.211291294424,0.419251805651,-0.010211058002,-0.156346569012,0.437698443233,0.209538854791,0.218130373332,0.729736912863,1.653476242046,-0.037385487463,0.755941637454,1.826801284114,0.198150480588,0.758709007831,1.793273659223,0.011740428296,0.788299260186,1.949904704459,0.234474721837,0.913063102758,1.100616576665,-0.058679657107,0.942615229433,1.237244104271,0.570477545261,0.511831641197,-0.000376245938,-0.365829200160
941,1,0.216745257452,-0.008444401774,-0.063880783481,-0.216745257452,0.008444401774,0.063880783481,0.213167920651,0.424036706955,-0.011831255454,-0.158212871574,0.437989086113,0.212623268592,0.214739205722,0.732617468145,1.555769762422,-0.039301843978,0.759618115980,1.807561650007,0.193581275138,0.761321617535,1.685578688473,0.009347400846,0.792001275494,1.930005969684,0.236134977790,0.919823167256,1.013931543164,-0.060054727797,0.947751470973,1.162572756293,0.570203378797,0.513584971428,-0.000377818942,-0.362001228020
942,1,0.219307576952,-0.008893562253,-0.067476455797,-0.219307576952,0.008893562253,0.067476455797,0.215784433091,0.430799626985,-0.034815858116,-0.160662988269,0.443661353023,0.214146222779,0.216401942002,0.740985015797,1.636606782227,-0.042644171645,0.770324984216,1.839762795435,0.195087671956,0.769445782248,1.779179560578,0.007715443288,0.802477131733,1.961443147279,0.238449436142,0.929370669377,1.070681916185,-0.062009624585,0.961277547391,1.205447421078,0.569893851876,0.513113856316,-0.000378577970,-0.357477921346
943,1,0.214394229594,-0.008969608813,-0.065076050256,-0.214394229594,0.008969608813,0.065076050256,0.212408166650,0.423308541740,-0.015178369220,-0.157067620627,0.433529786521,0.199747234760,0.209092429258,0.724577392973,1.626813682494,-0.042118411559,0.753003806595,1.782733745666,0.188053794290,0.753851454668,1.764320909578,0.007241089172,0.783905901145,1.898152491686,0.233031222232,0.909442221584,1.077057419051,-0.059430545932,0.939484423530,1.176699658159,0.569743156433,0.513504177332,-0.000375231728,-0.365089387367
944,1,0.215955040990,-0.008778584389,-0.065634464144,-0.215955040990,0.008778584389,0.065634464144,0.212938306361,0.426844041511,-0.025075040433,-0.158837716686,0.436845653072,0.204071094917,0.209609611893,0.729641118475,1.610158674553,-0.042758914654,0.758440508130,1.783278063862,0.188574136094,0.757464781227,1.746819431628,0.007644001981,0.789177713106,1.896915248168,0.232974968422,0.917131200289,1.047933018115,-0.060496998777,0.946592467338,1.180424424131,0.569428458810,0.513137102127,-0.000377275981,-0.362737134075
945,1,0.266775801687,-0.011057832843,-0.075282394695,-0.266775801687,0.011057832843,0.075282394695,0.263967683982,0.527359164184,-0.102182671279,-0.195787698933,0.539540772084,0.254664937397,0.259313988106,0.902604388460,1.280592901170,-0.052554303079,0.936676460286,1.653459901453,0.233295975968,0.938685609258,1.394237242915,0.009835519324,0.974607828273,1.740678573230,0.288339530147,1.131968827035,0.760327440116,-0.074191135807,1.169010150556,1.069572760309,0.569505080581,0.513212382793,-0.000378713012,-0.293521467790
946,1,0.254893299908,-0.010433504954,-0.077411403083,-0.254893299908,0.010433504954,0.077411403083,0.251711351105,0.503734338371,-0.106758267502,-0.188843315551,0.515057636364,0.257157091762,0.247343011584,0.863267969014,1.602010843738,-0.052711675274,0.894574014158,1.879961193174,0.222723657792,0.897222533442,1.756648549230,0.005471145384,0.930779693848,1.995513786223,0.269452491196,1.082524383441,0.988008434988,-0.071534615864,1.116426749782,1.171482866835,0.569392576814,0.513371378183,-0.000380557962,-0.307169293216
947,1,0.249109623299,-0.010584736506,-0.075921625100,-0.249109623299,0.010584736506,0.075921625100,0.246755328780,0.491931159299,-0.089040927270,-0.184177310837,0.502620898213,0.250845622383,0.240333567528,0.841999127264,1.754448741451,-0.051350402764,0.873817135714,1.932506244167,0.215011277724,0.875922500471,1.914559946367,0.005984520208,0.908671479645,2.058850345284,0.264072751393,1.057895852517,1.157803122832,-0.069334486241,1.091055537317,1.240851293946,0.569569572806,0.513808965683,-0.000380439684,-0.313910593917
948,1,0.256568045440,-0.010672309934,-0.078329913583,-0.256568045440,0.010672309934,0.078329913583,0.253950883039,0.506752875313,-0.092418956911,-0.191173124438,0.518175070015,0.257234973105,0.247526485436,0.867440210065,1.768674505181,-0.054025597773,0.899344843010,1.984858282150,0.220794355330,0.900749336292,1.923756074840,0.004881734188,0.933935796787,2.113928260602,0.271904881224,1.087620307451,1.143745327021,-0.072676462523,1.124176651883,1.286545357119,0.569525048137,0.513951718807,-0.000380625948,-0.304666280979
949,1,0.223778030693,-0.009307633653,-0.071908773962,-0.223778030693,0.009307633653,0.071908773962,0.221846286654,0.442713985708,-0.081431361716,-0.167945029693,0.451827898785,0.185483056983,0.215711403482,0.754651903915,1.849255086826,-0.048649167843,0.784288421252,2.022366866176,0.192193128122,0.781832010206,2.020245668533,0.002868216614,0.812465121768,2.169935691455,0.237279245460,0.949201126547,1.268212491318,-0.063097138590,0.980671759579,1.379798274225,0.569551452994,0.514039993286,-0.000371992588,-0.349220888429
950,1,0.239995321645,-0.009651463103,-0.076427968227,-0.239995321645,0.009651463103,0.076427968227,0.239595004447,0.477786158055,-0.078277105717,-0.180154569479,0.484245132615,0.197488983026,0.231335241982,0.806374589799,1.893459490060,-0.051186656249,0.839259249870,1.945122333757,0.205673009420,0.833781792420,2.062551026108,0.004659694010,0.867680126527,2.077607228156,0.254588902449,1.016689479022,1.230920641723,-0.065914894184,1.049930788645,1.404564940863,0.570112481713,0.513981163502,-0.000373863615,-0.326225746518
951,1,0.261098947544,-0.010018201473,-0.076744733171,-0.261098947544,0.010018201473,0.076744733171,0.265157043730,0.522688370881,-0.241468055615,-0.191278357752,0.527688283887,0.181890325919,0.259189985566,0.877713780269,1.358690269744,-0.049338358456,0.913236424954,1.653883393443,0.230675244696,0.907705709470,1.494363343234,0.011646515547,0.944258373185,1.753409155934,0.281429457177,1.105955865742,0.842796051382,-0.066338142139,1.141277075655,1.084006245284,0.571504548192,0.513759285212,-0.000374172814,-0.300043081229
952,1,0.262163096691,-0.009579355583,-0.072271985364,-0.262163096691,0.009579355583,0.072271985364,0.266950879436,0.527277477498,-0.230617928249,-0.191254082329,0.531813817619,0.188526229695,0.261903275970,0.884473817787,1.296480850767,-0.047572924600,0.921256253211,1.595044182113,0.233441786135,0.915044692812,1.424391439319,0.013369745927,0.956647126757,1.682434307999,0.285690586054,1.114763744194,0.780215582776,-0.064861724491,1.149509105377,0.981307046102,0.572029918432,0.513187944889,-0.000373032875,-0.298802380465
953,1,0.240114234884,-0.009161668845,-0.064619179134,-0.240114234884,0.009161668845,0.064619179134,0.244694340411,0.487036808615,-0.205586859972,-0.174756368638,0.490152107669,0.183580089104,0.240138106209,0.819736935085,1.300021788900,-0.042653365925,0.846230097167,1.489638649722,0.213995087267,0.854031647145,1.427992045654,0.012901950172,0.884496013737,1.588474045143,0.265988838084,1.035701361128,0.770611555760,-0.058448712050,1.053066930226,0.976813156455,0.572291299701,0.512420713902,-0.000374103896,-0.327095726349
954,1,0.227407156183,-0.008953528291,-0.064118267430,-0.227407156183,0.008953528291,0.064118267430,0.231771931151,0.463632867178,-0.243263990407,-0.165915998759,0.466133110737,0.152682587566,0.227424232700,0.799200395890,1.126663419385,-0.037543714215,0.804498773360,1.582030389935,0.202733745393,0.839124084963,1.234968899186,0.018115553954,0.844085934307,1.702024831796,0.251775432039,1.006549328710,0.483890904116,-0.055173234275,1.000268447803,1.022546860927,0.572340294719,0.511676162481,-0.000375786796,-0.345554065183
955,1,0.248608389271,-0.009064624775,-0.068391146287,-0.248608389271,0.009064624775,0.068391146287,0.255226420395,0.516896948358,-0.301477840078,-0.180944695418,0.515914360227,0.160342461505,0.250330787439,0.911963409558,0.735040772771,-0.038769479269,0.886094608850,1.514443627724,0.223400008941,0.953054895270,0.807828627041,0.023513025441,0.930115798747,1.605897787540,0.275600403158,1.148501325402,0.059206731547,-0.058548415841,1.099368908830,0.939799261920,0.572808071971,0.509286314249,-0.000379858539,-0.316831691646
956,1,0.258552767069,-0.008626849992,-0.070460157724,-0.258552767069,0.008626849992,0.070460157724,0.265369800702,0.553498550704,-0.288769848887,-0.188963450206,0.540921383327,0.190831828364,0.270939113449,1.008369249779,0.564531813862,-0.036551561331,0.929416500186,1.515981145932,0.253262105792,1.048800218591,0.614785222546,0.034443434343,0.973237255819,1.597043587422,0.283133367345,1.250519822551,-0.167039037118,-0.061030638186,1.148197711645,0.938667821913,0.572823166847,0.507937043905,-0.000383548439,-0.304706149305
957,1,0.255978268545,-0.007999008574,-0.069589563452,-0.255978268545,0.007999008574,0.069589563452,0.264200625182,0.554351437032,-0.299656366719,-0.184078539094,0.537831405345,0.261389597773,0.274908199759,1.030999571214,0.359543636124,-0.030134655596,0.920472310897,1.812926790796,0.259517558017,1.072704921429,0.389126874032,0.045292099944,0.962768814092,1.925165517203,0.274894970755,1.279683975685,-0.503771317621,-0.057644223097,1.136585943644,1.330380162702,0.573614314198,0.507016718388,-0.000383866020,-0.308633846193
958,1,0.268739914108,-0.009410221804,-0.063328780689,-0.268739914108,0.009410221804,0.063328780689,0.278507037021,0.581411211180,-0.299674726406,-0.192505796925,0.564269041716,0.285773631651,0.299153629688,1.138397084879,-0.073322959317,-0.029184574847,0.960773942882,1.617490204520,0.280104449968,1.187761430595,-0.086010744445,0.052696888337,1.001755610455,1.703340638483,0.289135432759,1.383910074985,-0.869310500500,-0.058622497932,1.190869128550,1.266691387439,0.574172094464,0.506563305855,-0.000386514701,-0.294849183364
959,1,0.283014384016,-0.010812115607,-0.064615961546,-0.283014384016,0.010812115607,0.064615961546,0.292989407873,0.621936166432,-0.358467468753,-0.203361376467,0.597716311789,0.370613699338,0.323291490233,1.235742957865,-0.182651469632,-0.030460394941,1.009773341376,2.073118324924,0.297922924189,1.291268978967,-0.200330573161,0.058337786731,1.053132351037,2.201919268239,0.305101678200,1.505753185441,-1.131116706442,-0.061889888658,1.253565770132,1.733205717687,0.574221834540,0.506907761097,-0.000387998298,-0.279833427914
960,1,0.257045955101,-0.010030662703,-0.066074428049,-0.257045955101,0.010030662703,0.066074428049,0.268758242315,0.569721442233,-0.453391533952,-0.183430909010,0.545161167317,0.476125420381,0.298999639167,1.155812940743,-0.326820765969,-0.025707666151,0.916626035873,2.309215082883,0.275495800489,1.211791157854,-0.350941036986,0.055084238627,0.955804112967,2.449569656351,0.280222549823,1.396706791996,-1.320110441173,-0.054403070584,1.136514958190,1.939886953394,0.574885055423,0.507872432470,-0.000381385908,-0.307181329952
961,1,0.257503645148,-0.009502318437,-0.085310605062,-0.257503645148,0.009502318437,0.085310605062,0.269449893510,0.575772103330,-0.529225080430,-0.185423472444,0.543403100574,0.557034754622,0.301382850830,1.175488008553,-0.367031938294,-0.022130469705,0.910914724610,2.466155195061,0.274561789161,1.230178541847,-0.388485208875,0.062392321589,0.949721022690,2.613633791925,0.285655925602,1.431222449776,-1.374175518725,-0.054907004249,1.129729423764,2.103425910983,0.575182318687,0.509761959314,-0.000383420847,-0.307287338338
962,1,0.251847388421,-0.008874483252,-0.101260123478,-0.251847388421,0.008874483252,0.101260123478,0.266868877433,0.559799874546,-0.529189188234,-0.179988405030,0.524097079320,0.682235683860,0.299430008948,1.155111637033,-0.472955078595,-0.009947826479,0.878683772626,2.404619445215,0.271151333216,1.210164703637,-0.505014164768,0.078873520844,0.919892026403,2.532632890700,0.284256629505,1.399398916558,-1.421805727739,-0.050741988967,1.094648423125,2.073425397256,0.576640382409,0.512678533792,-0.000384530053,-0.313934955391
963,1,0.240008354044,-0.007398975992,-0.109129761286,-0.240008354044,0.007398975992,0.109129761286,0.253024743983,0.540823959567,-0.481729890044,-0.171072437020,0.496298042126,0.764970572580,0.288622924225,1.112035195698,-0.336091766999,-0.003484774852,0.830625383145,2.516388812561,0.259087254065,1.161255727040,-0.359667935945,0.082600114769,0.871310285787,2.647022807375,0.273610666694,1.352329864127,-1.304894025403,-0.053016710449,1.037427337280,2.150493884083,0.577668875456,0.515025347471,-0.000377012417,-0.329026923670
964,1,0.227084973011,-0.005658871243,-0.109521841947,-0.227084973011,0.005658871243,0.109521841947,0.234588442569,0.523483956913,-0.470492882621,-0.159931533690,0.467091512816,0.742630240461,0.269955023677,1.053158124875,-0.339636643359,-0.001303922548,0.777851293548,2.369726157314,0.231145732361,1.103762955253,-0.362380578945,0.078870922930,0.817262178841,2.490255715372,0.253319534879,1.276601007361,-1.260615124532,-0.060922942962,0.972212870782,2.019196205996,0.578172042966,0.516316711903,-0.000364329666,-0.349546695212
965,1,0.256363781358,-0.005607035785,-0.123181763992,-0.256363781358,0.005607035785,0.123181763992,0.260073643873,0.590401596177,-0.509620976486,-0.178789680429,0.527871831139,0.773233221686,0.299752362877,1.186827530946,-0.374982164867,0.002681426407,0.878733505079,2.578612860499,0.260468739451,1.243378723594,-0.400072520334,0.091785327777,0.925561214020,2.647803056425,0.263819037955,1.450879986194,-1.281192868093,-0.068788583008,1.099009138504,2.081299528875,0.579035744071,0.516982555389,-0.000371556729,-0.308662282884
966,1,0.207679127946,-0.002463143744,-0.122904995522,-0.207679127946,0.002463143744,0.122904995522,0.204215368974,0.479330922817,-0.496160377057,-0.143886264607,0.424527451226,0.783266695787,0.229483955344,0.966267860248,-0.285633906136,0.004928571458,0.706726305533,2.490389913504,0.209340913174,1.010649339462,-0.297926962357,0.078215190174,0.745306500393,2.618812360857,0.204437622904,1.184665345396,-1.180282504995,-0.057770033874,0.889529926260,2.146664051829,0.579862862825,0.519567221403,-0.000349096954,-0.378405700065
967,1,0.184328437759,-0.002656680756,-0.129489128351,-0.184328437759,0.002656680756,0.129489128351,0.179547224411,0.421773830377,-0.635863815329,-0.127551686754,0.373999777482,0.827888599906,0.201531341666,0.860514101035,-0.441707716806,0.011888352378,0.622935916379,2.398813149255,0.185784740100,0.901998557442,-0.455627360345,0.081936466977,0.656158006035,2.516656037068,0.172859741819,1.059003546036,-1.324134604002,-0.049968376558,0.786439944673,2.055163457370,0.579983144999,0.521007597446,-0.000319765881,-0.425740931345
968,1,0.193564734907,-0.002654650155,-0.157864750192,-0.193564734907,0.002654650155,0.157864750192,0.189484047732,0.447950197276,-0.607703068411,-0.131855711246,0.395586052598,0.865706781623,0.217021452482,0.906682884448,-0.348400148743,0.017285162323,0.659501947178,2.419443744185,0.201361680048,0.950446588801,-0.355012439281,0.091027472308,0.697107154004,2.534479029380,0.180169735693,1.123545121726,-1.223459488181,-0.048774754373,0.832744115069,2.041101380797,0.581680595875,0.521385759115,-0.000337839127,-0.401693946522
969,1,0.195949008269,-0.002621640087,-0.167207213766,-0.195949008269,0.002621640087,0.167207213766,0.192145479405,0.452617750204,-0.665999702682,-0.131236134288,0.399450006340,0.965808571461,0.220944121561,0.930930074295,-0.456261075472,0.029053566728,0.667397578639,2.545406123542,0.205790121295,0.975207700347,-0.468128288925,0.112133063116,0.707715737923,2.663226174200,0.177867594028,1.148942412605,-1.357291262083,-0.048773157612,0.843169427509,2.187426032334,0.581940829754,0.522281914949,-0.000342343003,-0.395611368041
970,1,0.200447726302,-0.001544518411,-0.177161985431,-0.200447726302,0.001544518411,0.177161985431,0.198255596474,0.467533971035,-0.639983113323,-0.132613641369,0.404425050884,0.931109688090,0.226369127645,0.952075595113,-0.252896832932,0.037286169292,0.678590454395,2.499723112675,0.212246014772,0.992502486344,-0.248809182400,0.122117694041,0.717434604988,2.616622776375,0.183756373793,1.177930889135,-1.111787257630,-0.047125065706,0.858047214516,2.156817896723,0.582267343998,0.524943113327,-0.000360723585,-0.385177641895
971,1,0.209367705423,-0.002100809878,-0.196764030637,-0.209367705423,0.002100809878,0.196764030637,0.208833816733,0.487131557184,-0.627386462627,-0.136453833813,0.422861790525,1.051898128754,0.236437449395,0.995095059041,-0.304282202995,0.039786936922,0.709837813874,2.663974459932,0.222917236671,1.037287815672,-0.310292095320,0.127341604374,0.750151593320,2.782565133022,0.188572935342,1.233818462360,-1.214133291073,-0.049269454451,0.896935995097,2.303904766294,0.582683652639,0.525144129992,-0.000361133367,-0.367973536475
972,1,0.201517519104,-0.002276367980,-0.184777465034,-0.201517519104,0.002276367980,0.184777465034,0.201573939302,0.468454959690,-0.604132493738,-0.130317722344,0.406863740930,0.935750022576,0.226749816372,0.953203121972,-0.311140026262,0.038459404958,0.683209873039,2.542778536596,0.214953007471,0.994084854898,-0.318112518552,0.122254621384,0.721063618076,2.664734536155,0.180985242567,1.185339976299,-1.220449246893,-0.046858533399,0.863422065373,2.180412642501,0.582873046398,0.524951070547,-0.000363882631,-0.382431859398
973,1,0.193826364884,-0.002409006822,-0.176241779715,-0.193826364884,0.002409006822,0.176241779715,0.194735265536,0.450314288183,-0.566536330201,-0.124972714476,0.391884488987,0.885866958158,0.218619788379,0.917379399345,-0.287544188780,0.037311362006,0.657751582870,2.460606203892,0.207737435947,0.956628064037,-0.293570494171,0.117060717792,0.694422228428,2.579453741149,0.174482894542,1.141426260826,-1.156457263506,-0.043643509916,0.831414471384,2.104891024786,0.582993239164,0.524856179953,-0.000365730375,-0.397276574771
974,1,0.192701140614,-0.002173914832,-0.181037275866,-0.192701140614,0.002173914832,0.181037275866,0.194621196510,0.452730531461,-0.555626344105,-0.124235348115,0.388694371770,0.965576934020,0.218408190098,0.923421339647,-0.269095258008,0.037432042267,0.653766171267,2.524789138565,0.207531736698,0.966782988291,-0.274454448214,0.116486631223,0.690219716321,2.641724864565,0.174155605011,1.135570392785,-1.146677992411,-0.043624704825,0.826761278284,2.191296859827,0.583170115948,0.525638610125,-0.000355057418,-0.398563414753
975,1,0.187075612931,-0.002240610235,-0.178645176957,-0.187075612931,0.002240610235,0.178645176957,0.189380352781,0.440210837266,-0.565973857249,-0.120547026447,0.375462174801,0.967444390141,0.212416408628,0.899535935376,-0.303718503649,0.036472809871,0.636616436720,2.473110255645,0.202192315665,0.942094732996,-0.311023154040,0.112895970704,0.671828976043,2.583463218076,0.169317235383,1.104531994916,-1.184459172121,-0.041957418880,0.804129390465,2.110350398082,0.583309978247,0.525542020798,-0.000346209854,-0.409883143656
976,1,0.186513290007,-0.002153185640,-0.186718676368,-0.186513290007,0.002153185640,0.186718676368,0.187872479380,0.439665428139,-0.618769240244,-0.119150478521,0.374623997266,1.006269903869,0.212336148146,0.897153578546,-0.356310011557,0.038544632878,0.634600501414,2.596544162126,0.202989437525,0.941311718633,-0.365134049051,0.117291634083,0.671700252480,2.714176536024,0.169525597779,1.098322885476,-1.274930307200,-0.042438781480,0.800442049311,2.214289622941,0.583515644073,0.525998294353,-0.000338219106,-0.411078802715
977,1,0.184389613834,-0.002134014863,-0.187386985799,-0.184389613834,0.002134014863,0.187386985799,0.185801278240,0.435262473503,-0.600579724502,-0.117810131212,0.370147944612,0.980413273406,0.209840078766,0.888216715913,-0.356073036082,0.035511877472,0.629048029671,2.492106052607,0.200915050327,0.933796756864,-0.366057997830,0.112461807633,0.665636394615,2.602830355307,0.168218386176,1.087210262314,-1.250325306787,-0.041708952066,0.793087800151,2.122965434254,0.583645671606,0.525962710381,-0.000335868448,-0.414967216415
978,1,0.190671118636,-0.002815803049,-0.180041504719,-0.190671118636,0.002815803049,0.180041504719,0.193534699892,0.446749416879,-0.470565945442,-0.121916723804,0.382646174901,0.898557971756,0.218406552741,0.912681154064,-0.177020977611,0.032061843303,0.650243243189,2.421532528987,0.208264165419,0.956234581983,-0.182110856625,0.106183249266,0.687692616326,2.533005677580,0.174268008459,1.117209952625,-1.044012277174,-0.042035858744,0.819564614661,2.042325718287,0.583952039480,0.525376349688,-0.000349693000,-0.402327741404
979,1,0.201392106550,-0.003582270430,-0.182343901101,-0.201392106550,0.003582270430,0.182343901101,0.203429851585,0.469474682952,-0.479385156366,-0.129115695667,0.404549284497,0.904470794537,0.230428058574,0.963523989579,-0.204355654393,0.030221210949,0.684527824717,2.490111684904,0.220011675526,1.009019769687,-0.205586104929,0.104896899756,0.722585061736,2.607242244892,0.185080767980,1.170751421389,-1.120230844076,-0.045236470526,0.865512314094,2.112927689103,0.583824753761,0.525043278933,-0.000351097435,-0.381336104546
980,1,0.222104840078,-0.005348777992,-0.147889492243,-0.222104840078,0.005348777992,0.147889492243,0.223957434683,0.508008729278,-0.519656773850,-0.142129290457,0.449483659684,0.755401307318,0.253710458260,1.047480357830,-0.306097572331,0.026052734956,0.755100899061,2.354749032747,0.238674677328,1.105345481435,-0.322883099980,0.101652316495,0.794450909495,2.473888542370,0.207072756082,1.281101238236,-1.238171809630,-0.049950414390,0.957147542250,2.039511507221,0.583926856518,0.522991985083,-0.000362996012,-0.346638407032
981,1,0.248244796766,-0.007976984472,-0.136812492283,-0.248244796766,0.007976984472,0.136812492283,0.247955927284,0.563942146807,-0.556187197293,-0.159911147675,0.515316293950,0.641667172934,0.281678906107,1.154562087998,-0.432503073751,0.027794750006,0.856076942831,2.250123223717,0.261832368331,1.217786842372,-0.462627610609,0.112021137725,0.900533401568,2.367535380965,0.245794472384,1.405788683108,-1.382347891353,-0.056972861737,1.079868966691,1.931195639931,0.583583056927,0.518105953932,-0.000380074605,-0.311776162333
982,1,0.236338441046,-0.007591610755,-0.115083075061,-0.236338441046,0.007591610755,0.115083075061,0.230935769331,0.530856245973,-0.504864524688,-0.153162538390,0.494967223901,0.574476101165,0.262711843722,1.077461042341,-0.284932931618,0.023408036624,0.816832363544,2.256488060580,0.238760893323,1.128913892694,-0.299384983934,0.100869436474,0.858181310383,2.382134565793,0.232901457474,1.313209668920,-1.172153309903,-0.051399738245,1.026908937342,1.896465561724,0.582740128040,0.514920949936,-0.000382112339,-0.331061421973
983,1,0.262020156170,-0.009202612603,-0.097901664414,-0.262020156170,0.009202612603,0.097901664414,0.253408809310,0.575656706297,-0.473191386820,-0.171668137791,0.551163943641,0.488027997855,0.288191109670,1.163740748926,-0.300731010695,0.018030468092,0.912972169720,1.987719877198,0.259798502775,1.225077225051,-0.318437861129,0.101678287832,0.958181641144,2.091867498718,0.264191616212,1.411490357314,-1.169705420343,-0.054756267018,1.144634011862,1.621932832021,0.582115441561,0.512387305498,-0.000390163623,-0.299250193278
984,1,0.272409345451,-0.009011084170,-0.081493204969,-0.272409345451,0.009011084170,0.081493204969,0.259524309346,0.596973285915,-0.332659168090,-0.179252500569,0.574866446866,0.424442422779,0.296028171480,1.153416817892,0.026295535747,0.013653073609,0.951271735040,1.814026115119,0.266769246959,1.207017415159,0.031966212330,0.096488507370,0.997831628229,1.907641456053,0.271912349731,1.425972441495,-0.738708094385,-0.053719905063,1.188824571818,1.413936530891,0.581589072943,0.510929912329,-0.000402919017,-0.289510767588
985,1,0.278873181303,-0.009344589852,-0.072649253750,-0.278873181303,0.009344589852,0.072649253750,0.265213008849,0.611820500034,-0.309381984535,-0.184796026647,0.593320276335,0.383444170355,0.303147084078,1.161693204804,0.160734334432,0.008947003693,0.980687240022,1.734649753149,0.274958761978,1.210673210391,0.177320352793,0.092145090030,1.028777384871,1.823354286797,0.276733222988,1.426839090084,-0.613482317989,-0.054688875700,1.224524443036,1.278322895784,0.581277370453,0.509008616209,-0.000401069410,-0.283266843617
986,1,0.279523178437,-0.009940773087,-0.075169387587,-0.279523178437,0.009940773087,0.075169387587,0.265495188407,0.614132346864,-0.264510900291,-0.186358383002,0.597301290004,0.389437667256,0.307300412706,1.136295879098,0.323523384120,0.008358049635,0.991629872119,1.589750264619,0.288186023885,1.183132343638,0.353611345061,0.091462262971,1.039853843138,1.661145678218,0.279014622931,1.398186356046,-0.410583028442,-0.051221832959,1.234351961818,1.069023280405,0.581172734499,0.507471323013,-0.000405208208,-0.282578394503
987,1,0.280810899298,-0.009887508509,-0.076882032868,-0.280810899298,0.009887508509,0.076882032868,0.266705805400,0.615518912186,-0.268071977461,-0.188393144244,0.603492309802,0.360061549542,0.312294144402,1.120782632726,0.406000153247,0.007676687712,1.006095204667,1.569442213860,0.297147156044,1.168187029584,0.443422933118,0.090560801198,1.054562473726,1.641438350115,0.288357800482,1.374496329923,-0.348314061032,-0.050760941338,1.246750787941,1.003822778311,0.581021994352,0.505633115768,-0.000400529243,-0.281291483278
988,1,0.285239287819,-0.010197410015,-0.078001461842,-0.285239287819,0.010197410015,0.078001461842,0.271099872563,0.620806130829,-0.247884183882,-0.191969960315,0.610790765516,0.352446466365,0.317936389548,1.099524056939,0.712328092272,0.007573856263,1.025489673875,1.530021381997,0.303091941320,1.145636593662,0.781961375103,0.090897363621,1.073667034601,1.596636286151,0.300901268554,1.361683715249,0.042686172293,-0.050910614982,1.269954716308,0.920454439174,0.580956012011,0.505188137293,-0.000398914330,-0.276831605231
989,1,0.284339832604,-0.011042611067,-0.068434690460,-0.284339832604,0.011042611067,0.068434690460,0.271701743826,0.615879285689,-0.159125400541,-0.192125469202,0.611412977992,0.307801633003,0.318123150528,1.076380584246,0.628093622636,0.007273198421,1.028730385068,1.259348638172,0.304352178168,1.121565474266,0.683299919289,0.089917913975,1.074405333061,1.308255844635,0.305782658252,1.326991168370,0.041490969421,-0.051304177853,1.269111116270,0.712356827598,0.580794453621,0.504197359085,-0.000400798395,-0.277797762637
990,1,0.287133730371,-0.011138643423,-0.059134557388,-0.287133730371,0.011138643423,0.059134557388,0.275443058800,0.618312753751,-0.163536860446,-0.196969566926,0.615334101871,0.273825544721,0.322400495580,1.063038694167,0.729479483386,0.005136964760,1.042224368708,1.265845676663,0.308399833583,1.108041356746,0.799540079311,0.086237798149,1.086414395512,1.320446663559,0.312836456030,1.312730095569,0.196986383821,-0.052079971559,1.284268531126,0.725741087579,0.580922573805,0.504427313805,-0.000401377678,-0.274685660481
991,1,0.283033407680,-0.011451661979,-0.059919742260,-0.283033407680,0.011451661979,0.059919742260,0.271461438494,0.588663805486,-0.203656857959,-0.195641781647,0.601762092083,0.267492227187,0.318589324988,1.021870148983,0.655806134450,0.003183003308,1.028910903492,1.201721385622,0.304609392071,1.073955034912,0.718714173534,0.082134714860,1.074244885371,1.245482061777,0.311991373783,1.271302524431,0.049563712742,-0.052201339880,1.266124819070,0.586014361028,0.580994367599,0.504460155964,-0.000395146199,-0.278435608570
992,1,0.269400870661,-0.011597312032,-0.058505869169,-0.269400870661,0.011597312032,0.058505869169,0.259424736483,0.562830189701,-0.238977184306,-0.186179660143,0.572010817572,0.192227144361,0.303674596461,0.958560030014,1.095184266928,-0.002729546621,0.978645799940,1.154606631387,0.292199779763,1.003564734369,1.212872423840,0.071128617849,1.021673661951,1.318741411529,0.299025786417,1.199578262894,0.449088586991,-0.049777130739,1.204789104360,0.847916886663,0.580975711346,0.504773795605,-0.000395254232,-0.292438823615
993,1,0.283322758291,-0.014332323218,-0.057897293239,-0.283322758291,0.014332323218,0.057897293239,0.274031262421,0.582372035917,-0.187154338044,-0.195991445683,0.596653861875,0.247511657310,0.320481236870,0.999814981137,0.973542716109,-0.010283322099,1.024307331657,1.345160094614,0.307450263426,1.048586542999,1.062701257602,0.065510813936,1.070476193971,1.426418227182,0.320997466823,1.252578319999,0.404379305356,-0.052348075879,1.262593717145,0.807102406451,0.580942779779,0.506231635809,-0.000386515632,-0.277973375175
994,1,0.246605657982,-0.012425560628,-0.059870084588,-0.246605657982,0.012425560628,0.059870084588,0.238815717241,0.502379363491,-0.171125142804,-0.170362182634,0.514578461494,0.220245288821,0.277917734573,0.856651329979,1.593998060706,-0.015595477053,0.884531914140,1.947425811884,0.265891308485,0.892775527223,1.753912985492,0.045804750702,0.924154188495,2.082807130021,0.279530895554,1.075279188298,0.987348114053,-0.045111634991,1.094459125113,1.278732763781,0.580882996321,0.507893472910,-0.000386065803,-0.319128297223
995,1,0.265033326830,-0.013188940548,-0.063741116470,-0.265033326830,0.013188940548,0.063741116470,0.260148258728,0.533733367776,-0.201300453511,-0.183523446268,0.547814803597,0.257909056772,0.296730921728,0.922082419843,1.167919712127,-0.019720780456,0.946245184930,1.738280543454,0.280865700759,0.964501107923,1.272142165963,0.045894949632,0.989158688059,1.830318151593,0.300818821290,1.152607168352,0.554366730299,-0.048902814397,1.172701119314,1.074524627217,0.580803662539,0.509211868048,-0.000379054807,-0.296689117133
996,1,0.261245048952,-0.013030846554,-0.064216465675,-0.261245048952,0.013030846554,0.064216465675,0.258561857714,0.521757211192,-0.200678949048,-0.180878836983,0.534269065818,0.261773903187,0.288096271279,0.905555356321,1.382331865265,-0.019913901491,0.926269481771,1.851159821837,0.271860369824,0.945495454064,1.513680691266,0.042965619662,0.967107937608,1.962338963835,0.296651864599,1.128564435002,0.760002613842,-0.047444338784,1.149425514091,1.187752770274,0.580791383982,0.510863751173,-0.000377560966,-0.300956456601
997,1,0.269559132670,-0.012904503722,-0.065422998374,-0.269559132670,0.012904503722,0.065422998374,0.266616530718,0.537153261828,-0.128917014725,-0.187609823718,0.550799596258,0.271557718782,0.294370111193,0.934243124579,1.206355633030,-0.024062814367,0.955419725117,1.501540716047,0.275399593824,0.975988110282,1.311780175760,0.038893503689,0.996855189056,1.569366638875,0.305765619704,1.160812033825,0.619859800962,-0.049059097338,1.186361982789,0.883929059504,0.580743014812,0.510688245296,-0.000374041498,-0.291743739950
998,1,0.239733814183,-0.011598997733,-0.061517602596,-0.239733814183,0.011598997733,0.061517602596,0.240079422067,0.477875955582,-0.104185014857,-0.169494705216,0.489767636006,0.245134816981,0.259862057393,0.830002291499,1.500944694928,-0.023869717272,0.849530138936,1.856465621718,0.243143435447,0.868373329322,1.633303496029,0.032713416732,0.886604190717,1.974968680305,0.270451377271,1.038987935254,0.847339063865,-0.044647182248,1.055976466572,1.175011319155,0.579955101013,0.511324793100,-0.000378784724,-0.327162708305
999,1,0.260708911234,-0.012524392207,-0.067068453373,-0.260708911234,0.012524392207,0.067068453373,0.262212880851,0.520652855319,-0.115613152017,-0.184336866362,0.532939303993,0.262133627246,0.280685960471,0.903088068594,1.350914448884,-0.027233088203,0.923672711248,1.960638259633,0.263648866600,0.941244459578,1.466069307510,0.033272156500,0.962463750455,2.105125579970,0.294048952499,1.129552039607,0.719441152381,-0.048877922407,1.148875512168,1.256558292900,0.579922229052,0.511299401522,-0.000378013588,-0.300724189954
1000,1,0.255310389204,-0.012215884640,-0.065063495763,-0.255310389204,0.012215884640,0.065063495763,0.256431968263,0.498243947950,-0.120860029995,-0.181286559146,0.513968548405,0.263156476686,0.271742763443,0.884370614298,1.229452415455,-0.028428170319,0.902071357939,1.776592381992,0.253517879381,0.923148279484,1.335130991687,0.030747535312,0.941311887789,1.878886054343,0.286797499642,1.104798324098,0.618614311197,-0.048626288908,1.122903953126,1.103289702460,0.579669743776,0.511301308870,-0.000372559763,-0.307382045593
1001,1,0.272087409224,-0.012935976534,-0.065965738076,-0.272087409224,0.012935976534,0.065965738076,0.277111176728,0.535036561692,-0.114654427176,-0.193144115390,0.547983493386,0.282083824459,0.289424052719,0.940174074803,1.316134470931,-0.030622461685,0.961539323234,1.758581950590,0.270140698025,0.980204641564,1.432100933501,0.032233696958,1.003023412308,1.850120577503,0.306665613697,1.177903106201,0.745754032122,-0.051994737953,1.196528531214,1.114281106971,0.579638391733,0.511427521706,-0.000371810049,-0.288361491230
1002,1,0.275414635741,-0.013258666966,-0.065987682572,-0.275414635741,0.013258666966,0.065987682572,0.280612213339,0.539532748973,-0.126315946117,-0.196123429276,0.551902198129,0.286789485219,0.290243311537,0.949283687294,1.170274772756,-0.033554932552,0.970845491019,1.593924635813,0.269503065467,0.990032905139,1.270836509127,0.029726163853,1.012469054009,1.670937182364,0.310212797433,1.192457840837,0.657929570289,-0.053325522734,1.208929212997,0.993844323486,0.579428464174,0.512406945229,-0.000367949717,-0.284544140132
1003,1,0.250426404311,-0.011923954877,-0.063260662676,-0.250426404311,0.011923954877,0.063260662676,0.255191716200,0.492623600326,-0.116999893404,-0.178160767852,0.502556257979,0.254162689865,0.263364498689,0.865215593683,1.452892379454,-0.031369221989,0.883749755580,1.748194552010,0.244923553750,0.901540278718,1.587027578717,0.025861605735,0.921390915689,1.857773850146,0.282019995133,1.085849076669,0.867114251789,-0.048411340676,1.100242232478,1.105974890719,0.579479247332,0.512410163879,-0.000373335555,-0.312675632694
1004,1,0.270191756170,-0.013240829444,-0.068284817963,-0.270191756170,0.013240829444,0.068284817963,0.275352048367,0.530342779624,-0.151362835109,-0.192016907212,0.540566927253,0.275203794834,0.282196693988,0.932201151323,1.356269485614,-0.033376373490,0.951386721272,1.715749553951,0.261734724860,0.971743925941,1.481032441980,0.029124725349,0.992210727188,1.808241561231,0.304260562079,1.170692765355,0.846637734886,-0.052101144315,1.185112631914,1.089378786622,0.579497277737,0.512890398502,-0.000373244286,-0.289874702480
1005,1,0.266778241108,-0.012813560347,-0.069440101490,-0.266778241108,0.012813560347,0.069440101490,0.271427653495,0.524537162508,-0.214805498662,-0.189217616716,0.534306636436,0.272812949841,0.278089969549,0.921802424699,1.307647090998,-0.032572496566,0.940121381696,1.727834409235,0.257412383869,0.960835835232,1.424343909035,0.029297046579,0.980370923644,1.823773304198,0.300349622964,1.157426819952,0.799475193831,-0.051406791027,1.171134349626,1.085577066393,0.579631805420,0.512837588787,-0.000370415859,-0.293432933181
1006,1,0.268940391180,-0.012730155169,-0.070101944344,-0.268940391180,0.012730155169,0.070101944344,0.274377195262,0.530029291170,-0.295232964801,-0.188436299862,0.539873131868,0.269201143744,0.282215392532,0.931703027342,0.965286548918,-0.030770822184,0.948261524580,1.548167249200,0.261319907409,0.974165851834,1.060308623073,0.031880762212,0.989911374757,1.622317153722,0.304057200211,1.167476418456,0.371075057464,-0.050950583127,1.180473576888,0.916086365961,0.580254048109,0.512333422899,-0.000369224697,-0.291434130825
1007,1,0.271718850689,-0.012545804899,-0.061768060581,-0.271718850689,0.012545804899,0.061768060581,0.277539295022,0.544195857703,-0.150766373483,-0.190289600121,0.548467376074,0.270223224531,0.286978785049,0.940552057808,1.007583375619,-0.030725869268,0.957561139103,1.354984825325,0.264871706232,0.983608442825,1.100436987223,0.032550976324,1.001556498560,1.414146510677,0.307833141097,1.179056726000,0.415117234267,-0.051076576682,1.191840731934,0.795628679319,0.580387294292,0.512228667736,-0.000377809629,-0.288763482179
1008,1,0.272192999780,-0.011756806233,-0.055555606263,-0.272192999780,0.011756806233,0.055555606263,0.277833157015,0.546609662255,-0.074247343572,-0.190721282102,0.554975406140,0.294258912487,0.286850109757,0.945963933362,1.049934815615,-0.031255233811,0.964689470416,1.430915465044,0.262999572436,0.987095852073,1.131507228233,0.030566910495,1.008170662039,1.497432536773,0.310599538606,1.185801912091,0.576034343601,-0.051115294758,1.198945393098,0.854078453413,0.580385774374,0.511057049036,-0.000375404023,-0.288271307462
1009,1,0.272248191750,-0.011340644256,-0.055363451008,-0.272248191750,0.011340644256,0.055363451008,0.278347339166,0.547425637833,-0.259549905188,-0.192379921509,0.560933893051,0.243032996359,0.286439567204,0.953635642481,0.981295612311,-0.031561230844,0.972243452852,1.482928709814,0.263271311109,0.995476575885,1.077975902970,0.030651231511,1.018086272818,1.557333259639,0.310632969206,1.196888933930,0.388832352877,-0.050963376694,1.206746639300,0.873496073323,0.580425292253,0.509216785431,-0.000375170726,-0.288067494371
1010,1,0.270469983476,-0.011602356338,-0.055071871647,-0.270469983476,0.011602356338,0.055071871647,0.277699298107,0.546771203039,-0.270092787113,-0.191176476524,0.558878224113,0.214422854421,0.283843239303,0.969370732016,0.795772647761,-0.026463402033,0.968138819808,1.456375857984,0.261280995355,1.013172671520,0.869626801943,0.040276685227,1.013700457731,1.530471760036,0.308013710315,1.210605819278,0.108268557923,-0.050709300436,1.199899034752,0.829027751968,0.580411046743,0.508748680353,-0.000376807991,-0.290012744922
1011,1,0.272670384405,-0.010611198629,-0.055616225002,-0.272670384405,0.010611198629,0.055616225002,0.279745172233,0.559154016513,-0.268677589508,-0.193117750800,0.571382279936,0.221359299481,0.285467093809,1.019589259519,0.586937978080,-0.024311750597,0.986125559662,1.331188530709,0.263011666536,1.065380568901,0.640604587559,0.045156011752,1.032669001831,1.388207812441,0.308932643279,1.265024634253,-0.073526762110,-0.051590948587,1.217697185757,0.732047552609,0.580280929804,0.506316244602,-0.000379089266,-0.287985423681
1012,1,0.269151076626,-0.009412370167,-0.054790820381,-0.269151076626,0.009412370167,0.054790820381,0.275974284140,0.568919675679,-0.259717696704,-0.190393021763,0.568970739947,0.262245448192,0.288409046212,1.053841489809,0.444838811506,-0.023547061727,0.986053673807,1.325164888277,0.265064913887,1.094136712341,0.485378019110,0.045743882074,1.031561945347,1.379831434186,0.306037248614,1.298290430963,-0.207048338154,-0.050994310128,1.206497915262,0.758167526973,0.580258160830,0.505471348763,-0.000382109545,-0.291811901479
1013,1,0.268334927293,-0.009206624429,-0.054308504518,-0.268334927293,0.009206624429,0.054308504518,0.273574215416,0.572917841647,-0.262124756497,-0.190049988551,0.568566929833,0.297063178522,0.289109226559,1.092137142708,0.155382323002,-0.023827572495,0.985127292081,1.351370415166,0.268505495544,1.133868289881,0.167577623011,0.047094300336,1.028862616208,1.410609378060,0.303290250677,1.337534701332,-0.547533083496,-0.050883961379,1.202722022663,0.791413273174,0.580031633377,0.504610717297,-0.000383433420,-0.293535878985
1014,1,0.272971508591,-0.009329011455,-0.053829873141,-0.272971508591,0.009329011455,0.053829873141,0.278073134286,0.594140191033,-0.269409350909,-0.193236449134,0.577531903560,0.323401413147,0.301542161088,1.152333510790,0.024460322024,-0.024254376730,0.996700425582,1.431318904911,0.278299437302,1.197703755272,0.026569817535,0.048506378929,1.037866100438,1.501062149373,0.306713577312,1.405388185947,-0.702617512774,-0.052676466252,1.221662348178,1.027392076832,0.579992443323,0.504980862141,-0.000387259293,-0.288669112339
1015,1,0.280382136055,-0.009497322420,-0.057418716383,-0.280382136055,0.009497322420,0.057418716383,0.285589206054,0.618446370746,-0.342757271552,-0.198447317575,0.595794635382,0.386193187734,0.313991888050,1.221933536136,-0.148709718699,-0.025013341228,1.017637397464,2.019780123198,0.293290431302,1.265006571870,-0.161250852152,0.051435205230,1.059553330095,2.143583368610,0.308766155097,1.493204227537,-1.044706493480,-0.058116966655,1.253413696709,1.655971935075,0.579989284277,0.505469083786,-0.000390300527,-0.281049235167
1016,1,0.275975484703,-0.009253731590,-0.059496664294,-0.275975484703,0.009253731590,0.059496664294,0.280917761672,0.614985386070,-0.457980528128,-0.194862296775,0.585952732421,0.427478865992,0.310604624660,1.230125293337,-0.291101498142,-0.024336670940,0.996747961713,2.241039814531,0.289852010246,1.279256560873,-0.308204280114,0.051213545075,1.037449262691,2.379771659973,0.298324992165,1.513295827896,-1.251462589076,-0.058229225055,1.230416795487,1.880506989701,0.580159068108,0.506672978401,-0.000388888642,-0.285445867120
1017,1,0.276000676271,-0.008740065347,-0.059738554759,-0.276000676271,0.008740065347,0.059738554759,0.282131401459,0.624051126061,-0.428277175962,-0.194092712487,0.590827854856,0.462028566364,0.312202002143,1.248837284856,-0.358489282055,-0.022154855534,0.987183134808,1.999872439440,0.285541203205,1.301210581109,-0.385031413057,0.060136304621,1.028025950162,2.107220558149,0.299280845563,1.522202157706,-1.197227399019,-0.057822540347,1.219987119814,1.636396616657,0.580271869898,0.508808881044,-0.000389385968,-0.286049008046
1018,1,0.221214382461,-0.007188733911,-0.068308677369,-0.221214382461,0.007188733911,0.068308677369,0.226032226907,0.501029437409,-0.428156056786,-0.155937311959,0.475783535068,0.534925545516,0.250205947821,1.011588021891,-0.227849003413,-0.017787474013,0.784650773997,2.371039913421,0.226820101991,1.059859648694,-0.243353697878,0.049160198935,0.817414888321,2.514457392663,0.240074455385,1.232981922308,-1.153813097470,-0.048368316008,0.970693831595,2.020419135917,0.580245196819,0.511157572269,-0.000356073491,-0.356928046018
1019,1,0.252925380744,-0.008600642544,-0.078050953663,-0.252925380744,0.008600642544,0.078050953663,0.258300830169,0.567446669143,-0.470669574258,-0.177533430168,0.539642772146,0.597649098432,0.287675899051,1.158403993516,-0.491469400714,-0.015676608334,0.886458755780,2.195486850343,0.257625407073,1.220756260235,-0.526096266846,0.065520345449,0.927585516855,2.311987576223,0.275726746054,1.411329852605,-1.301533547028,-0.053289064590,1.104139009520,1.839197148927,0.580582708120,0.513134062290,-0.000359942205,-0.311514955882
1020,1,0.279089405575,-0.007459312726,-0.085768720259,-0.279089405575,0.007459312726,0.085768720259,0.286070015910,0.632473844573,-0.517337920103,-0.196017704223,0.585277061027,0.641000424150,0.317825243100,1.295166424162,-0.456877333022,-0.002134263210,0.962426355673,2.304349577430,0.283719149104,1.362326628023,-0.490750620375,0.100698821770,1.010496098156,2.437038913629,0.302280979483,1.571931352258,-1.284074802001,-0.058473787430,1.205874230650,1.873535791864,0.580719679594,0.516255497932,-0.000363224186,-0.282333103759
1021,1,0.246665367718,-0.006764691258,-0.112211219249,-0.246665367718,0.006764691258,0.112211219249,0.249668184223,0.553399946753,-0.648427858914,-0.173186065136,0.511562694748,0.804326412135,0.274009199631,1.141735988052,-0.581630173088,0.000162602000,0.840065406563,2.484412794404,0.242590796811,1.203741488632,-0.611003916426,0.088787412836,0.882318217756,2.607549553120,0.263752485735,1.386614787293,-1.515163027157,-0.068391409451,1.054063453685,2.136888262125,0.580775141716,0.519792973995,-0.000360557809,-0.319280485365
1022,1,0.264586012445,-0.005654522758,-0.120227794904,-0.264586012445,0.005654522758,0.120227794904,0.265289832276,0.595760227807,-0.605783102995,-0.184881789664,0.546065916008,0.820397177428,0.293725261040,1.222102887277,-0.479141900914,0.006249698584,0.898417254505,2.385100679233,0.263112320449,1.284700361269,-0.500897586102,0.099044970225,0.943660082079,2.499312614406,0.279404188853,1.502625334076,-1.325189472400,-0.079011780867,1.130473399041,2.070321438356,0.581349819899,0.521399140358,-0.000373262912,-0.295982329941
1023,1,0.220346273381,-0.004591576544,-0.138980095373,-0.220346273381,0.004591576544,0.138980095373,0.218606559121,0.494190359266,-0.693892863603,-0.155066087831,0.452400860763,0.930622933059,0.244149439096,1.030285261028,-0.592260081166,0.004674051388,0.745129834447,2.480125039816,0.217402258082,1.083578485425,-0.616263332536,0.082090494389,0.784286870583,2.591126417503,0.230918454327,1.262783529407,-1.500902016575,-0.066337630871,0.939286389433,2.128391879578,0.581180065870,0.522664755583,-0.000348605216,-0.354123445715
1024,1,0.218822885310,-0.003305631032,-0.144166044870,-0.218822885310,0.003305631032,0.144166044870,0.219025016477,0.506520543795,-0.606761032450,-0.151673003810,0.449158462514,0.890623563671,0.244859488055,1.031583192036,-0.448735035994,0.009075488645,0.736444412606,2.559451365488,0.217907438605,1.082487282899,-0.465120126463,0.085540471235,0.775483838965,2.686268426752,0.222497556318,1.266490062652,-1.334982906434,-0.069472716659,0.929377106406,2.228769125338,0.582107782364,0.524231046438,-0.000357361510,-0.356216271063
1025,1,0.180849111210,-0.002704022455,-0.121035959793,-0.180849111210,0.002704022455,0.121035959793,0.181292477436,0.416527292696,-0.541936784846,-0.125679670604,0.366775989215,0.752138145174,0.202840946989,0.850905640530,-0.334439559301,0.007327708686,0.606934630425,2.338609575837,0.181115379795,0.892046210610,-0.346439065053,0.069725525695,0.638214553151,2.458491545245,0.179803115306,1.048901909422,-1.208733735996,-0.055850803389,0.766786472938,1.964830142196,0.582186788321,0.524334609509,-0.000346766785,-0.431138153093
1026,1,0.187638882139,-0.002149917461,-0.145338172286,-0.187638882139,0.002149917461,0.145338172286,0.189079313875,0.437217913243,-0.562195917447,-0.132430781947,0.377142504773,0.897967112020,0.212157547909,0.886712118759,-0.321478904591,0.008469971934,0.626665580700,2.507943467716,0.189248835738,0.929990027815,-0.332004311113,0.073880206072,0.659848657244,2.630354384126,0.188031360539,1.096576728638,-1.157987058768,-0.057125627231,0.794204167668,2.191757683461,0.582528859377,0.526432335377,-0.000333253294,-0.413838460718
1027,1,0.171770199942,-0.001986243925,-0.145213905934,-0.171770199942,0.001986243925,0.145213905934,0.173794027535,0.402015161652,-0.597201401177,-0.120132357347,0.344864297826,0.877905696121,0.196360770508,0.826158898936,-0.357308950069,0.011293892267,0.574996508532,2.461077154040,0.175707353850,0.869954459234,-0.368137380517,0.075289218469,0.604780374478,2.580950263479,0.171620923964,1.011396756400,-1.231632973900,-0.049162746310,0.728138707451,2.119131148640,0.583172440529,0.527152359486,-0.000315833837,-0.450400931232
1028,1,0.184346225133,-0.002344818419,-0.152309933544,-0.184346225133,0.002344818419,0.152309933544,0.187280735352,0.430170844997,-0.605339573390,-0.128174344928,0.370505791693,0.887817780175,0.211272566131,0.886173265248,-0.408873530692,0.013629808605,0.618446213778,2.400737495094,0.185976524403,0.933215953480,-0.424429801060,0.084240811336,0.649563665056,2.511758114068,0.184498665374,1.085525673523,-1.272459557510,-0.051330941803,0.783158961441,2.068811752085,0.583422064781,0.527149438858,-0.000328116119,-0.418764587562
1029,1,0.187246791630,-0.002652475074,-0.150909092515,-0.187246791630,0.002652475074,0.150909092515,0.191012382793,0.436431466642,-0.594063332343,-0.129098560926,0.375208853377,0.846654021558,0.215123250430,0.896982182711,-0.389554389874,0.014819798556,0.628391063899,2.345356847709,0.189827515696,0.943682478689,-0.403169848124,0.086206054086,0.660105731951,2.455875799460,0.188370818496,1.101131214032,-1.256831474679,-0.050951958671,0.795561807911,1.996146787784,0.583837538958,0.526964753866,-0.000333162025,-0.412450040824
1030,1,0.181882078208,-0.002649337674,-0.150087933514,-0.181882078208,0.002649337674,0.150087933514,0.186198532628,0.424606918847,-0.600915346973,-0.125280858618,0.364577210821,0.927426326847,0.209598377687,0.870024415020,-0.367206800678,0.016474076146,0.612090695016,2.503881843865,0.185604023082,0.914877107479,-0.378778037072,0.086647585704,0.644538733387,2.620032352622,0.183649569435,1.071104115233,-1.247755026437,-0.049154516261,0.774698762511,2.120558239001,0.583981335163,0.526777237654,-0.000331677496,-0.423692488722
1031,1,0.174701086103,-0.002598413669,-0.169527189435,-0.174701086103,0.002598413669,0.169527189435,0.177988996621,0.408485751956,-0.631649143384,-0.120247450229,0.351598701511,0.954805116524,0.203762289825,0.847887642010,-0.422282852122,0.018402384034,0.592853289556,2.470302032957,0.182678144858,0.890965766676,-0.436351246274,0.086792306274,0.628434229539,2.581357480391,0.176618140979,1.035760647509,-1.321774657290,-0.047733432150,0.747574293710,2.095901649625,0.584329873323,0.526624828577,-0.000309269875,-0.439451191317
1032,1,0.179067589890,-0.002736799510,-0.171272223261,-0.179067589890,0.002736799510,0.171272223261,0.182507421106,0.421271803072,-0.621573751739,-0.121591246353,0.361874996276,0.946092323166,0.209240046682,0.871932198959,-0.342438946472,0.024419568341,0.609023008689,2.407605000492,0.187167819609,0.914947928002,-0.350078676138,0.098979254824,0.642602127593,2.518482068731,0.182268826541,1.062269201043,-1.211259660473,-0.044059301530,0.768090186223,2.063179531284,0.584571897984,0.526647597551,-0.000324457884,-0.427684310676
1033,1,0.181291971365,-0.002471121497,-0.169248796529,-0.181291971365,0.002471121497,0.169248796529,0.185226534255,0.425310302013,-0.596864746615,-0.121969828154,0.365259927693,0.918581653128,0.211605278616,0.879809982083,-0.266935148561,0.025263133781,0.614992017428,2.488260403456,0.189673749286,0.923792039205,-0.271412659557,0.100652184255,0.647986878883,2.607625730321,0.185400943138,1.072278009827,-1.157392267763,-0.044887164499,0.775587773473,2.134718087938,0.584825426340,0.526993244886,-0.000328075141,-0.422747650439
1034,1,0.172503023848,-0.002392501342,-0.158035426708,-0.172503023848,0.002392501342,0.158035426708,0.176959167274,0.403819679630,-0.568269452602,-0.115427523612,0.346826293742,0.886741748849,0.202588421807,0.834243939359,-0.257676634248,0.024487289082,0.584413645912,2.434580743210,0.183891198962,0.875862786511,-0.261250868900,0.092752309328,0.615486358399,2.550406447738,0.176425892851,1.018479737280,-1.146801340154,-0.040475207265,0.736901866601,2.072834620613,0.585476070642,0.526967138052,-0.000330395997,-0.444960568735
1035,1,0.174846747178,-0.002974274842,-0.158854038844,-0.174846747178,0.002974274842,0.158854038844,0.179418618156,0.409221681533,-0.535908734014,-0.118509069232,0.350847491005,0.888255613007,0.206667069636,0.845610506071,-0.261183858557,0.022887724627,0.593269724579,2.432839099700,0.190813478201,0.885500796388,-0.267826465655,0.086657865843,0.626169115008,2.545166417315,0.179030672215,1.028281734672,-1.159234088535,-0.040904813749,0.747915863246,2.006167927350,0.585552871227,0.526637285948,-0.000331267715,-0.439107763572
1036,1,0.256019590795,-0.005836513966,-0.165358139340,-0.256019590795,0.005836513966,0.165358139340,0.259480154143,0.584713789381,-0.542430018582,-0.171423170663,0.514669471613,0.884437940084,0.303374631634,1.215217797414,-0.385898176949,0.035141293683,0.867501511211,2.344807477014,0.279587846451,1.270443769856,-0.397738053118,0.128329901971,0.915520671513,2.448393249972,0.267632307356,1.485499638882,-1.273089590305,-0.057851104255,1.094699606835,2.050495323361,0.586123645306,0.526103794575,-0.000383956358,-0.300437736424
1037,1,0.261921446460,-0.006431206092,-0.134891074769,-0.261921446460,0.006431206092,0.134891074769,0.265465783475,0.596619271775,-0.427767443360,-0.176653379109,0.525009094131,0.811616739136,0.310289555709,1.223287398368,-0.298884022362,0.034206039373,0.884691409416,2.325947933100,0.284055998070,1.277661959875,-0.314159022155,0.128256737087,0.933810274607,2.435373343543,0.281027679289,1.496885325691,-1.099206475612,-0.061865628582,1.117809021525,2.043250277149,0.586367458105,0.525569260120,-0.000395294279,-0.294547428365
1038,1,0.265349332164,-0.007085880369,-0.101031471835,-0.265349332164,0.007085880369,0.101031471835,0.268550078863,0.587702434020,-0.427901240621,-0.178670727161,0.540399607215,0.671430315572,0.313763815716,1.219684449851,-0.349518007920,0.033918136599,0.903035083105,2.001843779901,0.274750696266,1.283945375279,-0.381464002572,0.127930144478,0.952311557405,2.093789051407,0.297895836831,1.487183502222,-1.170343823841,-0.065049629100,1.138131857325,1.764933405728,0.586608260870,0.522425204515,-0.000396296382,-0.291976002222
1039,1,0.277789421375,-0.008155101465,-0.093932965657,-0.277789421375,0.008155101465,0.093932965657,0.280831936806,0.617123511104,-0.312802959846,-0.186194928291,0.572702188692,0.577587117875,0.328504231847,1.238744366285,-0.142457989251,0.034432117493,0.950633914519,1.958108235556,0.287591494641,1.299959128466,-0.156537806798,0.128693796426,0.996262049493,2.052971508098,0.318447318325,1.518886315099,-0.909501904066,-0.064213027108,1.197105600917,1.629452059205,0.586734920740,0.520142853260,-0.000405592844,-0.279498818072
1040,1,0.274821878828,-0.009884568171,-0.085451551214,-0.274821878828,0.009884568171,0.085451551214,0.277652601913,0.609565785614,-0.386277288225,-0.183533007999,0.578141957508,0.488183622119,0.324411251393,1.203945164262,-0.125460794746,0.026330443616,0.953177269003,2.150397932024,0.283530191708,1.256340401289,-0.130604502149,0.115347067723,0.998242372090,2.273723880561,0.316199794984,1.476255584784,-0.954565592842,-0.058528891710,1.196527814474,1.816048813886,0.586707860231,0.516173928976,-0.000411262736,-0.282933931645
1041,1,0.279078925020,-0.009596631350,-0.081737359839,-0.279078925020,0.009596631350,0.081737359839,0.281971370640,0.615085545648,-0.319197330801,-0.185875407574,0.596198144870,0.447694112693,0.330083749778,1.192218582255,0.015150762007,0.020028402440,0.979325442892,1.910186529152,0.294459806838,1.243933382588,0.018781097675,0.109989399065,1.025440107962,2.011754045864,0.320800242433,1.465985719492,-0.767148293018,-0.058956593922,1.227435848450,1.537796543756,0.586813926697,0.512641310692,-0.000413184986,-0.279060077668
1042,1,0.274968037929,-0.009741391283,-0.084263237677,-0.274968037929,0.009741391283,0.084263237677,0.277824029328,0.605094039650,-0.339907611246,-0.185014824282,0.591549111368,0.452022946169,0.328624292841,1.145702085867,0.125198382702,0.016858130676,0.973834706529,1.928366500246,0.309532368892,1.193473484274,0.143920754929,0.105302379795,1.021103887891,2.030610992343,0.314603436095,1.416170149719,-0.651774143212,-0.057780407441,1.215973354662,1.510716244573,0.586914896965,0.510988146067,-0.000410513021,-0.283415095800
1043,1,0.259655888091,-0.009081759387,-0.082975357048,-0.259655888091,0.009081759387,0.082975357048,0.263026882855,0.570539620830,-0.351386241163,-0.174988455513,0.565184529862,0.358975211520,0.312718976983,1.073407680179,0.431556053838,0.014481893734,0.935018312290,2.031378741658,0.297867787203,1.116208833386,0.476101718213,0.096946078658,0.980362378012,2.140705286307,0.297549301679,1.317213071742,-0.500906121281,-0.051622098504,1.162683656953,1.512260960249,0.587062597275,0.507630795240,-0.000407074578,-0.299721122228
1044,1,0.270603694828,-0.009839893334,-0.082166745756,-0.270603694828,0.009839893334,0.082166745756,0.274079948982,0.596655745772,-0.260899192977,-0.183073881236,0.587647891581,0.386242500699,0.327928954776,1.094756175443,0.354635343852,0.013341624414,0.980622650744,1.472797177038,0.315488240058,1.141122939271,0.388328449964,0.098902050860,1.027629237552,1.532591006192,0.309912314311,1.344984749921,-0.328465245378,-0.052698505067,1.214670269821,0.982182924794,0.587098181248,0.506574332714,-0.000403275713,-0.287765137140
1045,1,0.246272612502,-0.009639209201,-0.076457941386,-0.246272612502,0.009639209201,0.076457941386,0.248934664983,0.537202284970,-0.256248864209,-0.167197604897,0.531553612929,0.302004203206,0.298157126130,0.971119663471,0.774794890237,0.011609862267,0.897950684750,1.609131557341,0.288384531910,1.013546266099,0.845426541354,0.089017792451,0.941497834504,1.691751198901,0.283626536692,1.197814894393,-0.033714316948,-0.046530757090,1.107384180876,0.962563063267,0.587025344372,0.505578070879,-0.000399797224,-0.316601450523
1046,1,0.266623368655,-0.010950870577,-0.074401744752,-0.266623368655,0.010950870577,0.074401744752,0.269673176885,0.582411541927,-0.184332022547,-0.182179356893,0.573389532351,0.343527055748,0.323013731636,1.031201831759,0.640501749979,0.012247956464,0.976020485336,1.328389513100,0.313377886995,1.069774362904,0.699036866136,0.095454308749,1.020687944066,1.381885004633,0.309075129473,1.274075226545,0.074735967344,-0.043083841729,1.200630503105,0.825294645744,0.587025642395,0.505211859941,-0.000400774181,-0.292374280070
1047,1,0.272378716276,-0.011344767191,-0.077298318777,-0.272378716276,0.011344767191,0.077298318777,0.274819193634,0.583324940578,-0.220201062985,-0.186534394840,0.580530475452,0.335654364440,0.328057955546,1.039940666923,0.796022813485,0.011777372689,0.997182397134,1.470513383094,0.318614884683,1.083619679278,0.871498433882,0.095376097224,1.042671697109,1.534754467509,0.314574390935,1.287234815834,0.133595463766,-0.044143127339,1.225540696285,0.852812528188,0.586837619543,0.505133181810,-0.000398411416,-0.286583647013
1048,1,0.284405654141,-0.012367774699,-0.081982791870,-0.284405654141,0.012367774699,0.081982791870,0.292234205655,0.610156463046,-0.180681201646,-0.196008142424,0.603085443293,0.371032708645,0.340102249198,1.070151838366,0.867807514953,0.008833132805,1.040280436286,1.508211270767,0.330242835539,1.117786286109,0.942959233384,0.095607951165,1.087936583592,1.568727989858,0.326556513696,1.326585778711,0.219534941373,-0.047543635070,1.277011823985,0.883597419309,0.586292356253,0.505661755800,-0.000397424214,-0.274681307999
1049,1,0.262400590823,-0.011470667892,-0.078950516142,-0.262400590823,0.011470667892,0.078950516142,0.271535476599,0.560455794019,-0.194998934280,-0.184475733490,0.555175814735,0.362922929871,0.308160511987,0.966833144602,1.272214128359,0.001018355085,0.962553696922,2.084165765964,0.295838143580,1.012677551074,1.396565021647,0.076989678487,1.006938189223,2.214626386969,0.305283983623,1.205681064357,0.558823815927,-0.045943190842,1.182201600463,1.405306481801,0.585458368063,0.506357669830,-0.000390836038,-0.295958542231
1050,1,0.216717104462,-0.009231351136,-0.073055637449,-0.216717104462,0.009231351136,0.073055637449,0.229184699863,0.461817498769,0.090242179288,-0.153734228844,0.455740050229,0.307700702553,0.251927335383,0.792096098812,1.749299382415,-0.001867355695,0.791620717357,2.165855049429,0.235242313062,0.833916498866,1.882247673812,0.060988507066,0.828620296076,2.306344437527,0.258840368508,0.987438706248,1.101207194136,-0.029731509655,0.973379449727,1.562401463150,0.584615588188,0.507721513510,-0.000381459482,-0.357591666770
1051,1,0.242549712942,-0.010434746202,-0.074052724155,-0.242549712942,0.010434746202,0.074052724155,0.256045324233,0.512270710301,0.043999292999,-0.173798288966,0.505587484973,0.341925866009,0.275630840820,0.885441279935,1.352940501825,-0.007023249073,0.883478373293,1.823743948539,0.248643898778,0.933605541022,1.449742116696,0.060500218325,0.925198188725,1.909147044378,0.291893448841,1.100894431795,0.718806128198,-0.029362455495,1.085638588113,1.131696989396,0.583605647087,0.507850199938,-0.000383221544,-0.320264945251
1052,1,0.269110677958,-0.011972736085,-0.062500293565,-0.269110677958,0.011972736085,0.062500293565,0.282436032490,0.566133528036,0.084439729797,-0.192659493986,0.557776451043,0.384089129654,0.289724451401,0.972234299332,1.414590989806,-0.010419905004,0.975444286062,1.880783535777,0.261143943583,1.018015500470,1.519932054357,0.062901953443,1.021225487201,1.968681820508,0.321166580082,1.215920647771,0.843719696259,-0.025871258440,1.198962040950,1.248394749891,0.582826077938,0.508222669363,-0.000380350277,-0.289668629955
1053,1,0.281132810236,-0.012663440485,-0.060583319097,-0.281132810236,0.012663440485,0.060583319097,0.292518333243,0.583872869910,0.063521159255,-0.205936493076,0.577103489015,0.396129635875,0.294696741011,1.009306129805,1.458142816501,-0.018515551769,1.012974778012,1.975762532845,0.260746148926,1.056153351929,1.569671636575,0.056130489672,1.060313763348,2.074982752074,0.332595636673,1.261867411426,0.848789470286,-0.031064548673,1.246837010918,1.329742065310,0.580869853497,0.509866654873,-0.000381092541,-0.277076883495
1054,1,0.233241928383,-0.010515377424,-0.050904274900,-0.233241928383,0.010515377424,0.050904274900,0.238664929544,0.485633303070,0.082691665209,-0.173707040748,0.480821361967,0.341442533390,0.231100439824,0.843676316273,1.644848713754,-0.023223867138,0.845575101600,1.993813299648,0.201111892287,0.882952833273,1.769627750939,0.036628470588,0.884427694566,2.108456698549,0.269624290007,1.055105963891,0.983834452558,-0.030743186093,1.039604504898,1.307549388026,0.578419327736,0.509904712439,-0.000384442508,-0.332524163209
1055,1,0.242976048635,-0.011394368686,-0.048734705805,-0.242976048635,0.011394368686,0.048734705805,0.245993623491,0.503942913226,0.054599919126,-0.186571813713,0.505141239713,0.360772589568,0.229352408376,0.889587209022,1.423940927114,-0.033783208627,0.890954518193,1.874237489493,0.194853754943,0.932598671333,1.526909405233,0.028630555444,0.931827228641,1.966879185186,0.273960540415,1.109470040615,0.767624612635,-0.041831079638,1.094790399866,1.212495738188,0.575482830405,0.509155809879,-0.000383093022,-0.316395531344
1056,1,0.277227088530,-0.013196358555,-0.036813581096,-0.277227088530,0.013196358555,0.036813581096,0.281759450646,0.574219341053,0.093430847523,-0.211040536502,0.576153297545,0.412864191408,0.255553268141,1.012153711508,1.511471225501,-0.042012095878,1.013588955938,1.915107027656,0.217207542109,1.062507978028,1.623485256532,0.028437522328,1.060039503406,2.005732400397,0.308750364942,1.260472653042,0.836843629242,-0.052769568059,1.245299027660,1.303887475423,0.574110448360,0.509263932705,-0.000375141855,-0.277996892950
1057,1,0.272495882536,-0.012921551565,-0.036682856793,-0.272495882536,0.012921551565,0.036682856793,0.273288986571,0.561432722361,0.128466102305,-0.210360044457,0.564879072113,0.415139980858,0.240740291317,0.993654764432,1.474073093862,-0.048109354366,0.993630377403,1.893455365009,0.200548785176,1.043368985047,1.578761144565,0.020809231352,1.039185137892,1.987322722628,0.296126072991,1.237944892701,0.834884430925,-0.058764594071,1.221079790313,1.288209242191,0.572152361274,0.509291470051,-0.000374779571,-0.283517057795
1058,1,0.273731011241,-0.013156079005,-0.035073220054,-0.273731011241,0.013156079005,0.035073220054,0.272494596010,0.564854312671,0.116992319440,-0.213500228169,0.566926480390,0.455770792213,0.235052800048,1.000355070917,1.397460927926,-0.054666914534,0.998457572723,1.829292464513,0.194922952046,1.050553233582,1.486502678128,0.014662102032,1.044302514630,1.908407832242,0.290498863162,1.244287292336,0.790002458332,-0.065984105736,1.226644403124,1.232837858140,0.570193767548,0.509221822023,-0.000370286405,-0.282207450961
1059,1,0.273208698413,-0.013640198395,-0.028300572006,-0.273208698413,0.013640198395,0.028300572006,0.268915686718,0.563101404840,0.108827142886,-0.214002889378,0.569066276210,0.392526526131,0.230023805828,1.004452112211,1.152166561942,-0.059422832324,1.001625747695,1.546962926724,0.190332165648,1.055047010832,1.229921113105,0.009081654806,1.047353756714,1.610426947801,0.285221116693,1.247819370305,0.612437341994,-0.068761793652,1.229430601126,0.953138701272,0.568831324577,0.507937729359,-0.000367654953,-0.282611050402
1060,1,0.272788489791,-0.013168831090,-0.027202147827,-0.272788489791,0.013168831090,0.027202147827,0.263706261270,0.563207398552,0.107134121587,-0.217991338431,0.568227988413,0.395140589731,0.221740032887,0.999740861424,1.452146290265,-0.064137814280,1.000141969308,1.795930612226,0.183088316530,1.049558081442,1.560978614404,0.003308771379,1.045877748072,1.889813451708,0.277020873166,1.242711119610,0.830551677324,-0.074665000247,1.228306206319,1.080712805531,0.567142799497,0.507858484983,-0.000369482208,-0.282934462584
1061,1,0.272357670754,-0.012976634010,-0.022402987176,-0.272357670754,0.012976634010,0.022402987176,0.260049047812,0.564642072694,0.073829098817,-0.219373507139,0.568606300550,0.350192418803,0.217400772132,1.002067185907,1.166452942448,-0.068343570661,1.002127463921,1.508420654445,0.179065852037,1.052510610152,1.248563400314,-0.001075625332,1.047886696338,1.571529732947,0.272467161762,1.243161116675,0.620530091107,-0.079315433798,1.230312415373,0.887933214709,0.565912395716,0.507434666157,-0.000370449852,-0.282805076869
1062,1,0.281865085918,-0.012442832863,-0.012365557423,-0.281865085918,0.012442832863,0.012365557423,0.265494432078,0.584561365330,0.073183910024,-0.228946187908,0.585793712497,0.332955186556,0.220107584245,1.034002272501,1.202188366689,-0.074663634397,1.035757110495,1.481130898756,0.180773447715,1.084792036716,1.288614681896,-0.005197597725,1.083029799852,1.543285001649,0.280060523162,1.285023316990,0.642383730885,-0.088504309751,1.271931450854,0.878020510660,0.564728885889,0.507092028856,-0.000376038835,-0.273900985325
1063,1,0.281140231471,-0.011090435027,-0.009255493815,-0.281140231471,0.011090435027,0.009255493815,0.263806430293,0.585425742199,0.003086116919,-0.227757046089,0.584395146989,0.308584375178,0.215905417815,1.032448202135,1.035140539370,-0.075142295667,1.034304010117,1.355025420415,0.177459688515,1.082802429846,1.114358257394,-0.006996922550,1.081470260422,1.406751030864,0.273771378223,1.283051390559,0.526630195392,-0.090329330407,1.270261134211,0.767777775667,0.564174339175,0.506201505661,-0.000373019837,-0.275121883244
1064,1,0.281748187482,-0.010794661503,-0.010080709737,-0.281748187482,0.010794661503,0.010080709737,0.264796652794,0.587612700793,0.000135215908,-0.228610024378,0.586123423157,0.303976924700,0.213684622649,1.037563362123,1.057672940726,-0.075101702342,1.038460613962,1.425842749652,0.177179544618,1.090233714290,1.136214343296,-0.004458782349,1.086396710774,1.484788661977,0.273891218247,1.287448758074,0.480322490100,-0.093156212956,1.273844737980,0.793206281073,0.563574060798,0.505345851183,-0.000372974668,-0.274954716104
1065,1,0.281034047353,-0.010650705484,-0.010602849794,-0.281034047353,0.010650705484,0.010602849794,0.262276953006,0.587176002681,-0.010774354628,-0.226293323883,0.584758864136,0.286140224971,0.210629062291,1.035666739714,1.089463405384,-0.076817985427,1.038181823716,1.467470628399,0.174890620417,1.088647465304,1.173181853203,-0.006569303192,1.084969764414,1.534244080694,0.270920100232,1.283809828893,0.507763880539,-0.096394348215,1.271316605403,0.845587901160,0.562997445464,0.504693895578,-0.000373218791,-0.276281407845
1066,1,0.277768175345,-0.010682627607,-0.010462800175,-0.277768175345,0.010682627607,0.010462800175,0.256492359055,0.581186901561,-0.009483775034,-0.222561573947,0.579769933474,0.287388672481,0.204992681609,1.025886385792,1.005828279779,-0.079889029160,1.027753955694,1.362074585268,0.169787817741,1.078555690112,1.079425227438,-0.010802571592,1.073574580926,1.416432581643,0.265507057215,1.270280799515,0.458620130273,-0.099854565222,1.257754026486,0.773141900274,0.562177285552,0.503932893276,-0.000374990515,-0.279899956756
1067,1,0.280539410957,-0.010406026791,-0.010812179737,-0.280539410957,0.010406026791,0.010812179737,0.257796498309,0.589536075805,-0.012526494535,-0.223156991984,0.587923856308,0.268935065312,0.204967132492,1.038992179069,1.051106546167,-0.082495408197,1.041904748914,1.399535314373,0.170305380504,1.092118476127,1.130279935359,-0.012651549148,1.088134245648,1.461050053310,0.262707201544,1.285119268878,0.485231742009,-0.105176742270,1.272736064756,0.783748980125,0.561636596918,0.503031730652,-0.000375283416,-0.277316110632
1068,1,0.279919799060,-0.009990128446,-0.011583176070,-0.279919799060,0.009990128446,0.011583176070,0.253330258515,0.587051168760,-0.011704887746,-0.221997845452,0.585416307684,0.272901831470,0.200005723344,1.041158805902,0.951479578878,-0.086053040020,1.038562022772,1.351881933405,0.165629576710,1.090970411143,1.018692304881,-0.016437861815,1.084062839673,1.403962087533,0.257492277276,1.279637614636,0.399252844086,-0.109196709244,1.266270812508,0.765435522067,0.560532078147,0.502948224545,-0.000376598327,-0.278652606392
1069,1,0.277972193189,-0.009559296856,-0.011186256519,-0.277972193189,0.009559296856,0.011186256519,0.251766022118,0.583435847327,-0.024480289563,-0.221046155887,0.583687046127,0.258483461094,0.198198250717,1.038604452229,0.943554444403,-0.087095194372,1.035267066296,1.343467409457,0.163998141221,1.088366316778,1.012456847937,-0.017598350928,1.080724887611,1.398341776825,0.256589827418,1.275965586715,0.368523689773,-0.111770203287,1.261694980714,0.734990621120,0.560237303376,0.502504438162,-0.000377797056,-0.279754027423
1070,1,0.279551660400,-0.008960885048,-0.011373556900,-0.279551660400,0.008960885048,0.011373556900,0.250968534918,0.587092322811,-0.025358289615,-0.222644706137,0.587608989154,0.266423947295,0.196617077051,1.045730590516,0.906601836550,-0.090176209217,1.042937423320,1.295797835288,0.162500397224,1.095280241749,0.972155618522,-0.020394991712,1.088630169938,1.343540546086,0.256481641009,1.284769175387,0.332366326377,-0.114137708226,1.269716263143,0.685005772524,0.559524938464,0.502104565501,-0.000377814868,-0.278373092811
1071,1,0.280914886411,-0.008906081608,-0.011607240580,-0.280914886411,0.008906081608,0.011607240580,0.251975818296,0.590495325671,-0.027483635625,-0.224324540005,0.590792922349,0.271349036177,0.196490092144,1.052302230125,0.924830019918,-0.092385559274,1.050000973844,1.326701686123,0.162396201342,1.102701445064,0.993790346122,-0.022269971817,1.096025237477,1.376794469147,0.256638776815,1.293348427924,0.349956795887,-0.116620832831,1.278395110708,0.709596670534,0.559117972851,0.502015665174,-0.000377883785,-0.276595878083
1072,1,0.280740987080,-0.008880180098,-0.011738682388,-0.280740987080,0.008880180098,0.011738682388,0.250097307208,0.590426919868,-0.029265594726,-0.225148499098,0.591106650523,0.261863610387,0.194208689342,1.051467217266,0.923954070012,-0.094626855701,1.049774892608,1.316601614005,0.160496418751,1.101711916239,0.993030647537,-0.025355515414,1.095767127661,1.369434891051,0.254693514476,1.293134840985,0.349688662112,-0.118608744261,1.278142848159,0.707992276143,0.558575287461,0.502009168267,-0.000378031633,-0.276657603806
1073,1,0.280847977795,-0.008831971908,-0.011679587805,-0.280847977795,0.008831971908,0.011679587805,0.249431144615,0.591567000819,-0.024895065265,-0.225620410326,0.592889603596,0.262884644365,0.192232728531,1.053000861475,0.912278561935,-0.097448354091,1.051685811496,1.291320139162,0.158713628055,1.103433912953,0.978935886087,-0.029126177529,1.097765861958,1.342840361922,0.253322885485,1.295621108903,0.357926623155,-0.120522366912,1.280383231612,0.707918306110,0.558110654354,0.501950040460,-0.000378749683,-0.276210570601
1074,1,0.280752800966,-0.008624007125,-0.012534808693,-0.280752800966,0.008624007125,0.012534808693,0.248264915854,0.591317383682,-0.018771633512,-0.226249382474,0.592698744557,0.277003036908,0.190927214254,1.051998752778,0.917580215654,-0.099545410861,1.052083806097,1.302373840753,0.157455711260,1.101793800895,0.984947948556,-0.031083318066,1.098025118579,1.356052522690,0.251554903415,1.295143739496,0.365098441601,-0.123560021031,1.281369635212,0.714148868365,0.557732045650,0.502083435655,-0.000379168196,-0.276111861124
1075,1,0.275134912639,-0.008406448545,-0.010828559144,-0.275134912639,0.008406448545,0.010828559144,0.242540992811,0.578401441336,-0.020920384116,-0.223161793629,0.580947006489,0.255158308904,0.184261939710,1.031274410126,0.901036006415,-0.098631180505,1.031255154396,1.277110565314,0.153108284988,1.080527816009,0.966882772909,-0.031613834923,1.076792416039,1.328216541681,0.245243460421,1.270182576758,0.363887532653,-0.118229492965,1.256110023933,0.645491100879,0.557416394353,0.501937225461,-0.000381648308,-0.281683568724
1076,1,0.280438060082,-0.008468757556,-0.010759308523,-0.280438060082,0.008468757556,0.010759308523,0.247837337170,0.590364148322,-0.008573993013,-0.227561970176,0.592087258768,0.259955764708,0.187413194551,1.055029310863,0.908139853335,-0.100681934878,1.053008941198,1.268292171704,0.155608616882,1.104412335104,0.970946711007,-0.031931511889,1.100147302144,1.315890129511,0.250289132071,1.296548864229,0.355409758314,-0.122762444637,1.281174280667,0.654578603175,0.557265698910,0.501974999905,-0.000385012710,-0.276107823266
1077,1,0.285257240536,-0.008565903661,-0.011305745312,-0.285257240536,0.008565903661,0.011305745312,0.252480581844,0.601186038280,-0.007030424144,-0.232131670431,0.603359492925,0.263921315545,0.190531300180,1.072890752448,0.923982638957,-0.103423550225,1.073774068680,1.273237722930,0.158082670718,1.123454727460,0.989129024269,-0.033123094923,1.121407869021,1.321477470733,0.250691751087,1.320001490300,0.361874305266,-0.125309528586,1.305506444569,0.661529693787,0.557100430131,0.501963675022,-0.000387135893,-0.271195138010
1078,1,0.285139401171,-0.008517170346,-0.011992228377,-0.285139401171,0.008517170346,0.011992228377,0.251581396303,0.602284236363,-0.028105225296,-0.232759962427,0.603236605772,0.265047775402,0.189439786650,1.072337307789,0.883625684771,-0.105110166689,1.073238928102,1.265756605493,0.157088885294,1.122819696971,0.949344776191,-0.034381743991,1.120829717246,1.313647824895,0.249691926152,1.319864598234,0.333505450646,-0.129585950664,1.305140989134,0.666783308294,0.556817293167,0.501988798380,-0.000388083397,-0.271308730157
1079,1,0.290531054806,-0.008660906592,-0.010349096131,-0.290531054806,0.008660906592,0.010349096131,0.254850114437,0.614106995486,0.005633869379,-0.236839404890,0.615492838939,0.268618572288,0.191330985011,1.092018140309,0.911948901436,-0.108769981901,1.093982741686,1.271358131340,0.158349834070,1.143484211067,0.979082919757,-0.037735721086,1.142816224236,1.320081028189,0.252961324086,1.344389021734,0.347381057212,-0.132367785187,1.329286526029,0.681397003661,0.556419387460,0.501990646124,-0.000389354303,-0.266530814132
1080,1,0.290002548778,-0.008601453164,-0.008985607369,-0.290002548778,0.008601453164,0.008985607369,0.255784586837,0.611339724039,-0.009273320920,-0.236266752513,0.614684649891,0.266570574099,0.189825100148,1.089502723201,0.904038122497,-0.107939377643,1.090127552850,1.281302853115,0.156792841200,1.140917117709,0.971283432257,-0.037540118010,1.138809573331,1.331328290826,0.248962246246,1.342071189726,0.339879371185,-0.132235852865,1.326845794454,0.685046715476,0.556386083364,0.501979753375,-0.000389107154,-0.267006216879
1081,1,0.287547124573,-0.008524558266,-0.016818145983,-0.287547124573,0.008524558266,0.016818145983,0.256294246338,0.604705499924,-0.007425134515,-0.233749362028,0.608408510504,0.295085362647,0.188226561339,1.081281080687,0.856113648108,-0.107161497288,1.080794500450,1.261619748741,0.156066019560,1.133603392109,0.913277145231,-0.037319863331,1.129710750214,1.304336691907,0.244540645145,1.330316120776,0.255011668704,-0.127105533892,1.315238992908,0.637846786841,0.556311398745,0.501981854439,-0.000388340792,-0.269371018227
1082,1,0.272890218858,-0.007930099952,-0.027766616041,-0.272890218858,0.007930099952,0.027766616041,0.247111554220,0.573012883146,-0.023460886224,-0.221766687903,0.576666993583,0.295788890333,0.178629161451,1.025934864025,1.322610589512,-0.101771899471,1.024403761726,1.862740940591,0.147860136373,1.076169171414,1.430988359721,-0.035516660032,1.071099022318,1.966974110103,0.233045339238,1.262146238097,0.571376254445,-0.120441394931,1.246841304243,1.115374570553,0.556314766407,0.502198949456,-0.000387202017,-0.283871998646
1083,1,0.274670505017,-0.007897676337,-0.033359580674,-0.274670505017,0.007897676337,0.033359580674,0.249771818242,0.574475905584,-0.031709687861,-0.223091635584,0.577941920761,0.296829613015,0.179812293196,1.029412317610,1.233251548151,-0.101594545950,1.027876960567,1.669053464749,0.148837251866,1.080332633595,1.328532315921,-0.035227908504,1.075255623860,1.748706951473,0.234685303173,1.267558512469,0.563121546615,-0.119519369332,1.251860981497,0.987270743430,0.556330665946,0.502920717001,-0.000383238308,-0.282114805534
1084,1,0.273866792517,-0.007532815047,-0.031541191911,-0.273866792517,0.007532815047,0.031541191911,0.250021769552,0.572730590274,-0.086030220554,-0.221360686232,0.576380147568,0.264522527628,0.180142175368,1.025772347611,1.171912912951,-0.100111079355,1.020446376213,1.575149535234,0.149478486397,1.076692742086,1.278147922928,-0.033886829734,1.068889188055,1.642897835940,0.234631000142,1.263144251143,0.481394870787,-0.116123296273,1.246208806924,0.924032380458,0.556670621037,0.502772957087,-0.000383352395,-0.283229900657
1085,1,0.280636984583,-0.007590342148,-0.031966405648,-0.280636984583,0.007590342148,0.031966405648,0.257055769438,0.584034641762,-0.002426156365,-0.226660427277,0.586457442478,0.304591273655,0.185018755669,1.046441430413,1.113158572754,-0.102571054367,1.043448736579,1.476441383858,0.153365312976,1.098545882358,1.194975875632,-0.034694885900,1.092415756507,1.529433570520,0.241171886215,1.289820951415,0.481025124462,-0.118546180886,1.273109838782,0.923961607516,0.556737363338,0.504178136587,-0.000383574050,-0.276324571636
1086,1,0.276659800551,-0.007496791598,-0.031558927371,-0.276659800551,0.007496791598,0.031558927371,0.258609174644,0.578525696747,-0.002732552262,-0.221568913697,0.581172490673,0.301684635749,0.187718526728,1.035986539189,1.098327369751,-0.097365159280,1.030818622754,1.507714834365,0.156343204122,1.088492826645,1.177473005441,-0.030228624358,1.081503743297,1.571042969661,0.243312419840,1.277932228938,0.469163465516,-0.112283510607,1.260252739793,0.895565728617,0.557921305299,0.504178613424,-0.000383527949,-0.278882278517
1087,1,0.278250578188,-0.007022336038,-0.032292924250,-0.278250578188,0.007022336038,0.032292924250,0.262780653066,0.585365872684,-0.005067336120,-0.220973302250,0.587316593457,0.315861767607,0.193482305633,1.042230197607,1.101366050146,-0.094907406291,1.037409133634,1.539089183534,0.161209056775,1.094669591155,1.182056611206,-0.026724464910,1.088545531092,1.606066265964,0.249537766687,1.287853693314,0.478574725090,-0.113965691654,1.269086711561,0.915227463254,0.559058487415,0.504888832569,-0.000383028761,-0.276432808196
1088,1,0.252740527909,-0.006422694025,-0.030865490803,-0.252740527909,0.006422694025,0.030865490803,0.241770900386,0.535631449609,-0.004230690038,-0.203436598538,0.537551016031,0.272692896724,0.182127497212,0.953725171484,1.342428903984,-0.083048330453,0.949338859601,1.679839468414,0.152524775768,1.001984665711,1.446992095208,-0.020494104491,0.996278651913,1.772858326401,0.233404369106,1.178420800421,0.645756674509,-0.098139855897,1.161448186705,0.962091522398,0.560577794909,0.504877150059,-0.000387137290,-0.302065079755
1089,1,0.257399317979,-0.006586173985,-0.037279892422,-0.257399317979,0.006586173985,0.037279892422,0.249779778899,0.546239495651,-0.131171212588,-0.204996983094,0.549626848393,0.256645232706,0.194310324199,0.969549538767,1.248614308779,-0.077240783430,0.965544572474,1.652620971636,0.162423543914,1.017842468326,1.332569660053,-0.013562039871,1.012575012533,1.741803586715,0.244228974597,1.201840590662,0.651913119850,-0.097202470376,1.181947260166,0.977361884756,0.562701106071,0.504882305861,-0.000390847214,-0.297341128676
1090,1,0.219166478770,-0.005059660350,-0.070011580306,-0.219166478770,0.005059660350,0.070011580306,0.216357299576,0.473401266507,-0.099866073889,-0.170812469525,0.467650102847,0.234211332114,0.175548427626,0.819109162004,1.683604729604,-0.059546584806,0.814182306926,2.217343179348,0.147865567370,0.858259070531,1.825958581387,-0.005047575579,0.853602575098,2.372007214784,0.212706935524,1.018716841942,0.997240966471,-0.075600248850,0.997144550671,1.586386691380,0.564897909760,0.505922913551,-0.000355866738,-0.351420062887
1091,1,0.228191728180,-0.005621671162,-0.071560615419,-0.228191728180,0.005621671162,0.071560615419,0.229196720167,0.495867648818,-0.181778730538,-0.174914142395,0.489735560324,0.170248201022,0.190310655041,0.855554944830,1.398651134985,-0.055712445500,0.849140166384,1.847479405876,0.161838979801,0.896003504763,1.500270826751,0.001019728329,0.890253233569,1.957419776347,0.222471460710,1.069182520306,0.813830764741,-0.070368069734,1.041403851429,1.249444652219,0.567343100905,0.506116896868,-0.000367888249,-0.336724446590
1092,1,0.235265209023,-0.006164597720,-0.094018224100,-0.235265209023,0.006164597720,0.094018224100,0.237979302843,0.507054911372,-0.206207835919,-0.178485415162,0.504092996799,0.178635132666,0.198979495196,0.897275764324,1.212065605085,-0.054845914991,0.870734442038,1.864546905467,0.172508333036,0.937883649279,1.305445477149,0.002704736123,0.911593673834,1.978897602849,0.224775456562,1.113758990240,0.386408727176,-0.068755340678,1.067155307764,1.227610593489,0.568555101752,0.505908459425,-0.000389629975,-0.329626009634
1093,1,0.192151158417,-0.004997466523,-0.099264329350,-0.192151158417,0.004997466523,0.099264329350,0.197557382293,0.415850932536,-0.160905041160,-0.142302750849,0.411067692494,0.312233488027,0.173198104396,0.754111238489,1.089036528690,-0.040196604345,0.712039803355,1.993161275004,0.152920594239,0.785005269196,1.169404529942,0.006865903589,0.744946607597,2.112126714831,0.185601192955,0.926877288861,0.290059816297,-0.050969219937,0.868663539322,1.314914504752,0.570433765650,0.505685240030,-0.000348750502,-0.405523021569
1094,1,0.216045031395,-0.006226698589,-0.109902619011,-0.216045031395,0.006226698589,0.109902619011,0.222956312876,0.468730604626,-0.248087689798,-0.162000431337,0.463129934754,0.335056807598,0.199368096125,0.871295402251,0.405473869430,-0.043042328084,0.799905626641,1.886478003820,0.174142087074,0.912135830563,0.427197304064,0.010067211897,0.836671571317,1.990632330534,0.209055321812,1.062306183359,-0.449270287824,-0.057139019847,0.974939576743,1.260046880960,0.571155905724,0.504145413637,-0.000364171341,-0.362895658669
1095,1,0.214036241187,-0.007667056389,-0.104798320763,-0.214036241187,0.007667056389,0.104798320763,0.224501472799,0.462799699400,-0.310762713646,-0.160632867438,0.461827456570,0.327521209069,0.208370235090,0.885625006796,0.183140212490,-0.039490105779,0.798037673016,1.778965544483,0.179329782199,0.932109959292,0.191024188325,0.014022074341,0.834267910574,1.875034228804,0.213401183916,1.066412256036,-0.698777364049,-0.054636866058,0.971236697469,1.193423001735,0.572624176741,0.502738162875,-0.000367635861,-0.365385757394
1096,1,0.256303027360,-0.010386293168,-0.070275741750,-0.256303027360,0.010386293168,0.070275741750,0.269176861744,0.554397379433,-0.318227838633,-0.191779189665,0.553899530730,0.383763490831,0.254603260220,1.084151588552,-0.081836278883,-0.045552913091,0.957639459133,1.302949682320,0.216334959224,1.148298197395,-0.101495368912,0.016986338979,1.000041810930,1.346157268889,0.276203357089,1.276872537149,-0.803797245853,-0.061636402768,1.164196671786,0.845711056861,0.573470339179,0.500926449895,-0.000396895222,-0.306374778567
1097,1,0.220939395656,-0.010553691072,-0.060935386980,-0.220939395656,0.010553691072,0.060935386980,0.236160074553,0.475904254085,-0.376193467278,-0.163790068424,0.479629397993,0.342609350563,0.231692509801,0.948561752493,-0.147748501846,-0.034300768406,0.833176681850,1.492914692504,0.193580283177,1.002361647034,-0.165414553059,0.020866190013,0.865884252981,1.559713555791,0.252381275954,1.108101387972,-1.028467890162,-0.047423067345,1.013910939181,1.028387228135,0.575228750706,0.498398974538,-0.000394704752,-0.354253920906
1098,1,0.249103614887,-0.014238001453,-0.038605343632,-0.249103614887,0.014238001453,0.038605343632,0.266798246968,0.512888688928,-0.406493271799,-0.183189820385,0.543720932313,0.307120022950,0.280510155333,1.079645932933,-0.658051987762,-0.036450128940,0.945672465220,1.179101817167,0.232684265655,1.160302219803,-0.720322184359,0.025990715388,0.982640291644,1.219897284460,0.308132353589,1.250890412148,-1.430146986282,-0.051197149275,1.148231227568,0.778651588096,0.575835347176,0.494753807783,-0.000382080674,-0.315928028387
1099,1,0.258286152112,-0.015931888193,-0.028192600473,-0.258286152112,0.015931888193,0.028192600473,0.279970822092,0.528239308078,-0.389483212696,-0.184002798951,0.562685934307,0.301087410101,0.311290917441,1.117266865953,-0.713879743014,-0.031860467784,0.982820685945,1.147194113154,0.274187581710,1.211362318091,-0.783948035479,0.032752233136,1.021758835699,1.184504528399,0.341473437826,1.297837672277,-1.528796261973,-0.038181258559,1.191266847146,0.702993617713,0.577597498894,0.492284983397,-0.000369422138,-0.306255991901
1100,1,0.264008647501,-0.018203990154,-0.001477109908,-0.264008647501,0.018203990154,0.001477109908,0.289282357302,0.509008440366,-0.511858005189,-0.183491868004,0.572492187878,0.242222191180,0.338632377269,1.136643200667,-0.947913255200,-0.028951388017,0.997850017846,1.220438730117,0.291383493797,1.249491050565,-1.028889042814,0.036081031810,1.040461648956,1.270641081185,0.383699667342,1.305055553964,-1.810526492214,-0.034702333322,1.205060916151,0.774802707359,0.578484684229,0.490342184901,-0.000346975958,-0.302627816900
1101,1,0.263271623570,-0.018531218093,-0.001327161413,-0.263271623570,0.018531218093,0.001327161413,0.293348714276,0.504744757956,-0.503661099485,-0.180327146544,0.566922314588,0.233879637345,0.345070533319,1.130719072700,-0.925752448719,-0.025114092109,0.996574780015,1.187797338894,0.300789074339,1.246231076467,-1.008642570796,0.039972384698,1.040321601757,1.231238303869,0.380015770786,1.275766870229,-1.840602457177,-0.028664302746,1.197278127910,0.695489287094,0.579567149282,0.488946557045,-0.000346686546,-0.304301433645
1102,1,0.266931809589,-0.019926873293,0.001903429348,-0.266931809589,0.019926873293,-0.001903429348,0.298676880672,0.502789838301,-0.588842286209,-0.181473536021,0.574575523705,0.238090525483,0.359376069171,1.150549935320,-1.120048873598,-0.023755387813,1.015026928207,1.111560423140,0.318898243673,1.270559954256,-1.211003036017,0.041865442022,1.062579131124,1.145180598243,0.396697510765,1.260397908846,-2.017968807740,-0.026888635711,1.212316148475,0.623004122261,0.580045923591,0.485088422894,-0.000328971684,-0.301423834617
1103,1,0.272166884537,-0.019719920291,0.013377354381,-0.272166884537,0.019719920291,-0.013377354381,0.305504946567,0.496759991779,-0.565394087821,-0.182422672972,0.575313422789,0.226942087625,0.372815256890,1.161959234712,-1.110648262619,-0.021549923450,1.029939408230,0.967402587286,0.332444102222,1.292961280810,-1.202172839282,0.045529109541,1.080463547721,0.988180118503,0.415223673634,1.243808192575,-1.959790744421,-0.022482038151,1.225007977470,0.480678340436,0.581131100655,0.483896583319,-0.000321069150,-0.297794713937
1104,1,0.269268435885,-0.020547618470,0.024612670820,-0.269268435885,0.020547618470,-0.024612670820,0.306476973633,0.484177709036,-0.674217329879,-0.179621542520,0.568617685093,0.192562342445,0.381790310435,1.152438443579,-1.331125800222,-0.015808111568,1.025208095436,0.847472466462,0.338113860708,1.291837973631,-1.435698484594,0.051193872324,1.080448837203,0.857597895758,0.416673611185,1.218921950439,-2.232413979856,-0.014548698825,1.213864327624,0.310454468409,0.582560390234,0.481570109725,-0.000300052110,-0.301427776443
1105,1,0.271300665362,-0.019869847191,0.025393781289,-0.271300665362,0.019869847191,-0.025393781289,0.311930092749,0.486443482744,-0.682747501600,-0.176957536572,0.569777524608,0.179189649430,0.386916932745,1.141509160663,-1.226290207796,-0.011977593226,1.026789742567,0.973095385469,0.344259167130,1.289232909293,-1.319443731337,0.054891347343,1.083766457237,1.000408468958,0.418779001077,1.216402302938,-2.151075649120,-0.010468941306,1.213989290098,0.436189354119,0.583681315184,0.480916172266,-0.000300309621,-0.301529227974
1106,1,0.281953414634,-0.020445462531,0.025421896270,-0.281953414634,0.020445462531,-0.025421896270,0.326792354109,0.504955418618,-0.593478678720,-0.182504681574,0.594010951478,0.175564049635,0.404611435482,1.185089529901,-1.060037116137,-0.008771145383,1.069474962673,0.905305914403,0.359565422999,1.336766563267,-1.145920466752,0.061253138300,1.138017460193,0.923001998630,0.438451324834,1.252519919343,-1.960197824870,-0.007287514928,1.260444227315,0.385674157945,0.584716767073,0.479831352830,-0.000307244016,-0.290865981182
1107,1,0.281610043465,-0.019938648557,0.023322851194,-0.281610043465,0.019938648557,-0.023322851194,0.329388248700,0.508305863802,-0.589196152698,-0.178561992139,0.591420467825,0.178710407933,0.406269915227,1.172128189063,-1.014465278303,-0.004804020563,1.062971214443,1.012175531597,0.363234641322,1.327494732036,-1.095154160447,0.064001832943,1.130325612251,1.042858950146,0.425264689241,1.257107697449,-1.944563229708,-0.003047424657,1.254050584183,0.479241936180,0.585929244757,0.480112850666,-0.000306565780,-0.292221562654
1108,1,0.280803522565,-0.019848060594,0.022432824127,-0.280803522565,0.019848060594,-0.022432824127,0.334636849098,0.510187361734,-0.582726033724,-0.173447729431,0.588847139121,0.186459779625,0.411786299152,1.171968053037,-1.058328701182,0.002239229748,1.061241048065,1.047853097126,0.363424270287,1.324057954374,-1.145535396312,0.071073431085,1.129841748195,1.082602229589,0.417955657532,1.261644120125,-1.976108552148,0.003433200607,1.252171951306,0.508146816200,0.588029354811,0.479750141501,-0.000311119715,-0.292788755123
1109,1,0.280620183329,-0.019900271528,0.021163853029,-0.280620183329,0.019900271528,-0.021163853029,0.332827142679,0.507266747696,-0.615717309932,-0.175507672411,0.585595078490,0.187038798599,0.414460977625,1.170092913805,-1.171608749539,0.006191771647,1.058980967747,0.979304536545,0.366418632267,1.319852502115,-1.266029099192,0.075045191352,1.127937671749,1.002980530255,0.399867292684,1.263791696585,-2.107063171482,0.007077617483,1.250241528685,0.427991254751,0.589215278625,0.479854062200,-0.000315050362,-0.293163242344
1110,1,0.276611268348,-0.019651140315,0.017114266299,-0.276611268348,0.019651140315,-0.017114266299,0.329798270523,0.503652579259,-0.547307188091,-0.172104488181,0.578683376145,0.182581928056,0.407579451717,1.157318256217,-1.117739160554,0.007961480417,1.046320324343,1.005721820668,0.349759294224,1.303238776847,-1.223414059159,0.077118184211,1.114170091572,1.035313051081,0.391715568830,1.255735093140,-2.008014418579,0.007878630869,1.235138053725,0.467307035734,0.589624196291,0.479441836476,-0.000324377790,-0.297125561541
1111,1,0.276656654618,-0.019521581782,0.012150606029,-0.276656654618,0.019521581782,-0.012150606029,0.328520452313,0.503575170714,-0.547180120476,-0.171576827353,0.578345992938,0.219771561558,0.407832772259,1.160398892021,-1.067153985406,0.009218960623,1.045103226683,1.079386572169,0.350226651622,1.300786951435,-1.158231705296,0.081084579947,1.112904128840,1.115759263280,0.382706286620,1.286147833152,-1.962101869347,0.006773191687,1.234985419259,0.599180466950,0.589886188507,0.479602023959,-0.000321571832,-0.297222782142
1112,1,0.274186256453,-0.019214448739,-0.003204467492,-0.274186256453,0.019214448739,0.003204467492,0.321910418189,0.505607195306,-0.520570193545,-0.171895458226,0.574132488278,0.241361509420,0.406374354288,1.155313729014,-0.943010917553,0.010153191972,1.040275208204,1.092019256763,0.349817856155,1.282195462639,-1.020686840998,0.082425796697,1.107051330103,1.127381917996,0.377615671686,1.302760391942,-1.850909006528,0.006799284115,1.231203973822,0.598370632184,0.590185135603,0.479440331459,-0.000332613359,-0.298777822968
1113,1,0.276686830631,-0.019370458190,-0.016693272047,-0.276686830631,0.019370458190,0.016693272047,0.324808917942,0.520817487036,-0.464911627279,-0.175980145669,0.580244237638,0.290061039418,0.411593594839,1.168372011688,-0.723004211196,0.010637222228,1.051146941677,1.118877576817,0.367109015956,1.274280119992,-0.779237305204,0.084934773417,1.117610603745,1.153451245638,0.375878391115,1.345402058984,-1.568524315525,0.001849298640,1.247264734814,0.620170171255,0.590275377035,0.479514494538,-0.000350291841,-0.295638353056
1114,1,0.277892736684,-0.019575080617,-0.029497747542,-0.277892736684,0.019575080617,0.029497747542,0.320577169215,0.533592455309,-0.436293059979,-0.177006406517,0.582629291199,0.332465962707,0.413731932479,1.175581225188,-0.721060530593,0.014014130215,1.056274151787,1.129657486909,0.381797190804,1.272532185267,-0.781190834581,0.092361891205,1.122438929806,1.162294176807,0.369661240899,1.365479861134,-1.581453876415,0.001477993799,1.253473049265,0.623623012061,0.590332239866,0.479739099741,-0.000351993833,-0.294011830803
1115,1,0.277189491688,-0.019565514158,-0.047018470011,-0.277189491688,0.019565514158,0.047018470011,0.317991398546,0.551114396807,-0.397272759093,-0.176697256492,0.580375508967,0.379880362446,0.412807696754,1.186023296723,-0.581393545299,0.014762283411,1.051178926345,1.216396927758,0.384050677404,1.268104533280,-0.630808279895,0.093698897550,1.116977894151,1.252807517969,0.363324766138,1.382549724847,-1.434729378655,-0.007222288077,1.250633574945,0.702852859127,0.590548068285,0.481437891722,-0.000359978061,-0.293889025223
1116,1,0.274091821473,-0.018689498025,-0.066076669030,-0.274091821473,0.018689498025,0.066076669030,0.316035201591,0.552655057946,-0.409759301721,-0.174681187664,0.576480078847,0.405751695025,0.411339609339,1.173404252058,-0.544830537365,0.014887420096,1.035008756259,1.454982506487,0.402985164436,1.253712029964,-0.587909457480,0.093493698114,1.089898217505,1.514749399624,0.345093541388,1.380832373841,-1.434283369407,-0.007591887358,1.235735060158,0.958430133511,0.590755194426,0.482832357287,-0.000366832130,-0.296359287549
1117,1,0.277682905158,-0.018363075212,-0.081430542130,-0.277682905158,0.018363075212,0.081430542130,0.320544535581,0.568497492487,-0.414313562691,-0.177050311730,0.588425317910,0.414495620896,0.416658528685,1.184487984544,-0.258940343496,0.014311397941,1.044394966201,1.513149308324,0.406983442762,1.248835617090,-0.272223878848,0.093698202633,1.094868517585,1.574999007002,0.347533533917,1.405693226608,-1.126997000843,-0.008931311081,1.252299092594,0.973445268196,0.590740054846,0.484088376164,-0.000375876203,-0.292423642929
1118,1,0.277013842350,-0.018272254441,-0.084632606591,-0.277013842350,0.018272254441,0.084632606591,0.319929131803,0.581199632785,-0.325267865947,-0.176815267282,0.583120210307,0.439865918822,0.413911631007,1.179464721512,-0.169886859572,0.014141842306,1.035597078659,1.515870900207,0.405514524104,1.239476102511,-0.189108334262,0.093513296110,1.084896787126,1.573617994607,0.348255360210,1.399536035722,-1.029919539933,-0.006815556606,1.245054225015,0.972435195450,0.590711355209,0.486648172140,-0.000383698381,-0.292812873801
1119,1,0.278608586221,-0.017499888039,-0.089082789320,-0.278608586221,0.017499888039,0.089082789320,0.322610529498,0.590807193339,-0.343138920687,-0.177812550717,0.584691338379,0.425694369081,0.413725108814,1.184587326192,-0.112117742794,0.014005340645,1.038836088774,1.506782437942,0.407588557568,1.245743621743,-0.121987719607,0.093644444134,1.088421930987,1.565590627148,0.342211961446,1.412487040543,-0.995197105332,-0.007377816120,1.250647412035,0.938166939688,0.590764433146,0.487732365727,-0.000387070701,-0.290876784936
1120,1,0.206693229317,-0.012712362599,-0.085064362669,-0.206693229317,0.012712362599,0.085064362669,0.240315651273,0.435111986897,-0.269441441650,-0.132524296432,0.432638433471,0.396716509687,0.302315765824,0.876645924864,0.139619606042,0.010570136309,0.766277615078,1.737301941147,0.298888874803,0.921164243664,0.149505660479,0.069987424296,0.801229310828,1.825702461149,0.250685466205,1.046104084495,-0.745481061001,-0.005189292117,0.926058429679,1.139800233942,0.590830504894,0.490410059690,-0.000360056758,-0.390825491662
1121,1,0.259135429363,-0.014815159016,-0.103081046986,-0.259135429363,0.014815159016,0.103081046986,0.301589788861,0.551638638415,-0.294822412278,-0.166569714669,0.541354899180,0.477632957239,0.370995647471,1.082473448877,0.192766270315,0.012903877622,0.952265465459,1.845114732814,0.366336911040,1.125310236962,0.209803763012,0.087508946207,0.995661680994,1.916995607974,0.313321778933,1.296909342252,-0.552746347125,-0.007869604933,1.152537046367,1.298012587700,0.590728193521,0.493726521730,-0.000360516831,-0.311326825413
1122,1,0.265042745148,-0.013885034853,-0.103578150991,-0.265042745148,0.013885034853,0.103578150991,0.308889251675,0.566256539964,-0.308862769615,-0.171712144491,0.552037623033,0.449066714547,0.367985986680,1.090310542353,0.352249605047,0.012108063154,0.973319401453,1.756829772726,0.361898311498,1.122840617286,0.384801265913,0.089595423828,1.015855919337,1.815705786038,0.320766770188,1.321810564628,-0.464807728315,-0.007943328712,1.179816282646,1.104127636157,0.590496033430,0.495381951332,-0.000365446322,-0.303394821916
1123,1,0.263270257113,-0.013108560528,-0.102509994280,-0.263270257113,0.013108560528,0.102509994280,0.307445024452,0.556606743186,-0.267962686804,-0.171475908755,0.545244843240,0.435349169017,0.355323572841,1.061492773690,0.521820945773,0.010973253297,0.963089476353,1.653068115864,0.347812932341,1.093725605030,0.564224554295,0.089364671119,1.003869600050,1.715616363798,0.315090331897,1.299302665604,-0.303583780509,-0.007353577964,1.169768126221,1.047598005026,0.590463936329,0.497893691063,-0.000371630304,-0.304735495543
1124,1,0.281346590938,-0.012033812400,-0.108847308493,-0.281346590938,0.012033812400,0.108847308493,0.328399175363,0.598921578263,-0.192663292279,-0.184422320071,0.585173921675,0.461584303177,0.367690265568,1.111859549054,0.795179369766,0.010755152015,1.026652426487,1.728149807220,0.355243547505,1.143857667422,0.859503488300,0.095121471377,1.067422575496,1.796027577353,0.332409240523,1.364513363699,0.040224269060,-0.009037481229,1.250513239419,1.079695537174,0.590205490589,0.500409826636,-0.000373963267,-0.284269403616
1125,1,0.288887594792,-0.012122068717,-0.105938564854,-0.288887594792,0.012122068717,0.105938564854,0.335759270211,0.612092329504,-0.185874369988,-0.190194122802,0.602761877555,0.398820652188,0.361591096870,1.111857588105,0.806302067920,0.005080648668,1.054841012195,1.644584988315,0.340645206347,1.151716376141,0.870278780836,0.089755465577,1.096995142759,1.711109792492,0.342021138950,1.377235343638,0.046394049892,-0.010147920963,1.287555605594,0.930688694570,0.590098798275,0.500832006335,-0.000387908891,-0.276269797721
1126,1,0.293749121815,-0.012931126659,-0.095098024936,-0.293749121815,0.012931126659,0.095098024936,0.338967511178,0.621377310478,-0.171584054634,-0.194449533054,0.621527978689,0.374656613939,0.349910862238,1.105132242929,0.749946106535,0.001969464462,1.077180100557,1.411862898580,0.325983540668,1.145510443524,0.813259033128,0.085139856325,1.119364120142,1.461834705018,0.345189778340,1.374748496542,0.118326780772,-0.016651586678,1.317718049407,0.790073395070,0.589655697346,0.500651702285,-0.000388751738,-0.270987367142
1127,1,0.286698241738,-0.012783566260,-0.077893582013,-0.286698241738,0.012783566260,0.077893582013,0.329983440446,0.607341093746,-0.105664142965,-0.192248475211,0.608359094518,0.349145367243,0.331565547366,1.066496107130,0.746473656632,-0.001067498903,1.056511935153,1.277810801968,0.299879841986,1.109815490822,0.804198236521,0.081228805020,1.098018975522,1.319766668525,0.337267106562,1.330430492837,0.156923016045,-0.018019799891,1.292244032952,0.686438894376,0.589226990938,0.500658839941,-0.000397668220,-0.276359243648
1128,1,0.281806272468,-0.012593868819,-0.073613455116,-0.281806272468,0.012593868819,0.073613455116,0.323822999417,0.598483819696,-0.098499909196,-0.192700702984,0.600389330515,0.328640865740,0.315741862464,1.035035494870,1.001857438114,-0.005578686994,1.043653183555,1.279520344811,0.284443260453,1.082277653141,1.082823296991,0.075254234230,1.085238556627,1.346040703275,0.331489533065,1.293626756186,0.335643191234,-0.020450846857,1.277454453275,0.737129333037,0.588526606560,0.500929415226,-0.000398403965,-0.279331648210
1129,1,0.282821296051,-0.011451708890,-0.070088310705,-0.282821296051,0.011451708890,0.070088310705,0.323557087112,0.597661913421,-0.124325229128,-0.195806063491,0.599979963767,0.300607069171,0.315879177528,1.030668165511,0.981548589105,-0.008404681102,1.046798318087,1.369130868095,0.284296575516,1.079118021802,1.064328553650,0.073685205602,1.088758020793,1.432221070676,0.332903321483,1.294600719315,0.338458425243,-0.022675185268,1.283330918517,0.774844826667,0.588070452213,0.502459272742,-0.000395050272,-0.276957586398
1130,1,0.273771327308,-0.011345862245,-0.070585658708,-0.273771327308,0.011345862245,0.070585658708,0.312568683083,0.576780580300,-0.105679027995,-0.187906193093,0.579746251660,0.292043831493,0.307364470082,0.993654102770,1.181989076342,-0.010948141478,1.010560807402,1.676255712292,0.276632705823,1.045662859068,1.278277133265,0.069551960168,1.052695325654,1.771518570541,0.323530904096,1.244129850010,0.464254316331,-0.023321861865,1.241795567537,0.985521900717,0.587974816561,0.503000840545,-0.000392461196,-0.285756153119
1131,1,0.240628562873,-0.010206623843,-0.081615757585,-0.240628562873,0.010206623843,0.081615757585,0.274723307026,0.506916182716,-0.195717249649,-0.165850258169,0.512243083564,0.219027155087,0.268647840304,0.877510258830,1.264136090985,-0.012599446706,0.892124055041,1.876978995647,0.243308590790,0.924709142231,1.382437864861,0.056384471867,0.930214711607,1.998709179118,0.284113167035,1.096108808034,0.503267600423,-0.023746705090,1.097795475775,1.145971541907,0.587558627129,0.502823695540,-0.000390405767,-0.323596473047
1132,1,0.276866358683,-0.011986322596,-0.074402988114,-0.276866358683,0.011986322596,0.074402988114,0.311573003682,0.579217530876,-0.138102209917,-0.189858746826,0.586824856180,0.261242609954,0.301501778431,1.000988517588,1.394847631026,-0.018099588751,1.020121487160,1.309604505077,0.272454670127,1.051257677712,1.515328148048,0.059371018363,1.064829658164,1.352315613684,0.322026311358,1.245118445770,0.372767010704,-0.034672848235,1.255051746530,0.727905702085,0.586720794439,0.503094509244,-0.000383761711,-0.283060986065
1133,1,0.282063357383,-0.012523437302,-0.075299258493,-0.282063357383,0.012523437302,0.075299258493,0.317778480799,0.591584451700,-0.141235323278,-0.192537648961,0.600899792950,0.274800558586,0.304955138940,1.025791995777,1.144199432723,-0.021207967101,1.043098189524,1.430472218601,0.275171150222,1.077949553370,1.232064686088,0.057937771189,1.088829866783,1.490673806311,0.328237248539,1.274555828543,0.349118893835,-0.039156382881,1.282862517353,0.798021303694,0.585976421833,0.503190219402,-0.000383595936,-0.276852312859
1134,1,0.265634988831,-0.010594631065,-0.075031696329,-0.265634988831,0.010594631065,0.075031696329,0.297634338793,0.554398961341,-0.227213424906,-0.180289683291,0.563984497534,0.255640328404,0.284604547568,0.964372376910,1.233484096402,-0.023084202867,0.979039110335,1.953507941326,0.255287161101,1.012927192785,1.353247424583,0.052206792805,1.021991846724,2.081136917225,0.307569267089,1.202864189434,0.511378299967,-0.039763833757,1.207570449146,1.294552909976,0.585155278444,0.504737347364,-0.000379267149,-0.292826804371
1135,1,0.264971661804,-0.011153073161,-0.075785187737,-0.264971661804,0.011153073161,0.075785187737,0.295893704244,0.552661966072,-0.306496007378,-0.181633188805,0.562004820473,0.249621148346,0.283252000506,0.963702767422,1.059112660224,-0.025062601916,0.977825568492,1.889092057415,0.254146590265,1.013636382473,1.180633392824,0.049889331778,1.021726885552,1.991846556917,0.312217943887,1.202519710176,0.331379828305,-0.043571992030,1.207075288263,1.244773081858,0.584629386663,0.504965841770,-0.000376523472,-0.292751853147
1136,1,0.260423120930,-0.011291762137,-0.077398310798,-0.260423120930,0.011291762137,0.077398310798,0.289989023754,0.539768011270,-0.293459108166,-0.177629344043,0.551956844291,0.284252514078,0.277997982752,0.945832221780,1.083836707056,-0.024867641713,0.960074848640,1.904197820441,0.249006037130,0.995239186472,1.187862195865,0.049319780052,1.003706406519,2.009136295585,0.306877118857,1.182940408377,0.348575509376,-0.043161001058,1.186383150620,1.225257899925,0.584588915110,0.505116760731,-0.000375035219,-0.297733900455
1137,1,0.270573471804,-0.011774804952,-0.076459640157,-0.270573471804,0.011774804952,0.076459640157,0.300863622996,0.550836055113,-0.291695404342,-0.185748675531,0.563637042903,0.263736263711,0.287567092940,0.984883796307,0.805891736855,-0.028607203005,0.996931159920,1.398957043599,0.257788314704,1.037344829257,0.876830570231,0.045833285330,1.044714640485,1.455318050423,0.318528382081,1.229277784782,0.194592846724,-0.046708972462,1.234483582306,0.785294550691,0.584343880415,0.504949420691,-0.000373805873,-0.286150061591
1138,1,0.272221727705,-0.012045472696,-0.072600359945,-0.272221727705,0.012045472696,0.072600359945,0.303424962333,0.555023819170,-0.278545756828,-0.186161098791,0.570633404730,0.232180927719,0.289355974361,0.991540099243,0.839842276768,-0.029004208234,1.005194948078,1.454347327475,0.259426401058,1.044283811252,0.915756234717,0.045996913666,1.052733088405,1.524446719520,0.321092347599,1.235949500666,0.232621461673,-0.047325933336,1.242613261490,0.807888349427,0.584294497967,0.505072116852,-0.000371554866,-0.284250298930
1139,1,0.277217391345,-0.012476585446,-0.072359423416,-0.277217391345,0.012476585446,0.072359423416,0.308759165994,0.565519098120,-0.209888093560,-0.190132141133,0.581648789837,0.242427257084,0.294151334802,1.010835252487,0.778650005903,-0.029998013006,1.024308819501,1.319015190699,0.263825018715,1.064626959215,0.843670468597,0.046469148475,1.072663921213,1.369537434621,0.326792866015,1.260011842819,0.209258002438,-0.048658832809,1.266478548164,0.725595992887,0.584176808596,0.505087018013,-0.000373669900,-0.278957286246
1140,1,0.242333120616,-0.010938584203,-0.070531362684,-0.242333120616,0.010938584203,0.070531362684,0.269909623630,0.496191169810,-0.183799861233,-0.166295825148,0.510529598131,0.198778114254,0.257181072292,0.884842351544,1.277547419125,-0.025598034667,0.896457839206,1.803355521773,0.231341733644,0.931517756219,1.395115727743,0.040687477236,0.938496132762,1.920697292495,0.286206707577,1.102572559408,0.539142472302,-0.042125955497,1.107831341356,1.078352665324,0.584138214588,0.505077153444,-0.000377189368,-0.318890704592
1141,1,0.278721936277,-0.012711062225,-0.068343265778,-0.278721936277,0.012711062225,0.068343265778,0.310314251747,0.573712518520,-0.163933507416,-0.191637893811,0.589494592988,0.233585408366,0.295271602547,1.017918109287,1.251155252437,-0.029490683518,1.030909331770,1.603107059203,0.266137515948,1.071514293055,1.338796605253,0.046620451380,1.079479831846,1.676859730662,0.329294087860,1.267332767034,0.526058203494,-0.048293887512,1.273722915032,0.935501292398,0.584123164415,0.505197346210,-0.000380566344,-0.277215808354
1142,1,0.277907150134,-0.012512833355,-0.065482436209,-0.277907150134,0.012512833355,0.065482436209,0.308857537163,0.572995881902,-0.119211459028,-0.193534283137,0.588036216824,0.239779557768,0.295410503522,1.015776346510,1.174618774227,-0.029054734030,1.028247228296,1.543830563921,0.265960072850,1.069178226219,1.237463404942,0.047927146296,1.076681870556,1.614268857813,0.330126017053,1.265560709748,0.461755824523,-0.047860839213,1.270683736655,0.916292062969,0.584193408489,0.505339056253,-0.000381872058,-0.277765726221
1143,1,0.276541469240,-0.011256253192,-0.063675292378,-0.276541469240,0.011256253192,0.063675292378,0.305478771826,0.571577199180,-0.164503449278,-0.196077091939,0.586390664874,0.165801425769,0.293324144254,1.012122791816,1.074744284536,-0.028571357498,1.024596940996,1.440538896262,0.264912761001,1.065321538697,1.146253199007,0.047381724745,1.073239783589,1.512257836959,0.327489050859,1.263431765623,0.349206948678,-0.046236398795,1.265718789021,0.736254576428,0.584358662367,0.504889369011,-0.000386463478,-0.279255458988
1144,1,0.276667005773,-0.010786835654,-0.059194575477,-0.276667005773,0.010786835654,0.059194575477,0.303186917507,0.577343866960,-0.159666709744,-0.196964323040,0.587058116438,0.179492098630,0.287610113673,1.023842666990,0.911709902301,-0.027114726966,1.028605665949,1.288003342731,0.255101009500,1.075590312995,0.972461963620,0.048079725339,1.077784520295,1.337648562066,0.324127078614,1.271749716713,0.217124901768,-0.045379818494,1.265896009966,0.579854542879,0.584577232599,0.504529178143,-0.000388721004,-0.279577505749
1145,1,0.276988060842,-0.010492973289,-0.059865904308,-0.276988060842,0.010492973289,0.059865904308,0.300625074593,0.586010986057,-0.161193260578,-0.196300064481,0.587241093154,0.200976708007,0.285165770220,1.046689821371,0.841724597606,-0.026952125751,1.036143916201,1.337063963553,0.255447234786,1.091721752372,0.901113262961,0.047960224908,1.083796454580,1.390985255501,0.312772568553,1.288566152556,0.098943757514,-0.044750657162,1.266451276521,0.614187214811,0.584739655256,0.504409581423,-0.000386942178,-0.279826711430
1146,1,0.273874139977,-0.010162672720,-0.060466676937,-0.273874139977,0.010162672720,0.060466676937,0.295234484132,0.578562080574,-0.157350795582,-0.191488074533,0.579122241920,0.282579082284,0.282517857220,1.061754490694,0.637289279122,-0.024674247779,1.023978400256,1.338456831614,0.254140402067,1.105393826841,0.676610897061,0.049155101530,1.070999668604,1.388269787300,0.308088426045,1.301057220780,-0.122372341053,-0.041562315735,1.247147141863,0.643160124325,0.585249155760,0.504203945398,-0.000387500040,-0.284317387963
1147,1,0.272632547365,-0.010118704938,-0.068230370663,-0.272632547365,0.010118704938,0.068230370663,0.294583877401,0.583092244959,-0.265614180486,-0.189838924552,0.580435002787,0.261999107758,0.284393377605,1.084537920033,0.491575159890,-0.023731426327,1.019770009249,1.406532947629,0.258418413973,1.131259932986,0.529419790605,0.049201953040,1.065966150876,1.471365265684,0.302767658875,1.326332806779,-0.365548175469,-0.040463998498,1.242908429716,0.683472515873,0.585467875004,0.503587007523,-0.000402801670,-0.286421658239
1148,1,0.273833395909,-0.010321973718,-0.068678983777,-0.273833395909,0.010321973718,0.068678983777,0.295995342111,0.589943632066,-0.296558930495,-0.191350378563,0.590066283859,0.319899140966,0.289086723913,1.116986117452,0.245547786007,-0.023595321499,1.030217809438,1.705455257400,0.263965045773,1.164966997386,0.261853291924,0.051003713816,1.072359461082,1.795296442063,0.297946905563,1.361494451714,-0.610287120480,-0.041058471244,1.256030625515,1.147718586222,0.585519194603,0.501133084297,-0.000404162332,-0.285262250461
1149,1,0.263561758777,-0.010611445501,-0.066113755189,-0.263561758777,0.010611445501,0.066113755189,0.286744134517,0.569900237887,-0.319558665903,-0.183750817109,0.568972886544,0.362437352649,0.284836739130,1.109233780891,-0.009653871588,-0.022343616518,0.993932896197,1.656197735053,0.256664646017,1.162578505412,-0.016643862778,0.049204827816,1.034688087140,1.734531672110,0.288693764514,1.320905596307,-0.843126758433,-0.038691225826,1.210632239018,1.142498990750,0.585750848055,0.500377744436,-0.000404097140,-0.296367735165
1150,1,0.266774233219,-0.011623630733,-0.069120478794,-0.266774233219,0.011623630733,0.069120478794,0.290521976237,0.577883831335,-0.348633853577,-0.184910316527,0.583142898386,0.357666294130,0.298440632107,1.143142662681,-0.182528529746,-0.021565078901,1.013975573212,1.450523583121,0.265131345917,1.206110532339,-0.201832353999,0.050695765516,1.055744916698,1.498557221365,0.297214863535,1.347550538255,-0.992922189483,-0.037314255524,1.232701140541,0.981643750390,0.585943102837,0.497123494744,-0.000412138179,-0.293508614884
1151,1,0.268627368548,-0.011925659262,-0.063714461791,-0.268627368548,0.011925659262,0.063714461791,0.292666018149,0.576812544707,-0.350027627516,-0.184067545710,0.584073863771,0.358080916706,0.308707157915,1.154633012057,-0.214227333701,-0.020265251933,1.017795397856,1.460561033269,0.271165297401,1.231640541799,-0.237743772473,0.051850086008,1.060561453782,1.508152798826,0.313920561428,1.358179833660,-1.066382480660,-0.033340757491,1.235644947192,0.972040272247,0.586340099573,0.496577799320,-0.000407719985,-0.292723845158
1152,1,0.270968386065,-0.015050558784,-0.044987499254,-0.270968386065,0.015050558784,0.044987499254,0.296382355679,0.563493101296,-0.470656277222,-0.186011112884,0.586947497813,0.322748458281,0.325871286046,1.180309429973,-0.780604442954,-0.019818279267,1.033551182273,1.335700622711,0.278850757573,1.270440771606,-0.848269324131,0.054149557091,1.076656664935,1.384285549858,0.347019217052,1.373097758602,-1.625647327763,-0.033959065545,1.256227818585,0.941109068126,0.586224287748,0.492943286896,-0.000381737482,-0.290727197444
1153,1,0.264434850757,-0.015934708945,-0.037377076619,-0.264434850757,0.015934708945,0.037377076619,0.289251201573,0.535408049392,-0.461550483989,-0.181616477175,0.571148679300,0.316424120662,0.328235446846,1.150389208060,-0.752736592020,-0.018408968767,1.010310834823,1.264910139585,0.282485449844,1.237795632954,-0.818247488918,0.054916705664,1.054643742572,1.306805713780,0.365100953808,1.339947381198,-1.613004257865,-0.027863492453,1.224827767253,0.819199292830,0.586205124855,0.491448596120,-0.000367695931,-0.298214759982
1154,1,0.263837565853,-0.018592912061,-0.027921628776,-0.263837565853,0.018592912061,0.027921628776,0.291106273733,0.522078531701,-0.505394559430,-0.180496974142,0.575536590367,0.296106200485,0.338057211611,1.154954722559,-0.895849398217,-0.017186739664,1.020274544558,1.264414198308,0.296721898951,1.252775393699,-0.974200901820,0.055735406509,1.066007968431,1.310532011165,0.373733469772,1.331923266807,-1.803754462379,-0.023182570311,1.228842871417,0.802853174880,0.586145430803,0.487145364285,-0.000354783610,-0.299194740378
1155,1,0.262223052738,-0.019040441025,-0.015004179735,-0.262223052738,0.019040441025,0.015004179735,0.290055335043,0.512700288621,-0.500520026678,-0.178788229221,0.564342532056,0.270637248069,0.342557299922,1.154582107613,-1.011919159390,-0.016624842385,1.019056929034,1.064487667114,0.297306532942,1.272048486604,-1.104300684838,0.055979924402,1.067196383804,1.089172088901,0.382597606934,1.300863350095,-1.909045854874,-0.007745901263,1.220796980678,0.555329191451,0.586200952530,0.485022947192,-0.000350440852,-0.301274309196
1156,1,0.263998515452,-0.020173274147,-0.001691847897,-0.263998515452,0.020173274147,0.001691847897,0.296562923582,0.505569982449,-0.623665843687,-0.179900838216,0.572246932104,0.248148779193,0.348200323207,1.164547293775,-1.180799031523,-0.016480171399,1.027092024494,1.139008744777,0.299778338760,1.282303296603,-1.273728011147,0.056016948261,1.076943192860,1.177841869848,0.408357727679,1.291051652617,-2.054434098555,-0.004298193559,1.227355799608,0.610545463754,0.586101442575,0.483419030905,-0.000326151530,-0.299653086549
1157,1,0.265876751580,-0.020394226162,-0.000571337854,-0.265876751580,0.020394226162,0.000571337854,0.300053290884,0.505230824475,-0.604145554695,-0.178281366967,0.573036931691,0.244304284658,0.358119598368,1.162441179673,-1.139290509802,-0.014020254671,1.029699219057,1.030299333241,0.314291297199,1.286816850929,-1.229132903940,0.059486678328,1.081691412225,1.056048764272,0.408736486509,1.244113599921,-2.004142212581,0.004533501493,1.226342912170,0.537555129834,0.586571276188,0.482850983739,-0.000324264474,-0.298910588466
1158,1,0.265550269890,-0.021517994858,0.002552356269,-0.265550269890,0.021517994858,-0.002552356269,0.298623089382,0.483078790771,-0.699545864229,-0.177765684226,0.565633924566,0.227768069775,0.360578547815,1.158495028349,-1.327074075621,-0.014428449084,1.029922149260,0.834143005245,0.316703349242,1.286564024338,-1.424716483169,0.058834961079,1.095900423522,0.839539473987,0.404837572134,1.224131417430,-2.193293550259,0.003710944987,1.223412862240,0.308539810213,0.586426824331,0.481802642345,-0.000310618663,-0.299866723871
1159,1,0.266601134924,-0.021664009514,0.002063501676,-0.266601134924,0.021664009514,-0.002063501676,0.302613383705,0.484718049054,-0.652003072034,-0.177180857176,0.567492964799,0.234103276844,0.364960753240,1.146666967182,-1.182608505198,-0.013845084742,1.029546965438,0.921862091275,0.322774996002,1.284640487119,-1.270057866311,0.060179291568,1.096399486335,0.937844798978,0.402801397189,1.212414747653,-2.024823890180,0.006460243337,1.220420035168,0.417694738683,0.586598396301,0.481836453080,-0.000312714998,-0.299442086816
1160,1,0.266709436647,-0.021838953073,0.002228554720,-0.266709436647,0.021838953073,-0.002228554720,0.302699325830,0.483375479191,-0.680500190478,-0.175369285130,0.568666147898,0.253441286338,0.365701615237,1.146979127101,-1.255899032563,-0.012265692260,1.030023917606,0.986514343280,0.325695970242,1.285181693440,-1.346461126420,0.062359641220,1.097405540241,1.011653082035,0.402133424468,1.227625509391,-2.097638315511,0.006665387129,1.220836543720,0.449609918813,0.586707741022,0.481334194541,-0.000309277937,-0.299763098724
1161,1,0.269096078855,-0.022370620630,0.007211276294,-0.269096078855,0.022370620630,-0.007211276294,0.305464389200,0.486959346726,-0.714319791640,-0.176913936398,0.573494251571,0.252385481950,0.368168952608,1.152390376289,-1.327926652324,-0.012981437267,1.038558086576,0.942713244658,0.327383280885,1.294383557557,-1.424318189624,0.062087372404,1.106737066104,0.959034962895,0.402491541116,1.239688258981,-2.210205598464,0.008990722688,1.230745597890,0.419066278354,0.586556196213,0.480829402804,-0.000301135995,-0.297641271421
1162,1,0.260418927058,-0.021183947200,0.006739310299,-0.260418927058,0.021183947200,-0.006739310299,0.297018888499,0.474653379998,-0.709699887317,-0.168882457018,0.552906717009,0.241795738702,0.358441906457,1.108040508830,-1.234199457214,-0.010195128722,1.001525227762,0.956290946857,0.320253502806,1.247823230109,-1.324033390028,0.063193181358,1.067679276220,0.976737140807,0.389796975087,1.200230827360,-2.183352319360,0.010448630264,1.187966724160,0.449334958928,0.587148070335,0.480751767755,-0.000301136693,-0.308484489743
1163,1,0.261895953359,-0.020972299251,0.006091726982,-0.261895953359,0.020972299251,-0.006091726982,0.299511143355,0.480115389431,-0.688270927018,-0.168467315837,0.555616132879,0.214304334761,0.360597940767,1.119257709760,-1.149832964098,-0.007078006541,1.008273510600,0.981530444617,0.321322501611,1.253111122471,-1.232916800417,0.068396322087,1.074548101073,1.005246097784,0.387430251417,1.222230837689,-2.057325388419,0.010280997757,1.196952631352,0.471530327511,0.587182581425,0.480744898319,-0.000301688153,-0.306881952176
1164,1,0.263033640670,-0.020862705176,0.005324242970,-0.263033640670,0.020862705176,-0.005324242970,0.301128266111,0.483586883396,-0.662412414439,-0.169192295307,0.556538954962,0.219988243056,0.362596355814,1.123991665799,-1.120305296066,-0.005017520691,1.011851024092,0.995756397159,0.323471257865,1.257684188093,-1.203762941735,0.072223360096,1.076694839940,1.021258178609,0.383632561399,1.245121568956,-2.014324582272,0.010874902314,1.202139877191,0.480807084456,0.587381184101,0.480647578835,-0.000306147442,-0.305666325870
1165,1,0.271788764191,-0.021487913438,0.001424172711,-0.271788764191,0.021487913438,-0.001424172711,0.310439526070,0.506719259620,-0.554907435840,-0.174565234560,0.574224835429,0.239089044719,0.374464445702,1.174469698135,-1.015592869987,-0.001718928342,1.043658334882,1.141303992890,0.333785491379,1.300758413791,-1.097540404588,0.082328399736,1.107479730336,1.183729166525,0.390499653384,1.308267156837,-1.893111982017,0.009306623865,1.241164198376,0.692083435156,0.587435394526,0.480880066752,-0.000322945267,-0.295937781901
1166,1,0.271720807412,-0.021435856318,-0.006056539953,-0.271720807412,0.021435856318,0.006056539953,0.307970224308,0.521374521163,-0.491101357208,-0.175485796073,0.575015681248,0.260384304929,0.375196245164,1.176652519530,-0.816244695384,0.000248220147,1.043638380227,1.180806461464,0.334571620517,1.296854184149,-0.881859301698,0.084493653973,1.099766984446,1.224742536442,0.385212260788,1.340941590744,-1.680758666585,0.009429744238,1.246202957722,0.712601411534,0.587555170059,0.480930775404,-0.000337402511,-0.295597753511
1167,1,0.272646910197,-0.021056510230,-0.017383740601,-0.272646910197,0.021056510230,0.017383740601,0.305708745326,0.539195560370,-0.509009862128,-0.176833401141,0.579128480573,0.310732600658,0.376068154587,1.189636289103,-0.824969935700,0.000292737528,1.045426476899,1.329061301570,0.337208031921,1.300460666242,-0.887304410584,0.084770332372,1.095002027595,1.384510019088,0.371551820643,1.368010280935,-1.701468493138,0.007541457049,1.252868404711,0.875869203848,0.587585955858,0.481191530824,-0.000350575661,-0.294523627305
1168,1,0.270915085390,-0.020879350217,-0.026824037692,-0.270915085390,0.020879350217,0.026824037692,0.299992720578,0.541397473868,-0.509459213230,-0.176856694399,0.577378323865,0.306223825908,0.369926408659,1.183494720303,-0.781365851658,0.000173179450,1.041507305475,1.277647094341,0.334940736387,1.285760004894,-0.842098273900,0.083167215911,1.090572064312,1.325067755942,0.364587950733,1.372031965881,-1.679936024187,0.003605153138,1.249327680099,0.825565210297,0.587541460991,0.481241568923,-0.000354645541,-0.295993516689
1169,1,0.271342643572,-0.020054134285,-0.034072025884,-0.271342643572,0.020054134285,0.034072025884,0.295181736849,0.555406344406,-0.517700110090,-0.176168953254,0.581429951981,0.316114220557,0.369811494867,1.199439555484,-0.740050726248,0.002320010769,1.043765125301,1.358693802269,0.337796538546,1.289120637231,-0.794256134422,0.085206464923,1.092891840854,1.415255343500,0.358913274341,1.390202418210,-1.655888137850,0.001393461457,1.253286923583,0.864848071120,0.588063210249,0.481655076146,-0.000359675847,-0.294951701760
1170,1,0.271555015786,-0.019066738743,-0.044702351611,-0.271555015786,0.019066738743,0.044702351611,0.294405606681,0.573291229106,-0.426241353253,-0.177389412445,0.582537633428,0.324964185506,0.365803461699,1.195674015225,-0.418878479484,0.001773478394,1.037645589435,1.343214978604,0.335989745316,1.281800955761,-0.451376183915,0.083368454864,1.086719950799,1.395698326955,0.349079781961,1.394092594653,-1.290392041458,-0.002411740453,1.250113014707,0.829831319628,0.588087886572,0.483835697174,-0.000372309238,-0.294632356443
1171,1,0.271134040949,-0.018113069059,-0.055844625460,-0.271134040949,0.018113069059,0.055844625460,0.294488695119,0.581274181099,-0.409889517667,-0.176715443376,0.585441410342,0.330352473881,0.356537702265,1.194453501957,-0.335165737475,0.002894388017,1.038101591640,1.434950665647,0.333959143590,1.275455199111,-0.364601040019,0.083756765181,1.086652479071,1.496196706995,0.311678591794,1.397590160259,-1.266981588574,-0.003168566515,1.251758227410,0.864405391303,0.588423579931,0.484677031636,-0.000373805873,-0.293916118860
1172,1,0.275040652164,-0.015665723276,-0.061949562908,-0.275040652164,0.015665723276,0.061949562908,0.297477387379,0.593531618887,-0.361311512943,-0.179454373902,0.595562361745,0.337245794113,0.354974633636,1.203438249795,-0.160961195762,0.003122557795,1.046852933607,1.420741506187,0.333951023012,1.277844635216,-0.174775363155,0.084835625573,1.096342439557,1.477817438633,0.306438562384,1.418365291790,-1.022654618601,-0.009709868682,1.263250201333,0.855429218878,0.588517189026,0.486965611577,-0.000378291123,-0.289666531020
1173,1,0.272667474821,-0.013916370813,-0.062808737846,-0.272667474821,0.013916370813,0.062808737846,0.295636995478,0.594147350478,-0.302069152292,-0.178242418546,0.593757974276,0.340171136136,0.343759667519,1.186343021653,-0.003380314589,0.002539827259,1.037113315932,1.350427958458,0.314832813474,1.242957137227,-0.002351164538,0.081159517474,1.088380297793,1.397876317490,0.302295798160,1.403132663327,-0.737217757516,-0.013503411521,1.250736085607,0.802683399005,0.588687121868,0.488501936197,-0.000382521190,-0.291918347546
1174,1,0.271183751809,-0.012287324223,-0.065047785497,-0.271183751809,0.012287324223,0.065047785497,0.294085700550,0.590488554717,-0.282185325058,-0.177558006727,0.588085189922,0.338689830031,0.336774636032,1.163252902623,0.102978320361,0.000515339995,1.026892986547,1.335663201873,0.311539914237,1.204429795466,0.111319346925,0.076852599702,1.076399096291,1.383421557475,0.296790297344,1.385435336492,-0.664737412026,-0.017214140912,1.240487367131,0.791173838313,0.588782161474,0.489941477776,-0.000385645777,-0.293836305188
1175,1,0.269092735663,-0.011650532377,-0.066451071057,-0.269092735663,0.011650532377,0.066451071057,0.291000124458,0.585856515724,-0.249457068156,-0.176318199282,0.583394076043,0.355101351428,0.328240669827,1.138358885877,0.224751405496,-0.003373181573,1.016551062979,1.329885420358,0.307783695694,1.175372677980,0.242168172628,0.070673953803,1.065515457612,1.377304063178,0.289902235538,1.369550871443,-0.529054325193,-0.017733617027,1.231697987499,0.779928078464,0.588871628046,0.491107746959,-0.000386653468,-0.295718896536
1176,1,0.272819326024,-0.011047835368,-0.065453895203,-0.272819326024,0.011047835368,0.065453895203,0.295095863689,0.592964337500,-0.234548745629,-0.179768924442,0.592174708952,0.348713658391,0.327823150544,1.129476481230,0.371763156374,-0.006371411359,1.029185667222,1.297253568607,0.309916402923,1.167150468325,0.402426399268,0.068067107383,1.078504780695,1.339411334925,0.293812794111,1.380570985411,-0.350069353824,-0.019766624978,1.250410704911,0.670117313191,0.589064687490,0.493030965328,-0.000389566645,-0.290992399275
1177,1,0.274098726091,-0.010491406203,-0.065597920704,-0.274098726091,0.010491406203,0.065597920704,0.296026780757,0.597325635803,-0.222338693425,-0.181598488650,0.593445980830,0.346127772128,0.323703033266,1.116243652683,0.381916512776,-0.006491947748,1.034616791617,1.182405701767,0.308691028613,1.154723954187,0.411070478911,0.068488549905,1.084217699382,1.210823437907,0.293874850632,1.359768798036,-0.323013818798,-0.020237723339,1.256631700809,0.526468865034,0.589138120413,0.494205147028,-0.000389586203,-0.289307959990
1178,1,0.275836757064,-0.010783109739,-0.065991043481,-0.275836757064,0.010783109739,0.065991043481,0.298500360022,0.598808581654,-0.219890198827,-0.182816543978,0.595892685885,0.288641810282,0.315742923917,1.102304041165,0.509846280002,-0.009054634642,1.043464294533,1.159711872376,0.297590740195,1.139988320795,0.552075177810,0.063283728894,1.092660657844,1.193540918423,0.298051888561,1.338568906791,-0.176224018047,-0.025033352758,1.266879351366,0.504322059252,0.589324414730,0.495078787208,-0.000388474204,-0.286811613680
1179,1,0.277477296035,-0.010758032218,-0.064845498676,-0.277477296035,0.010758032218,0.064845498676,0.299096778982,0.592776935123,-0.171205142928,-0.184625441172,0.591105315925,0.289754911142,0.307108893049,1.074252362019,0.606179618270,-0.010258907326,1.037594782998,1.175115348342,0.290607059429,1.111963138437,0.657047579658,0.062175208575,1.086427332295,1.212905307821,0.299110150264,1.313533128025,0.002161851768,-0.033584273382,1.264318243628,0.552597182137,0.589079022408,0.498584806919,-0.000387298875,-0.285290312067
1180,1,0.275191199727,-0.011247462832,-0.061994966360,-0.275191199727,0.011247462832,0.061994966360,0.295776557162,0.582112168274,-0.160121751960,-0.184089150470,0.586103126399,0.233801971251,0.301042984698,1.043162260848,0.553778841241,-0.010357293636,1.030116695715,1.078130725871,0.283535458157,1.088371304265,0.597018272340,0.061773524566,1.078664315118,1.112763491329,0.299655737709,1.291907883197,-0.050737215913,-0.033515612986,1.255588481368,0.480869475595,0.589022397995,0.499061673880,-0.000396386720,-0.286884899762
1181,1,0.275904660624,-0.012500122004,-0.061578095772,-0.275904660624,0.012500122004,0.061578095772,0.295239198184,0.583040089517,-0.118887032619,-0.185882289176,0.588261850309,0.241901915373,0.296535874237,1.041408396932,0.713056822767,-0.011346228472,1.031771593988,1.105186612512,0.276296543087,1.086433563553,0.769539491195,0.060980500446,1.080337266337,1.136726264710,0.302691642434,1.278207444569,0.122563989036,-0.035196387177,1.258286544004,0.498472064521,0.588750123978,0.499901726842,-0.000400370918,-0.285640551222
1182,1,0.273808378396,-0.012089157415,-0.061104279228,-0.273808378396,0.012089157415,0.061104279228,0.292718288863,0.576247207040,-0.135782137302,-0.184993210115,0.585262860414,0.217023435825,0.293005412904,1.025990582214,0.816163283503,-0.012236923529,1.025984561537,1.224240039941,0.271404259526,1.072736576795,0.883040970895,0.059016135642,1.072529797659,1.281227830042,0.301260177188,1.269334124066,0.157031794696,-0.034696127278,1.252785772507,0.546981380665,0.588565289974,0.499814972281,-0.000399891287,-0.287099691683
1183,1,0.273910148971,-0.012466725444,-0.060292494921,-0.273910148971,0.012466725444,0.060292494921,0.293086060992,0.576280406558,-0.129424007091,-0.185116470414,0.585670260865,0.224366154143,0.292412473579,1.031949077204,0.700323732321,-0.013652162296,1.027663671221,1.160498384376,0.269157372791,1.079149305304,0.753020762488,0.057234537216,1.074352205949,1.203060597946,0.302450112135,1.270547389315,0.075890617593,-0.036160427983,1.255001815878,0.515805676798,0.588160216808,0.500030979514,-0.000400894322,-0.286436818206
1184,1,0.275182440773,-0.013256811227,-0.060380245564,-0.275182440773,0.013256811227,0.060380245564,0.296232375810,0.578381808257,-0.143252157089,-0.186254204648,0.589616449219,0.230915381662,0.291735747100,1.038717084180,0.673842366979,-0.014854101536,1.034382384509,1.184865527751,0.266832278966,1.084410896829,0.729999662418,0.055666100184,1.079566467224,1.233228124193,0.304275901563,1.282287973087,0.082857009617,-0.037202829285,1.266448750722,0.590704459178,0.587364643812,0.500394508243,-0.000399642624,-0.283798269047
1185,1,0.274548215047,-0.012125521016,-0.059085474723,-0.274548215047,0.012125521016,0.059085474723,0.296844673558,0.572302505967,-0.129842442134,-0.183449871022,0.584920161504,0.236654335588,0.288958350313,1.032536260383,0.803683196011,-0.015997808133,1.027790029231,1.246203202835,0.261679797009,1.075461134634,0.872852831551,0.054304455520,1.072243400595,1.300233918036,0.304699310496,1.276475292502,0.213457728885,-0.032446988766,1.259042157590,0.638396871258,0.586952924728,0.502210393548,-0.000398376957,-0.284043868136
1186,1,0.227788031732,-0.010304353215,-0.056168105582,-0.227788031732,0.010304353215,0.056168105582,0.246164741692,0.477016966681,-0.122366758701,-0.153495119375,0.485425085452,0.171368240738,0.236232910543,0.852621649776,1.196075855794,-0.015337996114,0.850657862225,1.628080893664,0.211090088348,0.891428928056,1.304912317312,0.043133464624,0.888651541510,1.733911307249,0.252356717849,1.059069694183,0.538614261253,-0.028394779117,1.044090413343,0.977266333219,0.586305558681,0.502662524581,-0.000395525247,-0.342126395275
1187,1,0.257311488914,-0.012497218342,-0.062213166103,-0.257311488914,0.012497218342,0.062213166103,0.277286022793,0.535764086666,-0.137612511843,-0.174528055493,0.546601614278,0.221284429295,0.265305237947,0.956338906997,0.997413257910,-0.018951603977,0.955558501112,1.568093522441,0.236583507195,1.001750225627,1.076838938930,0.048148347287,0.998335211978,1.645935369128,0.286263937240,1.192618299897,0.355900189181,-0.032449123205,1.175669560594,0.932045016679,0.585810989141,0.503482848406,-0.000392863527,-0.302909070509
1188,1,0.271739104187,-0.013055724020,-0.065520692625,-0.271739104187,0.013055724020,0.065520692625,0.293338842377,0.562677594761,-0.150231812001,-0.183894559366,0.575301282466,0.241269389826,0.279461324826,1.002710166213,0.935704400692,-0.021220992240,1.004198349012,1.560762367608,0.248560599964,1.050176819266,1.011261516898,0.050295093737,1.049126593935,1.632805124449,0.304708284716,1.257043785223,0.302095459655,-0.034967828934,1.237768670421,0.928884480470,0.585585415363,0.504292458296,-0.000392932445,-0.286892222460
1189,1,0.271934486571,-0.013139146458,-0.065479384429,-0.271934486571,0.013139146458,0.065479384429,0.293493539891,0.561067647009,-0.153170458781,-0.183909586261,0.576097150609,0.261111356377,0.278864479301,1.004085692373,0.929576659806,-0.021402077996,1.004246410155,1.446173405549,0.248067584123,1.053061161683,1.004599013376,0.050847114162,1.049989851113,1.498415520948,0.305106387209,1.258009183767,0.244904485871,-0.034637904620,1.238366476881,0.821629251892,0.585506916046,0.504191935062,-0.000392192975,-0.286678859894
1190,1,0.275066913523,-0.012243620473,-0.073240425397,-0.275066913523,0.012243620473,0.073240425397,0.296453276854,0.564462640020,-0.151335396879,-0.184531126546,0.581552892890,0.296839628382,0.282004520110,1.011714986521,1.104181020013,-0.022884766935,1.014001802293,1.752208306627,0.250746815957,1.059375658377,1.199938828701,0.051072078743,1.059225754944,1.844771364091,0.308289866406,1.267963868191,0.395848060436,-0.036406350971,1.249743978367,1.077180531321,0.585390865803,0.504974931479,-0.000387967564,-0.283503257757
1191,1,0.271636536846,-0.012434871533,-0.071654041219,-0.271636536846,0.012434871533,0.071654041219,0.292503823857,0.556633959587,-0.158949818158,-0.184563699895,0.576198954305,0.275972078647,0.278035968689,1.005050844660,0.865843045722,-0.024070647019,1.006312947888,1.478068529476,0.247125580096,1.051456304263,0.929131192304,0.048905823323,1.052390023266,1.537362601402,0.309296501907,1.255259842270,0.154638545320,-0.037226839386,1.239799962720,0.792077110133,0.585008829832,0.504411518574,-0.000386503525,-0.286239464403
1192,1,0.276985969902,-0.011809520493,-0.072069681580,-0.276985969902,0.011809520493,0.072069681580,0.298618547160,0.567023796497,-0.143162337412,-0.187420537972,0.585617640648,0.301905163503,0.283496661048,1.023775602096,0.894568708597,-0.021783356523,1.025048731244,1.486615916899,0.251686908118,1.071535890002,0.964206006063,0.052212948264,1.071510406183,1.543394716152,0.316048417856,1.278528850792,0.236968807816,-0.034295911886,1.262449410164,0.806678413067,0.584985733032,0.504968374968,-0.000385910273,-0.280670539978
1193,1,0.278991404809,-0.011856009824,-0.071008407465,-0.278991404809,0.011856009824,0.071008407465,0.300229275488,0.571636276266,-0.142835977896,-0.189275710074,0.589888790737,0.303422433244,0.284533011023,1.031523954026,0.925052227983,-0.021748757212,1.032383021651,1.502961109023,0.252459300050,1.079266348647,0.998676333206,0.052499230373,1.079971690631,1.563354546559,0.318597030737,1.287072626314,0.250379497304,-0.035041428287,1.271273307943,0.815719142483,0.584847003222,0.504904836416,-0.000388371758,-0.278780687051
1194,1,0.278400568191,-0.011895496642,-0.063333523427,-0.278400568191,0.011895496642,0.063333523427,0.299293332021,0.572015934456,-0.153153819350,-0.189036680214,0.589342811645,0.248401022997,0.283784487484,1.029330390707,0.921409812469,-0.021675927843,1.030336355976,1.454029493433,0.249482053038,1.076513276128,0.999627984957,0.052345283312,1.077613950595,1.520242635104,0.320911026506,1.284461186168,0.287628175775,-0.029082869742,1.268041938796,0.798840324951,0.584823280573,0.504858225584,-0.000389730558,-0.279428637811
1195,1,0.237368145290,-0.010260914324,-0.076342556461,-0.237368145290,0.010260914324,0.076342556461,0.254438092830,0.488831820262,-0.112621626902,-0.160963479742,0.503544088459,0.223071640353,0.241608949870,0.877027624158,1.454488952139,-0.017288678801,0.877947459108,1.958398319985,0.212201322874,0.917608363926,1.578817400406,0.044820635241,0.918293285503,2.082448581362,0.274733826448,1.094065217014,0.710085154741,-0.024898635708,1.080373149232,1.235518778599,0.584815680981,0.505000293255,-0.000376963988,-0.327819570161
1196,1,0.245355864794,-0.010461873294,-0.078772012464,-0.245355864794,0.010461873294,0.078772012464,0.262558544848,0.508095984620,-0.134589008026,-0.166059799858,0.520956638001,0.205846202271,0.249691319466,0.905837757805,1.235389729838,-0.017387259374,0.906180440674,1.752115501857,0.219631365918,0.947888982989,1.338393910093,0.046929339304,0.947291869824,1.852708978538,0.282335383509,1.132268890712,0.549972494351,-0.024749026270,1.115669520281,1.088846799089,0.584914982319,0.505016744137,-0.000381814316,-0.317431906785
1197,1,0.275611269218,-0.011621579594,-0.084612330618,-0.275611269218,0.011621579594,0.084612330618,0.292546747343,0.586008718167,-0.149443918533,-0.187032884616,0.589836839675,0.272476949978,0.277814081874,1.026095472255,0.998885699638,-0.020001597893,1.019431432169,1.581306712270,0.245060854544,1.070816002191,1.074014795665,0.051423112399,1.066156165684,1.643641950737,0.309406720320,1.273567015552,0.395341700775,-0.030446160704,1.251290996216,0.970216700536,0.584568560123,0.505083054304,-0.000387545675,-0.283004084744
1198,1,0.275222983173,-0.011313507533,-0.078644172949,-0.275222983173,0.011313507533,0.078644172949,0.290264415023,0.585771305751,-0.151382702009,-0.187173361729,0.587425263994,0.283140630152,0.276266116512,1.043703056782,0.870733266478,-0.019749724881,1.020497808157,1.499792240297,0.244488923353,1.087529375694,0.938546342951,0.050800025890,1.067354281181,1.559707014332,0.305809015201,1.289491008107,0.227441494156,-0.027822075621,1.250940702447,0.872963776145,0.584544360638,0.504593640566,-0.000388115644,-0.283471567505
1199,1,0.278425527939,-0.011648977531,-0.079682044839,-0.278425527939,0.011648977531,0.079682044839,0.291071921091,0.593055086894,-0.155828244792,-0.189243974868,0.595217517100,0.302610437179,0.282319176826,1.084950393008,0.780270293189,-0.020329711596,1.036311220002,1.528237589144,0.258472542273,1.129984807607,0.837398173060,0.050957412893,1.083803752708,1.592658148053,0.305321019146,1.328010097159,0.009194536105,-0.028447534066,1.265039832183,0.856392456552,0.584432154894,0.504417985678,-0.000389053486,-0.280598782898
1200,1,0.279612976062,-0.012335083121,-0.078712682446,-0.279612976062,0.012335083121,0.078712682446,0.290885097785,0.604186576780,-0.200047432516,-0.190483407102,0.604774743071,0.301183991429,0.288329344769,1.114487322482,0.563924453143,-0.020674045124,1.051999342358,1.362742980585,0.265904013203,1.160271166841,0.607579657633,0.050465733276,1.097919999311,1.411144164939,0.300080949881,1.359954261906,-0.196691395085,-0.027588408702,1.280731885288,0.674202116471,0.584446370602,0.501608073711,-0.000389528461,-0.279697803378
1201,1,0.277649199011,-0.013359724015,-0.070120898588,-0.277649199011,0.013359724015,0.070120898588,0.288106244935,0.602642939484,-0.250117564408,-0.189254400049,0.602612474058,0.320372238480,0.286348347539,1.143306508472,0.257889368639,-0.020589973564,1.049195210818,1.397378178410,0.263433904281,1.196102668671,0.272789765215,0.050015132245,1.095804350745,1.450389077549,0.296280711125,1.382067437404,-0.559541171399,-0.027504355882,1.275943453010,0.727870504644,0.584414899349,0.500341236591,-0.000394184142,-0.281731456375
1202,1,0.277104194369,-0.013990145680,-0.068254805931,-0.277104194369,0.013990145680,0.068254805931,0.288390610502,0.600876189980,-0.346063498131,-0.188423974841,0.603877743788,0.336859583996,0.291456929352,1.170714471893,-0.010069571375,-0.020316287402,1.049443512755,1.497577561092,0.263798248113,1.229098575144,-0.011374203123,0.050040699236,1.094109240899,1.560965238508,0.298271604125,1.396407353090,-0.841360671067,-0.027249100363,1.275264658270,0.964011500057,0.584472030401,0.499024912715,-0.000394281000,-0.282538625017
1203,1,0.275158272483,-0.014729505707,-0.063176991694,-0.275158272483,0.014729505707,0.063176991694,0.286951450723,0.601467401840,-0.326218118700,-0.186354289989,0.603619388263,0.328698893165,0.293350135169,1.180359692690,-0.007324537836,-0.019883560221,1.047065298332,1.406724524375,0.264208330108,1.249821299310,-0.011020725085,0.049111904610,1.091865077841,1.462647011367,0.295331342291,1.398851219060,-0.831821345098,-0.025005267003,1.272040167186,0.869183870244,0.584603667259,0.496570453048,-0.000394181348,-0.285145766523
1204,1,0.272619316149,-0.014896243024,-0.062474391341,-0.272619316149,0.014896243024,0.062474391341,0.284502831797,0.599187200698,-0.343443362103,-0.184320193112,0.603198652813,0.323571897851,0.296447283775,1.182805996501,-0.127033129797,-0.022135613633,1.047738601573,1.364007295680,0.269850178911,1.249313087493,-0.142368949821,0.044027585400,1.094096975767,1.414420884413,0.292317580003,1.400496434907,-1.010928473240,-0.025623365056,1.270356709661,0.779996965846,0.584660381079,0.493287041783,-0.000393921509,-0.288064076354
1205,1,0.270803166123,-0.014697708435,-0.054297437630,-0.270803166123,0.014697708435,0.054297437630,0.282896631818,0.591921086138,-0.332575805774,-0.182737618210,0.596825146285,0.315795343995,0.296958700979,1.190306540550,-0.337954978822,-0.023728445900,1.043913673667,1.292534401610,0.266791649028,1.270428085800,-0.376402379294,0.041446903480,1.091370976021,1.339167004857,0.295696351967,1.394980539148,-1.162544236074,-0.025806051289,1.265123941382,0.772651783100,0.584746867418,0.491815268993,-0.000391533133,-0.290362459059
1206,1,0.269772505556,-0.015669847532,-0.049580076743,-0.269772505556,0.015669847532,0.049580076743,0.281482069037,0.563610149829,-0.386185955889,-0.181866668125,0.590247582463,0.332802361662,0.297174400763,1.195158436003,-0.640659654203,-0.023516831002,1.041149683406,1.309092071439,0.264711109237,1.281597282021,-0.701818448558,0.041546292423,1.089885194444,1.357525272277,0.299324196247,1.388456681219,-1.478907837923,-0.027038264480,1.260190081558,0.823471412179,0.584771990776,0.490947097540,-0.000384239480,-0.291605343851
1207,1,0.271053427793,-0.016783249050,-0.047259910676,-0.271053427793,0.016783249050,0.047259910676,0.282824542662,0.557991679494,-0.463367696978,-0.182649625968,0.593589234477,0.325227538143,0.301358488612,1.205249802965,-0.732490383472,-0.021665393947,1.052458181465,1.329608474682,0.267886658853,1.293716443211,-0.795040744047,0.046202360002,1.103095270644,1.381254880334,0.306744418991,1.402450527883,-1.616826268157,-0.026821840875,1.272845257089,0.854270624766,0.584769874811,0.488488838077,-0.000379874837,-0.290252697490
1208,1,0.272543241234,-0.017252231916,-0.042384853800,-0.272543241234,0.017252231916,0.042384853800,0.283902865327,0.553959571429,-0.511151642331,-0.182008536261,0.594088070896,0.336542985083,0.304356931353,1.224555765297,-0.897613359579,-0.021392058257,1.053436619829,1.492782001804,0.269282228454,1.320849152844,-0.975709409165,0.047729659417,1.102000451058,1.560819120854,0.310213557719,1.401814233845,-1.837408375029,-0.022229013734,1.275513342802,1.075640938196,0.584665387869,0.488291978836,-0.000369205140,-0.289065858008
1209,1,0.270872238641,-0.018139077350,-0.039488854957,-0.270872238641,0.018139077350,0.039488854957,0.282845166912,0.547868389660,-0.608916264227,-0.181255575154,0.593177016645,0.335025344757,0.305940971524,1.216827760961,-1.028496559078,-0.019584329262,1.052678560510,1.517922053622,0.268670203248,1.328165951166,-1.113735025592,0.051576839565,1.103575931231,1.583417061808,0.308525693915,1.382906963824,-2.060058406046,-0.016574785442,1.271158883324,1.028526335056,0.584455668926,0.486040800810,-0.000365945045,-0.291413847312
1210,1,0.267981184202,-0.018694057160,-0.038876266952,-0.267981184202,0.018694057160,0.038876266952,0.280461869469,0.532199394421,-0.680643855829,-0.179054306647,0.583000755368,0.377590906465,0.308419618649,1.202085130101,-1.133668214928,-0.018189694196,1.037194301151,1.589559045495,0.272507016006,1.317215648513,-1.223439165569,0.054870912458,1.091400440395,1.654263975085,0.304566944222,1.352293572373,-2.213767611690,-0.010889007476,1.252939422390,1.047954236395,0.584322720766,0.484990239143,-0.000365055632,-0.295031567695
1211,1,0.259355870916,-0.018503391388,-0.025834540176,-0.259355870916,0.018503391388,0.025834540176,0.273366101895,0.507290124361,-0.609263710118,-0.172929108688,0.566921006394,0.328173014327,0.298432626550,1.162859522577,-1.012414336864,-0.014532484828,1.007874540543,1.433503169987,0.261210125982,1.275545458350,-1.092019963828,0.057608271388,1.057727518044,1.491922751207,0.310430891175,1.292339415625,-1.935513640442,-0.007523658485,1.213684548473,0.994602323930,0.584308743477,0.482731938362,-0.000353259966,-0.305182662210
1212,1,0.260318321581,-0.018347264780,-0.025459966492,-0.260318321581,0.018347264780,0.025459966492,0.276614378299,0.507278620757,-0.736224381032,-0.173155886092,0.563903089004,0.346165201468,0.299801530399,1.163898292520,-1.279066350434,-0.014835217363,1.009851235088,1.373748578865,0.260637990370,1.285118577687,-1.374113557632,0.057380547613,1.063779085555,1.415092898588,0.312076459318,1.248847335046,-2.261664743950,-0.006427262237,1.211898559108,0.871333938112,0.584228575230,0.483045309782,-0.000344982138,-0.304298647981
1213,1,0.260667869330,-0.018508656787,-0.023449135781,-0.260667869330,0.018508656787,0.023449135781,0.276926417232,0.508231575561,-0.704349387320,-0.173003070697,0.563798595933,0.344300940954,0.302136219036,1.163862379089,-1.172970248676,-0.014522984751,1.010838907609,1.373674908640,0.264568110315,1.285206802024,-1.256682293659,0.057787737841,1.064863270495,1.417045862715,0.312135962741,1.256886800514,-2.118460084634,-0.005693999141,1.212284542025,0.873559282921,0.584289580584,0.482753485441,-0.000342709245,-0.304194140504
1214,1,0.262112730813,-0.018488867604,-0.020032830531,-0.262112730813,0.018488867604,0.020032830531,0.279045443455,0.510072250439,-0.601934104491,-0.173596889912,0.564138677673,0.335078745440,0.303469395408,1.156710449499,-1.041939550834,-0.014407833268,1.014521375294,1.235867203207,0.265113907886,1.286222314141,-1.125986179199,0.057705192161,1.071777807100,1.271585203290,0.316570876761,1.258196969369,-1.945308306880,-0.005758550306,1.215174000436,0.766259505776,0.584178775549,0.482825577259,-0.000340959523,-0.303030327066
1215,1,0.263482934556,-0.018584482132,-0.020391644170,-0.263482934556,0.018584482132,0.020391644170,0.281449828453,0.514060060970,-0.589423578096,-0.173748025149,0.566332358153,0.335451558783,0.306264561221,1.159952762174,-0.972472936841,-0.010387401925,1.017734002751,1.263765711918,0.270909780898,1.287818885480,-1.048226414308,0.066904372488,1.074447922685,1.312642901898,0.312813423842,1.267510602987,-1.870341243137,-0.004927681170,1.218826810185,0.868899785568,0.584316074848,0.482877701521,-0.000341924606,-0.302034147231
1216,1,0.264009877677,-0.018727971307,-0.020447270524,-0.264009877677,0.018727971307,0.020447270524,0.281717104764,0.516218576753,-0.633522055028,-0.174340306595,0.563946384898,0.339284215166,0.306329386623,1.166564011140,-1.159924458679,-0.011399669077,1.016469109361,1.323576216894,0.270301428663,1.301363114387,-1.255152913558,0.065141770739,1.075141572099,1.371881167190,0.312341901582,1.265326757680,-2.158889442424,-0.004694702108,1.217837473958,0.877205426594,0.584207803011,0.482823207974,-0.000341429375,-0.301616100697
1217,1,0.257830319155,-0.017891347877,-0.021026683170,-0.257830319155,0.017891347877,0.021026683170,0.274079514933,0.502351771358,-0.684598817858,-0.170020649936,0.547656615607,0.298984955524,0.299428291207,1.141214993749,-1.176533979402,-0.009452716967,0.992760933967,1.259090891263,0.264142030887,1.268096484550,-1.263293014579,0.068458523441,1.050945905475,1.305803363333,0.302127924067,1.257918400969,-2.150776270914,-0.002722101674,1.189374438174,0.768138089423,0.584253251553,0.482612073421,-0.000340629835,-0.309047955211
1218,1,0.258956306868,-0.018005524841,-0.020669658432,-0.258956306868,0.018005524841,0.020669658432,0.275146063888,0.504218326827,-0.680337988614,-0.170702320178,0.549292138297,0.337472731059,0.299587743771,1.150780434433,-1.102900273858,-0.009375397725,0.996302059778,1.385415046536,0.259013836529,1.273303697363,-1.186792369396,0.068680730160,1.054422126234,1.440417276546,0.301359637960,1.270276901122,-2.046832134044,-0.003155414742,1.195944511298,0.932426011208,0.584256410599,0.482944816351,-0.000339146238,-0.307712216214
1219,1,0.264512919664,-0.018385711457,-0.021058343967,-0.264512919664,0.018385711457,0.021058343967,0.279831117402,0.517387116291,-0.593829030136,-0.175127676965,0.560506646080,0.295584999615,0.304014348746,1.178734693266,-1.058177156075,-0.009380733284,1.016660306123,1.334864735626,0.262759857020,1.298107012375,-1.146002550555,0.070182496127,1.075798151800,1.389834684256,0.306582865211,1.317395247683,-1.960566992216,-0.003202220247,1.220737236134,0.903404966229,0.584327369928,0.482977747917,-0.000340651954,-0.301548604824
1220,1,0.271114353904,-0.018922284746,-0.021592923820,-0.271114353904,0.018922284746,0.021592923820,0.285323892687,0.537117730152,-0.567798702585,-0.179427279589,0.574489931227,0.303937537110,0.311856433695,1.210433940176,-1.001260126111,-0.009486867411,1.041658041732,1.385389199771,0.269860916613,1.329322102652,-1.084537746226,0.069735514409,1.102099930355,1.445293495865,0.311173707388,1.362913533358,-1.917564918420,-0.005973475391,1.251794129840,0.946720481616,0.584505975246,0.483050405979,-0.000341082923,-0.294257674014
1221,1,0.275538214790,-0.017688397285,-0.031402851532,-0.275538214790,0.017688397285,0.031402851532,0.288211056133,0.562912589309,-0.439026444560,-0.182703443811,0.586137098633,0.316335126171,0.317343959599,1.242033454193,-0.539041479077,-0.009902518453,1.055889311804,1.469462503546,0.274772630505,1.347420510174,-0.585067211017,0.070977597247,1.113477736355,1.537841647968,0.312435873969,1.409872198127,-1.452560552846,-0.019755783973,1.273721842969,0.999490609932,0.584529638290,0.484072208405,-0.000362433959,-0.289231714584
1222,1,0.272344884634,-0.017110912653,-0.064752640058,-0.272344884634,0.017110912653,0.064752640058,0.282006521728,0.573473370885,-0.462288577126,-0.180415378961,0.580469214057,0.374284846368,0.315029997316,1.226804926491,-0.509074824715,-0.008869689571,1.043906762396,1.688755352708,0.278544690702,1.319101063176,-0.554859891550,0.069922443404,1.100870343349,1.763886389782,0.290426357297,1.412975369494,-1.563492476993,-0.022080674743,1.259644268656,1.066255768022,0.584842860699,0.485304445028,-0.000381783582,-0.291495058056
1223,1,0.277623671445,-0.016860504682,-0.067745980989,-0.277623671445,0.016860504682,0.067745980989,0.288806975804,0.595269249712,-0.372007884090,-0.183165361469,0.596701946068,0.379606470611,0.323176646904,1.251505181867,-0.365017744366,-0.006969823346,1.064953200302,1.573584835755,0.290309656598,1.341400506454,-0.402214760666,0.074220690547,1.121397843476,1.634118136951,0.291386163498,1.453611048202,-1.315099114079,-0.024755271614,1.287456501276,0.952725201614,0.585258722305,0.485795497894,-0.000384952873,-0.285314227482
1224,1,0.276861347658,-0.016474185030,-0.069158350461,-0.276861347658,0.016474185030,0.069158350461,0.288384167694,0.601395352806,-0.349956811195,-0.184695900263,0.597154903276,0.377188301278,0.323684412647,1.247841334070,-0.238514186119,-0.006256014348,1.063378544793,1.507288891948,0.293200194751,1.326962374859,-0.262063352182,0.074308561526,1.119132974430,1.562067260635,0.291386854235,1.456860289217,-1.135788266557,-0.025800189672,1.286935736839,0.898488247982,0.585475444794,0.485939174891,-0.000384312123,-0.285608110374
1225,1,0.274230740043,-0.015360436331,-0.077423086808,-0.274230740043,0.015360436331,0.077423086808,0.286114213729,0.602483929696,-0.345768616298,-0.182425206556,0.594949094453,0.403285884072,0.323338044838,1.232553414096,-0.149022285150,-0.005574290055,1.050102094571,1.534738920460,0.301561589670,1.304522416647,-0.161995003858,0.074029232964,1.104937880290,1.595336139184,0.272031240457,1.445016618431,-1.056575517254,-0.030189494453,1.271744422258,0.926916442797,0.585809528828,0.487790375948,-0.000385583378,-0.287603643647
1226,1,0.272806504638,-0.014532255001,-0.076710537172,-0.272806504638,0.014532255001,0.076710537172,0.285350574652,0.600730873884,-0.306727076139,-0.181774640058,0.593140166893,0.410045744162,0.320515092013,1.221829407844,-0.137646991540,-0.004699815969,1.044111107368,1.448727777822,0.296040878878,1.290028192706,-0.153670424026,0.074636235041,1.098510898616,1.496865762733,0.271780124673,1.435824361169,-0.961594559635,-0.030531446053,1.263680376362,0.883374983549,0.586094319820,0.489485263824,-0.000384986401,-0.288447047664
1227,1,0.275302429099,-0.013155992791,-0.077978314577,-0.275302429099,0.013155992791,0.077978314577,0.287391908546,0.606367905317,-0.306965801497,-0.182973575052,0.595238762210,0.414705326400,0.326877035782,1.214854607414,-0.014252008435,-0.004674811386,1.044454120177,1.463819298316,0.307305335306,1.278671521712,-0.014682795437,0.075513064499,1.097411269255,1.512577113000,0.274646081118,1.435182784977,-0.806163371706,-0.034746515824,1.264699941496,0.904839331470,0.586289554834,0.493154659867,-0.000386728905,-0.285877960071
1228,1,0.276850084803,-0.012296765847,-0.079992495816,-0.276850084803,0.012296765847,0.079992495816,0.289346610801,0.609195382159,-0.295529811719,-0.183943397546,0.599755772767,0.413766790183,0.328655388154,1.212977138595,0.060469598892,-0.001871861497,1.049098014940,1.458400092465,0.310838834744,1.267472084647,0.066073215311,0.081389383844,1.100291474307,1.508820266468,0.271697361751,1.437646375151,-0.709297498363,-0.036006767187,1.268947252637,0.907535721310,0.586510449648,0.493855893612,-0.000393515453,-0.284655527538
1229,1,0.281591209890,-0.011244664685,-0.080954197174,-0.281591209890,0.011244664685,0.080954197174,0.294171272344,0.620211070796,-0.281919708583,-0.187155448954,0.610247710740,0.423631862152,0.333918442973,1.214680408948,0.232358386584,-0.003842529615,1.060111178548,1.574219221068,0.316402807439,1.258459435181,0.253194946918,0.079364645502,1.108440843411,1.639577470242,0.276890004921,1.453481815575,-0.555912456185,-0.037676084862,1.284936323411,1.006196636582,0.586520671844,0.495760619640,-0.000393278897,-0.279879848321
1230,1,0.281506167392,-0.010833046575,-0.082032716374,-0.281506167392,0.010833046575,0.082032716374,0.294882897913,0.619247274221,-0.253040551520,-0.187485487002,0.607722392015,0.440982575007,0.329263313313,1.199942419000,0.253363041858,-0.003926237713,1.057286029019,1.540431305543,0.314712574817,1.239857200161,0.273088073368,0.079277094242,1.104359587484,1.595727602669,0.277136443936,1.448513464102,-0.502682236341,-0.037900204336,1.282566143717,0.964791387381,0.586518138647,0.496731743217,-0.000395452604,-0.280023155911
1231,1,0.281252739072,-0.011330784875,-0.081848764010,-0.281252739072,0.011330784875,0.081848764010,0.294821875053,0.618437130733,-0.207620115779,-0.188130312419,0.608751029981,0.440275438760,0.327851182903,1.179443176909,0.359915203500,-0.006339503905,1.055114779762,1.406200476634,0.313463294945,1.219768068014,0.388908831053,0.073994776375,1.103634423989,1.446609934171,0.277262267245,1.434460005070,-0.325536888216,-0.038868327403,1.281362427125,0.821529232686,0.586319357157,0.497781708837,-0.000397970900,-0.280168453882
1232,1,0.279454918129,-0.011249698793,-0.081174021618,-0.279454918129,0.011249698793,0.081174021618,0.293117037353,0.610655173605,-0.207263298814,-0.186959544217,0.603966720648,0.456610030199,0.323900835017,1.158373611715,0.426085863332,-0.006239807559,1.050228928146,1.410346951010,0.310240935762,1.200883080345,0.459197828274,0.073557759881,1.099648001047,1.456957550231,0.277026482198,1.409501499160,-0.301306071213,-0.038381381258,1.272552808460,0.824033855937,0.586332619190,0.498531118035,-0.000397358090,-0.281917649632
1233,1,0.281173783884,-0.011335206716,-0.078054146449,-0.281173783884,0.011335206716,0.078054146449,0.296071012867,0.612143143906,-0.174584823506,-0.188450212667,0.606475833194,0.427843888355,0.322012878640,1.143583776878,0.518037037689,-0.006503317791,1.055358426027,1.383871935444,0.305785338496,1.183538019437,0.557549333024,0.073722288139,1.104978894012,1.429611185232,0.283760127574,1.392042611675,-0.166846902784,-0.038785577878,1.279695860057,0.778948131939,0.586274445057,0.499313965440,-0.000402100384,-0.280053902374
1234,1,0.282625662192,-0.011535150686,-0.079319053407,-0.282625662192,0.011535150686,0.079319053407,0.298025156958,0.611165760313,-0.165574152640,-0.190319374698,0.606490860094,0.418225248896,0.317105704215,1.128688597976,0.824661485574,-0.007384721663,1.056320147874,1.645753407643,0.298608260026,1.169556834232,0.889168709475,0.072976527988,1.106418348313,1.721526365031,0.286569968568,1.373884938567,0.042428288184,-0.039760018863,1.280758019256,0.941197795697,0.586045473814,0.501784026623,-0.000399943441,-0.278037696552
1235,1,0.284384687923,-0.011251438433,-0.077552011880,-0.284384687923,0.011251438433,0.077552011880,0.299826332842,0.607879587684,-0.107598126032,-0.191499458393,0.605783999051,0.410142782120,0.318238346289,1.117371461644,0.719004507246,-0.008393680288,1.055360892804,1.518187078406,0.299016918744,1.157398844067,0.770211328647,0.072380755516,1.104634838947,1.578750107641,0.291983947258,1.367442665468,0.057581776519,-0.039851887123,1.281846908853,0.894181122896,0.585977703333,0.503813892603,-0.000398901291,-0.276294455077
1236,1,0.287655491203,-0.011750638898,-0.079530366279,-0.287655491203,0.011750638898,0.079530366279,0.302884683902,0.617189509026,-0.133514863373,-0.196363397751,0.614938486717,0.397478815973,0.321045509346,1.132824182738,0.653338123943,-0.009415677193,1.072392857799,1.474063575468,0.301989841717,1.179922950852,0.701335569593,0.072098901092,1.124021285058,1.524609337923,0.297251320312,1.383220005773,-0.085723081573,-0.041195176648,1.302482360025,0.785518675542,0.585512280464,0.503850400448,-0.000395147130,-0.271965010745
1237,1,0.283645385581,-0.011562899813,-0.083569585320,-0.283645385581,0.011562899813,0.083569585320,0.296663035703,0.602931130088,-0.148129692931,-0.191819511749,0.601720651978,0.391264024077,0.314110341791,1.105046803091,0.934927224743,-0.011463876368,1.052160740760,1.741858827854,0.295173697227,1.147782046403,1.011638608145,0.067822978619,1.101958004309,1.825237107474,0.298673028463,1.355068395335,0.123986370835,-0.041740698807,1.278115864523,0.993723876915,0.585078716278,0.504775375128,-0.000390263274,-0.276584340377
1238,1,0.282631351241,-0.011795461007,-0.083393273486,-0.282631351241,0.011795461007,0.083393273486,0.297556905305,0.597356968656,-0.187442529335,-0.191813036344,0.601175393856,0.317755837490,0.312016398904,1.105731246521,0.784078379162,-0.012438929989,1.051204108848,1.677918711033,0.292467464797,1.148771478452,0.846318752951,0.066070095469,1.100765314187,1.750606929632,0.302802775155,1.354973539881,-0.021921149389,-0.041693799175,1.278376093905,0.973172890847,0.584834247828,0.504633367062,-0.000390177593,-0.277010539911
1239,1,0.289280892216,-0.011881470719,-0.099796248224,-0.289280892216,0.011881470719,0.099796248224,0.304764617507,0.608649056599,-0.191196306609,-0.196059659232,0.613466480394,0.330655746385,0.317012856818,1.129135837236,0.979900067011,-0.015550370366,1.075116693813,1.931882923146,0.296281714591,1.171206754526,1.060550979602,0.064904137865,1.124671499932,2.030584941167,0.310665796146,1.383425637640,0.119316255517,-0.038084129462,1.306626898652,1.168878135334,0.584145367146,0.505844205618,-0.000382360071,-0.270096518592
1240,1,0.283534136705,-0.011600910829,-0.097279909122,-0.283534136705,0.011600910829,0.097279909122,0.300004692755,0.595474591386,-0.227416123751,-0.192254594656,0.603464203574,0.308748806958,0.306859278928,1.101510021363,0.918708281973,-0.017107098233,1.053736414434,1.825074778133,0.285367473551,1.142444863562,1.000318646413,0.061659849402,1.102144179492,1.916197622872,0.308412814632,1.355761267107,0.121223875678,-0.036963659905,1.281131085092,1.106052052308,0.583634495735,0.506422907114,-0.000382774509,-0.275015304023
1241,1,0.283689658861,-0.011800508457,-0.095246517763,-0.283689658861,0.011800508457,0.095246517763,0.302008813212,0.596536036985,-0.227778793379,-0.193195758489,0.604451667365,0.316862840803,0.305980087035,1.104967623794,0.839693374971,-0.017739022109,1.056221754417,1.642530243818,0.283658617174,1.146772528372,0.907983025841,0.061293766162,1.104867335264,1.707813952232,0.315994830147,1.358584290917,0.033148876354,-0.034108411148,1.283300817549,0.898143841925,0.583260446787,0.506371647120,-0.000384042971,-0.274581210524
1242,1,0.281050827403,-0.011769122515,-0.094087280685,-0.281050827403,0.011769122515,0.094087280685,0.299958282387,0.590921506523,-0.224221266865,-0.191787952967,0.599106673960,0.319380836132,0.299853093381,1.093152762607,0.935876473576,-0.016745057264,1.047686804428,1.697666980335,0.274469953644,1.133913394972,1.015494978890,0.060540252638,1.095576411959,1.775185792623,0.313025381311,1.345134855510,0.120085219510,-0.029477659450,1.271826722574,0.911685260799,0.583050429821,0.506299078465,-0.000385222025,-0.277088569757
1243,1,0.284546883331,-0.011827633519,-0.083461864970,-0.284546883331,0.011827633519,0.083461864970,0.303484472103,0.598197334531,-0.135391867230,-0.194002183713,0.605316438904,0.351049391193,0.303180699543,1.102752992398,0.872984510057,-0.017446609002,1.059466546172,1.500417856860,0.276946578824,1.144093943652,0.943235481731,0.060810822746,1.108059046200,1.550756204995,0.320473298362,1.357339231387,0.143372799626,-0.027152735912,1.285641500688,0.831628201352,0.582874447107,0.506646990776,-0.000388743356,-0.273621412724
1244,1,0.272699376286,-0.011349723669,-0.080558640593,-0.272699376286,0.011349723669,0.080558640593,0.291498893218,0.574859265359,-0.223559442102,-0.186789764831,0.581697565442,0.276598443297,0.290336187548,1.055458997155,0.941655071987,-0.017321070217,1.018119714458,1.599959452326,0.265186476675,1.096947182067,1.030179881642,0.057823205369,1.064874924661,1.683593886349,0.306332861702,1.302489683503,0.176321279965,-0.025236887634,1.235623537398,0.849669616990,0.582646965981,0.506602585316,-0.000390782952,-0.284770092836
1245,1,0.273190505940,-0.011422778069,-0.074895253123,-0.273190505940,0.011422778069,0.074895253123,0.292278551370,0.575618935800,-0.182768410870,-0.187164748428,0.582464660771,0.278947713963,0.290245830592,1.057465646860,0.861715826491,-0.017718963300,1.019502247262,1.447439640340,0.264185807497,1.099035787350,0.929431957161,0.057385778928,1.066251158052,1.504524927377,0.306906471509,1.303332135918,0.125478369203,-0.025636945600,1.237192068456,0.790967588047,0.582540988922,0.506558567286,-0.000383453444,-0.284443816914
1246,1,0.227725839221,-0.009714242012,-0.067609605964,-0.227725839221,0.009714242012,0.067609605964,0.243579584310,0.480197765876,-0.172662345873,-0.156267259083,0.486782231443,0.217212198685,0.241215660970,0.883564263439,1.036852341157,-0.015074864000,0.852297626254,1.604476973598,0.218728660951,0.918087022285,1.129187172839,0.047346666991,0.890869202757,1.698891386310,0.257394493608,1.088663729443,0.295335073582,-0.019695863724,1.033986242039,0.893836115739,0.582419693470,0.506266862154,-0.000385622494,-0.340846750120
1247,1,0.257152959767,-0.010960453565,-0.071042864474,-0.257152959767,0.010960453565,0.071042864474,0.274486284215,0.542049740345,-0.183670807602,-0.176533300537,0.549511668614,0.252487163390,0.271666223707,0.997786402368,0.885197007815,-0.017540002549,0.962348313149,1.471330772573,0.246135852320,1.036974899650,0.948697818010,0.052930715698,1.005731763941,1.529520528032,0.289959407053,1.229127300537,0.233781092667,-0.022889155540,1.166779209322,0.818713035125,0.582252800465,0.506248354912,-0.000385740772,-0.301948115277
1248,1,0.267318628761,-0.011422218588,-0.070393009683,-0.267318628761,0.011422218588,0.070393009683,0.285976647048,0.564866733859,-0.171085355275,-0.183809533244,0.572943766885,0.280038576906,0.281954586989,1.040220440889,0.908665479414,-0.019079612053,1.003402006323,1.501780126917,0.255244117502,1.081098888211,0.967503471430,0.054288194067,1.049065167466,1.560551984561,0.302480721294,1.281044796820,0.195709204328,-0.024942223571,1.215918382555,0.842601818703,0.582003355026,0.506231784821,-0.000381673686,-0.289756940388
1249,1,0.270051707139,-0.011567748667,-0.067963619556,-0.270051707139,0.011567748667,0.067963619556,0.289116657190,0.570043720120,-0.170072193376,-0.185906500274,0.577901086270,0.286141078819,0.283761023747,1.050707277978,0.908014201472,-0.020062880625,1.012858613799,1.518867663564,0.256095841754,1.091706033754,0.967790336297,0.053952224876,1.058289431721,1.581024541491,0.304920495998,1.293497794166,0.169189968849,-0.025734956409,1.227810719959,0.873643391289,0.581776738167,0.506214112043,-0.000379469246,-0.286964367470
1250,1,0.256013656272,-0.011030267325,-0.070211865233,-0.256013656272,0.011030267325,0.070211865233,0.274060493226,0.541700274088,-0.158525877022,-0.176776876874,0.549170496557,0.271530169140,0.268211460415,0.999726023604,1.182678255315,-0.020544838769,0.961710369554,1.868027498913,0.242330847139,1.038605364767,1.280015852111,0.047757890732,1.004602421568,1.976345231287,0.288675180490,1.229231136858,0.356145354767,-0.024496759942,1.166409149457,1.099179487913,0.581569343805,0.506188422441,-0.000383487903,-0.301995852137
1251,1,0.270137520634,-0.011614597158,-0.069942328414,-0.270137520634,0.011614597158,0.069942328414,0.289164485268,0.571607985317,-0.139905188747,-0.186101673398,0.579261711839,0.331303576490,0.282797521083,1.054759441912,0.786475865660,-0.021478768547,1.015211335630,1.427564331619,0.254830484085,1.094894181873,0.837174593297,0.050873759801,1.060532691997,1.471255837617,0.304666649883,1.296661598428,0.159839904964,-0.028196005309,1.231118768807,0.804903077012,0.581554681063,0.506131470203,-0.000381803140,-0.286219987475
1252,1,0.272540943850,-0.012002363593,-0.067614167994,-0.272540943850,0.012002363593,0.067614167994,0.291400958151,0.578533056126,-0.120028142790,-0.188985817378,0.586236008991,0.352996674068,0.283577699320,1.067677726670,0.687253182202,-0.022071720044,1.028363591358,1.298736219687,0.255992868877,1.108265293249,0.730803467530,0.050940937814,1.076058269700,1.331490730189,0.307134070824,1.312070340422,0.069821116136,-0.029787103824,1.245899531262,0.662538576080,0.581231027842,0.506018817425,-0.000384281389,-0.282897461662
1253,1,0.281872799701,-0.012336477823,-0.065844116912,-0.281872799701,0.012336477823,0.065844116912,0.300886531852,0.598831783263,-0.113386770718,-0.194253981653,0.606283477134,0.366528279882,0.292065957287,1.103307494686,0.704035010930,-0.022852391146,1.062723465199,1.337681891547,0.264055463396,1.145272274090,0.753871916021,0.053081231827,1.111950466482,1.378755717021,0.314974318895,1.354340025411,0.069774918913,-0.030697838306,1.287632599515,0.702058730943,0.581135958433,0.506132870913,-0.000386131927,-0.273687105354
1254,1,0.278417943484,-0.012428608019,-0.064820676682,-0.278417943484,0.012428608019,0.064820676682,0.297314370734,0.591555718586,-0.115820699705,-0.193086294137,0.601052133531,0.340894790526,0.288408233256,1.096204995693,0.672443825560,-0.023186021265,1.056176333192,1.276467780767,0.260674897270,1.138482621813,0.718348088833,0.051787628015,1.104872391061,1.315158775753,0.312891269020,1.344471557535,-0.000852401211,-0.031307781999,1.278629632226,0.603585058327,0.580922305584,0.505235612392,-0.000386412255,-0.276374962397
1255,1,0.281773075295,-0.012410311043,-0.063090858474,-0.281773075295,0.012410311043,0.063090858474,0.300894007284,0.598481537380,-0.111436792937,-0.193229762955,0.607225914607,0.345154819190,0.292500902336,1.109433312259,0.674040993106,-0.023774007476,1.066235224490,1.326106885110,0.264099463668,1.151812528581,0.722311195055,0.052312943215,1.113276028023,1.371737579791,0.314396547045,1.359331620094,0.008700603745,-0.031023595115,1.292611275440,0.673135422118,0.580901414156,0.505211412907,-0.000387821347,-0.273103462442
1256,1,0.282210586168,-0.012501505440,-0.053758828198,-0.282210586168,0.012501505440,0.053758828198,0.300300282965,0.598197902021,-0.108241963247,-0.193545866734,0.606781819206,0.353157335439,0.291113056098,1.108510459546,0.642960040847,-0.024357510949,1.065859059710,1.272890516754,0.262050841625,1.149741781336,0.690600628598,0.051549836073,1.112613052596,1.310947540026,0.316171666534,1.358298982836,0.015418900456,-0.032672151857,1.291860349056,0.676504397097,0.580623298883,0.505120664835,-0.000387810171,-0.273368813977
1257,1,0.281695850372,-0.012717656175,-0.053687528468,-0.281695850372,0.012717656175,0.053687528468,0.299497153011,0.597878664890,-0.111063895308,-0.192715664346,0.606026598414,0.349265662230,0.290328551998,1.106493745885,0.654135815827,-0.023594912443,1.064864176319,1.270727171322,0.261518574808,1.147620270634,0.704370345577,0.052766507490,1.112870578712,1.309652657417,0.313820222760,1.355248102411,0.018413893856,-0.032546803838,1.289711284402,0.646389752449,0.580581635237,0.505039423704,-0.000388073269,-0.273943660811
1258,1,0.281354217433,-0.013013782168,-0.053286393342,-0.281354217433,0.013013782168,0.053286393342,0.297775486849,0.596621066736,-0.109585233244,-0.193529268832,0.604551309703,0.388207321200,0.287578219095,1.104797977393,0.677057945423,-0.024693911748,1.062437539798,1.377833630473,0.259097064126,1.145339235104,0.729353068575,0.051807206771,1.110263987436,1.423036319446,0.312037240317,1.352769396925,0.060375729176,-0.033855619607,1.287005045065,0.780612414642,0.580249994993,0.505146205425,-0.000388506800,-0.274436029759
1259,1,0.281495694002,-0.012676223931,-0.052296871413,-0.281495694002,0.012676223931,0.052296871413,0.296421475043,0.598613789039,-0.097749496111,-0.192028480880,0.604395263682,0.393904814351,0.285945536758,1.104332199673,0.701947979166,-0.025380882056,1.060867604656,1.412582723150,0.257534568127,1.144228194876,0.754514554873,0.050971656212,1.107818101564,1.461473365391,0.310311904154,1.351502178684,0.091535932967,-0.034733344115,1.285364678697,0.822769479792,0.579941868782,0.505342125893,-0.000387934037,-0.274606292729
1260,1,0.282023265812,-0.012655598452,-0.050253307308,-0.282023265812,0.012655598452,0.050253307308,0.296948965295,0.599135813778,-0.112844592785,-0.192972182375,0.606214422301,0.369275645196,0.285496554104,1.110042644138,0.699384937564,-0.026288494268,1.064135552408,1.421996552550,0.257142097148,1.151811937572,0.750661618147,0.049931129394,1.111621154480,1.473210806170,0.312641515848,1.356673954908,0.030301843082,-0.035470695670,1.289417494490,0.823112676158,0.579759299755,0.505157500505,-0.000385988504,-0.274024753367
1261,1,0.281972358407,-0.013135702565,-0.048381785492,-0.281972358407,0.013135702565,0.048381785492,0.296537262796,0.599351015754,-0.117890821521,-0.193030600020,0.606633848315,0.352544662832,0.284977040334,1.110385813817,0.641927711450,-0.025296578854,1.066432777122,1.237280907046,0.256554062114,1.152378547684,0.686858236990,0.051496257636,1.116038719457,1.267426621735,0.312050476447,1.356570636877,-0.009930016208,-0.035741456603,1.290174208513,0.592064749701,0.579685151577,0.504765570164,-0.000386205502,-0.274230227823
1262,1,0.285424425895,-0.012978198830,-0.045366414014,-0.285424425895,0.012978198830,0.045366414014,0.299311991084,0.604518707245,-0.106120489825,-0.194539006434,0.611806607083,0.355393117396,0.286992571799,1.120337375824,0.665593078067,-0.026741020145,1.075689619789,1.266702101093,0.258284555071,1.162740181744,0.711177292413,0.051240057651,1.125126001912,1.296596228740,0.311351148801,1.368797059379,0.007686115549,-0.035628279332,1.302504977199,0.605126040246,0.579355746508,0.505210518837,-0.000384998508,-0.271160696707
1263,1,0.286115871709,-0.012941617741,-0.045462795563,-0.286115871709,0.012941617741,0.045462795563,0.300349184350,0.605788719255,-0.101835647918,-0.195919687884,0.613300791258,0.355869746862,0.286359916035,1.123539549225,0.726871415484,-0.028041419893,1.078011846792,1.378791615610,0.257078341289,1.168961528485,0.776558939353,0.049574807548,1.127974856618,1.425526654661,0.314953298997,1.371724919684,0.045490251927,-0.036626802365,1.305460938274,0.712900813917,0.579049438238,0.505190372467,-0.000385100953,-0.270614554006
1264,1,0.286482810593,-0.013019860627,-0.043000205801,-0.286482810593,0.013019860627,0.043000205801,0.300564675250,0.607120575106,-0.086941053343,-0.196477803595,0.614103554878,0.370188601132,0.286919963654,1.124995426469,0.715636456063,-0.028493468883,1.079428946998,1.384050930140,0.257273839929,1.169010916877,0.764758608841,0.049102302236,1.128579331659,1.431368668594,0.314953561633,1.373999750903,0.051292287504,-0.035446672841,1.307286488374,0.741716429805,0.578933358192,0.505204766989,-0.000385037158,-0.270240372332
1265,1,0.275725881114,-0.012524607283,-0.073001716303,-0.275725881114,0.012524607283,0.073001716303,0.288340043100,0.586276976207,-0.086297181083,-0.188302027717,0.591513592002,0.336417367011,0.275603008665,1.082772921600,1.350482598984,-0.028298968010,1.037960978774,2.065356415775,0.246590892358,1.124839439781,1.460849115371,0.046262962461,1.085230582790,2.187735040371,0.302694685896,1.321380181906,0.464360877383,-0.033851571847,1.257150996737,1.245694788872,0.578657299280,0.505376428366,-0.000391722657,-0.280869223936
1266,1,0.281830751537,-0.012712574287,-0.072227206125,-0.281830751537,0.012712574287,0.072227206125,0.294161753584,0.600304355474,-0.106432511243,-0.190923386324,0.605045298467,0.338983240489,0.281137594470,1.106960786001,1.314747177584,-0.029052685006,1.059710181994,1.826728068448,0.251371709562,1.149540651107,1.404410911978,0.046846172101,1.107806918651,1.909587531254,0.308377648826,1.349363814489,0.376660465677,-0.032555522502,1.283843462294,1.096488831371,0.578546792269,0.505418062210,-0.000388098881,-0.275082326363
1267,1,0.284193121730,-0.012824276707,-0.065646083078,-0.284193121730,0.012824276707,0.065646083078,0.296331672470,0.605821312501,-0.094694576125,-0.192330956233,0.609914921820,0.356561366642,0.283120637582,1.115744831154,0.906188145842,-0.028806496203,1.068787670870,1.471935381652,0.253642501183,1.158590911392,0.956124010192,0.047969916390,1.117075882037,1.515008690511,0.309721891485,1.360087119305,0.208575765507,-0.032435602614,1.295292130116,0.833586308461,0.578485518694,0.505413562059,-0.000386930071,-0.272934952772
1268,1,0.287386229500,-0.012976588894,-0.062554743014,-0.287386229500,0.012976588894,0.062554743014,0.299585692463,0.612699938726,-0.084683276859,-0.194553156545,0.616929607358,0.391130200526,0.286154362264,1.128402872277,0.799293858816,-0.028650801312,1.082174817010,1.396680693470,0.256380075937,1.172006332202,0.845026460395,0.048793322114,1.131595120878,1.433098997730,0.313349903018,1.376484803263,0.168955431838,-0.033191806435,1.310552617257,0.765050711698,0.578404754400,0.505423873663,-0.000384541228,-0.269749762798
1269,1,0.288989568019,-0.013186509638,-0.058663531072,-0.288989568019,0.013186509638,0.058663531072,0.302383073448,0.616227580502,-0.085852783750,-0.195639244018,0.620568603341,0.392136420244,0.289759107927,1.134940588348,0.749505264480,-0.028855524352,1.088480866411,1.415139840321,0.258058419207,1.178494813810,0.798090887632,0.049029114134,1.137847640346,1.460082259778,0.317161884041,1.385250165123,0.127377970611,-0.030587266916,1.318389746911,0.781718664996,0.578377157450,0.505383700132,-0.000384645071,-0.268226355596
