frame_idx,pose_detected,left_hip_x,left_hip_y,left_hip_z,right_hip_x,right_hip_y,right_hip_z,left_knee_x,left_knee_y,left_knee_z,right_knee_x,right_knee_y,right_knee_z,left_ankle_x,left_ankle_y,left_ankle_z,right_ankle_x,right_ankle_y,right_ankle_z,left_heel_x,left_heel_y,left_heel_z,right_heel_x,right_heel_y,right_heel_z,left_foot_index_x,left_foot_index_y,left_foot_index_z,right_foot_index_x,right_foot_index_y,right_foot_index_z,mid_hip_x,mid_hip_y,mid_hip_z,torso_length
0,1,0.229897950720,-0.016289131886,0.021666663195,-0.229897950720,0.016289131886,-0.021666663195,0.373327787555,0.480560122263,-0.066303382061,-0.155760614435,0.500837594441,0.145493238154,0.458786614400,0.907967751909,0.632040082600,-0.077331248942,0.933090382252,1.114806997554,0.393119518682,0.957382432477,0.665970618505,-0.005736919408,0.981766697731,1.157817489478,0.648971485938,1.106359357957,0.008116501294,-0.217404587707,1.125981813245,0.509651716231,0.603932231665,0.473774537444,-0.000398609554,-0.369721262562
1,1,0.228526784077,-0.016813903656,0.011615710598,-0.228526784077,0.016813903656,-0.011615710598,0.365627592063,0.477548380445,-0.039717941632,-0.150480418126,0.497784418844,0.162240425416,0.453467849915,0.900017277824,0.700849215515,-0.075179855152,0.929679725199,1.098432623575,0.394650663943,0.945142005219,0.738454381553,-0.004109905354,0.983978087071,1.134744000143,0.636632570541,1.097767086971,0.059102625923,-0.215309717538,1.118046001044,0.436605434903,0.604076772928,0.473503142595,-0.000390620437,-0.372566614065
2,1,0.235049591822,-0.017947523569,0.003613170735,-0.235049591822,0.017947523569,-0.003613170735,0.372794256871,0.493344869152,-0.155286745043,-0.150207975899,0.519726270984,0.167531563899,0.461050562768,0.917623809630,0.668692892965,-0.071657722243,0.956816757538,1.129204658908,0.408431695237,0.958473950420,0.720880649222,0.003289617266,1.012167951152,1.167890262702,0.642763984825,1.127037843036,0.054339927346,-0.217535311913,1.149713648077,0.457461778648,0.605254948139,0.472226604819,-0.000392803136,-0.363376968907
3,1,0.246290270639,-0.020387626774,0.003889774415,-0.246290270639,0.020387626774,-0.003889774415,0.392567774942,0.509675746687,-0.154613025790,-0.151741774552,0.546138863058,0.148661638090,0.458905991740,0.940967165282,0.647511630602,-0.068610665064,1.006802042122,0.993050481057,0.409099435136,0.983184086013,0.700919868053,0.011793883859,1.065374724214,1.022232191885,0.657196206521,1.159691661622,0.076685867963,-0.225113114532,1.206038216988,0.382610860288,0.606661438942,0.471281051636,-0.000392742921,-0.347498399940
4,1,0.256944684999,-0.024461888852,0.006742950233,-0.256944684999,0.024461888852,-0.006742950233,0.415391707558,0.521533545164,-0.280904998103,-0.153764640105,0.580211346077,0.087920258124,0.464381122791,0.963437262154,0.515844888630,-0.065685883064,1.061038743993,0.848841350609,0.414297360724,1.001782652281,0.571745093824,0.018032142275,1.122079137729,0.870412636157,0.654837857417,1.189787695393,0.033308995334,-0.227920540219,1.265313655778,0.230439440170,0.608112514019,0.469443753362,-0.000389964669,-0.332814214328
5,1,0.255426742349,-0.027492349344,0.007509610446,-0.255426742349,0.027492349344,-0.007509610446,0.415366779584,0.509536941124,-0.359441684820,-0.149331849029,0.585704686008,0.025174343518,0.454159498407,0.933175228990,0.475505584658,-0.059711885946,1.064522306771,0.765111885345,0.404536330519,0.966960661967,0.536152810961,0.021612239578,1.125603583401,0.785957173458,0.621854247322,1.163789852686,0.012019489172,-0.214587066960,1.268819604952,0.122685831470,0.609264373779,0.466628760099,-0.000386833563,-0.334413320782
6,1,0.252879311323,-0.029111121659,0.007684219283,-0.252879311323,0.029111121659,-0.007684219283,0.417819376599,0.482035384493,-0.379553250656,-0.142763252021,0.585652348246,0.001631271818,0.441487178725,0.888792559778,0.343834221892,-0.051026148734,1.067998993127,0.593359030715,0.391635597494,0.923876535152,0.396598952986,0.028230818908,1.129324052264,0.600050239238,0.596205214380,1.141849035032,-0.082019674705,-0.202220214934,1.271719540081,-0.040957857040,0.611384958029,0.464764654636,-0.000387924258,-0.334923837611
7,1,0.251765163993,-0.031496065063,0.007857781288,-0.251765163993,0.031496065063,-0.007857781288,0.422576970110,0.451871402404,-0.557238493919,-0.139071436989,0.590673539052,-0.058185740811,0.422459429690,0.833849786605,0.398935804077,-0.046211653376,1.075271928297,0.499461112291,0.363999957589,0.864745896491,0.467272948915,0.029638721463,1.140348150772,0.504544490404,0.565077040661,1.090370391830,0.014637679981,-0.199770949684,1.279391962643,-0.150420940562,0.612688899040,0.462936088443,-0.000388953020,-0.334431875859
8,1,0.235660131626,-0.029893513589,0.002800396955,-0.235660131626,0.029893513589,-0.002800396955,0.401505700362,0.391507562427,-0.813641239814,-0.128482797052,0.558295705262,-0.066166103882,0.377211813331,0.738932256122,0.361558183462,-0.034452685288,1.016987756963,0.469308585977,0.322211968859,0.767324050726,0.453986556700,0.035424111984,1.090629818198,0.470703701324,0.495612556681,0.986550950642,0.013675522930,-0.184960750026,1.208601211414,-0.236630033030,0.614059686661,0.461473777890,-0.000373242365,-0.355323257397
9,1,0.222120203896,-0.028733270511,0.000892191860,-0.222120203896,0.028733270511,-0.000892191860,0.389008651516,0.335565271752,-1.141582723923,-0.115118691170,0.533541339033,-0.050436268291,0.338218551791,0.669487695996,0.239169373231,-0.021747440912,0.968102079923,0.563135963441,0.277866878372,0.687999780612,0.363954749002,0.049269759010,1.040825547780,0.575351970273,0.446298172012,0.899036241047,-0.088415958701,-0.169926663804,1.150577956313,-0.111185373071,0.616860926151,0.459484979510,-0.000352408411,-0.374758627299
10,1,0.222414168378,-0.029149233946,-0.009481802301,-0.222414168378,0.029149233946,0.009481802301,0.392975438330,0.306513895568,-1.490123672167,-0.111637409596,0.537512446987,-0.044721482297,0.328232037665,0.634723330604,0.099428714994,-0.016086705007,0.974154334313,0.634825020673,0.261692762612,0.647762978361,0.251430729392,0.055792361593,1.047388285273,0.652115713615,0.412086200024,0.862195871879,-0.249738679613,-0.160976879745,1.156942592000,-0.064191951105,0.618345022202,0.457448914647,-0.000300771790,-0.374463497468
11,1,0.211231933699,-0.028598593401,-0.010459049277,-0.211231933699,0.028598593401,0.010459049277,0.381036290849,0.239051857791,-1.837434673845,-0.095308470448,0.517524475878,-0.033747425203,0.311633193036,0.573053910059,-0.240477854935,-0.000158634697,0.936025437425,0.721042737491,0.248134966185,0.586578182479,-0.085577309248,0.070216394898,1.007610161004,0.746525362706,0.377973707149,0.800187510374,-0.615856111625,-0.137573644275,1.109870688858,-0.032683824265,0.622733145952,0.455441445112,-0.000275420723,-0.392455449224
12,1,0.209166856604,-0.028047706997,-0.007205138961,-0.209166856604,0.028047706997,0.007205138961,0.370930475032,0.198766180783,-1.697780578518,-0.088880390047,0.511252810540,-0.026328207942,0.298301337012,0.530919494113,-0.330696311762,0.007952983488,0.923962776590,0.671496868759,0.231733695591,0.543418021215,-0.198708935530,0.073326952907,0.992692352047,0.689130829444,0.358282570880,0.764375357707,-0.689284582774,-0.125801168468,1.096980984742,-0.100290428763,0.624220013618,0.453972101212,-0.000243297312,-0.399021436058
13,1,0.209102229031,-0.027931219339,-0.007081886127,-0.209102229031,0.027931219339,0.007081886127,0.367216835954,0.179070052556,-2.004248144398,-0.084812733981,0.508615013525,-0.022075432845,0.290916926980,0.508795308428,-0.376559839947,0.013152364178,0.926398237131,0.689812245020,0.223298143088,0.521383468763,-0.222127123153,0.076971395736,0.994452261859,0.707178965307,0.333103177734,0.746030471034,-0.783891472323,-0.114432355486,1.098782962130,-0.148561168466,0.625790387392,0.452141359448,-0.000240026740,-0.400020294150
14,1,0.211370274682,-0.028325945963,-0.005518950784,-0.211370274682,0.028325945963,0.005518950784,0.372480441971,0.167690992914,-1.828468019861,-0.083626029972,0.511255202358,0.002669298257,0.288775339931,0.492057741779,-0.314702213409,0.018789500017,0.940484640977,0.691973142128,0.220336503882,0.502834932584,-0.167412511802,0.081370967042,1.008345677511,0.706639803425,0.322475960689,0.736227457092,-0.668021524191,-0.111098140963,1.115043020310,-0.140547946665,0.626570373774,0.451230838895,-0.000221033813,-0.394991997655
15,1,0.212550389423,-0.029049777033,-0.005227936082,-0.212550389423,0.029049777033,0.005227936082,0.363153098027,0.136270275570,-1.983951320862,-0.082409051651,0.511063017618,0.002826206125,0.286844480651,0.478341276186,-0.392549947355,0.021652697104,0.944028198070,0.693314538414,0.222136343305,0.493286497152,-0.238153094796,0.082829875541,1.010026327728,0.708015551482,0.312985310657,0.728059502917,-0.756089052635,-0.110079999134,1.119736310312,-0.150442009925,0.626755237579,0.450232148170,-0.000210880360,-0.394178492539
16,1,0.214177565792,-0.029215717719,-0.005696292452,-0.214177565792,0.029215717719,0.005696292452,0.362877449530,0.127162705812,-2.141096746029,-0.081936511055,0.511520283403,-0.017073788726,0.283579807860,0.474825871225,-0.425184396996,0.023853144319,0.950954400003,0.681641278673,0.213673188812,0.495024028476,-0.260419263796,0.084348775190,1.017405232044,0.694542443197,0.309239265523,0.721657519330,-0.818295162262,-0.105805445623,1.126319686522,-0.235501568245,0.627030074596,0.449679300189,-0.000206085853,-0.392576659593
17,1,0.216016696152,-0.029682408507,-0.003737796363,-0.216016696152,0.029682408507,0.003737796363,0.362418962851,0.125103162949,-1.923770487430,-0.081419132861,0.514268972738,-0.013680282368,0.285039309918,0.476115911113,-0.397620000684,0.026483427493,0.958432945028,0.620869981848,0.212919188890,0.497343395315,-0.249222178980,0.085938036179,1.025088143339,0.625932407289,0.313412867373,0.721922750508,-0.752907168379,-0.105440695666,1.134225644593,-0.241747022304,0.627276569605,0.448965907097,-0.000197786256,-0.390320510056
18,1,0.217661310622,-0.029830302169,-0.003361934610,-0.217661310622,0.029830302169,0.003361934610,0.365268658051,0.126484290608,-1.939893214275,-0.079897577587,0.515934482458,-0.009153605686,0.287769825675,0.481361971648,-0.420918850336,0.032595582102,0.965371590976,0.616839333724,0.218281204163,0.500772445786,-0.272767021551,0.100284299536,1.032994077841,0.622479074145,0.315917356600,0.731605495324,-0.756423475205,-0.103877653669,1.142872282550,-0.221928355927,0.627969861031,0.448377177119,-0.000193895889,-0.387881339281
19,1,0.215599854619,-0.029417672059,-0.001125522377,-0.215599854619,0.029417672059,0.001125522377,0.361518192572,0.146636537860,-1.926283205349,-0.076423179025,0.509909079370,-0.024324372502,0.285580152184,0.485360516680,-0.385402038198,0.032717801395,0.954205249872,0.618508509830,0.216470791809,0.501929621301,-0.236839398023,0.098851675223,1.018409370295,0.624402396605,0.314700640697,0.728812029835,-0.738095317081,-0.098691483631,1.131335618687,-0.200766681921,0.628136187792,0.448429435492,-0.000194724620,-0.391803904578
20,1,0.215065338586,-0.029434769303,-0.001363682111,-0.215065338586,0.029434769303,0.001363682111,0.355174446355,0.153191463252,-1.986036321897,-0.075707921322,0.508237217282,-0.018220876424,0.286823208909,0.495009495557,-0.483088944775,0.033267193394,0.950841045632,0.621444880590,0.218168657750,0.511059808312,-0.337966331143,0.098608182451,1.015570253505,0.629080890475,0.317907786534,0.736804790903,-0.851174649484,-0.097601835753,1.126892449448,-0.198854058358,0.628290712833,0.448476076126,-0.000194381078,-0.393219590979
21,1,0.214230697311,-0.029422837906,-0.001887991718,-0.214230697311,0.029422837906,0.001887991718,0.355386889001,0.160078789802,-1.887879409427,-0.075067752798,0.506275798390,0.003325776182,0.289134994931,0.506150319173,-0.467633001933,0.033507405364,0.946752545276,0.622515033213,0.220584989018,0.523665164290,-0.334533451760,0.099618493935,1.012603313546,0.631257167238,0.322337913122,0.738571652498,-0.836214460941,-0.095880240055,1.122176869521,-0.190132561551,0.628427356482,0.448554068804,-0.000195961940,-0.394738355955
22,1,0.209271803696,-0.028793831441,-0.006072712698,-0.209271803696,0.028793831441,0.006072712698,0.351695174792,0.183723329808,-1.887867140148,-0.073366746417,0.495962752288,-0.012195744964,0.302438706851,0.535781198894,-0.436032282699,0.032835013331,0.924946494651,0.667192183190,0.242590089649,0.548417571420,-0.307981567762,0.097364932801,0.991648004700,0.686333660524,0.331077387783,0.752183284624,-0.773314583960,-0.093594092834,1.095667252454,-0.168491519056,0.628491669893,0.448998734355,-0.000196209876,-0.403861921224
23,1,0.210583682143,-0.029674439217,-0.017045582706,-0.210583682143,0.029674439217,0.017045582706,0.358554744480,0.237724246827,-2.026633007669,-0.073913798143,0.502104285515,-0.077141485813,0.323205199275,0.585123356089,-0.376765046514,0.032716787401,0.928194894283,0.798813276540,0.271244896614,0.599080214157,-0.201228863096,0.097728272325,0.995328697562,0.839501405635,0.375389083464,0.798414496301,-0.762513432182,-0.094412678434,1.100138584689,-0.041081513825,0.628382503986,0.449727252126,-0.000209876103,-0.401751434353
24,1,0.216834232828,-0.031104784977,-0.024532632009,-0.216834232828,0.031104784977,0.024532632009,0.368163392951,0.294834340583,-1.624628473844,-0.078224780336,0.512249406343,-0.073327802995,0.354345057362,0.640653273591,-0.163992579316,0.030252401216,0.945507630157,0.822119045895,0.314147988372,0.658170341094,-0.023178939214,0.094489017121,1.012448244412,0.857806579835,0.430339423995,0.860032347398,-0.598913608903,-0.095195773413,1.124542139998,0.040165863273,0.627408862114,0.451524183154,-0.000239296351,-0.390979374964
25,1,0.244844909028,-0.035436802508,-0.028622156897,-0.244844909028,0.035436802508,0.028622156897,0.414548598705,0.386558884585,-0.923787054521,-0.095330669992,0.572648837738,-0.073730859460,0.422609305824,0.763003068947,0.193243439616,0.026322387217,1.057640148171,0.512367054284,0.390150046932,0.780627348633,0.295252805852,0.098211162103,1.133835118467,0.510406605314,0.515869771816,1.007440438642,-0.151425145061,-0.122372838055,1.257894231779,-0.172645730524,0.624775528908,0.452966287732,-0.000268038828,-0.348379291097
26,1,0.260034468582,-0.038667051654,-0.027958019827,-0.260034468582,0.038667051654,0.027958019827,0.444055133253,0.442646275538,-0.709684388012,-0.102784311064,0.602508339497,-0.070220376194,0.476317789952,0.857761651442,0.231255832219,0.022700162971,1.111043491930,0.565282534420,0.445479916126,0.883965529728,0.311616978818,0.094498536838,1.191016479709,0.572983092908,0.593662748582,1.117364832446,-0.218611983868,-0.133016307049,1.323244378630,-0.178794655312,0.623446345329,0.454473033547,-0.000305621885,-0.330301887889
27,1,0.275760096277,-0.040733261976,-0.029194138354,-0.275760096277,0.040733261976,0.029194138354,0.457940257291,0.506298814942,-0.340070248326,-0.114124257349,0.631034033237,0.010956222763,0.523051145987,0.961313103210,0.387312441696,0.014367276371,1.164849644813,0.563226841736,0.507055962371,0.991714792161,0.441404089740,0.089583413502,1.248853448874,0.559157073625,0.645838087167,1.210760419349,-0.064063312795,-0.153123343280,1.387025250587,-0.173330451144,0.620588421822,0.455039575696,-0.000308685470,-0.314516628824
28,1,0.277549090109,-0.038284377874,-0.028886786150,-0.277549090109,0.038284377874,0.028886786150,0.450623510376,0.520071642930,-0.247161627406,-0.121730696785,0.620015685197,0.089644432843,0.545658747225,0.984558601929,0.498956485694,0.002912349472,1.153459858201,0.620347487557,0.534767130318,1.017200860941,0.549530075653,0.078155867436,1.236055229455,0.607593819870,0.662190353841,1.242270078706,-0.036853246731,-0.164707473033,1.376315120249,0.004634096079,0.616936922073,0.459070578218,-0.000310404226,-0.313644083596
29,1,0.276853970701,-0.036633088793,-0.031849809776,-0.276853970701,0.036633088793,0.031849809776,0.448043906846,0.540427372593,-0.280431420965,-0.128020400701,0.621639923670,0.133142380749,0.552655361799,1.012077906637,0.430123648844,-0.004146146060,1.154375269078,0.693292793605,0.546350212963,1.048512309792,0.476861157535,0.071489435457,1.237287861499,0.677221970733,0.669911161154,1.260661325961,-0.145229753841,-0.174581028965,1.373944177663,0.066783834515,0.614344865084,0.461179450154,-0.000334349461,-0.311619529003
30,1,0.277635592710,-0.035803551750,-0.031663041627,-0.277635592710,0.035803551750,0.031663041627,0.437405884657,0.551172719187,-0.211390038526,-0.133222924483,0.623053085595,0.200587154667,0.557067922463,1.044535247375,0.336410074997,-0.014312311936,1.152491282686,0.709236878361,0.559360008203,1.084777841457,0.382635355632,0.061101758265,1.237242694921,0.677947511469,0.676236521166,1.275785368378,-0.219698777724,-0.185515247990,1.368488712162,0.105763743763,0.611144930124,0.462094098330,-0.000327585265,-0.312132543188
31,1,0.281941362230,-0.034298543386,-0.027869374993,-0.281941362230,0.034298543386,0.027869374993,0.435289660783,0.571586652435,-0.190750346364,-0.139805242079,0.633794368254,0.245100568514,0.572215092090,1.087691663954,0.273837311808,-0.023226799782,1.167108196790,0.812498650033,0.570332441144,1.140493401456,0.370807587958,0.054860186620,1.251077630610,0.796849071598,0.690023830531,1.308191080215,-0.254790336087,-0.180637374952,1.383089444818,0.194499473394,0.608011811972,0.463332459331,-0.000349002425,-0.307180716170
32,1,0.283338623553,-0.031880352153,-0.025049523004,-0.283338623553,0.031880352153,0.025049523004,0.429567868442,0.594168991560,-0.139897308797,-0.146294707123,0.639796754792,0.281346890052,0.580221871817,1.107595935678,0.331545627042,-0.032247966564,1.172530954297,0.918759085271,0.572551358990,1.161928612736,0.371614058915,0.048380401313,1.256475033171,0.917332301687,0.706559488751,1.325469101109,-0.259738629512,-0.192522182581,1.389472992729,0.274297218120,0.604926556349,0.464381709695,-0.000365094515,-0.305024054655
33,1,0.285597160806,-0.028713022952,-0.016974837905,-0.285597160806,0.028713022952,0.016974837905,0.425109885430,0.618692420866,-0.154631616637,-0.157194150165,0.646300354721,0.289580609968,0.576238916200,1.131268860886,0.359557608196,-0.049280000243,1.184943823429,0.994515511151,0.564940333708,1.185019013729,0.386565457990,0.035913386919,1.267134558382,1.003477936979,0.705641620564,1.359874551915,-0.252728931431,-0.208348551338,1.404533820567,0.339585036015,0.599578022957,0.466146454215,-0.000383526087,-0.300439823049
34,1,0.281339293219,-0.024910567797,-0.007699875989,-0.281339293219,0.024910567797,0.007699875989,0.411699301095,0.620706326262,-0.167409317304,-0.158150433451,0.635580878560,0.254839687733,0.559115059933,1.127506395292,0.395978879017,-0.058982208920,1.159932744090,1.066983672761,0.536936684867,1.193938729264,0.416946755989,0.027589223431,1.239234422735,1.088685470325,0.705648819437,1.347608497072,-0.265954735053,-0.217930734474,1.374301120142,0.363573847717,0.595528274775,0.467396035790,-0.000398886739,-0.306166719692
35,1,0.281742511986,-0.022317435807,0.013323501558,-0.281742511986,0.022317435807,-0.013323501558,0.401341389540,0.627959291676,-0.136122498603,-0.172554260255,0.640255593223,0.253947721787,0.545580063486,1.143250560333,0.358327568959,-0.078638620922,1.163792960301,1.043792039400,0.513910424130,1.212612565310,0.404808364267,0.008044890487,1.242588141558,1.062392954145,0.711527262218,1.368683538660,-0.279532548338,-0.239553467238,1.381945834117,0.391740863548,0.589420408010,0.468537628651,-0.000406706473,-0.304380503759
36,1,0.292745354610,-0.020757589925,0.026489389991,-0.292745354610,0.020757589925,-0.026489389991,0.401684821424,0.655149477159,-0.139516670479,-0.182993312380,0.662381925748,0.260623907755,0.545271217991,1.181886176473,0.374525388864,-0.097971473538,1.203676422775,1.053445080319,0.509791631701,1.249373749390,0.408457258337,-0.005793859474,1.283403945356,1.070237156168,0.737038002072,1.421604646424,-0.233565124836,-0.268230972551,1.429524721239,0.390048018464,0.583632841706,0.469709008932,-0.000413292088,-0.293851133250
37,1,0.212137190003,-0.013905522825,0.013382326925,-0.212137190003,0.013905522825,-0.013382326925,0.284649465118,0.473887589808,-0.022570237143,-0.137348232962,0.480190568531,0.217394386404,0.380031569105,0.856896483140,0.874932419566,-0.083503776325,0.873304579039,1.301590767813,0.353954874912,0.905294334414,0.928102484025,-0.018117082070,0.929215569154,1.355344381331,0.527038593434,1.034680890637,0.159847906772,-0.186132757382,1.038080723849,0.577245824000,0.578032582998,0.470377132297,-0.000393450726,-0.404174379988
38,1,0.192597187604,-0.012918913113,-0.000892865386,-0.192597187604,0.012918913113,0.000892865386,0.253015700877,0.430927832241,-0.045328909110,-0.124074721064,0.436771551192,0.215516387214,0.336338721577,0.779243155355,0.772125038444,-0.086417507180,0.794878229734,1.177479379559,0.310704951728,0.823079558216,0.819485417874,-0.028333881360,0.844719452213,1.220629295218,0.472188132236,0.944757605298,0.123716147559,-0.182350005747,0.944628939208,0.507490689113,0.572469532490,0.470162436366,-0.000383540745,-0.444720586071
39,1,0.207223083162,-0.013276257807,-0.001502072433,-0.207223083162,0.013276257807,0.001502072433,0.270273117340,0.459958126623,-0.029939802279,-0.139923288767,0.467272728858,0.191810329034,0.349344161248,0.832726560594,0.828798890915,-0.105225249901,0.850323514401,1.138477032768,0.319366563224,0.879891356918,0.879572980224,-0.045065391383,0.901771870389,1.181528558362,0.487914431592,1.011720826259,0.174709028692,-0.202290516703,1.011039957565,0.462798742424,0.566008791327,0.470412954688,-0.000382807149,-0.415299509617
40,1,0.237467745808,-0.014845627718,0.004580664496,-0.237467745808,0.014845627718,-0.004580664496,0.307311450206,0.524087138931,-0.057112260927,-0.165294532631,0.532391754859,0.172323462142,0.391500441295,0.949625874917,0.647587567913,-0.132278393505,0.968475210621,0.958564987747,0.354413560897,1.005213860850,0.652851191429,-0.063065095938,1.026916152840,0.979548692699,0.537941229212,1.150618939578,0.005309000537,-0.245243607088,1.150877274925,0.316291958744,0.559408336878,0.470022797585,-0.000400307588,-0.365008308754
41,1,0.194450126261,-0.011997766908,-0.001266666091,-0.194450126261,0.011997766908,0.001266666091,0.256437177569,0.433380299383,-0.017363095566,-0.140798844262,0.439856247351,0.191646202883,0.312622684549,0.789589683770,0.836445567210,-0.121297468303,0.800179379259,1.220325199336,0.282266290553,0.836889010388,0.882855021025,-0.065996774581,0.848137930881,1.268858245446,0.434426579593,0.950123385135,0.138735925004,-0.210416701587,0.950608157023,0.499973367318,0.553095787764,0.470087096095,-0.000378970348,-0.441773737874
42,1,0.207763963812,-0.012758530584,-0.001484851133,-0.207763963812,0.012758530584,0.001484851133,0.273403971050,0.465081420931,-0.051561103009,-0.156996039787,0.471324758620,0.198465504623,0.329920452683,0.847167951311,0.738162009961,-0.137003350264,0.855573735932,1.152701530423,0.296635791045,0.897921462865,0.783018299284,-0.078994457408,0.906310529022,1.190619656899,0.456517567550,1.017159138401,0.119784464381,-0.240555358679,1.016498182547,0.467430290924,0.548268854618,0.469958975911,-0.000379084617,-0.413563022827
43,1,0.223304815352,-0.012984100375,-0.001522587957,-0.223304815352,0.012984100375,0.001522587957,0.287219328547,0.499232599434,-0.091165712624,-0.175586812431,0.505176475225,0.176027122554,0.342995649286,0.907707333366,0.645478548124,-0.156115287813,0.916357232357,1.102818866102,0.306194180949,0.962735870214,0.680144873334,-0.095305091619,0.970470140636,1.135189682117,0.477534145244,1.088619841237,-0.023594147140,-0.273315744650,1.088530252116,0.393778183415,0.543113529682,0.469583302736,-0.000380395810,-0.386545803228
44,1,0.195753603280,-0.011065910039,-0.006194228211,-0.195753603280,0.011065910039,0.006194228211,0.246647892868,0.439785442167,-0.041513531330,-0.157640251066,0.446423783373,0.156143288233,0.293187549337,0.800727717514,0.739924268095,-0.145884361682,0.809571215416,1.103109137976,0.261325771433,0.849503910394,0.778831574738,-0.092467646742,0.857310175992,1.143331874091,0.411951533130,0.960228697172,0.031890723893,-0.252727457332,0.961496002005,0.386196672445,0.538405060768,0.469380959868,-0.000368143315,-0.437826498889
45,1,0.196181746172,-0.011111921263,-0.008472929546,-0.196181746172,0.011111921263,0.008472929546,0.244598704779,0.439024635675,0.010084853603,-0.157712154454,0.445362892763,0.200261701767,0.285507723224,0.797265159844,0.885494757498,-0.151692623946,0.807949972546,1.274166537414,0.254031843150,0.845481997286,0.934437968196,-0.100045467913,0.855644565754,1.325544691474,0.405287304925,0.957825236825,0.155156286512,-0.259717430805,0.958471384998,0.530803361124,0.535343244672,0.469341412187,-0.000357079785,-0.438722420677
46,1,0.201527264806,-0.011358861817,-0.017353055232,-0.201527264806,0.011358861817,0.017353055232,0.248920123315,0.450233759191,-0.026101084133,-0.163090230201,0.457221157539,0.201945923724,0.289928442994,0.818539655803,0.802396112314,-0.159487712374,0.829541702584,1.230297753492,0.257726905401,0.867145971254,0.849330552208,-0.103947536515,0.878550946806,1.277328882349,0.409831540584,0.983528670411,0.113074589353,-0.273173577198,0.985290960953,0.511456164740,0.532765090466,0.469268009067,-0.000354257179,-0.427513336611
47,1,0.199720777279,-0.011282216888,-0.021573572035,-0.199720777279,0.011282216888,0.021573572035,0.244448480063,0.445274061115,-0.028595657226,-0.160936192469,0.451693798907,0.196545787411,0.284678139258,0.809077423886,0.817319571560,-0.157665876917,0.819602852771,1.238960332660,0.254813635810,0.858069920521,0.863678989828,-0.103335073096,0.867775808411,1.288314683082,0.401949264633,0.971213943745,0.104102712926,-0.273776605496,0.973134467568,0.514186407295,0.531806796789,0.469229266047,-0.000352840871,-0.432884807429
48,1,0.191350494876,-0.010652062123,-0.020510163987,-0.191350494876,0.010652062123,0.020510163987,0.230043261983,0.426901975875,0.008506744912,-0.159078916551,0.432270933911,0.186638063941,0.269366614955,0.775283897711,0.919162239200,-0.155092731915,0.784426204451,1.268782755256,0.239736143064,0.822224915407,0.971587875153,-0.103830167754,0.830134173281,1.323337014596,0.380616630165,0.931399186132,0.192356395724,-0.262701232589,0.933127751905,0.530307590944,0.529687568545,0.469241753221,-0.000354005489,-0.451440160086
49,1,0.192021350369,-0.010647920505,-0.022975706402,-0.192021350369,0.010647920505,0.022975706402,0.229300920553,0.426681545719,0.016472664867,-0.157648613869,0.431654914764,0.228074778272,0.268719731545,0.775048348844,0.908392888472,-0.155228175018,0.783287860184,1.323830632227,0.238563976950,0.822240973995,0.958012478168,-0.104599739554,0.829038900431,1.376629157230,0.379544916287,0.931043259829,0.168121160495,-0.263908252419,0.931825947490,0.563133172116,0.529274463654,0.469220951200,-0.000340914354,-0.452125149744
50,1,0.191772239933,-0.010356195771,-0.023395005402,-0.191772239933,0.010356195771,0.023395005402,0.229744306834,0.428579624864,0.025975833631,-0.160444329862,0.433196397378,0.245636028794,0.267676656146,0.777558350630,0.935133203653,-0.157690179868,0.785025124919,1.354673800380,0.237423702615,0.824638918350,0.988791997006,-0.107940457793,0.829914738053,1.410762184832,0.380981603159,0.934882632212,0.233148173487,-0.260951806414,0.935259419737,0.639698884585,0.528401330113,0.469462051988,-0.000340664294,-0.450213469763
51,1,0.187915617927,-0.009544128914,-0.024896655314,-0.187915617927,0.009544128914,0.024896655314,0.226444897063,0.419756166176,0.038624478639,-0.157094922171,0.424433529355,0.267420871106,0.263272637924,0.762210794597,0.939294098434,-0.153159193551,0.769272688227,1.384538497483,0.233501400529,0.808137196574,0.991614922938,-0.104979833068,0.813258371538,1.441852042208,0.374345791187,0.916389216133,0.239644075424,-0.255903504969,0.916776138962,0.682202257214,0.528697982430,0.469833329320,-0.000334694516,-0.458908659751
52,1,0.190599595382,-0.009687180502,-0.026726896605,-0.190599595382,0.009687180502,0.026726896605,0.229193647264,0.425834439011,0.029742502771,-0.160076398111,0.430610958311,0.259358531449,0.267766281255,0.773269015860,0.965034807194,-0.155382123514,0.780770154558,1.347649819435,0.237410604845,0.819599144235,1.021867149217,-0.105171600418,0.825500992502,1.402092649685,0.376726871424,0.929858317638,0.260294015522,-0.260856210460,0.930383418435,0.636930173938,0.528446137905,0.469835057855,-0.000333119184,-0.452227279085
53,1,0.194406734335,-0.009468789942,-0.025940480632,-0.194406734335,0.009468789942,0.025940480632,0.234881674697,0.433944844876,0.055966805165,-0.162651315679,0.439618682636,0.251251710079,0.274354609985,0.787764313370,0.972709028551,-0.157473135262,0.795529163530,1.340848234049,0.243240345484,0.834926123127,1.026430095434,-0.106544679312,0.841034030857,1.394990125581,0.388518172000,0.948168496689,0.267789668339,-0.263129235158,0.947988709963,0.625303656547,0.528878808022,0.470362752676,-0.000335535500,-0.443255251178
54,1,0.198873167239,-0.009604708690,-0.026494990457,-0.198873167239,0.009604708690,0.026494990457,0.240804040476,0.444227240882,0.052756014997,-0.165887292065,0.448834453325,0.249255146308,0.282182169248,0.806214625631,0.913612337167,-0.160252571811,0.814368672359,1.293700968477,0.249677934063,0.853567868425,0.961159982623,-0.107800711753,0.861199427913,1.342218564253,0.397935717192,0.970250450670,0.230138890233,-0.268741497871,0.970178108399,0.596461963226,0.529188394547,0.470097944140,-0.000336053316,-0.433384832982
55,1,0.209288189745,-0.010045842668,-0.023886322139,-0.209288189745,0.010045842668,0.023886322139,0.253915616600,0.466889936487,0.049485062261,-0.174446406858,0.471649490382,0.254082337513,0.297668616480,0.847571390153,0.879882754263,-0.168247702463,0.856742986918,1.254621682463,0.263420890584,0.896578701708,0.926058408650,-0.113055882462,0.905786222914,1.300135342107,0.419499116146,1.020946654750,0.236846663363,-0.282958933927,1.021125407816,0.587828381938,0.529391080141,0.470474734902,-0.000335920602,-0.411473397785
56,1,0.216166821902,-0.010294896427,-0.024651333413,-0.216166821902,0.010294896427,0.024651333413,0.262403948804,0.483429640953,0.050032970793,-0.180228108390,0.487769422556,0.236954213543,0.307663360235,0.874704248537,0.954892924676,-0.172384085589,0.884852854305,1.310636936012,0.272644818706,0.923254339252,1.013417718607,-0.116064801054,0.934867647502,1.358170849160,0.432454455195,1.054510059570,0.277965153436,-0.290522884105,1.054835116665,0.608794294209,0.529461219907,0.470522165298,-0.000336287078,-0.398272458663
57,1,0.214426189856,-0.010193546656,-0.020664613139,-0.214426189856,0.010193546656,0.020664613139,0.260107362503,0.479740409751,0.056645837002,-0.178664170793,0.483377640717,0.204444770439,0.305342033590,0.868155466020,0.973353918578,-0.170822352528,0.878477815488,1.274270862478,0.270919742046,0.916422945651,1.029113279883,-0.115348303566,0.928033471801,1.323232421392,0.430378217639,1.046659970351,0.277388480736,-0.287950311327,1.047744023546,0.543101198259,0.529593124986,0.470535278320,-0.000337533653,-0.401211947072
58,1,0.198133542566,-0.009378930846,-0.020932114143,-0.198133542566,0.009378930846,0.020932114143,0.240801903276,0.443259595962,0.055339925395,-0.164499555899,0.446772140168,0.221011298664,0.282717742599,0.802586705882,1.011553699352,-0.157149880020,0.812224002861,1.402469757649,0.250943854851,0.847998345364,1.069464769869,-0.106155061610,0.858692713241,1.464392125376,0.399634354143,0.968220602337,0.269491936666,-0.274944661927,0.968181761638,0.633357558249,0.529888510704,0.470581918955,-0.000334226061,-0.434289672743
59,1,0.197099959151,-0.009268023692,-0.022857404638,-0.197099959151,0.009268023692,0.022857404638,0.240427365037,0.440140309152,0.061349341755,-0.162439452062,0.443361166332,0.241759075841,0.282119261384,0.796695155704,1.004699586278,-0.154708249830,0.806336190343,1.364015654375,0.250644511778,0.841795743723,1.061682068964,-0.104047597299,0.852468232350,1.420802737393,0.398348532019,0.961320364679,0.300814877141,-0.275142600391,0.962595948982,0.635194110422,0.530495062470,0.470738500357,-0.000336654950,-0.437274325648
60,1,0.199665717294,-0.009528945331,-0.022502403332,-0.199665717294,0.009528945331,0.022502403332,0.246186342325,0.447233687230,0.038662698986,-0.162302332076,0.450418687910,0.215378987256,0.288801847712,0.808248074880,0.945925697217,-0.154087488085,0.817975175607,1.278283925588,0.257207569885,0.853486806599,1.001351288886,-0.102785491541,0.864419842221,1.331116701938,0.406793329545,0.975516801837,0.265761586306,-0.270808826315,0.976317440869,0.573780325896,0.531676769257,0.470450013876,-0.000336640980,-0.431193195313
61,1,0.208947752433,-0.010016574234,-0.017228159647,-0.208947752433,0.010016574234,0.017228159647,0.258064267297,0.467394863834,0.030996409718,-0.169465401107,0.470766636874,0.169654968758,0.302664088545,0.844446031414,0.894940592052,-0.160164456409,0.855145151675,1.165728683163,0.269690375935,0.891498583146,0.943437766284,-0.106759726401,0.903692529049,1.209406500231,0.426304747856,1.019456351497,0.189009778873,-0.282446885967,1.020244143535,0.422924547054,0.532036200166,0.470470726490,-0.000341425184,-0.412576050639
62,1,0.199879594671,-0.009815430232,-0.016089158811,-0.199879594671,0.009815430232,0.016089158811,0.248472491594,0.448795787020,0.004089440456,-0.160488047242,0.451483666189,0.145346457317,0.291240427715,0.809342805421,0.865553274273,-0.150442410264,0.820109962179,1.139254944387,0.260084351059,0.854400629128,0.913682643527,-0.098466965502,0.866625219854,1.184501902330,0.410566484357,0.977547155838,0.179105370210,-0.268502312496,0.978292620164,0.406063029184,0.532881468534,0.470092788339,-0.000342572574,-0.430645177297
63,1,0.218835638323,-0.010672855820,-0.015918771160,-0.218835638323,0.010672855820,0.015918771160,0.277236018977,0.493565456757,-0.052274875622,-0.172140776611,0.496503553577,0.156942672683,0.325866558159,0.889161902639,0.740135489630,-0.160450474662,0.901494665991,1.167498243288,0.292605561342,0.938492499539,0.781216118222,-0.102002616993,0.952720691418,1.210879452818,0.456089162938,1.074930789048,0.027149674498,-0.290806836800,1.075551794493,0.428662417925,0.534596472979,0.470011875033,-0.000350244343,-0.391697943308
64,1,0.215458193160,-0.012036703574,-0.022128953907,-0.215458193160,0.012036703574,0.022128953907,0.274254057503,0.486240483123,-0.063121930018,-0.167148648516,0.490230738840,0.181997964359,0.323893836817,0.875985493744,0.756448513295,-0.153557152852,0.888354046188,1.182193914934,0.292501374511,0.924528748456,0.799501673447,-0.093767422997,0.938803890897,1.233219517246,0.446433449717,1.058435203161,-0.004558387670,-0.286333610413,1.059124080023,0.450492260402,0.535611897707,0.468834117055,-0.000355811324,-0.398877400964
65,1,0.222463085323,-0.012327786746,-0.014929305069,-0.222463085323,0.012327786746,0.014929305069,0.284666600197,0.501363357634,-0.061992705659,-0.170776296194,0.505571219566,0.188885347113,0.336306986452,0.903743951136,0.660700480069,-0.155901939773,0.916080024109,1.182960200304,0.303900822649,0.955937471980,0.693043668544,-0.094836836932,0.968176576822,1.224865078632,0.465438399158,1.091539927314,-0.058194954176,-0.293364209958,1.092153339391,0.463223029875,0.536355614662,0.468983814120,-0.000367440982,-0.386635494560
66,1,0.214752165507,-0.011948508040,-0.014463580038,-0.214752165507,0.011948508040,0.014463580038,0.276208781670,0.484760095475,-0.039286189544,-0.164828212058,0.489018596135,0.219513253296,0.327215215241,0.873630344293,0.764338284652,-0.149467282347,0.885621122734,1.271105007193,0.295832461446,0.923391031111,0.811740626001,-0.090798499806,0.935862365122,1.322924493672,0.451909917610,1.055849173568,0.073741537214,-0.270859973035,1.056173768503,0.564749861534,0.536737605929,0.469036519527,-0.000367478235,-0.399757660125
67,1,0.202449336137,-0.011468002350,-0.012963806356,-0.202449336137,0.011468002350,0.012963806356,0.262131721726,0.457826220330,-0.038770192333,-0.153868976767,0.461437166052,0.198447025592,0.310481508397,0.825347285539,0.737336132152,-0.138397393916,0.836348937372,1.198895266801,0.281123020040,0.874292003231,0.780764056873,-0.082951904765,0.884144027183,1.247202146410,0.432077165397,0.996828239283,0.044753255589,-0.253907282180,0.997182468725,0.509228092098,0.537463471293,0.468731403351,-0.000365772983,-0.423692888199
68,1,0.195283674458,-0.011451301536,-0.015927484824,-0.195283674458,0.011451301536,0.015927484824,0.253641132261,0.442959806411,-0.040509959094,-0.146289134415,0.446237615889,0.206600437968,0.302013964888,0.797022349640,0.748610147994,-0.130905800192,0.808835266217,1.215496380274,0.273986165979,0.844196005224,0.795359909069,-0.076637925480,0.855612888265,1.263462918372,0.419687230007,0.963745808794,0.050820926088,-0.243068096929,0.964063287977,0.505641603077,0.538510620594,0.468413129449,-0.000363115920,-0.438568755269
69,1,0.196496471035,-0.011486571262,-0.010646755998,-0.196496471035,0.011486571262,0.010646755998,0.256154430021,0.444273151280,-0.040225320434,-0.145139228416,0.448132937673,0.169008397956,0.306071874242,0.800729341986,0.716284577275,-0.129311471633,0.812168752024,1.091045938284,0.277514542754,0.848869118392,0.754282474055,-0.075863039659,0.859400495847,1.128961038642,0.427168529090,0.967172110127,0.022719486837,-0.242443710900,0.968266195954,0.384086544559,0.539413407445,0.468425408006,-0.000360301696,-0.436975641005
70,1,0.197550152182,-0.011926110403,-0.010327644538,-0.197550152182,0.011926110403,0.010327644538,0.258217281619,0.445363711015,-0.039387768382,-0.144575165666,0.450176684936,0.170389847807,0.308694157577,0.803445004929,0.702872489338,-0.128010302930,0.814934057095,1.094271131974,0.279678400024,0.852006332309,0.739709961989,-0.074520719998,0.862417234556,1.132759265278,0.431287557162,0.970362824251,0.017283382021,-0.241712179348,0.971198923769,0.394770466357,0.540071263909,0.468205749989,-0.000359255122,-0.435860552616
71,1,0.197863066470,-0.011801408934,-0.010918856686,-0.197863066470,0.011801408934,0.010918856686,0.259665628803,0.445055742761,-0.027067000044,-0.143300870215,0.450071012706,0.176323433737,0.312067882766,0.804826341903,0.764942391973,-0.125907466807,0.816103505638,1.188262032622,0.282902804142,0.855179915232,0.803949468564,-0.072389239234,0.864021243389,1.234180760121,0.434778255430,0.971179236824,0.021404795842,-0.240579595767,0.971939844535,0.440640317089,0.540831878781,0.468730479479,-0.000356076984,-0.435001352276
72,1,0.195117231646,-0.011748361548,-0.014223678896,-0.195117231646,0.011748361548,0.014223678896,0.256569028660,0.438834592137,-0.014876541736,-0.141025300386,0.443529971727,0.198965644437,0.309156143335,0.794633046517,0.791379371207,-0.123603529961,0.805907668258,1.174603446157,0.280576266195,0.843761112926,0.834071504886,-0.070940903807,0.853144835194,1.218421215119,0.427914590168,0.959221819170,0.063556404631,-0.231698889779,0.959573935425,0.436819988486,0.541078314185,0.468687459826,-0.000353716314,-0.440454774776
73,1,0.195715862882,-0.011765814616,-0.015560002514,-0.195715862882,0.011765814616,0.015560002514,0.257095953678,0.439328321205,-0.033628990999,-0.140036798140,0.444660565464,0.198650678384,0.310897398842,0.796602930423,0.756107330671,-0.122458854918,0.808127480216,1.185998853353,0.282664598704,0.846045465659,0.796170314365,-0.069652177789,0.855575324441,1.230932985362,0.430994374915,0.961542199154,0.017541031447,-0.231446253981,0.962169067160,0.446490833027,0.541684463620,0.468574315310,-0.000352557981,-0.439379679312
74,1,0.196328916365,-0.012088973660,-0.015103128344,-0.196328916365,0.012088973660,0.015103128344,0.258749616772,0.438681999615,-0.008977294696,-0.139079841548,0.444071373572,0.198776211510,0.312804664002,0.796473809000,0.793954288349,-0.121228143098,0.807990021594,1.184349942398,0.284412205873,0.846082130303,0.836595069429,-0.068425726289,0.855511870711,1.229123380595,0.434210788883,0.961357545162,0.096198910499,-0.231604830975,0.962270240905,0.449567757123,0.542280897498,0.469112992287,-0.000353218522,-0.438792019353
75,1,0.215186049808,-0.013551829812,-0.011984572838,-0.215186049808,0.013551829812,0.011984572838,0.284573903005,0.480342226097,-0.074337890296,-0.152484012753,0.487049044802,0.152939463962,0.344438732018,0.874567200446,0.585682423470,-0.131863070010,0.886525106963,1.035221522389,0.313392920960,0.929015378883,0.616254932071,-0.074264953866,0.938440018717,1.068691640022,0.478148351906,1.055397934139,-0.080474064875,-0.254081606324,1.057240499488,0.349662761341,0.542694434524,0.468608900905,-0.000366276130,-0.400153761941
76,1,0.222395625965,-0.013953837439,-0.014479006354,-0.222395625965,0.013953837439,0.014479006354,0.293572944929,0.496668950406,-0.104470773802,-0.156949185904,0.503768443350,0.163899642631,0.356316172169,0.902592764108,0.673665853857,-0.134204211935,0.915861794301,1.101090006188,0.324518829080,0.958004086438,0.704281435969,-0.074343354819,0.969325935319,1.135227091331,0.492048531259,1.090027012026,-0.055420728593,-0.261946909468,1.091917398627,0.370517882236,0.542952835560,0.468803241849,-0.000366178108,-0.387256366977
77,1,0.219860448276,-0.014062705495,-0.017310054608,-0.219860448276,0.014062705495,0.017310054608,0.291535906750,0.491584923593,-0.099377245300,-0.153414841383,0.498672095681,0.165553675652,0.354645599144,0.893292031121,0.696143053096,-0.129959680242,0.906457097679,1.164933931211,0.323568024482,0.947999932694,0.729737274968,-0.070661537175,0.959117820669,1.207589118356,0.488946893582,1.078653653065,-0.039175397011,-0.257656517133,1.080360396478,0.380624736995,0.543692201376,0.468701049685,-0.000361838378,-0.391487122844
78,1,0.216447885023,-0.014134173039,-0.016761157355,-0.216447885023,0.014134173039,0.016761157355,0.287299855152,0.483642692386,-0.045676577829,-0.151326016467,0.490798681214,0.165790752772,0.352176825134,0.880536046882,0.757694647506,-0.127882359808,0.892123912316,1.150153200113,0.320329884584,0.933910734668,0.793069327632,-0.069647954232,0.944153270602,1.194011571869,0.483070949851,1.062551117442,-0.000283234295,-0.248513321605,1.062642026193,0.381704305110,0.543743371964,0.468977317214,-0.000362212537,-0.397326048675
79,1,0.216073961855,-0.014141673373,-0.018362940009,-0.216073961855,0.014141673373,0.018362940009,0.287591116296,0.482248396673,-0.074366588802,-0.150119388345,0.489498624967,0.166181240304,0.352771002546,0.878566061384,0.727535964105,-0.126347689040,0.889918209309,1.173432640229,0.321352672836,0.931816302847,0.765304213933,-0.068000442609,0.942022889847,1.219257697453,0.483338446330,1.060239357196,-0.057889984407,-0.248275737852,1.060530576122,0.383174226203,0.544247090816,0.469088181853,-0.000358658144,-0.398088942461
80,1,0.214752551737,-0.014201298981,-0.019428737688,-0.214752551737,0.014201298981,0.019428737688,0.287073721624,0.480118730502,-0.079059225552,-0.149242565892,0.488301033334,0.176177292484,0.352037301618,0.874571000650,0.725967891975,-0.124933950851,0.885863040541,1.201117592899,0.320372810488,0.927605079676,0.764678954584,-0.067581678457,0.937640825734,1.248031076926,0.482116990279,1.055210704037,-0.038965652934,-0.248751320262,1.056196365651,0.432034552679,0.544608920813,0.469040676951,-0.000357487472,-0.399959899854
81,1,0.207481141508,-0.013910297823,-0.024960678164,-0.207481141508,0.013910297823,0.024960678164,0.279149573480,0.463851016021,-0.075408330308,-0.142860239776,0.472430323200,0.219674253814,0.342985973402,0.846513742025,0.721812839560,-0.118344305700,0.857691846722,1.306123985894,0.312876658294,0.898330108234,0.759565888970,-0.060772665682,0.908181038450,1.355971233801,0.469011564737,1.021035021867,-0.036334969186,-0.240225903658,1.022074627448,0.515327259274,0.545433714986,0.469285041094,-0.000348465052,-0.413090765914
82,1,0.214861871824,-0.013640147087,-0.025197525060,-0.214861871824,0.013640147087,0.025197525060,0.292315829445,0.476721481119,-0.056429079887,-0.146678813573,0.486846553910,0.225263774104,0.359030935626,0.871717466224,0.764031850911,-0.118745582433,0.883096500206,1.339599217171,0.327621490159,0.925327961920,0.805517962031,-0.060900618218,0.935032511681,1.388871269693,0.490201452042,1.051986097647,0.036169289238,-0.245666265353,1.053282573583,0.547112862168,0.547108545899,0.470699280500,-0.000348649453,-0.399563118487
83,1,0.215313236012,-0.013929169507,-0.026048828333,-0.215313236012,0.013929169507,0.026048828333,0.298749408448,0.477907104538,-0.076539088610,-0.142728810529,0.488929449126,0.234416836113,0.365602712009,0.874475608690,0.727729288939,-0.113330749234,0.886150537906,1.334784793578,0.334243302147,0.927399068741,0.769998410009,-0.055105132691,0.938301590583,1.380718393765,0.496862913112,1.055387884221,0.014071104464,-0.240942871958,1.056897800594,0.546291066444,0.549440324306,0.470903664827,-0.000355183147,-0.397952121573
84,1,0.206370154036,-0.013630911891,-0.033993550438,-0.206370154036,0.013630911891,0.033993550438,0.288240550503,0.457141799616,-0.067667332746,-0.134224114008,0.468199136124,0.267489849352,0.355226385397,0.835834809970,0.848184157934,-0.103294873577,0.847525928866,1.374082380748,0.326019675982,0.883096642626,0.903973218457,-0.047565059800,0.896732718883,1.426651316041,0.477087259881,1.010335414587,0.118190746767,-0.220367018592,1.011845704533,0.615791305018,0.551606968045,0.471053153276,-0.000349993352,-0.415494853687
85,1,0.193884135110,-0.013226805557,-0.034332982955,-0.193884135110,0.013226805557,0.034332982955,0.273190024254,0.427452322903,-0.062380882696,-0.124219201963,0.438957206935,0.253198665719,0.337650947356,0.783053054797,0.843323537010,-0.092778462251,0.794749570185,1.348126584027,0.310541507217,0.827143079990,0.895885943998,-0.040752097857,0.840800887763,1.401985095009,0.452931347846,0.947092861935,0.110664663905,-0.203004333235,0.948553327186,0.604032129972,0.553799659014,0.471633285284,-0.000346599612,-0.442607156934
86,1,0.201836059523,-0.014229596255,-0.035918442499,-0.201836059523,0.014229596255,0.035918442499,0.284870603401,0.442909694912,-0.058638284103,-0.129000024696,0.456297073533,0.272498530652,0.355262714108,0.813701707799,0.866293982442,-0.091587505460,0.826131751072,1.395511646290,0.326687876950,0.858094077131,0.919845323633,-0.036915830389,0.873794067692,1.452180755967,0.479278461476,0.985069231479,0.139273866779,-0.206221703663,0.987215753534,0.673320722229,0.556348785758,0.472943082452,-0.000347669702,-0.424184112699
87,1,0.226436912341,-0.016011014715,-0.034550523387,-0.226436912341,0.016011014715,0.034550523387,0.322222748359,0.494460830409,-0.099596490525,-0.141228573159,0.513190906052,0.234774576145,0.403081392801,0.909169033040,0.780570386779,-0.093506828612,0.924264722262,1.286087566863,0.372084279229,0.956891564592,0.830209667600,-0.032074837427,0.977318579170,1.333767914977,0.546514286645,1.101772153071,0.096130230382,-0.222398477850,1.104318427178,0.592206898920,0.559858500957,0.473575726151,-0.000378743280,-0.378680494656
88,1,0.222496222307,-0.016734894203,-0.039345674187,-0.222496222307,0.016734894203,0.039345674187,0.324165894526,0.489299040806,-0.136391361632,-0.138521279194,0.509489794852,0.265973571397,0.410185175567,0.902025073285,0.781475470747,-0.084078898472,0.917644454052,1.405518746041,0.380773522458,0.944247315588,0.833498177922,-0.018623592751,0.970381418724,1.463392162614,0.551702835833,1.094086181420,0.050825686178,-0.214748474439,1.096783460802,0.680795704134,0.563067093492,0.474370837212,-0.000385287218,-0.380572809366
89,1,0.216226530302,-0.016705957277,-0.042754927439,-0.216226530302,0.016705957277,0.042754927439,0.321513503883,0.468196956590,-0.131927413425,-0.131683176761,0.495940786657,0.281621155257,0.411215873120,0.873501027494,0.716708816332,-0.074260400133,0.893054814452,1.350863950264,0.391981101588,0.907454994045,0.763768009699,-0.010516882818,0.944272025017,1.401354616146,0.543953103356,1.064237212171,-0.014585932714,-0.201426895863,1.067116273066,0.650438541451,0.565988048911,0.474275499582,-0.000390106812,-0.391241664509
90,1,0.231657632641,-0.019380129353,-0.051645798635,-0.231657632641,0.019380129353,0.051645798635,0.351478705927,0.489498363543,-0.306321537221,-0.140343092731,0.533741970044,0.281039156283,0.452523558834,0.922660331397,0.673067217108,-0.071645040065,0.960941047828,1.343392550586,0.439201630523,0.952843093789,0.736216239666,0.000706340644,1.016032016818,1.392435262959,0.588678616289,1.136139718717,-0.037052457164,-0.212109921310,1.148446087965,0.622038402524,0.567925751209,0.473810777068,-0.000395955518,-0.364121821737
91,1,0.279540973801,-0.027108678974,-0.047714390425,-0.279540973801,0.027108678974,0.047714390425,0.435783753757,0.572959338564,-0.357229505223,-0.163140945905,0.646811946878,0.271642619144,0.558885816258,1.095292699814,0.328235965407,-0.074809075664,1.166303205504,0.981396856169,0.543483507800,1.134712680964,0.367344101177,0.012551862971,1.234484246283,0.993852800892,0.719202579419,1.353949313913,-0.251612406385,-0.249011819482,1.392561863839,0.327693654590,0.571239963174,0.471340984106,-0.000398469623,-0.301850343248
92,1,0.264538205092,-0.031489319568,-0.042444575876,-0.264538205092,0.031489319568,0.042444575876,0.420425042363,0.520575119042,-0.462664616196,-0.152626967484,0.615892433872,0.156965799526,0.527070178862,0.990430918421,0.371968102530,-0.065164334192,1.109871437315,0.868370448451,0.513023393148,1.020655144391,0.428658782250,0.016104891088,1.174859474232,0.882535883254,0.657521500976,1.249765792801,-0.224401224222,-0.233100852708,1.321849864875,0.141281442164,0.571836739779,0.468135803938,-0.000388537534,-0.320003791104
93,1,0.268681638457,-0.035575582229,-0.027314313765,-0.268681638457,0.035575582229,0.027314313765,0.440715613339,0.493008667219,-0.503781006833,-0.153321513887,0.618243560248,0.099989368207,0.520380139669,0.934840047781,0.283408036185,-0.063988889778,1.124231815307,0.640355560447,0.486789698592,0.968338980773,0.345120603445,0.010586712671,1.194203741178,0.643117342310,0.654840574383,1.212060917285,-0.181539349246,-0.230973898996,1.343115008295,0.016926278953,0.572682514787,0.466269716620,-0.000388541725,-0.316234953469
94,1,0.260566971028,-0.036347646452,-0.020885733982,-0.260566971028,0.036347646452,0.020885733982,0.444056288668,0.430554796362,-0.749637243166,-0.146868526226,0.602999827550,0.031814675806,0.484049179632,0.839672840945,0.280446754888,-0.057359572199,1.095661589245,0.584543354257,0.427992105091,0.870812831725,0.369504694662,0.014150200146,1.165522785693,0.591180923349,0.617716966025,1.129105777086,-0.143735811241,-0.221056456083,1.312090742579,-0.045753345701,0.574029847980,0.464591339231,-0.000384045998,-0.325469402498
95,1,0.247222796276,-0.036954856713,-0.020415292417,-0.247222796276,0.036954856713,0.020415292417,0.429270167549,0.363834527501,-0.999923761118,-0.139618834557,0.577595580225,0.016224996413,0.436304483254,0.747038297008,0.242097424727,-0.051473529673,1.048575474792,0.540661243048,0.376645896511,0.769627040178,0.351598625997,0.014729227647,1.118418537182,0.540390903922,0.558466436020,1.014827725972,-0.135257190131,-0.201299095399,1.255777345372,-0.201129289317,0.574449628592,0.462618991733,-0.000374275725,-0.341469971026
96,1,0.246546585241,-0.038269877231,-0.023721417712,-0.246546585241,0.038269877231,0.023721417712,0.438465673267,0.323332139205,-1.438676249798,-0.136016321538,0.588182400232,0.039619593115,0.428102294345,0.701970795095,0.035645454788,-0.046153468066,1.067243910507,0.630741227391,0.369688128801,0.721682127597,0.179706231445,0.021018520928,1.138153390318,0.639344121871,0.524901686339,0.968063833896,-0.247411323972,-0.187216406010,1.277010604638,-0.106294827888,0.576069995761,0.459338068962,-0.000354225049,-0.338459527508
97,1,0.232198173622,-0.036987242677,-0.022674713007,-0.232198173622,0.036987242677,0.022674713007,0.422940499972,0.269358595755,-1.655538339274,-0.124412679237,0.562634735951,0.052675193651,0.395530260268,0.626688899117,-0.158937500497,-0.035101547835,1.019397612588,0.682852972794,0.334844997577,0.642900228419,-0.011199304677,0.029624679871,1.084794072688,0.697317642167,0.459152953002,0.876582981783,-0.480439112589,-0.166524892887,1.218653672517,-0.062470287085,0.577850356698,0.455446735024,-0.000357019249,-0.357859591430
98,1,0.214446212466,-0.034197829551,-0.020938334436,-0.214446212466,0.034197829551,0.020938334436,0.389326056202,0.191422418063,-1.836107161865,-0.112798508306,0.518194877035,0.059009338807,0.354122759881,0.527507604632,-0.409891082681,-0.028180809201,0.938218714431,0.672435110551,0.296884935361,0.545653767591,-0.271129714443,0.031588888776,0.997492155429,0.687409324837,0.405857664579,0.762622912635,-0.759813960295,-0.143267647542,1.121240030649,-0.052526074557,0.578372269869,0.454248830676,-0.000348906033,-0.389992060033
99,1,0.215806848931,-0.035558532285,-0.022295606419,-0.215806848931,0.035558532285,0.022295606419,0.385096319668,0.131336223700,-1.931628676544,-0.111570866290,0.524715381311,0.052511292144,0.347335871691,0.496834273360,-0.623938316176,-0.019842569136,0.949289764464,0.639603208585,0.290282393298,0.529780040683,-0.499465109636,0.048212889350,1.009953620151,0.647506051247,0.384538491816,0.736318949789,-0.983229609964,-0.152657328299,1.132454397139,-0.108592992186,0.578386038542,0.452079713345,-0.000323267188,-0.388297712688
100,1,0.221079215205,-0.037847681995,-0.026573892151,-0.221079215205,0.037847681995,0.026573892151,0.386670266360,0.100317518336,-1.858570791634,-0.112246541216,0.536138127249,0.059538508421,0.351721465278,0.477689852990,-0.593020928001,-0.017543136123,0.980980035643,0.518665141506,0.301207139971,0.505059897909,-0.469060806134,0.056409118666,1.044079378301,0.510041007141,0.382125229178,0.728724459167,-0.896058619523,-0.157473217819,1.169902670663,-0.240336221380,0.578583374619,0.448371425271,-0.000288859010,-0.379165059197
101,1,0.225041074534,-0.038748827385,-0.028773207118,-0.225041074534,0.038748827385,0.028773207118,0.380534189500,0.080152790282,-2.008778152154,-0.113145512550,0.543632749545,0.062260624029,0.352497093866,0.466715174822,-0.606180700094,-0.012669411957,1.000978412290,0.558263149884,0.303604461480,0.494579965493,-0.467217747619,0.064753963783,1.065041637062,0.555924080040,0.380878319688,0.718675081787,-0.902809928889,-0.159547118907,1.192905511435,-0.227361664570,0.578539103270,0.447321847081,-0.000270407647,-0.372734504956
102,1,0.244388555885,-0.042431286316,-0.034779215908,-0.244388555885,0.042431286316,0.034779215908,0.404286341770,0.052054321336,-2.099080753840,-0.121334427396,0.589213948488,0.079455208531,0.379735563477,0.484683376882,-0.675485585606,-0.012433710145,1.086879169895,0.639594599216,0.325620248194,0.513953318769,-0.531981921808,0.071968568486,1.156307615094,0.641018316423,0.388982846521,0.748333496391,-0.985933534927,-0.172500580079,1.295489306576,-0.188135814892,0.578439012170,0.447090402246,-0.000252181664,-0.343349501182
103,1,0.242101178342,-0.041696557369,-0.034875594746,-0.242101178342,0.041696557369,0.034875594746,0.397485390893,0.054882527662,-2.154524335599,-0.119279186745,0.585144184270,0.088624897343,0.371369025353,0.476253396764,-0.685657689398,-0.011454369834,1.081053477046,0.611209529362,0.316443600971,0.508405820798,-0.539792938120,0.070738324469,1.151069176610,0.605585932717,0.375236435444,0.721829983106,-1.001716079543,-0.170406747021,1.286579656900,-0.236531954793,0.578390896320,0.445660680532,-0.000246092677,-0.346678228631
104,1,0.240278210307,-0.041858216903,-0.036618477352,-0.240278210307,0.041858216903,0.036618477352,0.393012861334,0.051921524749,-2.235727742534,-0.116952450734,0.581236772291,0.087294285580,0.366058422721,0.461405817702,-0.658554832692,-0.010723212972,1.074946838120,0.629331148900,0.311337794352,0.493512354550,-0.502918553184,0.070300183299,1.143705649952,0.629605828489,0.378489231404,0.714967759907,-0.979014182394,-0.170157008194,1.277845201056,-0.193972941580,0.578096732497,0.445458203554,-0.000235296320,-0.349256659936
105,1,0.238859999936,-0.041660371964,-0.036432112389,-0.238859999936,0.041660371964,0.036432112389,0.390663936305,0.059576827973,-2.198935863944,-0.115303498647,0.575451173828,0.084640775368,0.364810705286,0.468684549054,-0.629582937375,-0.010093373676,1.067690504433,0.626587547777,0.309371595236,0.497631951051,-0.473796746473,0.070999655354,1.138221522055,0.626548151844,0.384602305918,0.719410951674,-0.937535685337,-0.168592413460,1.270594570175,-0.217125629060,0.578051313758,0.444942712784,-0.000236715190,-0.351385987798
106,1,0.238967775836,-0.041038933155,-0.037562426965,-0.238967775836,0.041038933155,0.037562426965,0.389183866840,0.071980993675,-2.162640886995,-0.114428069574,0.575416949369,0.085305221155,0.366135907741,0.480568262284,-0.642828109429,-0.009593112973,1.067845794635,0.631144395450,0.311182406403,0.512455391882,-0.489414200966,0.072714274962,1.138193621039,0.631717605555,0.388095484630,0.736226502771,-0.924623814328,-0.168821215714,1.271043452575,-0.194548130480,0.578018471599,0.444643899798,-0.000235177111,-0.351231750844
107,1,0.234015746573,-0.039664915199,-0.036661632546,-0.234015746573,0.039664915199,0.036661632546,0.379109543829,0.081894028610,-2.155512836740,-0.110432235067,0.562470314835,0.059216302286,0.357538995193,0.484603040630,-0.702495836079,-0.007527431228,1.043074038494,0.612442646920,0.306227842182,0.515885197800,-0.560133887223,0.073891788843,1.111711558571,0.613932930671,0.385251384598,0.737984352502,-1.044670323687,-0.165882710570,1.243247118403,-0.211256521328,0.577699258924,0.444708734751,-0.000234923325,-0.359529554377
108,1,0.223415231003,-0.037752103113,-0.034373520457,-0.223415231003,0.037752103113,0.034373520457,0.366767131473,0.081174228190,-2.056453410948,-0.106423385702,0.537157317699,0.042541131310,0.345157542116,0.472706717442,-0.622291901190,-0.008366388577,0.997331305062,0.590577432584,0.299933931404,0.502788881794,-0.485071008774,0.069252436373,1.063971222880,0.592249799338,0.380518133838,0.709497436667,-0.959091530630,-0.160040832655,1.188160297175,-0.195958724835,0.577257290483,0.444884434342,-0.000232886523,-0.376225268008
109,1,0.230300848937,-0.037672845090,-0.036766811555,-0.230300848937,0.037672845090,0.036766811555,0.384109785095,0.141797560931,-1.990747131776,-0.110088719666,0.551557518033,0.058731855780,0.365631549464,0.521666734354,-0.607940648364,-0.009530618826,1.024589713058,0.572185145362,0.321903053316,0.546559542114,-0.470913107685,0.070456573391,1.094539840660,0.566845256336,0.416872182064,0.769857066005,-0.973077580120,-0.168165248789,1.220058291679,-0.201368440600,0.576929166913,0.445596009493,-0.000237146392,-0.365345556337
110,1,0.224161552435,-0.035737228079,-0.036246529936,-0.224161552435,0.035737228079,0.036246529936,0.381848979424,0.193280236886,-1.924131767434,-0.107264918098,0.535911144813,0.058199845348,0.372906564264,0.551869393702,-0.505367699036,-0.009253005556,0.995703387583,0.584249268712,0.333340587063,0.566939538253,-0.360133104991,0.068391258958,1.063703788535,0.586489656007,0.428857534573,0.795453246555,-0.844266202791,-0.151341601530,1.185861722560,-0.175925708207,0.576898008585,0.446027293801,-0.000241172500,-0.375371185239
111,1,0.221301413646,-0.035042903962,-0.038131983828,-0.221301413646,0.035042903962,0.038131983828,0.385936506575,0.241216146219,-1.981547129532,-0.107468328663,0.527205423813,0.031574099599,0.395452471287,0.602700167572,-0.457168402068,-0.011471730137,0.976524903875,0.688898084934,0.362487656416,0.623217253912,-0.302019635093,0.063769258751,1.043630348271,0.709336815036,0.448997889730,0.832685305324,-0.833577441737,-0.150192420855,1.168711871665,-0.108635634441,0.576530992985,0.447543025017,-0.000246468931,-0.379583277912
112,1,0.225955989643,-0.034632153947,-0.043210500862,-0.225955989643,0.034632153947,0.043210500862,0.400776244766,0.305752979902,-1.416202103654,-0.112971572478,0.533893166348,0.017917463862,0.428379114403,0.670062521470,-0.106301346654,-0.015848461582,0.991756036542,0.658195444813,0.401397271319,0.694552895656,0.016218384031,0.059559687611,1.060872130368,0.675137225242,0.502298160365,0.900346529991,-0.503440604633,-0.175413711619,1.187626370819,-0.115701025694,0.575299456716,0.448902189732,-0.000280310400,-0.372393129776
113,1,0.241317488838,-0.035092800798,-0.046327371349,-0.241317488838,0.035092800798,0.046327371349,0.425756440736,0.361077672165,-1.014787305669,-0.123787915506,0.560360055496,0.018690854785,0.478554355227,0.759798433264,-0.026536636568,-0.025741673496,1.047158368359,0.516681068867,0.457935306236,0.786643920337,0.062560749537,0.044135337798,1.121185205518,0.513584162970,0.561682142335,1.001119618050,-0.453476669694,-0.183862256778,1.253010530469,-0.213007124472,0.574022457004,0.451252818108,-0.000293049030,-0.350762918200
114,1,0.264379780267,-0.037623654420,-0.045943733172,-0.264379780267,0.037623654420,0.045943733172,0.464866201885,0.449659022921,-0.616726878231,-0.141258536688,0.608386775257,0.023263476708,0.540477941769,0.883015959585,0.251390806355,-0.038687293141,1.129659865093,0.588761577514,0.525873397639,0.919177739132,0.319547228816,0.028625731100,1.206779598687,0.590169262755,0.638572429876,1.132794101209,-0.238570268523,-0.205177583529,1.354071724372,-0.155136278224,0.571755334735,0.453021943569,-0.000333943870,-0.323103581699
115,1,0.286543819817,-0.038147666533,-0.022092440486,-0.286543819817,0.038147666533,0.022092440486,0.506160109400,0.536595718970,-0.351121991521,-0.159416203148,0.662526916735,0.040179148568,0.598205174140,1.005261834747,0.496243935728,-0.052076356313,1.208157011133,0.655679339678,0.582345311438,1.041838069814,0.561311724004,0.014819238909,1.284890580127,0.657787000803,0.715302311584,1.276893893655,0.014710316482,-0.225020469800,1.452020133555,-0.031893422558,0.569434523582,0.455555215478,-0.000393613009,-0.299562910460
116,1,0.288396082058,-0.037307890359,-0.018375556084,-0.288396082058,0.037307890359,0.018375556084,0.497577605108,0.559688918762,-0.280140437930,-0.167543553336,0.663680190638,0.113474785920,0.609241646836,1.059892119103,0.395858093933,-0.062451771950,1.202793907034,0.689059063107,0.598338908477,1.098277197182,0.442961386035,0.003734476670,1.279718943810,0.688597311562,0.732106925927,1.313172160572,-0.141630547051,-0.235622056401,1.446793270667,0.048629088721,0.566430807114,0.457863569260,-0.000406452687,-0.299022625828
117,1,0.292973162038,-0.033501351571,0.002280975396,-0.292973162038,0.033501351571,-0.002280975396,0.495967670656,0.590009038455,-0.128352203954,-0.172392796983,0.667671916303,0.136262230586,0.621817173296,1.111670053485,0.344346887135,-0.070822121336,1.203175166679,0.732925341744,0.608771509170,1.160574095262,0.370751110977,-0.007515025888,1.280279036592,0.735987665259,0.780229843626,1.367505797946,-0.228895634630,-0.233692170877,1.449002275370,0.118649432406,0.564838916063,0.461236655712,-0.000417578442,-0.296312981447
118,1,0.286665543057,-0.030834449482,0.002215509827,-0.286665543057,0.030834449482,-0.002215509827,0.476922008754,0.597062590471,-0.183500360031,-0.172835736979,0.649507020150,0.143084506580,0.601695433366,1.109633205065,0.436831064840,-0.076178430523,1.171857009379,0.855083483083,0.587554941278,1.159877006222,0.461275438517,-0.016980368050,1.251304809470,0.864603908414,0.749739736071,1.344301385360,-0.269338786622,-0.238386232154,1.405250512951,0.108297433394,0.563244000077,0.462582260370,-0.000410940760,-0.304411487899
119,1,0.278862402726,-0.024339105934,0.000600750053,-0.278862402726,0.024339105934,-0.000600750053,0.459575808354,0.601818371865,-0.206830368340,-0.173017004470,0.624946266547,0.179174685309,0.585519164845,1.105953615463,0.404663261855,-0.079284291219,1.133870441348,1.022478228759,0.562146814260,1.167583028522,0.427989335660,-0.017713081946,1.211310292746,1.043698852156,0.730525215503,1.332477980864,-0.318644588733,-0.243044746809,1.356642093775,0.249609400926,0.561560854316,0.465300619602,-0.000403704289,-0.312340791179
120,1,0.275860056417,-0.021389828253,0.005286278096,-0.275860056417,0.021389828253,-0.005286278096,0.447728923070,0.597871371867,-0.164475492829,-0.175306872173,0.621451414174,0.196938983622,0.573685024961,1.116613815430,0.343849415302,-0.084396081606,1.116650223890,1.097098154578,0.542655679865,1.184314307628,0.365645325209,-0.022741468717,1.191815204787,1.128298317599,0.727067072041,1.343890320236,-0.333817178535,-0.244207711652,1.336399798544,0.399775331644,0.559810712934,0.466647580266,-0.000412666646,-0.315962188952
121,1,0.195523897865,-0.013361091459,-0.009267283554,-0.195523897865,0.013361091459,0.009267283554,0.308526033359,0.428901331104,-0.128823245443,-0.131646994640,0.441099668875,0.236462874694,0.398917810715,0.798961417749,0.581353071469,-0.068534099816,0.789976433016,1.224785014333,0.373431460840,0.841929806251,0.616198657917,-0.024312635954,0.841854153914,1.271656582213,0.510572572751,0.959567719102,-0.143880466295,-0.176908744959,0.943923056521,0.541944118712,0.556068226695,0.467882677913,-0.000391730224,-0.445937700557
122,1,0.188544217733,-0.011596653665,-0.018560347109,-0.188544217733,0.011596653665,0.018560347109,0.287764654126,0.410984870187,-0.079878648175,-0.134174524973,0.422321070311,0.265453498351,0.372455324333,0.758537809726,0.736655597431,-0.075391223211,0.759953724031,1.251420676063,0.349798055501,0.797163617148,0.783761823656,-0.031474442151,0.809123489213,1.299536006835,0.481564624709,0.920991150340,0.056237652114,-0.186329622162,0.908590084787,0.587473732992,0.551768153906,0.468801319599,-0.000384959392,-0.462847975273
123,1,0.193134861741,-0.009460917369,-0.028217408825,-0.193134861741,0.009460917369,0.028217408825,0.282087428046,0.419820617258,-0.037165712257,-0.148683821269,0.429271027856,0.300943333211,0.367576130162,0.770540186941,0.819734590344,-0.090448029982,0.776114326086,1.317690227610,0.343673161054,0.810431553310,0.870142969723,-0.043636071909,0.826461977653,1.367778447849,0.478697916272,0.939097465607,0.154155257144,-0.208624484761,0.929007001049,0.656990397252,0.545881301165,0.470590859652,-0.000375234522,-0.451001497735
124,1,0.179576237180,-0.009535753134,-0.026022718401,-0.179576237180,0.009535753134,0.026022718401,0.252528566587,0.384889407740,-0.056192572834,-0.141236680788,0.399390563404,0.247157815365,0.331343022206,0.720119081683,0.672812119665,-0.094865956853,0.721945552344,1.124245311663,0.306882703184,0.761778768405,0.711494001198,-0.051284903527,0.768419274591,1.164238979206,0.433863785368,0.874736120949,0.036755531512,-0.201031558967,0.863826525016,0.493496969088,0.540615752339,0.470100373030,-0.000374652445,-0.485525403474
125,1,0.186158038762,-0.010223006010,-0.027830716375,-0.186158038762,0.010223006010,0.027830716375,0.257703554615,0.400296402813,-0.089001063281,-0.155243258311,0.417406230790,0.241423806059,0.331479211573,0.752550238005,0.705384168396,-0.115655180463,0.754411207268,1.196456668338,0.302990810815,0.796373611964,0.749108046509,-0.070227067854,0.802267428262,1.241890415203,0.442169491740,0.909798235154,0.028154584074,-0.223044234587,0.901929099800,0.519436549901,0.532959327102,0.469680473208,-0.000369810965,-0.465474803801
126,1,0.189133704995,-0.010260785335,-0.023152717626,-0.189133704995,0.010260785335,0.023152717626,0.256139853277,0.406805185712,-0.049416534017,-0.161222498237,0.423191524627,0.235340836949,0.322825263722,0.765781104650,0.722357177633,-0.131175637352,0.765997268183,1.157226631810,0.292701888221,0.813713549239,0.765682701894,-0.085083960342,0.813807081536,1.200228365443,0.441485532696,0.926402950164,0.087996558728,-0.244468841220,0.915741957016,0.514703655519,0.526570394635,0.469666317105,-0.000374302734,-0.458829146078
127,1,0.189641424911,-0.010367038081,-0.023606176538,-0.189641424911,0.010367038081,0.023606176538,0.257702391906,0.409957810269,-0.095689975984,-0.166725176506,0.423304355253,0.230747304322,0.309879556780,0.765910978898,0.734186324285,-0.144429921023,0.766138139770,1.220029625342,0.278573154011,0.811621328061,0.783070824768,-0.096731849325,0.813743789445,1.267036089539,0.427926494876,0.924778336317,0.059111282951,-0.258846049543,0.916046402194,0.522725026694,0.520132184029,0.469378203154,-0.000368230045,-0.459181756638
128,1,0.191678318830,-0.009036260745,-0.024076701569,-0.191678318830,0.009036260745,0.024076701569,0.250832495368,0.417901808946,-0.012347771086,-0.172314373748,0.424885868640,0.256594650309,0.300197960389,0.771564751907,0.917725540056,-0.159004784013,0.771062003463,1.336170911336,0.267557732329,0.814672218302,0.975083905447,-0.111100882412,0.818660767967,1.391549688339,0.416975448388,0.933024630710,0.238326976140,-0.274890398370,0.922420231480,0.641409343690,0.514025375247,0.470692113042,-0.000366488472,-0.454549806948
129,1,0.187550719102,-0.008972813134,-0.024079241729,-0.187550719102,0.008972813134,0.024079241729,0.240948580692,0.411872143223,-0.042378570214,-0.173693347979,0.417779635168,0.246234514970,0.286537079553,0.758828265846,0.834561557228,-0.166163986832,0.758680401290,1.250490307167,0.254403997425,0.800432607755,0.885723402500,-0.119013499403,0.805396576874,1.296998157448,0.405141469830,0.916491587700,0.162007683132,-0.285325544162,0.908581543003,0.567071675545,0.509239882231,0.470613777637,-0.000362523831,-0.462359131784
130,1,0.190476134056,-0.009041650517,-0.024840458569,-0.190476134056,0.009041650517,0.024840458569,0.243227258654,0.418846512870,-0.052453874899,-0.175251109739,0.423266332215,0.244839226841,0.285004177903,0.768633755821,0.818511022654,-0.172542932468,0.767200674337,1.313710478479,0.251907347431,0.810635139898,0.868780520429,-0.125715033191,0.814169352948,1.368535556411,0.403038003835,0.929040206149,0.125456526324,-0.290608173048,0.918230829938,0.603201870234,0.506766557693,0.470587447286,-0.000361902639,-0.457261831902
131,1,0.186646256035,-0.008897464429,-0.025204863529,-0.186646256035,0.008897464429,0.025204863529,0.236169998166,0.411727030383,-0.048944906979,-0.174552662216,0.414965911159,0.237603729234,0.273606728529,0.751765035104,0.899024334335,-0.175334712230,0.752963224169,1.305306218477,0.241579230686,0.791910183981,0.958008785610,-0.129895676500,0.798643047973,1.359849701803,0.387903804655,0.910698328335,0.209283683970,-0.291600844337,0.900546120317,0.592808682725,0.503770545125,0.470522522926,-0.000356887467,-0.466365084818
132,1,0.182419624864,-0.008528050745,-0.026252665363,-0.182419624864,0.008528050745,0.026252665363,0.228100673834,0.399681353064,-0.052150139474,-0.169831518940,0.403861046700,0.229361951037,0.260150964301,0.730161594942,0.888742109067,-0.174869523633,0.732380412391,1.285861034073,0.228965517412,0.769351495458,0.947590045329,-0.131276455045,0.776477418319,1.340140436158,0.371458591132,0.887176649686,0.211899993343,-0.290229242188,0.875833082352,0.585785493828,0.500740572810,0.470557779074,-0.000355341937,-0.479025449472
133,1,0.184309167211,-0.008264763831,-0.026642189723,-0.184309167211,0.008264763831,0.026642189723,0.226950241029,0.404175177091,-0.058522613895,-0.172836565054,0.407263168046,0.230379975188,0.259051834727,0.736974485076,0.927790305399,-0.179797686825,0.737345601041,1.357823564471,0.226973012343,0.775826487475,0.992017895113,-0.136138616070,0.780602943154,1.419768063322,0.374864857222,0.896637029318,0.245944764441,-0.295848459405,0.882306407660,0.649699675912,0.498940572143,0.470742031932,-0.000353552867,-0.475082065720
134,1,0.184663922589,-0.007822996300,-0.026412795035,-0.184663922589,0.007822996300,0.026412795035,0.222976184226,0.402788783325,-0.031252436068,-0.174778426557,0.406012812873,0.228133068559,0.254275308052,0.735785962155,0.929343308238,-0.183838221357,0.735560657057,1.318452665563,0.222168392182,0.773867157696,0.988872384459,-0.140614333615,0.778723678608,1.374878129608,0.368927675019,0.894158288847,0.260144348739,-0.301387994361,0.880916260323,0.623005771640,0.496506020427,0.470980525017,-0.000352938194,-0.475926894374
135,1,0.186329879813,-0.007648642132,-0.026479350346,-0.186329879813,0.007648642132,0.026479350346,0.224035205725,0.406098624789,-0.032061804185,-0.177431544218,0.409807738998,0.229610903423,0.255164847151,0.743834515035,0.906059801715,-0.187247364282,0.742223483078,1.307712196931,0.222602426088,0.782640316808,0.963203224026,-0.143631719687,0.785786555559,1.362046107401,0.375627082588,0.902994817326,0.235203372502,-0.306819096370,0.888219020619,0.611981196715,0.495679423213,0.471100971103,-0.000352191273,-0.471648006885
136,1,0.186990294049,-0.007660499727,-0.025167438670,-0.186990294049,0.007660499727,0.025167438670,0.222424715895,0.409579639290,-0.037734158625,-0.181345350156,0.413201548537,0.221784981073,0.253743181334,0.751636964717,0.894368194417,-0.191943240942,0.747965790783,1.309698976734,0.220803691280,0.790692913913,0.951503901897,-0.148066099249,0.791644346140,1.364662200621,0.375050535632,0.909670952331,0.220280434982,-0.312994215188,0.895377955412,0.607460458514,0.494090080261,0.471112117171,-0.000350209884,-0.468225799570
137,1,0.192196294704,-0.007815313963,-0.021448050062,-0.192196294704,0.007815313963,0.021448050062,0.228891754453,0.418720098556,-0.011114030664,-0.185383882472,0.423153332087,0.228278599544,0.260760637094,0.771221938353,0.908922261899,-0.197545584051,0.766674394255,1.316035156785,0.226835146294,0.810939819256,0.969415139070,-0.152555930245,0.811610755506,1.368965663221,0.386260414909,0.934664313372,0.230182171649,-0.322476558769,0.918169023556,0.619055345743,0.493978425860,0.472335711122,-0.000356012955,-0.455205989950
138,1,0.205427509382,-0.008538827622,-0.022780515465,-0.205427509382,0.008538827622,0.022780515465,0.244671470873,0.447759827056,-0.013651166904,-0.198170203923,0.453157006262,0.243865056948,0.278786754566,0.824498022634,0.929680930130,-0.211024682600,0.821192173396,1.374965218987,0.242558588016,0.867236841000,0.987570799421,-0.162612836044,0.870352912855,1.427244409517,0.415423601364,0.998663556876,0.216512289469,-0.346478709668,0.981213134626,0.635787420024,0.493948191404,0.472525313497,-0.000354029238,-0.425887937666
139,1,0.206206611750,-0.008414327198,-0.022904948007,-0.206206611750,0.008414327198,0.022904948007,0.245904606054,0.450321890710,0.005831461120,-0.199392024327,0.455630054168,0.254656775314,0.280601407906,0.827880182178,0.959793225148,-0.211793878144,0.824191181695,1.408333318773,0.244347723992,0.870515231712,1.017411162106,-0.162921729511,0.872646435272,1.464919292681,0.415077368699,1.002775962493,0.236767304563,-0.348387249210,0.986411072178,0.668860856542,0.493974655867,0.473078280687,-0.000353348907,-0.423485371392
140,1,0.203293219232,-0.008135652192,-0.024291997376,-0.203293219232,0.008135652192,0.024291997376,0.243403826504,0.443919933272,-0.000944943923,-0.197065306865,0.449274169174,0.264650362290,0.276901259661,0.816618262341,1.000823802084,-0.209021054906,0.812568779563,1.480704657088,0.241011177499,0.858456855330,1.061860092172,-0.160452668028,0.860425785827,1.542773726330,0.409090049795,0.988878578240,0.240042687814,-0.343819906622,0.972569997179,0.697072193358,0.493902519345,0.473257020116,-0.000344600994,-0.429326008871
141,1,0.201647177307,-0.007789662981,-0.026999920838,-0.201647177307,0.007789662981,0.026999920838,0.241957201686,0.442760873609,-0.012280332968,-0.196028594123,0.448033619240,0.257379763920,0.275345504895,0.813556576585,0.932575761345,-0.207079242912,0.809414257254,1.404256834334,0.239849663499,0.855077653664,0.986192731168,-0.158228204486,0.857035466970,1.457522444248,0.405163672162,0.984870970329,0.170812344699,-0.341906739423,0.968537497609,0.622127192634,0.493893146515,0.472651109099,-0.000341215171,-0.431733436917
142,1,0.204137757112,-0.008410164273,-0.024900740814,-0.204137757112,0.008410164273,0.024900740814,0.245181357272,0.449829433271,-0.049792899739,-0.198130207422,0.454522578158,0.212106585165,0.278923477190,0.825115972444,0.810751675831,-0.208536575947,0.821057599127,1.223558357784,0.242818922527,0.867579143767,0.859729221831,-0.159061568608,0.869246432368,1.267091920003,0.410694060986,0.998574501254,0.120467824913,-0.344451203465,0.982484537355,0.501907984958,0.494034886360,0.471928000450,-0.000354630873,-0.426490897764
143,1,0.188569041410,-0.007587258062,-0.025577756988,-0.188569041410,0.007587258062,0.025577756988,0.226343737268,0.415628448132,-0.030231216071,-0.182799535350,0.420052786082,0.200201410271,0.258238099155,0.762105024673,0.906687170769,-0.191462701983,0.757397194480,1.284109326758,0.226090453215,0.801335781098,0.963985587511,-0.146719080017,0.802026309333,1.338869029157,0.377160835784,0.922558923016,0.163179079072,-0.314362527530,0.907242854414,0.501045208080,0.494116857648,0.471821054816,-0.000348853413,-0.461712104386
144,1,0.186697393876,-0.007830632885,-0.025041222178,-0.186697393876,0.007830632885,0.025041222178,0.225026968452,0.410055311765,-0.029784857844,-0.179729750330,0.414574056637,0.200156985594,0.256700711014,0.752869581085,0.898677938087,-0.188371584892,0.748013418206,1.320040297150,0.224855130478,0.792100618571,0.955031279195,-0.144009929078,0.792169839070,1.377893564750,0.379847619797,0.912203932633,0.183961176648,-0.309841045976,0.896248096601,0.586406958832,0.494668722153,0.472366049886,-0.000347079709,-0.466707371516
145,1,0.193983344720,-0.008096649602,-0.027085329984,-0.193983344720,0.008096649602,0.027085329984,0.234395575026,0.426711216700,-0.050795441424,-0.186474410646,0.431652746144,0.208704281103,0.268164841926,0.783607046108,0.905562172321,-0.195011024392,0.779683093677,1.365938538717,0.234952085303,0.824353328804,0.963409198960,-0.148408522843,0.826152665506,1.424326988109,0.396204875961,0.949364692078,0.175565333707,-0.321982968120,0.933447554369,0.613432494454,0.495106071234,0.472385093570,-0.000346444547,-0.448392160738
146,1,0.188494182830,-0.007757405583,-0.026151390025,-0.188494182830,0.007757405583,0.026151390025,0.231166077736,0.414820555528,-0.049089414667,-0.177734778826,0.418393081461,0.227571197496,0.264713147065,0.761065240352,0.878307170540,-0.185053202894,0.756733129878,1.338494700250,0.232377875847,0.800437512405,0.934340020684,-0.139864119176,0.802140768427,1.393975225028,0.389067941538,0.922174102617,0.169528914470,-0.308228408016,0.906664842461,0.615027732841,0.497095167637,0.472336113453,-0.000345339533,-0.461717835085
147,1,0.184453199847,-0.008001969143,-0.025859944534,-0.184453199847,0.008001969143,0.025859944534,0.229659300004,0.405807097013,-0.039165459722,-0.171989067526,0.412613859739,0.223639081618,0.263881252679,0.747394248152,0.853628760593,-0.177562805667,0.745104599164,1.310541338255,0.233704003901,0.786555215578,0.903821973104,-0.133519233477,0.789602623911,1.364451264539,0.385232839393,0.905700467492,0.135841918832,-0.299122328856,0.891640992225,0.602489914696,0.498765274882,0.471722602844,-0.000344355125,-0.469673302223
148,1,0.185542701573,-0.008070339435,-0.024489593861,-0.185542701573,0.008070339435,0.024489593861,0.234983617743,0.406375235505,-0.035895447363,-0.166202226204,0.413475685473,0.223859195169,0.271404606567,0.748720800781,0.833181720567,-0.171113308284,0.745813419857,1.322436819494,0.240716665896,0.788837015098,0.879198095805,-0.127215516288,0.790100209712,1.379026413234,0.392629034796,0.906654058458,0.109346036369,-0.288424438389,0.892248048248,0.624504067127,0.501799285412,0.471597403288,-0.000346257351,-0.469025249421
149,1,0.183429457474,-0.007991304143,-0.024328908266,-0.183429457474,0.007991304143,0.024328908266,0.233423403481,0.401342712751,-0.028259207396,-0.163031664267,0.409201171902,0.242631257338,0.272956915290,0.740530988024,0.829894326202,-0.165373611679,0.738497575699,1.313865837177,0.242776471022,0.779162298944,0.875999811544,-0.119881673274,0.782388076069,1.368049858288,0.392414289903,0.897865511628,0.112112358758,-0.282386802029,0.883551974988,0.620770514571,0.503508120775,0.471591308713,-0.000345704146,-0.473691955197
150,1,0.198054464477,-0.008740833261,-0.021493788031,-0.198054464477,0.008740833261,0.021493788031,0.254870868183,0.436044549476,-0.040148200325,-0.170317804067,0.445113849282,0.223689662390,0.304811880708,0.804572436112,0.679552260995,-0.168968115076,0.802686222251,1.131875212026,0.272339118177,0.846393998077,0.712840230773,-0.117860409538,0.850471805021,1.166981495780,0.433928517999,0.974525780564,-0.022053221451,-0.296270524643,0.959771959579,0.426075145219,0.507538869977,0.470289319754,-0.000363168772,-0.437598905364
151,1,0.194837929249,-0.008632999242,-0.021246595754,-0.194837929249,0.008632999242,0.021246595754,0.255382971253,0.428769345605,-0.057958012690,-0.161695150550,0.438223405027,0.223140439683,0.310273653533,0.792018544805,0.702926211370,-0.156129561337,0.789234476301,1.318696136267,0.279610347846,0.833270281723,0.736126784767,-0.105304420957,0.835602854289,1.377499895083,0.437747302762,0.959294102002,0.023735325472,-0.280084706883,0.944640933438,0.581003937344,0.511929720640,0.470286488533,-0.000362398103,-0.444497552137
152,1,0.190380021585,-0.009073768693,-0.023997999311,-0.190380021585,0.009073768693,0.023997999311,0.257348912349,0.418850988798,-0.061586705430,-0.151142778894,0.427793382648,0.223171073257,0.316231948356,0.774081230187,0.713528541017,-0.141150826745,0.771705679705,1.303212886672,0.288945265860,0.814338698544,0.749922547953,-0.091369942682,0.816972219063,1.359499984597,0.439218247049,0.937546236007,0.038120285422,-0.261471456876,0.923631829796,0.568451298996,0.517093434930,0.469989970326,-0.000358692836,-0.455173598392
153,1,0.191236166396,-0.009152757766,-0.029214663716,-0.191236166396,0.009152757766,0.029214663716,0.264564200082,0.419860675474,-0.111992931418,-0.145523055318,0.430823951090,0.239512328591,0.330363834726,0.779746030661,0.652209405691,-0.130271591369,0.777218275922,1.314951128292,0.305078703805,0.820151331582,0.689480797183,-0.079328219949,0.822959347138,1.370532981094,0.451364695011,0.944236973223,-0.109121766505,-0.251963739688,0.930233164488,0.573969356065,0.522341057658,0.469998285174,-0.000351883471,-0.451935705630
154,1,0.209787621504,-0.010286911957,-0.031391302005,-0.209787621504,0.010286911957,0.031391302005,0.301553670608,0.460294293629,-0.162551831363,-0.154189401245,0.474027787179,0.261893059723,0.375854853957,0.856300308940,0.651081270991,-0.130299268445,0.852774984733,1.423249800968,0.347914904556,0.901521005336,0.692887953971,-0.072891415535,0.903081817116,1.482174462434,0.510484531940,1.035415872876,-0.128086386353,-0.263630199910,1.020594023230,0.643202956644,0.527517229319,0.470158398151,-0.000351395924,-0.411783722122
155,1,0.238573420362,-0.012479672580,-0.031724030949,-0.238573420362,0.012479672580,0.031724030949,0.353010255679,0.521322228436,-0.192683145680,-0.170547566140,0.538502080139,0.277620041413,0.439628793498,0.971368982443,0.585407100843,-0.135338141625,0.963510911566,1.431590580082,0.407788499200,1.022662284465,0.622963738131,-0.070063483465,1.020111806040,1.486011033317,0.593528508308,1.174814473597,-0.215355382395,-0.282429813334,1.158224445714,0.666989532844,0.532124146819,0.470565617085,-0.000362654217,-0.362585330978
156,1,0.222362717724,-0.013629865772,-0.031095470869,-0.222362717724,0.013629865772,0.031095470869,0.338043564194,0.484699079180,-0.163346824428,-0.156847635178,0.506009095500,0.300483799525,0.425616399213,0.907867005995,0.648148066695,-0.116989462079,0.904694773263,1.358528812870,0.397132972859,0.952985009495,0.693696242772,-0.055339590745,0.957898350656,1.400209612178,0.568875855605,1.102423034161,-0.153060164106,-0.254333001415,1.087745193123,0.657168001415,0.536111712456,0.471340924501,-0.000362767838,-0.385334922742
157,1,0.273361916988,-0.017633037384,-0.021414478348,-0.273361916988,0.017633037384,0.021414478348,0.429570116883,0.581010731210,-0.278178931908,-0.184622582836,0.618220422369,0.299710836243,0.542419761048,1.101641241153,0.249421297414,-0.125186770935,1.107019348261,1.101064289825,0.510360861177,1.150351260990,0.271602399042,-0.046396235790,1.173236465338,1.120902271761,0.712313960511,1.347276863775,-0.407429894281,-0.291714598843,1.329851774071,0.441609760401,0.541159570217,0.471044838428,-0.000395545969,-0.315439496755
158,1,0.260167538759,-0.018103167874,-0.035315930134,-0.260167538759,0.018103167874,0.035315930134,0.419013726325,0.541130120608,-0.507495393825,-0.169873400106,0.587627565143,0.283355773509,0.531936847232,1.035321726109,0.441657637854,-0.107967173071,1.051535193458,1.296027606854,0.504969864184,1.074215723594,0.494816503104,-0.032385427446,1.114646834092,1.340402892328,0.679510095746,1.279000307710,-0.411251329700,-0.259446585601,1.263059551068,0.538905899543,0.544251054525,0.470573484898,-0.000385315157,-0.332435296037
159,1,0.267729918205,-0.022276390619,-0.035630044027,-0.267729918205,0.022276390619,0.035630044027,0.441389809884,0.542120438765,-0.479292250074,-0.170094846209,0.606366206401,0.222233087985,0.554155704921,1.029024969425,0.348754635745,-0.098292254979,1.081829048127,1.030202138112,0.527722620448,1.064783255409,0.399545236211,-0.021897741163,1.149124769384,1.050597405585,0.698785100862,1.284681917264,-0.349231259885,-0.258933126715,1.297964820746,0.282067784648,0.546854883432,0.469127580523,-0.000388079323,-0.324469168993
160,1,0.288275315609,-0.027665671493,-0.027883368469,-0.288275315609,0.027665671493,0.027883368469,0.483743576504,0.567621626073,-0.446798943543,-0.186225124314,0.654957698717,0.165439184647,0.599235103987,1.069268017983,0.399577332531,-0.103677647877,1.172936744487,0.819371941581,0.569455166357,1.107556764117,0.451276264394,-0.022105773077,1.251317543500,0.823366783460,0.752956893051,1.353015836217,-0.287265921177,-0.278564897366,1.404042716139,0.077231630217,0.547543346882,0.467814177275,-0.000393149443,-0.300649820439
161,1,0.284636552260,-0.032218370834,-0.027791209020,-0.284636552260,0.032218370834,0.027791209020,0.487070703390,0.530399634630,-0.512471071700,-0.184975615176,0.652542446600,0.107895439497,0.591531172892,1.003197974149,0.420797010686,-0.095895985669,1.173163063524,0.793537017204,0.566783411205,1.033820743153,0.489974681701,-0.017525919621,1.250815093951,0.804483607398,0.721527487146,1.287882622364,-0.169358272568,-0.268664156674,1.402078502572,0.045686678233,0.548911795020,0.465885043144,-0.000392919406,-0.302075963450
162,1,0.271828069546,-0.034658384602,-0.025107083207,-0.271828069546,0.034658384602,0.025107083207,0.474159670551,0.465086890721,-0.815137681895,-0.175989686533,0.626939440059,0.047519417172,0.545429924054,0.890759095480,0.246387481019,-0.086255776178,1.130858249046,0.668692928246,0.511018306331,0.918060322118,0.338265800297,-0.012858875284,1.206324013148,0.675968430529,0.659750625368,1.176065183621,-0.176924677982,-0.248602806558,1.351683251547,-0.063015250854,0.550195962191,0.463643908501,-0.000384662068,-0.314608872334
163,1,0.263063859693,-0.035964702166,-0.025279723286,-0.263063859693,0.035964702166,0.025279723286,0.467942215650,0.404405336052,-1.167221291318,-0.166990097325,0.614316600705,0.030174111241,0.517387246631,0.807980679761,0.164689501865,-0.078813692229,1.105943956938,0.703358309900,0.478389620658,0.827645611358,0.286102578816,-0.008489377198,1.179308404260,0.716639203967,0.619264763496,1.089725420448,-0.216803468599,-0.231403454751,1.323170539917,-0.077270120531,0.551909148693,0.461914688349,-0.000375169329,-0.322478465818
164,1,0.259771039465,-0.037419639730,-0.028567053949,-0.259771039465,0.037419639730,0.028567053949,0.473551373003,0.350111783516,-1.453746749227,-0.159231930802,0.615449084038,0.035200830460,0.490822513134,0.756598614534,-0.067717217231,-0.066141272958,1.108208459015,0.619322269332,0.440218402420,0.780776905938,0.067349883444,0.004049593206,1.181546599334,0.622719473000,0.599015069948,1.039013635471,-0.377556328329,-0.226849074292,1.325513901324,-0.159293722601,0.554588973522,0.459131941199,-0.000354011077,-0.324340714075
165,1,0.239146507864,-0.036288440753,-0.028152520343,-0.239146507864,0.036288440753,0.028152520343,0.439651631782,0.288719670184,-1.779752118263,-0.142434774554,0.573507697740,0.036061004803,0.426396447010,0.646142049408,-0.143082864555,-0.056267339079,1.028654669131,0.692955177675,0.372004863121,0.664311734720,0.015031230867,0.009069230351,1.097284169118,0.706434926471,0.499215023880,0.908750814085,-0.493958392328,-0.202060953436,1.229280218777,-0.127923305548,0.555917412043,0.455924436450,-0.000326056033,-0.353146414429
166,1,0.236207719752,-0.036075417072,-0.026986290021,-0.236207719752,0.036075417072,0.026986290021,0.437420971430,0.241437802131,-1.874676741148,-0.137138750221,0.564734053236,0.048717401634,0.402171054069,0.601308488490,-0.329381840307,-0.045425953148,1.017563769025,0.704088899234,0.339391140253,0.618475947835,-0.174934483338,0.019691771851,1.085137942392,0.717388853035,0.467650693349,0.855687123076,-0.638956487881,-0.184311496276,1.217302934918,-0.094717967174,0.557161331177,0.455202326179,-0.000309126917,-0.357465533690
167,1,0.236865842055,-0.037471705785,-0.026095686607,-0.236865842055,0.037471705785,0.026095686607,0.427587161303,0.192481597249,-2.007491338660,-0.134680888767,0.566027027009,0.057832061961,0.388184525343,0.557560810882,-0.492485508758,-0.040408157600,1.022512415656,0.717189803042,0.333260381940,0.579548250767,-0.344202177977,0.028483440806,1.090017611117,0.728348753657,0.445652770695,0.821543041388,-0.828071130819,-0.180014146490,1.222111568076,-0.092955981480,0.558157578111,0.453672483563,-0.000294008292,-0.357308966169
168,1,0.235115556673,-0.038984799124,-0.025471620631,-0.235115556673,0.038984799124,0.025471620631,0.420857869826,0.157444272160,-2.086181771390,-0.131294421525,0.567405238401,0.056480787094,0.374272451034,0.531904743713,-0.526560726328,-0.030937206042,1.026024323844,0.699919365614,0.320006199325,0.556413537340,-0.374673334717,0.046643424241,1.095260953202,0.708319963283,0.429283907028,0.797308342592,-0.877742078333,-0.174151167213,1.222667103774,-0.141927186683,0.559035807848,0.450827807188,-0.000285065267,-0.359649414903
169,1,0.240077887157,-0.039889735080,-0.027173147916,-0.240077887157,0.039889735080,0.027173147916,0.421245739629,0.132929446406,-1.922057747479,-0.132423686828,0.581650883912,0.073495866905,0.378242808151,0.524831866431,-0.588681250320,-0.026409101858,1.051881232262,0.651112804216,0.323339890188,0.554271676299,-0.456887140257,0.053899393835,1.122563036865,0.651245124052,0.431306700361,0.800977611254,-0.900187017830,-0.173910016400,1.253030733635,-0.142398920444,0.559583917260,0.449035361409,-0.000274379738,-0.352258841923
170,1,0.249084928825,-0.041662829075,-0.032143511789,-0.249084928825,0.041662829075,0.032143511789,0.417895860502,0.108208658991,-2.176760815833,-0.136767875835,0.597103984754,0.076636078266,0.390441899436,0.524623431919,-0.650545648922,-0.025523949862,1.096460540857,0.649622098103,0.338617898923,0.555467746515,-0.499292052724,0.060791221451,1.170508590495,0.649084040234,0.437284843069,0.811730618721,-0.968378744186,-0.178677318429,1.305328434890,-0.196194521799,0.559856623411,0.447605952621,-0.000261479523,-0.339034192679
171,1,0.251737485027,-0.042227656061,-0.031813271241,-0.251737485027,0.042227656061,0.031813271241,0.425192918031,0.121854475362,-2.160064411666,-0.137180122414,0.599726003964,0.074674552040,0.390937779110,0.517239599590,-0.525795372945,-0.024383146883,1.108692699378,0.668752889924,0.340029328640,0.545161822835,-0.365997821467,0.062968443551,1.179410257762,0.673217870897,0.439146211239,0.810675887134,-0.853239186671,-0.171981128814,1.322970561721,-0.182075652749,0.560172677040,0.446648135781,-0.000258272048,-0.335439416600
172,1,0.250500427104,-0.041090862095,-0.030436122031,-0.250500427104,0.041090862095,0.030436122031,0.425031231240,0.134975471897,-2.234608749841,-0.135712581080,0.595488006421,0.045640384091,0.387118613370,0.516908088866,-0.460181688599,-0.022862815087,1.103166769911,0.688919462505,0.337174434305,0.543953975345,-0.295979304526,0.064293633016,1.172649230450,0.696602641317,0.438431905394,0.805241420058,-0.799644156170,-0.168269069805,1.317275687972,-0.171539886746,0.560406953096,0.446774825454,-0.000253559090,-0.336853826411
173,1,0.250396044559,-0.041171300956,-0.030367586234,-0.250396044559,0.041171300956,0.030367586234,0.427004736827,0.136190401579,-2.102968168089,-0.134816843601,0.597408748364,0.062967389448,0.389797004077,0.524627253208,-0.478542784231,-0.021581442406,1.104528512839,0.679386942749,0.339862512944,0.551836673121,-0.316805867788,0.067104231313,1.174740393637,0.683681800080,0.442225985513,0.810718594793,-0.778220209607,-0.167767015591,1.318351574256,-0.161648776746,0.560650572181,0.446474567056,-0.000252834521,-0.336805186148
174,1,0.246048697077,-0.040020101149,-0.029842630931,-0.246048697077,0.040020101149,0.029842630931,0.420795213757,0.153431450986,-1.992130070936,-0.132320028121,0.586179641802,0.068538822572,0.384925363044,0.533320210463,-0.486133225450,-0.020299679315,1.085525955012,0.641094961376,0.335158118211,0.558002191240,-0.336379896337,0.067392986342,1.155079312914,0.641474230376,0.440001503790,0.813041321175,-0.770083764114,-0.164322187718,1.296214191227,-0.166787020208,0.560737922788,0.446343675256,-0.000252862461,-0.342522914891
175,1,0.243305828502,-0.039240479267,-0.028161609236,-0.243305828502,0.039240479267,0.028161609236,0.417545416247,0.163829447727,-2.024583232736,-0.130079961289,0.578938997060,0.068614472098,0.383573590850,0.542522261330,-0.459704537100,-0.018996437389,1.073899367853,0.646591033870,0.334759100410,0.563853709958,-0.307755969522,0.067327750777,1.142311898481,0.649531609789,0.440063878446,0.817974522281,-0.751418849514,-0.161340741398,1.282897127962,-0.159957955263,0.561026006937,0.446508333087,-0.000252579805,-0.346024356761
176,1,0.236528408285,-0.037864066466,-0.026797022358,-0.236528408285,0.037864066466,0.026797022358,0.418190366650,0.189615147192,-1.838028620449,-0.125872279032,0.561827477039,0.065416625045,0.383825335480,0.548750803806,-0.314436117798,-0.018032229356,1.041710340107,0.600677695088,0.330620238770,0.551580257463,-0.164784516762,0.065583183269,1.108312920778,0.601153477960,0.444358257427,0.804514189118,-0.588320126771,-0.155743786725,1.244882498949,-0.191036100020,0.561147168279,0.446653500199,-0.000251658726,-0.356538305723
177,1,0.234725811872,-0.036989036597,-0.026595012985,-0.234725811872,0.036989036597,0.026595012985,0.429697084289,0.243565043118,-1.806382774585,-0.125330787921,0.555781764395,0.063255368509,0.395516182964,0.583986738665,-0.116201181729,-0.018535718563,1.028922192027,0.692323197333,0.339491046965,0.590784180304,0.051765138968,0.064504918291,1.095360014995,0.709177322451,0.451988897044,0.832963026530,-0.420188830029,-0.155587099465,1.232839131434,-0.114480972118,0.561026886106,0.448059543967,-0.000251837540,-0.358963779721
178,1,0.233708699716,-0.035920054121,-0.036613485634,-0.233708699716,0.035920054121,0.036613485634,0.428519986537,0.283992203172,-1.797500684535,-0.125869325110,0.551524613031,0.049909047452,0.410476648628,0.624666471301,-0.102428443132,-0.024729090131,1.022765537591,0.703047016638,0.358543981698,0.634659983442,0.065478058313,0.054589428259,1.092089060927,0.720047949439,0.461169435936,0.870794522057,-0.441541472141,-0.159589272570,1.220763026697,-0.116554595572,0.560472831130,0.449225559831,-0.000250045210,-0.361748788982
179,1,0.233857849751,-0.035448915056,-0.043688555079,-0.233857849751,0.035448915056,0.043688555079,0.429667231639,0.328515805710,-1.499646809931,-0.128304062232,0.547932006380,0.030085981807,0.426718797222,0.673746032610,0.096800682005,-0.030589883612,1.015800477916,0.710731586059,0.386824882691,0.693747151513,0.249123578330,0.042845394511,1.085539430078,0.729121355097,0.509401475251,0.913299332463,-0.280643495656,-0.182264527697,1.213674175459,-0.105453996452,0.559471398592,0.451527133584,-0.000278542750,-0.362063060183
180,1,0.240713278421,-0.033576296854,-0.045953360471,-0.240713278421,0.033576296854,0.045953360471,0.447137380444,0.386347536724,-0.706501874956,-0.136625426912,0.553570279386,0.028568141616,0.461307657517,0.731710712245,0.443932845740,-0.037324366287,1.033622383505,0.580548383287,0.428324933889,0.748064341403,0.548507685094,0.034678158098,1.105709432380,0.583697638975,0.544584058296,0.973400206256,0.116536058331,-0.201768450885,1.234023016841,-0.121823783601,0.557504042983,0.455177441239,-0.000306233764,-0.352588020380
181,1,0.255987617707,-0.034748333843,-0.036267741506,-0.255987617707,0.034748333843,0.036267741506,0.471334038322,0.445665395590,-0.489174900285,-0.151515199816,0.581574533629,0.030437948140,0.510945125679,0.831290678561,0.485443631008,-0.049128155498,1.084078667564,0.614780745028,0.483848070083,0.856499923234,0.569588624728,0.017489933979,1.159667193411,0.620656555407,0.620089761472,1.075711750624,0.099284875174,-0.221290531991,1.298905624630,-0.084056234034,0.554748073220,0.457486495376,-0.000355205964,-0.332925913893
182,1,0.267212092334,-0.035007824777,-0.029456618487,-0.267212092334,0.035007824777,0.029456618487,0.488076570742,0.490823536544,-0.429293056237,-0.161622163466,0.603826848657,0.055145188690,0.554312461879,0.917100454498,0.403614968362,-0.058490530495,1.125666912909,0.621456798640,0.533749017578,0.950005927057,0.474803143771,0.006102198662,1.205082297380,0.619946408933,0.677158114292,1.173052131395,-0.031593994531,-0.228859312635,1.340170282053,-0.084656602894,0.552729338408,0.459309503436,-0.000380491372,-0.318960424017
183,1,0.275034596032,-0.034621296267,-0.027240604533,-0.275034596032,0.034621296267,0.027240604533,0.491439422518,0.526172657628,-0.331420737297,-0.168732281456,0.618065719743,0.112643312302,0.577922886225,0.986634209598,0.453964697767,-0.066874325276,1.144198123266,0.689423547134,0.562023468781,1.027362206161,0.511323267490,-0.001570720886,1.226021554333,0.687773891955,0.714860863764,1.236129150153,-0.027276068327,-0.250805822149,1.362971360093,0.051651428080,0.550572678447,0.460989475250,-0.000394548755,-0.312429754935
184,1,0.272619859431,-0.031202421522,-0.014777274561,-0.272619859431,0.031202421522,0.014777274561,0.473576843539,0.544391813050,-0.261720598302,-0.170759753645,0.606940387889,0.114210494484,0.571702065117,1.014477129034,0.373997843230,-0.077119094491,1.112279769143,0.736768394537,0.559307410106,1.059160670761,0.424151180866,-0.014122650260,1.190698085419,0.742128901185,0.723356062612,1.247517695337,-0.091750467133,-0.250024252441,1.324559055425,0.099451204590,0.548109874129,0.463194474578,-0.000412659021,-0.319936054162
185,1,0.275011043654,-0.027219227762,-0.004991844786,-0.275011043654,0.027219227762,0.004991844786,0.470355193253,0.568926316022,-0.170927951271,-0.176387683340,0.612892994368,0.146845847582,0.580983163026,1.051309824740,0.391461796432,-0.085439072488,1.113885812209,0.853154318152,0.569296007920,1.104570194791,0.423473104476,-0.023891906978,1.192184785336,0.865244850174,0.733000602765,1.271399766065,-0.139594806026,-0.256474445445,1.326907053292,0.192563291841,0.546256721020,0.464949920774,-0.000418531068,-0.318062320374
186,1,0.270353184146,-0.024161083610,0.009327614688,-0.270353184146,0.024161083610,-0.009327614688,0.451126769272,0.562488877489,-0.204612765032,-0.180374445195,0.599588904165,0.127392709045,0.566078793577,1.048865073807,0.331772972095,-0.093246062492,1.087290757818,0.826555734443,0.544652234310,1.115591970553,0.405986855435,-0.032823067952,1.163616310556,0.837770155923,0.755845823325,1.256199130859,-0.310214613688,-0.261276116331,1.295225615346,0.137943922796,0.542969062924,0.466813281178,-0.000416226801,-0.324313298162
187,1,0.257683933913,-0.020704839944,0.004786808538,-0.257683933913,0.020704839944,-0.004786808538,0.413902809429,0.557502130904,-0.226644625638,-0.181312218010,0.572488636278,0.145603894718,0.524767100755,1.010978481430,0.477999814488,-0.101407119748,1.032355567235,1.096643060918,0.503047634295,1.069270188221,0.517016505658,-0.043483174591,1.104344600708,1.131203814902,0.689605619302,1.217613433473,-0.293808910044,-0.261586128154,1.230443430838,0.321062547865,0.538677230477,0.468091130257,-0.000425223610,-0.340517735404
188,1,0.256542317143,-0.019541526320,0.006286189710,-0.256542317143,0.019541526320,-0.006286189710,0.401292245684,0.553249377374,-0.218967895150,-0.189369943739,0.576161730626,0.148793411463,0.511924368458,1.027456558036,0.447307880324,-0.112836387353,1.029720683325,1.114608961742,0.484752591246,1.091127888882,0.481019822613,-0.054438220921,1.100531923212,1.149915149069,0.700390804649,1.235569987334,-0.294641079554,-0.267449646711,1.227463561773,0.370591899629,0.534850165248,0.468813478947,-0.000419772870,-0.340785967278
189,1,0.256427531804,-0.017003749315,0.007008526458,-0.256427531804,0.017003749315,-0.007008526458,0.386991697963,0.553467646942,-0.248856362502,-0.198913613109,0.574927985642,0.164856114190,0.498668796905,1.028306386895,0.403856735845,-0.128482525612,1.030383324311,1.061482890922,0.468184426221,1.091004297778,0.453968191487,-0.066157876231,1.100140853250,1.089103538874,0.694968041086,1.231677116841,-0.293215802121,-0.300882396614,1.229336276685,0.376380873973,0.529685422778,0.471029475331,-0.000418949174,-0.339013425803
190,1,0.218470102566,-0.015349437215,0.005847453750,-0.218470102566,0.015349437215,-0.005847453750,0.319652403782,0.468525197628,-0.165404710186,-0.172155144067,0.491782603708,0.146699423751,0.413791816971,0.873113302800,0.514832286831,-0.121248359917,0.882218064498,1.028399991241,0.388358710794,0.926569197831,0.549846835736,-0.067507861254,0.941291800806,1.061688623481,0.590926021935,1.053960428112,-0.141342029100,-0.271959657162,1.054112497212,0.372118329101,0.525251388550,0.470673441887,-0.000418223790,-0.396661126509
191,1,0.190153156223,-0.013203742850,-0.000311959905,-0.190153156223,0.013203742850,0.000311959905,0.268229553728,0.409364209261,-0.047424682040,-0.156061244701,0.430897448398,0.212053792488,0.351286380337,0.767415294025,0.751493821518,-0.118563318936,0.773216644008,1.227599788150,0.326365516110,0.812445654961,0.794494191110,-0.071146586149,0.823538599642,1.275348843945,0.507405165297,0.927361264199,0.060301191892,-0.250236259885,0.924855198064,0.546111742600,0.519735544920,0.470623791218,-0.000404138686,-0.452160414262
192,1,0.199770299086,-0.013415596107,-0.000854612046,-0.199770299086,0.013415596107,0.000854612046,0.273334088252,0.430018464732,-0.088065495888,-0.171773033862,0.452967763626,0.207947691133,0.352831928846,0.806700480924,0.736895552770,-0.141389247955,0.813678331722,1.218676929824,0.325186503769,0.854793762249,0.783812080348,-0.091488980002,0.865913103778,1.266063756639,0.512089218754,0.975310906732,0.074090764709,-0.278082855214,0.973246195289,0.545681391547,0.512572705746,0.470611855388,-0.000400261913,-0.429704180057
193,1,0.192111090636,-0.012375778248,-0.003795956797,-0.192111090636,0.012375778248,0.003795956797,0.253948731369,0.407456569883,-0.040513324452,-0.168520813367,0.430835153908,0.205905124609,0.321135748247,0.767147658993,0.790309069517,-0.148589465856,0.775637415370,1.225930040501,0.293535829487,0.814759118094,0.835956925404,-0.101585388303,0.824178214404,1.273281004802,0.470220747757,0.927393508784,0.114374357495,-0.278261271690,0.925336852870,0.537978670342,0.505947023630,0.470415845513,-0.000391823065,-0.451906038239
194,1,0.193906075529,-0.011820473484,-0.003845229105,-0.193906075529,0.011820473484,0.003845229105,0.249062715546,0.414428798069,-0.077125412864,-0.177503495641,0.430071196470,0.194310713132,0.306987347657,0.766735026877,0.821848540102,-0.164650534398,0.774596682257,1.208559954156,0.275543686344,0.813845623428,0.876041862561,-0.117933316636,0.822269060559,1.256412707816,0.458248399506,0.925608747698,0.157073710413,-0.294050842758,0.923113884156,0.510334639283,0.498410910368,0.470570608974,-0.000390556525,-0.453043967998
195,1,0.196723229771,-0.011727011056,-0.007531161189,-0.196723229771,0.011727011056,0.007531161189,0.248354206847,0.426574448497,-0.092170957144,-0.186474153308,0.437725211100,0.205178017389,0.301958041040,0.782276768381,0.854841239536,-0.180472782247,0.789763978860,1.262643131930,0.268881634429,0.827048365772,0.913155010512,-0.132891889912,0.838744963343,1.312124934063,0.452656590948,0.942720227599,0.181923692632,-0.314036079984,0.940498301457,0.544724044271,0.492693617940,0.470628678799,-0.000378119759,-0.444876816701
196,1,0.187130060146,-0.009963254283,-0.007592414086,-0.187130060146,0.009963254283,0.007592414086,0.229420643736,0.412146284716,0.039733501093,-0.183260337729,0.416303834550,0.253316163399,0.277405778130,0.747030602405,0.999224021117,-0.184166731500,0.752037031764,1.392184725500,0.244542407085,0.789894855371,1.057741499805,-0.139350837000,0.798649317763,1.451664190794,0.424099961018,0.898721287361,0.334615752170,-0.311115146583,0.896497445889,0.709811247521,0.486949875951,0.472050264478,-0.000374205294,-0.465319246359
197,1,0.195452318460,-0.010275207446,-0.004899889398,-0.195452318460,0.010275207446,0.004899889398,0.230980009499,0.429289349563,-0.013394354104,-0.198104661308,0.435118253281,0.241705708069,0.277976722706,0.779797011213,0.891719359260,-0.203808821170,0.784080106172,1.315144211704,0.244051268989,0.824710141429,0.953425630136,-0.157461804413,0.832628437942,1.359355357228,0.430362627529,0.935739785393,0.234550299031,-0.334092158303,0.935217971429,0.618537595351,0.481309860945,0.472120434046,-0.000380127516,-0.446280405050
198,1,0.196108042657,-0.010109849357,-0.004992496764,-0.196108042657,0.010109849357,0.004992496764,0.225011839711,0.434094537390,-0.006941103346,-0.203545651369,0.441329012459,0.233570990817,0.270483792130,0.790566124608,0.899326466256,-0.215512302956,0.795579500758,1.281724740591,0.237295009712,0.834935158586,0.954689771056,-0.168524681819,0.843888436017,1.329122545822,0.423136699614,0.946186755202,0.249878864318,-0.357435053873,0.947146507645,0.596164764718,0.476435154676,0.472241714597,-0.000380189216,-0.441312349867
199,1,0.198353955817,-0.010114002669,-0.004850928870,-0.198353955817,0.010114002669,0.004850928870,0.225904334770,0.435334500176,-0.021613355351,-0.207945062748,0.443299816231,0.231673590896,0.265725686770,0.794723096560,0.870997536856,-0.223667785920,0.799620974903,1.304933370716,0.232335388771,0.839856718890,0.924910117576,-0.177499643469,0.847819318957,1.357751340063,0.419344931108,0.952590486828,0.225394445542,-0.366040324473,0.952495834619,0.632826710420,0.473377645016,0.472200065851,-0.000377313932,-0.438916725314
200,1,0.207779923149,-0.010166210109,-0.004645847534,-0.207779923149,0.010166210109,0.004645847534,0.232779721741,0.449556263894,-0.005585417801,-0.219477806050,0.459055952145,0.242818932129,0.267594000988,0.823250481106,0.870635391107,-0.239828325069,0.828871110034,1.320571765068,0.233075499838,0.870581033079,0.924802924223,-0.192233122122,0.878868312825,1.371989688652,0.426445360570,0.987007461278,0.217564834797,-0.383072812501,0.989633266548,0.644328949084,0.470027133822,0.472393915057,-0.000377189368,-0.423188042589
201,1,0.222830657298,-0.010821965669,0.004252184373,-0.222830657298,0.010821965669,-0.004252184373,0.247287560128,0.481145146844,-0.007959984433,-0.236307906910,0.489944081982,0.237549390572,0.281138446866,0.880092990853,0.780635303792,-0.260846735110,0.884336123769,1.268900742444,0.244155906461,0.930627866600,0.828331803667,-0.210112833325,0.937994385486,1.315551754331,0.450879923131,1.054204847422,0.180596056623,-0.413432662939,1.057467882326,0.642537238909,0.468249395490,0.472367107868,-0.000373070885,-0.396513694256
202,1,0.290542934521,-0.013920525400,0.029433381149,-0.290542934521,0.013920525400,-0.029433381149,0.324126203268,0.626528957322,-0.048353565076,-0.306205001851,0.636185472056,0.195086634798,0.361706829508,1.144130484178,0.616829591535,-0.341073320256,1.148002030566,1.188006738011,0.313646499348,1.208480570741,0.653594446467,-0.275455557484,1.217534090125,1.224129556132,0.584708233311,1.370343145676,0.016610416421,-0.534055647806,1.373176774848,0.527304302670,0.467244952917,0.472382128239,-0.000383942388,-0.305340244271
203,1,0.249485497308,-0.011535040287,0.019954045924,-0.249485497308,0.011535040287,-0.019954045924,0.275074453340,0.538405660857,-0.048474410618,-0.263586362184,0.544706754932,0.173630667521,0.306249516058,0.985690113829,0.818215766565,-0.297994615848,0.987976595289,1.192131326277,0.264972411389,1.041263942717,0.869712076043,-0.242850300117,1.048785378242,1.241684664035,0.496380813591,1.178841021557,0.066988981966,-0.462781025639,1.181188142145,0.500226448179,0.465147614479,0.472462207079,-0.000377746299,-0.354841462160
204,1,0.264976076539,-0.011373520566,0.023896902211,-0.264976076539,0.011373520566,-0.023896902211,0.290376013418,0.571608063802,-0.119584365156,-0.279136544020,0.578747312100,0.159433649059,0.322308051840,1.046239454147,0.533496655846,-0.317343797086,1.049015363648,1.100194094261,0.278646981323,1.106532215626,0.563924268101,-0.259700014853,1.114158534301,1.132456364975,0.523476573774,1.250240941889,-0.118232359885,-0.496450398628,1.253348329841,0.421377941703,0.464291036129,0.471961379051,-0.000382193131,-0.334814670908
205,1,0.256638299169,-0.011029172326,0.023834033984,-0.256638299169,0.011029172326,-0.023834033984,0.279404173840,0.553919389496,-0.113544546607,-0.270698084303,0.560965511400,0.162273148852,0.309763047265,1.014022292749,0.610385270000,-0.310507438595,1.014084275003,1.129899199521,0.267076956721,1.072361405861,0.654510764584,-0.256267786866,1.074771462357,1.185268344022,0.503344157967,1.211902278492,-0.016831834611,-0.480397861415,1.214170587271,0.496748922160,0.462758839130,0.472044810653,-0.000378669705,-0.345228934596
206,1,0.251131429966,-0.010182859486,0.022895636893,-0.251131429966,0.010182859486,-0.022895636893,0.274615461404,0.542363632677,-0.100228839553,-0.264510137881,0.547637259275,0.175506759175,0.302212273629,0.990022698313,0.805496132265,-0.305125145326,0.990069270512,1.340693467793,0.260479533403,1.046946074985,0.866220795957,-0.252894930160,1.048890295562,1.405627684575,0.491107510493,1.183604093979,0.128555612468,-0.465738317426,1.186269339944,0.632815698381,0.462511733174,0.472248256207,-0.000377772842,-0.353233951715
207,1,0.264723692174,-0.010579864474,0.024101043725,-0.264723692174,0.010579864474,-0.024101043725,0.286983005509,0.574278686929,-0.114723739003,-0.280912364789,0.578499856328,0.147874994747,0.315919131551,1.047459305177,0.597199132374,-0.325673995505,1.048740874972,1.078715485221,0.271588199636,1.107595491428,0.631422157562,-0.270933141373,1.113141229136,1.108716136695,0.515574877499,1.251509017454,-0.041965716092,-0.495615003330,1.254566907573,0.383560350202,0.461322829127,0.472175061703,-0.000377985416,-0.334074792439
208,1,0.258414033940,-0.010149832293,0.024387989565,-0.258414033940,0.010149832293,-0.024387989565,0.277491454198,0.561302130884,-0.120950339174,-0.276506104562,0.564009797185,0.149687780727,0.304478041521,1.021848910915,0.644900165251,-0.321699902728,1.023471491608,1.155294827747,0.261788173258,1.080231007353,0.687008327369,-0.267907749742,1.086260943303,1.195226465486,0.498868673950,1.220773439705,-0.011614195811,-0.498110036538,1.224031307419,0.429378996220,0.459953472018,0.472181469202,-0.000377852935,-0.342438746589
209,1,0.297253691729,-0.011421529780,0.052042600820,-0.297253691729,0.011421529780,-0.052042600820,0.319977059122,0.646202219765,-0.139089693947,-0.319834811899,0.649161042205,0.163333178172,0.344887364798,1.176387594179,0.490249576115,-0.371745324669,1.178436996739,1.077192043728,0.290765955263,1.243584621097,0.519636609415,-0.310804569214,1.250726454202,1.104313346414,0.574053756466,1.405079828435,-0.057271364152,-0.566816089431,1.409408594888,0.445997006266,0.459286063910,0.472304508090,-0.000378350727,-0.297295753732
210,1,0.261120426998,-0.009754392849,0.041623679021,-0.261120426998,0.009754392849,-0.041623679021,0.281092552092,0.568118866201,-0.066984471179,-0.282965763296,0.570864136679,0.159784432072,0.301465014424,1.033671631934,0.912642378081,-0.328682387622,1.036618615202,1.408130786565,0.253647259325,1.092119456927,0.972123473752,-0.275094199628,1.100158496919,1.471342686463,0.504516644114,1.235755199062,0.179119112544,-0.496555430317,1.240059817056,0.634513089227,0.458847716451,0.472500741482,-0.000372621231,-0.337748087620
211,1,0.270931341022,-0.010562051587,0.044739706926,-0.270931341022,0.010562051587,-0.044739706926,0.289427779813,0.589527931597,-0.070642477992,-0.297979033413,0.592279970503,0.155858671494,0.310521386428,1.074102275841,0.738500718828,-0.345365175149,1.076975382413,1.229931690847,0.260596865415,1.135313279510,0.778962809674,-0.288149404464,1.142853094513,1.271362368950,0.523767750665,1.284868590063,0.097045322015,-0.523496680344,1.290453685843,0.530792557319,0.457704871893,0.473111256957,-0.000373195857,-0.324442207833
212,1,0.239577922715,-0.009262291596,0.024855637303,-0.239577922715,0.009262291596,-0.024855637303,0.254246687948,0.521194574575,-0.064992605543,-0.263896157364,0.524262183072,0.141312238391,0.272887367774,0.947976335811,0.828278153434,-0.309782278754,0.951099845688,1.355438620532,0.229429310684,1.001902047881,0.879075170572,-0.258324815163,1.010615047653,1.414115949926,0.460119075968,1.133222815857,0.085987361356,-0.470394559827,1.138167252434,0.559605425667,0.457354247570,0.473084181547,-0.000362083316,-0.367855003709
213,1,0.242790836324,-0.009410737368,0.026051713445,-0.242790836324,0.009410737368,-0.026051713445,0.256953494385,0.528286095189,-0.067191708034,-0.268475055189,0.532514480393,0.145075904014,0.276610604404,0.961938815968,0.688117466088,-0.315636801856,0.964778447481,1.224706500507,0.235191641864,1.017470063433,0.723422707570,-0.263431989269,1.025381028989,1.265818868964,0.466447317459,1.149327378136,0.012270838103,-0.481072866025,1.154151859156,0.503197105451,0.457049593329,0.473100930452,-0.000364406500,-0.362669961857
214,1,0.235869950343,-0.009130954460,0.022687302463,-0.235869950343,0.009130954460,-0.022687302463,0.248852628720,0.514235422584,-0.054841513738,-0.262544260455,0.518099706383,0.172474591738,0.267902610258,0.936355948111,0.817752666700,-0.309457740965,0.938814325080,1.362874279938,0.227613707689,0.990416561665,0.867676439008,-0.261473390487,0.997574254611,1.420753257721,0.449119312599,1.118752319401,0.109080185624,-0.469480241856,1.123965070567,0.638967461580,0.456595778465,0.473136514425,-0.000362518243,-0.372532519741
215,1,0.222207586711,-0.008452025966,0.021198638625,-0.222207586711,0.008452025966,-0.021198638625,0.233660482123,0.483365492573,-0.044617961529,-0.247143659438,0.487183324899,0.161012885711,0.249878975531,0.881571149093,0.751651029688,-0.292116659465,0.882943920442,1.241296973743,0.210888765100,0.933285587386,0.794584423555,-0.248973620194,0.939282588955,1.291318758494,0.420375958925,1.049843770672,0.091287196290,-0.443329198190,1.056792448084,0.556816417957,0.456393778324,0.473027214408,-0.000362600200,-0.396330530828
216,1,0.222307472088,-0.008317123213,0.020727406650,-0.222307472088,0.008317123213,-0.020727406650,0.233189316023,0.483053991198,-0.046499585291,-0.246703425697,0.486682724283,0.160392534133,0.249209312043,0.880822880328,0.790551988483,-0.290928103304,0.881611944297,1.286791225094,0.210280779534,0.932621610868,0.838758180155,-0.248974950732,0.937150844060,1.342918994255,0.421704643031,1.049068920119,0.115822913247,-0.442572561574,1.055464483335,0.594923634260,0.456155404449,0.472926691175,-0.000360191334,-0.396878853645
217,1,0.253474005983,-0.009446768176,0.024967604192,-0.253474005983,0.009446768176,-0.024967604192,0.265813246392,0.551103676559,-0.110861027768,-0.281321995755,0.555265433213,0.137511348910,0.284304388296,1.005085930909,0.464585929299,-0.331657509470,1.005886782312,1.005664968098,0.240194818025,1.064835129316,0.485226727224,-0.283360417659,1.070110853495,1.028838043439,0.480663548458,1.196316166823,-0.171314223864,-0.505277916653,1.202058226877,0.328227667368,0.456124335527,0.472748652101,-0.000365827698,-0.348167621272
218,1,0.259532953261,-0.009651990294,0.028441609615,-0.259532953261,0.009651990294,-0.028441609615,0.271408529732,0.565427968094,-0.117500077250,-0.289492444515,0.569623645668,0.118049755577,0.292527417481,1.031408981746,0.513391547323,-0.340347604338,1.031392473010,1.039833214415,0.249519527033,1.092467593881,0.540874113559,-0.289176846666,1.097238442826,1.070665912404,0.492465855137,1.227432302520,-0.156087995241,-0.517584510945,1.233261291163,0.330064651599,0.455858111382,0.472756177187,-0.000368160196,-0.339386175044
219,1,0.221154775622,-0.008221825484,0.019489552531,-0.221154775622,0.008221825484,-0.019489552531,0.231372428069,0.481787586160,-0.099435773548,-0.246482983939,0.485331832482,0.123540139935,0.249262148295,0.878689754661,0.744489372209,-0.287759552532,0.877261491926,1.257577833745,0.212631062231,0.930597565873,0.796939534211,-0.243280203888,0.931756935142,1.315215305344,0.419843928600,1.045972016114,0.064762447626,-0.440932762828,1.050904871989,0.555941109102,0.455870032310,0.472674340010,-0.000358065823,-0.398334508345
220,1,0.206256496758,-0.007598682714,0.010069215679,-0.206256496758,0.007598682714,-0.010069215679,0.215539141236,0.450166722310,-0.092599268145,-0.230424278927,0.453530034734,0.161200145658,0.235033218630,0.821314047084,0.749640770528,-0.268771769507,0.821262067349,1.253479643304,0.203032565478,0.869890087562,0.797354674003,-0.224951036399,0.872648227318,1.304471763346,0.393542346465,0.978236395697,0.066833080741,-0.414088105244,0.981000683594,0.549096455402,0.455775171518,0.472605943680,-0.000355214346,-0.426568697459
221,1,0.198874658830,-0.006939778232,0.009779881674,-0.198874658830,0.006939778232,-0.009779881674,0.208006566370,0.435024002856,-0.065959509889,-0.221820180459,0.437105734255,0.141973582766,0.226782091585,0.793230123322,0.763826066189,-0.259070145684,0.792804562623,1.164490252363,0.195766880243,0.840514645491,0.808672606478,-0.218283405972,0.842375850501,1.210821809547,0.379966363269,0.944889502845,0.082420528890,-0.397952331264,0.947005720961,0.509073866283,0.455792367458,0.472150713205,-0.000355680939,-0.442454091879
222,1,0.204303211026,-0.007086374995,0.012314139940,-0.204303211026,0.007086374995,-0.012314139940,0.213697905176,0.447573763352,-0.052578197955,-0.228005758384,0.450207687495,0.127889980941,0.232751336824,0.814949397774,0.773029755664,-0.265955982275,0.814882504023,1.158756506594,0.200865453897,0.863266075661,0.818898371549,-0.224139770451,0.865380915374,1.207234463515,0.391597681700,0.971298929924,0.146046795685,-0.409237827045,0.973715968737,0.490153497601,0.455731570721,0.472200572491,-0.000360679114,-0.430369696630
223,1,0.209700854207,-0.006833224530,0.012809197147,-0.209700854207,0.006833224530,-0.012809197147,0.219634412271,0.459205207593,-0.040900967504,-0.233353805107,0.461445878998,0.134987723527,0.238336694376,0.835467533174,0.785699747494,-0.272158327639,0.835176839202,1.176347166461,0.204980909558,0.884756626465,0.831288738024,-0.228958052368,0.887240441802,1.223947594625,0.400967480784,0.995444743507,0.148634895305,-0.419031314899,0.998448486587,0.501493197990,0.455874830484,0.472015261650,-0.000361592276,-0.419927223766
224,1,0.258859668985,-0.008656236596,0.020698190407,-0.258859668985,0.008656236596,-0.020698190407,0.271139215172,0.567295535550,-0.071304419819,-0.287984956068,0.569414671935,0.129327788150,0.293358336504,1.030117130304,0.732776936659,-0.332517141095,1.030741776907,1.159322451615,0.251697440190,1.090417961475,0.775548009108,-0.276269151687,1.094103271272,1.199701367689,0.495520109283,1.227503003082,0.112387283334,-0.517547490047,1.232553281382,0.473713915761,0.455911904573,0.472143992782,-0.000371218426,-0.340081820689
225,1,0.232895150957,-0.007743122560,0.017435436035,-0.232895150957,0.007743122560,-0.017435436035,0.243889537456,0.510365655998,-0.059686295020,-0.259493097239,0.512222034400,0.142552116972,0.264405018040,0.927033123236,0.755431669867,-0.299099725942,0.926495115667,1.247990686584,0.227363307308,0.981487940895,0.799123182531,-0.248517553619,0.983329812645,1.298990240512,0.447429532182,1.104420935865,0.100298507193,-0.465362513364,1.109444179451,0.513812108073,0.455924630165,0.472146973014,-0.000366739463,-0.378007782390
226,1,0.233949534922,-0.007311786294,0.019486498627,-0.233949534922,0.007311786294,-0.019486498627,0.244844759220,0.514260532280,-0.063456784001,-0.260580367653,0.516095534114,0.129913049450,0.266295207691,0.933011628998,0.736535816333,-0.299990734063,0.932504284444,1.172044582943,0.229925658428,0.987311923888,0.779783213751,-0.248911760001,0.989467504062,1.216373734077,0.449711837763,1.111553946268,0.083749709026,-0.464758171056,1.117589126828,0.458209923452,0.456069305539,0.471745520830,-0.000365445390,-0.375947394672
227,1,0.212975376970,-0.006780489790,0.011868716608,-0.212975376970,0.006780489790,-0.011868716608,0.223505310946,0.468947857831,-0.056985899428,-0.237239790561,0.470806187785,0.163745837254,0.243205516960,0.850811891517,0.772099364409,-0.273158056894,0.850508844790,1.241415150751,0.210082119310,0.900439118502,0.819966433542,-0.226524573007,0.902543963088,1.291823850808,0.408352175533,1.013646300671,0.099743590214,-0.423403737286,1.019374259731,0.525174657332,0.456232830882,0.471689358354,-0.000353512121,-0.412251063172
228,1,0.250324714226,-0.007881249375,0.013867488274,-0.250324714226,0.007881249375,-0.013867488274,0.262890027415,0.550981772271,-0.101225430069,-0.279015927692,0.552955154745,0.166551449157,0.286363590423,0.998252394591,0.826709544509,-0.320727386147,0.999248094379,1.325017259751,0.248046315829,1.055756521941,0.883490098284,-0.265357945317,1.060446747264,1.377848838933,0.482193415600,1.191627389760,0.115027034022,-0.497451010590,1.197829861757,0.588099940274,0.456321403384,0.471872642636,-0.000356274657,-0.350671972985
229,1,0.216583693195,-0.006749858590,0.009273490473,-0.216583693195,0.006749858590,-0.009273490473,0.227953000946,0.476153374321,-0.052450831595,-0.240573071360,0.477946305509,0.204044139079,0.248483796341,0.862150483267,0.794550711565,-0.276287743571,0.862982464444,1.264097885063,0.215551942527,0.911394397413,0.844522535797,-0.227932803663,0.916242773598,1.314284828721,0.416880003467,1.029795131125,0.145620146607,-0.429532977091,1.035234443093,0.593785273489,0.456640392542,0.471844196320,-0.000352391158,-0.405779261949
230,1,0.226589779259,-0.007174982731,0.009685320566,-0.226589779259,0.007174982731,-0.009685320566,0.238517563196,0.497989570915,-0.080822233696,-0.251375182046,0.501194965451,0.157730640173,0.260571249332,0.902054173504,0.825532541548,-0.287570350824,0.903652874787,1.302238921348,0.226338877524,0.953553349102,0.873239527620,-0.237901028857,0.958914577410,1.362249851845,0.437496701604,1.077490199307,0.144476948152,-0.449166437142,1.083142519734,0.614227250261,0.456780046225,0.471847847104,-0.000353715033,-0.387819489222
231,1,0.232895935516,-0.007789038724,0.010924822297,-0.232895935516,0.007789038724,-0.010924822297,0.246030199749,0.510669730859,-0.092765874365,-0.256604841817,0.515615853029,0.157735849630,0.268517160025,0.927260299939,0.601280311080,-0.293538357522,0.929608170683,1.118519736201,0.233562645035,0.980728873918,0.630699686499,-0.242399206844,0.987746785865,1.153285125480,0.447845386264,1.104462813105,-0.056422701479,-0.459584424641,1.112056222213,0.440205356898,0.457264497876,0.471349105239,-0.000356290839,-0.378033061544
232,1,0.241822518196,-0.008234136564,0.015655643808,-0.241822518196,0.008234136564,-0.015655643808,0.257329326678,0.532016976956,-0.113116882128,-0.265744461240,0.536896781470,0.156399540442,0.281049668325,0.965353927765,0.582879437524,-0.302724691557,0.967722251676,1.095916660747,0.244671369217,1.020944035635,0.618524017539,-0.248403293461,1.027919148487,1.130982252383,0.468434063185,1.151074290242,-0.049081155283,-0.477114168965,1.157995555164,0.427718062801,0.457785069942,0.471393078566,-0.000363220228,-0.363065458050
233,1,0.230749279671,-0.007974660117,0.011806527452,-0.230749279671,0.007974660117,-0.011806527452,0.246195379131,0.504904394847,-0.050466738580,-0.251051365957,0.510229419647,0.164108593810,0.269098011735,0.917754897428,0.820220578609,-0.285904087190,0.919284850913,1.273148854237,0.234739692425,0.971286412125,0.868462656079,-0.234333635091,0.976426319109,1.325114515704,0.447003959214,1.094086016742,0.091471146971,-0.451798370173,1.101399106991,0.521184130531,0.458468824625,0.471428602934,-0.000358395744,-0.381870909076
234,1,0.235642789777,-0.008223951725,0.010474573709,-0.235642789777,0.008223951725,-0.010474573709,0.250668669826,0.513970288505,-0.053339205368,-0.255159680735,0.520907539567,0.185406069172,0.276957589910,0.934957692483,0.822300323513,-0.289330602855,0.936318802736,1.348067736937,0.242184622943,0.989486505121,0.870190399324,-0.235262341386,0.994281524392,1.404452290511,0.456812774959,1.115264908824,0.086828889328,-0.459060430289,1.122283536666,0.619677436243,0.459051609039,0.471978679299,-0.000358307501,-0.374283345447
235,1,0.207026660138,-0.007276087293,0.005298698359,-0.207026660138,0.007276087293,-0.005298698359,0.222589739224,0.452202892185,-0.005711737270,-0.224128279381,0.458395181636,0.218333221822,0.246237741348,0.822944179834,0.839179890973,-0.254012026602,0.824052579179,1.316334174317,0.215463573912,0.870801743177,0.885663765257,-0.206236608448,0.874603411351,1.369170773497,0.406849530562,0.981657798372,0.142221208883,-0.401657632148,0.988161987221,0.614925414992,0.460014089942,0.471999257803,-0.000348559755,-0.425202277633
236,1,0.257689594975,-0.009187251805,0.014946189854,-0.257689594975,0.009187251805,-0.014946189854,0.277823524578,0.562059965627,-0.058098607213,-0.276194632989,0.569668953673,0.191155779249,0.309073269012,1.022937556652,0.637509587989,-0.312240253226,1.024318537442,1.155557674938,0.269380353727,1.081846042344,0.670639533237,-0.252892760642,1.087026288809,1.189888048717,0.511207186685,1.220539455781,-0.011360741796,-0.496153990671,1.228440882716,0.466769717135,0.461069867015,0.472054451704,-0.000356628327,-0.342008526658
237,1,0.225814432811,-0.008195921511,0.006325340370,-0.225814432811,0.008195921511,-0.006325340370,0.247152613925,0.491823554437,-0.034053852449,-0.238647713129,0.498571064045,0.215417741201,0.275225948527,0.895103530707,0.756712532603,-0.269197992257,0.896585044810,1.310907876535,0.240873035177,0.946764012899,0.797368974219,-0.217298319979,0.951507390270,1.361143896341,0.449585376853,1.068329628203,0.034369492456,-0.430264751909,1.075875404213,0.575136977358,0.462858527899,0.472032219172,-0.000351217343,-0.390735605512
238,1,0.268336335872,-0.009873603612,0.013760054100,-0.268336335872,0.009873603612,-0.013760054100,0.297628457105,0.583699212573,-0.054084363907,-0.281809845164,0.590804128577,0.197631876057,0.331370327684,1.063508084707,0.660559865656,-0.316439852902,1.065017346874,1.195608893246,0.290130273714,1.124884444057,0.692670614653,-0.254835092120,1.130527772160,1.230700326260,0.538558071192,1.269362489532,-0.041201970779,-0.506962177092,1.278879215905,0.463357615273,0.464277684689,0.472085371614,-0.000358727528,-0.328815154301
239,1,0.242207909711,-0.009085772580,0.009956424200,-0.242207909711,0.009085772580,-0.009956424200,0.271071207820,0.525567866801,-0.028303456927,-0.251493659047,0.532298552701,0.194161023250,0.303553525745,0.957813642418,0.887307655253,-0.281488620593,0.959371803146,1.343784553498,0.266254695994,1.012979621427,0.940878720607,-0.225118125681,1.018403536615,1.399246026034,0.490375837294,1.143538103223,0.161181805763,-0.451953103058,1.152000096971,0.590905350559,0.466065257788,0.472158297896,-0.000360567006,-0.364897340968
240,1,0.233233598663,-0.008817622920,0.006012831641,-0.233233598663,0.008817622920,-0.006012831641,0.265686490883,0.506166632925,-0.042756340770,-0.237611493123,0.513145884962,0.195602970825,0.299236100217,0.923117509097,0.832548101317,-0.265004545695,0.924563424971,1.358397822989,0.263074821079,0.976146757179,0.882170536072,-0.210305189207,0.981307751112,1.415123571378,0.478840058792,1.102217113196,0.138539044377,-0.429241161104,1.110518219510,0.624951131121,0.468587040901,0.472133442760,-0.000361563987,-0.378589838673
241,1,0.233978360405,-0.008839834863,0.004565277395,-0.233978360405,0.008839834863,-0.004565277395,0.265944952026,0.506706246131,-0.065727983939,-0.233249028800,0.513833704666,0.198870026151,0.305770856335,0.924622872834,0.819122647847,-0.259352194774,0.926116536392,1.405307711004,0.269550460990,0.978014959861,0.866692694775,-0.204627256604,0.984098398966,1.464832269156,0.487561646241,1.104020474436,0.106722087726,-0.423568946639,1.111820980230,0.668181197418,0.470894366503,0.472142979503,-0.000361387385,-0.378059972935
242,1,0.230330906757,-0.008734702012,0.004778328876,-0.230330906757,0.008734702012,-0.004778328876,0.269424738016,0.501346425534,-0.062755849513,-0.227829793005,0.508383129442,0.197161167197,0.309960463070,0.915421835087,0.801900031657,-0.249557613966,0.916712500926,1.361877723069,0.273387331845,0.968826684651,0.848433997440,-0.195758385615,0.973793329106,1.416994460612,0.489253612335,1.092915075149,0.097280535206,-0.412632540347,1.100666249215,0.644334664336,0.473410502076,0.472153544426,-0.000360452337,-0.381919469502
243,1,0.218969253913,-0.008231094056,-0.005238763650,-0.218969253913,0.008231094056,0.005238763650,0.260075815706,0.478039711936,-0.018350844663,-0.213801393333,0.484628336212,0.260063825979,0.303906152593,0.872328714107,0.951870416360,-0.228780259516,0.873989743078,1.480454317506,0.269033247308,0.922878742581,1.008748422199,-0.174948043746,0.928425969383,1.542053870721,0.474705082839,1.041588235730,0.228642409465,-0.387491763666,1.049161873245,0.751214174221,0.476736560464,0.472144946456,-0.000357071054,-0.400646750000
244,1,0.192116259090,-0.007234360578,-0.011188897301,-0.192116259090,0.007234360578,0.011188897301,0.233528676507,0.418812726549,0.001379295321,-0.182166104703,0.424593280016,0.230090803882,0.273770813419,0.763967326720,0.990564365858,-0.192956019270,0.765702639902,1.424007782211,0.243656963817,0.808061384396,1.051459493209,-0.146394693520,0.813310472130,1.488300666329,0.423353910268,0.912839390985,0.290713908637,-0.330228260555,0.919094444151,0.714594037767,0.479902416468,0.472191989422,-0.000340954168,-0.457241401350
245,1,0.201023786790,-0.007668771721,-0.012903862887,-0.201023786790,0.007668771721,0.012903862887,0.247999805134,0.436881747679,0.018146496494,-0.186153660653,0.443121519958,0.262832109394,0.294267303620,0.797860247359,0.956630333866,-0.193862945508,0.799843585051,1.457140769858,0.263436229245,0.844096602863,1.010061603936,-0.145028706569,0.850196538387,1.518673712717,0.451431619023,0.953505371340,0.255151480171,-0.337310515424,0.959148043398,0.751968201854,0.483308911324,0.472606673837,-0.000338583952,-0.437326832585
246,1,0.187849716946,-0.007521560877,-0.015510479326,-0.187849716946,0.007521560877,0.015510479326,0.236636140420,0.406382024598,0.012530460787,-0.169812406180,0.412607264156,0.281743019957,0.281679668789,0.742225756825,0.907742861676,-0.173623792898,0.745242310446,1.448237754630,0.252748061723,0.785234677657,0.960346771307,-0.127650671959,0.792733556247,1.510154299879,0.428056030347,0.888618510624,0.233636556820,-0.307147620675,0.892898918759,0.775248949528,0.486750021577,0.472890287638,-0.000326457433,-0.469063321966
247,1,0.215705028291,-0.008986459936,-0.016426147124,-0.215705028291,0.008986459936,0.016426147124,0.276635246023,0.468497562501,-0.031627734457,-0.191156492548,0.476141959755,0.293696840222,0.335153813116,0.858575344071,0.751895539960,-0.191676658241,0.861284693147,1.395044049797,0.300495042500,0.908396863970,0.787969697998,-0.138525901930,0.916549988257,1.443297446845,0.508070483745,1.025623322631,0.030783922536,-0.345727533660,1.030456156124,0.691897572950,0.490320950747,0.472920060158,-0.000336106867,-0.406442943131
248,1,0.221953994333,-0.009632881278,-0.015014848303,-0.221953994333,0.009632881278,0.015014848303,0.292400010503,0.481641109943,-0.011509642860,-0.190519560531,0.491045929941,0.280377930383,0.358903391731,0.886268023704,0.881968461333,-0.185339214073,0.889252286219,1.454935957210,0.323027935999,0.937896825606,0.928007754694,-0.130106119886,0.946384098495,1.511866899837,0.539932391523,1.058857468511,0.106363746389,-0.344374047647,1.063975251495,0.718326502081,0.495309472084,0.473094731569,-0.000339079881,-0.393467899115
249,1,0.210686603843,-0.009631399826,-0.014146597139,-0.210686603843,0.009631399826,0.014146597139,0.288635046648,0.461173183765,0.010570711971,-0.173729858668,0.470333122551,0.268671942804,0.356059086951,0.848797321457,0.897557721275,-0.164573110083,0.851667632823,1.424248038601,0.319845876257,0.898303304577,0.943634962744,-0.111667967181,0.906449629317,1.480778990606,0.528778775539,1.013836019709,0.129614074008,-0.316496454619,1.019047504005,0.695773121171,0.500639542937,0.472942665219,-0.000339008635,-0.411040541753
250,1,0.214675674901,-0.010183309298,-0.013241360871,-0.214675674901,0.010183309298,0.013241360871,0.296242205004,0.469493630593,0.026661924974,-0.172657884723,0.478560081768,0.277313219913,0.372902091237,0.863150047108,0.913784394817,-0.157547625044,0.867210906321,1.447784206170,0.335769530791,0.913616084414,0.957666470418,-0.103254807219,0.923369117197,1.505320158458,0.548545808464,1.032089883450,0.134323295916,-0.313175250982,1.037307696916,0.712788995069,0.504694893956,0.473096311092,-0.000340263126,-0.403596586656
251,1,0.225086449600,-0.010991755254,-0.011952220900,-0.225086449600,0.010991755254,0.011952220900,0.321576033232,0.495079556983,-0.067407726955,-0.174361649483,0.503673438381,0.253072865375,0.408999111730,0.910924699484,0.693067249436,-0.151919775776,0.914422816457,1.390940728295,0.369520964185,0.964321596527,0.728699026839,-0.093657153097,0.974071905992,1.445324485514,0.594830400235,1.089684321270,-0.047849500921,-0.315293293583,1.094840244891,0.686788795741,0.510509416461,0.473030656576,-0.000351831084,-0.382441828685
252,1,0.221758448461,-0.011210436767,-0.011612558720,-0.221758448461,0.011210436767,0.011612558720,0.326479095614,0.487833039603,-0.075974765469,-0.163004384757,0.496434801838,0.249296331610,0.419052953225,0.897561390204,0.701407274838,-0.134001095552,0.901516551697,1.370061966214,0.380004754595,0.950410811465,0.739019312840,-0.076225457543,0.960049348698,1.422733268548,0.601086427907,1.074001086038,-0.051917328321,-0.291545751308,1.078982120421,0.657831477336,0.516748338938,0.472887992859,-0.000352578703,-0.388175411552
253,1,0.221772070742,-0.011813662927,-0.011426262655,-0.221772070742,0.011813662927,0.011426262655,0.328485266495,0.484355439306,-0.004971452444,-0.156841751132,0.493850779413,0.267269287499,0.431490690290,0.892682590647,0.757777387120,-0.120573622816,0.894492930892,1.452341306795,0.392590625769,0.945339818821,0.787975033833,-0.062638605948,0.951231606171,1.513580905718,0.612526779361,1.068414358329,-0.047871147363,-0.271159125255,1.073372072506,0.739534286588,0.522166892886,0.473360195756,-0.000352640636,-0.389760867627
254,1,0.254876628305,-0.014720922559,-0.008086063703,-0.254876628305,0.014720922559,0.008086063703,0.390531897159,0.556709162959,-0.104503177804,-0.177904824690,0.572118691168,0.292134540696,0.513791201162,1.034299640808,0.492071933308,-0.125336372536,1.036442757011,1.345450572511,0.467172000605,1.095421244035,0.513773443376,-0.057165963550,1.102216136151,1.388575315342,0.725664329071,1.237935902260,-0.213626486448,-0.295289119816,1.243686080599,0.693137562755,0.527479365468,0.473355576396,-0.000375779346,-0.336387815849
255,1,0.244956062884,-0.015223528670,-0.006623567411,-0.244956062884,0.015223528670,0.006623567411,0.381274565124,0.533587069743,-0.135941806198,-0.167504651516,0.550852673532,0.267972374205,0.507203227248,0.995419841832,0.516492528233,-0.111306034727,0.998209579182,1.316421486873,0.462463989178,1.054547537868,0.543780430169,-0.042712128986,1.061500135721,1.361972813614,0.711563469509,1.191871280185,-0.215308816890,-0.270870926943,1.197052172248,0.635905720146,0.532030522823,0.473296925426,-0.000384419283,-0.349478482090
256,1,0.245146488242,-0.015705067906,-0.002189067424,-0.245146488242,0.015705067906,0.002189067424,0.390998506292,0.533031453773,-0.208381005609,-0.163875001706,0.551466975685,0.206947193860,0.519426177450,0.993329137766,0.529890043419,-0.099187945428,0.998249404884,1.318795131505,0.474479635409,1.052552300949,0.565002234607,-0.028534137762,1.061184474212,1.370627915311,0.723793126786,1.191183236384,-0.202011715987,-0.254533801825,1.195928833593,0.626989242065,0.536186635494,0.473464086652,-0.000390486355,-0.349431430721
257,1,0.241409002640,-0.016956619254,-0.001996642385,-0.241409002640,0.016956619254,0.001996642385,0.400935331784,0.523223195993,-0.250496628520,-0.154582002379,0.546211310639,0.204804298918,0.537176436587,0.982078398254,0.515246444301,-0.083939346880,0.986188204992,1.307334275962,0.491667069879,1.041388404960,0.550143516262,-0.013619171295,1.047488551655,1.367197370277,0.765565544510,1.177213640475,-0.284734601605,-0.233497708956,1.183074245113,0.632223925743,0.541347086430,0.472969248891,-0.000390958376,-0.353583837940
258,1,0.285857469027,-0.020285233677,0.038175160445,-0.285857469027,0.020285233677,-0.038175160445,0.484202108104,0.612444216407,-0.258489466897,-0.174276505654,0.642872561969,0.200741245483,0.656950354934,1.148443016536,0.157310633151,-0.086919367906,1.158618801507,1.023005111382,0.601829275463,1.221961221376,0.158348535792,-0.003714682304,1.230871864871,1.042494012856,0.947263789269,1.366623584859,-0.456840021782,-0.264212440936,1.389777713465,0.446771089558,0.545214518905,0.472979336977,-0.000394824427,-0.301005130759
259,1,0.286810132366,-0.021457528951,0.063657184383,-0.286810132366,0.021457528951,-0.063657184383,0.498479402211,0.601336882439,-0.248362465207,-0.166469110786,0.643430365493,0.202728259703,0.707485622658,1.150958053957,-0.089156499957,-0.075503383291,1.162283901252,0.872833714978,0.656406803386,1.229720304511,-0.110223710167,0.008364715344,1.237618177632,0.874968361086,1.032224862588,1.353987741520,-0.665826809224,-0.249747889943,1.389226863619,0.319644085046,0.549083992839,0.472643241286,-0.000399046578,-0.300390198682
260,1,0.287008802621,-0.024726849447,0.079730997644,-0.287008802621,0.024726849447,-0.079730997644,0.521636349747,0.586582882607,-0.277146532558,-0.156398060633,0.642919974448,0.209763239423,0.775374627434,1.144022027389,-0.211576217592,-0.060600857460,1.163833101436,0.843538363179,0.738232156825,1.231188098803,-0.235858629717,0.025208502730,1.240174404051,0.841736942262,1.140750489324,1.341205513479,-0.757104001398,-0.252299062416,1.390133484297,0.317994733641,0.553698748350,0.471575230360,-0.000404399820,-0.300898382115
261,1,0.279672490523,-0.026021525497,0.089182844384,-0.279672490523,0.026021525497,-0.089182844384,0.531818473878,0.564128356775,-0.270923182607,-0.150942313671,0.623612449559,0.203013439406,0.803682429323,1.107948020766,-0.209648341486,-0.051398855746,1.134203641699,0.786547889481,0.774937452523,1.201519063569,-0.234546059814,0.033228664205,1.209853207340,0.782996303933,1.212693273563,1.267945999967,-0.708489342102,-0.238014082356,1.352117447380,0.311219005538,0.555801033974,0.470887750387,-0.000406001695,-0.309868717787
262,1,0.283954892181,-0.028602080992,0.109381261546,-0.283954892181,0.028602080992,-0.109381261546,0.576492657943,0.564618007270,-0.266122208096,-0.151819478196,0.633954607342,0.160074347607,0.888786856159,1.108982686084,-0.052321334848,-0.048471759967,1.154040718689,0.720210486923,0.854454579476,1.219793526031,-0.062181776848,0.040566409609,1.231284625018,0.715827465188,1.349688653931,1.238767305720,-0.625196069632,-0.233571730454,1.377425054268,0.241496053026,0.558042496443,0.470197677612,-0.000406898558,-0.304743044088
263,1,0.297562083356,-0.031346690219,0.129221973780,-0.297562083356,0.031346690219,-0.129221973780,0.640543577157,0.586786497646,-0.261234182762,-0.156824009930,0.665298445518,0.113211007275,1.014050680711,1.145587853211,0.025504146911,-0.047810245793,1.211578477832,0.706273768203,0.979732163285,1.272290435015,0.020239999460,0.045725854166,1.292731502913,0.701817155530,1.524615892170,1.259593121997,-0.550273941121,-0.239970149893,1.446083817263,0.194402132704,0.559315294027,0.469808369875,-0.000411394984,-0.290589538150
264,1,0.290278559492,-0.031926436552,0.143936424140,-0.290278559492,0.031926436552,-0.143936424140,0.662860556906,0.562737328104,-0.159654686175,-0.152857467658,0.652983724309,0.071481053634,1.083037246713,1.108991378536,0.083487137676,-0.043953347087,1.188300675162,0.618063152740,1.053341681830,1.243114196951,0.080233356079,0.048082569958,1.268341335932,0.606899549344,1.616424543818,1.181042102083,-0.412436312510,-0.229960613085,1.418748311649,0.084280660990,0.560354605317,0.469487026334,-0.000411780551,-0.296570872446
265,1,0.292390668835,-0.035206591557,0.151634567602,-0.292390668835,0.035206591557,-0.151634567602,0.709153812640,0.553899904467,-0.163413095090,-0.154756061032,0.664272661361,0.048717711570,1.169685674065,1.093919578242,0.096760863927,-0.038901336911,1.211646610653,0.566672116120,1.146940731283,1.232137984715,0.093844733079,0.056059990004,1.292883987012,0.552046412387,1.727356212116,1.134245858196,-0.328917944584,-0.228246705863,1.439689200715,0.055209049499,0.561595693231,0.468628957868,-0.000414025038,-0.292816907121
266,1,0.290116169313,-0.036805243835,0.161873830601,-0.290116169313,0.036805243835,-0.161873830601,0.749788770510,0.538548084100,-0.147241342950,-0.153227002158,0.662644418185,0.047554610156,1.251202792249,1.064872615493,0.110266297310,-0.033039223597,1.207247897451,0.577143120483,1.253221122280,1.205298480573,0.106361381119,0.062955531990,1.288174926423,0.561913516316,1.813303705757,1.080824212784,-0.308439548700,-0.221296993890,1.433087792180,0.035952111286,0.563231647015,0.468134030700,-0.000411726534,-0.294290416954
267,1,0.292991200383,-0.039226543442,0.170167854647,-0.292991200383,0.039226543442,-0.170167854647,0.802475421611,0.529894038246,-0.132820603002,-0.154731377788,0.671321282298,0.015857113181,1.318704483234,1.052150354976,0.117479731569,-0.028973326067,1.223865643853,0.565998803781,1.341593967468,1.197143382832,0.114836044858,0.068315041948,1.306708404964,0.554538710464,1.860404997058,1.063295069559,-0.241604226012,-0.215532584194,1.451100301374,0.041496624498,0.564522475004,0.467981234193,-0.000413887203,-0.290719807730
268,1,0.293225851520,-0.040951163177,0.168355265302,-0.293225851520,0.040951163177,-0.168355265302,0.830636157921,0.511141053474,-0.128103720716,-0.155173029616,0.670534867827,0.027906818889,1.386846441435,1.028047237026,0.122215827448,-0.022679033284,1.221181777564,0.625478739426,1.412320525152,1.168179150455,0.118196454064,0.075528861168,1.303781665595,0.618487996035,1.882114638628,1.036591933201,-0.262355891872,-0.208149696188,1.447406395548,0.088480735415,0.565865769982,0.467721179128,-0.000410458073,-0.291588338001
269,1,0.298780288375,-0.043064348543,0.167055259164,-0.298780288375,0.043064348543,-0.167055259164,0.885445328782,0.507254062191,-0.131784845542,-0.158838747888,0.680000423550,0.031834177867,1.472029150211,1.028756371903,0.053267337446,-0.019505419754,1.236264869524,0.658033931822,1.490089058140,1.170400410984,0.034189954498,0.079423429726,1.320919431811,0.656048303455,1.960261530668,1.045293217316,-0.452439117641,-0.206703386076,1.463072897820,0.092626338099,0.566693708301,0.467571258545,-0.000408556312,-0.288413197726
270,1,0.296722364027,-0.045016939809,0.165653407906,-0.296722364027,0.045016939809,-0.165653407906,0.904509694422,0.490682803934,-0.132291849796,-0.161739079108,0.677758116288,0.067275489636,1.523019386981,1.002249189314,0.024690575864,-0.017207216703,1.231144088608,0.670932762428,1.545400882761,1.138263480479,0.002414694300,0.082224752549,1.316604946704,0.678146876569,1.946428010274,1.013879515403,-0.550536725399,-0.205727171308,1.456579000840,0.120773233183,0.567548513412,0.467280417681,-0.000402688980,-0.289927723303
271,1,0.294087368346,-0.046850432214,0.163360744091,-0.294087368346,0.046850432214,-0.163360744091,0.919066715430,0.473458161302,-0.127067453328,-0.163418813825,0.674968171159,0.073406397415,1.551014328649,0.963990481823,0.060747628774,-0.017475025240,1.224366654686,0.688515362116,1.588516107316,1.096488303094,0.038780667358,0.082827660440,1.309112209932,0.696858535982,1.954802223392,0.984572384460,-0.515045525051,-0.201436476108,1.446476721143,0.111307187186,0.568630367517,0.466782107949,-0.000402614474,-0.292212414851
272,1,0.289423697741,-0.047572861488,0.158871778433,-0.289423697741,0.047572861488,-0.158871778433,0.936282930580,0.459695744338,-0.126601191482,-0.161495310786,0.666078616897,0.050923442992,1.564202814820,0.927805447857,0.316230381921,-0.018242596690,1.213156012019,0.697334081578,1.600924264600,1.047017160360,0.325004809610,0.080190394361,1.299787874256,0.702507035484,2.011622421261,0.999891321970,-0.361322262703,-0.186663880352,1.425029807434,-0.018852224817,0.569694042206,0.466363653541,-0.000402621925,-0.296974463935
273,1,0.288508323836,-0.050352716003,0.158463334123,-0.288508323836,0.050352716003,-0.158463334123,0.954276923773,0.453381819646,-0.145670436878,-0.162877204626,0.669053066760,0.045334709200,1.609385183386,0.927287658614,0.284325507178,-0.017447329234,1.216143246364,0.698746581961,1.640096956255,1.052964504750,0.281862069318,0.083078103140,1.303185853934,0.703454299356,2.068401580649,1.011535709223,-0.480236718087,-0.186736231059,1.428052651587,0.003856549306,0.570574015379,0.465278759599,-0.000405607745,-0.297195989161
274,1,0.289238254916,-0.051783962523,0.149288392437,-0.289238254916,0.051783962523,-0.149288392437,0.965484921922,0.449036463709,-0.200096356191,-0.161405753899,0.673057739010,0.059208137652,1.638573342532,0.921319788190,0.148320980500,-0.013481073215,1.223325354844,0.775253792303,1.672801705322,1.048267092408,0.137511528943,0.088185195218,1.309620894926,0.779511856052,2.106646307880,1.019437234965,-0.572838665407,-0.185563973686,1.434767877176,0.038128654477,0.571758732200,0.464162573218,-0.000397954136,-0.296744938345
275,1,0.282371169524,-0.050545736925,0.143506288856,-0.282371169524,0.050545736925,-0.143506288856,0.950731308624,0.431423486508,-0.235441614633,-0.156511276026,0.655559600730,0.066163068388,1.634972113348,0.888376038020,0.036965254739,-0.012545099590,1.191125697874,0.919349688957,1.673632491609,1.016620483086,0.018269756118,0.087931267900,1.275042397019,0.935483446746,2.065960388396,0.987361718566,-0.698942834261,-0.179310006019,1.397433602991,0.203241637557,0.572499305010,0.464125469327,-0.000390812755,-0.304803237833
276,1,0.281632880995,-0.051445314040,0.143636645223,-0.281632880995,0.051445314040,-0.143636645223,0.959800835437,0.421513046203,-0.235237537495,-0.152077857775,0.658119169772,0.068083896020,1.648386799989,0.873287871804,0.066957548517,-0.008145644015,1.194814507110,0.895467123704,1.684139753121,0.996190294086,0.060687394722,0.092731428761,1.278590323092,0.906454125602,2.090997384121,0.970734972812,-0.638025788317,-0.174794610571,1.402467921897,0.200763119470,0.573898762465,0.463784620166,-0.000392798334,-0.304142588763
277,1,0.284611306670,-0.052623167363,0.145019499395,-0.284611306670,0.052623167363,-0.145019499395,0.976095008443,0.423824825524,-0.234304699277,-0.150207316447,0.668858112962,0.076500558360,1.679704888095,0.884573414028,0.047243926131,-0.004601635249,1.213282718756,0.806974227615,1.716351538592,1.008987985654,0.035895857442,0.097912315470,1.298178761557,0.802414190922,2.138712947292,0.979065851077,-0.603152609751,-0.174157548404,1.422492343617,0.140798066001,0.575052902102,0.463407680392,-0.000392366201,-0.299824636025
278,1,0.286721767176,-0.053737174002,0.145838092474,-0.286721767176,0.053737174002,-0.145838092474,0.984594586468,0.428239291099,-0.228297255931,-0.148228665060,0.676046891202,0.077774026600,1.694838969013,0.893863035577,0.056623034150,-0.002468846163,1.225209994561,0.797458574907,1.739235069871,1.020749130379,0.045667980661,0.100581559008,1.310317081788,0.793086789383,2.159066778281,0.983782838194,-0.582479437086,-0.172645507477,1.436309079950,0.120181836925,0.576006352901,0.463135629892,-0.000391751528,-0.297124370943
279,1,0.282579162816,-0.052962088283,0.143356607275,-0.282579162816,0.052962088283,-0.143356607275,0.972059173925,0.425109093203,-0.248728549641,-0.144846375464,0.666300929327,0.069589461004,1.671303161183,0.883709660138,0.058850971724,-0.002230784456,1.207510364463,0.832335370295,1.719916069956,1.011230396600,0.048666872987,0.100199348288,1.291259660727,0.837144425742,2.125374985067,0.969443237965,-0.605025225738,-0.172851318583,1.415260847956,0.126760825923,0.576354578137,0.463139265776,-0.000392030925,-0.301465389849
280,1,0.285175951681,-0.054138903240,0.143167285429,-0.285175951681,0.054138903240,-0.143167285429,0.981209124260,0.432678096319,-0.221957832596,-0.143694737783,0.674083845977,0.066389360604,1.672382843353,0.896318269213,0.244834111952,-0.000057461061,1.222317284529,0.838696575423,1.716715849263,1.021412447137,0.250485839150,0.102006563175,1.306064859158,0.843506430679,2.129381371254,0.982786233195,-0.432667444057,-0.172107560119,1.430471301566,0.083090447986,0.577092841268,0.462840020657,-0.000392293558,-0.298484507338
281,1,0.240910546095,-0.045699009699,0.120855781999,-0.240910546095,0.045699009699,-0.120855781999,0.825316342726,0.367939060151,-0.158005288295,-0.119062968049,0.570553931341,0.035294044009,1.395342028726,0.761241205238,0.644792442226,0.000108741483,1.033826616113,1.062197386341,1.438581850202,0.864597154635,0.676824497852,0.087806086268,1.103997064382,1.099839682932,1.787812971067,0.834634524634,-0.162224512768,-0.143784883797,1.210363809440,0.209658496212,0.578564018011,0.462800160050,-0.000391906127,-0.352722693727
282,1,0.242808138813,-0.046078288821,0.139401209920,-0.242808138813,0.046078288821,-0.139401209920,0.820115671808,0.373136747510,-0.116566246229,-0.118070730692,0.575643944042,-0.041069263372,1.370701836560,0.772084641050,0.633135472491,0.000456582027,1.043100885602,0.963090406720,1.399645999084,0.874644501351,0.657034806525,0.087918069004,1.113288572857,0.989682675105,1.775517452935,0.847552290782,-0.137742012409,-0.142866600991,1.221390858886,0.176600120952,0.579806581140,0.462803795934,-0.000388745219,-0.349502446285
283,1,0.265908210179,-0.050148672731,0.154515602660,-0.265908210179,0.050148672731,-0.154515602660,0.861801179835,0.414924339051,-0.049415316631,-0.128084796219,0.628223271808,-0.012837376289,1.431171036107,0.863075460547,0.570643956935,-0.000566026896,1.136798670547,0.854475314467,1.455632137948,0.977832744141,0.605283622804,0.094886310472,1.212736415215,0.858193193973,1.911187562193,0.948000868540,-0.188314673053,-0.156368856356,1.331418436938,0.164291600851,0.581412643194,0.462805226445,-0.000392036512,-0.320701978681
284,1,0.281046096259,-0.052456282001,0.183260676656,-0.281046096259,0.052456282001,-0.183260676656,0.869514405102,0.453536285874,0.039111026160,-0.137071093130,0.663239947830,-0.006042449095,1.435866950440,0.935315049269,0.564510758659,-0.001861300111,1.200561911305,0.692307830628,1.459667121754,1.057307252939,0.582580946082,0.099734434956,1.280769008500,0.682230669280,1.938655648627,0.985840011289,0.062462219630,-0.166671661299,1.406033916304,0.068884528052,0.582648634911,0.463152125478,-0.000391395763,-0.303258986986
285,1,0.283670302049,-0.052932290190,0.183490631374,-0.283670302049,0.052932290190,-0.183490631374,0.844589624006,0.476567843919,0.008807145478,-0.134107030284,0.671918558316,0.025378215963,1.392019981971,0.979887196700,0.437797489815,0.001630934572,1.215936200626,0.642386432961,1.407662765327,1.101104068885,0.439173578414,0.105091131067,1.296421328214,0.627232232996,1.904576172651,0.999864651675,-0.068726218765,-0.168701761251,1.424721912803,0.049873139717,0.585635900497,0.463231623173,-0.000391405076,-0.299314300618
286,1,0.281758620699,-0.051567456255,0.181436245404,-0.281758620699,0.051567456255,-0.181436245404,0.800362876996,0.491786820304,-0.005304398378,-0.134789499733,0.666732182585,0.020858274358,1.310782503938,1.000102609796,0.423280415137,0.001039629492,1.206748643925,0.641508060551,1.309180096937,1.117007905500,0.425413092642,0.101454558074,1.285542450499,0.632297329772,1.820696711385,1.014343650803,-0.094698285738,-0.175038522598,1.417270147228,0.026876079297,0.587080419064,0.463523313403,-0.000393517315,-0.300709401175
287,1,0.280976392259,-0.050437101457,0.181085250771,-0.280976392259,0.050437101457,-0.181085250771,0.741741240476,0.507767034814,-0.001534350805,-0.130561348669,0.665424701872,0.022536460366,1.235331113352,1.027734443661,0.379622138046,0.000149930075,1.204126136166,0.613787695310,1.214536218266,1.149534346486,0.374809833525,0.101434879955,1.282221174451,0.602637971387,1.743825279300,1.056407653841,-0.127185178306,-0.171894880301,1.415103416895,0.012372416132,0.589545220137,0.463800445199,-0.000397080556,-0.300746290122
288,1,0.282286201777,-0.048002459117,0.180346017119,-0.282286201777,0.048002459117,-0.180346017119,0.714146634421,0.529724894100,-0.029944199342,-0.126750368957,0.662496141600,0.036090975695,1.157890291437,1.054673421155,0.241563160175,0.002576700889,1.200212984537,0.625536767582,1.133877731044,1.177087593800,0.233821776152,0.096519704240,1.278217413549,0.614812306520,1.651581649500,1.104632601475,-0.192993083183,-0.166599080867,1.410727210717,0.015982128778,0.591042637825,0.464443743229,-0.000398255885,-0.301157528040
289,1,0.282012385634,-0.045011996263,0.175279735642,-0.282012385634,0.045011996263,-0.175279735642,0.671486569493,0.536058762019,-0.051928922814,-0.121534027421,0.657273770905,0.043383376551,1.050534746214,1.068956833591,0.166519414146,0.004900692906,1.193889582296,0.598309695282,1.025678526495,1.194072865054,0.156650838630,0.093165249872,1.271785149042,0.584565214721,1.556851737644,1.135002351275,-0.245896187702,-0.166915943137,1.403920772035,0.022699261008,0.593382239342,0.465156883001,-0.000407338142,-0.302116334289
290,1,0.283865857607,-0.042443866057,0.153617586185,-0.283865857607,0.042443866057,-0.153617586185,0.643343480025,0.553861467054,-0.154537458298,-0.124081326516,0.656665861269,0.087693628178,0.976866685889,1.091121063620,0.059563829698,-0.000228994727,1.193912801822,0.611361705484,0.953116393015,1.211501099724,0.050417422762,0.087305722630,1.272414883492,0.597094572681,1.448427141702,1.182358653391,-0.375448156868,-0.189701960442,1.404926498600,0.145259612369,0.594446539879,0.465824559331,-0.000414734706,-0.301413834652
291,1,0.281319636000,-0.040001497509,0.139245838132,-0.281319636000,0.040001497509,-0.139245838132,0.599308774695,0.561434107364,-0.187518297052,-0.123270944073,0.648007766223,0.156649116904,0.897137195036,1.100008629975,-0.046216427090,-0.001629483937,1.175851192601,0.734154996414,0.866431542899,1.218463904614,-0.064805400113,0.087515623248,1.254457920331,0.728767046195,1.328619102446,1.216830996775,-0.544093712222,-0.183920576861,1.387420953079,0.261072213440,0.595041424036,0.466241285205,-0.000409377739,-0.304646933138
292,1,0.282157756803,-0.038585599191,0.124211330845,-0.282157756803,0.038585599191,-0.124211330845,0.567181962998,0.575767610151,-0.206857408418,-0.124479552803,0.647393613742,0.209832316073,0.827960254657,1.120202550347,-0.111118928453,-0.002155072791,1.171983407454,0.854416266264,0.786009488898,1.236410502979,-0.133886918711,0.088779584434,1.251862514838,0.858333290399,1.227311507916,1.261534457254,-0.627043462292,-0.186337315371,1.386900564002,0.393949576667,0.595188528299,0.466505229473,-0.000409670174,-0.304526577484
293,1,0.276061413222,-0.034819513103,0.094562349374,-0.276061413222,0.034819513103,-0.094562349374,0.523756740830,0.574700384319,-0.197308022026,-0.122249662197,0.630784232773,0.224778992697,0.740797401522,1.093045076892,-0.002921187985,-0.004087039788,1.139369205031,0.977926219586,0.692892806961,1.192560418568,-0.012284486138,0.086759787563,1.216292519909,0.993668121249,1.079783110445,1.243664465888,-0.565736865046,-0.181809501915,1.350691766190,0.461114178911,0.595041543245,0.468498378992,-0.000408894382,-0.311021796367
294,1,0.276124257437,-0.032813857998,0.089668103942,-0.276124257437,0.032813857998,-0.089668103942,0.505485000080,0.573484388746,-0.181129589434,-0.122445581539,0.629981998917,0.218196338827,0.670145722469,1.099236923949,0.032434456392,-0.006188951817,1.136255032342,0.920850785231,0.637377396138,1.191762640277,0.024293199534,0.086339065059,1.213379734026,0.930422692016,0.996229146767,1.249898048493,-0.534436301881,-0.181370077517,1.347653100798,0.416723012267,0.594947069883,0.469383150339,-0.000404338352,-0.310906758038
295,1,0.273188662951,-0.031221513996,0.078813309470,-0.273188662951,0.031221513996,-0.078813309470,0.471739313262,0.575380300849,-0.142080971162,-0.121735599480,0.621475124373,0.210581705972,0.612178219726,1.099352101271,0.079551047778,-0.010282336369,1.121999604299,0.904787584121,0.552268358575,1.183716034874,0.068252195592,0.079599786952,1.198505725395,0.913844458057,0.909482300524,1.262360067492,-0.501754776805,-0.181043840629,1.331790909438,0.382942275362,0.594665467739,0.470550164580,-0.000396790914,-0.313815550655
296,1,0.273204069108,-0.030845114944,0.072478179012,-0.273204069108,0.030845114944,-0.072478179012,0.447163393176,0.580300547038,-0.142682954302,-0.122624444089,0.627267400121,0.203855472859,0.577464532202,1.113799440172,0.103528125880,-0.012249021976,1.129586286689,0.909138639242,0.513890381588,1.197226172647,0.091944029404,0.076765419757,1.206820344395,0.919188638353,0.852688562796,1.283351731982,-0.476249063372,-0.183898999190,1.340303001632,0.361033767794,0.594033539295,0.470758676529,-0.000390603207,-0.311735285140
297,1,0.274320470676,-0.029807380789,0.062817828902,-0.274320470676,0.029807380789,-0.062817828902,0.429212071765,0.583210838982,-0.129701875493,-0.122727111990,0.627025379357,0.226817850276,0.533450762481,1.113198677399,0.150673839063,-0.012560745667,1.134340729999,0.899795438804,0.456892610497,1.196743076791,0.144580533554,0.076909888968,1.209812175063,0.907704095568,0.752938961473,1.292974973916,-0.443861492834,-0.182867894642,1.347545387355,0.350820861047,0.593946456909,0.470322072506,-0.000393687747,-0.310362321651
298,1,0.228664400747,-0.023438783822,0.032333405645,-0.228664400747,0.023438783822,-0.032333405645,0.345136325312,0.491020557353,-0.123292849177,-0.102212842968,0.524867905461,0.184213203742,0.416873854228,0.932094639261,0.341615652246,-0.012686802062,0.948023821853,0.992584241131,0.347521725697,0.998395940926,0.357815968667,0.063386542849,1.008955366752,1.024159244805,0.609070895338,1.094921668649,-0.322067381282,-0.153329527687,1.126900626849,0.381073622423,0.593626976013,0.469705477357,-0.000407568179,-0.371685649303
299,1,0.239116216780,-0.023298636098,0.035001207131,-0.239116216780,0.023298636098,-0.035001207131,0.350618550941,0.519463629443,-0.129678560609,-0.113038603690,0.555032590483,0.190406221174,0.412398472304,0.982226980669,0.344447284370,-0.019964653836,1.002385549842,0.842092457254,0.338952847765,1.052766496759,0.375352784495,0.060949713395,1.065976757167,0.847817737839,0.589229048697,1.160526087303,-0.337334159724,-0.167486614032,1.190258644881,0.256204959691,0.591513007879,0.468983158469,-0.000407072250,-0.352404951284
300,1,0.230408702015,-0.022224669528,0.022711324354,-0.230408702015,0.022224669528,-0.022711324354,0.332666833800,0.513641302078,-0.154651727026,-0.113203402528,0.537327222178,0.184268722807,0.396682070335,0.959432596292,0.428423682532,-0.026401578116,0.973468684922,0.946091936039,0.327472836984,1.023196466678,0.456577800228,0.053021417624,1.035085428376,0.968259308872,0.581625125451,1.138645160369,-0.251927120457,-0.169290419279,1.156239476491,0.274898274545,0.589241176844,0.469123587012,-0.000409611501,-0.362797881660
301,1,0.200723243074,-0.017529543024,0.008188014258,-0.200723243074,0.017529543024,-0.008188014258,0.283462136272,0.450144386709,-0.132766783495,-0.103774001155,0.470005495744,0.159505159682,0.339634372530,0.841149105781,0.549775941483,-0.030011470633,0.850672695008,0.963012678921,0.280134027967,0.895357541197,0.583245901101,0.039479642700,0.904331397929,0.993364886326,0.505043281269,0.998003581200,-0.114212166215,-0.154746475403,1.009764477148,0.285813628732,0.586477816105,0.468248680234,-0.000400805729,-0.416242869742
302,1,0.215396228610,-0.018262580400,0.006267627883,-0.215396228610,0.018262580400,-0.006267627883,0.299555498481,0.486285470871,-0.141980201035,-0.119081566812,0.506266569005,0.170173887677,0.358598885306,0.905694128160,0.604185313364,-0.040829909137,0.916093557675,1.074955986996,0.301973652662,0.964053937285,0.641681796847,0.032346257466,0.973056410071,1.111978582980,0.526627981543,1.074356232478,-0.060301071729,-0.174772381013,1.088531475294,0.391494482082,0.583252757788,0.468492150307,-0.000398525153,-0.386012830319
303,1,0.237453910310,-0.019458225424,0.008607849223,-0.237453910310,0.019458225424,-0.008607849223,0.319859491177,0.533539576991,-0.139517724248,-0.142169478447,0.550882257991,0.143026658051,0.381420540914,0.991874858278,0.579801786199,-0.058435734908,1.003453434975,0.981701647313,0.322207016165,1.055424011022,0.604948521531,0.022089155446,1.065458923978,1.015053522496,0.562049143135,1.177290795638,-0.116942223030,-0.207063695908,1.194793200960,0.358919147569,0.578609779477,0.468250334263,-0.000395343755,-0.352647539708
304,1,0.225431764342,-0.018315387588,0.007107397449,-0.225431764342,0.018315387588,-0.007107397449,0.292761577518,0.504896742396,-0.118543210852,-0.142671270509,0.518824816226,0.151631657527,0.347992882390,0.936017737873,0.611922166491,-0.069744571789,0.946747978635,1.051238097530,0.294240665005,0.995269096018,0.647435653394,0.003592718812,1.004831342403,1.088326423540,0.508349022840,1.112847940715,-0.047929479835,-0.203572171566,1.128107607861,0.390839766055,0.573879092932,0.468223467469,-0.000393787981,-0.373806613893
305,1,0.206084737907,-0.016038376359,0.002225845409,-0.206084737907,0.016038376359,-0.002225845409,0.258731073376,0.464073894424,-0.093196533398,-0.138683499833,0.474558570457,0.139152342834,0.310225046556,0.859162975819,0.655308712989,-0.076357511266,0.867551477136,1.068495271553,0.258965143538,0.913045473765,0.693901844470,-0.008841760892,0.920730375238,1.111264811419,0.454161450835,1.021685033587,-0.002482861391,-0.194169462482,1.034519771123,0.412468122531,0.568932697177,0.468006670475,-0.000396165531,-0.407558285546
306,1,0.199088028797,-0.014828979319,0.004260198146,-0.199088028797,0.014828979319,-0.004260198146,0.241397221984,0.447278701266,-0.039879800494,-0.137644080844,0.454241630022,0.142385332899,0.291378007274,0.828765459093,0.580482240079,-0.084700856183,0.835229769193,0.986536345765,0.243592804722,0.879981461977,0.607233278698,-0.019684389302,0.886435780002,1.019972223819,0.437044528741,0.985113017009,-0.030057414078,-0.194302809629,0.996109507513,0.380933836945,0.565043330193,0.467826411128,-0.000381582882,-0.423528590957
307,1,0.199145815982,-0.013994214559,0.000491290527,-0.199145815982,0.013994214559,-0.000491290527,0.233090698491,0.450659749159,-0.043665279934,-0.143500781401,0.455313043123,0.146752584146,0.283155915761,0.831267551446,0.599400311269,-0.095307029790,0.837730702806,1.015536674214,0.238267203978,0.882505160548,0.628021548282,-0.030199304788,0.889263438775,1.050328758550,0.426267958199,0.986042750789,-0.026761316563,-0.216771565934,0.998756776699,0.398118530465,0.560652509332,0.468209430575,-0.000386226806,-0.422304189040
308,1,0.204636602333,-0.013204301628,0.001243885496,-0.204636602333,0.013204301628,-0.001243885496,0.231565044872,0.463632656573,-0.033891009388,-0.150802602350,0.465024157268,0.139845051960,0.281131553964,0.851587743247,0.628633995564,-0.107045141543,0.859557115553,1.025662732809,0.236469697368,0.904232297647,0.659803567680,-0.040744123831,0.912074063821,1.056181890241,0.425150572321,1.010249529066,0.015540765743,-0.230985458109,1.023879631066,0.374252329700,0.556851342320,0.468717560172,-0.000391416903,-0.411513860103
309,1,0.193518671272,-0.012253428431,0.001828464526,-0.193518671272,0.012253428431,-0.001828464526,0.213864692156,0.437747133556,0.004018935370,-0.149014473043,0.439105198909,0.129459747081,0.253014379240,0.804413017133,0.638011782097,-0.110922722972,0.811547441826,0.944394471270,0.210397727735,0.853864512046,0.666245591520,-0.048319192539,0.861290654100,0.973134580587,0.395571169472,0.953468280005,0.047334134047,-0.227848183700,0.966328051109,0.348228740776,0.552555158734,0.468668401241,-0.000392018090,-0.435821531987
310,1,0.194175662821,-0.011906704612,0.002284346164,-0.194175662821,0.011906704612,-0.002284346164,0.215622553174,0.434990624936,0.005792477525,-0.151038141719,0.439178266095,0.117127674245,0.249457727558,0.807686845312,0.618088804007,-0.116598694270,0.814517477767,0.918104067516,0.206242733791,0.856676469014,0.644444743960,-0.053729592126,0.864465594107,0.945810872737,0.393460816034,0.957441575819,0.032645377563,-0.233890250808,0.969848730518,0.304779704628,0.550220578909,0.468325823545,-0.000393275550,-0.434305724173
311,1,0.189689821758,-0.010795661971,0.002485699913,-0.189689821758,0.010795661971,-0.002485699913,0.206201990302,0.423586839765,0.027059922611,-0.150372059631,0.424456429033,0.126720113869,0.235336372753,0.786665628671,0.637331936950,-0.122017753838,0.793373926941,0.937777703130,0.192495396973,0.834232054682,0.662487052705,-0.060480675643,0.843688971674,0.967371013189,0.373122083687,0.932609688675,0.037643213575,-0.235886617930,0.944144581745,0.326181358416,0.546451166272,0.468511909246,-0.000393307913,-0.445806570748
312,1,0.185445583003,-0.009808673896,0.002546699513,-0.185445583003,0.009808673896,-0.002546699513,0.199243250569,0.413999761189,0.002613935692,-0.151477190659,0.415339310193,0.097998066036,0.223590404209,0.769360852721,0.594835611914,-0.125599142492,0.777356175859,0.807316798773,0.182051024795,0.815524524222,0.614805801893,-0.066314095146,0.826500822909,0.826138850443,0.358526080733,0.911076195696,-0.025821381019,-0.243546712513,0.923936622129,0.190001959505,0.543867543340,0.467549383640,-0.000394132891,-0.457285946716
313,1,0.184375489896,-0.009492914336,0.001117768427,-0.184375489896,0.009492914336,-0.001117768427,0.197073289737,0.410397219751,0.015445597402,-0.151744187142,0.411321735811,0.097771124133,0.218638215475,0.763445916574,0.581681569532,-0.127925155148,0.772132305145,0.802035107729,0.178033964369,0.809252284736,0.601384525620,-0.070064500003,0.821864955614,0.822189583695,0.348869032945,0.903866399182,-0.025873664621,-0.244635410410,0.916988808833,0.204924877087,0.542373001575,0.467602282763,-0.000390153902,-0.460711079411
314,1,0.193056558935,-0.009749954829,0.004429604809,-0.193056558935,0.009749954829,-0.004429604809,0.203132698013,0.430349434348,-0.021867670284,-0.161053913497,0.429165441084,0.079783900626,0.222750573351,0.799749912039,0.426250776394,-0.139634164927,0.808278810293,0.712279366287,0.178348996510,0.846652008933,0.437078243692,-0.078950343079,0.860077465341,0.726356378105,0.359599704793,0.946891125477,-0.139733838880,-0.261516765062,0.958467888271,0.146147725868,0.539940625429,0.467509061098,-0.000390032947,-0.439838466445
315,1,0.228243136473,-0.010955322284,0.008052561876,-0.228243136473,0.010955322284,-0.008052561876,0.240392590132,0.509894418734,-0.032779406761,-0.194190193306,0.508690921465,0.053386965440,0.259389919133,0.946952531558,0.376793121174,-0.171217464407,0.958402879522,0.643557978315,0.207782878960,1.001394181631,0.381839971294,-0.102382726621,1.019765322240,0.648449266163,0.421017512116,1.122732593193,-0.216527233824,-0.315772359292,1.136438955878,0.038431316113,0.538363903761,0.467762514949,-0.000386786996,-0.370703596626
316,1,0.248112726217,-0.011156167752,0.024331229529,-0.248112726217,0.011156167752,-0.024331229529,0.259994826160,0.553548292337,-0.054137027859,-0.212150599031,0.552614147713,0.058304921440,0.277316775578,1.027705144652,0.207605783521,-0.188622637661,1.040177317845,0.603661572427,0.221078322765,1.086926043342,0.202349106068,-0.114561775904,1.106795881811,0.603436535627,0.454231964169,1.218372291546,-0.331940429716,-0.345115747564,1.233333424921,0.038819490872,0.537350878119,0.467435196042,-0.000392015092,-0.341876063380
317,1,0.190830232823,-0.007740228638,0.017502847576,-0.190830232823,0.007740228638,-0.017502847576,0.199400182239,0.426369118031,-0.036496733607,-0.164450866729,0.425088839105,0.047297170015,0.211206661185,0.791762363942,0.331757547298,-0.148514607568,0.801455078447,0.560977996507,0.167601076255,0.837301006015,0.339322917425,-0.091193688419,0.853056288971,0.571176362028,0.348511601200,0.938732522449,-0.195717874537,-0.270314686755,0.950953391192,0.067176926423,0.536159709096,0.467845767736,-0.000392165734,-0.443306076433
318,1,0.161567661749,-0.006500942135,0.011391632263,-0.161567661749,0.006500942135,-0.011391632263,0.167881530108,0.361712139503,-0.020292401578,-0.142053646312,0.360906414980,0.048179757774,0.176375375963,0.672233598399,0.431373505529,-0.130681707246,0.681322289765,0.583900914148,0.140068620584,0.710926643336,0.448246224221,-0.083324697488,0.725777458161,0.596893493252,0.293190246757,0.797484314756,-0.082245258221,-0.242135432974,0.808358912739,0.066355806099,0.534931674600,0.467888385057,-0.000382835511,-0.522051850114
319,1,0.173820985830,-0.006962223021,0.012139381975,-0.173820985830,0.006962223021,-0.012139381975,0.179174752142,0.390622667988,-0.028652668866,-0.155340415345,0.389701298680,0.051268901139,0.186911471998,0.725831694029,0.367321091598,-0.143664484674,0.735494868578,0.581998570606,0.147740472787,0.767553078940,0.374681920107,-0.093917436326,0.782853054013,0.589900137268,0.313456942021,0.860537265661,-0.169728845534,-0.262728691991,0.872610478368,0.041826908623,0.533899873495,0.467478215694,-0.000384908868,-0.484150229220
320,1,0.174514055963,-0.006820675515,0.011574325476,-0.174514055963,0.006820675515,-0.011574325476,0.178632798218,0.393488977625,-0.079176996430,-0.157960552256,0.390589749160,0.032343992902,0.184870863866,0.730398445664,0.341297534599,-0.147941629011,0.740443712040,0.543515442596,0.145368412244,0.772517277210,0.351339709058,-0.098000495530,0.789306261294,0.548127716598,0.313104399304,0.865432713754,-0.195938206792,-0.269015769457,0.877330903978,-0.020066567498,0.533000305295,0.467140361667,-0.000383803155,-0.481939281337
321,1,0.175594320934,-0.006872282276,0.009620527973,-0.175594320934,0.006872282276,-0.009620527973,0.179195804014,0.394630926725,-0.073996535001,-0.159375737243,0.391581017664,0.035888297576,0.184548838553,0.732430934283,0.383444549733,-0.149187869846,0.742505037987,0.560391535854,0.144586147106,0.774680437222,0.398910363911,-0.098135265412,0.791537189323,0.568780522622,0.313377597743,0.868591682795,-0.176183073434,-0.269339201064,0.880709066773,0.012448608689,0.532598793507,0.467258304358,-0.000385236461,-0.480447304446
322,1,0.177666271591,-0.006745634554,0.006960144456,-0.177666271591,0.006745634554,-0.006960144456,0.180691604350,0.401107912294,-0.087956913253,-0.161793326849,0.395724050716,0.038367285837,0.185843746854,0.740364834955,0.394218378074,-0.152223843473,0.750435769948,0.590012558476,0.145598020352,0.783138770865,0.412718925530,-0.101334094414,0.799781770656,0.600072704167,0.316432562524,0.876998419664,-0.173040735323,-0.272660804387,0.889858263705,0.031458410167,0.532317414880,0.467396765947,-0.000384494429,-0.475100202506
323,1,0.171401895540,-0.006543340319,0.005314353952,-0.171401895540,0.006543340319,-0.005314353952,0.174257121752,0.386475128115,-0.080543366552,-0.156852860272,0.381869256234,0.036535098548,0.178780668035,0.714982131014,0.372654720439,-0.147705571578,0.725421671114,0.548476967518,0.140708440930,0.756548016618,0.386370413477,-0.098420343566,0.775585402310,0.552967680486,0.305003317202,0.846209619237,-0.178563122480,-0.266804118462,0.858849233713,-0.017426003092,0.532036364079,0.467409431934,-0.000381332939,-0.491965524571
324,1,0.171147536001,-0.006382925391,-0.003300063951,-0.171147536001,0.006382925391,0.003300063951,0.173950548275,0.387644186473,-0.081296055310,-0.156324304208,0.381374787192,0.053316319890,0.178574151618,0.713488798945,0.473883078245,-0.147764907284,0.723715947044,0.754238982072,0.140379661864,0.754980928851,0.500172084244,-0.098094058844,0.773554211719,0.779678266006,0.297359357083,0.844480147883,-0.115253101358,-0.264345637707,0.857202330125,0.164018142746,0.532141506672,0.467598497868,-0.000372437178,-0.492740913556
325,1,0.173017908552,-0.006496975192,-0.003114672523,-0.173017908552,0.006496975192,0.003114672523,0.176022894178,0.390370979544,-0.049668738065,-0.157919562747,0.385770138290,0.043979416379,0.180062640815,0.720315170819,0.544935037791,-0.149342542330,0.731732354171,0.735494846661,0.140702015620,0.761472632541,0.571928393680,-0.098642984792,0.780688975995,0.757920766340,0.300720192146,0.854108368655,-0.024130954591,-0.266905538466,0.867080293735,0.152842765455,0.532170668244,0.467611193657,-0.000372002309,-0.487114099345
326,1,0.199330741117,-0.007764293914,0.001127239490,-0.199330741117,0.007764293914,-0.001127239490,0.203075155792,0.449074951855,-0.079010527330,-0.181777568048,0.445675898895,0.031036154047,0.208251492727,0.829724611639,0.369869140769,-0.171689678542,0.842509269271,0.672812520424,0.162874178011,0.877594607491,0.379053760291,-0.113057706897,0.898955430478,0.686275071146,0.347456867105,0.983812192632,-0.212482969497,-0.305276210271,0.999192808580,0.087535815390,0.532497227192,0.467723265290,-0.000367983044,-0.422749746242
327,1,0.173396652565,-0.006725356095,0.000029589529,-0.173396652565,0.006725356095,-0.000029589529,0.178505922081,0.393940095708,-0.050858855666,-0.158514771751,0.389331846383,0.052085924267,0.183887874554,0.727197579448,0.460389274327,-0.149828568881,0.736525621794,0.698720138641,0.144247492998,0.768944197513,0.478933506508,-0.098120962842,0.785449699974,0.716487950109,0.305421834579,0.861672337622,-0.134115420440,-0.265281976903,0.875035964203,0.107068454932,0.533249169588,0.467902064323,-0.000367277098,-0.482528335874
328,1,0.220289426783,-0.009157990190,0.002664770511,-0.220289426783,0.009157990190,-0.002664770511,0.229795085343,0.500637504037,-0.072207143458,-0.199287932116,0.494871362065,0.045849062777,0.235995145091,0.923347727282,0.436050771496,-0.187559583949,0.936255445740,0.703605776019,0.186070956909,0.975507880252,0.451224775571,-0.119423653056,0.998344963368,0.715435298352,0.389584520775,1.094990486113,-0.173819091391,-0.334341776336,1.112914966458,0.097086443330,0.534234955907,0.468281060457,-0.000379119796,-0.379399135144
329,1,0.203226249631,-0.009127620707,0.000528039828,-0.203226249631,0.009127620707,-0.000528039828,0.214777307787,0.461888721947,-0.001003435365,-0.180890625345,0.456607326768,0.110857145227,0.223287379473,0.854157695565,0.679694975326,-0.169435924938,0.865618076928,1.002714919393,0.177045710806,0.902963223253,0.709844025892,-0.106188970783,0.922593838617,1.038521546374,0.368113731929,1.013326567591,0.000088136822,-0.303929784242,1.029658878323,0.330047627000,0.536066725850,0.469217151403,-0.000378792814,-0.409188392941
330,1,0.208932997580,-0.009609464557,0.000493166258,-0.208932997580,0.009609464557,-0.000493166258,0.225486093925,0.477741225142,-0.041203308533,-0.181232803477,0.471748988616,0.100275977558,0.237991500177,0.882292953155,0.687894900756,-0.167678458651,0.893828418503,0.978136926366,0.190657375871,0.933003889254,0.728793122580,-0.103069801192,0.952611261193,1.005384727151,0.388023873305,1.046560706253,-0.035286187976,-0.304705708843,1.063208298856,0.331023269222,0.539120629430,0.469299599528,-0.000381132377,-0.396118504118
331,1,0.208478133431,-0.009990163943,-0.000402029021,-0.208478133431,0.009990163943,0.000402029021,0.229034278457,0.478790371681,-0.047114698675,-0.179084211446,0.471469741164,0.098775663393,0.244305551185,0.883043359721,0.641584462699,-0.161295752206,0.894065327763,0.951009927010,0.197283344976,0.933797914783,0.673364299942,-0.096347191724,0.952735449118,0.977175509497,0.394858625480,1.047131373437,-0.046785429122,-0.298615118476,1.063721380323,0.274839657485,0.541717186570,0.469274103642,-0.000382948871,-0.395937790344
332,1,0.209420724691,-0.010077947752,-0.002132604471,-0.209420724691,0.010077947752,0.002132604471,0.238876812465,0.478127495202,-0.099645917066,-0.170865898285,0.471753195129,0.098358693917,0.256449016146,0.882273586135,0.630939651371,-0.149000279735,0.890274259503,0.967874624649,0.208713605866,0.933368337407,0.670680030188,-0.085639574529,0.947731876585,0.998759543801,0.408518830994,1.047527405782,-0.118544203621,-0.284846531995,1.060488442476,0.254301479432,0.547047808766,0.469308942556,-0.000389880719,-0.396173628659
333,1,0.208091107617,-0.010496484454,-0.001218140792,-0.208091107617,0.010496484454,0.001218140792,0.241354546375,0.472410156446,-0.097857669202,-0.168097796707,0.471466106397,0.095975953396,0.263389850611,0.881721801930,0.626587417577,-0.141073630890,0.890010401930,1.030669188226,0.214702089924,0.933275777974,0.664853028164,-0.076324461129,0.947058577799,1.068440214046,0.416246096907,1.047302796102,-0.136460425749,-0.276887044089,1.057972802579,0.330676193357,0.550135418773,0.469144836068,-0.000391256413,-0.396311992169
334,1,0.216968404590,-0.011354116928,-0.000434463645,-0.216968404590,0.011354116928,0.000434463645,0.258629229800,0.488396660168,-0.117167362783,-0.165984108355,0.490717353879,0.081442498903,0.287121767833,0.912957396762,0.551988802881,-0.131668281853,0.921481806502,0.985237161899,0.237436403335,0.966583598606,0.583267356125,-0.064290040007,0.980537329800,1.017639334281,0.446933791127,1.084319119858,-0.168573249634,-0.272072118914,1.096721571887,0.274481740528,0.555700108409,0.468920513988,-0.000391858572,-0.382999470574
335,1,0.229265690686,-0.012279785169,0.001746240666,-0.229265690686,0.012279785169,-0.001746240666,0.280277813817,0.521670904957,-0.127229373996,-0.175634182240,0.519447027621,0.077394491365,0.314169938470,0.965691783407,0.576970297481,-0.129773058121,0.972873562194,1.031141324936,0.262973206488,1.021844356473,0.610316672219,-0.057615886661,1.035305473459,1.064021727154,0.485152183705,1.148077581087,-0.170989851307,-0.274694797128,1.160072211513,0.289158732444,0.559937670827,0.469102054834,-0.000396228126,-0.361614309576
336,1,0.226392538569,-0.013029657332,0.002437300145,-0.226392538569,0.013029657332,-0.002437300145,0.286675141039,0.516846534003,-0.152288646753,-0.166991871751,0.516681114879,0.079680192733,0.325526568231,0.957952481627,0.463008030612,-0.114765523846,0.965797630661,1.016115923903,0.274549690462,1.014083178523,0.487468402722,-0.040308938029,1.027750688398,1.047709341874,0.494895236540,1.139712791267,-0.228847297713,-0.259980956935,1.151273005354,0.294161834191,0.564953103662,0.468792840838,-0.000397006632,-0.364648894974
337,1,0.226972131398,-0.014241947256,0.007913303146,-0.226972131398,0.014241947256,-0.007913303146,0.291285711240,0.512264127698,-0.116970950450,-0.162590378296,0.519134170036,0.110372096770,0.333594703623,0.951285280102,0.509804363773,-0.104847952298,0.959163440627,1.094045136253,0.282641211680,1.007258618133,0.534141932939,-0.030346456317,1.020729426566,1.132342888848,0.504104325375,1.132465562773,-0.201998869652,-0.249814403894,1.143777442830,0.379591524970,0.568506151438,0.469601511955,-0.000391604495,-0.366336391714
338,1,0.226399457440,-0.014331472929,0.010698473782,-0.226399457440,0.014331472929,-0.010698473782,0.296176429731,0.509049465052,-0.129284055423,-0.157374819966,0.519015859841,0.109769948533,0.340605257113,0.946292877258,0.430142341201,-0.095278616142,0.953131079241,1.065876136009,0.289036566146,1.003301826201,0.447261455162,-0.020451338676,1.014350839281,1.101269830548,0.511190001119,1.125066387544,-0.281854534379,-0.239546437616,1.137225993965,0.357875548973,0.571823135018,0.469655901194,-0.000392535119,-0.368599995189
339,1,0.214782929651,-0.015026255559,0.011398772038,-0.214782929651,0.015026255559,-0.011398772038,0.284893401815,0.479460734019,-0.083204540646,-0.144696310203,0.492639206809,0.145031875203,0.327624931252,0.892077097843,0.578239306514,-0.084958252832,0.898058319329,1.175005290522,0.278357681130,0.946467406826,0.606429967876,-0.014440296766,0.955226705236,1.219815140759,0.489971716275,1.061128942546,-0.154014061765,-0.216764234115,1.072872276912,0.464507109312,0.573970109224,0.470524117351,-0.000381589867,-0.389822463527
340,1,0.223604852311,-0.016352661377,0.012035775440,-0.223604852311,0.016352661377,-0.012035775440,0.301399493668,0.500636299795,-0.091314290342,-0.146780604656,0.514762909688,0.150518392815,0.352665295415,0.932677104997,0.438457312635,-0.083777469617,0.939854531569,0.991682929141,0.301016182558,0.989649787790,0.448525327240,-0.009258366851,1.000140340316,1.010764752831,0.530392094335,1.108131388057,-0.273055439427,-0.222238431773,1.121411402619,0.285342217967,0.575647220016,0.470689952374,-0.000382894650,-0.372654293662
341,1,0.233971488054,-0.017559385009,0.018769419884,-0.233971488054,0.017559385009,-0.018769419884,0.323312397502,0.517484651489,-0.148931823537,-0.143989786179,0.536847716157,0.123803217095,0.391044431658,0.970886107820,0.255356951759,-0.077512959628,0.979803615213,0.948799721492,0.336526401062,1.032065850107,0.255751133544,0.000027666989,1.043574485430,0.968830288672,0.598005990524,1.147695724454,-0.448119199518,-0.226078116902,1.167600146807,0.258539841219,0.579084411263,0.470580950379,-0.000388139626,-0.358162292384
342,1,0.267623222762,-0.020383443034,0.040962881397,-0.267623222762,0.020383443034,-0.040962881397,0.379413933951,0.591178674790,-0.146781898951,-0.159322775737,0.614258172502,0.140381043998,0.482901321328,1.108856526005,0.276419105305,-0.083023354461,1.119276379612,0.894043497227,0.425864782591,1.178750382143,0.278708290368,0.005691660427,1.192410937379,0.904100031117,0.776255619987,1.299786691534,-0.460449183894,-0.249157305733,1.334792731521,0.251491742419,0.580779135227,0.470583975315,-0.000401307829,-0.313592335804
343,1,0.266532782430,-0.021345709790,0.065267542180,-0.266532782430,0.021345709790,-0.065267542180,0.399064691959,0.577505600680,-0.144245370063,-0.150187055269,0.609191148103,0.137850169627,0.545483259439,1.096770078272,0.065486259952,-0.072486061354,1.108348016708,0.679734898067,0.502752150826,1.170596559320,0.050629460816,0.014044288153,1.183263084434,0.670186729982,0.872614721686,1.265808016967,-0.485818057711,-0.235085369207,1.321464239289,0.101955731576,0.583439052105,0.469700410962,-0.000405360013,-0.317628858861
344,1,0.266740010379,-0.022084803431,0.078088104536,-0.266740010379,0.022084803431,-0.078088104536,0.422681381369,0.570687811545,-0.189131981654,-0.155024933129,0.610963697345,0.098751652541,0.608798503027,1.093114831176,0.095916021905,-0.072879912426,1.111064547776,0.802463830907,0.558566690504,1.172331123857,0.087428542670,0.013425906319,1.185839334259,0.810521358270,0.974452274084,1.249776304131,-0.544763985073,-0.235795743578,1.323606309314,0.143672389913,0.583271816373,0.469915196300,-0.000398923643,-0.317018700564
345,1,0.271868130432,-0.025863294026,0.099391632084,-0.271868130432,0.025863294026,-0.099391632084,0.468856250542,0.563650262098,-0.194104145986,-0.151154251528,0.621279429266,0.097327393807,0.728217847546,1.110323358084,-0.083071843682,-0.067269127436,1.134932083625,0.642760088571,0.683374059982,1.200146479447,-0.106781007914,0.022320808453,1.212466062452,0.631357787918,1.078860358028,1.246102779977,-0.608013532390,-0.230556011545,1.352584495507,0.078407482066,0.586287707090,0.468103766441,-0.000407048501,-0.311333531760
346,1,0.272934726245,-0.028248850170,0.113925695538,-0.272934726245,0.028248850170,-0.113925695538,0.524663561166,0.555164685174,-0.190242744640,-0.151222521030,0.622624060469,0.076062117904,0.825954246782,1.094275297033,-0.009177824348,-0.060325267864,1.143859165688,0.579929157145,0.798082778675,1.200929140687,-0.027490330252,0.031384438406,1.223058824841,0.564621146534,1.221941870084,1.216322482911,-0.552932951015,-0.229654147593,1.361706398654,0.004003759465,0.587764710188,0.466992080212,-0.000403698534,-0.309962043640
347,1,0.270987908061,-0.030911703495,0.132469466838,-0.270987908061,0.030911703495,-0.132469466838,0.577336434558,0.536165974672,-0.132719178343,-0.144996300903,0.618869547392,0.055483092576,0.934794124892,1.063825156853,0.065802738359,-0.053491357690,1.138866553031,0.557702101208,0.896918979103,1.176717750941,0.052230378991,0.037457345930,1.217595350203,0.542499920476,1.361449881087,1.166182592131,-0.523068422566,-0.217282450604,1.355547158120,-0.047441748233,0.589755117893,0.465699240565,-0.000410502777,-0.312360971259
348,1,0.272306432266,-0.033170674605,0.140372870581,-0.272306432266,0.033170674605,-0.140372870581,0.626165529081,0.526854261603,-0.068086934423,-0.143254205319,0.622310260316,0.028869588607,1.045093241228,1.038182185161,0.163010841442,-0.048745477682,1.146691177025,0.484988639427,1.008153979387,1.145186653864,0.151461497453,0.042312654627,1.227510927694,0.462378696392,1.487180917053,1.125745663022,-0.319828574963,-0.210253951029,1.361765195763,-0.181181181635,0.590817570686,0.464826077223,-0.000417254865,-0.311151660611
349,1,0.278112663653,-0.035968921662,0.145499568739,-0.278112663653,0.035968921662,-0.145499568739,0.682904009362,0.516067346777,-0.076297015177,-0.145308770366,0.635187539198,0.005756099486,1.161521750031,1.026667618377,0.171981635843,-0.044976945981,1.171153256294,0.452672027437,1.144037388886,1.138031325492,0.162886148835,0.048600441990,1.252856939229,0.429139453378,1.625018593375,1.094434508633,-0.276687957519,-0.211534136799,1.386149689087,-0.172949140135,0.591423451900,0.464134007692,-0.000412655994,-0.306157822630
350,1,0.285996668464,-0.039004990120,0.169282753412,-0.285996668464,0.039004990120,-0.169282753412,0.760072307074,0.514472864243,-0.050638692535,-0.149880726766,0.655199729992,-0.013460222614,1.276026489908,1.023781909471,0.320446761390,-0.044463353180,1.207938724719,0.515254203310,1.268414485980,1.139466732523,0.326387057896,0.051435228715,1.290021931157,0.498959448868,1.779800811582,1.066915515267,-0.066232455147,-0.220950025545,1.426125675173,-0.116172817846,0.591890037060,0.463522374630,-0.000422175974,-0.298079840129
351,1,0.285232997879,-0.042254120530,0.182042044483,-0.285232997879,0.042254120530,-0.182042044483,0.809700403970,0.499350697756,-0.029461611976,-0.150608201603,0.659694218954,-0.014050102708,1.361819501489,0.998514597280,0.411903286050,-0.041352746517,1.214390121559,0.527148265898,1.365752519778,1.118451069282,0.424415090738,0.054539080926,1.297258700357,0.509767925952,1.852269030813,1.037135507183,0.033444647193,-0.222870002525,1.431161116748,-0.103449520621,0.592955470085,0.462329894304,-0.000422522426,-0.297866499895
352,1,0.289507670416,-0.046228248117,0.198724497827,-0.289507670416,0.046228248117,-0.198724497827,0.869688327138,0.488069392184,-0.003484904522,-0.155067765646,0.675146019688,-0.014796520446,1.455190301537,0.984530777555,0.511743863036,-0.041742066713,1.238484820883,0.555940283536,1.461103481304,1.106859045163,0.530009309866,0.057826029587,1.322810650443,0.540816958752,1.963458786388,1.028937062721,0.107571366936,-0.231390972928,1.459507553836,-0.092783618396,0.593008697033,0.461317077279,-0.000423010439,-0.293032140973
353,1,0.283185407192,-0.047469507957,0.192722232794,-0.283185407192,0.047469507957,-0.192722232794,0.901383248532,0.468822217278,0.000440211049,-0.152028742175,0.663844762568,-0.012290498336,1.515163533658,0.944811774764,0.509553355405,-0.040680978724,1.213742319228,0.610462098297,1.515479921832,1.070634868731,0.524426879772,0.056628612613,1.295725721496,0.602875292774,2.020265238866,0.982111584737,0.025922310322,-0.225553656202,1.429175529830,-0.070191649557,0.593041718006,0.460558906198,-0.000417757779,-0.299824076550
354,1,0.286354399786,-0.049808554017,0.187370378005,-0.286354399786,0.049808554017,-0.187370378005,0.950698034005,0.464978200496,-0.036718245958,-0.153877215976,0.677426014336,0.048645874916,1.618112523056,0.935094084601,0.484982330757,-0.041327834392,1.232219283653,0.733084523447,1.638121005050,1.055898724539,0.493624761573,0.057111328934,1.314996926583,0.728821406514,2.103514862085,1.016106618982,-0.042168529129,-0.225653675195,1.446565835047,0.001620854088,0.592982262373,0.460029631853,-0.000420277938,-0.296620397729
355,1,0.288377947825,-0.051599609379,0.186639649095,-0.288377947825,0.051599609379,-0.186639649095,0.980973303089,0.456806935926,-0.039067425881,-0.155501496644,0.690698246436,0.048589214724,1.681392429676,0.920323857681,0.491087565433,-0.042994184490,1.243821771456,0.798980793926,1.711882636454,1.045136242822,0.503220500575,0.057101391955,1.326002868235,0.803168267117,2.169826810517,1.008847237256,-0.071571135031,-0.223510012031,1.459275610893,0.054042896612,0.592927277088,0.459675654769,-0.000418022275,-0.294495090937
356,1,0.286408833227,-0.052113751571,0.183528734353,-0.286408833227,0.052113751571,-0.183528734353,0.997301615580,0.447440156646,-0.200536807312,-0.155747969720,0.690714757509,0.014710421274,1.715694651510,0.895002288665,0.474939198895,-0.043499454584,1.236712523342,0.989898506135,1.725728558817,1.004913663155,0.494231167685,0.058498503665,1.317830469876,1.018074716585,2.183993099607,0.994986899095,-0.200575031457,-0.215736724843,1.450084353868,0.157518391217,0.592773139477,0.459608048201,-0.000419730321,-0.296373082275
357,1,0.268995356308,-0.049988963774,0.171615573234,-0.268995356308,0.049988963774,-0.171615573234,0.957152489281,0.415869217089,-0.228414374203,-0.146442602332,0.649836793351,0.005509290607,1.647255124773,0.840166340418,0.374159462974,-0.041174369697,1.162960692444,0.974395420433,1.660217146554,0.944818705394,0.386764683781,0.055981822585,1.238809676740,1.000358652139,2.077397844476,0.931949318720,-0.424833522862,-0.202117152092,1.366010427947,0.160684004898,0.592713415623,0.459198027849,-0.000414686278,-0.315604730212
358,1,0.263184969103,-0.049708923383,0.157739060624,-0.263184969103,0.049708923383,-0.157739060624,0.963519070633,0.406293920956,-0.199266032625,-0.143727160108,0.636761478082,0.006115058962,1.639804141177,0.818283090661,0.351943238886,-0.041924155677,1.138235126340,1.003557536383,1.656536841680,0.924109553138,0.360670077813,0.053839689041,1.211585122387,1.035129902688,2.061777076254,0.909547868560,-0.397315257901,-0.195125242967,1.337524810061,0.266916460828,0.592453420162,0.458965823054,-0.000412859023,-0.322581004993
359,1,0.270187884194,-0.051731655519,0.161700402936,-0.270187884194,0.051731655519,-0.161700402936,0.992720309712,0.411079621779,-0.196139120149,-0.148021278161,0.655864375846,0.006382455180,1.688948182579,0.836246100743,0.327482610026,-0.044518091673,1.171035821708,0.971996771326,1.710220773868,0.942768998094,0.336606563957,0.053685457627,1.246153384292,0.992150678228,2.128361305352,0.923553778274,-0.366917543108,-0.199304144984,1.375190910126,0.228416944003,0.592160582542,0.458808243275,-0.000412290916,-0.313901796828
360,1,0.263614633302,-0.051402437131,0.152798359002,-0.263614633302,0.051402437131,-0.152798359002,0.967963712924,0.401573705731,-0.225380339418,-0.146218906076,0.643495545227,0.015214869425,1.654464451042,0.823723398531,0.223933868102,-0.045873711621,1.148285311253,1.031600119720,1.678625371933,0.928167160767,0.223990524118,0.050167484708,1.222220529211,1.061226707835,2.086187755675,0.911141911731,-0.507350174095,-0.197276619933,1.346897786161,0.310221213033,0.591414183378,0.458655491471,-0.000404696912,-0.320610532488
361,1,0.244051021619,-0.047848673353,0.119163621560,-0.244051021619,0.047848673353,-0.119163621560,0.883604277087,0.374330052410,-0.217252862240,-0.137544589890,0.595960115886,0.044313401401,1.512955892531,0.768534614649,0.208985925188,-0.045764081914,1.063946873073,1.103434657622,1.532984300897,0.862364150224,0.209886503092,0.043883455760,1.133636001220,1.137605357893,1.891238196998,0.850538722053,-0.515737156943,-0.191864978961,1.247178482724,0.322935971733,0.590249538422,0.458633795381,-0.000400666147,-0.346510963939
362,1,0.265808844049,-0.052417357740,0.132527076564,-0.265808844049,0.052417357740,-0.132527076564,0.948848033176,0.408904977188,-0.185307519106,-0.150516218490,0.649068520345,0.047403243389,1.612373278760,0.835326305119,0.327599938846,-0.051340151133,1.158293274404,1.074926037092,1.630005775427,0.941614811630,0.339677335228,0.047037319334,1.234316026590,1.099063220635,2.039359658951,0.926321952824,-0.307307560034,-0.207819807129,1.356904676793,0.337346946890,0.589721769094,0.458770170808,-0.000397924334,-0.318176296413
363,1,0.271779256625,-0.053579874628,0.143110607700,-0.271779256625,0.053579874628,-0.143110607700,0.963302158308,0.422199785741,-0.186492638408,-0.154197464896,0.664497118362,0.040038046882,1.635436942874,0.854437259898,0.380322036458,-0.053928891285,1.183370208718,1.080713068819,1.652847290953,0.968320787045,0.398130696385,0.047781907832,1.261853515959,1.097418560305,2.071739450765,0.949468620462,-0.229365891986,-0.214661572185,1.386995595524,0.304651739312,0.589686155319,0.458804056048,-0.000401187688,-0.311201662414
364,1,0.283132771983,-0.055729732105,0.161023536829,-0.283132771983,0.055729732105,-0.161023536829,0.968512437202,0.441672913772,-0.092571439666,-0.160389045079,0.689787100485,0.055841244116,1.637744086396,0.904463088983,0.443842424998,-0.058975258831,1.232061671005,0.908010528215,1.651705185749,1.025689843732,0.459816349175,0.046450217810,1.314507023662,0.906870755066,2.111558047100,0.983966628413,-0.119583133518,-0.223304802105,1.444046315190,0.196844604756,0.589717030525,0.458824485540,-0.000399557874,-0.298893115201
365,1,0.286948653284,-0.056322914953,0.171645903555,-0.286948653284,0.056322914953,-0.171645903555,0.941020461844,0.458590443453,-0.011657003879,-0.162483725563,0.694753557510,0.058481256965,1.540978117995,0.950084953208,0.463668684455,-0.062770585705,1.241902039531,0.822555375656,1.548719461520,1.064060593125,0.478073209919,0.046491668097,1.323414124068,0.822414763439,2.024825264389,1.003606222732,-0.016324238992,-0.226048321101,1.463168939604,0.188012363119,0.589797139168,0.458876788616,-0.000408217311,-0.295242020830
366,1,0.288431269631,-0.055285366753,0.176456570937,-0.288431269631,0.055285366753,-0.176456570937,0.903140633008,0.480810213398,-0.032747511629,-0.166312070203,0.696186272674,0.057326320432,1.467349676627,0.996933092702,0.391095013871,-0.065689292322,1.243845433212,0.787319176083,1.463589015057,1.101195920749,0.399861733453,0.045190222611,1.321437214838,0.789188805015,1.943599398084,1.039586925436,-0.081520604303,-0.214886512901,1.468645209475,0.183720757967,0.589769303799,0.459385275841,-0.000408763066,-0.293794450072
367,1,0.287264164380,-0.053134356199,0.175258404787,-0.287264164380,0.053134356199,-0.175258404787,0.845537871026,0.499514315321,-0.016520079741,-0.166246910130,0.688804314046,0.057842686871,1.381522841651,1.022037141379,0.383519494987,-0.069658685609,1.235655616413,0.704062980266,1.347070776091,1.125884394124,0.388714452225,0.041464556179,1.313012494287,0.695154966790,1.831324166274,1.085407603684,-0.113860268567,-0.211918758765,1.458420010685,0.046411691762,0.589722871780,0.460067316890,-0.000408094376,-0.295197444882
368,1,0.285163412539,-0.049143256703,0.173401140830,-0.285163412539,0.049143256703,-0.173401140830,0.800877023639,0.520574748977,-0.022057962878,-0.166007327528,0.679063352286,0.066757705814,1.258318042484,1.047538244551,0.345893604682,-0.070682459519,1.221904240652,0.722027754556,1.226298570237,1.156276374706,0.346720424906,0.041013509033,1.298759549812,0.717516510007,1.710055950368,1.134822128093,-0.128818707335,-0.210639990878,1.442784960533,0.069486066033,0.589731246233,0.461391270161,-0.000408323482,-0.297475266789
369,1,0.275256294231,-0.045814375834,0.153024636183,-0.275256294231,0.045814375834,-0.153024636183,0.732130490238,0.513893305476,-0.052425098335,-0.160190242270,0.651557953717,0.096790240485,1.109285792608,1.032843007952,0.259018067449,-0.068171049422,1.177770171561,0.720994226431,1.081000514327,1.137326150753,0.255766953277,0.040589155085,1.252064224386,0.719792976801,1.514319663696,1.139064861329,-0.266419577169,-0.207278144797,1.389559468727,0.080457654667,0.589745849371,0.461865484715,-0.000408608466,-0.308219992838
370,1,0.280095615231,-0.042806132096,0.138800681173,-0.280095615231,0.042806132096,-0.138800681173,0.704841251698,0.545184698571,-0.112719623816,-0.164013905036,0.654902750015,0.156841789549,1.026211804314,1.071834679622,0.134345230131,-0.071370667736,1.187804990977,0.777988680680,0.994383312073,1.173531033942,0.128204393576,0.039468040351,1.263688978805,0.776055675451,1.410315937207,1.216511373820,-0.380113099056,-0.220632561735,1.402574502306,0.220828459685,0.589273780584,0.463721588254,-0.000403171405,-0.303911945098
371,1,0.275779520050,-0.040524491334,0.126114543591,-0.275779520050,0.040524491334,-0.126114543591,0.656335419797,0.547135478524,-0.137622517745,-0.161791119778,0.642446993818,0.145857962790,0.922845446000,1.078370580799,0.117094988566,-0.073650070268,1.161549449665,0.786836917094,0.874190174139,1.169868995176,0.110870842877,0.032720228428,1.232544949044,0.787609527598,1.267436673932,1.230834444161,-0.425799328877,-0.223438147775,1.377722050033,0.225700549161,0.589153945446,0.464149788022,-0.000406755134,-0.309051204567
372,1,0.279373420704,-0.037853506360,0.115994698738,-0.279373420704,0.037853506360,-0.115994698738,0.609124613699,0.566857631037,-0.136996519505,-0.163837208967,0.646176485861,0.155537127658,0.845932097605,1.098680257061,0.148670585827,-0.074902256286,1.172087352387,0.774636835420,0.792165625543,1.187961777984,0.145736842246,0.032817631744,1.244661981431,0.769731021464,1.153059272879,1.259724820701,-0.393762423995,-0.240989036585,1.390160539716,0.203372740916,0.589045166969,0.465112864971,-0.000404322520,-0.305445902172
373,1,0.278330798120,-0.036152072337,0.100159467523,-0.278330798120,0.036152072337,-0.100159467523,0.563125189333,0.580021203312,-0.139928115429,-0.160850659183,0.643154515182,0.159827655586,0.740071161771,1.103338643376,0.168052309471,-0.074597799905,1.163057989207,0.785715504279,0.693435383294,1.181116808877,0.165491822801,0.029782065118,1.237706394447,0.782221113639,1.038568720013,1.288934728467,-0.379894824722,-0.244554408278,1.381586977140,0.212827467716,0.588783830404,0.465583935380,-0.000410119072,-0.306825555826
374,1,0.234196435941,-0.027862615855,0.079025551468,-0.234196435941,0.027862615855,-0.079025551468,0.439756337667,0.497731391051,-0.157031322590,-0.134234695245,0.540906657222,0.130387794893,0.552978457912,0.934003663974,0.349596191274,-0.064526885664,0.975661536231,0.970537439399,0.496818352334,0.998831458785,0.370940854748,0.018683782065,1.039156558026,0.999362604451,0.818957266675,1.096748621252,-0.275743101421,-0.210581328246,1.161312414728,0.333083607423,0.588130384684,0.466966807842,-0.000389200635,-0.364173506120
375,1,0.250721734607,-0.028168905996,0.085804340797,-0.250721734607,0.028168905996,-0.085804340797,0.431875124920,0.540686491422,-0.133132635720,-0.144576724257,0.581664119836,0.149749945476,0.519838025082,1.010276315077,0.331288784270,-0.070926130147,1.047164738345,1.026194595018,0.455581262979,1.074432092847,0.349337114430,0.011923458719,1.114875129398,1.045131754583,0.780664620003,1.192367706329,-0.243668153423,-0.234783642433,1.249324102384,0.335736497002,0.587646812201,0.467824637890,-0.000390677713,-0.338500666110
376,1,0.254904678583,-0.027549461611,0.087616891141,-0.254904678583,0.027549461611,-0.087616891141,0.404015115551,0.554660959548,-0.098581154471,-0.150086093492,0.593650471293,0.203430071204,0.483890508360,1.044109431491,0.283564532706,-0.075215443957,1.067751087880,0.969528373692,0.412965359048,1.107004509671,0.287354479123,0.009626681874,1.135135699279,0.984260859274,0.731719515418,1.231190128981,-0.270836772684,-0.241674588758,1.275766967678,0.337548300876,0.586734771729,0.468290910125,-0.000389534980,-0.330873363613
377,1,0.258539684254,-0.025675797446,0.090045241232,-0.258539684254,0.025675797446,-0.090045241232,0.385577926852,0.561428198585,-0.091299337467,-0.154421378445,0.601376393110,0.196495530792,0.436961009448,1.066431117040,0.221162074078,-0.081001387799,1.082032176259,0.956954970054,0.358662621407,1.128688716407,0.218932648482,0.002849637266,1.149558657172,0.965797614538,0.687262814521,1.269849011448,-0.301968540171,-0.248162471841,1.293780216144,0.342756078821,0.585835635662,0.469168946147,-0.000390488654,-0.325587369202
378,1,0.260045183443,-0.024036919681,0.087572358528,-0.260045183443,0.024036919681,-0.087572358528,0.367510536036,0.574890727373,-0.087125656202,-0.158112946610,0.608414589941,0.196678828042,0.402036477102,1.084807506148,0.266608243972,-0.086868671741,1.089466340712,0.948324599239,0.318636971595,1.146986200143,0.269912703933,-0.003889928476,1.157043340459,0.963209063561,0.647218972515,1.283936743684,-0.281210585366,-0.253491073340,1.303090283863,0.358483617307,0.584730297327,0.469788864255,-0.000391915441,-0.322981903827
379,1,0.245104084906,-0.021072352572,0.061997004597,-0.245104084906,0.021072352572,-0.061997004597,0.332666504322,0.545266267863,-0.120136993883,-0.151733959342,0.575763095922,0.178827591857,0.360344481197,1.032157967623,0.275665438913,-0.083183513006,1.033370859071,0.906814902505,0.278892161718,1.090931974793,0.282715730444,-0.002260491745,1.097315843652,0.922045775077,0.581511196023,1.219551703509,-0.308205781356,-0.247157046369,1.234024191660,0.310266531750,0.583669483662,0.469125002623,-0.000393833965,-0.341491959040
380,1,0.254777371098,-0.020494877468,0.064330902335,-0.254777371098,0.020494877468,-0.064330902335,0.331500300235,0.565158207539,-0.120064047110,-0.161208787192,0.594386713492,0.200339050995,0.366001302253,1.068598297530,0.258110053343,-0.090593004733,1.069568409316,0.925452984669,0.277811196050,1.132010945723,0.263156366326,-0.006284430809,1.135880179792,0.940123212589,0.593308404581,1.265897223528,-0.316129568841,-0.259802636959,1.276704999481,0.344613224855,0.582369729877,0.469557732344,-0.000393890776,-0.329569560177
381,1,0.255547064378,-0.019617627336,0.048111090000,-0.255547064378,0.019617627336,-0.048111090000,0.322480040567,0.569108383876,-0.119292409401,-0.164087232637,0.591945700727,0.193693821981,0.358142639916,1.065098737609,0.366760929327,-0.096213736935,1.068498771650,0.960295518173,0.274652112193,1.129664336217,0.381999635297,-0.011888737521,1.135015144306,0.979940199446,0.569348888410,1.263861258966,-0.282857058431,-0.264426898235,1.275654968968,0.338972809721,0.581312179565,0.469444409013,-0.000401551370,-0.329925936363
382,1,0.214581902404,-0.015023709704,0.022175901760,-0.214581902404,0.015023709704,-0.022175901760,0.264656367499,0.481934336279,-0.100126980651,-0.140432544892,0.496200967229,0.159567316994,0.290516197415,0.894492219299,0.667145708931,-0.089090629583,0.894664210393,1.192588265817,0.219551930252,0.949266235052,0.710077623114,-0.022091014513,0.950165251879,1.242087711394,0.480991716076,1.061025926680,-0.018646972345,-0.230851412033,1.069943574053,0.502442964835,0.580195009708,0.469884395599,-0.000394812319,-0.393688271703
383,1,0.206032733938,-0.013861364837,0.010993849985,-0.206032733938,0.013861364837,-0.010993849985,0.247242456205,0.464080247419,-0.036081763324,-0.141803623966,0.476030657043,0.151816504407,0.273157124900,0.858475737806,0.811032597564,-0.100987166952,0.858997911513,1.195289953898,0.218641128940,0.910021970721,0.857240029414,-0.040561946381,0.912124326649,1.244456612308,0.454631235876,1.018822305283,0.149449101360,-0.230864978539,1.028267211230,0.517843396703,0.577338233590,0.469889968634,-0.000383721199,-0.410130739390
384,1,0.204749837124,-0.012733486950,0.011303273344,-0.204749837124,0.012733486950,-0.011303273344,0.242106108450,0.463521013908,-0.038863008119,-0.146507188673,0.470900936503,0.146810494228,0.262528026035,0.853258043078,0.809046522414,-0.112163909000,0.853889216867,1.192268982844,0.205352912193,0.904960696700,0.860702441149,-0.050919970675,0.906481061303,1.243339018013,0.436331530766,1.015258641304,0.155057404954,-0.234946208213,1.023200104872,0.506162524310,0.575036272407,0.469478458166,-0.000382024096,-0.412584771002
385,1,0.219734908152,-0.012083026133,0.012860391682,-0.219734908152,0.012083026133,-0.012860391682,0.254204692103,0.495954167833,-0.034113575041,-0.164595021098,0.503844290442,0.121607064126,0.269227827081,0.915036497230,0.716412650536,-0.133390032495,0.916097103579,1.111719125862,0.209901789486,0.970374471770,0.757081051421,-0.067312021507,0.973500869788,1.158572792957,0.457635339121,1.086685357800,0.074894588699,-0.284922456902,1.098774127849,0.473457262904,0.572209179401,0.470316678286,-0.000380574260,-0.383949175526
386,1,0.220607981394,-0.011951422593,0.015318032433,-0.220607981394,0.011951422593,-0.015318032433,0.245066614287,0.497329093746,-0.035960248779,-0.173709098440,0.502585428904,0.119418729751,0.256486871201,0.920524382318,0.645542377731,-0.151215007176,0.919862392642,1.082423928835,0.196342584658,0.976692367411,0.677766532872,-0.085696106247,0.977591694722,1.122320806117,0.442898364043,1.089000131353,0.060690837946,-0.296863955918,1.103191145429,0.454960801856,0.568594664335,0.470193088055,-0.000382237835,-0.382484108790
387,1,0.208273776430,-0.010809825783,0.010855701303,-0.208273776430,0.010809825783,-0.010855701303,0.222598209629,0.469095844869,-0.018853763130,-0.171296136499,0.471556578930,0.130419954888,0.228856285115,0.864257460252,0.808960736746,-0.155299607854,0.863360970492,1.207096788588,0.173780300544,0.916922060165,0.855705165473,-0.094309163156,0.917271166925,1.258541931057,0.389114958893,1.023581790203,0.146614402831,-0.285914592762,1.036185950051,0.521539596019,0.565306678414,0.470337197185,-0.000370106427,-0.407031571069
388,1,0.186486056349,-0.009393123535,0.008680016442,-0.186486056349,0.009393123535,-0.008680016442,0.196113172285,0.420822086891,0.056629718081,-0.156853473222,0.421047771483,0.140882821327,0.200258769277,0.772739331755,0.872733698133,-0.148097434394,0.771132849957,1.197091452738,0.150491588124,0.819655691313,0.918110692529,-0.095947808943,0.819286746068,1.250144339882,0.347847857306,0.916271068736,0.228139745602,-0.263417550771,0.926304940264,0.543708753466,0.563666194677,0.470451414585,-0.000360220671,-0.455582773734
389,1,0.196981232455,-0.009737861524,0.007043460092,-0.196981232455,0.009737861524,-0.007043460092,0.203716889695,0.443668951993,0.040982109815,-0.167741497358,0.444398958688,0.146170412412,0.203053397788,0.815976506570,0.824159180102,-0.164876531573,0.813677744466,1.195659725387,0.151141779893,0.866125758584,0.864573330541,-0.114985196858,0.864425629569,1.245422998436,0.360244952922,0.965889798353,0.164211116864,-0.284382077547,0.977761169993,0.523367649123,0.562661334872,0.470344185829,-0.000353921438,-0.431925587601
390,1,0.187945178434,-0.008877209187,0.004160495236,-0.187945178434,0.008877209187,-0.004160495236,0.193033193724,0.424443252731,0.043325990437,-0.162324470979,0.425024992770,0.138409422420,0.188529491377,0.780698135004,0.807655133044,-0.160757374937,0.778840498801,1.138939196855,0.142832287308,0.828561789648,0.846288200124,-0.112210119670,0.827510857596,1.185845071742,0.332187284823,0.923256111235,0.155554021473,-0.275781591129,0.935146619036,0.486441280917,0.561784505844,0.470120921731,-0.000352500589,-0.451742807574
391,1,0.249034256367,-0.011059309832,0.013626531939,-0.249034256367,0.011059309832,-0.013626531939,0.251212962406,0.560983954125,0.013096485046,-0.217024539587,0.561773248182,0.120546671862,0.243940268592,1.031138487389,0.540307550581,-0.218367158579,1.029483566575,0.962780941409,0.187410066242,1.093470062052,0.558950243999,-0.152328916816,1.093948099941,0.987365386113,0.424623602812,1.221138419309,-0.031788630519,-0.369679656701,1.234235576950,0.348693761529,0.561212167144,0.469944968820,-0.000364958774,-0.342013770231
392,1,0.254191847560,-0.011229251093,0.027426846898,-0.254191847560,0.011229251093,-0.027426846898,0.251237675709,0.573923669456,0.001425159540,-0.225214867033,0.575095777251,0.089759305491,0.237569536039,1.056560057420,0.477999342972,-0.232532023299,1.054320548464,0.883776604071,0.173110564024,1.120207062508,0.493921038698,-0.164202295063,1.120368849416,0.904802658891,0.436248585415,1.250582337337,-0.086371100572,-0.390565367524,1.263386513516,0.274695765572,0.560262799263,0.469886347651,-0.000376974232,-0.334151963499
393,1,0.233126362360,-0.009563836542,0.025220424347,-0.233126362360,0.009563836542,-0.025220424347,0.227120772435,0.522773211371,0.001015721484,-0.208283765808,0.522301579245,0.084664523324,0.212079900613,0.963171004420,0.503629905926,-0.219391173689,0.961284313395,0.926699565734,0.151943229077,1.021345250758,0.530458574290,-0.155293247347,1.021519959420,0.957115368589,0.377851523401,1.139781958868,-0.066263648430,-0.360233008114,1.150648837616,0.282327236644,0.559692859650,0.469621822238,-0.000376988202,-0.366753385729
394,1,0.234892800509,-0.009242837692,0.025108856132,-0.234892800509,0.009242837692,-0.025108856132,0.225233973801,0.527306138720,0.000292550322,-0.212047579866,0.525054173029,0.084743726172,0.207865778342,0.968546701053,0.543036920362,-0.228762195100,0.966974151383,0.982145252835,0.145929445294,1.027075734137,0.567203323099,-0.167496039323,1.027555495053,1.016044678433,0.378589289044,1.146621722031,-0.065618407890,-0.382442174725,1.158416416867,0.309713419609,0.559590771794,0.469785511494,-0.000376139302,-0.364514952880
395,1,0.225627024341,-0.008817200022,0.025935301321,-0.225627024341,0.008817200022,-0.025935301321,0.211329692037,0.507173983810,0.010584957456,-0.206159212124,0.504429912528,0.083515337927,0.196504937641,0.930774497476,0.613152262785,-0.228715537745,0.928776953056,0.961136264878,0.139803764429,0.986829507947,0.641103159883,-0.173106590032,0.986872700643,0.997342346483,0.360344888010,1.101489468631,-0.016645357234,-0.367477494332,1.114528636949,0.303289742060,0.559702336788,0.469750583172,-0.000371028204,-0.379491872442
396,1,0.209158292637,-0.008135059490,0.021500284932,-0.209158292637,0.008135059490,-0.021500284932,0.192978915730,0.469828902015,0.020801656936,-0.195188961812,0.467046387705,0.099184405757,0.173618909134,0.862481708278,0.780129658960,-0.219418186529,0.860677491013,1.160497647808,0.115445091009,0.914745939877,0.820560673222,-0.166230816259,0.914671134063,1.211972852714,0.328730874472,1.020556580545,0.099336655236,-0.343643136947,1.032238221510,0.468534991792,0.559822231531,0.469726711512,-0.000359766651,-0.409550886892
397,1,0.211082699560,-0.007954004526,0.019252177835,-0.211082699560,0.007954004526,-0.019252177835,0.192553356471,0.474241132835,0.019420916307,-0.197122308971,0.470416195391,0.090294967275,0.173639641072,0.870476590943,0.767562739820,-0.225376095409,0.868683734070,1.107197357162,0.114442782886,0.923592470767,0.813324105304,-0.171800847378,0.923409750825,1.149518377657,0.321623200899,1.028924132903,0.046513122861,-0.358999702364,1.041164607833,0.375877301783,0.561073809862,0.469421461225,-0.000362426275,-0.406128538020
398,1,0.254060343236,-0.008846970394,0.025776494065,-0.254060343236,0.008846970394,-0.025776494065,0.229947677687,0.567097968469,0.022911262203,-0.239684840679,0.563180030718,0.110718491642,0.206176440216,1.041044984110,0.609145528956,-0.271318859908,1.040527082648,1.032701347826,0.141071214465,1.103584443364,0.632763550248,-0.204524870918,1.106313933549,1.059435614749,0.387020948223,1.233235139227,-0.009825684767,-0.430424519986,1.249175601074,0.376734697846,0.561872228980,0.469662457705,-0.000365982298,-0.338936441908
399,1,0.210764132506,-0.007303516158,0.021329887522,-0.210764132506,0.007303516158,-0.021329887522,0.189953092490,0.469661221946,0.038057110163,-0.198253888051,0.466489936795,0.090095759533,0.173359001079,0.862896066341,0.743600058388,-0.226146256214,0.861418696278,1.050008575395,0.119296649615,0.914843572390,0.777382902684,-0.175569522407,0.915128852622,1.093949303643,0.323012365322,1.020496429144,0.043262659804,-0.350979584960,1.034739470680,0.345088294236,0.563664197922,0.469612970948,-0.000364551321,-0.409301052184
400,1,0.204806690177,-0.007125978915,0.016622409779,-0.204806690177,0.007125978915,-0.016622409779,0.183760144250,0.456412602960,0.023557733550,-0.193874568950,0.451746665385,0.077811297729,0.160464050674,0.836711075869,0.739596418371,-0.221724383852,0.835648903185,1.020810200644,0.105797727865,0.887556047183,0.776139322710,-0.172347398706,0.888186293168,1.062139233927,0.304121247685,0.989431323064,0.061782476737,-0.339345646371,1.003246202129,0.334535594834,0.565511211753,0.469043895602,-0.000362397404,-0.422271216872
401,1,0.207898814329,-0.007222121447,0.016120548207,-0.207898814329,0.007222121447,-0.016120548207,0.186478659894,0.463505786447,0.022840193716,-0.196329348828,0.458728891544,0.083428460261,0.164602266644,0.849494284094,0.735879796967,-0.222082625676,0.848378906288,1.038220332560,0.107519683663,0.901097559272,0.770663994452,-0.171217872751,0.901702247651,1.078579269710,0.314939332603,1.004529793088,0.068466860426,-0.354486740693,1.019173282236,0.350359144713,0.568055421114,0.468991354108,-0.000360359438,-0.415968967942
402,1,0.210772388730,-0.007407248710,0.016433439448,-0.210772388730,0.007407248710,-0.016433439448,0.189321316228,0.466387502149,0.020083728761,-0.198435683820,0.462164246810,0.078023647441,0.166694121684,0.857138004562,0.666245470699,-0.225092859961,0.856162239593,0.983900624279,0.106652484318,0.909410818089,0.690929288680,-0.175130657878,0.910047884195,1.017572610916,0.310662532703,1.013029540702,0.002307762781,-0.351041421778,1.028026108637,0.311369762409,0.569978922606,0.468843147159,-0.000360525679,-0.412324038438
403,1,0.211518812150,-0.007383859977,0.016518834319,-0.211518812150,0.007383859977,-0.016518834319,0.191077043183,0.465893033206,0.023710331267,-0.197473353378,0.464678067286,0.078243902674,0.173065423715,0.860244445840,0.669309659611,-0.223224304311,0.859659091425,0.985365638517,0.109967584123,0.912994687824,0.694116265838,-0.173390967252,0.913811194839,1.019377429037,0.308517219118,1.016716907446,0.005025754364,-0.356521142245,1.032401619771,0.313801134071,0.572592809796,0.468754544854,-0.000360034173,-0.410768468639
404,1,0.219582651046,-0.007598568032,0.016549039903,-0.219582651046,0.007598568032,-0.016549039903,0.197881770347,0.481554841379,0.023160755615,-0.203696045577,0.480674811334,0.079594121770,0.181208689605,0.888383653286,0.703426901630,-0.226663704393,0.889485904047,1.017115299201,0.120327115744,0.942353427659,0.733258494701,-0.172952462291,0.945414551777,1.052881955941,0.325475173384,1.052024227328,0.038043168871,-0.373544395071,1.068941660829,0.327399966560,0.575377196074,0.468695640564,-0.000360809034,-0.397237848413
405,1,0.237787082788,-0.008307082682,0.024149769604,-0.237787082788,0.008307082682,-0.024149769604,0.216140924882,0.524091625822,0.003879365670,-0.221554321980,0.522544940936,0.078305480898,0.199196061926,0.966976701880,0.521211082661,-0.243677419303,0.967679250542,0.924987004136,0.135641700523,1.025806578674,0.535292308605,-0.183638087513,1.028501641567,0.949435109664,0.362587699711,1.144441604370,-0.117630535588,-0.401944877488,1.162970631271,0.263847151528,0.577985107899,0.468702092767,-0.000369472895,-0.364984229171
406,1,0.235200189956,-0.008296545479,0.024268023300,-0.235200189956,0.008296545479,-0.024268023300,0.216454340422,0.519748728610,0.016283279439,-0.215480995899,0.520841666333,0.071413953297,0.202751404975,0.960488942240,0.558599000006,-0.237726140854,0.960272589477,0.944065536027,0.141443574310,1.018977547416,0.574339797108,-0.181411103632,1.020549667644,0.973464734886,0.364533879881,1.135442053542,-0.123755287314,-0.394180767027,1.153931469991,0.263379602190,0.581228569150,0.468443959951,-0.000371683855,-0.368064656398
407,1,0.227218052757,-0.008060343955,0.022501054767,-0.227218052757,0.008060343955,-0.022501054767,0.209775469379,0.503821774761,0.006061824281,-0.206663677212,0.505087466121,0.069272509413,0.199961729994,0.931414139612,0.572723462666,-0.224089305161,0.931151487461,0.916807593324,0.140471567157,0.988465546609,0.592616772731,-0.168574405401,0.989657450455,0.945276072251,0.352625035424,1.099255929194,-0.118152290188,-0.375921559088,1.118161860273,0.268037233233,0.584202438593,0.468389034271,-0.000371607486,-0.379660208884
408,1,0.211098645186,-0.007493633621,0.017778535133,-0.211098645186,0.007493633621,-0.017778535133,0.198040551992,0.468143148788,0.036898135198,-0.190727833128,0.471885991454,0.107421556871,0.192798763842,0.865446393574,0.730496300862,-0.203800218661,0.865450477099,1.084262383828,0.137913557989,0.918320317351,0.761623993738,-0.151204412128,0.919657671903,1.126470285226,0.330599222763,1.021152819483,0.002538595059,-0.343646232103,1.038827192247,0.376995501204,0.587140947580,0.468382388353,-0.000369873596,-0.408698345156
409,1,0.210486116600,-0.007599600461,0.016820545080,-0.210486116600,0.007599600461,-0.016820545080,0.203733550937,0.467173522540,0.040159781938,-0.187041399492,0.473635826829,0.107046086838,0.202220181121,0.868493611604,0.713592155900,-0.198121538289,0.867687232426,1.093299116648,0.147493250681,0.921576166715,0.741967071495,-0.146183341939,0.922475054813,1.135852927111,0.339535694100,1.024867206296,-0.005259497926,-0.336939223408,1.042350660307,0.387702369159,0.590635865927,0.468405917287,-0.000372086186,-0.407205440156
410,1,0.222138699925,-0.009435749829,0.017323771126,-0.222138699925,0.009435749829,-0.017323771126,0.220957621834,0.494095348184,0.027908891698,-0.192512005963,0.500338588400,0.112713689923,0.222767553429,0.915867734691,0.713864269875,-0.200607215095,0.916886247791,1.134738360713,0.164605274422,0.972326649038,0.745353248184,-0.144422551610,0.974632031569,1.180573389214,0.370655702119,1.083988166799,-0.001883216056,-0.348114778666,1.102546015300,0.410775572738,0.594508767128,0.469218850136,-0.000376961427,-0.384250430853
411,1,0.230991973549,-0.010384813700,0.018221592064,-0.230991973549,0.010384813700,-0.018221592064,0.239322635276,0.519027221589,0.007856896362,-0.196249446151,0.525802410928,0.111257031199,0.245919972428,0.962833859295,0.682152518125,-0.200189443188,0.964617602518,1.083136836190,0.184894318234,1.021987986341,0.712143699861,-0.140850121432,1.025234359847,1.122036780846,0.402119798223,1.140040231185,-0.013284917844,-0.356558718063,1.159212696991,0.395337760326,0.598632872105,0.469423815608,-0.000377492746,-0.365298081163
412,1,0.230142689180,-0.010823202993,0.018026238705,-0.230142689180,0.010823202993,-0.018026238705,0.243705286053,0.514510948029,0.007408306548,-0.188908339622,0.522652328017,0.110893589773,0.253146423680,0.956232269893,0.650368576781,-0.189737975603,0.957022067800,1.084118478244,0.190081619474,1.015249461038,0.675465024724,-0.133989287875,1.017260312097,1.124495256586,0.410871916004,1.130829105439,-0.055494745312,-0.341842493871,1.151171300344,0.406806408198,0.602904111147,0.469255641103,-0.000377878547,-0.368058524622
413,1,0.255509810257,-0.013453142488,0.020263467234,-0.255509810257,0.013453142488,-0.020263467234,0.279399196528,0.571544468199,-0.012642699013,-0.202550979332,0.580059709137,0.107646788381,0.291816858562,1.060666159916,0.656814180035,-0.197835696400,1.063544670424,1.077575433946,0.218660373861,1.126359406081,0.682443863158,-0.134797846917,1.131072708179,1.111501070789,0.471200465254,1.255391948498,-0.066363246047,-0.366964440586,1.278009639980,0.373976662580,0.607500910759,0.469929113984,-0.000378319994,-0.330997661483
414,1,0.245044110040,-0.013538607391,0.018693763351,-0.245044110040,0.013538607391,-0.018693763351,0.275874734370,0.550112155063,-0.028001976059,-0.185444747312,0.559389774391,0.105634984305,0.294620965489,1.021808720403,0.647923452328,-0.177996561689,1.024546972919,1.157251474194,0.222244363142,1.086661850361,0.673860480273,-0.115645762586,1.090057734508,1.205076611309,0.468254624427,1.208799361747,-0.070207339399,-0.339738554597,1.230877986331,0.463785901839,0.612273782492,0.470094412565,-0.000380709069,-0.343598449022
415,1,0.257881203925,-0.015324026736,0.021037852980,-0.257881203925,0.015324026736,-0.021037852980,0.296898765124,0.577133802925,-0.079526469584,-0.191399188613,0.588394502390,0.110356230253,0.322550474173,1.073448644481,0.488154596573,-0.173987544539,1.076107823070,1.052915867879,0.245953523588,1.141972958503,0.505280300609,-0.108139716722,1.145628509228,1.083310774691,0.506901819287,1.269108694922,-0.187069198799,-0.343485037975,1.292089929885,0.397483866790,0.616575390100,0.470297798514,-0.000387139618,-0.327164711260
416,1,0.276202569461,-0.017190212444,0.021789618349,-0.276202569461,0.017190212444,-0.021789618349,0.330159378061,0.616177369195,-0.109435067185,-0.193913673569,0.630565643279,0.114293022913,0.363555625638,1.150175932938,0.508161948989,-0.168400018682,1.153710343602,1.083367423340,0.280417237548,1.223391151264,0.528951230711,-0.092828591645,1.228108253385,1.114081289996,0.561251413362,1.359882216899,-0.214483368383,-0.349992249077,1.383116960619,0.380168318469,0.622026234865,0.470281302929,-0.000392553629,-0.305358206961
417,1,0.243586323807,-0.016909638344,0.011582259077,-0.243586323807,0.016909638344,-0.011582259077,0.298326373580,0.543684325368,-0.092957026755,-0.168559829553,0.555963244169,0.167522456389,0.331423893469,1.014375293050,0.823985840568,-0.138705774875,1.017652556930,1.367927234135,0.255593473711,1.078939891891,0.875020969823,-0.068810470519,1.083445461512,1.425406355704,0.506642319645,1.199801176183,0.058246814005,-0.298824559076,1.220033473814,0.613280966582,0.625571906567,0.470879212022,-0.000390844885,-0.345650004259
418,1,0.282085706186,-0.021319941854,0.018540096137,-0.282085706186,0.021319941854,-0.018540096137,0.362182482027,0.625344381241,-0.116248846596,-0.185935264979,0.642469991198,0.198631390487,0.400911561190,1.169656326453,0.451032574910,-0.141062429033,1.173460733523,1.232740298379,0.312404204472,1.243944676877,0.468920650288,-0.052825250171,1.248732363978,1.264024642653,0.608885449091,1.384762132699,-0.158379382282,-0.324812660486,1.406632791068,0.674766289832,0.630926460028,0.471463024616,-0.000398109201,-0.299150712913
419,1,0.274555080534,-0.021646112751,0.018982075302,-0.274555080534,0.021646112751,-0.018982075302,0.360001160956,0.608390401773,-0.123513089254,-0.179110816218,0.627370616681,0.191784013512,0.399523455386,1.138389400399,0.426309171792,-0.129956603003,1.142829782858,1.107728481103,0.311597519620,1.210764394739,0.441976123035,-0.044312258311,1.215955931066,1.133485764507,0.613595323848,1.345283597902,-0.246867378098,-0.305555503294,1.368908279428,0.488155984209,0.633182048798,0.471584141254,-0.000400665449,-0.307246217393
420,1,0.274181216572,-0.023568432289,0.042595893148,-0.274181216572,0.023568432289,-0.042595893148,0.371945819358,0.608936531112,-0.100120362266,-0.177744561513,0.634445016616,0.187474225066,0.420233369902,1.144120974968,0.298167289191,-0.122411711506,1.151534486118,0.931266343475,0.332972088608,1.219509140363,0.296661321966,-0.036224755762,1.224926721245,0.941523669054,0.701849998690,1.342750550324,-0.274614735787,-0.300661170830,1.380588163228,0.379574948161,0.635812342167,0.471329316497,-0.000407496002,-0.304812557389
421,1,0.267018339842,-0.025269718692,0.060472067988,-0.267018339842,0.025269718692,-0.060472067988,0.377043443772,0.586967026500,-0.075364678856,-0.169459208568,0.620208730703,0.133819744634,0.442408311434,1.110563420727,0.292937431194,-0.113137022285,1.123378413169,0.841319567469,0.355179288973,1.188324876445,0.289576662304,-0.030736138626,1.195047367311,0.852684822074,0.773941081050,1.282968520216,-0.289834638630,-0.284601426721,1.347508397363,0.264594513232,0.638507515192,0.470750868320,-0.000403832644,-0.312693174182
422,1,0.249031685560,-0.026391535899,0.065545435557,-0.249031685560,0.026391535899,-0.065545435557,0.382468530126,0.530983362746,-0.052544704633,-0.155898655017,0.577634521131,0.030533685998,0.471475208914,1.013073902733,0.342342429408,-0.101249611569,1.047082474143,0.738956272951,0.405675502267,1.096763535891,0.348453026450,-0.023317666128,1.114802832602,0.750261729910,0.820300146599,1.170385973261,-0.251250874943,-0.257211660009,1.257749935500,0.132931122527,0.639951437712,0.469753786922,-0.000415214337,-0.335193377593
423,1,0.257530267264,-0.030938698408,0.088805596441,-0.257530267264,0.030938698408,-0.088805596441,0.450563601056,0.528642330298,-0.139531860906,-0.158653929660,0.597088896533,0.038777910566,0.563159633697,1.033635119607,0.107522617577,-0.099004897079,1.082041058378,0.704171582487,0.505178944161,1.127382630060,0.101953149163,-0.018767119500,1.152743458821,0.708884285325,0.970897729493,1.183012439280,-0.370026523811,-0.260663858686,1.299526697347,0.162320922151,0.641686558723,0.468333512545,-0.000403647311,-0.325471620045
424,1,0.273818553222,-0.035884693842,0.118669092788,-0.273818553222,0.035884693842,-0.118669092788,0.532692786741,0.547493473797,-0.188421379033,-0.167023638377,0.637776963717,0.049203104144,0.716532838146,1.096108256027,0.051123752608,-0.099094646873,1.153988415355,0.661724062150,0.674151079720,1.199963327050,0.046446084599,-0.011886356287,1.230195905788,0.656770585983,1.156957375219,1.238905594796,-0.380598124936,-0.268947312833,1.385020799041,0.147079618355,0.643460452557,0.467026263475,-0.000394741073,-0.306047588681
425,1,0.267952063259,-0.036061448112,0.128904121687,-0.267952063259,0.036061448112,-0.128904121687,0.581236119330,0.525557758654,-0.167191899687,-0.160126010020,0.621753789230,0.051522404781,0.817459568105,1.061148427955,0.091670486062,-0.091213865572,1.129957416482,0.618415915116,0.763759597406,1.163644188705,0.084311074582,-0.001491201472,1.209005627498,0.606037109651,1.239055441115,1.181476104896,-0.359108182650,-0.259212686063,1.352457328330,0.074830270143,0.645200818777,0.466564118862,-0.000391235575,-0.313751473594
426,1,0.267422170909,-0.039047545816,0.157628303955,-0.267422170909,0.039047545816,-0.157628303955,0.636553344101,0.513262901297,-0.147554251349,-0.159777582579,0.625289998895,0.037600676658,0.890980549520,1.039259578739,0.161864508718,-0.091641124367,1.138501270293,0.541750102124,0.848374245446,1.149912475551,0.160048710798,0.001291554949,1.216437434929,0.525625234276,1.338319241181,1.131982888600,-0.278004744778,-0.260212414038,1.356208455166,-0.014130369085,0.646063089371,0.465372338891,-0.000380273908,-0.313724457087
427,1,0.269329875391,-0.041463182317,0.176951843689,-0.269329875391,0.041463182317,-0.176951843689,0.699395315477,0.499203663337,-0.147520702295,-0.160689388320,0.631709018959,0.020940799477,0.989197864494,1.019571450889,0.196540270798,-0.088811605809,1.152334170491,0.536726742463,0.960860866577,1.136370337884,0.195930537097,0.006659340783,1.229935337855,0.523381769999,1.489400868724,1.079848542443,-0.148002267874,-0.256676210111,1.367442847325,-0.005403042972,0.647179841995,0.464623466134,-0.000381482765,-0.311729138925
428,1,0.252543821166,-0.042479302422,0.196388265897,-0.252543821166,0.042479302422,-0.196388265897,0.701549151432,0.444905780784,-0.155576458421,-0.152710782981,0.599349742486,-0.093584496479,1.015144258292,0.925854551506,0.316299075799,-0.079262666280,1.088377201291,0.565022978804,0.999125921594,1.042579670207,0.338124110170,0.012030738736,1.160189961861,0.564858156288,1.501504229144,0.963666807431,-0.079603954179,-0.236743357966,1.291647864633,0.000130212315,0.648733943701,0.463369905949,-0.000383917242,-0.331161997256
429,1,0.267591679210,-0.047670796361,0.207000702850,-0.267591679210,0.047670796361,-0.207000702850,0.798143529652,0.455122571257,-0.160778710761,-0.160016072571,0.637764199687,-0.095396676445,1.184783083899,0.948880494395,0.353893495024,-0.077698804743,1.155170131607,0.560654414667,1.172362442329,1.072997214555,0.376431473952,0.021228514576,1.230980188334,0.558886831798,1.719891053317,0.972591537619,-0.012832908064,-0.241742987621,1.370618616074,-0.004712655076,0.650669276714,0.462219536304,-0.000395625830,-0.312989801676
430,1,0.265538690027,-0.050321075466,0.220183647565,-0.265538690027,0.050321075466,-0.220183647565,0.819839827827,0.433451042684,0.005053890464,-0.160152245194,0.640756981281,-0.093131351296,1.286094128613,0.922231391346,0.526668025901,-0.076866257586,1.162181169952,0.544870422905,1.285328864673,1.045399399862,0.546881678879,0.023372186409,1.241643787403,0.540790347277,1.814546295602,0.917682813960,0.146869247477,-0.240955097366,1.373289546458,-0.051121478228,0.650897383690,0.461134865880,-0.000393532217,-0.313225367645
431,1,0.275012857555,-0.055515494865,0.230346269383,-0.275012857555,0.055515494865,-0.230346269383,0.888288350764,0.436815707893,0.005927804695,-0.165792232180,0.670885473002,-0.091345915908,1.433336356699,0.930283492038,0.530528275326,-0.079432857762,1.214051068660,0.573826585599,1.446916765074,1.060391092111,0.549738720629,0.025601968967,1.296732434391,0.570710971138,1.998935585500,0.896487711727,0.129267687832,-0.248434155991,1.434319729016,-0.039544031515,0.651294767857,0.460072040558,-0.000395685434,-0.300728869130
432,1,0.251783683859,-0.053040238334,0.260404108411,-0.251783683859,0.053040238334,-0.260404108411,0.849102625256,0.394166625787,0.009790414359,-0.150901887918,0.622011966805,-0.246272527731,1.390206737211,0.830621741470,0.773277309226,-0.071350917698,1.124322398167,0.591729443729,1.405196877231,0.954853610648,0.807829172221,0.025616998793,1.200827778160,0.613834640183,1.897220961444,0.801720610451,0.148395826521,-0.222476181790,1.325893585051,-0.122200539249,0.651959329844,0.458924636245,-0.000381819904,-0.326206135759
433,1,0.247694610644,-0.053320786996,0.246697866520,-0.247694610644,0.053320786996,-0.246697866520,0.864014453171,0.381477246627,-0.059360882442,-0.148619610658,0.615832850929,-0.196397318516,1.451237886610,0.806931756216,0.636185114584,-0.069912119537,1.112660409844,0.799350612065,1.476760683757,0.930599809387,0.659932446846,0.028221390362,1.189455938020,0.830541656578,1.905376183305,0.776992371468,-0.106839919221,-0.233679369596,1.309034539891,-0.063685413735,0.651935547590,0.458530351520,-0.000377792865,-0.331105230603
434,1,0.246581825321,-0.055550985018,0.242736331295,-0.246581825321,0.055550985018,-0.242736331295,0.883172997655,0.361955104073,-0.093511548079,-0.145868204915,0.623374430786,-0.215323806853,1.503141453691,0.788677642156,0.571084753431,-0.066560699797,1.122942963936,0.795314756382,1.532421827639,0.908524134851,0.590600766218,0.031773116517,1.199727377380,0.808347684569,1.967272140898,0.747452068252,-0.181862967973,-0.232548507388,1.320008979459,-0.067181573072,0.653065979481,0.456995487213,-0.000381924212,-0.329455478960
435,1,0.250631627144,-0.058163250785,0.239760101578,-0.250631627144,0.058163250785,-0.239760101578,0.924409078366,0.359051019776,-0.122738019891,-0.147968769164,0.638069268521,-0.197630925748,1.569852007912,0.782464074977,0.483408379135,-0.065834757404,1.147277346563,0.779213685083,1.610386026938,0.898257220845,0.499592783123,0.035083997923,1.225133262810,0.792320735481,2.043199784725,0.729918579394,-0.223879928883,-0.236576081458,1.348274619119,-0.057715145316,0.653267145157,0.456139117479,-0.000377893448,-0.323192631114
436,1,0.248839972813,-0.058665775775,0.230023272246,-0.248839972813,0.058665775775,-0.230023272246,0.949722481026,0.353786321142,-0.175311133304,-0.147195774334,0.634399117672,-0.164186696805,1.606118098498,0.762026671234,0.419971386869,-0.065642131282,1.138641132857,0.841551744478,1.658717390558,0.882323035321,0.437479536987,0.035071355150,1.215333271155,0.864539507571,2.063894933111,0.709465624478,-0.290530181492,-0.230696217820,1.339560611161,0.033619318973,0.653140604496,0.455968692899,-0.000351365656,-0.325333272177
437,1,0.251740439341,-0.059409688370,0.232872517012,-0.251740439341,0.059409688370,-0.232872517012,0.958596259938,0.341468589687,-0.169947002215,-0.148814162997,0.643531356658,-0.131231081329,1.646335511968,0.754803504062,0.351865487275,-0.067440990866,1.153905236409,0.823946452574,1.702498244072,0.869936899266,0.358119593551,0.034725116837,1.228608811557,0.843722546426,2.101731658444,0.696670675976,-0.350783757077,-0.225971280009,1.358441712289,0.028678439372,0.653277307749,0.456074863672,-0.000357877463,-0.320695940533
438,1,0.260798734978,-0.062541338915,0.231015285727,-0.260798734978,0.062541338915,-0.231015285727,1.023193045505,0.357543934001,-0.231289962887,-0.153762346552,0.668925094431,-0.113275559640,1.755551529070,0.779539225148,0.282001944399,-0.069682607750,1.198336888641,0.820553452443,1.790685653255,0.892339015033,0.294783467767,0.035206672687,1.275639715452,0.834325957997,2.213490808322,0.731193346423,-0.367637608840,-0.232907148760,1.411113189297,0.018364393868,0.653430819511,0.455617651343,-0.000351596624,-0.309223449216
439,1,0.258720113434,-0.062352951892,0.224041585086,-0.258720113434,0.062352951892,-0.224041585086,1.028489299830,0.355590210919,-0.301083654409,-0.152992238436,0.663613538935,-0.090908466957,1.766968111320,0.773000140151,0.232614268601,-0.069290151515,1.188584435180,0.833104979945,1.801617107210,0.886701563839,0.248503161583,0.034579007189,1.265149778194,0.850480152768,2.248770082621,0.729662028042,-0.424215529542,-0.229729302359,1.399702671362,0.054392167533,0.653381824493,0.455623269081,-0.000337403268,-0.311697459860
440,1,0.258125045795,-0.062687092494,0.215266868067,-0.258125045795,0.062687092494,-0.215266868067,1.014733487003,0.349557893088,-0.286261562160,-0.152934322490,0.662714729287,-0.087739862033,1.737101585109,0.772674266711,0.201593467646,-0.069599963914,1.184775786968,0.855817684203,1.780238496490,0.887296856726,0.210328028924,0.035583504990,1.260934015729,0.877511779437,2.224438891702,0.744224415109,-0.500102117154,-0.229285556498,1.397770917890,0.077166178858,0.653402715921,0.455375373363,-0.000334937125,-0.312221023735
441,1,0.251789876040,-0.061258305965,0.215565044233,-0.251789876040,0.061258305965,-0.215565044233,0.987429050747,0.344412347414,-0.190031203759,-0.149178580664,0.647489695068,-0.099151934294,1.663498802903,0.756745417025,0.517239478689,-0.068453141319,1.157132798659,0.825450961080,1.696821603290,0.867710994786,0.547680812251,0.035436444643,1.232350235429,0.845061638831,2.135953119476,0.726964993438,-0.157153087988,-0.226493443041,1.364356994488,0.025117299644,0.653454899788,0.455360829830,-0.000343229622,-0.319730938877
442,1,0.249415030763,-0.061048532218,0.213318931786,-0.249415030763,0.061048532218,-0.213318931786,0.970366891898,0.344681647418,-0.179998101854,-0.147945436407,0.641172882861,-0.096138848356,1.628664698610,0.757330770892,0.479411984658,-0.067038677582,1.144750813712,0.819492252340,1.660781490763,0.867982349329,0.505279562324,0.035778454793,1.218466147907,0.839685008908,2.097553791980,0.732275095501,-0.171950465657,-0.223375802201,1.349002822457,0.047602627115,0.653382092714,0.455509960651,-0.000344377011,-0.322762762034
443,1,0.257409011339,-0.062627779781,0.224707911666,-0.257409011339,0.062627779781,-0.224707911666,0.997106382782,0.362978621808,-0.111520435110,-0.152769266361,0.662074521866,-0.128499950986,1.666111771492,0.789236510584,0.494856613917,-0.069264543427,1.181685302104,0.729566214360,1.700580432815,0.914313473454,0.515400713448,0.037815705342,1.258097811236,0.742786658216,2.148399643172,0.765986728344,-0.131952578149,-0.230385825979,1.392438738937,-0.019555672206,0.653355449438,0.455468356609,-0.000359777361,-0.312713249949
444,1,0.236219491917,-0.057043897850,0.226973435666,-0.236219491917,0.057043897850,-0.226973435666,0.902771114303,0.344430731867,0.009516133203,-0.140871341227,0.603465303015,-0.116259801214,1.502280787172,0.739700174179,0.829203717600,-0.064270781736,1.078737321386,0.932817126920,1.527884061731,0.856668244942,0.864319671417,0.035281863250,1.149854312181,0.968865317104,1.936835001610,0.729654445379,0.082598310990,-0.212047360852,1.273448980308,0.094964681600,0.653061240911,0.456912472844,-0.000351008028,-0.341297126891
445,1,0.237348486217,-0.056687247076,0.230190960325,-0.237348486217,0.056687247076,-0.230190960325,0.873619932833,0.357274554931,-0.014780618851,-0.141497620196,0.605782513199,-0.147415198656,1.448857752106,0.774348240789,0.681623933591,-0.064655866813,1.083356043468,0.837810038653,1.475592349364,0.889028171357,0.710537051353,0.034983906005,1.154764766679,0.869011794051,1.898823178769,0.771595049239,0.010021578331,-0.212885109664,1.280134219207,0.038705459285,0.653068244457,0.457112193108,-0.000358827412,-0.339655725047
446,1,0.232360775543,-0.054596169009,0.218993266523,-0.232360775543,0.054596169009,-0.218993266523,0.830180464944,0.368699187048,-0.001358980491,-0.139503343458,0.590807897301,-0.130423374396,1.331861649948,0.777966330434,0.664044304821,-0.064256389880,1.055745100893,0.806176320332,1.342274683204,0.883225324450,0.691833821616,0.033518707901,1.125273663133,0.834579709643,1.782686878383,0.785509368254,0.062720192552,-0.208889108768,1.249569219281,0.040585021149,0.652789115906,0.457434564829,-0.000371206552,-0.347701236799
447,1,0.250002949222,-0.057204673778,0.212764232044,-0.250002949222,0.057204673778,-0.212764232044,0.853962054976,0.415884751968,-0.006164766020,-0.150765023652,0.631874821847,-0.043153594797,1.361268501129,0.870156801833,0.461767432343,-0.068291482152,1.130481972557,0.649912284191,1.369481663260,0.975122074546,0.469089717721,0.035652993325,1.205037487883,0.645918757385,1.835160738496,0.888325816135,0.012539555602,-0.225208587688,1.338472764258,0.036873450816,0.652497321367,0.457975015044,-0.000385679305,-0.324241270215
448,1,0.254094491039,-0.055997112152,0.204671936538,-0.254094491039,0.055997112152,-0.204671936538,0.830405739420,0.439973967358,-0.000812558337,-0.153549429422,0.638621871011,-0.021924823847,1.298037470687,0.914622885271,0.434169874057,-0.069743452677,1.143484587303,0.663348085883,1.294225324384,1.020765849742,0.440181975488,0.035493653401,1.219092722699,0.664220433668,1.763457921265,0.951400847886,-0.016223563604,-0.229005438773,1.352860546364,0.057819892332,0.652302503586,0.458887845278,-0.000388890505,-0.319717707741
449,1,0.262327241309,-0.054647808928,0.198635320675,-0.262327241309,0.054647808928,-0.198635320675,0.815151914816,0.472353093693,-0.004708150299,-0.159154643119,0.654353654592,0.017750790249,1.249667642084,0.974938518992,0.327529890601,-0.073695000968,1.175434751880,0.565153967599,1.247312198866,1.082318047433,0.324067423627,0.030675765054,1.254981884065,0.547869566303,1.699973372572,1.029584840050,-0.102033483224,-0.236393751963,1.389892394965,-0.035844822657,0.651926249266,0.459908053279,-0.000389466062,-0.310467847886
450,1,0.262905413469,-0.051514702288,0.198951969264,-0.262905413469,0.051514702288,-0.198951969264,0.771835733313,0.489437952382,-0.009166614940,-0.159701324675,0.651098928593,0.019131144940,1.153996400777,1.010806672024,0.295645433698,-0.074365347425,1.172952423349,0.545228918795,1.133161154394,1.125550482823,0.291126860043,0.029808099529,1.252466681720,0.529425807104,1.615470569407,1.082107987208,-0.177392801329,-0.228976149281,1.388118051829,-0.074726521930,0.651774108410,0.460859045386,-0.000388832763,-0.310333842188
451,1,0.260644765281,-0.046859588132,0.176162243050,-0.260644765281,0.046859588132,-0.176162243050,0.713489850689,0.498694346929,-0.014748835051,-0.160014985289,0.637082303313,0.085958697871,1.043377818357,1.017423651358,0.242941147322,-0.076092843842,1.152541985223,0.576548073951,1.022059955264,1.124462800241,0.238666830576,0.029421680250,1.230683123565,0.571165644836,1.447209283773,1.113700497884,-0.205712474180,-0.233003864962,1.363693525924,0.021961546361,0.650889992714,0.462380573153,-0.000386336818,-0.314829069515
452,1,0.259083804856,-0.041158470824,0.152029740654,-0.259083804856,0.041158470824,-0.152029740654,0.667504016895,0.511437420229,-0.082040036564,-0.159732530883,0.620907988652,0.102694843515,0.950585445735,1.019634136876,0.164797941494,-0.077625871197,1.127109033339,0.679848795449,0.913737568478,1.112799033109,0.161403271477,0.026486940552,1.200532811982,0.683492609459,1.309931279732,1.156054770174,-0.303194763238,-0.231654375507,1.336187171462,0.194683472101,0.650046050549,0.465100243688,-0.000392623246,-0.319307616688
453,1,0.259410862796,-0.038175207151,0.137424211429,-0.259410862796,0.038175207151,-0.137424211429,0.615383557196,0.527054171418,-0.080255496911,-0.160693032744,0.614856028625,0.143196780707,0.855609730540,1.037146202447,0.134760352369,-0.079862782100,1.118403714545,0.661871913824,0.795523209240,1.122958135876,0.124521403162,0.023606566850,1.191544002085,0.655337135655,1.186872594711,1.177520352345,-0.327590215275,-0.236788669183,1.326112969187,0.157646658579,0.649213731289,0.466131851077,-0.000397305936,-0.320859000479
454,1,0.259016470866,-0.035932076601,0.117045868929,-0.259016470866,0.035932076601,-0.117045868929,0.561048940660,0.538021756173,-0.082776397522,-0.160477887455,0.609947471726,0.151441983380,0.752314843472,1.038629779723,0.145040423320,-0.081830783416,1.110075013149,0.659236614054,0.703198625718,1.118431224046,0.138454372635,0.018861003277,1.183050431477,0.653371968275,1.048050390714,1.192159625714,-0.321662054980,-0.230408834963,1.317261716183,0.154875690478,0.648449301720,0.466792851686,-0.000404588878,-0.322410477314
455,1,0.247079961872,-0.033001804942,0.087283456199,-0.247079961872,0.033001804942,-0.087283456199,0.483012062971,0.508560059008,-0.108076923038,-0.149302417955,0.578314565821,0.138921433710,0.632827577800,0.996502290797,0.100897843340,-0.071381345850,1.050825643785,0.634653763833,0.592497233629,1.068610077956,0.093320760476,0.017430117489,1.121726526038,0.629015312546,0.870383447602,1.159846579760,-0.380482084265,-0.220615777811,1.249389835563,0.147546904459,0.647930890322,0.466924279928,-0.000405518338,-0.339728796783
456,1,0.208036857866,-0.024032871971,0.057899699486,-0.208036857866,0.024032871971,-0.057899699486,0.374953694200,0.442485311272,-0.115386998316,-0.127359478845,0.483285190910,0.136806980287,0.471115117046,0.847687474314,0.290425633362,-0.064651482876,0.876619099719,0.935656207977,0.417199299824,0.908938832045,0.303959886244,0.007008836519,0.936979339322,0.965579373726,0.681728077534,0.982607005889,-0.292143432953,-0.192249777840,1.043499291530,0.379753331849,0.645679086447,0.469232156873,-0.000387257896,-0.404201033381
457,1,0.224206223156,-0.025171450385,0.062222260111,-0.224206223156,0.025171450385,-0.062222260111,0.371544055469,0.478010667332,-0.046651439582,-0.136554558939,0.520190698755,0.144805615341,0.445844981346,0.909004095907,0.297824868071,-0.071401995618,0.942240923508,0.864331204048,0.386516271144,0.971624645945,0.301630578468,0.003529668169,1.005062101458,0.872238042290,0.631391938583,1.065654115707,-0.306833440902,-0.202717733702,1.125444890115,0.378959980300,0.644997209311,0.469053789973,-0.000393481925,-0.374928197826
458,1,0.236253807752,-0.023905362658,0.059357141276,-0.236253807752,0.023905362658,-0.059357141276,0.364404733489,0.520120283846,-0.076589950366,-0.148147966941,0.548941605502,0.169944490956,0.430805033102,0.971115644193,0.315353320671,-0.080399055980,0.994278557081,0.925390879217,0.364889088551,1.031886667272,0.316102610183,-0.000116360055,1.058644413440,0.943926242226,0.620328034800,1.154938016493,-0.322039237068,-0.221845089072,1.189342087550,0.381785961286,0.642726182938,0.471001043916,-0.000388520770,-0.352935552156
459,1,0.234170897096,-0.021518826982,0.044587262311,-0.234170897096,0.021518826982,-0.044587262311,0.344000158311,0.523779321897,-0.154780758842,-0.148891522622,0.542827578483,0.160297274507,0.392595348875,0.973418691581,0.247646465710,-0.082667780696,0.984862833311,0.879735244237,0.314675006126,1.029877664424,0.253681323502,-0.003278783150,1.046804661130,0.896940180636,0.576449941515,1.159814303444,-0.356814847459,-0.226529734789,1.179468059531,0.336125478414,0.641045987606,0.471675053239,-0.000406845938,-0.355560948618
460,1,0.181845550521,-0.014588883949,0.009729864288,-0.181845550521,0.014588883949,-0.009729864288,0.250435076157,0.406252761214,-0.117858774447,-0.119557575837,0.418438484471,0.188966402182,0.295571983256,0.751098705585,0.512261892062,-0.069709217895,0.757989268728,0.977644544802,0.239462945653,0.796527790669,0.543717425983,-0.008515584923,0.805567200665,1.009249627548,0.438420179875,0.895872961726,-0.044649483525,-0.182644480761,0.908861107391,0.431016849683,0.638319432735,0.472681149840,-0.000394165283,-0.460838596848
461,1,0.183520739141,-0.014528219191,-0.005865937940,-0.183520739141,0.014528219191,0.005865937940,0.247753056791,0.411294370994,-0.115064579229,-0.123383899846,0.425012513920,0.188075956143,0.288981501029,0.757748154822,0.621311669346,-0.074854387409,0.767509418252,1.040915454532,0.241344235115,0.802130836587,0.660025422016,-0.012147443202,0.814735865622,1.078378804460,0.426182187411,0.906688085881,0.033048261834,-0.191620388285,0.920269463960,0.459800802214,0.635326862335,0.472779437900,-0.000392008340,-0.454994471562
462,1,0.197254193090,-0.014253704674,-0.004175889629,-0.197254193090,0.014253704674,0.004175889629,0.262940309346,0.440923456025,-0.121133786443,-0.141369153542,0.455546030144,0.167461021909,0.308749738526,0.813316271247,0.589339127164,-0.091740443581,0.823070936014,0.998503068071,0.267307954236,0.858554692916,0.621948648845,-0.025005276827,0.873325082034,1.032722732483,0.452926533187,0.973017789703,-0.004812507296,-0.218096811098,0.987479891022,0.418659918987,0.630273431540,0.473387703300,-0.000396977412,-0.423803282970
463,1,0.204787648985,-0.013425262241,0.001353266744,-0.204787648985,0.013425262241,-0.001353266744,0.264674130907,0.456097390167,-0.100817098479,-0.156198436730,0.467985930497,0.158873477093,0.298598957974,0.838623182532,0.552893283893,-0.112254444627,0.849603653305,0.972271238564,0.253972931888,0.884494295182,0.580212861282,-0.043970028375,0.901083037292,0.998973181745,0.451672605608,1.001163997129,-0.029657405897,-0.238382004478,1.020011931355,0.421559778573,0.623213291168,0.473902910948,-0.000396733980,-0.409783362854
464,1,0.249879746764,-0.014947327138,0.006061710500,-0.249879746764,0.014947327138,-0.006061710500,0.303123847981,0.547294904216,-0.090562420470,-0.198284044674,0.563551026476,0.169959336861,0.344296082599,1.010202964231,0.623755946806,-0.157292961518,1.026606013613,1.025087906111,0.297003585552,1.067773585274,0.651662421990,-0.074473046676,1.088838711392,1.052205461837,0.522487007642,1.211631249298,-0.024987064699,-0.305599086080,1.232953981769,0.441095006047,0.615043163300,0.474336802959,-0.000395235955,-0.338738539200
465,1,0.233615314695,-0.012793435870,0.002504219975,-0.233615314695,0.012793435870,-0.002504219975,0.262673608983,0.506246403740,0.003371513800,-0.190392487999,0.521082440389,0.221762469533,0.303954242558,0.935914214261,0.855621870397,-0.162231054646,0.950906467779,1.260438153611,0.262112663235,0.986972018083,0.905160717927,-0.087529713663,1.008207565167,1.309528978338,0.464000870098,1.120919666289,0.242955130357,-0.305427132812,1.141773965942,0.636243040816,0.606972873211,0.474721714854,-0.000398273638,-0.365525505168
466,1,0.213309478381,-0.011582232869,0.004491828311,-0.213309478381,0.011582232869,-0.004491828311,0.231217360347,0.464204304846,0.019008420148,-0.183905638205,0.478809890507,0.170616333471,0.269311194150,0.861891968724,0.733850410340,-0.161035635697,0.873760848871,1.092158086055,0.230059701754,0.910393062036,0.767643974028,-0.095102648227,0.926871035940,1.132502914369,0.421142553981,1.028299520248,0.123542371502,-0.291084420226,1.048308809105,0.502421794876,0.600352615118,0.474389985204,-0.000398138014,-0.398459743178
467,1,0.178643612900,-0.009106746898,-0.005304079214,-0.178643612900,0.009106746898,0.005304079214,0.187321623559,0.387214873890,0.079441278087,-0.157832753391,0.396978633813,0.203204048490,0.212757645200,0.719520012052,0.918735188768,-0.146615506517,0.729550344376,1.214989871296,0.178540451751,0.759326868243,0.967048723287,-0.091277096922,0.773661652525,1.265926780113,0.334393808391,0.858576251278,0.291802401519,-0.253655365053,0.875162368591,0.582932675593,0.593162149191,0.473915725946,-0.000369439484,-0.477825631998
468,1,0.190877532779,-0.008669145790,-0.003875848892,-0.190877532779,0.008669145790,0.003875848892,0.199175744819,0.411636567560,0.038890016983,-0.172586470043,0.422088074166,0.163524658300,0.216052337338,0.764087800724,0.688016214980,-0.162174921345,0.775503192604,1.008681925407,0.179470873421,0.807042286196,0.715756925804,-0.101536945022,0.822937726861,1.040370133440,0.342983987720,0.910867615263,0.118298873434,-0.276090415811,0.927914293509,0.430676377836,0.587015300989,0.473416268826,-0.000369936170,-0.450489128308
469,1,0.185792698829,-0.007793672300,-0.008880349009,-0.185792698829,0.007793672300,0.008880349009,0.187243510484,0.399063226067,0.085721322434,-0.170329172839,0.405278434709,0.169157327909,0.193774590749,0.737225521465,0.947431417822,-0.169182477067,0.748748191170,1.114723776340,0.158492803767,0.778734656168,1.000067232682,-0.113593799203,0.794658956055,1.160018131552,0.317107509446,0.880704072959,0.360241307686,-0.276432393387,0.895909228228,0.491973702635,0.578902304173,0.473517209291,-0.000363129890,-0.466463813068
470,1,0.192410154200,-0.008048020925,-0.008628623546,-0.192410154200,0.008048020925,0.008628623546,0.194379468093,0.415411887407,0.072430619771,-0.184154796757,0.422925296532,0.173415702910,0.186653493239,0.769147772067,0.920866499377,-0.186880247780,0.780532795150,1.186625752267,0.150572209447,0.812596580013,0.970259020795,-0.131264499947,0.828165104469,1.236906240204,0.318252396182,0.917721424013,0.297071652083,-0.299967080540,0.934165258301,0.534291041552,0.571609020233,0.473583117127,-0.000364089850,-0.447387315953
471,1,0.196183243817,-0.008136762932,-0.008241620677,-0.196183243817,0.008136762932,0.008241620677,0.201858961650,0.423147701677,0.054864787352,-0.190300239370,0.432391395484,0.159678216294,0.181188652613,0.783706177123,0.853025783541,-0.193922700172,0.795378957929,1.146305809222,0.143908205963,0.827922345673,0.898876225540,-0.138237169889,0.843570279858,1.192568110385,0.311783222716,0.937060953153,0.245223179777,-0.313331324642,0.951954106227,0.514644227810,0.565265715122,0.473578006029,-0.000365426065,-0.439228048114
472,1,0.220287540229,-0.009216315041,-0.005262582248,-0.220287540229,0.009216315041,0.005262582248,0.226662805878,0.477554617000,-0.021848919663,-0.221770106693,0.488492509672,0.106246699937,0.197616838759,0.888952789457,0.605351818771,-0.226389124875,0.898560126614,0.971667635170,0.158225162751,0.939492292613,0.633281149009,-0.162886857393,0.953119185419,1.003031692644,0.336936022816,1.058337272118,0.023779316313,-0.367255311489,1.075035031274,0.373750495892,0.558071941137,0.473550811410,-0.000372592884,-0.388970715573
473,1,0.210093833050,-0.008607112930,-0.000986396031,-0.210093833050,0.008607112930,0.000986396031,0.215408069082,0.454582677961,0.006535673091,-0.210366170763,0.463483667377,0.106627060295,0.179387135367,0.846554623787,0.734748713300,-0.225238000244,0.855377635541,0.972515307001,0.138175211212,0.894837252699,0.775867254095,-0.167890687238,0.906738337719,1.010414713817,0.314541624861,1.008590597804,0.129664622129,-0.351624456617,1.024297109518,0.372229470463,0.551532045007,0.473678380251,-0.000361249233,-0.408179467766
474,1,0.204372727001,-0.007946671605,-0.000620898753,-0.204372727001,0.007946671605,0.000620898753,0.208679408658,0.442160906088,0.003429874225,-0.208901545141,0.448291816578,0.106755055185,0.170222418074,0.818563132866,0.808293329738,-0.224190716633,0.826286821216,1.068305988787,0.127719763258,0.864709376412,0.859935052060,-0.170730340058,0.874925678847,1.118693571427,0.300961805050,0.978049506996,0.206508502016,-0.337126513657,0.989997457876,0.437877709412,0.545231118798,0.473844915628,-0.000362986822,-0.422342649181
475,1,0.172669546744,-0.006633534100,-0.003057044468,-0.172669546744,0.006633534100,0.003057044468,0.175756790233,0.372623922333,0.086535829297,-0.176779926729,0.377442668740,0.168224630553,0.141825765149,0.689369765950,0.903047655953,-0.189342908666,0.696075111617,1.112461362711,0.106290096324,0.728111987714,0.951588887113,-0.145091883643,0.737079635544,1.158292123325,0.256336561997,0.824146286493,0.294454846345,-0.282933592964,0.833851310716,0.470427338790,0.540192872286,0.473885774612,-0.000348843576,-0.501328778987
476,1,0.177835621153,-0.006779257517,-0.002990449499,-0.177835621153,0.006779257517,0.002990449499,0.179033081284,0.385548878724,0.075017810734,-0.183562913811,0.389706675272,0.170541054465,0.144268638174,0.711251162787,0.916580464775,-0.195739239107,0.717636389784,1.121264304048,0.106056911159,0.749262760950,0.971439268042,-0.152868105030,0.758842687398,1.171517137478,0.263183644058,0.850196539132,0.357892980479,-0.289837960511,0.860472437899,0.518552091924,0.535410657525,0.473918154836,-0.000349826179,-0.485762919070
477,1,0.172326803752,-0.006580590483,-0.002767519628,-0.172326803752,0.006580590483,0.002767519628,0.168904778078,0.372817645102,0.086331489797,-0.179138589744,0.376750578449,0.186944648044,0.135463041671,0.687387189095,0.976143432417,-0.190964554370,0.693055452919,1.218322151371,0.095072094953,0.724043480193,1.034844019554,-0.150274144819,0.732622980640,1.275330290112,0.251976147614,0.821564924897,0.406444869888,-0.281605174710,0.831806565657,0.611686251073,0.530676707625,0.473989188671,-0.000348683272,-0.502472791377
478,1,0.182227602711,-0.006289687291,-0.002788563080,-0.182227602711,0.006289687291,0.002788563080,0.175387334486,0.392941364881,0.065433727941,-0.187812701728,0.398179117536,0.189733445204,0.144024262817,0.724558811034,0.948891595796,-0.202284005428,0.730542237288,1.210465577151,0.100736363416,0.763243525638,1.008530202002,-0.157128226854,0.772035534698,1.259209682887,0.264390549495,0.868287679132,0.344540053695,-0.297541333848,0.877168998670,0.593344265060,0.527009531856,0.474568158388,-0.000349203416,-0.475846872799
479,1,0.185553196353,-0.006510068672,-0.000385849693,-0.185553196353,0.006510068672,0.000385849693,0.177278680098,0.400774020756,0.067228462843,-0.191595460729,0.406184746135,0.183218414707,0.146076638612,0.739182894282,0.936675685465,-0.208272744629,0.744849483101,1.223448286241,0.102860203857,0.777363320207,0.997091744028,-0.163059974059,0.786891771909,1.275717440599,0.267110275370,0.886037768209,0.344889376986,-0.305363266264,0.895151672548,0.564727666989,0.523556694388,0.474701553583,-0.000342177329,-0.466142775160
480,1,0.178497438309,-0.006376095870,-0.004276179117,-0.178497438309,0.006376095870,0.004276179117,0.169866714210,0.385286438551,0.047730245423,-0.181288757183,0.390443134264,0.173490348272,0.142348613697,0.709839179966,0.887194918472,-0.199530411851,0.715646075214,1.153084940280,0.101061556585,0.746385423710,0.941002242376,-0.155999430267,0.756396165653,1.201977737129,0.254928945770,0.850574746758,0.313787352410,-0.293540186435,0.860849494249,0.540772838358,0.521677970886,0.474400863051,-0.000327936548,-0.485857955956
481,1,0.189713747993,-0.006681521569,0.000089850347,-0.189713747993,0.006681521569,-0.000089850347,0.178737943611,0.407824271847,0.055321380602,-0.191182908126,0.413464883373,0.155455762416,0.150590801295,0.753052688212,0.873466410274,-0.211513949294,0.759414926199,1.127150593038,0.106551538367,0.791488573094,0.916937862665,-0.166337112485,0.802631277191,1.173083295485,0.270698515192,0.902564239397,0.250336086343,-0.310520761284,0.913968358962,0.477658885399,0.519680291414,0.474349081516,-0.000328184848,-0.457838734797
482,1,0.213034215086,-0.006811225942,0.009322616392,-0.213034215086,0.006811225942,-0.009322616392,0.202957806119,0.460309686166,-0.029577407521,-0.213354031671,0.466610539356,0.058913196831,0.172021600897,0.847562382622,0.705389293454,-0.236646562199,0.854144715222,0.997672352875,0.124552598287,0.892129858737,0.744271862132,-0.188247846653,0.902453345695,1.038258520656,0.307038352962,1.014508680894,0.083408041478,-0.347095526036,1.028064880893,0.337406457315,0.518596917391,0.472779020667,-0.000349907554,-0.408898714641
483,1,0.231069870459,-0.007440874867,0.017449489849,-0.231069870459,0.007440874867,-0.017449489849,0.222011507013,0.498283835499,-0.037742401900,-0.230210787417,0.505134654711,0.056052316613,0.191151160965,0.920666964036,0.675683659900,-0.254650251518,0.927824564700,0.994887147676,0.140440329595,0.970646537970,0.710869656065,-0.201043438076,0.980369832006,1.031783553324,0.338917243234,1.101884255102,0.042788159342,-0.375433179730,1.116401919522,0.322968810102,0.517676904798,0.472680509090,-0.000353234820,-0.376534504367
484,1,0.222009856306,-0.007039069144,0.015677627291,-0.222009856306,0.007039069144,-0.015677627291,0.213134323593,0.478827348672,-0.029894749150,-0.220413056770,0.484718988340,0.066813259592,0.186906508202,0.882712057835,0.729993201362,-0.241040393955,0.887295859981,0.999720280252,0.140187038839,0.931488238978,0.771752459531,-0.191738165429,0.938562726826,1.032962667483,0.324476013841,1.056241710493,0.088643576545,-0.352121032431,1.068809662007,0.356221443576,0.517315283418,0.472590625286,-0.000351426890,-0.392947318234
485,1,0.212423779992,-0.007055384381,0.014262118333,-0.212423779992,0.007055384381,-0.014262118333,0.203969001320,0.460349601365,0.014837559254,-0.212127850342,0.466316908280,0.080111677488,0.179542043256,0.848381777178,0.887108571752,-0.230923394041,0.852941923290,1.110783767711,0.132580676734,0.893968799147,0.940841389167,-0.181554919112,0.901088175216,1.160442994616,0.315530322937,1.015800221465,0.226706971371,-0.339024205623,1.027824241347,0.422686327902,0.516428306699,0.472648307681,-0.000348542118,-0.408670857866
486,1,0.210448765578,-0.007101199888,0.014101524691,-0.210448765578,0.007101199888,-0.014101524691,0.204314541756,0.457358724437,0.014741183817,-0.208193104395,0.463655869208,0.079933505693,0.184609807814,0.843552136093,0.832394415558,-0.225181256608,0.848011109140,1.085283689203,0.136449520132,0.888893608608,0.878027652155,-0.174063522317,0.895993249617,1.132599354669,0.312696995214,1.010275877580,0.181504076270,-0.331829004382,1.022450357469,0.410058111894,0.516211748123,0.472621217370,-0.000348407310,-0.411032585994
487,1,0.210067541109,-0.007188128491,0.014004290346,-0.210067541109,0.007188128491,-0.014004290346,0.204664373426,0.456535104770,0.016058761599,-0.207381243374,0.463538169950,0.082578162860,0.188042362843,0.843218100906,0.735798764458,-0.224052372345,0.847267542606,1.049687800956,0.144977634161,0.891313987054,0.766770734125,-0.173505927751,0.896026164775,1.089023444157,0.312254147582,1.008305730838,0.052184316814,-0.328782485485,1.021270232589,0.357302854727,0.516213744879,0.472639217973,-0.000348273432,-0.411372909108
488,1,0.209538317445,-0.007606797948,0.013175249380,-0.209538317445,0.007606797948,-0.013175249380,0.205358562666,0.454441354529,0.020685687498,-0.205418577137,0.461802165455,0.087175870454,0.191638097867,0.841322973792,0.771093244231,-0.221418001059,0.844484507161,1.139200674155,0.145631004992,0.891176632676,0.806454999300,-0.171703893895,0.893337153604,1.189485063400,0.313853517314,1.005142376278,0.062466060205,-0.319739056872,1.017997475800,0.443204981521,0.516534671187,0.473073691130,-0.000344603788,-0.412166057427
489,1,0.224451344182,-0.008081960831,0.014753122799,-0.224451344182,0.008081960831,-0.014753122799,0.220000965629,0.487149031278,0.022155324191,-0.219867756913,0.494039969968,0.091351521515,0.206261349699,0.899529775543,0.791752263957,-0.233641120083,0.902987319589,1.129677618497,0.157634363549,0.952608920491,0.829783236011,-0.179443517300,0.955216746191,1.175020208710,0.341065086277,1.074946070621,0.091219125520,-0.339759625389,1.088556889745,0.433735846223,0.516745448112,0.473513588309,-0.000345106237,-0.385033342580
490,1,0.273703365436,-0.009963171682,0.035052316949,-0.273703365436,0.009963171682,-0.035052316949,0.270909341958,0.592794806835,0.003749617617,-0.266334684607,0.601795640928,0.094233560873,0.256347946823,1.096728927724,0.510400623512,-0.277558571896,1.100705601146,0.987259229710,0.196229734880,1.162162783266,0.523733511621,-0.207072030781,1.164736824976,1.012990107025,0.425603373736,1.309900234023,-0.116429100829,-0.406754648230,1.325702651250,0.338882402171,0.517581358552,0.473891392350,-0.000362706836,-0.315524370307
491,1,0.242686327407,-0.009364177917,0.002540510307,-0.242686327407,0.009364177917,-0.002540510307,0.246964511371,0.529496655759,0.030407743899,-0.232977764452,0.535268594540,0.164530338175,0.238500912769,0.976707889373,1.010645793388,-0.236499625403,0.980543310645,1.340677139802,0.186333769106,1.033218239863,1.072871409035,-0.166126164205,1.038615053225,1.398920336963,0.385777024652,1.167590728874,0.247847481726,-0.359050434889,1.181170808803,0.548595684430,0.519433826208,0.474818930030,-0.000361016515,-0.353377092430
492,1,0.235002297673,-0.009091108609,0.002868401427,-0.235002297673,0.009091108609,-0.002868401427,0.248370296510,0.513023940267,0.028889799093,-0.216770727322,0.518829470257,0.131426430899,0.242009625482,0.946534508347,0.908767490289,-0.219072838538,0.950081233678,1.235871722665,0.191039278355,1.001010071878,0.955997866787,-0.152024809456,1.006279417663,1.288340885226,0.400792300636,1.131880853762,0.184675581326,-0.339229741572,1.144943909067,0.498475896314,0.522818088531,0.474821895361,-0.000361434126,-0.364730698037
493,1,0.225966588093,-0.008733163281,-0.002349602502,-0.225966588093,0.008733163281,0.002349602502,0.249392930690,0.495806837850,0.012500154825,-0.201197166586,0.499834893194,0.126208047347,0.246923517909,0.912458851902,0.897395817859,-0.199366805132,0.915593306512,1.234392769697,0.198578426554,0.964250677694,0.950021623746,-0.133385897636,0.969801303934,1.291431526644,0.396834452738,1.090798592241,0.203123375863,-0.316194744272,1.103438324956,0.529141151824,0.527069404721,0.474926277995,-0.000372200448,-0.378398469218
494,1,0.208218678751,-0.008139579397,-0.009350145894,-0.208218678751,0.008139579397,0.009350145894,0.239785339647,0.456460474838,0.050263968234,-0.177408993837,0.460551412667,0.157198629699,0.240628796051,0.840637585392,0.964778783485,-0.171816883686,0.844107258327,1.287127039731,0.200281939873,0.886727946918,1.019130094705,-0.111350295701,0.893630841763,1.346750897428,0.377758716643,1.005524163352,0.267326890240,-0.278356696858,1.017437985061,0.588657603759,0.532105758786,0.474861398339,-0.000371488044,-0.410434700750
495,1,0.226002492692,-0.009951245644,-0.006325165933,-0.226002492692,0.009951245644,0.006325165933,0.266293782407,0.492689929834,0.052259199246,-0.184568149178,0.497467112916,0.165806095887,0.273219746183,0.907644650617,0.900341843419,-0.173576962892,0.911967852653,1.332477843393,0.229386350372,0.957189618772,0.943581729013,-0.108078792475,0.964809453093,1.393920229575,0.422976153721,1.086011380958,0.252411533780,-0.288782911714,1.100359604491,0.600251130606,0.536949753761,0.475397467613,-0.000381670659,-0.378912305864
496,1,0.223387449327,-0.010044177933,-0.004446091651,-0.223387449327,0.010044177933,0.004446091651,0.277612447261,0.490289860788,0.054926715494,-0.174304458168,0.496880351040,0.161148708321,0.288270555853,0.903057094073,0.895541140020,-0.156340069943,0.907793857308,1.305313030313,0.244596838114,0.951477044817,0.940067606622,-0.091245184928,0.960048673535,1.362210068601,0.439359873192,1.081101446107,0.251906082707,-0.270898302163,1.096509779094,0.588322122502,0.543237581849,0.475393369794,-0.000391047739,-0.380799223167
497,1,0.221671773594,-0.011164844196,-0.004317540856,-0.221671773594,0.011164844196,0.004317540856,0.279956031813,0.485248613676,0.053963605046,-0.168683963927,0.491886667480,0.191189924905,0.299124442321,0.894583913817,0.872617790956,-0.142574752115,0.899584145632,1.323531191840,0.255033086398,0.942632756443,0.914601187723,-0.077623673638,0.951090560626,1.381163773238,0.455956976749,1.071613453879,0.214060461520,-0.256391485040,1.086810694181,0.660799111221,0.548171356320,0.476370736957,-0.000389389810,-0.383323540409
498,1,0.225077933966,-0.011756666433,-0.002717506868,-0.225077933966,0.011756666433,0.002717506868,0.294140937369,0.493053802869,0.030118182441,-0.162384210112,0.501265031671,0.189583264773,0.320393721475,0.910372197171,0.793798768468,-0.129246381667,0.916114563230,1.326669771531,0.275151609836,0.957809099764,0.833162982303,-0.061763130590,0.967698800569,1.384311375406,0.480984985926,1.091308977433,0.150046637854,-0.245120324163,1.107948824158,0.646468121582,0.554215162992,0.476335555315,-0.000398554839,-0.376454798303
499,1,0.236080585043,-0.013550057317,-0.002609911545,-0.236080585043,0.013550057317,0.002609911545,0.319714691598,0.517600705690,-0.014931726938,-0.162460557036,0.526767249379,0.195395940809,0.355633335606,0.955021196885,0.758855720193,-0.117365868949,0.962938855873,1.293887642832,0.308054212000,1.005483939094,0.798888033396,-0.045648919216,1.017298925047,1.343476932450,0.527635326749,1.147398776081,0.097891972118,-0.238312343502,1.164368640721,0.642461849555,0.560983225703,0.476849168539,-0.000398907054,-0.357613159345
500,1,0.233766607955,-0.013956687297,-0.008083431725,-0.233766607955,0.013956687297,0.008083431725,0.322711251922,0.511330890051,-0.051308580662,-0.153659443687,0.520917147037,0.217981439002,0.364132549036,0.940619068485,0.749116217855,-0.100075737202,0.951367714635,1.260372814003,0.319528660651,0.988119966820,0.793087189616,-0.029281500719,1.004563629150,1.304858045940,0.532050583799,1.132684142889,0.090426558006,-0.219389360431,1.149528095998,0.611759167073,0.566721171141,0.476626440883,-0.000410163193,-0.362430795375
501,1,0.244698644933,-0.014811611495,-0.007350500036,-0.244698644933,0.014811611495,0.007350500036,0.333375137717,0.536470962780,-0.099627240527,-0.156150476330,0.546548032958,0.219839912576,0.396300555145,0.988549459632,0.522978277318,-0.090273602763,0.997920229385,1.113640549908,0.350220187275,1.040262896795,0.549009070064,-0.015570302337,1.053792818799,1.146493954675,0.576747205568,1.188320713930,-0.114484364848,-0.212421146668,1.205104792255,0.502217874202,0.571991398931,0.476554989815,-0.000418820418,-0.345576770759
502,1,0.268801308734,-0.017212093797,-0.008156564310,-0.268801308734,0.017212093797,0.008156564310,0.364604657439,0.592224412650,-0.151364029518,-0.166254025197,0.605044156677,0.238484101028,0.448717903113,1.090588032360,0.490140566707,-0.084912253066,1.103358052751,1.063671416501,0.401070848069,1.142972740203,0.521705502346,0.000925983651,1.165213112877,1.087373968894,0.643152846647,1.312554724540,-0.143699290581,-0.222054613475,1.332191750524,0.422705743047,0.576588124037,0.476270824671,-0.000421395293,-0.312865541104
503,1,0.273410596500,-0.017475799326,-0.009221258148,-0.273410596500,0.017475799326,0.009221258148,0.368608789006,0.599024970031,-0.170420786049,-0.161153841603,0.612554757403,0.237243571662,0.462788925311,1.104464574025,0.392765602785,-0.074953871769,1.115446868504,1.063581249967,0.416262998365,1.155690957574,0.415191547967,0.011408940969,1.179638658178,1.088808842033,0.648328539895,1.331161484558,-0.275513161257,-0.212513495170,1.342858713157,0.409935639593,0.579870566726,0.476253971457,-0.000421014498,-0.310389567620
504,1,0.255582495468,-0.017124008414,-0.009446159910,-0.255582495468,0.017124008414,0.009446159910,0.348604113784,0.560249175127,-0.291639011774,-0.140790338520,0.573270952480,0.218604016695,0.443529529941,1.041078232508,0.240984884218,-0.055990314363,1.041668752479,1.059751041107,0.400939102387,1.094837857234,0.257461890469,0.024118921808,1.103133333312,1.090750751946,0.615081381496,1.248441220995,-0.514873585236,-0.183910610073,1.252097840581,0.382556024341,0.584611013532,0.474922865629,-0.000421599019,-0.333996781086
505,1,0.264124726493,-0.018670993462,-0.010923199733,-0.264124726493,0.018670993462,0.010923199733,0.360519564927,0.586494802551,-0.360477832165,-0.138242221286,0.599366859581,0.210070311961,0.471292827994,1.096583195060,0.164035129930,-0.041254930743,1.090193751414,1.040380342837,0.427146486458,1.155995852173,0.182148887777,0.050733238346,1.158295088699,1.067899127417,0.630309122700,1.318352735838,-0.568478094103,-0.173273857997,1.306253450481,0.355556387856,0.589418351650,0.473473548889,-0.000429149251,-0.321790493126
506,1,0.256781821032,-0.018459835747,-0.015401096543,-0.256781821032,0.018459835747,0.015401096543,0.351016176566,0.571652540929,-0.399751331793,-0.130413677346,0.583310076219,0.240514872251,0.460398428854,1.076582913109,0.140948546676,-0.029126635453,1.059867042191,1.198995123489,0.405755758687,1.130663926267,0.160031217355,0.061400657724,1.124971699999,1.242153817227,0.604477322119,1.302741907822,-0.629555422856,-0.134666274743,1.271023778280,0.543144963933,0.592898577452,0.473316401243,-0.000435764203,-0.330891058471
507,1,0.208845619551,-0.015856853489,-0.036049890122,-0.208845619551,0.015856853489,0.036049890122,0.280924565938,0.474551090486,-0.335471547356,-0.103539448635,0.483479709288,0.252091566862,0.377486644522,0.903557777510,0.176737794804,-0.017630955345,0.878994842064,1.128454626111,0.335160588873,0.946780729701,0.194196016167,0.056661863679,0.930802131759,1.165249189331,0.478260866109,1.094910094902,-0.550402127495,-0.094528949921,1.050585027220,0.486421289416,0.595418065786,0.471783980727,-0.000445359852,-0.401829494866
508,1,0.212242984649,-0.017345044425,-0.050442294459,-0.212242984649,0.017345044425,0.050442294459,0.272229317366,0.482279118085,-0.421482668201,-0.103919090333,0.492255845598,0.277993992457,0.381615132445,0.933337186304,0.013198129841,-0.012817696653,0.894596793804,1.227794957629,0.341782719387,0.979549551885,0.019783539332,0.065448391995,0.947785840342,1.270636597681,0.458854065592,1.117137369779,-0.794713879029,-0.089336492207,1.067863855058,0.568870904059,0.596144497395,0.470414921641,-0.000456012785,-0.396046850215
509,1,0.214146899422,-0.017945935175,-0.054408314728,-0.214146899422,0.017945935175,0.054408314728,0.270987951199,0.489055046926,-0.473497006490,-0.101633225602,0.496662059062,0.280137039999,0.385608922407,0.957460962126,-0.173307686141,-0.003678338987,0.906646640363,1.196067007324,0.345356441749,1.003871602051,-0.178886556275,0.077646661446,0.962124600486,1.235908933849,0.452493353232,1.150798357113,-0.961368464644,-0.084725971002,1.083578365488,0.559759801474,0.598058044910,0.470297098160,-0.000450796448,-0.390246430556
510,1,0.221011090036,-0.019317968796,-0.072519897062,-0.221011090036,0.019317968796,0.072519897062,0.266778844080,0.505830736457,-0.583289975645,-0.101483511196,0.511933785573,0.367608288903,0.385630859146,1.008834152755,-0.438323675439,0.007295475043,0.935592370341,1.298233817754,0.347982144787,1.061716177163,-0.461686804610,0.092251121009,0.993982135746,1.337608579460,0.420137171220,1.205356016632,-1.303146294890,-0.083387592104,1.118761266945,0.681885812660,0.599695831537,0.469600394368,-0.000449604355,-0.378769184732
511,1,0.221117407395,-0.019705968371,-0.097803959891,-0.221117407395,0.019705968371,0.097803959891,0.257799653867,0.501546833306,-0.576440823956,-0.099732716252,0.511339736643,0.356232389904,0.371739585152,1.003932755201,-0.310048056552,0.020139304933,0.935072950637,1.320161083892,0.340557899551,1.055605428925,-0.323985123882,0.101069662497,0.994308031088,1.360663042056,0.373795772640,1.197712315331,-1.239925703397,-0.063029408082,1.113960161867,0.645507257130,0.600205570459,0.468981772661,-0.000434841961,-0.379220264421
512,1,0.252518397371,-0.022700563666,-0.111395003930,-0.252518397371,0.022700563666,0.111395003930,0.276989643459,0.572845814665,-0.600534840296,-0.114283169956,0.582470704142,0.402627902135,0.388870759256,1.163913025766,-0.378173933950,0.038250182430,1.066717902550,1.315770892860,0.366233973681,1.230785094870,-0.399147603808,0.122525468720,1.134074021826,1.347313215572,0.379063364936,1.364145399218,-1.329858388777,-0.061422202000,1.270912674856,0.603250563449,0.599931180477,0.468755885959,-0.000439580530,-0.332470785432
513,1,0.250197653433,-0.021951076446,-0.112828307131,-0.250197653433,0.021951076446,0.112828307131,0.259016008021,0.567954049862,-0.602163766860,-0.113108847903,0.578896362349,0.393886612354,0.335780390997,1.153286514923,-0.359056729785,0.051750004869,1.059854947502,1.259652060967,0.339764723372,1.220564561574,-0.374882047443,0.134214723875,1.123319790982,1.290562618034,0.304704660911,1.354665673437,-1.289078838931,-0.053319948637,1.260268137216,0.550369023928,0.599936485291,0.466894641519,-0.000436674803,-0.335240678070
514,1,0.230170076646,-0.020066421584,-0.110282946075,-0.230170076646,0.020066421584,0.110282946075,0.210722141501,0.523740792384,-0.587062829595,-0.104760700349,0.533304584674,0.375074307396,0.255278084904,1.067280118521,-0.358773992781,0.048808211864,0.967528953395,1.431144164524,0.258250590570,1.126364632169,-0.374525559504,0.124262901634,1.015135604726,1.487490287453,0.241929598261,1.246692664877,-1.267935983362,-0.047962250294,1.160454096381,0.817602338151,0.599880814552,0.466930240393,-0.000443991274,-0.363562575101
515,1,0.261565110569,-0.020869814949,-0.120168694656,-0.261565110569,0.020869814949,0.120168694656,0.207969498646,0.600307920979,-0.643787456854,-0.120382567776,0.608494505511,0.354208177071,0.223034009308,1.220050670391,-0.361734340082,0.054361797058,1.108445525502,1.218718459684,0.224487202758,1.287117919661,-0.376708259575,0.130273134604,1.162253645024,1.249250834625,0.187504344480,1.426917669150,-1.310906843021,-0.037124778995,1.328638879611,0.542715816990,0.599828481674,0.464304357767,-0.000437431037,-0.319188987371
516,1,0.261902287351,-0.018964149391,-0.137212477890,-0.261902287351,0.018964149391,0.137212477890,0.180985939812,0.607396219214,-0.634875615037,-0.119405011948,0.614297918683,0.346615089796,0.169440088641,1.228658401553,-0.309886253543,0.062815565214,1.119585925750,1.150287575892,0.164405962863,1.301322074683,-0.320710348738,0.129762424137,1.174349882326,1.169122669115,0.106589921411,1.422827709577,-1.267355958100,-0.016340007290,1.322853132571,0.355362643177,0.599744975567,0.461360901594,-0.000436255708,-0.318676784198
517,1,0.265581989797,-0.017889454089,-0.155564343724,-0.265581989797,0.017889454089,0.155564343724,0.166929779480,0.623321353606,-0.611280823299,-0.116145154137,0.629460383856,0.345823590965,0.108294459554,1.257384634366,-0.245573254027,0.062012915655,1.145733453039,1.048949420209,0.128064372369,1.327329463267,-0.245781163366,0.117397401691,1.199351053641,1.059671801750,0.011743307718,1.451340113519,-1.236941767767,-0.004421103730,1.356227746492,0.194560141895,0.599671125412,0.459097445011,-0.000427799299,-0.314100075201
518,1,0.218714705602,-0.012173647699,-0.130896029388,-0.218714705602,0.012173647699,0.130896029388,0.120996635974,0.518020016001,-0.500717952105,-0.097200314419,0.523315207606,0.289689580952,0.047351160133,1.046592406184,-0.091025393456,0.026697179992,0.954821649996,0.913474016810,0.055237091061,1.103219418290,-0.086245355720,0.056023972177,0.998372771175,0.940467808576,-0.012404843109,1.204292334353,-1.020047198497,-0.009673847332,1.129072939217,0.216740538090,0.599219530821,0.456793189049,-0.000425601378,-0.379497314507
519,1,0.218931713136,-0.011802496115,-0.111204311744,-0.218931713136,0.011802496115,0.111204311744,0.111503734850,0.519653471437,-0.409936252322,-0.089446950267,0.530860636762,0.164991157020,0.029045838503,1.052754814481,0.025304308712,-0.008263295646,1.013462508336,0.578152927521,0.029632637483,1.098867355292,0.031902363276,-0.004053953047,1.056916442139,0.564614879416,-0.012770145644,1.211023220672,-0.856686981394,-0.011604921499,1.165843807155,-0.309279312543,0.598743051291,0.455215811729,-0.000409286469,-0.377252957846
520,1,0.225943729899,-0.011457772090,-0.103796898623,-0.225943729899,0.011457772090,0.103796898623,0.096741915874,0.538668348483,-0.397108956635,-0.092717205168,0.553534636009,0.136962733718,0.004687285378,1.084825776101,0.050406127137,-0.045863463324,1.076867795432,0.462320580711,-0.004677894167,1.136347938522,0.057003695081,-0.048559894281,1.119759269888,0.434938774135,-0.010744287166,1.252166946895,-0.774382624622,-0.028646901596,1.229984246715,-0.420211336493,0.597832590342,0.453735888004,-0.000406481326,-0.361770663544
521,1,0.256341433611,-0.012918162522,-0.098733902122,-0.256341433611,0.012918162522,0.098733902122,0.076457992101,0.613725590276,-0.402724829732,-0.105023674666,0.633698360965,0.127515860308,-0.058627928412,1.242132150312,0.065245835687,-0.053230324780,1.244323403761,0.401951031459,-0.055304114861,1.301542152500,0.072597588579,-0.043751963748,1.293567017987,0.365654231679,-0.046739378963,1.430498274702,-0.737943248854,-0.039912225188,1.425328553814,-0.479514413119,0.595899760723,0.452144607902,-0.000427349471,-0.313085399382
522,1,0.256724861174,-0.011926946103,-0.147880129831,-0.256724861174,0.011926946103,0.147880129831,0.036656764147,0.619298098396,-0.580637686902,-0.106532841637,0.634104101585,0.201910927368,-0.159161941793,1.258634950686,-0.191281882993,-0.003110700942,1.255970446221,0.664445642084,-0.164727731552,1.328348181344,-0.186758010498,0.076508917271,1.298607702642,0.652621195387,-0.194442669418,1.444637910232,-0.940375795355,-0.046607128029,1.435791371335,-0.312453320124,0.594176679850,0.450221464038,-0.000439595431,-0.310382083096
523,1,0.230789904037,-0.010860875874,-0.188068669129,-0.230789904037,0.010860875874,0.188068669129,0.001879728611,0.557778801502,-0.519673592810,-0.096142176526,0.567046462082,0.358956492977,-0.171651924420,1.120404735216,0.110213792812,0.030202476566,1.094995523235,1.056562381271,-0.168407549270,1.187816296508,0.140793386136,0.116992504479,1.135633399495,1.067567077636,-0.209675702783,1.292526635160,-0.709792354509,-0.045744631348,1.267672060224,0.242333862185,0.593316137791,0.449956744909,-0.000422708690,-0.343568918621
524,1,0.212842170335,-0.009398484630,-0.171090720059,-0.212842170335,0.009398484630,0.171090720059,-0.003982325557,0.508270528320,-0.478390525215,-0.090016842183,0.517572705295,0.348524017283,-0.163224820498,1.009630962281,0.216436358744,0.066085717467,0.984569570282,1.037733819619,-0.154810090002,1.069790178606,0.254974365724,0.143563093781,1.025912668458,1.053886713302,-0.202906953570,1.187403951166,-0.507447638947,-0.014574558455,1.156982318073,0.333206574404,0.592834830284,0.449660986662,-0.000424269587,-0.370410637683
525,1,0.258884537394,-0.010241248275,-0.211684499159,-0.258884537394,0.010241248275,0.211684499159,-0.020660872704,0.625717508190,-0.717372225757,-0.110942204441,0.625666403176,0.544201534032,-0.216662164390,1.239055318100,-0.223171211026,0.092698500627,1.190014160307,1.414799478978,-0.206559096212,1.317747015420,-0.200783406529,0.184204976799,1.242679253275,1.447948648117,-0.342445166657,1.482955177398,-1.006102042266,-0.008176703982,1.399875131826,0.786261907658,0.592474848032,0.448587507010,-0.000431392342,-0.303242409857
526,1,0.225714723860,-0.008399360473,-0.245021112872,-0.225714723860,0.008399360473,0.245021112872,-0.015600596890,0.548060106012,-0.601262952791,-0.096834695685,0.549119572214,0.440775587816,-0.184103115591,1.090346078298,-0.163022764613,0.075840952205,1.046139722253,1.140525883367,-0.168727805517,1.154642454869,-0.144913630361,0.155433651094,1.087580133148,1.164337772601,-0.306287729482,1.296889786998,-0.957066689698,-0.040927849045,1.225724909930,0.541694379752,0.592290282249,0.448259368539,-0.000401988626,-0.347118820519
527,1,0.226359075153,-0.008459403412,-0.237543572344,-0.226359075153,0.008459403412,0.237543572344,-0.012277779966,0.550923064727,-0.590403275945,-0.096598401809,0.551506436192,0.461656951803,-0.186134888617,1.098303233870,-0.080852904938,0.081975499586,1.048081915356,1.155690914840,-0.178344535043,1.163860636566,-0.059320901643,0.155255333764,1.091269677203,1.171777331263,-0.276080287101,1.298745807593,-0.884695173787,-0.037149849947,1.234786987519,0.468125453559,0.592071980238,0.448353022337,-0.000405840576,-0.345752458102
528,1,0.225091557312,-0.007750528596,-0.228914652763,-0.225091557312,0.007750528596,0.228914652763,-0.008685508336,0.549236638982,-0.489334041698,-0.098582277294,0.550911397150,0.403757915609,-0.172080926742,1.057440666373,0.178695023092,0.084324980681,1.042687247485,0.902295073019,-0.163949150980,1.113011025312,0.216286552950,0.161664950128,1.090685350178,0.899287677214,-0.250992007643,1.271581343650,-0.531525034885,-0.032086518138,1.237772130739,0.173564791414,0.591199427843,0.448136597872,-0.000407241285,-0.345045059069
529,1,0.238123746162,-0.008090295010,-0.237692159079,-0.238123746162,0.008090295010,0.237692159079,-0.007700004123,0.581661837973,-0.425989952998,-0.106895232052,0.581594902146,0.425326715230,-0.185070409665,1.119891355961,0.130668362101,0.097972227845,1.097221016585,0.955140749290,-0.173177105212,1.181235198945,0.159727794935,0.176568826090,1.152289396554,0.955332112401,-0.300459889859,1.348582835474,-0.627905863849,-0.035766838243,1.309402086667,0.228827998800,0.590814292431,0.448132351041,-0.000414807349,-0.325023179832
530,1,0.225088431231,-0.007595392688,-0.225057362483,-0.225088431231,0.007595392688,0.225057362483,-0.011659033182,0.550426051889,-0.503256154809,-0.102418037494,0.551208919288,0.425367376881,-0.187526585313,1.061569233541,0.198655107413,0.096708067809,1.037685878617,1.180905815003,-0.170625706613,1.125438165476,0.243877650035,0.170166084330,1.091707546293,1.203163661677,-0.304700771030,1.278778326496,-0.583062866771,-0.039661117340,1.240785487089,0.420343023447,0.590620458126,0.448162019253,-0.000422108918,-0.343527087358
531,1,0.218314320974,-0.007108794699,-0.205727322267,-0.218314320974,0.007108794699,0.205727322267,-0.012196741416,0.532579141631,-0.467649350203,-0.099983743559,0.532198335120,0.373758658004,-0.184973398930,1.017806532598,0.322483141130,0.095568473715,0.992168700574,1.106038688555,-0.167824659058,1.075246586152,0.372673216475,0.164878454617,1.048549930369,1.125215677242,-0.279458827977,1.237063955212,-0.423495768713,-0.032066296716,1.200843940827,0.376346720985,0.590377688408,0.448321148753,-0.000415194780,-0.354366093300
532,1,0.224416150549,-0.007076196655,-0.210379032375,-0.224416150549,0.007076196655,0.210379032375,-0.016837937301,0.547451666110,-0.482744388840,-0.102365709293,0.546783751602,0.385124075006,-0.189359491145,1.054571137573,0.256551616941,0.099075779045,1.022156628546,1.089047385691,-0.171769455724,1.112156546409,0.293671772878,0.167447278183,1.082347563548,1.103346796567,-0.284149890434,1.278133822520,-0.527550074561,-0.035155249696,1.236643452311,0.374835535885,0.589764714241,0.448462992907,-0.000416494906,-0.343395255145
533,1,0.228661521072,-0.006915810360,-0.216548528654,-0.228661521072,0.006915810360,0.216548528654,-0.019092487679,0.559565169820,-0.542433776113,-0.102969480375,0.560056836316,0.391175011140,-0.195736880950,1.082984743382,0.236737340455,0.101854457329,1.047579792897,1.104210138014,-0.176743382362,1.143305877258,0.288405790925,0.171125020333,1.108796879959,1.118211289737,-0.290588812767,1.307274172421,-0.593070772662,-0.035986744024,1.265657634325,0.380631963993,0.589333027601,0.447833850980,-0.000417213887,-0.336291542805
534,1,0.231357592871,-0.006248746730,-0.210777109463,-0.231357592871,0.006248746730,0.210777109463,-0.020160575903,0.563880001209,-0.479317978710,-0.103697292338,0.567256457904,0.365698997304,-0.197482859818,1.090439399069,0.207181081873,0.100253840322,1.058944253832,1.014881753703,-0.178332408553,1.138014854382,0.251822625786,0.170585134129,1.121038347541,1.027084216967,-0.297560792639,1.322831836777,-0.589270332177,-0.029036381133,1.276799065164,0.327874518384,0.588683784008,0.446951061487,-0.000421583652,-0.332741702573
535,1,0.200612024321,-0.005664739813,-0.182459659086,-0.200612024321,0.005664739813,0.182459659086,-0.015364618715,0.486959310414,-0.415279078949,-0.088567031406,0.491015904357,0.309310592515,-0.171720778535,0.945632332214,0.088197796854,0.085937611251,0.917399138555,0.837324192017,-0.155185824645,0.989869297854,0.112272089060,0.149149187788,0.970664182823,0.842967593157,-0.263259113581,1.145582276782,-0.614294885370,-0.024337704756,1.105076441920,0.201668085291,0.588011503220,0.446828499436,-0.000418912619,-0.384772756285
536,1,0.203955782423,-0.006108619523,-0.181502065013,-0.203955782423,0.006108619523,0.181502065013,-0.008040729528,0.492720903352,-0.422691706552,-0.091980040291,0.497717378637,0.296693671645,-0.175200685322,0.957669719818,0.094548519551,0.083714365096,0.929773164040,0.860794798298,-0.158633425166,0.998883937240,0.120262381024,0.148115784319,0.982906757632,0.875818644211,-0.266932415077,1.160822236865,-0.612006027173,0.006942894313,1.117756863219,0.228216121675,0.586904793978,0.446611031890,-0.000420399010,-0.380104511308
537,1,0.198046883013,-0.005903686197,-0.168728458987,-0.198046883013,0.005903686197,0.168728458987,-0.008288579995,0.475439349317,-0.408714891751,-0.090545632807,0.480359446774,0.286702883192,-0.171070154758,0.924677513342,0.095947539873,0.077675360363,0.897174058222,0.878756405366,-0.155545692793,0.964939698746,0.120261010139,0.140488559227,0.948065848704,0.896628164771,-0.264851870466,1.122199936606,-0.602858630452,0.001404705734,1.078164210415,0.224919333329,0.585543692112,0.446414247155,-0.000419374555,-0.394364139770
538,1,0.203154477537,-0.006173333950,-0.167737359704,-0.203154477537,0.006173333950,0.167737359704,-0.003611521576,0.485628475236,-0.418271603971,-0.091359212202,0.490620693315,0.289591025703,-0.174962419894,0.945268309342,0.113699465314,0.081004490273,0.916673847730,0.890200798926,-0.159520669434,0.987245405173,0.142049720526,0.145407963856,0.968664564044,0.906323208133,-0.270032133312,1.149224120493,-0.591678568845,-0.001813211284,1.102525803884,0.215043876095,0.585149914026,0.446498543024,-0.000418867916,-0.386004404254
539,1,0.200212794068,-0.006458037484,-0.160960968639,-0.200212794068,0.006458037484,0.160960968639,0.001254225356,0.476796938501,-0.406114767906,-0.084326036692,0.481880182622,0.275766059832,-0.167505238376,0.928071023385,0.121699146365,0.078780514232,0.900102123603,0.824434121324,-0.156309226586,0.970128809792,0.148541024962,0.143857701967,0.953404845754,0.832193793443,-0.263440716979,1.123344997445,-0.559375638426,-0.005106797293,1.082189653483,0.159861817445,0.584430485964,0.446318864822,-0.000422064215,-0.393514816727
540,1,0.200595694978,-0.006452698001,-0.151527864706,-0.200595694978,0.006452698001,0.151527864706,0.008733267910,0.475790206969,-0.363804509540,-0.079722164920,0.480379457191,0.268285308012,-0.164688280450,0.926398176624,0.194369811858,0.079954302454,0.898598497942,0.828321622551,-0.156365333767,0.965984426985,0.221982956849,0.145443081460,0.951023646573,0.838667913830,-0.231665550711,1.119801990870,-0.495880073551,0.006365948688,1.079540032884,0.169504874513,0.584042489529,0.446332097054,-0.000428723171,-0.394390054063
541,1,0.200235184521,-0.006505852914,-0.184212709473,-0.200235184521,0.006505852914,0.184212709473,0.009706182770,0.473626363429,-0.368582653019,-0.077313461814,0.479188491657,0.289163556364,-0.146639398844,0.923050152257,0.182215300804,0.080035373591,0.896545233035,0.819988742181,-0.131023483089,0.961180125945,0.209927134938,0.146001156423,0.949657401255,0.825514926887,-0.233845768898,1.117140200095,-0.516296401489,0.002553949279,1.076687536395,0.147319123256,0.583952516317,0.446234345436,-0.000405211002,-0.395501242378
542,1,0.202592466994,-0.006552194537,-0.185168490904,-0.202592466994,0.006552194537,0.185168490904,0.009779133300,0.480608099456,-0.359368064113,-0.075748209658,0.484466270760,0.301000443071,-0.139127446054,0.934212542396,0.177409198884,0.082767000501,0.906776877658,0.832765195539,-0.122859923328,0.975408017553,0.204453081191,0.151771295546,0.960162290838,0.838151642116,-0.235929742686,1.129628210425,-0.513202493185,0.002473581334,1.088587848352,0.172074634434,0.583793401718,0.446251228452,-0.000405132771,-0.391182529599
543,1,0.236965835323,-0.007528330705,-0.216555091270,-0.236965835323,0.007528330705,0.216555091270,0.011445700246,0.564849657006,-0.391053301627,-0.088232674733,0.568042228862,0.373823340202,-0.161422518370,1.105203775542,0.073713304295,0.096931139236,1.063040590821,0.870678042608,-0.144297020430,1.164217814935,0.086727356580,0.180517453034,1.126596148445,0.863767971556,-0.302736206211,1.326711870348,-0.631878106875,-0.011643786035,1.276694494876,0.187983658861,0.583101063967,0.446054160595,-0.000405874103,-0.334002535630
544,1,0.226206624213,-0.007004152708,-0.207223005244,-0.226206624213,0.007004152708,0.207223005244,0.012349145451,0.538234635589,-0.377701011895,-0.083817057361,0.540630350437,0.355536168205,-0.155587407032,1.055944196604,0.064975179544,0.090561249521,1.016324340193,0.846956687906,-0.140350660599,1.114205772892,0.079548023057,0.176155723409,1.073873658563,0.843552988779,-0.289649740926,1.263032676513,-0.649284684144,-0.013734242433,1.217951099975,0.160641675106,0.582516968250,0.446143001318,-0.000408843160,-0.350803640945
545,1,0.213866250994,-0.006441075709,-0.194824932795,-0.213866250994,0.006441075709,0.194824932795,0.013371586810,0.508696416720,-0.363584993000,-0.078767956658,0.510068729993,0.319987359593,-0.143068915842,0.988127839547,0.195562316414,0.084311787655,0.960242221950,0.813846712549,-0.125965484492,1.033128446168,0.227348769403,0.163880273767,1.014819485203,0.813384726632,-0.268403543958,1.191819805845,-0.516851910848,-0.020723230660,1.149897072040,0.128356388022,0.582118511200,0.446072220802,-0.000408384949,-0.371314712339
546,1,0.232706046318,-0.006771534730,-0.208616002108,-0.232706046318,0.006771534730,0.208616002108,0.013307587909,0.553817522867,-0.400141972064,-0.085732566243,0.553857846246,0.344841534228,-0.157211428929,1.077938535335,0.134064150995,0.097802523165,1.042157384133,0.893156006846,-0.141014347970,1.128523603476,0.158234940154,0.182324515234,1.102027303075,0.894762221447,-0.291393669820,1.295726502421,-0.598372489319,-0.012326385684,1.248110177608,0.172218282873,0.581714034081,0.446362495422,-0.000402230769,-0.341456327445
547,1,0.228568143249,-0.006567894619,-0.205180917199,-0.228568143249,0.006567894619,0.205180917199,0.008718136164,0.550088183773,-0.395925899861,-0.088118032289,0.546846365966,0.340147149755,-0.160967264674,1.074216926465,0.090776283260,0.095207161035,1.028779267593,0.886514841867,-0.149341589779,1.128223674386,0.106634486960,0.177586104044,1.087976645877,0.888970328455,-0.292162497551,1.281530434326,-0.668454110925,-0.017937001707,1.232629023909,0.172798859357,0.580128014088,0.446366041899,-0.000403556973,-0.345917584947
548,1,0.222397816379,-0.006549846059,-0.184284262663,-0.222397816379,0.006549846059,0.184284262663,0.005990064064,0.531749883703,-0.418135978686,-0.087913000279,0.530637418775,0.280249813597,-0.161079952218,1.041218564824,0.089459875663,0.090726484215,0.997301422724,0.861861156266,-0.150469275098,1.089372427708,0.106762536698,0.169683765992,1.055573872387,0.863232277641,-0.281283625083,1.243618195515,-0.648903089207,0.005201817518,1.195194067127,0.169214925081,0.579257652164,0.446008145809,-0.000409454107,-0.356835459927
549,1,0.216248046885,-0.006247002471,-0.181022117027,-0.216248046885,0.006247002471,0.181022117027,0.004242625106,0.515703435968,-0.413759302428,-0.084689737423,0.515131509591,0.283552507535,-0.159735980480,1.011164537514,0.042514405985,0.087861926182,0.968768852973,0.849003991343,-0.151052980277,1.059900869970,0.057053137419,0.163126918511,1.025164490929,0.851153377260,-0.273212854556,1.208251307581,-0.711834414415,0.001470882105,1.162436388681,0.164974358678,0.578687831759,0.445823907852,-0.000409647822,-0.367574552476
550,1,0.220622412191,-0.006206144340,-0.159757802078,-0.220622412191,0.006206144340,0.159757802078,0.001063074683,0.523402283693,-0.419907911832,-0.086413090565,0.522552449309,0.285937040420,-0.173707900760,1.031442296859,-0.003370123001,0.090273961898,0.981253026635,0.903478168714,-0.171425822254,1.085742665602,0.007858869155,0.163511616126,1.033979621905,0.917902725004,-0.278571440525,1.228158550209,-0.747723132459,0.030219602179,1.170339037688,0.261489675807,0.577545985579,0.445714980364,-0.000401841477,-0.362186317002
551,1,0.220069873821,-0.006273791354,-0.162258435565,-0.220069873821,0.006273791354,0.162258435565,-0.000729559093,0.517751111946,-0.415064842082,-0.083185266064,0.519712731734,0.285493295930,-0.167964838612,1.024439464764,0.003293012228,0.086745115574,0.982359287480,0.784656221368,-0.163975721305,1.078509225659,0.017178096046,0.159025900707,1.039309850502,0.780518674830,-0.266805301798,1.220098941945,-0.730069961896,0.022396793928,1.182133916039,0.066471024135,0.576285481453,0.445694133639,-0.000399876386,-0.364625062278
552,1,0.202234132533,-0.006208831333,-0.148409793718,-0.202234132533,0.006208831333,0.148409793718,-0.002091672517,0.477049312683,-0.398496082369,-0.076384799647,0.479792731418,0.244941151634,-0.158274299521,0.947533441419,0.006121109915,0.075824999624,0.909351665235,0.735206178586,-0.154691218358,1.003485615434,0.018779036072,0.143139090916,0.957334717760,0.734031598852,-0.241102289882,1.127508960820,-0.664047636380,0.013029772364,1.098546473530,0.070560675706,0.574634537101,0.445516362786,-0.000404106453,-0.396246295772
553,1,0.209555233233,-0.006492480519,-0.148447551035,-0.209555233233,0.006492480519,0.148447551035,0.003680226705,0.491935154601,-0.531308563296,-0.081667297250,0.493595032934,0.326869252577,-0.159392306154,1.009220250640,-0.214786319856,0.084827343194,0.928069114327,1.244841649825,-0.150916660641,1.081526072188,-0.212571396513,0.150625532576,0.972684528880,1.289913546381,-0.250259203863,1.194822817997,-1.002205038318,0.018946438191,1.123557667189,0.675127991732,0.572880536318,0.445547699928,-0.000410795212,-0.385519500720
554,1,0.216121867468,-0.007444409055,-0.162025299181,-0.216121867468,0.007444409055,0.162025299181,0.023650317666,0.507352835616,-0.533746300243,-0.083706360542,0.511856517278,0.332415315877,-0.112320794213,1.054268558514,-0.153213458829,0.077122097889,0.972116347313,1.079725775577,-0.097916564508,1.109168165106,-0.149332825068,0.144730469696,1.012491469490,1.091041696170,-0.224458311047,1.231324263629,-0.935900299912,0.016007004466,1.177907851340,0.419920666276,0.570967838168,0.445859268308,-0.000421399251,-0.375705208028
555,1,0.204597970868,-0.007949903010,-0.130065775696,-0.204597970868,0.007949903010,0.130065775696,0.063668705679,0.477274343516,-0.530511629776,-0.078560432059,0.485756317549,0.293615747482,-0.057780959961,1.001284159686,-0.339188036985,0.070509214138,0.912062327460,0.992449941141,-0.062180666217,1.070729529980,-0.354496429325,0.132837938790,0.947669262911,1.011790502935,-0.107145998142,1.155260608552,-1.115544184862,0.020959438393,1.093322382431,0.403994298883,0.569159388542,0.445690870285,-0.000426951796,-0.399757110071
556,1,0.202104946101,-0.009274621406,-0.100825446327,-0.202104946101,0.009274621406,0.100825446327,0.092425784915,0.468079616475,-0.496841315223,-0.081486379679,0.476097001805,0.239921141725,0.007838310214,0.973999154299,-0.256927075692,0.030812450743,0.891110401492,0.939680925329,-0.004691055063,1.035391181747,-0.268127673060,0.057715403994,0.930343383918,0.956149070134,0.016928763977,1.126221659466,-1.034920022861,0.005167788449,1.061288142437,0.368003863044,0.567127600312,0.444980189204,-0.000416990370,-0.409651650929
557,1,0.189555534136,-0.009498451414,-0.093288554246,-0.189555534136,0.009498451414,0.093288554246,0.110414206819,0.435226012306,-0.460722282321,-0.075534471691,0.443562966735,0.225382004373,0.062155346123,0.904293611773,-0.239975128328,0.026090455709,0.830203280786,0.885320787291,0.042471639764,0.963921083718,-0.252786030386,0.055656339582,0.869766476975,0.899750857353,0.062090311253,1.036711531934,-1.006894354985,0.000519939531,0.972630053897,0.329140947853,0.565725117922,0.445259675384,-0.000413363799,-0.439004871514
558,1,0.222983109509,-0.012338093816,-0.074630081328,-0.222983109509,0.012338093816,0.074630081328,0.159392131551,0.503956437548,-0.529106164329,-0.091281883062,0.516750631365,0.227097263797,0.160472197850,1.046717651350,-0.328869293749,0.036637293578,0.953488946019,1.067187843297,0.131427218701,1.122717931944,-0.347222043320,0.072883768494,1.000619226739,1.099943426334,0.203543733893,1.203659519807,-1.125124818218,-0.004533101324,1.117063271945,0.501007068099,0.563975900412,0.444912552834,-0.000430817716,-0.377086608687
559,1,0.223670208584,-0.013226829125,-0.080087844676,-0.223670208584,0.013226829125,0.080087844676,0.193740882603,0.500761326134,-0.595384430843,-0.095316478190,0.515298330466,0.231069710532,0.214588345408,1.028006860380,-0.327359172284,0.046138294734,0.944640345313,1.328170998230,0.203874055247,1.103279514539,-0.336790052859,0.095338631768,0.994261836841,1.385710383457,0.279322045908,1.196408898496,-1.155307438460,-0.011663937570,1.113335504434,0.746791738029,0.561535313725,0.444889143109,-0.000430520624,-0.378018063379
560,1,0.220624388425,-0.014757834097,-0.081583535752,-0.220624388425,0.014757834097,0.081583535752,0.216207593876,0.490344166835,-0.531840527856,-0.094601732216,0.505331450342,0.342616062543,0.290315838207,1.000511576530,-0.311095367403,0.055746050344,0.915900681806,1.391481960571,0.275432367087,1.069746143266,-0.320896819003,0.119584543767,0.967278587544,1.440283086243,0.304468978714,1.167774343270,-1.098475286287,-0.018764418532,1.086889375145,0.766663033757,0.557512268424,0.445444926620,-0.000434139743,-0.384398342633
561,1,0.216361130454,-0.015789501205,-0.077613142319,-0.216361130454,0.015789501205,0.077613142319,0.252618115258,0.479181152615,-0.524978700924,-0.094735867557,0.494071678870,0.371670212418,0.370264547848,0.981385242131,-0.352713119942,0.047639214209,0.893978922789,1.448933085634,0.342912216878,1.046076944412,-0.372923075178,0.110896446657,0.946760270675,1.503785297384,0.399322667071,1.137285064681,-1.219584475774,-0.030274835319,1.064587227646,0.861105810912,0.555033534765,0.445703148842,-0.000419985503,-0.392247946838
562,1,0.213762462563,-0.016558644485,-0.076510258643,-0.213762462563,0.016558644485,0.076510258643,0.273839777424,0.472825607909,-0.523724933469,-0.090186779233,0.486236246641,0.357975699577,0.410504112647,0.969565789141,-0.317492438532,0.040241719074,0.885995500118,1.345396940852,0.398467762004,1.030378772292,-0.333056505637,0.104908439787,0.940413990543,1.390212531988,0.427158976150,1.123016874280,-1.182225006123,-0.037332978951,1.053833741451,0.723686428378,0.552226424217,0.445423394442,-0.000406104140,-0.395220863724
563,1,0.222576958972,-0.018777313893,-0.056376318193,-0.222576958972,0.018777313893,0.056376318193,0.299568227134,0.488466877281,-0.468254376724,-0.102182272593,0.502052397348,0.300083287128,0.456580278130,0.994829640250,-0.288606609191,0.030614326200,0.916713874635,1.119876418213,0.440532872861,1.054319766559,-0.308058972474,0.097510071454,0.974790191039,1.147870166263,0.518868859059,1.152831514143,-1.080207606545,-0.052697210312,1.091723421595,0.520070490254,0.548336476088,0.444520950317,-0.000397596508,-0.382170264125
564,1,0.220562592491,-0.018861668273,-0.047445826201,-0.220562592491,0.018861668273,0.047445826201,0.318954779842,0.481358640595,-0.393957141519,-0.102717819497,0.493592666183,0.286434846859,0.476698041091,0.967658578954,-0.070021795794,0.021455115427,0.902618178956,1.134052447779,0.454008861730,1.023191340567,-0.073114927608,0.088382540550,0.960422545019,1.168642494339,0.586423925815,1.130755313703,-0.824576867965,-0.064135645579,1.077837783861,0.543134155256,0.545246049762,0.444657251239,-0.000396429561,-0.387156546568
565,1,0.209535700766,-0.018395477667,-0.046175475483,-0.209535700766,0.018395477667,0.046175475483,0.324279213330,0.453447171186,-0.384103353036,-0.105409048358,0.465579152100,0.307485068409,0.469922768815,0.906684516843,-0.006235258194,0.008057322047,0.850703022267,1.371860589971,0.457723321982,0.958861252459,-0.003140481388,0.070847439447,0.904919677979,1.426208844081,0.552202420495,1.066259748289,-0.821734621534,-0.073646151846,1.015682918743,0.717081747642,0.540327891707,0.444378450513,-0.000403663144,-0.411258939503
566,1,0.207837536927,-0.019154754579,-0.050972349857,-0.207837536927,0.019154754579,0.050972349857,0.326787842275,0.446255783799,-0.410916510208,-0.103961160157,0.461571695316,0.330273547073,0.483874086746,0.889937112194,-0.046210486647,-0.000859414736,0.841730536618,1.308314287898,0.482477305468,0.938037887253,-0.045574021480,0.064432514507,0.894970214329,1.351936984613,0.559825989914,1.048037683372,-0.837876066981,-0.087175193356,1.003501098954,0.675164465347,0.536785066128,0.443728476763,-0.000396597199,-0.416892455927
567,1,0.207436850152,-0.018969483257,-0.041968324570,-0.207436850152,0.018969483257,0.041968324570,0.325739074317,0.440930095559,-0.292014847363,-0.108814067405,0.456982560651,0.313091506861,0.469556687287,0.867238365508,0.117722494453,-0.014278542914,0.833461471646,1.239005803343,0.453432805238,0.913013308097,0.125147787637,0.050181312193,0.884509802680,1.278573770113,0.568450274074,1.029367739168,-0.599360091653,-0.097186480870,0.993748868218,0.613125997601,0.532027557492,0.443745985627,-0.000396621414,-0.421056072372
568,1,0.208208141083,-0.019717230986,-0.044756165339,-0.208208141083,0.019717230986,0.044756165339,0.324040740037,0.442408112600,-0.230450168860,-0.114548886850,0.460969000792,0.287641160517,0.465239976191,0.859495739389,0.230285321531,-0.026336136146,0.838184668906,1.131184560044,0.457113139203,0.901722804560,0.241706831285,0.038319438706,0.889222066401,1.162376646675,0.533495288405,1.018847997718,-0.516833470845,-0.106300187454,0.998885301024,0.460537324085,0.527071684599,0.443269744515,-0.000398156233,-0.419415501838
569,1,0.208700500799,-0.019414138084,-0.046601917528,-0.208700500799,0.019414138084,0.046601917528,0.313119654256,0.443685616635,-0.245872645000,-0.119158224465,0.464667254843,0.279308479635,0.446415336138,0.857701662287,0.237034553132,-0.037649639453,0.838164323121,1.126590606744,0.440069218910,0.901915463918,0.251576438445,0.025617509784,0.889483490414,1.158929131771,0.513782199489,1.013308857570,-0.500731939650,-0.118474382059,0.998822087595,0.465643524363,0.522399336100,0.443403974175,-0.000398117118,-0.419333377737
570,1,0.214225273530,-0.019991759917,-0.054772725890,-0.214225273530,0.019991759917,0.054772725890,0.314855405817,0.462432016606,-0.137726591565,-0.126503630518,0.480509306217,0.380503758377,0.440129816377,0.882046666136,0.478814664145,-0.049339612531,0.866582497993,1.370135393762,0.436605439678,0.921548568901,0.505645157569,0.016808420969,0.915944002208,1.417380677151,0.500226810944,1.047449901205,-0.275862394744,-0.136643209269,1.037741806457,0.708384236844,0.518342092633,0.443568214774,-0.000393996947,-0.403641318246
571,1,0.215833857329,-0.019818879075,-0.044761001245,-0.215833857329,0.019818879075,0.044761001245,0.308890317402,0.464903139690,-0.166222292369,-0.133287366174,0.484211921172,0.259098895005,0.416500434531,0.881745160080,0.373308492482,-0.060334062951,0.871013080605,1.063220124405,0.408790957782,0.925313993200,0.393370105607,0.006139606151,0.920452042052,1.092320242549,0.499193070575,1.046294809817,-0.304389710885,-0.149796248968,1.043060037351,0.447617159730,0.514062598348,0.443474918604,-0.000396263786,-0.401728554120
572,1,0.209148897589,-0.018774492993,-0.034135972896,-0.209148897589,0.018774492993,0.034135972896,0.290856244191,0.451415792551,-0.144318288275,-0.131716411508,0.469085666706,0.205310456123,0.384929280897,0.850943193909,0.435346915662,-0.067744453889,0.844778615340,0.977117472776,0.384668516059,0.893851882549,0.459414805413,-0.003538196258,0.892905908838,1.004154744808,0.470551839659,1.008950864198,-0.211997676807,-0.154675223673,1.011112637784,0.360705390029,0.510272696614,0.443310111761,-0.000383548904,-0.414408713714
573,1,0.188554162081,-0.016101426314,-0.032082149783,-0.188554162081,0.016101426314,0.032082149783,0.253708645240,0.410337841581,-0.097248276657,-0.121592470288,0.424215261477,0.188700479471,0.337645196530,0.765865505213,0.611062071371,-0.069436440841,0.764040005126,1.059358129141,0.325024093552,0.806257461142,0.648367979174,-0.011316356017,0.808219919302,1.097982844239,0.412763639835,0.908782165116,-0.019621489624,-0.150505725413,0.914490660896,0.437946937626,0.506570398808,0.443634688854,-0.000387311913,-0.457834176470
574,1,0.190830792213,-0.015772762650,-0.030774113380,-0.190830792213,0.015772762650,0.030774113380,0.252292775267,0.417423426472,-0.089325558887,-0.125966364824,0.429209166674,0.190566731960,0.334018633740,0.770529901241,0.690114471138,-0.076586279997,0.774718043954,1.088245960183,0.304176050151,0.810411104323,0.737487718291,-0.018530841726,0.818254728577,1.131973381685,0.418147882703,0.922399048473,0.111165289056,-0.159519124613,0.929703001114,0.488701882599,0.503874659538,0.443416237831,-0.000383439008,-0.450620238309
575,1,0.170077221518,-0.013923042606,-0.024683760157,-0.170077221518,0.013923042606,0.024683760157,0.217033283705,0.371474051957,-0.005001382922,-0.121968830539,0.385938670093,0.173116542703,0.288084572980,0.693000743210,0.744664230283,-0.079842383414,0.695077025211,1.117369319256,0.254094673964,0.730615614694,0.788330163970,-0.027932601909,0.734100628440,1.167585582409,0.375827587658,0.830841973549,0.182804839350,-0.154126558843,0.835212818528,0.572882623869,0.498460114002,0.442807033658,-0.000378392171,-0.501891363572
576,1,0.169263156893,-0.012136902501,-0.023695303171,-0.169263156893,0.012136902501,0.023695303171,0.210936804505,0.371071464118,-0.049222831476,-0.122989806416,0.383602535043,0.140721257513,0.274399483526,0.691717644798,0.597982089426,-0.087735127769,0.692770097195,0.970762638822,0.242151500040,0.729747806940,0.631839650490,-0.036182768532,0.732364785725,1.005920551759,0.361797140146,0.825778191370,0.016407930514,-0.164866774056,0.831259458742,0.360847074722,0.494222372770,0.441687926650,-0.000375221018,-0.505402288725
577,1,0.175712829523,-0.012181132397,-0.022047485015,-0.175712829523,0.012181132397,0.022047485015,0.216152704641,0.381348967280,-0.009161290127,-0.133330131896,0.394585989392,0.155399280826,0.271277448577,0.711595900731,0.747681267223,-0.100439244663,0.712653338004,1.043156332562,0.234680918560,0.751398970907,0.792175076705,-0.048016233538,0.753384578844,1.086829875620,0.360491071698,0.849180603334,0.169785152337,-0.179647146759,0.855102349162,0.433721228555,0.489272147417,0.441730335355,-0.000375889707,-0.491069946867
578,1,0.180107658813,-0.011676624922,-0.020343022475,-0.180107658813,0.011676624922,0.020343022475,0.218652701966,0.387713597598,0.014073564995,-0.140928121218,0.401070595066,0.164823806056,0.262478218863,0.723764016532,0.816224926796,-0.114959558421,0.724516119756,1.117610589405,0.224617209145,0.764997013356,0.864887537268,-0.063999746988,0.765792849257,1.167761840457,0.361406291858,0.862831460564,0.239620521099,-0.195132057268,0.869601254350,0.524126219478,0.483312755823,0.442089945078,-0.000371944159,-0.482477758117
579,1,0.186641198431,-0.011931008925,-0.018074972037,-0.186641198431,0.011931008925,0.018074972037,0.221902529351,0.402877997011,-0.008592637839,-0.151487315115,0.415239020603,0.144256263918,0.260957523162,0.750846776184,0.750101680786,-0.129211895377,0.751717121003,1.044573341992,0.219314624642,0.793101427673,0.792726151938,-0.076531558605,0.794581987749,1.086492836403,0.363441266271,0.894329629184,0.166469118011,-0.218782832681,0.902177468956,0.446697099959,0.478691861033,0.442017212510,-0.000373403542,-0.465142939488
580,1,0.186644172643,-0.011747906267,-0.015597868862,-0.186644172643,0.011747906267,0.015597868862,0.215549728847,0.403369663662,0.043789209026,-0.156597836310,0.414474650643,0.150353862302,0.250013934868,0.747887571286,0.921087352873,-0.138088712382,0.752072590749,1.141028466378,0.204338096335,0.783778441849,0.976614211629,-0.085570373440,0.793991787540,1.196299196300,0.352813236963,0.895369042337,0.339427138622,-0.228753061244,0.903103055780,0.551634847904,0.474116206169,0.441964522004,-0.000377073884,-0.464728916126
581,1,0.187241818071,-0.011501638450,-0.006488585475,-0.187241818071,0.011501638450,0.006488585475,0.213029902631,0.408470455285,0.026390949016,-0.163190085743,0.418952414220,0.133429166956,0.242964508699,0.757440335077,0.827151495277,-0.149124471246,0.760772501484,1.127386851715,0.192905449847,0.794750399121,0.873830438680,-0.096872992757,0.803071212354,1.184700555126,0.346403892351,0.905336331118,0.239788957055,-0.240598395443,0.913958464173,0.548629528128,0.469813957810,0.441783413291,-0.000376955490,-0.459319218057
582,1,0.183854236795,-0.010883401349,-0.007012521198,-0.183854236795,0.010883401349,0.007012521198,0.203384762459,0.401216016748,0.023581355437,-0.162972995226,0.409743261054,0.143098343897,0.229551212347,0.742203452391,0.877214774132,-0.153367466468,0.745179858178,1.157467857072,0.181670971388,0.778370602839,0.930850781049,-0.102434353312,0.786595541034,1.211919187891,0.327467182596,0.887124526819,0.289309447358,-0.245805377949,0.895217762268,0.564692611502,0.466415524483,0.441802144051,-0.000377143268,-0.468861992711
583,1,0.182038173161,-0.010656010162,-0.006796791342,-0.182038173161,0.010656010162,0.006796791342,0.197304805787,0.396051907892,0.034472437586,-0.166876097056,0.404283129346,0.144438824006,0.218320478040,0.732008951741,0.939225164085,-0.159245479381,0.734763193901,1.213059003886,0.168324198583,0.767870080865,0.998895808560,-0.109487997979,0.774631862728,1.274149633850,0.316599088236,0.875228288889,0.369411145803,-0.250078610998,0.883879117123,0.634309105922,0.462883830070,0.441762462258,-0.000376060954,-0.474869181520
584,1,0.179583607139,-0.009785451753,-0.008379289840,-0.179583607139,0.009785451753,0.008379289840,0.190428066161,0.394792097883,0.055588865337,-0.164907804934,0.397116434975,0.169506178258,0.208316737484,0.719765421075,1.073045454647,-0.161276799469,0.722013127601,1.347968036006,0.161575917812,0.754758195063,1.140343379886,-0.112646252773,0.761226259036,1.415643931330,0.306173105994,0.860238502761,0.427036891285,-0.249097895646,0.868333207823,0.692816927891,0.460483282804,0.441933840513,-0.000361494487,-0.483025071061
585,1,0.186424705164,-0.010138668043,-0.007980850163,-0.186424705164,0.010138668043,0.007980850163,0.193999431248,0.411096016937,0.055547084561,-0.177281208483,0.413861900562,0.176846687864,0.208940348654,0.750101239030,0.997119986457,-0.174887882949,0.752232641817,1.314178886827,0.158166379717,0.787002243255,1.056013303260,-0.124375901083,0.792848163427,1.373655033201,0.312891710752,0.895505284957,0.390198926433,-0.266362987243,0.904483471850,0.680876700141,0.457366213202,0.442016944289,-0.000366462627,-0.463323854623
586,1,0.187070870723,-0.009921548091,-0.006509576705,-0.187070870723,0.009921548091,0.006509576705,0.192993968664,0.413209934138,0.051323495221,-0.177742656415,0.414868409290,0.176231245038,0.204534320398,0.751479229009,0.986930456848,-0.178397365113,0.753543177893,1.279527090043,0.154645015274,0.787050661572,1.047730908121,-0.127926833745,0.793387927488,1.335532054489,0.309232197732,0.897080492725,0.395076369899,-0.269961654584,0.906179307822,0.657989505089,0.455633461475,0.441807925701,-0.000371270929,-0.462756047543
587,1,0.189286179744,-0.009346129016,-0.007357884368,-0.189286179744,0.009346129016,0.007357884368,0.191585984393,0.419550593188,0.010989141093,-0.181462816855,0.420204440689,0.169843033486,0.201518354095,0.761823012832,0.988780218484,-0.185012647077,0.764135915283,1.247804114895,0.152809126335,0.797617155956,1.043423402288,-0.134173104140,0.804928987763,1.299962169924,0.307915776607,0.908913286830,0.368265451595,-0.280086139853,0.918027793269,0.584207027315,0.453482985497,0.441083684564,-0.000374892494,-0.457349003468
588,1,0.178624800848,-0.007622561241,-0.009271628135,-0.178624800848,0.007622561241,0.009271628135,0.180886380273,0.397163124920,-0.008613634122,-0.169118417763,0.397119840517,0.164493142917,0.188124072049,0.719335561074,0.921084482076,-0.174456132680,0.721893877769,1.178952909565,0.145094531599,0.753557461138,0.969377920982,-0.126369858079,0.761104397293,1.229553725983,0.286591246418,0.857635360975,0.292101434605,-0.264195000966,0.866395241375,0.551171801311,0.452845394611,0.439653739333,-0.000369270565,-0.486097484023
589,1,0.177755890806,-0.007063824818,-0.002529489129,-0.177755890806,0.007063824818,0.002529489129,0.179960504689,0.390416933332,0.021955233442,-0.166374292289,0.392485277010,0.151374605042,0.185578492906,0.713314773057,0.891166560690,-0.173420992241,0.716728936834,1.146058037586,0.143062006485,0.747979022859,0.940770494527,-0.126128186522,0.755676103339,1.197759585261,0.283127252606,0.850420210873,0.306764465131,-0.262380538843,0.858871757057,0.545571594334,0.452534660697,0.438780069351,-0.000372101669,-0.490763266955
590,1,0.191331085244,-0.007505974891,0.000996535973,-0.191331085244,0.007505974891,-0.000996535973,0.193694016174,0.419895959127,0.024158710465,-0.178852837337,0.422959109791,0.147615587039,0.199420761892,0.768711210824,0.767332779330,-0.187965112111,0.772023813950,1.042304477333,0.153806868273,0.806644467046,0.803615751195,-0.139155754684,0.814625376141,1.082682681628,0.305562457684,0.915937871087,0.195062488616,-0.282924875623,0.924480211734,0.462433162753,0.452371180058,0.438428714871,-0.000373780447,-0.455662198825
591,1,0.224102142920,-0.008795870160,0.010227497678,-0.224102142920,0.008795870160,-0.010227497678,0.227565332318,0.492492583364,-0.059632226418,-0.208495394865,0.494587908275,0.111735692235,0.233248344116,0.899840713273,0.612700306810,-0.219029291329,0.903886039457,0.976187764337,0.178674188025,0.944494731744,0.646828506606,-0.161588324036,0.954880854434,1.010530542371,0.361470115822,1.071813245832,0.043033693463,-0.330348270077,1.082037659605,0.387294730299,0.452728480101,0.438406482339,-0.000395282754,-0.389233359528
592,1,0.214043550706,-0.008146845682,0.011151663779,-0.214043550706,0.008146845682,-0.011151663779,0.218339079741,0.473866885803,-0.049848257917,-0.198676634443,0.475730389522,0.115539462813,0.223363484494,0.865119672047,0.670015564229,-0.208613466858,0.868242881445,1.026590362776,0.171849119075,0.908678906810,0.708709138233,-0.153922099123,0.917270843132,1.067144293431,0.348482807002,1.029393870261,0.068985092448,-0.315909622678,1.039211406822,0.419761403432,0.453046202660,0.436382755637,-0.000398419797,-0.407204302746
593,1,0.200054874490,-0.007673339902,0.008830107396,-0.200054874490,0.007673339902,-0.008830107396,0.204305969001,0.443085599798,-0.026865222789,-0.185736709582,0.444717150514,0.173478435955,0.207747311668,0.808126112106,0.712706580717,-0.195299036945,0.810299368325,1.164001681550,0.160800528157,0.848973061666,0.755872514448,-0.145680756836,0.855191517760,1.216204322659,0.323979625352,0.960924437069,0.118536362601,-0.295182303452,0.968296806653,0.572921097950,0.453157052398,0.436430126429,-0.000389890512,-0.435394468285
594,1,0.198688777905,-0.007741445045,0.007726811179,-0.198688777905,0.007741445045,-0.007726811179,0.203121247000,0.440797757729,-0.018185674121,-0.184280634005,0.441068672418,0.172487125447,0.206710900636,0.803584093402,0.722090025333,-0.193757205306,0.806140434059,1.144832666182,0.160548588959,0.844738089193,0.768984799976,-0.144693480321,0.851110503396,1.192716531167,0.323321644680,0.955842774544,0.128708762676,-0.293805278492,0.963542412187,0.548235626787,0.453370273113,0.435609832406,-0.000392372487,-0.438045085456
595,1,0.253628213176,-0.009961460181,0.012538666190,-0.253628213176,0.009961460181,-0.012538666190,0.259756197041,0.562876392829,-0.078705839321,-0.237245563952,0.562480007581,0.152332628804,0.264517511997,1.025817695683,0.566374148348,-0.246943013485,1.026129277774,1.055423788716,0.206210562705,1.079272879112,0.595080972760,-0.183958422845,1.086021333616,1.088170406141,0.414156679363,1.219255782085,-0.079546349606,-0.374355586205,1.230058800644,0.413124590839,0.453663215041,0.435635283589,-0.000394260511,-0.342995092226
596,1,0.232677336357,-0.009050332161,0.006272336751,-0.232677336357,0.009050332161,-0.006272336751,0.241636550569,0.517383898635,-0.068293742183,-0.215083361173,0.516864614015,0.168870834301,0.246813612564,0.941261090936,0.854199163742,-0.222320342511,0.942288180751,1.233418436694,0.193456759060,0.987490017656,0.916805405854,-0.163626033911,0.997013318140,1.287731988806,0.386793821181,1.119910784652,0.160268787703,-0.340371099417,1.129335075081,0.526633524219,0.455256506801,0.435344129801,-0.000399752636,-0.373845710643
597,1,0.217046428109,-0.008505728188,0.005392340883,-0.217046428109,0.008505728188,-0.005392340883,0.231337935181,0.479333127211,-0.055347445656,-0.193666659602,0.480015900000,0.157876611728,0.237616741087,0.876424036136,0.814659467746,-0.199821568096,0.878040941932,1.171212747832,0.188383638293,0.920531960546,0.870295719532,-0.145922925520,0.928606387581,1.223913938261,0.367322550115,1.043757593234,0.157561854363,-0.309098194292,1.051388277379,0.507995471352,0.458472311497,0.434944555163,-0.000401094556,-0.401221243184
598,1,0.200476127597,-0.008152076624,0.004096602220,-0.200476127597,0.008152076624,-0.004096602220,0.217798847501,0.444009298337,-0.001922457268,-0.173646762638,0.444372305475,0.146541862604,0.227246871994,0.810140664859,0.810659586317,-0.178764227561,0.813249068288,1.086815065062,0.182219469312,0.850438585418,0.858648772222,-0.128412330298,0.860032129262,1.135482102810,0.347932847174,0.965917788764,0.192236865412,-0.279051210631,0.973282650420,0.474052788910,0.461812317371,0.434851005673,-0.000404226244,-0.433151407592
599,1,0.221724521614,-0.008821000967,0.006156825433,-0.221724521614,0.008821000967,-0.006156825433,0.250199620337,0.491100755809,-0.023715642505,-0.186293084119,0.492164623440,0.142649890087,0.264598615610,0.894282828043,0.735910924499,-0.184618463560,0.898341821940,1.106468738095,0.215058861636,0.940373198742,0.776655074774,-0.128789553659,0.948206828501,1.152167297844,0.397745800024,1.067652128903,0.102542546835,-0.295191397302,1.075039802410,0.478848215635,0.467004999518,0.434970512986,-0.000408658874,-0.391344215740
600,1,0.186518673647,-0.007408803566,-0.003568725721,-0.186518673647,0.007408803566,0.003568725721,0.215429764847,0.419328854851,0.053597580267,-0.155652749236,0.418310219533,0.131274813360,0.235328846097,0.761301140641,0.935327365755,-0.148988060460,0.766214619247,1.158406354988,0.193581441569,0.799343151926,0.986878192521,-0.100414863102,0.808282411499,1.212716885098,0.349054655355,0.911363130607,0.265159352501,-0.243585136304,0.917794550075,0.496901439182,0.471375957131,0.434833362699,-0.000406000298,-0.458400350769
601,1,0.201739770740,-0.008018591986,-0.006223987017,-0.201739770740,0.008018591986,0.006223987017,0.242505813640,0.453420161403,0.005826624847,-0.162221218989,0.453335402286,0.144114839238,0.267687142879,0.820905893450,0.850966447192,-0.147347188738,0.827843630991,1.202240065381,0.223983627298,0.863113965838,0.899328621835,-0.094519628309,0.873764939853,1.254200496469,0.389677721086,0.984361812412,0.198117536330,-0.249916403038,0.990910473277,0.533508835153,0.477288305759,0.434843093157,-0.000411281828,-0.424044068362
602,1,0.186268825170,-0.007302890586,-0.007757711402,-0.186268825170,0.007302890586,0.007757711402,0.233710570804,0.414943460089,0.042782787646,-0.144760485493,0.417085110955,0.149080377184,0.260451227147,0.757308193170,0.832147020553,-0.123578232066,0.763795440787,1.115617198405,0.220851191575,0.795562007410,0.876197451269,-0.073806068679,0.806666094677,1.162588162405,0.373221695080,0.908779701672,0.214501974219,-0.219022248730,0.914797270796,0.503681377070,0.483481541276,0.434751883149,-0.000410597655,-0.459269932282
603,1,0.191575010582,-0.007472262214,-0.010440557335,-0.191575010582,0.007472262214,0.010440557335,0.243712015448,0.422949606847,0.041171114119,-0.141955496270,0.425693816605,0.171704057500,0.276185848669,0.770452322060,0.831608662685,-0.114602682210,0.778716081344,1.131941000588,0.236809432423,0.809664477826,0.876370835647,-0.063525091204,0.821699604740,1.179518386225,0.392566650573,0.926920364190,0.222145702137,-0.210948739367,0.933541651144,0.539673843759,0.489026188850,0.435054689646,-0.000407715794,-0.449954606285
604,1,0.185062691749,-0.007360554689,-0.010445864388,-0.185062691749,0.007360554689,0.010445864388,0.243437182886,0.411391122081,0.045106246070,-0.130964816882,0.413915337325,0.166288126037,0.281093958649,0.749221641368,0.833218781442,-0.100344837206,0.757133735863,1.119953369491,0.243528681984,0.786838466821,0.877284231318,-0.049250452432,0.798175591619,1.168537328321,0.393744361277,0.900992612011,0.215142329385,-0.192057733319,0.908049254381,0.524750773601,0.495112434030,0.435109630227,-0.000404194929,-0.462510548615
605,1,0.181917283711,-0.007453842474,-0.011745881961,-0.181917283711,0.007453842474,0.011745881961,0.244790915946,0.407495913583,0.035467391700,-0.123079005704,0.409977667597,0.158361643028,0.290850731718,0.741739095437,0.752004179268,-0.086579065628,0.749797427659,1.040288596667,0.253871627218,0.779358000230,0.786481306730,-0.033704474032,0.790849015090,1.079515263649,0.402580889772,0.892605267744,0.119564093273,-0.179326185026,0.899252326450,0.439287798847,0.501086100936,0.434935882688,-0.000400179066,-0.467157477647
606,1,0.178160609883,-0.007416167441,-0.015870493349,-0.178160609883,0.007416167441,0.015870493349,0.241964990811,0.400243796492,-0.017736582014,-0.118613543644,0.402139984560,0.163800032187,0.297847575013,0.728300858857,0.619045427253,-0.072501304779,0.734776319197,1.025969139358,0.261839971490,0.765647062230,0.646444186707,-0.018096169721,0.775553189406,1.063703281901,0.408344945440,0.876324598693,-0.031704710325,-0.163448343959,0.881574829820,0.435062318061,0.507054001093,0.435005903244,-0.000384626444,-0.476066884198
607,1,0.177926592114,-0.007583844724,-0.015611980173,-0.177926592114,0.007583844724,0.015611980173,0.243578031996,0.404192062419,-0.096180321238,-0.116189581933,0.405226765144,0.146908549018,0.311344561238,0.735546933871,0.476122491937,-0.062966942216,0.740324814730,0.939293808555,0.275382994162,0.774080808013,0.500075342601,-0.007377825429,0.781585210688,0.972171459240,0.423497426979,0.883674743744,-0.138237219970,-0.152196201926,0.888559136263,0.373065109890,0.512587547302,0.434962093830,-0.000378329074,-0.472308104359
608,1,0.177542336993,-0.008809653020,-0.017510523400,-0.177542336993,0.008809653020,0.017510523400,0.242895491644,0.404929578913,-0.081309502556,-0.111919963326,0.407892833358,0.143441289190,0.318578995428,0.738771084561,0.525201997972,-0.052011319446,0.744470052161,0.893571558210,0.284203207703,0.777356640680,0.551455846957,0.004889401649,0.785420357865,0.923774419378,0.436173110609,0.888256040595,-0.068155917045,-0.141145784082,0.892750744643,0.348500914727,0.518289595842,0.436284303665,-0.000379614998,-0.468368201032
609,1,0.179790707961,-0.009687934115,-0.019006326184,-0.179790707961,0.009687934115,0.019006326184,0.247160277732,0.408720169612,-0.076267387951,-0.107464173201,0.411887654459,0.131299232576,0.324566421382,0.747045864581,0.464170929471,-0.043121988233,0.752793251472,0.790339386799,0.288146722612,0.786013387316,0.485290383002,0.016234052288,0.794228338560,0.812864059870,0.440714317351,0.898352880998,-0.102427093531,-0.127324884203,0.902790606240,0.259572320315,0.522696778178,0.436677530408,-0.000381410122,-0.462669743343
610,1,0.163171221613,-0.008971709425,-0.024546297697,-0.163171221613,0.008971709425,0.024546297697,0.223146142696,0.372266417919,-0.100390728926,-0.093908739196,0.375606883671,0.119903511249,0.289759239576,0.682335264057,0.416603681659,-0.029812414686,0.688240132506,0.776937293199,0.256571708223,0.718212704900,0.436072651128,0.026088557106,0.725900627257,0.802652560100,0.390309560931,0.821190763389,-0.174476016847,-0.107845689946,0.823856887080,0.244625548027,0.527527958155,0.436598956585,-0.000373382121,-0.507443158769
611,1,0.164175322692,-0.009026049445,-0.031165041138,-0.164175322692,0.009026049445,0.031165041138,0.215833856887,0.374034532206,-0.209128672168,-0.091165741380,0.376672160908,0.110878676309,0.279115645125,0.690950922419,0.379241303631,-0.023021880692,0.690282130025,0.822375017562,0.246541877999,0.725541481670,0.406740345156,0.032950264411,0.728176050615,0.859780847979,0.366756163323,0.831470759238,-0.233953956316,-0.095764086266,0.825319705072,0.251101598961,0.530972942710,0.436646044254,-0.000370579772,-0.506484821814
612,1,0.164070152492,-0.009083710552,-0.041146256959,-0.164070152492,0.009083710552,0.041146256959,0.208465683997,0.376417604587,-0.275682655278,-0.090117232151,0.376155597362,0.126535681729,0.266340658527,0.705578726862,0.287948103577,-0.016647538234,0.690602116489,0.956174991142,0.232008661137,0.736155522453,0.313138969809,0.039764768327,0.729240365417,1.001288838552,0.338079388607,0.849770271315,-0.348500622385,-0.086297498290,0.824407760377,0.404556364325,0.534472271800,0.436668768525,-0.000363508239,-0.507080494908
613,1,0.172100942469,-0.009724246334,-0.050294553531,-0.172100942469,0.009724246334,0.050294553531,0.209653522662,0.397610493966,-0.314195679543,-0.089665595144,0.395280414144,0.168134319003,0.258936823976,0.752622795111,0.135560143538,-0.010818293943,0.725923881440,1.019932356798,0.216515370478,0.784812768761,0.147859281923,0.048433154589,0.767110044159,1.063202628619,0.327173216495,0.905647969947,-0.529795379069,-0.082303650116,0.866644712407,0.473639297649,0.537621900439,0.436701014638,-0.000375346281,-0.482346214691
614,1,0.213118068929,-0.013537017030,-0.060789959804,-0.213118068929,0.013537017030,0.060789959804,0.228468933295,0.486824278567,-0.520604112896,-0.113366220607,0.487592191414,0.202333150828,0.296506727921,0.949194694140,-0.363253885381,-0.007213625127,0.895031078756,1.043056554328,0.248163962031,0.995402683655,-0.384027505478,0.065582927544,0.947093679714,1.076531945243,0.373644244054,1.136797723172,-1.137728134449,-0.094739075437,1.072126901717,0.491131084730,0.539826989174,0.436098396778,-0.000374192372,-0.391044636909
615,1,0.209896091444,-0.013631877496,-0.074972580512,-0.209896091444,0.013631877496,0.074972580512,0.211231623775,0.478802696626,-0.606594645104,-0.107848463580,0.481069847127,0.233460997703,0.271692252492,0.956260202757,-0.420731145676,0.005190980949,0.882102494546,1.043913806127,0.236429133097,1.017238764576,-0.438186265386,0.074437381563,0.933930078119,1.084560092648,0.321929057642,1.141191708211,-1.237398568834,-0.088408873154,1.057345020718,0.506143399841,0.541798263788,0.436212614179,-0.000396304764,-0.396514149407
616,1,0.203084409450,-0.013503617668,-0.078713486084,-0.203084409450,0.013503617668,0.078713486084,0.190168821353,0.465711484234,-0.486683810600,-0.100666413281,0.468723120038,0.258028415514,0.235629822166,0.928727890838,-0.186254179317,0.013471073279,0.858012371146,1.021491767748,0.203472528713,0.985945606972,-0.193462468913,0.080009794912,0.908593079692,1.069176464487,0.279289984707,1.106672710639,-0.966713619225,-0.078943289693,1.028455892152,0.492701542348,0.544691339135,0.436283662915,-0.000405419618,-0.407505992044
617,1,0.199691257048,-0.013446030744,-0.075149059407,-0.199691257048,0.013446030744,0.075149059407,0.172450306780,0.458423843517,-0.432154759388,-0.100714171885,0.461322426211,0.245807114176,0.187388978500,0.915372212800,-0.171067931013,0.021540726480,0.841027526591,1.014500338692,0.153448526969,0.974688065831,-0.182661504433,0.083498526629,0.884198852492,1.053369881090,0.257088329985,1.085460577886,-0.881050844885,-0.073839565655,1.012874256503,0.494592150875,0.546239942312,0.436193108559,-0.000411362387,-0.413179906840
618,1,0.191388883957,-0.013098751028,-0.093106970791,-0.191388883957,0.013098751028,0.093106970791,0.146505248359,0.437966532697,-0.532001682522,-0.098414344690,0.444045931402,0.255392052340,0.143995535409,0.886114982287,-0.397826999923,0.022382710605,0.812867598968,0.932697580925,0.135656874434,0.950056679015,-0.419980674492,0.081654973763,0.855594845883,0.951784657683,0.139137083768,1.043507130106,-1.156491740705,-0.069723858790,0.971443556624,0.373837297313,0.546822547913,0.436125069857,-0.000393876806,-0.429333149772
619,1,0.187953415322,-0.012556672534,-0.092663176203,-0.187953415322,0.012556672534,0.092663176203,0.128920023861,0.431516974831,-0.481671604073,-0.097453622214,0.433758755252,0.245963203481,0.076600754499,0.878900275439,-0.289503922039,0.022641229746,0.807266874005,0.741510527063,0.069606016492,0.940822669920,-0.304573858228,0.070187497529,0.852786167303,0.742707420266,0.058040563898,1.025437327659,-1.015858701704,-0.066071022245,0.953223676559,0.135821981437,0.547624528408,0.435004219413,-0.000385116786,-0.435645746365
620,1,0.196417920475,-0.012379188052,-0.101052369539,-0.196417920475,0.012379188052,0.101052369539,0.099380876848,0.454406745994,-0.405947651393,-0.101341970366,0.456703613775,0.254823933839,0.033590026738,0.933345130972,-0.117727696208,-0.001943481478,0.866882445963,0.776871885968,0.034834897288,0.990378501478,-0.119421987005,0.023866032733,0.908102781732,0.783988080931,-0.004733486384,1.075290442950,-0.924056932046,-0.065064031280,1.017799875336,0.099406449208,0.549260020256,0.434096127748,-0.000392941758,-0.416270416142
621,1,0.211864163767,-0.011522513227,-0.107182406660,-0.211864163767,0.011522513227,0.107182406660,0.087025777990,0.494948607076,-0.410729052304,-0.103295819625,0.497545064064,0.200284467956,-0.003816313412,1.022775090717,-0.116729140663,-0.036176044166,0.972703659272,0.607058633419,-0.000372122197,1.080087559555,-0.116683655836,-0.016616388128,1.026825204461,0.597279811659,-0.048966211104,1.168512462822,-0.958053732799,-0.074185994759,1.123610414381,-0.135071262411,0.552663162351,0.432716190815,-0.000393584371,-0.385020474746
622,1,0.193050537978,-0.009708058821,-0.060092570797,-0.193050537978,0.009708058821,0.060092570797,0.052012541122,0.454938268799,-0.331802290814,-0.089329151224,0.458729934448,0.182089305191,-0.049371267430,0.936461551649,0.069186678415,-0.025545539759,0.893673359943,0.572208659678,-0.077903098638,0.991130162616,0.079903331244,0.000301164100,0.938922490545,0.566493244609,-0.039178964403,1.071294933410,-0.616283960684,-0.055670649209,1.032396810680,-0.029786299838,0.553580865264,0.433166861534,-0.000426727347,-0.417945261392
623,1,0.194719469851,-0.009680860501,-0.065860251998,-0.194719469851,0.009680860501,0.065860251998,0.018622764499,0.462109521837,-0.340446421429,-0.087347898626,0.467542145232,0.176933134808,-0.129901680834,0.948783862602,0.071725337846,-0.013158903265,0.906508460390,0.621331800938,-0.153722930230,1.005504658514,0.083476322658,0.030591506107,0.952038409526,0.619347471714,-0.167706294500,1.089021417828,-0.589827750385,-0.048073217737,1.054660376334,-0.011379831160,0.555037111044,0.433103963733,-0.000427335501,-0.410239604440
624,1,0.187382211986,-0.008275436784,-0.116819753429,-0.187382211986,0.008275436784,0.116819753429,-0.011730146301,0.449107921628,-0.350990406568,-0.083834186045,0.453247271536,0.236846524127,-0.186553050826,0.917504681919,0.031249109904,-0.003843431441,0.877272822464,0.629966050668,-0.204351104598,0.974853077442,0.040183273600,0.052801692827,0.918962029496,0.654716399022,-0.229685430540,1.053435184354,-0.645122346179,-0.054983223138,1.022938810912,0.037460634671,0.556606978178,0.432268038392,-0.000400267541,-0.424699392894
625,1,0.189033818206,-0.007114933617,-0.117968986642,-0.189033818206,0.007114933617,0.117968986642,-0.028412522913,0.454931521427,-0.343051982739,-0.084802200891,0.458643463303,0.238939289944,-0.203623926263,0.910269963169,0.150512245576,0.007510964416,0.885564309816,0.671171649036,-0.203001343855,0.963820563212,0.172332123766,0.060543975438,0.923181737748,0.678865465110,-0.233643096291,1.051784306524,-0.471896852133,-0.051764612873,1.036784866142,0.056123363671,0.558178350329,0.430904805660,-0.000401409343,-0.420097288364
626,1,0.206875552971,-0.007792075250,-0.128240322505,-0.206875552971,0.007792075250,0.128240322505,-0.039575251841,0.499835409621,-0.319417536031,-0.096479135796,0.504641125128,0.228425249476,-0.254560293253,0.984033623107,0.164542539323,0.019512578824,0.970856242279,0.686768077457,-0.259855468192,1.040652406331,0.183722291992,0.086017879277,1.010173855067,0.690161511598,-0.281067932742,1.138747869240,-0.458958344147,-0.051863375009,1.138254654364,0.073221768845,0.560666233301,0.430946707726,-0.000408353284,-0.380916816191
627,1,0.210475226391,-0.007709278776,-0.131889915148,-0.210475226391,0.007709278776,0.131889915148,-0.051346626752,0.508537369974,-0.334353268742,-0.102557614444,0.509148404182,0.247521295248,-0.286297101307,1.005163084578,0.033520211525,0.041323223516,0.978740324497,0.704407159855,-0.301369278443,1.063164405400,0.035115813609,0.101831412738,1.023949513279,0.700447568797,-0.291682917717,1.160283887221,-0.601970209902,-0.051334176211,1.159461991939,0.067633744171,0.563324704766,0.431004464626,-0.000393616036,-0.373410485255
628,1,0.241940097589,-0.006324820909,-0.166961827864,-0.241940097589,0.006324820909,0.166961827864,-0.069078502798,0.589393946620,-0.391385070983,-0.120786876809,0.587589349595,0.390696608580,-0.357656677239,1.171092812123,-0.184556660469,0.064104621724,1.110343061479,0.934946091698,-0.359356869948,1.253785674915,-0.197637225530,0.131508568461,1.166389602026,0.937228960809,-0.419767213678,1.363199726392,-0.990607792269,-0.053252331791,1.331996954566,0.326782705861,0.564965546131,0.432135045528,-0.000360058621,-0.320846987618
629,1,0.201768128986,-0.004673478468,-0.145217360087,-0.201768128986,0.004673478468,0.145217360087,-0.062596802493,0.495256198977,-0.378248836007,-0.108578837817,0.492968172341,0.313298421706,-0.289327783533,0.973656822899,0.099675604193,0.058168547895,0.927835951438,0.861876333443,-0.295324767467,1.030847328118,0.128707111044,0.115612913554,0.975549052346,0.873022276136,-0.335648403655,1.145955060960,-0.621954858137,-0.042230129654,1.115630462264,0.257332101401,0.566090568900,0.432404652238,-0.000363698229,-0.381303771562
630,1,0.202972802162,-0.004413973505,-0.138915781050,-0.202972802162,0.004413973505,0.138915781050,-0.059444136531,0.496883024289,-0.364378452527,-0.113103376389,0.493905405357,0.274756442926,-0.281468375965,0.972720423632,0.100053741482,0.063430943722,0.931182733609,0.764935041734,-0.283297632593,1.033047158844,0.121957923283,0.121071580624,0.979091850703,0.769268490311,-0.327082963872,1.152334292963,-0.607161461555,-0.037223176957,1.119487022469,0.113168837196,0.567211046815,0.432374477386,-0.000364206731,-0.380093296201
631,1,0.202956550523,-0.004076146381,-0.139822561168,-0.202956550523,0.004076146381,0.139822561168,-0.053288297257,0.492869384064,-0.408170231456,-0.108329519791,0.489978711208,0.274532996649,-0.265328478278,0.957823102913,0.188064726033,0.068045003752,0.924488965010,0.797159780423,-0.262656916212,1.006869479178,0.227947233771,0.125563300255,0.971395504681,0.805624765789,-0.316931874341,1.142377970387,-0.472995000088,-0.042199047211,1.113080551390,0.128879089535,0.569014623761,0.432721167803,-0.000365069136,-0.382473773723
632,1,0.191982079709,-0.002043265480,-0.136539039783,-0.191982079709,0.002043265480,0.136539039783,-0.040316096335,0.466852420480,-0.394892928731,-0.099779799431,0.465767624678,0.248281210033,-0.231414600777,0.885436567214,0.281575890310,0.069660180309,0.877315197707,0.764570290566,-0.229138793928,0.919074622157,0.327921768694,0.125815420075,0.923106481314,0.772876903629,-0.276305810745,1.082463908256,-0.352200843568,-0.034472321311,1.059644762284,0.111387757876,0.571319624782,0.434444397688,-0.000373767689,-0.400113111065
633,1,0.186917714800,-0.001356727993,-0.132456914113,-0.186917714800,0.001356727993,0.132456914113,-0.030693279920,0.453990344371,-0.364822502726,-0.090046472133,0.453665075252,0.202505161908,-0.205019376944,0.854282496210,0.376522017302,0.057452182980,0.854258972283,0.619305865099,-0.191655317613,0.891992949156,0.428500167852,0.118247595237,0.898493830060,0.618449565100,-0.257728366547,1.040936583292,-0.154465535761,-0.033382703745,1.031325606850,-0.008657861460,0.572509855032,0.434904024005,-0.000371484086,-0.410473654515
634,1,0.181906731840,-0.001264488851,-0.131357929331,-0.181906731840,0.001264488851,0.131357929331,-0.024374514487,0.440107516075,-0.353519360054,-0.086683694491,0.440391840683,0.189656285590,-0.100006696482,0.823017904082,0.310510416600,0.016087716289,0.829379543605,0.559955860259,-0.056177486066,0.867123388186,0.351533175050,0.086542167786,0.874911735542,0.553757145940,-0.205050302978,0.993585408956,-0.252324782054,-0.082042692017,1.001747912243,-0.083035307820,0.572865307331,0.435280919075,-0.000381296501,-0.421997063957
635,1,0.186502963138,-0.000848227185,-0.136119177953,-0.186502963138,0.000848227185,0.136119177953,-0.020344951402,0.449882724742,-0.293882352770,-0.087715224819,0.447690059096,0.226509703797,0.024962960765,0.839795675533,0.344451634586,-0.039464585398,0.839407204319,0.683061346962,0.068934780532,0.882764522747,0.382676053093,0.018101414526,0.889617975836,0.687849095701,-0.107850404656,1.014300760148,-0.248027936177,-0.167616729815,1.019031351013,0.065263719432,0.573567897081,0.436300292611,-0.000387893990,-0.412430263642
636,1,0.186019138171,-0.000710984545,-0.134384576827,-0.186019138171,0.000710984545,0.134384576827,-0.016303744463,0.448743649190,-0.299631198472,-0.075778512405,0.446951152775,0.193597216202,-0.049068450894,0.833668917967,0.391721487888,0.008928111076,0.838817990055,0.643591846891,0.003420799927,0.870331317425,0.440111120578,0.076466872085,0.888217392833,0.647084750020,-0.155474415203,1.015323156054,-0.163957532972,-0.129397705316,1.017991155194,0.013656922249,0.575025394559,0.436807006598,-0.000391116366,-0.412295379960
637,1,0.186092502897,-0.000534925513,-0.134677106460,-0.186092502897,0.000534925513,0.134677106460,-0.013802821954,0.450817748339,-0.296976068068,-0.076312637093,0.448894850055,0.194871665897,-0.053467012874,0.840554341344,0.352406284819,0.011223336660,0.842919856432,0.585780717540,-0.009621066735,0.879971939777,0.393806068357,0.078918859580,0.892592621757,0.580588143823,-0.148787288076,1.020280013663,-0.221820958925,-0.116427291604,1.022172977915,-0.018132564906,0.575356945395,0.436943814158,-0.000390250236,-0.410187200716
638,1,0.185344547873,-0.000553252448,-0.138870224961,-0.185344547873,0.000553252448,0.138870224961,-0.011885099386,0.451209944663,-0.300380599593,-0.080712508906,0.449029635152,0.194918136948,-0.044028023853,0.840285755320,0.332417466144,-0.007443965002,0.843318742866,0.553935466320,0.023095482940,0.881485931400,0.372842500191,0.061305545177,0.893919886862,0.546160610791,-0.147254822676,1.020536398501,-0.226926245417,-0.107907517277,1.022356568899,-0.070284393320,0.576352208853,0.436937764287,-0.000396676362,-0.410120158016
639,1,0.185215366014,-0.000235900027,-0.138346569312,-0.185215366014,0.000235900027,0.138346569312,-0.010452509146,0.450241472718,-0.275731710127,-0.081983195132,0.446528384554,0.205109184889,-0.004034578954,0.838590170655,0.337567756569,-0.045270483429,0.839387519993,0.637399843254,0.067913117402,0.879806072547,0.375536355081,0.007786222821,0.889778809596,0.640739187505,-0.099368628507,1.017458920033,-0.242058521350,-0.139968798717,1.018386286160,0.017350897666,0.576795995235,0.437417805195,-0.000395774841,-0.411218941661
640,1,0.172461932017,-0.000234082175,-0.130485891077,-0.172461932017,0.000234082175,0.130485891077,-0.007855454888,0.420691633582,-0.242077843318,-0.077314817829,0.415397785558,0.205026872262,0.031197254561,0.781845465041,0.381523009414,-0.058168812889,0.779707946499,0.726586492530,0.081085106787,0.819605322711,0.420293207058,-0.008247211792,0.825874243138,0.740485357884,-0.077523790843,0.946913626735,-0.203049348684,-0.144764097969,0.947836185893,0.127034098659,0.576681703329,0.437400549650,-0.000392293558,-0.441530647308
641,1,0.173812824814,-0.000404935484,-0.130203850714,-0.173812824814,0.000404935484,0.130203850714,-0.006326353861,0.422429985175,-0.221215127015,-0.075900103176,0.417955346340,0.178030419490,-0.045022992529,0.781834984185,0.359318814563,0.006721115086,0.784878715322,0.429367735658,-0.012480966241,0.822670523278,0.398093252393,0.074594677997,0.833767383409,0.412585262545,-0.133835857471,0.951681340455,-0.197986871204,-0.126838816498,0.953929715900,-0.170828316339,0.577440500259,0.437528759241,-0.000400390476,-0.439378300701
642,1,0.175811515665,-0.000305592027,-0.132397664271,-0.175811515665,0.000305592027,0.132397664271,-0.002003863022,0.428046255374,-0.209619323395,-0.079458936197,0.422530022510,0.220625791329,0.023798026288,0.791982995125,0.360976983874,-0.061030779735,0.792846626259,0.681542265534,0.064069751262,0.832725305060,0.396421747772,-0.012938341681,0.841228633944,0.689808449241,-0.093020813244,0.963417823631,-0.205465182848,-0.178392665254,0.966405880308,0.117056881037,0.577417522669,0.437393292785,-0.000397173688,-0.434319717039
643,1,0.183438101739,-0.000613088847,-0.138042697484,-0.183438101739,0.000613088847,0.138042697484,-0.002688613133,0.446304016782,-0.219668772762,-0.080068035995,0.441918070738,0.229886436958,-0.053210685156,0.826605530797,0.379349529542,0.015723310865,0.829151530164,0.612275502926,-0.015228028720,0.868450070643,0.418241062361,0.082054032914,0.881827127325,0.608308305835,-0.153127664981,1.007765391946,-0.159635858859,-0.090516928509,1.008759249525,0.023540497936,0.577711284161,0.437641873956,-0.000396620482,-0.416272762082
644,1,0.182846458312,-0.000627311437,-0.136389766447,-0.182846458312,0.000627311437,0.136389766447,-0.001132022220,0.445930798572,-0.255218487827,-0.079777558597,0.440851791737,0.218615466712,-0.053029920931,0.823711083511,0.364186223807,0.014148101194,0.825773029550,0.596249244583,-0.004369307474,0.865330794220,0.408079470159,0.080903800460,0.878495021598,0.593258909017,-0.141928097561,1.003003050570,-0.177257602598,-0.090367314967,1.004855761965,0.001680213629,0.577699333429,0.437914147973,-0.000395365059,-0.417619223147
645,1,0.191326364349,-0.000753503707,-0.135359280908,-0.191326364349,0.000753503707,0.135359280908,-0.001327794105,0.467510829269,-0.280829794894,-0.083287515813,0.462139964943,0.221061679242,-0.056615997745,0.863718546638,0.343879455095,0.014522710626,0.865470588612,0.616247259931,-0.006376134311,0.907384812014,0.389443840739,0.084382691641,0.920526772348,0.614784794055,-0.148773525237,1.051350095011,-0.188115385976,-0.092437716582,1.053449044886,0.000613828032,0.577554762363,0.437946915627,-0.000384109095,-0.398443422064
646,1,0.192195609929,-0.000695653655,-0.136434405413,-0.192195609929,0.000695653655,0.136434405413,-0.001983079292,0.469663403766,-0.281335138837,-0.077720415164,0.464448107574,0.234545585357,-0.085147240059,0.867270087287,0.356283357638,0.037988722351,0.869924072175,0.621390398522,-0.042401850444,0.910923858555,0.403160770490,0.090040585813,0.924754789152,0.619028087190,-0.156498828668,1.056937859731,-0.151421198257,-0.067929511219,1.058859031264,0.008373398201,0.577443927526,0.438149988651,-0.000384148210,-0.396191230531
647,1,0.191669457708,-0.000665414202,-0.135060176556,-0.191669457708,0.000665414202,0.135060176556,-0.001902512782,0.468232094544,-0.294190583382,-0.075662104861,0.463379005967,0.231270453193,-0.083954755243,0.864993210623,0.346654360136,0.035614631043,0.867673178140,0.616129776648,-0.041986608020,0.908623580081,0.394235302790,0.089189216886,0.921964283075,0.613739478560,-0.154898550358,1.053999060384,-0.167708472585,-0.069790370476,1.056120100983,0.007900672676,0.577396810055,0.438272505999,-0.000385483727,-0.397131879622
648,1,0.193706087301,-0.000833718372,-0.134438637332,-0.193706087301,0.000833718372,0.134438637332,-0.003304406632,0.470318692952,-0.312939920009,-0.071069955228,0.468100735969,0.215856579424,-0.130837764741,0.870325246506,0.349015797743,0.056577407897,0.874245718699,0.616125200872,-0.096143196112,0.909593774961,0.395929655215,0.116447428803,0.927777574853,0.615548182784,-0.187056147561,1.061735886678,-0.170429644455,-0.054426130240,1.063931617219,0.008376016799,0.577083200216,0.438329905272,-0.000380467623,-0.394209870170
649,1,0.187112020126,-0.000946889955,-0.128149493776,-0.187112020126,0.000946889955,0.128149493776,-0.005767984667,0.444528364878,-0.305870493800,-0.065163271289,0.446049160325,0.187904355095,-0.146612833365,0.830316077758,0.303838621264,0.069014750688,0.835141068246,0.575256781080,-0.131675563170,0.868387330459,0.343325122745,0.129730128159,0.885420960906,0.572938505895,-0.194370860481,1.013421869612,-0.242134411122,-0.037435159084,1.015209597846,-0.039161961713,0.575968414545,0.438327431679,-0.000378755853,-0.413094974187
650,1,0.200032041704,-0.001391484991,-0.127590184685,-0.200032041704,0.001391484991,0.127590184685,-0.008516580375,0.470399630831,-0.315963974397,-0.068756450340,0.472182461426,0.195159284672,-0.163706429010,0.879044971314,0.308290101232,0.073220403263,0.884490497248,0.603882615398,-0.149816028645,0.919109072951,0.347928532390,0.135051633287,0.937217173431,0.602375377070,-0.210521968149,1.073800456393,-0.255836648765,-0.045830107683,1.076348252271,-0.035219960606,0.574767038226,0.438492149115,-0.000366725028,-0.390058030568
651,1,0.200437631298,-0.001894689435,-0.130950476596,-0.200437631298,0.001894689435,0.130950476596,-0.014728993732,0.468712450653,-0.355407958047,-0.075215517412,0.470901751166,0.226235346291,-0.175964134500,0.897868321899,0.147818188075,0.082219132831,0.888934398862,0.695961526190,-0.169012804747,0.941285516540,0.173039495466,0.138216700004,0.939107479896,0.698643088253,-0.231336556905,1.090445332339,-0.490009450572,-0.040959349775,1.076361233202,0.058616117208,0.572093203664,0.438419938087,-0.000370372087,-0.391583339326
652,1,0.208751283233,-0.002802572192,-0.163272990649,-0.208751283233,0.002802572192,0.163272990649,-0.019775526225,0.488811286239,-0.448833524481,-0.081710847643,0.488518454915,0.299734326986,-0.181218365404,0.977537471820,-0.031240885605,0.088192595747,0.925847466231,0.857981114333,-0.170495761295,1.030846004494,-0.014544180131,0.155500009400,0.979044946682,0.867616430539,-0.270455679035,1.163643040797,-0.727843532654,-0.048805837579,1.117620006538,0.238822261231,0.570905134082,0.438148304820,-0.000380689278,-0.378392014981
653,1,0.208962739046,-0.004511615128,-0.167168661589,-0.208962739046,0.004511615128,0.167168661589,-0.021693383117,0.488069133026,-0.429342272529,-0.085163809428,0.489819882083,0.291610926686,-0.176686592343,0.970305067090,0.073886303218,0.083138862751,0.929103634684,0.815144745371,-0.169504829635,1.018490959305,0.102299354186,0.152173827765,0.981308159683,0.821947061301,-0.271950904289,1.161206775683,-0.571883760171,-0.035227168156,1.109486710988,0.182130045424,0.567681863904,0.437186226249,-0.000377025455,-0.379434027604
654,1,0.211257894243,-0.006902165302,-0.165972650580,-0.211257894243,0.006902165302,0.165972650580,-0.008461757442,0.487453725818,-0.417060420288,-0.085569093264,0.495777698642,0.285041947923,-0.160079232022,0.968801123411,0.023766478910,0.072070420994,0.950604644343,0.788762288932,-0.161155405697,1.023437296408,0.040863142870,0.143208236289,0.991261032132,0.793384990218,-0.250590986995,1.157194977192,-0.623504801479,-0.034157377310,1.114933003928,0.170431209980,0.564677804708,0.436274752021,-0.000375352800,-0.381330624210
655,1,0.198113303901,-0.008230062955,-0.135834718517,-0.198113303901,0.008230062955,0.135834718517,0.026579135036,0.454105770995,-0.323591645383,-0.079800514180,0.467362457086,0.182842634972,-0.093498091307,0.906716482230,0.069896002289,0.062341185513,0.901996970529,0.560027970313,-0.090837476765,0.961320808011,0.091962724990,0.122776266168,0.940592094905,0.553444705177,-0.158202195395,1.073711523738,-0.526018069091,-0.021268593777,1.063077790324,-0.059417365056,0.562876835465,0.435534209013,-0.000378809869,-0.409900106878
656,1,0.194008658384,-0.009936567928,-0.084014745061,-0.194008658384,0.009936567928,0.084014745061,0.065014513163,0.440724609097,-0.313083702637,-0.072780271662,0.461210499800,0.132537027656,-0.048756426906,0.898587888947,-0.028468449653,0.039783729175,0.889519454865,0.508073210175,-0.056724139161,0.945861949965,-0.028020879139,0.077603034263,0.931837172584,0.501281556728,-0.062213257710,1.038190479942,-0.643201454519,-0.027241704568,1.028086320644,-0.086561544761,0.560012832284,0.434719845653,-0.000402754173,-0.423673565137
657,1,0.195465991073,-0.011908207150,-0.094639126194,-0.195465991073,0.011908207150,0.094639126194,0.089052789386,0.438724689892,-0.433226818142,-0.077786940647,0.461773389585,0.174512266906,-0.006022570582,0.908436217642,-0.285843348657,0.028444384040,0.882599579298,0.576576391532,-0.000305093055,0.958753275708,-0.301325856370,0.068590363799,0.929517389907,0.567787880154,-0.050130690276,1.036864816279,-1.017016133473,-0.034874213153,1.011457750079,-0.084856352125,0.558028340340,0.433387860656,-0.000375891104,-0.424724508501
658,1,0.206514121719,-0.015875371799,-0.081691744194,-0.206514121719,0.015875371799,0.081691744194,0.125122974401,0.442634965011,-0.559302732854,-0.085724260238,0.473480584647,0.159955591257,0.045512763711,0.949654245493,-0.669158379530,0.029792359771,0.920337955507,0.447975203727,0.046721652592,1.009640434271,-0.711187102859,0.065052010600,0.976401426220,0.426385525262,0.017044223949,1.080552903970,-1.415219788868,-0.011696565581,1.039798009834,-0.191519741650,0.555190339684,0.431485816836,-0.000356808305,-0.405684116115
659,1,0.199904581809,-0.016919267049,-0.081421344202,-0.199904581809,0.016919267049,0.081421344202,0.140717047362,0.427489600532,-0.520489659432,-0.088218219265,0.454874726171,0.168997063586,0.113543441397,0.915971857183,-0.465648996238,0.032986670552,0.870528913716,0.714126684402,0.115190313702,0.976591550173,-0.492231944161,0.076546663045,0.926796411971,0.720600322091,0.103823189657,1.043105402121,-1.226053350476,-0.010007045445,0.992355018360,0.099967626968,0.553079590201,0.430452361703,-0.000359116122,-0.419870734434
660,1,0.166033687115,-0.014332994236,-0.053226956584,-0.166033687115,0.014332994236,0.053226956584,0.137865145388,0.351351559109,-0.409674588359,-0.077019480465,0.372766446013,0.142090691719,0.133727417556,0.750859224138,-0.293751820606,0.026506496724,0.695836725524,0.794345668704,0.130724710699,0.799280679713,-0.293074284956,0.069558537695,0.737142248302,0.818684739735,0.172006664991,0.856019944222,-0.842650350158,-0.008301591015,0.815592172554,0.287086558545,0.550486385822,0.431064531207,-0.000375653617,-0.510857505826
661,1,0.176783599096,-0.015937585126,-0.085963090755,-0.176783599096,0.015937585126,0.085963090755,0.164434541861,0.376701090494,-0.417115499653,-0.084628972262,0.394938660062,0.254414573657,0.244791654606,0.796535609649,-0.274650697885,0.027112678751,0.736377170671,0.963807310191,0.253602355188,0.848517963122,-0.289173305569,0.081380191235,0.781314875859,0.987619984352,0.194797332523,0.910124280235,-1.032397008493,-0.020928524437,0.865852264722,0.376268483511,0.548028483987,0.431521788239,-0.000381540507,-0.481446817460
662,1,0.180665319930,-0.016842924701,-0.087718520807,-0.180665319930,0.016842924701,0.087718520807,0.196038750196,0.381838513770,-0.584748075756,-0.087822299979,0.402438997564,0.268697292004,0.314333178590,0.810980828397,-0.597186246835,0.022157404486,0.749217938129,0.988260249606,0.320011776415,0.862994205303,-0.629657294784,0.082461041140,0.796186257312,1.015531995386,0.261911433189,0.926896668342,-1.370929747434,-0.030051812296,0.884228482059,0.454656325613,0.545355111361,0.432012706995,-0.000379601493,-0.471444307672
663,1,0.189346950650,-0.018637968392,-0.084444479619,-0.189346950650,0.018637968392,0.084444479619,0.237288564847,0.395040391409,-0.562745228636,-0.095299851529,0.416576959135,0.275110827538,0.357008521334,0.840551810448,-0.533512387859,0.015443816441,0.777630114924,0.957289088687,0.366521717836,0.893983987882,-0.563654348094,0.077097796117,0.826671788661,0.977779794127,0.341075186621,0.960764606764,-1.302844107457,-0.049628273497,0.917803022940,0.394755670842,0.542166337371,0.433114215732,-0.000365665182,-0.453106240398
664,1,0.194384901954,-0.019059846105,-0.083038576791,-0.194384901954,0.019059846105,0.083038576791,0.277194013025,0.410842914526,-0.484772025749,-0.099645048975,0.431678854729,0.280094938169,0.413794139044,0.865829370592,-0.392351125292,0.008524206929,0.805058534122,1.016160284498,0.415739800079,0.921248282408,-0.425477598662,0.072647306104,0.860694127994,1.040626700653,0.432755107849,0.985361612574,-1.338565264460,-0.063952752074,0.946619213856,0.427010764972,0.539023905993,0.433190748096,-0.000373126939,-0.439300880605
665,1,0.190176938599,-0.019038650924,-0.081121579973,-0.190176938599,0.019038650924,0.081121579973,0.293941953153,0.401582751303,-0.465611790282,-0.100541952390,0.420611117160,0.302312476330,0.430120670155,0.842220679510,-0.351949928783,0.002829253237,0.783795017723,1.145503259222,0.428558993537,0.897230508538,-0.393425138932,0.070505919295,0.838309840703,1.178605829653,0.474535888167,0.956765502425,-1.172454764382,-0.072604668216,0.922293529906,0.527357478271,0.534803554416,0.433807536960,-0.000373184681,-0.450581526137
666,1,0.190699341478,-0.018351496717,-0.064873872152,-0.190699341478,0.018351496717,0.064873872152,0.312000937733,0.404004277685,-0.332957421454,-0.102530130550,0.416436438664,0.290295141443,0.436292152649,0.827129068692,-0.090576697046,-0.005495353575,0.776938185863,1.035993976778,0.425610591621,0.884923538229,-0.103851666078,0.061422183164,0.831039875692,1.061434682898,0.501210996220,0.941864188151,-0.823905016414,-0.081425957023,0.914935514836,0.446514295500,0.531359940767,0.435078516603,-0.000355657190,-0.452993270156
667,1,0.182878735127,-0.017351380789,-0.057517254287,-0.182878735127,0.017351380789,0.057517254287,0.310652122566,0.388196351513,-0.299075940932,-0.104554574901,0.400148215316,0.274999904115,0.429137683251,0.783744656989,0.034994428421,-0.015955085668,0.741469703740,1.044705798083,0.417348883987,0.837333045568,0.033797728633,0.048616711707,0.793914251781,1.074648382650,0.531884938555,0.897317662698,-0.670520051256,-0.091957619231,0.874027595860,0.466361201251,0.526662573218,0.435628041625,-0.000357515179,-0.474089735646
668,1,0.183054662637,-0.017021561976,-0.043575296173,-0.183054662637,0.017021561976,0.043575296173,0.310931034969,0.384502016014,-0.310655317674,-0.106811553827,0.405023897438,0.271916856578,0.429974421958,0.770485760817,-0.032430373076,-0.027321851373,0.734030123187,1.117797346124,0.411481287703,0.824107394709,-0.037103360447,0.034356947629,0.783813344258,1.159975024048,0.544305624772,0.884950369069,-0.731767873663,-0.100152123797,0.869033561149,0.579251427965,0.522474661469,0.436108410358,-0.000342292711,-0.478292135126
669,1,0.187986031579,-0.017462819294,-0.030152529699,-0.187986031579,0.017462819294,0.030152529699,0.323904706241,0.396309815193,-0.297774316481,-0.114630447094,0.416539208079,0.202295926124,0.443364719658,0.790753794226,-0.054263364390,-0.035979855419,0.755437498297,0.962862076747,0.423700179703,0.845047275861,-0.062801589941,0.028757152111,0.806544149858,0.993655636878,0.557720917730,0.910771990345,-0.731489748495,-0.111563937685,0.898677326280,0.438411266062,0.518666684628,0.436183467507,-0.000353541691,-0.464667949113
670,1,0.186097700071,-0.017043362949,-0.030377299671,-0.186097700071,0.017043362949,0.030377299671,0.315646703600,0.392438108004,-0.222471353542,-0.118471714785,0.416627168781,0.203562977983,0.421716685728,0.775407094234,0.136425808899,-0.048090198964,0.748187751598,1.015593268872,0.401325721593,0.826590122660,0.136555024103,0.011392890080,0.795464577199,1.050419812660,0.518487181799,0.896892865406,-0.565691274138,-0.119402102433,0.890663302262,0.448383094704,0.513505607843,0.436621993780,-0.000353726093,-0.468374186750
671,1,0.184728813236,-0.015930875516,-0.031632288089,-0.184728813236,0.015930875516,0.031632288089,0.306642157202,0.390203550073,-0.188788359029,-0.122717103844,0.413857091129,0.201474412633,0.398349177364,0.758103394718,0.305874025153,-0.059919181711,0.740828679899,0.993860006082,0.382610026415,0.800770458283,0.321039548824,-0.006026999822,0.787114114657,1.025311797917,0.474819222923,0.887782924911,-0.405895585500,-0.130204681928,0.882417161817,0.373615790096,0.508052051067,0.437317714095,-0.000354974065,-0.472159389351
672,1,0.181179357787,-0.014879046743,-0.031179216557,-0.181179357787,0.014879046743,0.031179216557,0.290834741408,0.383313630398,-0.206475206619,-0.125845534824,0.408441422179,0.186403418959,0.375635659572,0.739878733204,0.291354914212,-0.069625137500,0.726127095541,0.977043758366,0.355632364324,0.782593288133,0.309599415332,-0.017190136145,0.769572587563,1.010063289689,0.460202811802,0.871523430411,-0.361048730144,-0.140234727220,0.866459204565,0.378248843584,0.502947583795,0.437713861465,-0.000360338483,-0.480629290240
673,1,0.175653085118,-0.011721523757,-0.028009572350,-0.175653085118,0.011721523757,0.028009572350,0.267305890354,0.367702333612,-0.108506732991,-0.127202387000,0.388973219856,0.178628111318,0.339682471613,0.701853222227,0.438464336833,-0.080568852146,0.696076567199,0.936546786809,0.320921551863,0.739811410946,0.462767053413,-0.032568281435,0.736968671263,0.969672365991,0.432139144254,0.834454023044,-0.125374559680,-0.149501126059,0.831914163873,0.365395012250,0.496458888054,0.440361440182,-0.000371687580,-0.497491703114
674,1,0.175133283831,-0.010879609211,-0.028336372912,-0.175133283831,0.010879609211,0.028336372912,0.257243070680,0.373758281547,-0.087956587519,-0.131490602847,0.389336835493,0.180655469217,0.325234413029,0.700257318146,0.499593461237,-0.091970852940,0.697144472677,0.970225333358,0.306523510173,0.738656222163,0.526896051146,-0.042814477001,0.738276627417,1.005939143297,0.428865223498,0.834726921089,-0.074575820036,-0.168516440552,0.834770984419,0.423652690976,0.490869596601,0.441525459290,-0.000370295253,-0.495089689081
675,1,0.161064497061,-0.008981389764,-0.026528599222,-0.161064497061,0.008981389764,0.026528599222,0.228180453127,0.343872738132,-0.048805392028,-0.122775713794,0.357137985159,0.167798481518,0.287095443977,0.637864378939,0.655144390185,-0.093606822547,0.641564617503,0.982338887134,0.270734473137,0.669992240020,0.695545090023,-0.047997927315,0.678915770196,1.022946493967,0.388770973327,0.767100774758,0.101935872345,-0.166906844634,0.769036975786,0.442372708364,0.486165970564,0.442132130265,-0.000368283596,-0.536971008486
676,1,0.165735015100,-0.008556554698,-0.018413820407,-0.165735015100,0.008556554698,0.018413820407,0.222213145954,0.353393554877,-0.016199473161,-0.131527364394,0.364554226391,0.151449439361,0.279036324208,0.649804878204,0.560539015752,-0.108991861870,0.658874305024,0.875101894200,0.263105534711,0.682735432045,0.590428732580,-0.063398330435,0.696680746578,0.907747718434,0.394178436706,0.787695456619,0.087811389835,-0.184690978348,0.790721029071,0.414843918519,0.479427129030,0.441757574677,-0.000399143435,-0.523239615098
677,1,0.173931958844,-0.007695542633,-0.014457421702,-0.173931958844,0.007695542633,0.014457421702,0.226190531096,0.370636105659,-0.060120447542,-0.142243930166,0.382057386829,0.109879730027,0.280729982088,0.681811876533,0.474281222704,-0.125105051251,0.690536989919,0.740850228980,0.261566212309,0.715211961644,0.496124421453,-0.078103655345,0.730492743192,0.760549402904,0.400990351278,0.824214632163,-0.087300149891,-0.205440290573,0.828078413871,0.220698085985,0.473483473063,0.440864071250,-0.000403983518,-0.501191695173
678,1,0.158836785193,-0.007114737592,-0.012659035654,-0.158836785193,0.007114737592,0.012659035654,0.202288514371,0.339787191472,-0.047408522185,-0.135898868143,0.349209990470,0.110458030329,0.245546746844,0.626376851536,0.558476629672,-0.127241553013,0.632783718223,0.821022443628,0.226231251637,0.659004756556,0.589559395367,-0.085977699259,0.669367240963,0.852097687479,0.354789372585,0.755408630616,0.008451178116,-0.200706746937,0.758820822377,0.248539548122,0.466709867120,0.440807700157,-0.000388804823,-0.546770262860
679,1,0.216734872022,-0.009621776413,-0.004004634505,-0.216734872022,0.009621776413,0.004004634505,0.275557979648,0.462014710442,-0.086034812703,-0.193078550723,0.474413730411,0.087622768711,0.318544167998,0.853202041953,0.409712626924,-0.187683652317,0.860432432739,0.765236365208,0.290228138044,0.898688231086,0.425254558998,-0.132242802810,0.910169282597,0.783124599471,0.470506252083,1.027187811909,-0.007904962621,-0.290864936987,1.031842112034,0.192617457839,0.459967941046,0.440693587065,-0.000401766272,-0.402247779961
680,1,0.209091093023,-0.008514380266,-0.004374150946,-0.209091093023,0.008514380266,0.004374150946,0.262370040274,0.451830493054,-0.093729479803,-0.192736850143,0.458030098566,0.098343171641,0.295849198788,0.824473250925,0.438013223065,-0.194084453503,0.830822351486,0.839960053458,0.267638595201,0.868591903356,0.459375764885,-0.141410359785,0.879131017934,0.864924509519,0.446415342766,0.991836395151,-0.094114538740,-0.295432646012,0.996757846631,0.236443993489,0.454297572374,0.441012308002,-0.000401554862,-0.416249564693
681,1,0.199704219430,-0.008017954163,-0.004499622444,-0.199704219430,0.008017954163,0.004499622444,0.245627471822,0.435983597478,-0.098624036032,-0.193168001166,0.438967777460,0.101857909851,0.272457778875,0.791198570862,0.592264557543,-0.198878231214,0.798295079649,0.978748544271,0.244805817877,0.834568524848,0.632886721311,-0.148685584291,0.845472037128,1.019197199603,0.417385343815,0.951305991206,0.001318603592,-0.297326037125,0.956237015644,0.366486189355,0.448753714561,0.441702976823,-0.000402858539,-0.433186182998
682,1,0.193642542387,-0.007418999511,-0.004410565557,-0.193642542387,0.007418999511,0.004410565557,0.230868586020,0.421505495382,-0.003616606722,-0.189471096914,0.422863331804,0.125006840545,0.255029899707,0.762779472888,0.684196544347,-0.198276464398,0.769416044375,0.988066189202,0.228159614773,0.801938296873,0.721560667416,-0.150868173708,0.814392650684,1.027334627425,0.392568962154,0.916715949506,0.115120940092,-0.294046928518,0.922710096626,0.415656888849,0.445449247956,0.441922485828,-0.000399379351,-0.449151838583
683,1,0.232574679728,-0.008885229827,0.003213378119,-0.232574679728,0.008885229827,-0.003213378119,0.275788990758,0.513136892799,-0.031573167460,-0.235707139570,0.513193395878,0.092725113678,0.300531946396,0.925900895969,0.464687203547,-0.248368658476,0.933983733788,0.821124036306,0.267959692393,0.974275580035,0.480321371950,-0.192212808298,0.988139439378,0.840086694818,0.465924667011,1.112008031507,-0.042611651534,-0.366571971854,1.119901076934,0.242781987253,0.442039564252,0.441845506430,-0.000403184531,-0.370267087600
684,1,0.201439232224,-0.007351115797,0.001965450714,-0.201439232224,0.007351115797,-0.001965450714,0.231874082081,0.447040746337,-0.027869888742,-0.209142236765,0.446358198095,0.103188740094,0.251325030986,0.805736397977,0.671233840621,-0.223825194437,0.809907246791,1.041902927547,0.222943691832,0.848526041413,0.709588177478,-0.175881173494,0.856872208356,1.086740564875,0.399994149935,0.964296949625,0.063873613931,-0.327428950478,0.971225226297,0.433906844740,0.438148766756,0.442039668560,-0.000402041580,-0.426765290808
685,1,0.208697736583,-0.007154374697,0.001532683449,-0.208697736583,0.007154374697,-0.001532683449,0.232881645120,0.462330388555,-0.068717976452,-0.218703323037,0.461854007673,0.062413530265,0.251283011541,0.833486961937,0.541665703063,-0.237996026959,0.839951739219,0.862716824017,0.222309381954,0.878034781770,0.569506845372,-0.189218811043,0.888543599664,0.890494015802,0.403974271880,0.997216761276,-0.031760113063,-0.347627002859,1.005111402991,0.258665035878,0.434638246894,0.441826939583,-0.000400691119,-0.412895091484
686,1,0.191266684462,-0.006581937851,0.000397812401,-0.191266684462,0.006581937851,-0.000397812401,0.213651678597,0.423143430982,-0.066671619540,-0.202413740659,0.424205263566,0.095931099673,0.226629286475,0.765207862885,0.631423033754,-0.221751546864,0.772157269000,0.957417295219,0.200061745054,0.805928711904,0.673628593660,-0.176907104458,0.816986476128,0.994318064070,0.366278818513,0.914650962338,0.078352363547,-0.325010294397,0.923937989904,0.374407616098,0.432917311788,0.441818997264,-0.000391788264,-0.449912006141
687,1,0.234126729355,-0.008009204000,0.006025683833,-0.234126729355,0.008009204000,-0.006025683833,0.258478454537,0.512218170224,-0.082596468148,-0.248690204290,0.514653238267,0.092440657967,0.271324362667,0.928498275977,0.547421499038,-0.272430751503,0.936663549355,0.913616193038,0.239135817014,0.976387143843,0.577767228592,-0.218630052765,0.990583349440,0.941079501207,0.439952262111,1.109730023322,0.050768602195,-0.398052777614,1.121012505256,0.331025139010,0.431534409523,0.441804140806,-0.000399187265,-0.370835784575
688,1,0.206048702752,-0.007029844001,0.005044151889,-0.206048702752,0.007029844001,-0.005044151889,0.230345888593,0.449345362308,-0.049280755036,-0.218557021672,0.452383189632,0.119728808028,0.236570767620,0.814974437815,0.749087981720,-0.238914190064,0.822020650636,1.119542684314,0.208245229143,0.857118506411,0.796907162748,-0.193141605497,0.867928560195,1.169277370127,0.384023784587,0.973948846709,0.149126804113,-0.350780967739,0.984320611210,0.507043360551,0.430842712522,0.441930621862,-0.000402579200,-0.422396882919
689,1,0.201963777840,-0.006530797208,0.002262202514,-0.201963777840,0.006530797208,-0.002262202514,0.226480236951,0.439873876857,-0.024798508553,-0.212216098961,0.442947266321,0.133264198948,0.231937716880,0.798079635961,0.845423319050,-0.233081414487,0.804810592337,1.190947427004,0.204070905481,0.839247224383,0.897251351618,-0.188270349032,0.849797643148,1.244619645200,0.376431846839,0.953641158933,0.214116968538,-0.343349777114,0.964014349117,0.556297302934,0.430975198746,0.441883802414,-0.000403387763,-0.431492252179
690,1,0.196342867285,-0.006415701950,0.001764845775,-0.196342867285,0.006415701950,-0.001764845775,0.220250945116,0.429889253435,-0.009824856885,-0.204973425250,0.432618923298,0.143743717403,0.225653506630,0.779925717075,0.803290926085,-0.228026053677,0.785920066699,1.134312218150,0.198564095677,0.819241459605,0.849644874205,-0.184615536623,0.829217431925,1.181478458838,0.363718495516,0.931396230642,0.189852750480,-0.335802698590,0.941824675413,0.518843007677,0.430766269565,0.441518858075,-0.000401465746,-0.441957478663
691,1,0.196641484029,-0.006518496636,0.001433172404,-0.196641484029,0.006518496636,-0.001433172404,0.220230777005,0.426798609478,-0.013811746182,-0.204316190776,0.432793532902,0.143595053684,0.226450918624,0.781485054152,0.773144992672,-0.228448371030,0.787339376591,1.098601627269,0.198896975033,0.822190457235,0.817741166698,-0.185021170605,0.830994158820,1.142611828797,0.364208683469,0.933182035684,0.186368884982,-0.336507588320,0.943450094494,0.501786004901,0.430732369423,0.441373080015,-0.000400022232,-0.441308683415
692,1,0.219032079975,-0.007323585515,0.001289250045,-0.219032079975,0.007323585515,-0.001289250045,0.246148808309,0.476145871418,-0.082084568287,-0.227132035395,0.483586258609,0.139189810363,0.253025205963,0.872211173995,0.629687847675,-0.253441311934,0.878799179882,1.029761359321,0.222511069078,0.916871258221,0.666609444555,-0.205306076805,0.927406287762,1.063888897546,0.405652635528,1.041291534525,0.026996786209,-0.374214546208,1.052592999808,0.410524064778,0.431087777019,0.440843433142,-0.000399202745,-0.395997778731
693,1,0.242924334909,-0.007734932590,0.009885780682,-0.242924334909,0.007734932590,-0.009885780682,0.273444452144,0.528027340171,-0.090543974378,-0.251139707424,0.533671800052,0.144690933312,0.281306128091,0.966609415758,0.489615175636,-0.280159179984,0.974802927338,0.908466881841,0.247397983221,1.017037918800,0.513252811563,-0.226856548142,1.030245928220,0.929910205621,0.450383684323,1.154783666310,-0.056671916737,-0.414904472531,1.166386816143,0.338812734753,0.431381717324,0.440681934357,-0.000404372928,-0.357176337062
694,1,0.176245788829,-0.005820843088,0.003734099379,-0.176245788829,0.005820843088,-0.003734099379,0.198624291325,0.383589267344,0.039618430412,-0.181932902238,0.387803235432,0.190596207489,0.204065012795,0.702001389077,0.807449249166,-0.203256399248,0.707587039860,1.141117511805,0.178747423746,0.738597554020,0.850313152847,-0.165712200455,0.748001008554,1.188463872089,0.326543055735,0.838335194952,0.191997448135,-0.301098577865,0.847886242496,0.529384685326,0.431579232216,0.440359950066,-0.000383754668,-0.492286608034
695,1,0.177798337580,-0.005899615858,0.003651996325,-0.177798337580,0.005899615858,-0.003651996325,0.199923315502,0.387279481018,0.025457894676,-0.183434212222,0.391300207623,0.188122539501,0.207015349142,0.708189885118,0.716716415805,-0.203369948922,0.713881277804,1.059183317454,0.181238748098,0.745374163141,0.752750250128,-0.165543125793,0.754744022839,1.097204636765,0.328849698009,0.845812040647,0.151878117913,-0.302270159618,0.855352359044,0.485550747768,0.432292446494,0.439875602722,-0.000381676480,-0.488491869085
696,1,0.184042916781,-0.006293226343,0.000010817825,-0.184042916781,0.006293226343,-0.000010817825,0.206071546264,0.400834754038,0.019771893593,-0.189150193641,0.404836307036,0.201357099206,0.215820601861,0.732993090043,0.822968819356,-0.209498570097,0.738758975048,1.184877911652,0.188797327239,0.771910855562,0.870717720371,-0.169804195282,0.781358528129,1.235041540747,0.342724587485,0.876497273120,0.222295118199,-0.314387318232,0.886366414472,0.588885107120,0.432843670249,0.440046727657,-0.000374634110,-0.471781309559
697,1,0.232705435180,-0.008370452812,0.001165012012,-0.232705435180,0.008370452812,-0.001165012012,0.265291756716,0.509440532581,-0.070443557698,-0.237079335713,0.517915095302,0.190092425021,0.280319785417,0.931186004999,0.735690642370,-0.260140523594,0.938270295061,1.198264056132,0.246291658020,0.980226990108,0.780921140560,-0.209698188594,0.992041739084,1.242690812975,0.441463383658,1.113430843803,0.113688012347,-0.393445838295,1.125956301447,0.572801778349,0.435096517205,0.440198838711,-0.000388507076,-0.371276972244
698,1,0.211161929087,-0.007864980277,-0.000058888215,-0.211161929087,0.007864980277,0.000058888215,0.245039936885,0.465253002717,-0.063864986184,-0.212829296836,0.473743741048,0.177310360136,0.263007016412,0.852732249272,0.726002043123,-0.230825718514,0.857488171871,1.195534341868,0.232018256900,0.897987236118,0.768669565709,-0.184159080768,0.906322314337,1.244465166722,0.410040023261,1.018481367416,0.092644811163,-0.352440133150,1.029887982036,0.543964106475,0.437865272164,0.439807817340,-0.000387956839,-0.406273174015
699,1,0.249803911234,-0.009325872744,0.001788344997,-0.249803911234,0.009325872744,-0.001788344997,0.300751424731,0.549066776794,-0.126970096657,-0.239030665947,0.559701925737,0.167312539743,0.326256850191,1.005324634320,0.630029429734,-0.256417133976,1.011760131568,1.142601435772,0.290130379613,1.058975928849,0.668721585000,-0.200456273289,1.069521090201,1.180375717601,0.499344089602,1.201743320106,-0.038128886606,-0.400054462973,1.213674809532,0.459175915976,0.443296879530,0.439661189914,-0.000397501470,-0.344429877647
700,1,0.224462852373,-0.008179835780,-0.002512226445,-0.224462852373,0.008179835780,0.002512226445,0.273834028902,0.493704341379,-0.073066909932,-0.208547842176,0.500032452576,0.183321018867,0.303722619115,0.898274263114,0.950722491446,-0.217515927222,0.904215712256,1.368184654095,0.271026785048,0.946225925906,1.012821190853,-0.167692510753,0.956712819505,1.429042322969,0.458397726448,1.072554141973,0.208453221138,-0.347644257969,1.083967013862,0.624873716210,0.447990253568,0.439749121666,-0.000396011397,-0.385379454471
701,1,0.222339826076,-0.008128445816,-0.002524664092,-0.222339826076,0.008128445816,0.002524664092,0.279702053209,0.493105259835,-0.071892032958,-0.199044913281,0.495694759525,0.181506104522,0.316020933003,0.890728528533,0.885845820892,-0.202972037359,0.896604872003,1.308440941582,0.282632171587,0.938208058417,0.939652605587,-0.153048735212,0.949120281593,1.362526525856,0.470041094917,1.063703456955,0.181808047917,-0.332152499047,1.075518576592,0.601549633829,0.453227654099,0.439825892448,-0.000397117838,-0.388563865222
702,1,0.220844151813,-0.008132249732,-0.004238851095,-0.220844151813,0.008132249732,0.004238851095,0.284995919912,0.490212257733,-0.038067620314,-0.189151719563,0.492144988947,0.212349394102,0.328456839260,0.884457413899,0.914606400374,-0.187462885339,0.890010948372,1.348074384589,0.295432805660,0.930843572776,0.969936033239,-0.137908047249,0.941706592296,1.405362586505,0.481392066052,1.056411194484,0.227892110909,-0.311337557062,1.067313542395,0.671473645869,0.458838045597,0.440080150962,-0.000399560900,-0.391015204625
703,1,0.225700850974,-0.009382950466,-0.003530834131,-0.225700850974,0.009382950466,0.003530834131,0.298233172252,0.506767746179,-0.120839913725,-0.190078126965,0.509157507891,0.169094358478,0.350824884138,0.913172446998,0.673176703535,-0.180821430579,0.918941752172,1.166160934295,0.316276634545,0.960999548905,0.712815775078,-0.128792348003,0.972247739548,1.207352573881,0.509858792986,1.090144168161,-0.012872790101,-0.306343338738,1.101326425681,0.489067447176,0.464234650135,0.439192906022,-0.000407664862,-0.379687021942
704,1,0.279768643802,-0.012007869935,0.004684525166,-0.279768643802,0.012007869935,-0.004684525166,0.378382180924,0.625282831805,-0.165747884369,-0.220515942185,0.628277266623,0.182457515295,0.459313045760,1.126778563718,0.584009497095,-0.198695325460,1.134302399002,1.178954875028,0.416783590120,1.186603602381,0.618581934580,-0.133617556332,1.200007623426,1.214252001061,0.656358074514,1.347090286963,-0.118552858043,-0.352911338646,1.360409107614,0.474651976753,0.472187563777,0.439548417926,-0.000418557902,-0.307116407645
705,1,0.254483838382,-0.011254248929,0.003032995451,-0.254483838382,0.011254248929,-0.003032995451,0.358795913686,0.573332874976,-0.157720682504,-0.194978908636,0.573135389874,0.168974483868,0.441585137492,1.033592541686,0.639565979514,-0.163199107971,1.040459507863,1.165900202529,0.401621892266,1.088508166758,0.680941910394,-0.102704084001,1.100931402947,1.208412784707,0.621358049156,1.235434769252,-0.083977138112,-0.306131707727,1.247551636662,0.475076768983,0.478761881590,0.439329445362,-0.000424423721,-0.335018465992
706,1,0.226927400587,-0.010199891982,0.001328236723,-0.226927400587,0.010199891982,-0.001328236723,0.321361437265,0.504594980498,-0.143644675687,-0.167802135913,0.507485096869,0.150637697510,0.405444170916,0.911280792839,0.713922842615,-0.130613914290,0.920001376087,1.229044709409,0.369531644422,0.958956611049,0.769632894584,-0.075492735539,0.973585610699,1.285803772995,0.566348915692,1.094243126847,-0.030342152273,-0.254758057503,1.104314362746,0.514512568638,0.484741404653,0.439276158810,-0.000421109573,-0.378505189878
707,1,0.252325177760,-0.011424075880,0.001394029368,-0.252325177760,0.011424075880,-0.001394029368,0.359582532496,0.557349958477,-0.220584214980,-0.176968322779,0.561972997221,0.160867155801,0.466902403086,1.007026675061,0.612724243420,-0.125485732856,1.015938580055,1.297520956113,0.426714634466,1.059959145223,0.659698900392,-0.063085854702,1.074388292063,1.354088575204,0.647565996240,1.209304820214,-0.105212805138,-0.259680107110,1.219950974224,0.569002369950,0.491982564330,0.439483925700,-0.000421865405,-0.342282251385
708,1,0.235514827431,-0.011249233971,0.001246364300,-0.235514827431,0.011249233971,-0.001246364300,0.348321356443,0.524981273323,-0.202336464136,-0.158105453069,0.529853672324,0.153730862195,0.456968821050,0.948729464726,0.629942565880,-0.104285746459,0.958071337957,1.248480645554,0.417462310290,0.996916112156,0.677332278399,-0.042155141335,1.013087001531,1.302387362223,0.629181118917,1.139529132474,-0.084920481714,-0.226871170899,1.149500534577,0.554119132662,0.498309478164,0.439658865333,-0.000421854137,-0.362724260064
709,1,0.235010502502,-0.011318441663,0.001883301057,-0.235010502502,0.011318441663,-0.001883301057,0.356398923859,0.523082279259,-0.194961070811,-0.155851845764,0.529108422038,0.144663547234,0.466342842718,0.947069542655,0.648074008473,-0.093804152751,0.957128155381,1.230503374498,0.420358163510,0.995516284744,0.695223550515,-0.030115740838,1.012334514945,1.283055523783,0.640777319139,1.138594717898,-0.060979939084,-0.215191097314,1.147816152122,0.534388014935,0.502714708447,0.439666762948,-0.000422228346,-0.363247380564
710,1,0.266808641835,-0.013055347756,0.004109226251,-0.266808641835,0.013055347756,-0.004109226251,0.405255819477,0.591008495625,-0.218846755460,-0.169378519295,0.598593840795,0.135920822665,0.537164293980,1.072756953109,0.434793987248,-0.089687163426,1.085200002738,1.041499605642,0.485488561130,1.129283610325,0.457172845256,-0.016161048312,1.149735900255,1.068837126479,0.742995101089,1.289857017851,-0.267584804031,-0.226771913882,1.299897128209,0.355874354571,0.508222550154,0.439633712173,-0.000425262930,-0.320876059657
711,1,0.268691902942,-0.013909222948,0.004214302767,-0.268691902942,0.013909222948,-0.004214302767,0.412937906644,0.596962676108,-0.239230930070,-0.160694712081,0.600468441676,0.140569285533,0.545342846275,1.085031548269,0.413479768916,-0.073980151743,1.091562507492,1.146362022033,0.491220512449,1.144146002612,0.437712556264,0.001897726748,1.156322234307,1.184746232729,0.754621268200,1.303659269829,-0.340740703615,-0.211120022804,1.305307932198,0.422710840016,0.513439208269,0.440207570791,-0.000426897459,-0.319125497912
712,1,0.237956321733,-0.012616527643,0.000180691406,-0.237956321733,0.012616527643,-0.000180691406,0.363228043245,0.527588188754,-0.212870544548,-0.133525698687,0.533060175752,0.125342440285,0.480884639534,0.969263626723,0.455193673042,-0.053869740239,0.969753704933,1.140549468259,0.433666333996,1.023167418605,0.485768356846,0.013938071482,1.027265394861,1.185406555747,0.660179022609,1.164327362864,-0.294852653245,-0.165702800537,1.158969351400,0.376964275193,0.518291786313,0.440141648054,-0.000423529156,-0.359273514210
713,1,0.229901238864,-0.012451838087,-0.009138301994,-0.229901238864,0.012451838087,0.009138301994,0.346066929633,0.511942192478,-0.239446142607,-0.127887807971,0.515217370152,0.237887370808,0.454941831271,0.949070159529,0.447248834510,-0.044342771281,0.938259360875,1.385043167340,0.406451483284,1.002985486970,0.476801306572,0.022702637049,0.994575661414,1.440981507208,0.623525611645,1.138605158558,-0.350301104772,-0.152049525680,1.122468083555,0.646906037602,0.521234676242,0.440319001675,-0.000421266071,-0.371385038308
714,1,0.229288883636,-0.013185758032,-0.008624213828,-0.229288883636,0.013185758032,0.008624213828,0.337654609553,0.512484801183,-0.237768934126,-0.120340335669,0.518540382360,0.231589038233,0.432651639411,0.957069151249,0.433431950323,-0.034424754865,0.938447526123,1.322692259665,0.373648257285,1.014662224184,0.457813419499,0.034968161320,0.994850760835,1.374298808827,0.620810150150,1.149202067743,-0.325610771845,-0.137401840301,1.119992388553,0.640582769023,0.524768754840,0.440778598189,-0.000421438483,-0.372003591191
715,1,0.230037597044,-0.013580794764,-0.010330253827,-0.230037597044,0.013580794764,0.010330253827,0.330056974307,0.518832416430,-0.301354580508,-0.114598277025,0.521161570408,0.292541862179,0.430759847928,0.994453477503,0.087799718581,-0.023437535959,0.945839778891,1.313836706886,0.375779665873,1.060096267350,0.087315841204,0.051241266357,1.006104255284,1.361160954322,0.604389973578,1.184002477250,-0.683764270091,-0.128407294308,1.128612940487,0.678101616205,0.528525486588,0.440891191363,-0.000427011168,-0.368966490194
716,1,0.233006183093,-0.014616496690,-0.034015972284,-0.233006183093,0.014616496690,0.034015972284,0.303490985679,0.532408023892,-0.461689642136,-0.113832575409,0.534185934611,0.304025031097,0.430457552997,1.039662742312,-0.121577548946,-0.012970817666,0.968980006963,1.485745386608,0.383905608770,1.102606688227,-0.126450471482,0.065217932879,1.030574592307,1.551497389532,0.551888307599,1.239080415770,-0.981909744611,-0.120768185878,1.160178742272,0.881467943304,0.532426536083,0.441046506166,-0.000442272518,-0.359255032644
717,1,0.199152116529,-0.014179896860,-0.067516001540,-0.199152116529,0.014179896860,0.067516001540,0.237820562043,0.449409359928,-0.651352311445,-0.091013323422,0.457153840602,0.268252108137,0.352756480911,0.902813733863,-0.371037521335,-0.000729817314,0.832374917416,1.348757678976,0.313548030300,0.957363348219,-0.388641289372,0.069025959511,0.885856322637,1.401073622961,0.410527997712,1.069159900965,-1.343902236232,-0.087688552707,0.995462001626,0.685633766504,0.536088585854,0.440082788467,-0.000431884080,-0.419215378404
718,1,0.206346444366,-0.016019921299,-0.071674967975,-0.206346444366,0.016019921299,0.071674967975,0.220089677934,0.461536539583,-0.698119310085,-0.094832507466,0.472492554106,0.307394270784,0.335351314391,0.957057475218,-0.630511434288,0.007303494402,0.864333269587,1.382080372878,0.285799044160,1.021370361080,-0.667338515515,0.080632589265,0.920284645534,1.432735267081,0.396177379215,1.108671179050,-1.543517797297,-0.084372338800,1.033095908349,0.764783125296,0.538750201464,0.439036294818,-0.000443280675,-0.404860585548
719,1,0.182371890354,-0.014684330200,-0.081270178942,-0.182371890354,0.014684330200,0.081270178942,0.179188002968,0.405445572632,-0.598940477998,-0.086521562262,0.422052772159,0.266021151426,0.252411654765,0.848820490315,-0.431584236075,0.010122333026,0.770915721203,1.241930090159,0.217269544366,0.904818276865,-0.456250775278,0.074351285395,0.818562338452,1.287869438667,0.285066866380,0.984499149867,-1.320922914294,-0.071032868478,0.922345852067,0.641554236534,0.540396109223,0.437422633171,-0.000432869419,-0.455465608362
720,1,0.250157017809,-0.020235493829,-0.087422165472,-0.250157017809,0.020235493829,0.087422165472,0.224702775271,0.555706517808,-0.726782266029,-0.118733222306,0.574856443683,0.287898222704,0.249729540740,1.165733892264,-0.560266276029,0.021191383813,1.055415389562,1.210167635555,0.203848806861,1.241796474483,-0.595338572131,0.107459992330,1.112418649025,1.242960008835,0.352191652027,1.356911708474,-1.466154392194,-0.082124147495,1.264754799610,0.608935802579,0.542035281658,0.436586603522,-0.000447510742,-0.330248360533
721,1,0.239878943570,-0.019392405738,-0.086024681701,-0.239878943570,0.019392405738,0.086024681701,0.189813480284,0.534081074341,-0.642111586909,-0.116949967050,0.551673811127,0.260063670842,0.193575279314,1.112678913103,-0.361961178825,0.022861852391,1.011364427457,1.248269644349,0.178819098265,1.184506574884,-0.379432824698,0.103860673395,1.066518383742,1.290048209742,0.245363538019,1.296931917600,-1.290408398052,-0.062335764779,1.210853403934,0.543842039495,0.542754337192,0.435836970806,-0.000455874950,-0.345422774592
722,1,0.246046262425,-0.019834656217,-0.086322771317,-0.246046262425,0.019834656217,0.086322771317,0.163672855392,0.546979026049,-0.634377969873,-0.117100734063,0.559828534320,0.234193064994,0.128793056857,1.145999483857,-0.424673234980,0.028509508020,1.044300147219,1.000768697740,0.122626905046,1.222606494062,-0.449574694611,0.104349144901,1.101271490946,1.016388526685,0.158217171964,1.329758051893,-1.335923019110,-0.059131201345,1.239830314353,0.265298761021,0.544711485505,0.434573397040,-0.000453646295,-0.335705278068
723,1,0.239280401020,-0.018488850585,-0.083108005331,-0.239280401020,0.018488850585,0.083108005331,0.121486767793,0.537483840396,-0.398654605180,-0.115412542465,0.549156733878,0.229718317038,0.063498188845,1.124816604725,-0.135769385084,0.014718268386,1.036516039389,0.974791473657,0.056123747765,1.198367244248,-0.148627040378,0.059742609135,1.086198370461,0.989414856733,0.045730370949,1.302669943184,-1.039784296386,-0.042676125008,1.221506040342,0.172583347127,0.545585751534,0.434265121818,-0.000451707281,-0.342669836566
724,1,0.232212644143,-0.017724963555,-0.085209177880,-0.232212644143,0.017724963555,0.085209177880,0.098869252250,0.533270792927,-0.340023674399,-0.105635270982,0.539867341476,0.207917828781,0.014770541826,1.105487502452,0.067434536737,-0.009448873173,1.065476278157,0.820105131256,0.025084424354,1.168040886618,0.070442187856,0.003481676415,1.115822219395,0.820523682804,-0.023599167679,1.268276783352,-0.826278475450,-0.036151818236,1.209236454264,-0.058927542172,0.547721490264,0.434236511588,-0.000446154736,-0.351887546783
725,1,0.229742326557,-0.016981835828,-0.087451597100,-0.229742326557,0.016981835828,0.087451597100,0.069374564702,0.536058830573,-0.313194890550,-0.100295867072,0.547914991746,0.204589760586,-0.018106373981,1.108779402084,0.130665586890,-0.035231092403,1.091837112225,0.766483086670,0.003214879568,1.168493899645,0.136539063946,-0.025091895969,1.139407903219,0.761055158743,-0.087812904414,1.268865552560,-0.739007867912,-0.049799098249,1.226586715787,-0.109653421327,0.549396634102,0.434017196298,-0.000447446480,-0.351560066392
726,1,0.213746403095,-0.015453515309,-0.063006001457,-0.213746403095,0.015453515309,0.063006001457,0.037316447808,0.500885122136,-0.302689342302,-0.092604751585,0.517437706126,0.119803210748,-0.105666414067,1.033987539804,0.191079362643,-0.025852947806,1.025999502126,0.643875839952,-0.122908239815,1.090506473878,0.204459642865,-0.018631368527,1.064998503702,0.637938284614,-0.104901858337,1.184595980958,-0.573458331748,-0.020543550631,1.193101068871,-0.175553332863,0.550429597497,0.434222057462,-0.000445592217,-0.375922363524
727,1,0.216340130291,-0.015327746988,-0.067023942321,-0.216340130291,0.015327746988,0.067023942321,0.015874056896,0.505894269064,-0.319871999901,-0.091337574398,0.525229909847,0.135365158430,-0.151160277824,1.042095032035,0.201435829250,-0.021171799959,1.037070041991,0.705754252272,-0.171611368325,1.100988783534,0.222706665967,0.020232317338,1.075845826629,0.701843023819,-0.126105425048,1.184575324857,-0.530192934091,-0.026626056470,1.201507073426,-0.094542917255,0.552091196179,0.434287533164,-0.000448371284,-0.370735694204
728,1,0.210947718088,-0.014580949871,-0.117441908972,-0.210947718088,0.014580949871,0.117441908972,-0.002216198856,0.493622463078,-0.418418333310,-0.091659979436,0.512009380089,0.249933977347,-0.169489061174,1.015047145325,0.145406899198,0.009485180357,1.001421367621,1.014048196232,-0.170782985576,1.070750904923,0.164002665658,0.060456223017,1.045186476189,1.033857173849,-0.216168483211,1.152679402979,-0.617885063312,-0.023032678775,1.167617791615,0.221696628988,0.553394719958,0.434239789844,-0.000427795574,-0.379575709288
729,1,0.225679466185,-0.014632898523,-0.128323472991,-0.225679466185,0.014632898523,0.128323472991,-0.020279432925,0.529537634131,-0.447227111369,-0.102960772353,0.548111225103,0.274795334756,-0.186248281442,1.075575533242,0.176927427872,0.030552222833,1.070627281692,1.011993376462,-0.187090651730,1.137590496954,0.202587901142,0.086674300953,1.115297335736,1.020218195725,-0.203792832868,1.219933708949,-0.592082790968,-0.021755602619,1.236357402469,0.216104637974,0.554838344455,0.434267133474,-0.000419868156,-0.353791233911
730,1,0.230991696942,-0.014527895529,-0.136577471450,-0.230991696942,0.014527895529,0.136577471450,-0.024817115370,0.543704611442,-0.520629312673,-0.105473799669,0.561468394056,0.284009436605,-0.215450376128,1.105797716161,-0.028258009965,0.039587233292,1.088204293459,1.058951685898,-0.237286193032,1.177344901391,-0.013164948670,0.101645457883,1.131105416193,1.076540698267,-0.314595867155,1.267432260755,-0.874091453431,-0.055388677262,1.258328988039,0.295910870881,0.556115239859,0.434239625931,-0.000414820388,-0.344626704144
731,1,0.193561777561,-0.011503917991,-0.111312536471,-0.193561777561,0.011503917991,0.111312536471,-0.021440550801,0.454585120823,-0.440934588197,-0.089595470701,0.468013073250,0.237105818340,-0.184095828497,0.923894144767,0.042152142875,0.041408978438,0.902693376251,1.044752196721,-0.187476318301,0.982705136700,0.061756759015,0.104007245299,0.934030993259,1.074623538911,-0.222196446763,1.062200076431,-0.726708791882,-0.035444673852,1.050943810726,0.327762944788,0.557097524405,0.433990985155,-0.000417284667,-0.412764071314
732,1,0.196239936367,-0.010712078100,-0.093607160709,-0.196239936367,0.010712078100,0.093607160709,-0.014441283115,0.458075839498,-0.381823287019,-0.087654780342,0.471834411666,0.222655027573,-0.177607995331,0.921974698756,0.365853493600,0.046275075479,0.910359673310,1.023816925714,-0.193869731509,0.977474855278,0.409188471523,0.107951483799,0.943818676032,1.047676598760,-0.182035199406,1.066027839638,-0.319744170093,-0.027338320844,1.062052930197,0.280130579815,0.558333888650,0.434680029750,-0.000404568389,-0.408394838831
733,1,0.195230985646,-0.009713062511,-0.100835506930,-0.195230985646,0.009713062511,0.100835506930,-0.006083672538,0.455314286349,-0.396872632729,-0.085749096983,0.469043956669,0.220591822153,-0.168861047424,0.899586264698,0.374998833916,0.051651601245,0.896041270687,1.049786691379,-0.175296521310,0.944140205559,0.422333441725,0.114397689810,0.928853227937,1.081385033973,-0.197102896077,1.058422010005,-0.358885359477,-0.024604677234,1.055146530370,0.298354901259,0.559919461608,0.435075968504,-0.000408520922,-0.409801540527
734,1,0.199524446803,-0.008353412662,-0.136855162733,-0.199524446803,0.008353412662,0.136855162733,-0.005464574060,0.464784236018,-0.423099742692,-0.088352629055,0.478998259944,0.243512404677,-0.158222613315,0.906708880528,0.339667388593,0.057012665946,0.912610678765,0.987487316735,-0.160738192641,0.950269238833,0.385060697889,0.128897413865,0.951140923962,0.999908531099,-0.229520064125,1.075961126228,-0.357394235629,-0.046303380834,1.071165215020,0.230715634573,0.561667993665,0.436075106263,-0.000408273190,-0.399057750639
735,1,0.193938119197,-0.007259224626,-0.130818742121,-0.193938119197,0.007259224626,0.130818742121,-0.000180689420,0.448571516620,-0.409667183348,-0.085035193266,0.462033638863,0.184073436411,-0.140765749035,0.859009816512,0.334946024644,0.059496934403,0.870564379903,0.897177233874,-0.144318704133,0.902582110690,0.378754663481,0.129510427602,0.912180448580,0.913763001842,-0.214663449199,1.032786255310,-0.338614925138,-0.048172958232,1.027519394069,0.177838076256,0.563209742308,0.436935067177,-0.000411398709,-0.411517144478
736,1,0.196617715275,-0.007360368625,-0.130743300435,-0.196617715275,0.007360368625,0.130743300435,0.000847297269,0.453286571713,-0.438966733359,-0.086095846392,0.466024813520,0.184403303342,-0.147072833214,0.866805430283,0.308911271470,0.064488704063,0.877959081916,0.908123467094,-0.147352311680,0.916009899370,0.351017090040,0.133085726938,0.920593902835,0.925173264805,-0.210100793562,1.044672088597,-0.395753254327,-0.039712527864,1.038191645034,0.167097298727,0.563546746969,0.436926648021,-0.000414822251,-0.406921018353
737,1,0.208433436150,-0.007728577163,-0.129652996266,-0.208433436150,0.007728577163,0.129652996266,-0.000126178165,0.478144549042,-0.429085513408,-0.089673726298,0.492666149768,0.195219578798,-0.158378453492,0.919124808196,0.305999323078,0.069014500591,0.928691738117,0.867487124882,-0.157211218352,0.969652136240,0.346237226343,0.139829450159,0.973654682639,0.877822506543,-0.220163707941,1.105310195883,-0.404567574344,-0.044768392426,1.098049395520,0.133092580526,0.564037099481,0.436966598034,-0.000406580046,-0.384875499390
738,1,0.227298075483,-0.008382988293,-0.142541898521,-0.227298075483,0.008382988293,0.142541898521,-0.004937115404,0.522789075593,-0.490666590298,-0.096920896947,0.538585507408,0.265804053538,-0.173694309726,1.008090103038,0.230553334964,0.078960351093,1.010007681015,1.074466915028,-0.167723580665,1.064720562628,0.271580882114,0.155333343915,1.059368587418,1.100885316188,-0.303746951613,1.222183000773,-0.512867370079,-0.049750951690,1.198763853499,0.354535756813,0.564397707582,0.437067449093,-0.000409366563,-0.351893999365
739,1,0.211858514506,-0.007704728080,-0.131833256222,-0.211858514506,0.007704728080,0.131833256222,-0.002109293425,0.486732924832,-0.490240188988,-0.089737887768,0.501387520010,0.246435640428,-0.159881237178,0.939403576580,0.322389462003,0.076867287026,0.939657564727,1.160855698157,-0.153765789810,0.989535532938,0.378656104265,0.146278190815,0.985157907518,1.203193975335,-0.264690416962,1.138476929178,-0.448463992791,-0.031330874445,1.116576489416,0.390552189266,0.564571246505,0.437258094549,-0.000410210341,-0.377591924930
740,1,0.191484045537,-0.007031593570,-0.128617270283,-0.191484045537,0.007031593570,0.128617270283,-0.000219790820,0.439825050305,-0.441271700278,-0.080371936580,0.452959549872,0.251903676584,-0.145141722119,0.850525176675,0.287716663893,0.069880778422,0.849260808577,1.056429506993,-0.140304896876,0.898688766748,0.332592293914,0.131852655372,0.892517925407,1.087419370304,-0.231213519712,1.028919822579,-0.410713105089,-0.031737080737,1.009220999016,0.366879162240,0.564869999886,0.437447577715,-0.000416103750,-0.417629604095
741,1,0.203120546003,-0.007428076877,-0.130956981727,-0.203120546003,0.007428076877,0.130956981727,0.001271172013,0.466199696874,-0.449336995392,-0.085024614294,0.480258440918,0.240226551128,-0.153523462786,0.902894213013,0.290861405692,0.074055255950,0.900578781572,1.014408440811,-0.147467567691,0.953830526886,0.335970117899,0.136897859986,0.945177583598,1.042176820976,-0.249210358158,1.094945336686,-0.441615309218,-0.019714496692,1.070344804492,0.322606033552,0.565256491303,0.437479957938,-0.000421170145,-0.393883685545
742,1,0.195439996329,-0.007243006498,-0.129326611099,-0.195439996329,0.007243006498,0.129326611099,0.002487789509,0.448427203932,-0.464446920837,-0.081268832876,0.461854708411,0.227823557205,-0.147675281245,0.868449520511,0.289350082800,0.071865507715,0.867478487831,0.969851534225,-0.144155596815,0.916352248178,0.334693924118,0.133063399028,0.909884271770,0.992394195339,-0.234241601307,1.050758906658,-0.434049467733,-0.035882180753,1.030819651495,0.184893100036,0.565551310778,0.437276050448,-0.000417305157,-0.409852542633
743,1,0.205939381154,-0.007429321035,-0.123494194606,-0.205939381154,0.007429321035,0.123494194606,0.003264499443,0.471746858683,-0.439494154035,-0.084536372674,0.486823144245,0.224619784834,-0.157097153058,0.913820405470,0.299105536260,0.076476221994,0.912717352154,1.002017046907,-0.153166722648,0.963537184157,0.345854150196,0.140907566735,0.956280463741,1.027844813943,-0.243045531863,1.104223742566,-0.431483022848,-0.030317753818,1.083384263437,0.230609626645,0.565788924694,0.437599152327,-0.000418402255,-0.389707996736
744,1,0.189994158072,-0.006851039287,-0.115522404618,-0.189994158072,0.006851039287,0.115522404618,0.003483921288,0.434702786379,-0.415251843288,-0.077707921129,0.448394512176,0.206777640846,-0.144034722839,0.842196745075,0.356169715341,0.071335609819,0.841694318390,1.002254162313,-0.140428293671,0.886521849827,0.405896611227,0.130508571074,0.883886469037,1.032096293188,-0.221718593126,1.016623035541,-0.372473669029,-0.029440731815,1.000073661136,0.237446779144,0.565927460790,0.437607690692,-0.000414956361,-0.423165755843
745,1,0.228407972366,-0.008524394894,-0.128231616998,-0.228407972366,0.008524394894,0.128231616998,0.002500205268,0.523316079596,-0.429209832578,-0.093459792008,0.539729901992,0.212384437968,-0.174449628748,1.013777253133,0.359591743255,0.086130998381,1.015474732625,0.800196758838,-0.170834717060,1.066916065505,0.399943920956,0.158655788513,1.068033777437,0.799885455492,-0.264596711215,1.223147675512,-0.439395852472,-0.040956285676,1.208687520784,0.008516695252,0.565918609500,0.437343180180,-0.000417327508,-0.352014010581
746,1,0.248699978903,-0.009094105503,-0.139120819420,-0.248699978903,0.009094105503,0.139120819420,-0.000416217600,0.570393796614,-0.473020907808,-0.101883648203,0.588681726419,0.279935572751,-0.189829357108,1.107798243412,0.243394905298,0.093337719361,1.104285853928,0.959799741034,-0.185384167895,1.162306882615,0.279153089197,0.168746902483,1.157453593521,0.971642386322,-0.296413164703,1.336356500644,-0.525826670924,-0.044124969440,1.316367170700,0.227593073108,0.566040337086,0.437537476420,-0.000414824113,-0.323071581979
747,1,0.211680169244,-0.007429616838,-0.114168863301,-0.211680169244,0.007429616838,0.114168863301,-0.001606856829,0.485449947637,-0.395434986739,-0.086928484392,0.499996048628,0.230124539497,-0.162972054106,0.941802627565,0.421925358085,0.081397416079,0.936518562586,1.132767380116,-0.161660776626,0.986034838078,0.474735220809,0.140982474246,0.980398763896,1.178910508956,-0.251575016908,1.136860493384,-0.337394582971,-0.012719100968,1.117894092971,0.387577443495,0.565945819020,0.437995836139,-0.000411821529,-0.379461694439
748,1,0.219509468795,-0.008481625604,-0.122125138103,-0.219509468795,0.008481625604,0.122125138103,-0.002479328804,0.501710879848,-0.447256679632,-0.091185287404,0.517862804494,0.216821507646,-0.171562287628,0.975487232685,0.174269550596,0.083403606708,0.972922163169,0.853817170520,-0.170446114232,1.021406869517,0.205942657080,0.146222859700,1.022395285190,0.862118334276,-0.260915649553,1.177502589297,-0.554692716995,-0.018941382886,1.163403728021,0.103269546722,0.565615564585,0.437711432576,-0.000403594226,-0.366703862595
749,1,0.204841880745,-0.008034493068,-0.158906606236,-0.204841880745,0.008034493068,0.158906606236,-0.004883263868,0.469495458350,-0.530634441102,-0.086844042288,0.483659494544,0.270949257802,-0.161264501294,0.945001239294,0.028239235270,0.076517663431,0.919830539149,1.056015642217,-0.160837825270,1.010698577734,0.048607118863,0.140960456049,0.962613570097,1.078393608997,-0.260423675619,1.116537742143,-0.851466447118,-0.026654358706,1.088916195499,0.248993663125,0.565099984407,0.437530279160,-0.000407781452,-0.392962942019
750,1,0.209788043520,-0.008645116252,-0.150401672863,-0.209788043520,0.008645116252,0.150401672863,-0.008786770367,0.481365666366,-0.530625198614,-0.090986221154,0.496993638291,0.272320156472,-0.162989824039,0.989862253051,-0.015122445734,0.073680442662,0.940760597660,1.066318060642,-0.165495744510,1.043581453626,0.002971421997,0.139341591772,0.987192519631,1.090996659344,-0.268037082062,1.151150874197,-0.815197179250,-0.029621024100,1.117519874613,0.330809519748,0.563612237573,0.437660992146,-0.000383682549,-0.385325574597
751,1,0.213026095781,-0.009507409726,-0.136623271002,-0.213026095781,0.009507409726,0.136623271002,-0.009590596162,0.482829769805,-0.501575412976,-0.096631260363,0.499848114769,0.235595043129,-0.167812131320,0.989192058332,0.050611233115,0.067134328481,0.949997964656,0.862567393160,-0.171277223128,1.044872290188,0.075812514676,0.133900958929,0.999751065789,0.869043818450,-0.245091010836,1.150204805253,-0.732639411857,-0.035999610222,1.131994820405,0.095304544463,0.561617314816,0.437884628773,-0.000375570729,-0.383695809604
752,1,0.229171409016,-0.011625969812,-0.135097916872,-0.229171409016,0.011625969812,0.135097916872,0.006654140183,0.519306417441,-0.532841802455,-0.102537067425,0.542022995154,0.210496025696,-0.175372069766,1.102492439252,-0.235865169058,0.062817987607,1.040086057377,0.888022139403,-0.183108327987,1.190147909353,-0.245486089167,0.135460036766,1.102248752691,0.900068156648,-0.254759995038,1.240552935992,-1.074735219567,-0.041638381792,1.229809269555,0.137978855503,0.559522598982,0.438501819968,-0.000362884253,-0.358332457935
753,1,0.238156441150,-0.014089100344,-0.105204564577,-0.238156441150,0.014089100344,0.105204564577,0.029907536597,0.538487564536,-0.436263617218,-0.093161953634,0.580137276418,0.193802064129,-0.116438010776,1.127615929450,-0.097561278657,0.053452114513,1.104434786462,0.745948056030,-0.136780702809,1.206236085361,-0.083727518961,0.111635009380,1.160717672512,0.743020472055,-0.182046816576,1.282839056618,-1.068565109348,0.012196555232,1.299107170252,-0.014193163469,0.557462602854,0.439173862338,-0.000393487513,-0.345391628349
754,1,0.241850423800,-0.015275561470,-0.059132846748,-0.241850423800,0.015275561470,0.059132846748,0.080455714080,0.556483942359,-0.394477308944,-0.083619599695,0.589090585569,0.117695941101,-0.062051324141,1.164797471639,-0.201929450660,0.036470098118,1.132532482614,0.512381481080,-0.079103609771,1.242927699193,-0.223277438820,0.086972321809,1.189253896548,0.489204248609,-0.019303461496,1.333946367557,-1.070746712532,0.001791673716,1.309658671557,-0.311519161545,0.555319607258,0.439721435308,-0.000424637459,-0.340892869871
755,1,0.221966122857,-0.017040924987,-0.036049269289,-0.221966122857,0.017040924987,0.036049269289,0.115173249364,0.503292574010,-0.402204658075,-0.080579585601,0.535216939328,0.119024425840,0.013023971824,1.052479872793,-0.326683674550,0.020624414534,1.025152632576,0.551216090254,-0.001148369304,1.119803925326,-0.354056533125,0.038929965257,1.077625679212,0.534537296917,0.047072673647,1.211566570864,-1.190576561422,-0.005508382036,1.181034269269,-0.275653524087,0.553175657988,0.437654763460,-0.000413124915,-0.375808922106
756,1,0.205551359954,-0.015921544179,-0.033607222457,-0.205551359954,0.015921544179,0.033607222457,0.129898619822,0.460635691501,-0.349157398996,-0.078833671323,0.480961669285,0.192597399805,0.079632706707,0.967768341125,-0.265664694096,0.022705028491,0.895410153804,0.926034863436,0.047773131360,1.023132381578,-0.242117607204,0.041991888225,0.952809097297,0.942385725905,0.142171797475,1.101011375959,-0.956003799182,-0.012722302216,1.031171320965,0.248737988410,0.550973042846,0.437545478344,-0.000414393377,-0.408523632245
757,1,0.202507088859,-0.016551141458,-0.037133695656,-0.202507088859,0.016551141458,0.037133695656,0.157136763270,0.451794586986,-0.309224262830,-0.084254144678,0.470080764972,0.296055908938,0.155236890406,0.943922944966,-0.007780254969,0.019927568881,0.852790977331,1.382763163604,0.119208744639,0.997812627432,-0.006256387622,0.046297378018,0.901512879745,1.435138640175,0.240175946152,1.073287789063,-0.934652226255,-0.019810502901,1.002081781278,0.712663408792,0.548124626279,0.438105642796,-0.000412694179,-0.416742779954
758,1,0.199241666696,-0.017176054093,-0.034976119335,-0.199241666696,0.017176054093,0.034976119335,0.181180093616,0.435602754127,-0.467465285400,-0.087841590750,0.453856537225,0.283540772959,0.216890429856,0.924622754338,-0.319603803103,0.027397217887,0.827550386099,1.258157917418,0.171506223667,0.979900729393,-0.346115957645,0.073749413918,0.875797063517,1.297468301040,0.364447860017,1.040808032584,-1.168882543413,-0.029468768021,0.978936875361,0.630726865971,0.545657902956,0.437545284629,-0.000412193593,-0.425149368367
759,1,0.235687298028,-0.020627200907,-0.038510149388,-0.235687298028,0.020627200907,0.038510149388,0.261542638152,0.513842080803,-0.534799709841,-0.104866974053,0.532572401798,0.341164870184,0.380281943084,1.087046668814,-0.467345384780,0.030183507358,0.974141693499,1.415708041138,0.337895038664,1.159990244744,-0.508526186315,0.098984155812,1.032769808701,1.462280744575,0.484636152007,1.221098135892,-1.373057322364,-0.041332834434,1.154458411447,0.800455060427,0.544611021876,0.437384262681,-0.000411685091,-0.360784900509
760,1,0.223836470850,-0.020573425601,-0.038179953443,-0.223836470850,0.020573425601,0.038179953443,0.285683962441,0.485228505766,-0.517073883371,-0.103980833870,0.501552332131,0.399044670173,0.432949676688,1.025132598477,-0.438275480540,0.022948179804,0.920364987067,1.643852037671,0.401514687685,1.094315087589,-0.476889213693,0.097513007382,0.978560964797,1.706299295201,0.529632837191,1.142435028805,-1.397881285635,-0.053254845943,1.088313988902,1.016715885653,0.542188569903,0.437801972032,-0.000412099529,-0.381270766977
761,1,0.225539216901,-0.020832398169,-0.034225634180,-0.225539216901,0.020832398169,0.034225634180,0.331738216189,0.486127312661,-0.549867933936,-0.104099890759,0.499803000211,0.433483477539,0.495653449822,1.026066842248,-0.442240711276,0.019367016872,0.917355008825,1.706268375553,0.443045291070,1.095641403812,-0.474597918756,0.099112480224,0.976767152862,1.773029461588,0.659092857764,1.133224170345,-1.345164304776,-0.061751168640,1.090529635994,1.134493538433,0.540116116405,0.438809633255,-0.000404070597,-0.379367214396
762,1,0.224678389388,-0.020826367793,-0.025051656774,-0.224678389388,0.020826367793,0.025051656774,0.366606211803,0.482622359674,-0.558524984400,-0.105579370977,0.496128179425,0.398541128303,0.538016844995,1.018231546994,-0.385855641306,0.011816107954,0.913913151472,1.530456084981,0.484427536542,1.088806642462,-0.410908827572,0.089915651219,0.975062922199,1.582007567727,0.760097192148,1.124309261470,-1.263013205873,-0.081391860258,1.085421281558,0.901116914829,0.537275105715,0.439137727022,-0.000401316676,-0.381481878886
763,1,0.230319549428,-0.021153790976,0.002520304756,-0.230319549428,0.021153790976,-0.002520304756,0.407061030843,0.488169440031,-0.522329073996,-0.110153109876,0.505758401991,0.390362310739,0.585448201125,1.019890928237,-0.368547893564,0.002783020065,0.925339643034,1.480647710771,0.532837155198,1.101175023054,-0.396381454534,0.080988267734,0.990010613886,1.529665107964,0.848965257834,1.125089458293,-1.242390497268,-0.093372206927,1.099298460183,0.878667310181,0.533870115876,0.439272001386,-0.000374404044,-0.376927589525
764,1,0.227334675399,-0.020521195690,0.017306335132,-0.227334675399,0.020521195690,-0.017306335132,0.426584271418,0.477300833737,-0.506773458652,-0.112916047016,0.496483269129,0.377168265720,0.611949085658,0.991967314698,-0.292196069031,-0.008191671362,0.905687445867,1.656326697589,0.568168001457,1.075448554287,-0.313176365351,0.067895916331,0.968077089673,1.731148360093,0.869155579145,1.099999779175,-1.190808642119,-0.102201793796,1.074511661515,1.055090938298,0.529826641083,0.439236849546,-0.000372018665,-0.385852235529
765,1,0.228238698864,-0.020579994643,0.027632720118,-0.228238698864,0.020579994643,-0.027632720118,0.443237989196,0.476945463186,-0.452017555239,-0.121416881403,0.501176665028,0.312183237885,0.625470126479,0.968563761799,-0.149132414643,-0.022220297547,0.905125387580,1.562700630103,0.598188352601,1.056207555552,-0.162152557762,0.049495278482,0.962944453569,1.627796019412,0.866955644360,1.097051981728,-1.030332147757,-0.112182955238,1.077767741082,0.932884061802,0.525659039617,0.439293056726,-0.000375689939,-0.386077746884
766,1,0.222038177273,-0.019597747260,0.028293397045,-0.222038177273,0.019597747260,-0.028293397045,0.430448715206,0.462918254923,-0.399893714645,-0.118064999956,0.485382546817,0.301524017519,0.622682114272,0.930954619696,-0.095705469839,-0.029847180283,0.876170688385,1.532096826480,0.592694141177,1.013080574780,-0.110046442006,0.039374061013,0.932063344426,1.595001203434,0.832513495040,1.062021529750,-0.990411912620,-0.116638259649,1.042564052741,0.869805573484,0.522343933582,0.439286589622,-0.000367839821,-0.399219102911
767,1,0.222784876325,-0.019074619850,0.029545112713,-0.222784876325,0.019074619850,-0.029545112713,0.431407973805,0.464263269289,-0.372776547351,-0.128303313100,0.486194816036,0.287181405674,0.600304504373,0.918427977086,0.023655755540,-0.043857068591,0.877014062984,1.512637509253,0.565582050141,0.995898206657,0.018411486371,0.025667473380,0.932622350283,1.573700392387,0.835274991204,1.063125052523,-0.855150002874,-0.129609631921,1.046345434411,0.845495607277,0.517328694463,0.439561158419,-0.000363507774,-0.398195085582
768,1,0.230424961317,-0.019297561653,0.029574352829,-0.230424961317,0.019297561653,-0.029574352829,0.447892395018,0.481565593558,-0.306165083814,-0.139743987640,0.504622438633,0.264057458619,0.609462435706,0.941783043652,0.105355254272,-0.058430352669,0.910476468920,1.374442399689,0.564977212753,1.021530533943,0.102810230313,0.013697160694,0.968211987678,1.421043635326,0.838571125233,1.098455793288,-0.704577517896,-0.151225784852,1.086037604125,0.692239521864,0.512331500649,0.439755573869,-0.000366180670,-0.383512464174
769,1,0.242088570443,-0.019895437646,0.038176409006,-0.242088570443,0.019895437646,-0.038176409006,0.467468488711,0.508152430227,-0.269460334376,-0.152011234769,0.534824642845,0.167358190696,0.621659931582,0.981164053317,0.152366573670,-0.074483409604,0.960272599383,1.067597568171,0.573892411621,1.060909541578,0.155386356944,-0.002785136950,1.021100327666,1.096529933812,0.853286237552,1.154069566495,-0.566936837665,-0.172278848154,1.145348406610,0.399467942390,0.507636263967,0.439477115870,-0.000382988714,-0.364025225593
770,1,0.270495170586,-0.022136005439,0.044121401037,-0.270495170586,0.022136005439,-0.044121401037,0.506732531088,0.569602939312,-0.260156720181,-0.182477900826,0.602130287505,0.178382455061,0.661951016195,1.083430533748,0.276665166423,-0.103701984193,1.074010785322,1.131609001152,0.602163106372,1.161146345948,0.293862596894,-0.024299025507,1.140868502632,1.163888557726,0.925245745532,1.286796039618,-0.384369259132,-0.217437145453,1.282723016451,0.465048538314,0.501231357455,0.439586475492,-0.000390456058,-0.325094439515
771,1,0.268828996231,-0.021837270358,0.044029346386,-0.268828996231,0.021837270358,-0.044029346386,0.483619079920,0.565973848975,-0.190718720216,-0.189804816045,0.598432713067,0.162328128080,0.622206091686,1.059727171577,0.410576013469,-0.122038112750,1.066608643101,1.049757476183,0.563535727695,1.127701328052,0.436283405781,-0.043510435962,1.133084182570,1.076087819980,0.875054863785,1.268209421839,-0.200045234196,-0.236985934775,1.274169466110,0.391975759484,0.494915872812,0.439632102847,-0.000397514086,-0.327253070976
772,1,0.267601636109,-0.020467833705,0.047356327582,-0.267601636109,0.020467833705,-0.047356327582,0.457579970637,0.563258139475,-0.134274582878,-0.199270691297,0.596360648896,0.142259088188,0.587985553445,1.042567979375,0.496927585065,-0.142909740745,1.062522152197,1.003252241448,0.531775532544,1.107750858975,0.525742464945,-0.067164513187,1.128680801086,1.027506090907,0.837629015912,1.249223585780,-0.107236251828,-0.257410429621,1.270009144585,0.333417310720,0.488015443087,0.440238729119,-0.000400552060,-0.327780887913
773,1,0.225609496037,-0.016254131687,0.033863580553,-0.225609496037,0.016254131687,-0.033863580553,0.361533132695,0.472353537805,-0.027822798850,-0.177863671816,0.501880897611,0.154075317813,0.468405513843,0.876377330628,0.668981750475,-0.140270752555,0.894492754113,1.107577768632,0.422823395815,0.934634556377,0.699723444573,-0.076873747089,0.950378351792,1.146817042751,0.677882510957,1.048151927493,-0.003791130802,-0.240551657551,1.068759806804,0.403599835507,0.479827761650,0.440796092153,-0.000394677278,-0.388722436088
774,1,0.186615904733,-0.013250587911,0.027816006371,-0.186615904733,0.013250587911,-0.027816006371,0.286338653124,0.392448876511,0.041613142476,-0.152820125543,0.412249908643,0.133848269925,0.375095540721,0.727511947062,0.742808717439,-0.128953188251,0.742656186983,1.003490132267,0.337861745636,0.775104702864,0.777754244679,-0.077481707446,0.787537956563,1.040749190932,0.548212240955,0.869058423581,0.147991966836,-0.212008991890,0.889144372748,0.356985852598,0.474264875054,0.440382674336,-0.000396680087,-0.467143609062
775,1,0.246333407854,-0.017006676285,0.041113489408,-0.246333407854,0.017006676285,-0.041113489408,0.359747464650,0.516435763148,-0.027121685096,-0.207506498610,0.542892469489,0.153624324247,0.473535181902,0.956343268553,0.742499685126,-0.187637374850,0.976704612449,0.957993207489,0.424712876469,1.020706807234,0.763197382250,-0.120832901552,1.035919585632,0.980998743175,0.707299330945,1.142967802581,-0.038846915140,-0.296993430361,1.170858484488,0.375003156338,0.467714607716,0.440440580249,-0.000400087796,-0.354682775705
776,1,0.225299769346,-0.014755136007,0.025579131236,-0.225299769346,0.014755136007,-0.025579131236,0.316493479732,0.477083629801,-0.018370675197,-0.201908429574,0.500501012173,0.174922444164,0.411800456938,0.876623800964,0.983146705374,-0.192283454560,0.894927279705,1.368443115483,0.366869729839,0.932679495180,1.044861425686,-0.129929457771,0.949492381809,1.429966985145,0.628488177415,1.046191790558,0.318437259068,-0.302791296883,1.075454734925,0.683579297416,0.459683239460,0.440824985504,-0.000386075582,-0.386796444403
777,1,0.221013600634,-0.014522309449,0.025678050634,-0.221013600634,0.014522309449,-0.025678050634,0.307859069640,0.473154282050,-0.034819715985,-0.207497643267,0.493403799095,0.163902485199,0.390127915015,0.866268009996,0.849042600835,-0.205336447207,0.883193955908,1.289548825192,0.345100867090,0.919433128787,0.899814885340,-0.143926224714,0.934695691628,1.341534833144,0.606694784389,1.033939396998,0.213431397324,-0.315806809195,1.063418080828,0.633508366305,0.453507125378,0.440824180841,-0.000382793136,-0.391766390230
778,1,0.218622418047,-0.014337640799,0.029952114398,-0.218622418047,0.014337640799,-0.029952114398,0.294738290516,0.473753266101,-0.003721285802,-0.220511746185,0.490721822804,0.149280492237,0.365760994177,0.860142652820,0.944560271322,-0.225509314082,0.876880073142,1.297600217960,0.320632069647,0.911934749100,1.003190706844,-0.164726345381,0.926271557928,1.356540751375,0.580291519259,1.027597784025,0.331393648308,-0.335447639369,1.057528735188,0.651586286550,0.445011407137,0.440897434950,-0.000369001180,-0.394035317766
779,1,0.213684585026,-0.013794623070,0.028431124510,-0.213684585026,0.013794623070,-0.028431124510,0.281015820925,0.463213302247,-0.006830562183,-0.221760322050,0.479757043258,0.165671762060,0.345181893690,0.841196785348,0.878580616834,-0.233513118779,0.856394767108,1.308849327981,0.303888263603,0.891462192994,0.928160738822,-0.175240059601,0.905202318132,1.363662285348,0.553420340792,1.004442315181,0.221711882904,-0.342091166757,1.033066578971,0.635435505363,0.439204588532,0.440641373396,-0.000365951564,-0.403577031639
780,1,0.259756180588,-0.016696836367,0.040595682825,-0.259756180588,0.016696836367,-0.040595682825,0.329031010912,0.560954034133,-0.023719473642,-0.278646007711,0.581180820656,0.146335249226,0.399552757960,1.018525170000,0.779945699080,-0.299267658648,1.036407270234,1.142046470513,0.351823164290,1.079102521463,0.820161065878,-0.230263135190,1.095069135856,1.180701693676,0.651319327469,1.216717598133,0.166335777815,-0.433051584804,1.250381041233,0.534835894420,0.433250501752,0.440639749169,-0.000371144619,-0.333296825712
781,1,0.247691667995,-0.016448538668,0.043047078101,-0.247691667995,0.016448538668,-0.043047078101,0.306742885614,0.534927055662,-0.000970931273,-0.270637664817,0.555841379243,0.123133681922,0.362648077126,0.972282956891,0.952507569845,-0.302753789447,0.991087682846,1.169415987579,0.315168886823,1.027450857277,1.008505296562,-0.239722190890,1.047273726825,1.229829173045,0.603033479711,1.163700958698,0.269733008755,-0.432488489599,1.195698829658,0.529919279212,0.426700368524,0.440397888422,-0.000358304940,-0.348796059888
782,1,0.246958721443,-0.016214756664,0.044189956517,-0.246958721443,0.016214756664,-0.044189956517,0.298473667701,0.531016964802,-0.009933577025,-0.269027559074,0.551365719049,0.124134879496,0.350478007940,0.965733246710,0.933040695506,-0.310843028533,0.984734345207,1.143068097727,0.301604975502,1.021284972868,0.995141689578,-0.255539643969,1.040651887857,1.187317738601,0.588444305684,1.154660174002,0.196941186797,-0.442112326851,1.186472986499,0.471102826920,0.423010393977,0.440267771482,-0.000350910705,-0.351615704428
783,1,0.245539830178,-0.016259036616,0.043953662977,-0.245539830178,0.016259036616,-0.043953662977,0.289945441367,0.528273770904,-0.016175643886,-0.267692721761,0.548911803812,0.125657861901,0.340450081490,0.961307184072,0.883450644675,-0.314165067899,0.979617749765,1.165850056217,0.290058411308,1.017240025657,0.937354155229,-0.261648619300,1.035395584123,1.210980157707,0.577088411035,1.148669642742,0.166348880738,-0.447014517488,1.179948753315,0.490079663663,0.420298472047,0.439930602908,-0.000349435955,-0.353765912464
784,1,0.278698123122,-0.018052727977,0.054524023952,-0.278698123122,0.018052727977,-0.054524023952,0.325058427399,0.592493735691,-0.023199632397,-0.304174880242,0.615579478265,0.136702755907,0.373231357436,1.080752352288,0.693329628121,-0.361928723927,1.101455602745,1.130438241165,0.316403806989,1.144210162394,0.726559332759,-0.303780386515,1.165975686165,1.165680564541,0.640228139456,1.290671308556,0.122210923280,-0.511522714652,1.325854732485,0.492975061460,0.417370989919,0.440002992749,-0.000354317017,-0.314723572823
785,1,0.274131196544,-0.017564709916,0.053381049174,-0.274131196544,0.017564709916,-0.053381049174,0.316811723921,0.579262529585,-0.022700012971,-0.301284662958,0.602237172006,0.128684192763,0.354683196049,1.055542531092,0.838242311839,-0.363457170765,1.077327086517,1.131860349548,0.298020257662,1.117228892249,0.888235040408,-0.309352104544,1.140918216544,1.159807114694,0.616484833888,1.262216527960,0.201408745077,-0.509672303613,1.296511442344,0.500384373503,0.414177879691,0.440009593964,-0.000351792201,-0.321841553278
786,1,0.263280922645,-0.016497775392,0.051112570973,-0.263280922645,0.016497775392,-0.051112570973,0.296058385571,0.553697845489,-0.025949273078,-0.292338495587,0.575862230565,0.111516073221,0.329303900637,1.007613500514,0.919748615056,-0.353151272286,1.029886088336,1.295099425028,0.272120520300,1.065928051129,0.982220293921,-0.304826792548,1.090728085089,1.359562317765,0.579208059583,1.206704782202,0.276299403101,-0.495840057448,1.239574155480,0.626183098559,0.411040842533,0.440109387040,-0.000351948664,-0.336575912455
787,1,0.224284544619,-0.013906749860,0.048224632707,-0.224284544619,0.013906749860,-0.048224632707,0.244993292655,0.471950025205,0.054124047222,-0.254925784023,0.490892956696,0.112554803719,0.272914624462,0.860213547493,0.940001130803,-0.307369356580,0.878910437446,1.251153904996,0.223676090544,0.909986481214,0.990978957746,-0.267181614807,0.930939457215,1.308535763971,0.486312133268,1.030003367368,0.302413142227,-0.430783671348,1.058015226744,0.584033129663,0.407911598682,0.440053924918,-0.000336214900,-0.394390159955
788,1,0.239452118122,-0.014376951067,0.051962041859,-0.239452118122,0.014376951067,-0.051962041859,0.261551768297,0.504402767411,0.039466286793,-0.276241119649,0.528319317827,0.109852646120,0.289285912734,0.926545419020,0.633106931180,-0.334989591214,0.947077666854,1.029860775473,0.234901948884,0.981614121413,0.656507876966,-0.292598338480,1.006295896186,1.060513038264,0.521747947575,1.107733361145,0.046920094958,-0.465794713398,1.137961266340,0.399476796222,0.405944287777,0.439752146602,-0.000335200690,-0.366947914287
789,1,0.257634572515,-0.015332222122,0.059244864172,-0.257634572515,0.015332222122,-0.059244864172,0.279745288052,0.541920784550,0.025101996196,-0.298807740894,0.569677290178,0.109593169112,0.307698580038,0.999793266704,0.443897617021,-0.364864929343,1.023192985405,0.900189855703,0.247851016612,1.060215607364,0.457013060085,-0.320692869935,1.089567062918,0.920126204544,0.558787686399,1.194365952724,-0.079718042345,-0.515592249320,1.226947575800,0.323702295665,0.404073864222,0.439628586173,-0.000340382569,-0.340448502583
790,1,0.256036742304,-0.014630484372,0.059072871061,-0.256036742304,0.014630484372,-0.059072871061,0.277569716369,0.539530430163,0.008202078737,-0.298527040263,0.567170869653,0.092304209415,0.303925611227,0.996202854668,0.515670824635,-0.367737608316,1.018647289350,1.013605174079,0.243808835376,1.056062286153,0.536412083767,-0.324537545019,1.084148440858,1.047547545988,0.552756885481,1.189059421666,-0.048337038924,-0.521397711055,1.222248571438,0.369656810527,0.403178423643,0.439380854368,-0.000338377431,-0.342210184353
791,1,0.230186534796,-0.013340884211,0.052644073643,-0.230186534796,0.013340884211,-0.052644073643,0.248523930808,0.483915774257,-0.011225786797,-0.269119099071,0.509008123526,0.086474306474,0.270504175496,0.894277231025,0.588724536631,-0.332610846102,0.913921326500,1.061708248447,0.216816190849,0.948279348661,0.622574905815,-0.293724151494,0.971451892141,1.104734153110,0.489509177809,1.066631374641,-0.021949036513,-0.471298685273,1.097153848635,0.387566937567,0.402225449681,0.439195752144,-0.000332925469,-0.381384127864
792,1,0.231964174568,-0.013077752341,0.051406113034,-0.231964174568,0.013077752341,-0.051406113034,0.250252287397,0.487016411294,-0.063073965418,-0.270727532019,0.512144003299,0.087879564110,0.272817676101,0.899744122932,0.607069832633,-0.334332465891,0.919191769008,1.067648964420,0.218926041904,0.954162160879,0.640178806502,-0.295257177112,0.976952938030,1.111179562389,0.491358869195,1.072289895132,-0.000493278807,-0.477687685565,1.104269767121,0.393029026418,0.402016445994,0.438880190253,-0.000334467739,-0.379490015541
793,1,0.237874985096,-0.013262483052,0.050138740258,-0.237874985096,0.013262483052,-0.050138740258,0.254916908380,0.501558311594,-0.071289364317,-0.280095437292,0.527166217736,0.087906912168,0.278220535818,0.928166594904,0.591105550569,-0.345957398125,0.945830901168,1.066606228395,0.221537976959,0.986744728657,0.620954334123,-0.306125533420,1.005679158123,1.105741011241,0.505936190788,1.103148354489,-0.038842180273,-0.494996439081,1.136005524338,0.388950923148,0.401178240776,0.438698053360,-0.000335097313,-0.369043669017
794,1,0.241177298146,-0.012770708095,0.046346324252,-0.241177298146,0.012770708095,-0.046346324252,0.258741446085,0.507986274500,-0.105494135397,-0.281984548773,0.533305036211,0.087277399388,0.282361191644,0.939901670702,0.575864626880,-0.348118236037,0.957386293352,1.068938725862,0.224734015877,0.999920238851,0.607436533887,-0.306902908004,1.019013983050,1.106798315328,0.506580211876,1.116144733589,-0.065824967991,-0.502931274838,1.149368178354,0.382851893283,0.401425257325,0.438409522176,-0.000333118252,-0.365009200238
795,1,0.249098062471,-0.012991187189,0.048107555487,-0.249098062471,0.012991187189,-0.048107555487,0.268026736823,0.524686711609,-0.104650623781,-0.290330598167,0.551263095974,0.090448218372,0.292276975384,0.971898861661,0.467771201877,-0.357334216664,0.989429235831,0.974404493633,0.232746690244,1.034501850558,0.484763317708,-0.316014450500,1.054940581227,0.998789749788,0.524326074729,1.152444353800,-0.160947998193,-0.511564931561,1.186710841341,0.303958430814,0.401659443974,0.438302069902,-0.000335831195,-0.353608143016
796,1,0.212759597015,-0.011113963684,0.036977707172,-0.212759597015,0.011113963684,-0.036977707172,0.228986653811,0.449054991455,-0.019604148415,-0.246439310432,0.468883448335,0.098701800740,0.249563564755,0.830881389846,0.837424361037,-0.305024205146,0.844472705545,1.194642211420,0.198679048630,0.884491795385,0.883328056740,-0.270360918192,0.900881809834,1.246024881533,0.439320915757,0.984576859952,0.114106451994,-0.436687656796,1.013820024311,0.447145244909,0.401663959026,0.437975481153,-0.000318417791,-0.414231914478
797,1,0.228515152774,-0.011948613269,0.039364129976,-0.228515152774,0.011948613269,-0.039364129976,0.247023434523,0.485810844715,-0.046497727831,-0.264441167468,0.505539364246,0.095892683224,0.269918920171,0.895350672666,0.662489327713,-0.327459945104,0.911641311614,0.959319833389,0.214684578233,0.952868005165,0.691557079573,-0.290232472487,0.972654904093,0.980473847705,0.473584116337,1.060566687334,0.008722964100,-0.469665805840,1.092032407744,0.252554200016,0.402006387711,0.437596932054,-0.000321304426,-0.384912357042
798,1,0.251869966305,-0.013081418577,0.045671371556,-0.251869966305,0.013081418577,-0.045671371556,0.274951541881,0.533827973261,-0.056211649471,-0.287030032855,0.555170313473,0.076062956900,0.300949782092,0.984557487874,0.541898486690,-0.354714234329,1.000829630097,0.920951006160,0.240518388484,1.046647433738,0.562654067706,-0.314054198331,1.066973115764,0.942816893879,0.523986886965,1.164760533797,-0.083098636658,-0.495267611027,1.196455307575,0.228668739654,0.403463661671,0.437578573823,-0.000330177136,-0.350536863106
799,1,0.290473609502,-0.015020167942,0.055786518715,-0.290473609502,0.015020167942,-0.055786518715,0.317886705227,0.623181551725,-0.072103551628,-0.329663103794,0.639518572007,0.087665845577,0.349554827123,1.136736431713,0.538905918965,-0.404243696472,1.152839945656,1.040304413876,0.283241965190,1.208478120140,0.561218654434,-0.355876737006,1.229123254023,1.066867131229,0.607291562875,1.341851573618,-0.123109921204,-0.566466740630,1.378361817740,0.296930077536,0.404176965356,0.437589123845,-0.000340008177,-0.304268983854
800,1,0.257005277446,-0.013277315243,0.047910317356,-0.257005277446,0.013277315243,-0.047910317356,0.286619495600,0.552301306265,-0.084453581301,-0.287219865230,0.566078337110,0.073715412368,0.316032579091,1.008557083040,0.793240868521,-0.351241375234,1.021182791331,1.285770414800,0.256795819969,1.072504034505,0.843851811568,-0.308274849819,1.088991008150,1.343542185329,0.543786591084,1.188799749846,0.002865290812,-0.501600979667,1.220910552004,0.452530019940,0.406444221735,0.437580078840,-0.000337393023,-0.343756699722
801,1,0.231710383277,-0.012368442507,0.042770511897,-0.231710383277,0.012368442507,-0.042770511897,0.269523725750,0.503512785104,-0.091898609794,-0.255407144051,0.516541967781,0.067502880906,0.300051455244,0.920602843086,0.705867216576,-0.308763928635,0.931269393470,1.140023865849,0.245893608188,0.979226892089,0.749850155161,-0.269569340380,0.993038875574,1.184763200934,0.508854242469,1.084384188108,-0.048344173027,-0.445907436487,1.113522687284,0.407188627303,0.410916507244,0.437445998192,-0.000338028185,-0.376982998793
802,1,0.258739202014,-0.013720083422,0.048025150034,-0.258739202014,0.013720083422,-0.048025150034,0.310685025677,0.563748070874,-0.103812481435,-0.282746916210,0.577554107098,0.078548890241,0.346055045962,1.028986360162,0.689192493910,-0.335909608713,1.039336421675,1.158429578152,0.284223942606,1.093948108642,0.729190126410,-0.292916936668,1.108593157405,1.195448707296,0.583451247508,1.214289283006,-0.051768192293,-0.488856430367,1.245257759327,0.427804362710,0.414485439658,0.437529772520,-0.000340007246,-0.337020511140
803,1,0.258712703800,-0.014123036578,0.054746303685,-0.258712703800,0.014123036578,-0.054746303685,0.319305008006,0.563480011738,-0.103338032675,-0.281286191027,0.579431276983,0.025892903217,0.357945023472,1.029630472748,0.668181702129,-0.327549322032,1.040012286771,1.054256207849,0.295828184687,1.094793547810,0.704463164069,-0.286022774163,1.108713634761,1.089965515617,0.595584163941,1.215198935887,-0.049971725590,-0.468137596802,1.245796745941,0.317955182734,0.418289467692,0.437682881951,-0.000344380736,-0.336644245735
804,1,0.233205421609,-0.012687253137,0.045161141173,-0.233205421609,0.012687253137,-0.045161141173,0.296640452253,0.506687946705,-0.080586756271,-0.248373791587,0.521052823187,0.073534973371,0.333993497573,0.925825978361,0.777045186679,-0.283534520360,0.934902172049,1.195375820518,0.277268163508,0.984742354091,0.821138764753,-0.244426601900,0.997443033315,1.242899066436,0.550637662472,1.093306245534,0.051176615468,-0.413787317952,1.119898820538,0.437338550753,0.422504320741,0.437849685550,-0.000343935564,-0.374024955342
805,1,0.231444276836,-0.012343675883,0.040667396829,-0.231444276836,0.012343675883,-0.040667396829,0.303645426260,0.500277475066,-0.088688330283,-0.239955680915,0.514003475226,0.087649317785,0.341794980046,0.913073649506,0.768435537553,-0.267965331463,0.921151710266,1.227818243066,0.284541264158,0.971457614147,0.815241729945,-0.229106520228,0.982358857854,1.279602612389,0.555699001553,1.078996463647,0.072745588354,-0.396287037039,1.105337569329,0.506046236305,0.427050322294,0.438075035810,-0.000343373511,-0.378801712975
806,1,0.238396590982,-0.012893768052,0.034250028983,-0.238396590982,0.012893768052,-0.034250028983,0.332265794460,0.516342761011,-0.181291626076,-0.239571948641,0.531784101711,0.109516089911,0.372788413499,0.940389017506,0.686676488905,-0.260312748993,0.949376404267,1.233939868424,0.313511007892,0.999611493765,0.738549923640,-0.218716725730,1.009561366585,1.282707920534,0.585882623290,1.116410195783,0.014423976228,-0.393038028120,1.143695412353,0.525371282387,0.433885291219,0.438562139869,-0.000354341697,-0.365683662623
807,1,0.222600652366,-0.012271029365,0.031290300810,-0.222600652366,0.012271029365,-0.031290300810,0.325382040718,0.482958086118,-0.209658938596,-0.218854746731,0.498498286849,0.102130963244,0.364246518094,0.878759716160,0.575611201692,-0.230589779385,0.889824686102,1.147445614790,0.309526130020,0.935375356836,0.619013990755,-0.190922127910,0.946483551703,1.193718355612,0.568961673867,1.046377117921,-0.057883872921,-0.357586290238,1.072022328677,0.488596868559,0.439373522997,0.438492462039,-0.000357877929,-0.390240453341
808,1,0.227553136496,-0.012748700031,0.026446195589,-0.227553136496,0.012748700031,-0.026446195589,0.341709470384,0.490952019360,-0.248023508980,-0.222381121655,0.508080847723,0.113898725531,0.381494738387,0.888536524299,0.618244877343,-0.231197611088,0.904933004444,1.161660087669,0.325175869390,0.940027541672,0.678003900757,-0.186995854007,0.960385826563,1.207712237320,0.586901030136,1.065343708178,0.005312104887,-0.354550219492,1.092198083531,0.488089075999,0.443329259753,0.438693299890,-0.000359069090,-0.383176555952
809,1,0.229537731509,-0.013069025036,0.025812126002,-0.229537731509,0.013069025036,-0.025812126002,0.356832015962,0.489511966312,-0.241065934769,-0.218605598450,0.512654171095,0.115622811185,0.397905130961,0.893860796294,0.636258804263,-0.222193427725,0.911469554894,1.251052215347,0.340322118322,0.943996278578,0.696904845745,-0.176758676372,0.963432837743,1.307455025116,0.605019086377,1.076737804048,0.005013053078,-0.343642782173,1.101811506603,0.566693822382,0.447854831815,0.438694253564,-0.000357148238,-0.379939545992
810,1,0.239377422810,-0.014468226943,0.021776092820,-0.239377422810,0.014468226943,-0.021776092820,0.385854283149,0.497535127784,-0.402467847731,-0.224124948719,0.531779554154,0.119134434932,0.429418551998,0.921453394771,0.521955734364,-0.216863938390,0.945458432173,1.270144792282,0.367736234208,0.970386439301,0.583650685526,-0.168228063378,0.997833622363,1.322678673929,0.640735991686,1.118705978866,-0.109151029670,-0.342993570877,1.144951442956,0.562471529734,0.452993467450,0.439037501812,-0.000359882601,-0.365647419853
811,1,0.218930217730,-0.014796899851,0.003816252041,-0.218930217730,0.014796899851,-0.003816252041,0.373932966700,0.446324633105,-0.539655937065,-0.200279020816,0.493009025513,0.109536597339,0.415883061994,0.845818527153,0.459830260044,-0.185419960349,0.874977917896,1.198175491224,0.355875966544,0.890073723339,0.526665573066,-0.139154992087,0.923353109188,1.250858025428,0.605619363672,1.035268724336,-0.165606066238,-0.301448040547,1.061211124345,0.515508250719,0.459116518497,0.438432171941,-0.000346623361,-0.395778204810
812,1,0.263739308223,-0.019918734921,0.012184471847,-0.263739308223,0.019918734921,-0.012184471847,0.465397197501,0.525611876190,-0.514575364958,-0.232870470232,0.590437119857,0.151686795890,0.518007957894,1.006233827476,0.233797293946,-0.207109004785,1.048485956658,0.926781083423,0.446050497663,1.055103098688,0.278261166138,-0.149365226103,1.108778652402,0.940763233391,0.738194087816,1.239473146505,-0.238566232645,-0.346217102834,1.270874336164,0.363860745257,0.463903993368,0.437629014254,-0.000363744795,-0.331191860357
813,1,0.239094427639,-0.019517361018,0.007663820279,-0.239094427639,0.019517361018,-0.007663820279,0.445257516403,0.474019568691,-0.603113132717,-0.213526532123,0.539870730777,0.141611551400,0.488156730126,0.904100429518,0.348572151173,-0.187401443071,0.961118256235,1.013129453504,0.414932912152,0.947357698077,0.376217842276,-0.130059532721,1.016471740762,1.045987009886,0.684487952236,1.131835972582,-0.183457010069,-0.310513247835,1.162604176588,0.368570167701,0.466245532036,0.437598809600,-0.000357065350,-0.362317433618
814,1,0.239047066688,-0.021184166708,0.004759645891,-0.239047066688,0.021184166708,-0.004759645891,0.464605178958,0.467268563974,-0.663029598945,-0.207145121896,0.540023253400,0.141318825588,0.507120612910,0.900218325454,0.183152168361,-0.179078174631,0.966142770229,0.975800671498,0.429247978529,0.944355738548,0.234933803012,-0.118352106253,1.023893040070,1.003634318135,0.695575972917,1.135375798477,-0.374362142371,-0.300202816970,1.166496997898,0.313890737290,0.470205649734,0.437009528279,-0.000355895259,-0.361638010115
815,1,0.239815944936,-0.022334188007,0.007267397334,-0.239815944936,0.022334188007,-0.007267397334,0.488693996794,0.465618588061,-0.727930547495,-0.207267387940,0.545718461645,0.122837173113,0.526692134224,0.904311392070,0.093952585103,-0.176204596629,0.980032088063,0.871289611110,0.439743261457,0.946145859937,0.150487993034,-0.112445486191,1.039211403482,0.892014704409,0.718173074775,1.145175966126,-0.432770703413,-0.296212711599,1.179008840321,0.222691121316,0.472564756870,0.436692178249,-0.000355683733,-0.358606962801
816,1,0.249154145145,-0.024318248907,0.011514325495,-0.249154145145,0.024318248907,-0.011514325495,0.523105858334,0.468657923506,-0.878846323656,-0.212181180398,0.568024989130,0.102080917884,0.560420065504,0.935749999224,-0.008616780879,-0.178434350693,1.020138654716,0.908629914750,0.464003326792,0.977581675966,0.053305981869,-0.109692432889,1.081053664354,0.934633571464,0.757323331449,1.191695455589,-0.558910920714,-0.299862268474,1.226827627667,0.235273498380,0.475033387542,0.436304837465,-0.000351343886,-0.345234274991
817,1,0.273596614383,-0.028185786031,0.012799155876,-0.273596614383,0.028185786031,-0.012799155876,0.581822062349,0.501158473067,-0.824626013572,-0.235669882196,0.623466175554,0.203051062732,0.628237817572,1.023578932142,-0.120974010983,-0.191519700769,1.124700621600,0.826323547375,0.521919708738,1.067537739196,-0.077103965141,-0.113926091154,1.196068512713,0.824986196022,0.833325053717,1.307187622135,-0.594108347432,-0.327336126942,1.346481773387,0.201764769759,0.476658195257,0.435746535659,-0.000351314782,-0.315193196521
818,1,0.274151896334,-0.029249825986,0.013693771868,-0.274151896334,0.029249825986,-0.013693771868,0.592625645465,0.497911071714,-0.841309110216,-0.231942728869,0.624508000612,0.228637134529,0.638989883420,1.016725215726,-0.156656492563,-0.185609158774,1.123451258154,0.881314343669,0.531042033423,1.059965955662,-0.108004986581,-0.105946323865,1.193505144591,0.889654491972,0.836841652179,1.305178998117,-0.620023321391,-0.319677155984,1.345340873566,0.252843630825,0.478829532862,0.435388341546,-0.000349506736,-0.315827532813
819,1,0.267823879955,-0.029412165825,0.011773717100,-0.267823879955,0.029412165825,-0.011773717100,0.584508870341,0.487096309108,-0.849810843211,-0.225141220844,0.612909339658,0.220540540521,0.641463691467,0.998336457542,-0.167957792303,-0.178944310785,1.101697616790,0.874473612102,0.545276875900,1.042225222661,-0.122757571742,-0.098707484703,1.170110167733,0.881882152919,0.821537398069,1.279454352160,-0.708345745223,-0.313650178129,1.318224976394,0.214913478353,0.479753449559,0.435221105814,-0.000344511704,-0.322459472327
820,1,0.266398578595,-0.030401397402,0.003218926474,-0.266398578595,0.030401397402,-0.003218926474,0.583914138907,0.478642119354,-0.840009115578,-0.220923445964,0.608163085708,0.237877140342,0.655148225009,0.990833414313,-0.207974973984,-0.172991930795,1.093443711670,0.879904875542,0.569758341558,1.030208072373,-0.169749707411,-0.092066307374,1.162153731914,0.885712910537,0.813625471992,1.268803230712,-0.784765969884,-0.305614240380,1.307238565159,0.206161001280,0.481166735291,0.434783592820,-0.000340188271,-0.325396502564
821,1,0.265544302599,-0.030700108468,-0.002497840817,-0.265544302599,0.030700108468,0.002497840817,0.585707050494,0.477265805841,-0.878683792113,-0.219642634033,0.605916475613,0.237439320759,0.666911986197,0.987806834116,-0.263206710160,-0.168730593255,1.086679722927,0.903162419369,0.599290195454,1.028155482981,-0.226910959729,-0.087073268970,1.151983044980,0.914932727859,0.809365111839,1.263566940666,-0.883136747197,-0.296007868911,1.300954368018,0.226176855377,0.482637569308,0.434627339244,-0.000334345037,-0.326885181330
822,1,0.271829110220,-0.031813942784,-0.011161310936,-0.271829110220,0.031813942784,0.011161310936,0.599786602470,0.486379716182,-0.871264443675,-0.221847978076,0.618632243073,0.299829824274,0.694448541960,1.008690849909,-0.302158444064,-0.169202504581,1.107375613842,0.936352720650,0.633861181617,1.050296451707,-0.268549283214,-0.084354352567,1.174024127614,0.951210496063,0.828703276377,1.289330714576,-0.875939406945,-0.298344215834,1.325529905120,0.284476785032,0.483555644751,0.434449851513,-0.000335306861,-0.320535260997
823,1,0.275507167692,-0.033627413959,-0.019936671996,-0.275507167692,0.033627413959,0.019936671996,0.611833594953,0.492175800479,-0.859912612295,-0.220026563905,0.625796377834,0.318516056363,0.716574450605,1.023267687072,-0.316665135429,-0.165877414861,1.121509448617,0.926249724300,0.662602853938,1.065007918662,-0.287469524724,-0.079710531552,1.188797473563,0.932423713233,0.840572309805,1.306501909762,-0.885972467459,-0.291646754001,1.342278525654,0.287607342645,0.485295876861,0.433926388621,-0.000343702501,-0.316902457746
824,1,0.271877833823,-0.033577278829,-0.021961253023,-0.271877833823,0.033577278829,0.021961253023,0.604454505388,0.484864601394,-0.840571707259,-0.213752298981,0.614967449432,0.301182745859,0.709985826735,1.006947973247,-0.330418620686,-0.160589882492,1.102105097347,0.917809431524,0.657297781158,1.047242813284,-0.305227165921,-0.074111428232,1.168129734337,0.925386992011,0.829474198548,1.283792573011,-0.942419428131,-0.281975645605,1.319214422396,0.281976657060,0.486673459411,0.433642655611,-0.000341376755,-0.322731699045
825,1,0.272747447752,-0.033856437481,-0.027666449483,-0.272747447752,0.033856437481,0.027666449483,0.608707694871,0.483669569297,-0.851216168635,-0.212030452066,0.616353518198,0.309059394348,0.721788146061,1.011563942823,-0.385054675571,-0.156998707731,1.105123111447,0.918351506505,0.669349974767,1.050567992751,-0.361735548628,-0.070146739528,1.171485547099,0.924499218049,0.828639920453,1.288980247938,-1.007089973198,-0.276366950999,1.322779745876,0.276330475551,0.487964808941,0.433534294367,-0.000343621708,-0.321892788020
826,1,0.273078479037,-0.033841111439,-0.033514109377,-0.273078479037,0.033841111439,0.033514109377,0.607730123662,0.482651753954,-0.828560526208,-0.211691132713,0.616842818931,0.311349273166,0.727014416176,1.012261207822,-0.322175306822,-0.157473231891,1.106062734862,0.861524277471,0.675100192414,1.047871794893,-0.293304617457,-0.068909667749,1.172421754100,0.859249230754,0.829054579139,1.289873426715,-0.927820071369,-0.265155379141,1.323456355467,0.210990355273,0.488790020347,0.433529391885,-0.000342046842,-0.321648878026
827,1,0.276430727873,-0.034684826190,-0.033297402832,-0.276430727873,0.034684826190,0.033297402832,0.617411565464,0.489702596286,-0.804520521176,-0.212956547121,0.623394696692,0.339113385289,0.739627152772,1.026808024437,-0.310905839666,-0.156700939832,1.119859464316,0.886950688953,0.685270039497,1.062140143376,-0.283520211260,-0.066596250828,1.187143202798,0.888408868183,0.839879155795,1.307944980047,-0.904233058856,-0.266696150336,1.340312900614,0.238742743978,0.489650994539,0.433290854096,-0.000342210289,-0.317709299294
828,1,0.284081122783,-0.035537404833,-0.037523904462,-0.284081122783,0.035537404833,0.037523904462,0.632827448909,0.501652770521,-0.804746564894,-0.218603274298,0.638220623693,0.358316668245,0.759318502319,1.052845446784,-0.334517050939,-0.159162657937,1.147707197212,0.889547870645,0.706991271825,1.089276568931,-0.309679008984,-0.066689411029,1.215289267674,0.887091758895,0.860276870477,1.340948441738,-0.911889835780,-0.272012044114,1.374516744880,0.250316729931,0.490116119385,0.433290988207,-0.000342802145,-0.309888795411
829,1,0.284265214198,-0.035631345695,-0.037163930070,-0.284265214198,0.035631345695,0.037163930070,0.635418857320,0.502790535382,-0.821624064361,-0.216981288176,0.642104545291,0.381106386091,0.762766226083,1.054534758659,-0.317672951386,-0.158238866438,1.149406859180,0.997149040447,0.709984727384,1.091560916802,-0.289045699895,-0.064507739646,1.215166404225,1.007429749369,0.863812387466,1.344298928695,-0.890857683673,-0.271204899062,1.377077358397,0.431526967960,0.490816965699,0.433305174112,-0.000343036838,-0.309366199291
830,1,0.291756252824,-0.036540968424,-0.038606509725,-0.291756252824,0.036540968424,0.038606509725,0.651451683085,0.511573656752,-0.880984303220,-0.223487775544,0.658399391020,0.381815307368,0.782979722688,1.082180474135,-0.374497600302,-0.161604701393,1.179000260754,0.987514791452,0.731254795267,1.120646648519,-0.343238102364,-0.065266735040,1.247035535445,0.992537244019,0.881887314786,1.379634725928,-0.939055404351,-0.280147111672,1.412547516594,0.428514348412,0.491020366549,0.433308690786,-0.000344140455,-0.301598197257
831,1,0.293250837226,-0.037047778895,-0.047578265023,-0.293250837226,0.037047778895,0.047578265023,0.657156729470,0.516524449533,-0.863092196279,-0.224342854208,0.662677397378,0.397065613343,0.790422147670,1.093968618033,-0.359327965549,-0.161365859683,1.188110869157,0.992882450789,0.740778531982,1.134649172164,-0.327513714744,-0.063272071055,1.257710117462,0.995919201290,0.888592069028,1.391595644214,-0.938525301645,-0.282332707058,1.423190826819,0.419320752975,0.491438597441,0.433139026165,-0.000351663213,-0.299460908982
832,1,0.291795432150,-0.036972770357,-0.047191370544,-0.291795432150,0.036972770357,0.047191370544,0.653970418901,0.514227094638,-0.823030025588,-0.223352134076,0.659183158381,0.396081641811,0.786443898146,1.087921008827,-0.345797525391,-0.162300519786,1.181499713652,0.986709560895,0.736402905614,1.128744022762,-0.316970408973,-0.063724545013,1.249653607541,0.989281833596,0.883799208821,1.384955210998,-0.910791349972,-0.279511590336,1.415902059663,0.404490520932,0.491612076759,0.433081209660,-0.000353379641,-0.301108259725
833,1,0.290498705279,-0.036746911728,-0.046654498982,-0.290498705279,0.036746911728,0.046654498982,0.650905067475,0.511622271166,-0.824561562303,-0.222650020865,0.655990294493,0.392862849202,0.782092296678,1.081383108685,-0.336279699749,-0.162449525769,1.175986561385,0.981150620757,0.730521265791,1.116891700379,-0.306627741496,-0.063436347091,1.243776318065,0.983376768680,0.877028819184,1.379176880310,-0.901362187536,-0.280497939468,1.410547128940,0.392040472260,0.491695955396,0.433191522956,-0.000352976378,-0.302434648669
834,1,0.297632375309,-0.037608639417,-0.047390970019,-0.297632375309,0.037608639417,0.047390970019,0.666631238677,0.523094302333,-0.845122175422,-0.228833451293,0.671777371620,0.389281665539,0.801107544296,1.107915949870,-0.339477989796,-0.166587363450,1.204735659132,0.979141214780,0.747948236330,1.147511218114,-0.308901352096,-0.065452741203,1.274703117073,0.981655369938,0.898812841541,1.412964487219,-0.896182786766,-0.287530725635,1.445145511700,0.392040249644,0.491669565439,0.433425843716,-0.000354422722,-0.295183624518
835,1,0.297358236068,-0.037512573601,-0.041250863193,-0.297358236068,0.037512573601,0.041250863193,0.666634574330,0.523744492225,-0.839679551209,-0.228703504382,0.671049509090,0.381960228675,0.798844699805,1.106938060277,-0.336261534604,-0.166426046363,1.203557709848,0.960956658691,0.746806965630,1.148298762622,-0.304779645902,-0.065649953815,1.273419274414,0.962629644135,0.897328404926,1.411660841202,-0.881843968348,-0.287214828904,1.446332627426,0.379966801164,0.491680175066,0.433406352997,-0.000356999692,-0.295496249298
836,1,0.296503956173,-0.037163980456,-0.038906155968,-0.296503956173,0.037163980456,0.038906155968,0.664674360229,0.521558245423,-0.837688407192,-0.228184614362,0.668825884076,0.370113451441,0.794257882103,1.104267277017,-0.347141781909,-0.166394346986,1.201986763430,0.947376584263,0.733467794105,1.148109629674,-0.319250404631,-0.066021192089,1.274472362750,0.948606266843,0.893866344802,1.409626617248,-0.918007739266,-0.285556995390,1.442587380323,0.338797025504,0.491680949926,0.433476194739,-0.000355881173,-0.296330940755
837,1,0.289141733446,-0.035400008678,-0.037917698838,-0.289141733446,0.035400008678,0.037917698838,0.648892580514,0.508637948566,-0.850371587401,-0.223480465803,0.651104237788,0.345712419003,0.767109140359,1.074146320194,-0.279712396588,-0.163511671728,1.170935248502,0.933286092642,0.699306866014,1.116381820754,-0.238902148656,-0.065389213879,1.241941624402,0.937420917355,0.871627437470,1.372337852192,-0.842003223426,-0.281693985671,1.405601318891,0.328116010972,0.491620197892,0.434098854661,-0.000355001539,-0.303715477189
838,1,0.293431202239,-0.035554390286,-0.038238893653,-0.293431202239,0.035554390286,0.038238893653,0.657315469141,0.518119604526,-0.864340147876,-0.227128218738,0.661076519065,0.328670390898,0.770401312392,1.087751890595,-0.206173215781,-0.167601812119,1.187973382801,0.930702923971,0.695661739446,1.129182946264,-0.153953683038,-0.067972797721,1.260098251868,0.935290198827,0.883386701100,1.390166535116,-0.702744313353,-0.288894378550,1.425801378595,0.322674463731,0.491505131125,0.434300646186,-0.000355629250,-0.299493120194
839,1,0.292919531863,-0.034778111654,-0.026770273216,-0.292919531863,0.034778111654,0.026770273216,0.656088797514,0.516237809207,-0.816196950991,-0.227536200826,0.659100272212,0.309549092165,0.760084553433,1.082228645745,-0.177633744335,-0.171936869713,1.184354860835,0.930082616851,0.661797025463,1.124810278675,-0.132604893693,-0.070745275928,1.257729492306,0.935362501553,0.887446140186,1.384902206428,-0.672260498561,-0.291727049714,1.422255447299,0.325576923057,0.491411522031,0.435586035252,-0.000361895887,-0.299802105628
840,1,0.293499442883,-0.034309076020,-0.007178393439,-0.293499442883,0.034309076020,0.007178393439,0.653056366660,0.518746949722,-0.805635489035,-0.228570164421,0.664472607044,0.285051507880,0.738139984535,1.084911295219,-0.182527434592,-0.172116683031,1.196258102108,0.904004259249,0.628242790930,1.133220308325,-0.140834381559,-0.071222083322,1.272889945245,0.908216939318,0.888654359551,1.388719658540,-0.676507719417,-0.293453391770,1.427447049794,0.305165801763,0.491330578923,0.435920149088,-0.000362955674,-0.298986756739
841,1,0.290075657698,-0.032462995518,0.009855894669,-0.290075657698,0.032462995518,-0.009855894669,0.639297120646,0.518625691582,-0.723405461998,-0.226102224726,0.654093105422,0.259791453531,0.696841993771,1.065457083645,-0.105980262349,-0.171318952128,1.182404254068,0.840974427642,0.573053688698,1.114042964413,-0.065150051294,-0.073252670876,1.258380096005,0.841881954254,0.875106283522,1.365463506497,-0.539532638073,-0.295387989374,1.406719607178,0.270420230806,0.491325676441,0.438150063157,-0.000365723157,-0.302447757913
842,1,0.295014243117,-0.031632718524,0.021704799830,-0.295014243117,0.031632718524,-0.021704799830,0.632620310320,0.534864207149,-0.650857964733,-0.230079157198,0.663628626047,0.245320832725,0.687976578490,1.083388189681,-0.061817661290,-0.179310691834,1.200330528865,0.807887116244,0.569657908482,1.139612290584,-0.024149497251,-0.084165449868,1.277387023162,0.806468911464,0.885502992250,1.385246520570,-0.499592605516,-0.302579805130,1.429057497879,0.233819820067,0.491274952888,0.439063325524,-0.000365914777,-0.297496866411
843,1,0.295028957633,-0.029200512493,0.027206177068,-0.295028957633,0.029200512493,-0.027206177068,0.617252373624,0.549394708563,-0.545327489560,-0.230463557552,0.657484105127,0.225678572427,0.663619979017,1.081768987726,0.121790198543,-0.180568113942,1.191463267670,0.821112796927,0.535709671626,1.138632350102,0.166887208647,-0.088566621376,1.267974530036,0.822666037525,0.884702732742,1.379679622665,-0.299203470967,-0.304778874619,1.422704522455,0.240460004178,0.491234272718,0.441714987159,-0.000368956244,-0.297487786658
844,1,0.294658604200,-0.026963897511,0.033134037600,-0.294658604200,0.026963897511,-0.033134037600,0.592298626771,0.559685038759,-0.500988685105,-0.231877861287,0.654323345905,0.208640069134,0.634774245038,1.092726080480,0.095107565279,-0.180840477605,1.183828771956,0.853197044731,0.517775825442,1.161004868863,0.130904079191,-0.093304621363,1.259217215758,0.867227737369,0.882860613737,1.376824116672,-0.368666412485,-0.312489578367,1.418112190738,0.315847853215,0.491220548749,0.443452507257,-0.000381222460,-0.297836461165
845,1,0.287728340975,-0.025217925216,0.037774798380,-0.287728340975,0.025217925216,-0.037774798380,0.555761502345,0.565839112875,-0.375887890021,-0.227386619701,0.641386980753,0.171160780039,0.595899911538,1.085663572609,0.187636952379,-0.177013228950,1.152198674662,0.837702493232,0.494788146549,1.153703767261,0.216489671822,-0.094029237904,1.226661171179,0.850014088133,0.858807078230,1.344277735862,-0.299693481359,-0.317397373751,1.381251716702,0.303742376430,0.491142943501,0.444956734776,-0.000385729596,-0.304895632669
846,1,0.287512716447,-0.023786988163,0.047568174513,-0.287512716447,0.023786988163,-0.047568174513,0.529851676279,0.579883606540,-0.270315933188,-0.228407330466,0.641286834120,0.172562641314,0.571489089647,1.099809490225,0.189503874624,-0.178986054393,1.147764649186,0.839976983094,0.476679336451,1.173690343501,0.208534078153,-0.103620523089,1.222039970804,0.850984974873,0.853840991802,1.343880281358,-0.298812216900,-0.331259626944,1.381040606025,0.311530246165,0.490947723389,0.446053773165,-0.000399595592,-0.305073347018
847,1,0.248235356285,-0.018524846668,0.039922138182,-0.248235356285,0.018524846668,-0.039922138182,0.431187284355,0.512789135510,-0.197108693632,-0.199051849814,0.549682961288,0.123097464542,0.479877982958,0.963845065748,0.443055216697,-0.161089964564,0.986773866401,0.912366576233,0.405020080174,1.030118535358,0.470894140483,-0.100923063872,1.049935717128,0.939610606910,0.729335453861,1.162449839523,-0.170617225499,-0.288040002393,1.188066575799,0.287518339481,0.490457847714,0.447332069278,-0.000398634467,-0.353534081557
848,1,0.251227650281,-0.017416791187,0.039297470127,-0.251227650281,0.017416791187,-0.039297470127,0.411126094614,0.525583556111,-0.226918233283,-0.201728008733,0.553855032306,0.128268064042,0.475283368083,0.987749436614,0.332111664430,-0.165368753058,0.996047982544,0.898722301896,0.408136207374,1.057814640103,0.354203729627,-0.106350231237,1.063086355077,0.919334511662,0.734550702915,1.178649021021,-0.235333717990,-0.312618401279,1.198141342490,0.289245930959,0.490054845810,0.448191776872,-0.000411430374,-0.350105769072
849,1,0.242253714832,-0.015644806462,0.037485124479,-0.242253714832,0.015644806462,-0.037485124479,0.372030681458,0.512105550114,-0.111396969772,-0.199663480264,0.532371136657,0.122383945524,0.440178549215,0.949279605906,0.661817002873,-0.170144060568,0.959370143856,0.979436173361,0.384556130858,1.014268455905,0.702502700296,-0.111317403845,1.024723888741,1.009762315520,0.693878143510,1.136044010765,0.054216999036,-0.311390340651,1.154391386901,0.320941322721,0.488441914320,0.450088962913,-0.000406914391,-0.361814575193
850,1,0.270302398552,-0.017543347187,0.041430229671,-0.270302398552,0.017543347187,-0.041430229671,0.392555189865,0.583038472395,-0.149289616457,-0.226891992364,0.603531287414,0.136095362822,0.482836724755,1.069724387968,0.537412472872,-0.196809792801,1.087244197237,1.087126304937,0.427921651845,1.140242134589,0.570983195639,-0.129423330522,1.163403815813,1.110534114933,0.772865890322,1.278725895201,-0.043593667754,-0.356954738748,1.299056354192,0.354354013191,0.486990809441,0.450263619423,-0.000403786078,-0.321599817632
851,1,0.255984778950,-0.015897639655,0.038714987482,-0.255984778950,0.015897639655,-0.038714987482,0.362446619220,0.552284013099,-0.152049613329,-0.223741203354,0.575664524574,0.114840008122,0.445832025980,1.016978240068,0.605955890745,-0.198476486595,1.036160337086,1.083043791239,0.397214899110,1.085410009751,0.645720160122,-0.132898507619,1.108124925400,1.120417544752,0.724545461969,1.217286882566,-0.001569136416,-0.354149205508,1.238281252446,0.421090273228,0.484104543924,0.450887575746,-0.000412373338,-0.337248347245
852,1,0.184010016904,-0.011070998424,0.024154757336,-0.184010016904,0.011070998424,-0.024154757336,0.255116503994,0.395083661418,-0.062852979755,-0.165517845876,0.413642983747,0.109656466733,0.316142601529,0.735947861758,0.732881236003,-0.151094687578,0.744986197934,1.079294066941,0.278618696227,0.787643807472,0.778209127196,-0.104371244824,0.796580144892,1.124789709205,0.515770160546,0.876471115892,0.135827382660,-0.259790768695,0.892607268266,0.463483984069,0.481439322233,0.451140761375,-0.000393307768,-0.468661843006
853,1,0.197011168415,-0.010458173046,0.025919360278,-0.197011168415,0.010458173046,-0.025919360278,0.262538064565,0.428372557251,-0.009239951201,-0.186854706565,0.444352028120,0.123024859141,0.329147164152,0.787367469324,0.931982459272,-0.175842606091,0.797593108144,1.204250326147,0.288265280095,0.842093684558,0.990100529163,-0.127884545587,0.851431893365,1.258548790291,0.541098238665,0.936798867473,0.312603042230,-0.288866041833,0.953785156618,0.556740714844,0.476728826761,0.452936366200,-0.000392088667,-0.436844149932
854,1,0.238987875529,-0.011845131776,0.038360094834,-0.238987875529,0.011845131776,-0.038360094834,0.311325089913,0.519639562942,-0.065012919633,-0.235644516884,0.536679304546,0.091522729452,0.385851709209,0.952845065939,0.950749828050,-0.226852354651,0.965142061006,1.013158858863,0.335978827152,1.016875119125,0.967446127107,-0.168123348732,1.029746446651,1.047387668509,0.644814826303,1.133426098870,0.221948569065,-0.361659999707,1.156398570806,0.437550349991,0.472833171487,0.453369647264,-0.000413731206,-0.360638055129
855,1,0.243920269731,-0.010852227432,0.040782089034,-0.243920269731,0.010852227432,-0.040782089034,0.313631746196,0.529821613120,-0.074519029546,-0.244461273577,0.545276076444,0.078770676556,0.382650808436,0.972090405760,0.788619572784,-0.244075804128,0.982057063424,0.965385173118,0.333123034112,1.035138563074,0.804122346035,-0.182926883403,1.048031253674,0.996870704831,0.645719441352,1.155121904561,0.170080230311,-0.384260269629,1.178255289621,0.371913927266,0.470576256514,0.453787475824,-0.000418007374,-0.354099753017
856,1,0.259166515805,-0.010694349424,0.046923388462,-0.259166515805,0.010694349424,-0.046923388462,0.324768784840,0.566182622938,-0.096364730124,-0.274091357267,0.581592915928,0.087373836468,0.390277981969,1.039866367287,0.631385293195,-0.276724760624,1.048828119662,0.928779089697,0.335657657251,1.107000133184,0.642495222645,-0.209880751988,1.119388337238,0.951870833238,0.675656132336,1.235718669288,0.137575819093,-0.432655611953,1.262839264086,0.333413806671,0.466223984957,0.454991757870,-0.000423949212,-0.330774348005
857,1,0.205343804337,-0.008623641051,0.033531466373,-0.205343804337,0.008623641051,-0.033531466373,0.253649614789,0.447856745402,-0.037298648202,-0.219022774422,0.461927613092,0.093145718396,0.304484465400,0.824252098792,0.767866656226,-0.226599032679,0.832482377267,1.069898652998,0.263367803554,0.877860603987,0.810001222792,-0.173878800136,0.888235742914,1.114062954734,0.526623518963,0.980596947014,0.161530867854,-0.351039814175,1.002354981983,0.421278352920,0.464801415801,0.454767480493,-0.000414179638,-0.417037343222
858,1,0.269449080343,-0.011401925721,0.050913871113,-0.269449080343,0.011401925721,-0.050913871113,0.322804129506,0.580810056070,-0.066317663465,-0.291374421308,0.600877348769,0.072973214872,0.383323017937,1.070473280517,0.630500143332,-0.308968216270,1.081889552488,0.936117094236,0.327827731168,1.140454565276,0.652825136458,-0.245100755297,1.154352877734,0.959081772245,0.672057450726,1.274745862634,0.087594910277,-0.464757159925,1.304269794589,0.308717476092,0.462230399251,0.454681649804,-0.000425657257,-0.320952088180
859,1,0.188276971728,-0.007378247990,0.030177360401,-0.188276971728,0.007378247990,-0.030177360401,0.222465799748,0.406749405862,-0.046424592129,-0.205018294421,0.420525279791,0.052627564332,0.260633092279,0.748353010228,0.687030997382,-0.220364744443,0.757460822585,0.926694287889,0.224255098095,0.797110839498,0.727685931620,-0.176038243595,0.808222655637,0.965110299240,0.451225371236,0.891318842240,0.116192646458,-0.327586203019,0.911952591781,0.307237165746,0.460996329784,0.453788280487,-0.000408427790,-0.460001844280
860,1,0.216197208379,-0.008464752284,0.037817935651,-0.216197208379,0.008464752284,-0.037817935651,0.253079692860,0.465974648402,-0.059166682080,-0.235953783619,0.480865518423,0.035900140212,0.294884750202,0.860404167756,0.548166578754,-0.260287796289,0.868348733104,0.816442239875,0.251902821819,0.915915587355,0.573512790974,-0.215007214036,0.926647186183,0.840854918214,0.514324897059,1.020344152604,-0.002488496314,-0.380483452940,1.045090400075,0.222529001225,0.460189610720,0.453753411770,-0.000408986118,-0.401957603525
861,1,0.267529508686,-0.010407159114,0.057085279542,-0.267529508686,0.010407159114,-0.057085279542,0.309107509608,0.575736154435,-0.079791574403,-0.292243495655,0.593235905316,0.046906418133,0.355181726308,1.064490668721,0.394743482363,-0.326523478365,1.071268688370,0.840135802739,0.303081331515,1.133963538820,0.409341029611,-0.271868415515,1.142051123434,0.858445996881,0.635105770196,1.262731994244,-0.149214409862,-0.470199474898,1.289657646167,0.237078801136,0.460046321154,0.454073294997,-0.000407896005,-0.325476647560
862,1,0.267934918801,-0.010684822920,0.060255243379,-0.267934918801,0.010684822920,-0.060255243379,0.308994656683,0.576670949539,-0.058995612460,-0.292905313517,0.593621461101,0.049678181270,0.350457803299,1.069069043282,0.406661125438,-0.331571039984,1.073918210904,0.794233955334,0.298898054009,1.138098392205,0.417974977703,-0.278471653809,1.144895746750,0.807574353502,0.634098395467,1.265210519678,-0.169286667582,-0.471190490784,1.291435943387,0.174608422017,0.460138171911,0.454423397779,-0.000406179577,-0.324612219392
863,1,0.280777889209,-0.010353888747,0.064529128615,-0.280777889209,0.010353888747,-0.064529128615,0.321760986360,0.602530893804,-0.067121862151,-0.307290237506,0.620035579111,0.053373787651,0.366762469788,1.118636286599,0.380333812489,-0.349677452257,1.123115499636,0.861451904733,0.310155018226,1.192081032458,0.395447766642,-0.293426199009,1.197407658979,0.880298199836,0.664389722108,1.323541674942,-0.169282723015,-0.500759005779,1.351054532759,0.219555543609,0.460262611508,0.454962521791,-0.000405679457,-0.309905459008
864,1,0.281222760417,-0.010472869810,0.065249752502,-0.281222760417,0.010472869810,-0.065249752502,0.321164508892,0.603137773141,-0.073682442786,-0.307811048609,0.620459832980,0.057300480715,0.365929164082,1.120325621126,0.346732135584,-0.353787256175,1.126402063752,0.843535220045,0.308629534954,1.193593052216,0.359670310339,-0.295589603087,1.201530058744,0.860032919696,0.650705599625,1.324655055943,-0.207061647557,-0.512835330187,1.354270780687,0.232550979410,0.460316866636,0.455164611340,-0.000403140672,-0.309497820930
865,1,0.279317571336,-0.010839064063,0.064141635551,-0.279317571336,0.010839064063,-0.064141635551,0.316451439097,0.598394055185,-0.076351021250,-0.306342531328,0.613151471736,0.058736902854,0.358980318716,1.111567552471,0.355846244353,-0.353841502050,1.115413348187,0.892775799172,0.303970813910,1.184214184247,0.376566699561,-0.294075943839,1.190140131959,0.918568536773,0.642572143546,1.312310441224,-0.183088742847,-0.516065443893,1.342993065539,0.243755375630,0.460371375084,0.456139773130,-0.000405189581,-0.311755360456
866,1,0.264801568229,-0.010542648189,0.060726940607,-0.264801568229,0.010542648189,-0.060726940607,0.297720198519,0.565714176736,-0.077845678573,-0.291309259197,0.582441623303,0.056397602148,0.335391370976,1.053061832559,0.495355488832,-0.341534405606,1.058113568219,0.940250861995,0.283619922944,1.122155123688,0.527429140106,-0.289304599310,1.128061723812,0.976229537039,0.603681232422,1.244227882651,-0.087995193178,-0.492095572689,1.274650936298,0.294115623761,0.460483193398,0.456463232636,-0.000405217521,-0.328609625133
867,1,0.281856584379,-0.010963905504,0.067330034827,-0.281856584379,0.010963905504,-0.067330034827,0.315765433072,0.604678199919,-0.086169525556,-0.313318868727,0.623033034142,0.057528855841,0.353147008518,1.126427265794,0.512615417608,-0.364181948606,1.129108712677,0.975131829831,0.295477163999,1.200117026662,0.541165815213,-0.306476369490,1.203494622124,1.007167992489,0.645240637385,1.324768765320,-0.100085392464,-0.521820003879,1.357822494768,0.305954155440,0.460938915610,0.456573143601,-0.000398239121,-0.308576568785
868,1,0.279584314103,-0.011018780403,0.066707226357,-0.279584314103,0.011018780403,-0.066707226357,0.311806926204,0.600317386996,-0.109300317239,-0.311658335128,0.619967814429,0.057311810654,0.345857946237,1.118127878076,0.525901747045,-0.361341021478,1.120104493871,1.030858391455,0.287722334103,1.191455418911,0.558352802359,-0.303034496075,1.193439890585,1.067956151284,0.640577665034,1.315423680119,-0.098066051033,-0.520582562523,1.348737397168,0.343607224934,0.461771160364,0.456728562713,-0.000397082418,-0.311077912698
869,1,0.277703476383,-0.010755939214,0.063519269143,-0.277703476383,0.010755939214,-0.063519269143,0.307676391557,0.596208730712,-0.133680115598,-0.310832858256,0.615631910884,0.047255465234,0.342501008153,1.110447383733,0.614086735897,-0.358339224322,1.113630887365,1.080353064164,0.287113852190,1.182870948948,0.657523043978,-0.298205658653,1.186244282312,1.122927379613,0.634869830946,1.307620308694,-0.054321297479,-0.519862811037,1.342119244491,0.353443587883,0.462788611650,0.457069754601,-0.000405661762,-0.313048067773
870,1,0.267169725470,-0.010210802418,0.060143663254,-0.267169725470,0.010210802418,-0.060143663254,0.296527111332,0.573585217910,-0.126638412824,-0.298114289340,0.592696241528,0.046830076989,0.328191578381,1.067289044247,0.677015809278,-0.344601613254,1.070502442754,1.117902296072,0.274745068204,1.136798056152,0.722041789310,-0.288192914579,1.140305831363,1.162573502685,0.611021328836,1.257283178464,0.006622220682,-0.497217971156,1.290252269543,0.390287996192,0.464287057519,0.457605868578,-0.000406854786,-0.325178786748
871,1,0.293444933440,-0.011269945639,0.071379536261,-0.293444933440,0.011269945639,-0.071379536261,0.328171053525,0.632499864176,-0.141982171485,-0.323920373666,0.651101434557,0.051922912167,0.365521009043,1.173293523169,0.414932915636,-0.372885611723,1.177561422043,0.952915495001,0.308116641388,1.249097263656,0.433828367266,-0.311824569858,1.254888894263,0.970413940803,0.665463049202,1.381546325419,-0.153691793581,-0.535896108088,1.417530440517,0.291839719770,0.466001242399,0.457616522908,-0.000394323841,-0.295963346197
872,1,0.274474845318,-0.010753688552,0.062516013174,-0.274474845318,0.010753688552,-0.062516013174,0.311100418840,0.590008972321,-0.132578369864,-0.298549967141,0.607616310945,0.049008213326,0.347225418474,1.091510106565,0.663625204406,-0.342913374964,1.098431828668,1.135905102890,0.291365077060,1.164151049902,0.711075829287,-0.286021704667,1.169238964133,1.183434800393,0.628222720867,1.289635634204,-0.011539090769,-0.495987440739,1.323653597619,0.393715862789,0.467983201146,0.457784205675,-0.000384180807,-0.316971316795
873,1,0.244479057564,-0.009783650638,0.041603044554,-0.244479057564,0.009783650638,-0.041603044554,0.279420918199,0.526864119530,-0.103831329986,-0.264868494653,0.540966537183,0.057238760570,0.313001875266,0.971623851613,0.865943595293,-0.302252981247,0.977985230043,1.257438171334,0.263593170918,1.035717954824,0.925278052996,-0.250449883801,1.040979858492,1.315357212288,0.560984597991,1.148149758406,0.162370633702,-0.444933152664,1.179908417698,0.497495827389,0.469524413347,0.457932233810,-0.000382346567,-0.355901295903
874,1,0.233008600693,-0.009599459468,0.037385420044,-0.233008600693,0.009599459468,-0.037385420044,0.268278699055,0.500112806840,-0.113890251124,-0.248702650828,0.513748949441,0.040504806461,0.300277268419,0.921562026581,0.738986805121,-0.283817348382,0.928138009825,1.145894119820,0.253796361672,0.982107422271,0.787405211611,-0.237109464201,0.987036506875,1.197832187613,0.536177525048,1.089429415704,0.104707101694,-0.416990910514,1.119873181686,0.456756469603,0.471561804414,0.458131641150,-0.000383366365,-0.374732528561
875,1,0.263135878883,-0.011085898568,0.043135681765,-0.263135878883,0.011085898568,-0.043135681765,0.304974550558,0.564043341944,-0.109189497414,-0.279888693469,0.579664362471,0.040878571991,0.343865583747,1.039826544247,0.662385761368,-0.315862254981,1.047288699683,1.041193444146,0.291602124527,1.108135514102,0.693612449670,-0.262730961288,1.113779221428,1.074326387521,0.608003296995,1.228745831254,0.044343420318,-0.465301807098,1.263733584519,0.359345747268,0.473347976804,0.458296552300,-0.000384602696,-0.331940314578
876,1,0.258816851040,-0.010995105432,0.040750010972,-0.258816851040,0.010995105432,-0.040750010972,0.303755105858,0.554458393815,-0.134564570112,-0.273964525743,0.571232183973,0.037768645548,0.344070271478,1.024407174922,0.653250616947,-0.308280529138,1.031558794992,1.079709206209,0.292525116101,1.092466620785,0.688363547726,-0.256180843465,1.096822078849,1.121244886468,0.605993561637,1.209759765813,0.013188249438,-0.453239556517,1.247064081176,0.357510922133,0.475177153945,0.458096608520,-0.000387403183,-0.337185853000
877,1,0.209780562325,-0.008978586979,0.028766011999,-0.209780562325,0.008978586979,-0.028766011999,0.252315836842,0.451384540894,-0.055218826213,-0.219782151945,0.464674152920,0.064125925551,0.285729607538,0.833543601492,0.820298987008,-0.245495099980,0.839192233241,1.173604597266,0.243427229214,0.888912765282,0.868393129700,-0.203160786539,0.892219919989,1.226686444247,0.499492205663,0.985958407868,0.129611018727,-0.362491415869,1.014430866506,0.446761473023,0.477614790201,0.458121389151,-0.000376600306,-0.414347348279
878,1,0.222236416153,-0.009507287244,0.029799288724,-0.222236416153,0.009507287244,-0.029799288724,0.271029261295,0.479380920465,-0.082718523346,-0.229814219628,0.493519236180,0.069367638437,0.310081126446,0.885356989078,0.765392370841,-0.255436144235,0.890880344100,1.193054224814,0.264632032168,0.944108958006,0.808317033311,-0.210484310836,0.947263982015,1.245646974393,0.538949419570,1.047690049672,0.133625202387,-0.378540914452,1.077407117813,0.491182527183,0.480264931917,0.458201155066,-0.000380124431,-0.390043781804
879,1,0.270544333106,-0.011569741626,0.050570323074,-0.270544333106,0.011569741626,-0.050570323074,0.335060804079,0.583633819488,-0.104287646780,-0.275962343931,0.600659620814,0.070596229283,0.385319459546,1.078736188528,0.415208911326,-0.304146419475,1.087157548624,0.887768764413,0.328399181154,1.149941539934,0.428536389998,-0.248473195257,1.157402282245,0.902940683188,0.664507957279,1.276393670475,-0.149369771531,-0.458322876083,1.312084072555,0.251949379118,0.482741206884,0.458210349083,-0.000389655121,-0.320355073439
880,1,0.266469491625,-0.011572617211,0.054674628227,-0.266469491625,0.011572617211,-0.054674628227,0.337071655129,0.574730890280,-0.133554971545,-0.272938168924,0.590861405711,0.019679105763,0.386897088195,1.061570986999,0.496445799698,-0.294631082851,1.071110850753,0.927614543207,0.330363339446,1.131963593019,0.524540259161,-0.237982329688,1.140424396219,0.956306401995,0.663943546775,1.257928826369,-0.124752422274,-0.445322998880,1.293421719710,0.234486173150,0.485033079982,0.458224982023,-0.000394088216,-0.324962416595
881,1,0.222692398172,-0.009745952977,0.037355023555,-0.222692398172,0.009745952977,-0.037355023555,0.290099895014,0.475899900281,-0.118813229830,-0.224947950375,0.491454136948,0.035479917256,0.332355296338,0.884422319702,0.715385447452,-0.237824272531,0.890573534091,1.203291817388,0.284326133524,0.943157106814,0.766174629566,-0.191001324533,0.947817450994,1.261965350509,0.564335464578,1.049667104719,-0.008812698992,-0.361352492768,1.077179922947,0.458454932344,0.488618463278,0.458088845015,-0.000385406893,-0.390202533802
882,1,0.217348707041,-0.009605848687,0.029112284218,-0.217348707041,0.009605848687,-0.029112284218,0.289300027746,0.464590782351,-0.113163975765,-0.217487850296,0.480767678735,0.064674475796,0.331294641634,0.862396123970,0.891639979371,-0.227160844562,0.869903589353,1.308353202351,0.281763524419,0.920275090027,0.954586850335,-0.180774932240,0.925700482622,1.371578882359,0.563150899234,1.026948102214,0.184094715869,-0.348687548549,1.052184090432,0.572207897434,0.490975588560,0.458325639367,-0.000375418458,-0.399239825196
883,1,0.222556719573,-0.009890935311,0.027686695545,-0.222556719573,0.009890935311,-0.027686695545,0.308056724463,0.476181657219,-0.169532281419,-0.216747489124,0.492731773220,0.071622628522,0.352716340961,0.879317946396,0.808161608692,-0.222586410821,0.890487824570,1.249472961070,0.301127338110,0.935983387448,0.861880040314,-0.173767417767,0.947093883125,1.305372475052,0.588995773860,1.052668156213,0.144456350766,-0.346281681205,1.077438615672,0.553967333709,0.495357334614,0.458359301090,-0.000376090873,-0.389451498211
884,1,0.248253579550,-0.010930299917,0.031400692064,-0.248253579550,0.010930299917,-0.031400692064,0.355925155313,0.523953854582,-0.268973738187,-0.240346350626,0.544523887559,0.075885590130,0.403227972074,0.971571453812,0.522199871057,-0.240280514876,0.984709832302,1.093463904495,0.339991634611,1.034206807351,0.565304939503,-0.184939728531,1.048301073535,1.128804500970,0.658903813093,1.165839549542,-0.070072065500,-0.376189195912,1.190554526839,0.433845968150,0.497904539108,0.458465173841,-0.000381996389,-0.352182621133
885,1,0.250486016953,-0.011448002976,0.032419814072,-0.250486016953,0.011448002976,-0.032419814072,0.379930601448,0.523066754315,-0.414530751845,-0.238326068293,0.548226804714,0.060619779640,0.419495616502,0.969766571849,0.559956795960,-0.232055382798,0.992441489377,1.122960345437,0.354349877205,1.025100285712,0.614941043346,-0.174097619834,1.056556279102,1.167905548574,0.676813444955,1.175179818242,-0.058650124222,-0.369032247675,1.201188895974,0.444860986722,0.502200037241,0.458651766181,-0.000381356571,-0.349262145158
886,1,0.276796678491,-0.012973797190,0.035748650343,-0.276796678491,0.012973797190,-0.035748650343,0.440903271738,0.569884130242,-0.517640358059,-0.258616758773,0.603281780523,0.055428184187,0.480517483310,1.056926970861,0.586811774757,-0.244514823669,1.091591529545,1.215499864968,0.401212471245,1.109042540487,0.660681272966,-0.177957174024,1.161987635708,1.266640803030,0.754354694556,1.294084565152,-0.053879558079,-0.394565097273,1.321900046933,0.481758524768,0.505825161934,0.458667144179,-0.000381586142,-0.317522361045
887,1,0.276213800167,-0.013367088791,0.037538391653,-0.276213800167,0.013367088791,-0.037538391653,0.459986481222,0.553014483189,-0.628887598506,-0.254577762001,0.599851626716,0.052881199620,0.497476242547,1.046678297007,0.238105688961,-0.233737797740,1.085261843345,1.074024936158,0.413458154641,1.097173647442,0.296255434650,-0.162914844795,1.154936881985,1.111848712548,0.759173826374,1.287401339953,-0.327424396583,-0.382634788991,1.314596829763,0.396225028415,0.508913800120,0.458547547460,-0.000379475299,-0.319334434094
888,1,0.300181643820,-0.014572877297,0.057224067627,-0.300181643820,0.014572877297,-0.057224067627,0.533957807404,0.584939741112,-0.611477665366,-0.272219648186,0.648258243725,0.053997286075,0.558525796126,1.118612799139,0.189765419737,-0.243745315383,1.172113824741,0.922456037490,0.458727314395,1.170438093057,0.243839951453,-0.167141331310,1.247383030358,0.946512495556,0.829944123575,1.390750334254,-0.307576511165,-0.396112494079,1.418924644347,0.297771604409,0.511803075671,0.458521336317,-0.000376231037,-0.295616659493
889,1,0.287095938605,-0.015608306710,0.055667883455,-0.287095938605,0.015608306710,-0.055667883455,0.553653823346,0.532062216506,-0.947102534861,-0.261520358220,0.622578149523,0.042985563849,0.548541160312,1.060480118997,0.065537313070,-0.220101983397,1.123523902434,1.002297383629,0.446256705424,1.104913611974,0.142762962358,-0.151324067186,1.194766450781,1.037412886702,0.794133543626,1.332106724468,-0.476967291211,-0.363893566906,1.359900087469,0.320881526008,0.511255174875,0.458595186472,-0.000372369774,-0.308587742705
890,1,0.301459449262,-0.017790596424,0.062614431027,-0.301459449262,0.017790596424,-0.062614431027,0.608366888412,0.548554342102,-0.834551277425,-0.276326262953,0.657749594748,0.075451670451,0.594011446984,1.105901858930,-0.004176429185,-0.230246521957,1.185253812456,0.893477575820,0.481541848948,1.151439038774,0.058579297377,-0.148228650670,1.260075491998,0.910936150394,0.839011501675,1.404198448665,-0.451917179722,-0.371751666734,1.436521940348,0.272010870105,0.510691985488,0.458236083388,-0.000374295749,-0.293650245316
891,1,0.302162587562,-0.018589270608,0.054440860953,-0.302162587562,0.018589270608,-0.054440860953,0.624265440638,0.534208798990,-1.001607734683,-0.278356092056,0.659521934749,0.075395415828,0.612531646087,1.103641575395,-0.112400369287,-0.230008091424,1.193122228820,0.913003785306,0.503459760032,1.149022262193,-0.042404114737,-0.144429034349,1.268070819965,0.936216838399,0.833197879212,1.412048640639,-0.628474329937,-0.364673211963,1.448531253333,0.224710732464,0.510267034173,0.458356887102,-0.000379685313,-0.292829326433
892,1,0.300096215082,-0.020779820227,0.046739386623,-0.300096215082,0.020779820227,-0.046739386623,0.631276122741,0.520171523920,-1.094138248014,-0.276693740494,0.658969572136,0.078667010674,0.631744127564,1.097257205754,-0.239267491228,-0.224886723283,1.196787517396,0.876984974496,0.523257360928,1.139554283743,-0.172833102554,-0.138862360809,1.272185226319,0.893237939393,0.828988364233,1.411733706564,-0.802075726572,-0.355339057724,1.451525689755,0.137197606234,0.510478869081,0.457632690668,-0.000373028219,-0.293562586118
893,1,0.281242372082,-0.022109477071,0.025616301798,-0.281242372082,0.022109477071,-0.025616301798,0.596268803144,0.484614860433,-1.183345884715,-0.255150924551,0.624566333395,0.073667188247,0.616404013894,1.025754126639,-0.185450375117,-0.206615860958,1.131332097437,0.887208434500,0.523097769888,1.059832572354,-0.107897337429,-0.125078676242,1.202227158629,0.911894058604,0.784033484671,1.333877059606,-0.800165288911,-0.329867942613,1.371321100564,0.156499131651,0.512335658073,0.456518784165,-0.000364782056,-0.311500944436
894,1,0.294218803691,-0.024715788679,0.022646496554,-0.294218803691,0.024715788679,-0.022646496554,0.628503538111,0.509546106114,-1.098359490060,-0.264700834482,0.657760328605,0.086009586349,0.665194499076,1.074835750949,-0.090946682937,-0.213123038488,1.187160389387,0.956646110156,0.575535368756,1.109559403463,-0.011903758194,-0.127501649704,1.261721108308,0.983556513681,0.828853997600,1.401735414687,-0.692078684061,-0.344282496865,1.440242113003,0.195964971488,0.513576447964,0.455981180072,-0.000361587154,-0.296507065644
895,1,0.318045249357,-0.028806782026,0.002980200764,-0.318045249357,0.028806782026,-0.002980200764,0.680525986675,0.555423394407,-1.098118800287,-0.284894966411,0.713464713441,0.220651049998,0.740099229017,1.166082613497,-0.117812249318,-0.228938547165,1.285547600218,1.043819238467,0.657756784444,1.202717734554,-0.043618570593,-0.136328757087,1.365566565915,1.065247951225,0.895621753123,1.517337131681,-0.717789021978,-0.371546422000,1.554708978800,0.230975914885,0.513794332743,0.455275133252,-0.000364770807,-0.274348039003
896,1,0.317196425377,-0.029668618382,0.001478206539,-0.317196425377,0.029668618382,-0.001478206539,0.692611863207,0.557684375043,-1.046162211761,-0.280891001341,0.711659653081,0.284708667537,0.770242125004,1.166276858487,-0.101105251428,-0.219425232379,1.282380624202,1.050895123369,0.692714145436,1.204210130206,-0.035376513002,-0.121184451265,1.362148411233,1.069278728851,0.914995858275,1.512844156942,-0.682184560075,-0.369307054245,1.551512040436,0.259751099296,0.513727799058,0.455020114779,-0.000366013757,-0.275056503037
897,1,0.312405849523,-0.030107838963,-0.006345028059,-0.312405849523,0.030107838963,0.006345028059,0.691543907019,0.552162433566,-1.007054610473,-0.272772809012,0.699460699945,0.327167203037,0.777520687872,1.151899345195,-0.164971228587,-0.211639838879,1.264955876534,1.036884415155,0.700382686367,1.190923844794,-0.104655185153,-0.114393208946,1.343350540625,1.050104283654,0.904916871266,1.491603866302,-0.711644271603,-0.345166346482,1.529319746894,0.264754926067,0.513586789370,0.454405933619,-0.000369353860,-0.279344319822
898,1,0.311243608554,-0.030306574773,-0.009160091811,-0.311243608554,0.030306574773,0.009160091811,0.686686032233,0.552041942559,-0.907698203330,-0.271119369036,0.697201457601,0.331104358750,0.777054352880,1.149502174035,-0.161255127319,-0.210555554490,1.262106756797,0.997720031003,0.702538728286,1.188767091441,-0.110215585788,-0.114031629498,1.339541227048,1.000611657351,0.902072004092,1.487106248579,-0.718871844989,-0.340821641492,1.524227858002,0.257776468934,0.513738468289,0.454341739416,-0.000372099923,-0.280293461991
899,1,0.308547863440,-0.030492158578,-0.012152159779,-0.308547863440,0.030492158578,0.012152159779,0.683164633822,0.547233263432,-0.902300385832,-0.270717580993,0.693679892976,0.314293492049,0.768143343863,1.143174902356,-0.195129731527,-0.210790846674,1.263430263043,0.931478064343,0.692897884197,1.182584423941,-0.147063014428,-0.113898077512,1.346467587139,0.925552746412,0.895332135176,1.482010278660,-0.757022065564,-0.348864126211,1.515809590202,0.183064824149,0.514262124896,0.454484805465,-0.000367674045,-0.281937475896
900,1,0.294581121100,-0.030474478709,-0.021787795513,-0.294581121100,0.030474478709,0.021787795513,0.650809577901,0.517079902796,-0.995624339087,-0.255579990357,0.659922036205,0.281733213434,0.731599628515,1.086109228192,-0.166668146993,-0.199677593036,1.205342168860,0.958976552418,0.659230586977,1.120194547062,-0.111176660109,-0.106688090432,1.283875456927,0.962108283687,0.853108210891,1.407103549163,-0.799320291239,-0.333026923365,1.438476896807,0.189569423019,0.515049770474,0.455736935139,-0.000366296852,-0.296773620128
901,1,0.299500128358,-0.033192104449,-0.023614178928,-0.299500128358,0.033192104449,0.023614178928,0.660493087386,0.522855971870,-0.964446138493,-0.260251204772,0.671629880315,0.341686117717,0.749598771070,1.105569274889,-0.174879538177,-0.202792286139,1.234892298935,0.965672247523,0.678520310242,1.141485185613,-0.122064389467,-0.108280162177,1.318483861016,0.963229495637,0.868744377410,1.432759288251,-0.772526754521,-0.352205539683,1.462195521200,0.202080650916,0.514923349023,0.457830011845,-0.000367735745,-0.291709335063
902,1,0.303639229589,-0.035379116349,-0.024461844329,-0.303639229589,0.035379116349,0.024461844329,0.661834596557,0.526188268492,-0.966063497930,-0.265294687135,0.682442960485,0.344665114251,0.762441625722,1.118195903567,-0.218490640952,-0.211297890722,1.247817622436,0.977143706434,0.695254212535,1.156783305528,-0.170589532992,-0.116186383969,1.328636971077,0.976828464055,0.877225785153,1.448983976219,-0.861293627577,-0.359451483426,1.480313059207,0.207787218983,0.512984156609,0.459998995066,-0.000363506610,-0.288623916603
903,1,0.304921393143,-0.034892787478,-0.026427654906,-0.304921393143,0.034892787478,0.026427654906,0.667356063109,0.537352368996,-0.971556070041,-0.263438850464,0.692127903038,0.341010969490,0.771038264800,1.131490876563,-0.223919211419,-0.212850388840,1.253865735536,1.019070421620,0.701953807037,1.173079369525,-0.174245348517,-0.116974504566,1.333106803174,1.021422580130,0.883798083647,1.457153644714,-0.875120992192,-0.359312868686,1.488741135802,0.228963775156,0.512806296349,0.461562246084,-0.000361815561,-0.287474202756
904,1,0.306309851670,-0.034913486688,-0.027144244543,-0.306309851670,0.034913486688,0.027144244543,0.670190148026,0.542621530768,-0.966457496893,-0.265315407049,0.700075192350,0.369807870704,0.777754300733,1.144323039243,-0.222411906277,-0.214472059196,1.261913442129,1.026948951341,0.706864808671,1.181633627273,-0.173692827329,-0.118198925896,1.339246921947,1.027681679732,0.888473082571,1.471255568994,-0.855270548294,-0.365523308483,1.493797803734,0.247015924624,0.511981904507,0.466734200716,-0.000360577600,-0.286013116940
905,1,0.287335436172,-0.032426744053,-0.025241731910,-0.287335436172,0.032426744053,0.025241731910,0.627973697951,0.504826180358,-0.944583949207,-0.251305244079,0.647188156548,0.308115855351,0.728200779294,1.064001046842,-0.198661737875,-0.203668933834,1.169415912129,0.960150363464,0.655957167285,1.095597515455,-0.153903005977,-0.113621620006,1.238892394158,0.961473014949,0.838920869763,1.370704151259,-0.822822822991,-0.339380129879,1.395549064424,0.168577695250,0.510416537523,0.474387526512,-0.000362223713,-0.305785251597
906,1,0.250036081510,-0.027089963239,-0.026605869979,-0.250036081510,0.027089963239,0.026605869979,0.546913699804,0.439737736790,-0.986834869602,-0.215662870050,0.557104030134,0.202596513071,0.632204935931,0.926392311084,-0.206261300729,-0.177293045374,1.020412670890,0.934921738833,0.568290125659,0.956079598578,-0.159722946749,-0.098730593452,1.083168917336,0.953107243758,0.730519723723,1.191681574000,-0.946071430716,-0.293889729789,1.220435437502,0.141273299033,0.510279029608,0.477451264858,-0.000354242045,-0.351846101503
907,1,0.258949162427,-0.028010299762,-0.028900931916,-0.258949162427,0.028010299762,0.028900931916,0.565510615438,0.456785023294,-0.971289556128,-0.222323109007,0.578993732661,0.201591672426,0.653984866551,0.960762886585,-0.219000234136,-0.184945167164,1.059897778756,0.914872023964,0.588269888551,0.992046778022,-0.172304285637,-0.103112480169,1.126882335971,0.925130494185,0.756009687312,1.237284677894,-0.926953313223,-0.304227020150,1.266658323638,0.074334967992,0.510336548090,0.478949844837,-0.000352750998,-0.339765182822
908,1,0.264720258156,-0.028813601712,-0.029377455998,-0.264720258156,0.028813601712,0.029377455998,0.574932302557,0.469261536934,-0.940767494055,-0.227685701953,0.588767648351,0.206914633345,0.668021821003,0.987097561128,-0.214681135687,-0.191424085124,1.077904308044,0.932977341740,0.600059646998,1.022469490663,-0.168028337562,-0.107084204527,1.148017800084,0.940849576831,0.765694905806,1.258557994097,-0.907763969124,-0.313742548111,1.286279258517,0.089774953833,0.510334432125,0.481620013714,-0.000351956580,-0.332362443347
909,1,0.266860134555,-0.029910456025,-0.029748555844,-0.266860134555,0.029910456025,0.029748555844,0.569491312983,0.473443832530,-1.022475855434,-0.232112562452,0.598672061492,0.138172404417,0.669352166409,0.994653796283,-0.214172630986,-0.203299426263,1.089137895568,1.021413461369,0.604303281684,1.031535138802,-0.165197356409,-0.111537892130,1.159825281280,1.050477671934,0.763357632554,1.267978824682,-0.952612691908,-0.322559031230,1.304476681843,0.163576511792,0.510383278131,0.480880662799,-0.000350932125,-0.329508922091
910,1,0.270862648502,-0.030049850962,-0.018210288582,-0.270862648502,0.030049850962,0.018210288582,0.576430556633,0.481029438671,-0.943390933770,-0.242479607825,0.610409081092,0.152360041500,0.663029010944,1.010132919163,-0.185083877644,-0.214151557358,1.106921574386,1.022860172851,0.583172926538,1.046961095168,-0.138914389108,-0.117961173553,1.179224689049,1.047223318813,0.771561570409,1.288936043673,-0.883498962422,-0.343584534766,1.324831041328,0.217533716789,0.510541319847,0.480065971613,-0.000345188193,-0.324090210191
911,1,0.272828323823,-0.029914471127,-0.005845286986,-0.272828323823,0.029914471127,0.005845286986,0.572940629059,0.484585224676,-0.879111950017,-0.246178810508,0.614733933056,0.154066341103,0.655058610669,1.016856606293,-0.174789525639,-0.221202061626,1.114631966934,0.982413645154,0.566629399678,1.054463968339,-0.132098924650,-0.126363953755,1.186723925603,1.002503405147,0.776767975999,1.298689058189,-0.862516444068,-0.343520505209,1.334093248998,0.195702348533,0.510583579540,0.479556247592,-0.000337833713,-0.321618222565
912,1,0.279521428057,-0.030922587169,0.008101753168,-0.279521428057,0.030922587169,-0.008101753168,0.583023131284,0.500199008183,-0.794732773726,-0.254468280766,0.630229457130,0.162962461190,0.644971609739,1.041666776687,-0.134629591412,-0.230336135250,1.142746436804,0.934024970383,0.550920522458,1.080047674221,-0.094675264413,-0.137818563401,1.215661482803,0.944413300729,0.793149496678,1.328410330375,-0.747666164800,-0.351474834263,1.366805280307,0.184641133932,0.510574206710,0.479189664125,-0.000337434118,-0.313878360022
913,1,0.261870110628,-0.028914562161,0.006743388723,-0.261870110628,0.028914562161,-0.006743388723,0.538615261316,0.470294029670,-0.810150669948,-0.238474362132,0.592495315466,0.112636379398,0.587784216613,0.973630121155,-0.003363063569,-0.215910661766,1.070322441267,1.024792238952,0.502242871706,1.012574635593,0.056489095302,-0.129463423569,1.138422448826,1.059881235250,0.740215931958,1.243519949732,-0.679694874179,-0.340988705922,1.281020301935,0.239093759969,0.510594233871,0.478831112385,-0.000331777846,-0.334970189193
914,1,0.257727637554,-0.028608833493,0.007978961547,-0.257727637554,0.028608833493,-0.007978961547,0.522447274522,0.471658899393,-0.798632028016,-0.234913128459,0.583798558202,0.107272615750,0.562339294501,0.958469561409,0.057191276383,-0.212233679689,1.053222174193,0.996845733574,0.471592420284,1.001169995291,0.116046336304,-0.127334339434,1.120184942824,1.025560066522,0.729149831028,1.224121657658,-0.598439212722,-0.335316027572,1.259769875542,0.228808470367,0.510610237718,0.478611335158,-0.000329878414,-0.340256706558
915,1,0.258079581557,-0.028332976157,0.007605141833,-0.258079581557,0.028332976157,-0.007605141833,0.515042765165,0.483707696862,-0.778365881620,-0.235337976267,0.583923032487,0.112395665965,0.554280512374,0.962409598063,0.105840559648,-0.212069099036,1.054029366497,1.016537593873,0.462552291099,1.011358039137,0.163836483979,-0.127392942704,1.121281876775,1.045184837785,0.727612965428,1.225197234091,-0.539895836378,-0.352269428087,1.260983164941,0.256214633239,0.510529682040,0.478443160653,-0.000330086797,-0.339921685428
916,1,0.256822554867,-0.027605912522,0.010980726172,-0.256822554867,0.027605912522,-0.010980726172,0.500240376366,0.490951974289,-0.670337698085,-0.234826795440,0.580927589790,0.114309796310,0.544396312592,0.965966340269,0.122275073179,-0.211502767302,1.048776957741,1.011483312173,0.450667053745,1.021996845008,0.170423132197,-0.127394807659,1.115311827991,1.039330303194,0.726152028612,1.220229156040,-0.513879106021,-0.350444881268,1.255996835984,0.277381961379,0.510438263416,0.478518620133,-0.000333385658,-0.341131659565
917,1,0.261826653930,-0.027193790298,0.017156765965,-0.261826653930,0.027193790298,-0.017156765965,0.494128759976,0.510403972838,-0.473988267998,-0.239075708806,0.591736917865,0.118574430901,0.551436335628,0.993726229877,0.194145461563,-0.215533293214,1.064321760818,0.993469029398,0.460538304283,1.052819781270,0.231267889858,-0.130298765826,1.131176070365,1.019760210167,0.739001829603,1.243375650948,-0.404659410529,-0.352589002078,1.279472014041,0.276352596591,0.510457590222,0.478690221906,-0.000349924201,-0.334521428952
918,1,0.242374870549,-0.024421296105,0.015359790100,-0.242374870549,0.024421296105,-0.015359790100,0.448716395007,0.484757679407,-0.364611642563,-0.219788894802,0.548327983602,0.110949971731,0.505917199023,0.931829976329,0.432532115197,-0.200716943560,0.986808715527,1.023515730576,0.422145884602,0.985621276900,0.477050148539,-0.124147494026,1.049009661528,1.055214967024,0.684683768995,1.153420577713,-0.233731222678,-0.327091505192,1.186863017065,0.290930741112,0.510188773274,0.478875607252,-0.000354330288,-0.360407131548
919,1,0.231787219639,-0.022437469894,0.013653598928,-0.231787219639,0.022437469894,-0.013653598928,0.411502818963,0.477130993604,-0.288743398010,-0.208667510899,0.524307171706,0.119163835169,0.475326829741,0.902279857734,0.482279060173,-0.194252748140,0.944421244734,1.125754263170,0.400875999734,0.958192688048,0.520359909315,-0.122465400147,1.004465872664,1.164164143733,0.654074992663,1.104404074281,-0.232946592689,-0.315512439551,1.136176889312,0.372688569999,0.509189456701,0.479227274656,-0.000356884673,-0.375980626659
920,1,0.226408195732,-0.021085614383,0.017566557363,-0.226408195732,0.021085614383,-0.017566557363,0.387173672268,0.465149834169,-0.222321414365,-0.201926413724,0.510584361606,0.109989451592,0.456730531337,0.882221381458,0.456078120079,-0.189976101010,0.920830143597,1.037572328991,0.388139583911,0.940779987655,0.487204704047,-0.120797574102,0.979355629287,1.068620096983,0.637389361344,1.077251184499,-0.187727991500,-0.308304069181,1.108067650624,0.341815152601,0.508972123265,0.479506492615,-0.000366589753,-0.385120720434
921,1,0.213233465258,-0.019728489303,0.016431300018,-0.213233465258,0.019728489303,-0.016431300018,0.343210076670,0.441259105403,-0.201949395361,-0.187844122449,0.480911617702,0.107995794349,0.412637441926,0.838568112906,0.440816220701,-0.176123620024,0.866733130118,1.036871119533,0.354303588134,0.896406425121,0.468107205223,-0.114690462425,0.922671222285,1.070998310441,0.598839832287,1.014935275174,-0.196752241769,-0.291842384078,1.043822206862,0.377819777791,0.508685067296,0.479437142611,-0.000364534790,-0.408777779121
922,1,0.199017756413,-0.018235632041,0.015236438862,-0.199017756413,0.018235632041,-0.015236438862,0.300518105484,0.418578653572,-0.084278472957,-0.174119654391,0.449283189017,0.183694817686,0.378618033423,0.788999112830,0.577463785598,-0.164561629428,0.808837340381,1.178690620403,0.328645098812,0.842150814008,0.605328713715,-0.109578604564,0.860568522801,1.220650747719,0.558477174745,0.948019847364,-0.109070936751,-0.275145521048,0.974485300940,0.498086596221,0.508290201426,0.479481384158,-0.000365924789,-0.437598473470
923,1,0.195552488976,-0.017364110567,0.013006552871,-0.195552488976,0.017364110567,-0.013006552871,0.279526425059,0.413915857926,-0.080613146138,-0.171976885852,0.443551941502,0.176421752140,0.363308853235,0.776583924628,0.760759215509,-0.162459868840,0.794883598967,1.143007053381,0.318197400799,0.826925542572,0.808111525191,-0.109669043246,0.841309839750,1.187441719287,0.548084929205,0.930253520112,0.100058678501,-0.276189664819,0.957917085659,0.457169727902,0.508102908731,0.478974625468,-0.000360708218,-0.444137420252
924,1,0.204269545153,-0.017002684368,0.013801431710,-0.204269545153,0.017002684368,-0.013801431710,0.282586402433,0.434273697224,-0.105935740046,-0.180366497347,0.464143386894,0.152800642628,0.374699075772,0.814286416595,0.647202743540,-0.170942219846,0.831551443788,1.124046518753,0.331216322565,0.866038423298,0.684279827902,-0.120515151394,0.880113805118,1.165010514255,0.569106438915,0.974114547034,-0.023600399018,-0.295393671162,1.002341358172,0.434522688767,0.508022814989,0.477695539594,-0.000362193212,-0.424809729968
925,1,0.207362603226,-0.016962756931,0.014705193041,-0.207362603226,0.016962756931,-0.014705193041,0.282228405792,0.443800042534,-0.116291490940,-0.183738580161,0.472765468579,0.153259707761,0.374700287760,0.829299631418,0.636174087666,-0.177951419400,0.844847321017,1.172992635109,0.330919824162,0.881747662804,0.672583811066,-0.132465042198,0.895188043176,1.218634885119,0.573905808427,0.990344084816,-0.054047140139,-0.299321863746,1.018556564732,0.464188132139,0.508033186197,0.476549729705,-0.000365098240,-0.418528954923
926,1,0.253626289592,-0.018532556666,0.023991911452,-0.253626289592,0.018532556666,-0.023991911452,0.342630069936,0.545973056102,-0.150423639496,-0.227511989591,0.575855007935,0.122949697566,0.456902505155,1.014918684310,0.537803046159,-0.223672050001,1.032724410162,1.015543409752,0.404867049005,1.078610106965,0.556743394400,-0.165891194149,1.096194972865,1.042412126339,0.700064620516,1.210896529760,-0.099018757189,-0.367419383994,1.240456140751,0.354668376340,0.508339285851,0.475187554955,-0.000385725871,-0.343011500433
927,1,0.258031096936,-0.017573782719,0.030302763744,-0.258031096936,0.017573782719,-0.030302763744,0.348805711597,0.557235619460,-0.173290441656,-0.233335658711,0.579629217121,0.089678663578,0.456866974255,1.033302429489,0.533426373701,-0.234531472734,1.043332343859,1.000131030679,0.404009489578,1.097545989947,0.557831149209,-0.177304742220,1.109117461883,1.030502396017,0.702009819091,1.231751285719,-0.108502279992,-0.374708606229,1.258452742097,0.323616402258,0.508510515094,0.474006697536,-0.000397951808,-0.337895257363
928,1,0.253479021878,-0.016769423343,0.031781609031,-0.253479021878,0.016769423343,-0.031781609031,0.343519927856,0.546922571891,-0.123457878615,-0.229963821038,0.564626705122,0.092297936650,0.444451110730,1.012377540408,0.674522426163,-0.235563857235,1.023111404768,1.041289264513,0.393890131017,1.077433383194,0.712619308989,-0.177131700146,1.088740615920,1.075705994950,0.689893021179,1.206804814200,-0.006838997734,-0.374561713762,1.230516677619,0.328154807711,0.508588254452,0.473773971200,-0.000398557168,-0.344299747592
929,1,0.207937709925,-0.013891544010,0.017764353086,-0.207937709925,0.013891544010,-0.017764353086,0.276021428616,0.448442600836,-0.070881228147,-0.192725716908,0.462466498702,0.125253026712,0.355860030603,0.828104059479,0.855854287090,-0.199730705456,0.838257414945,1.253976818180,0.319006779318,0.881681696064,0.911014630054,-0.151082868270,0.891244697221,1.308906474090,0.554481016268,0.984934323832,0.170822526979,-0.312594630931,1.007660834007,0.524663033760,0.508670613170,0.473747536540,-0.000383759616,-0.419607174562
930,1,0.192737021143,-0.012719672830,0.012653350851,-0.192737021143,0.012719672830,-0.012653350851,0.256429267096,0.419156954309,-0.003382518970,-0.179092776918,0.432170227789,0.193026993192,0.322840133526,0.771539104905,0.874439449016,-0.192971476588,0.783392056394,1.238659075712,0.288338586773,0.820150552291,0.925139608822,-0.152031305100,0.833316321438,1.286105153342,0.509799886900,0.916019848772,0.236530483331,-0.320015244291,0.941174726252,0.553744948113,0.511637851596,0.473844572902,-0.000362399733,-0.448708699963
931,1,0.198179857262,-0.012977921804,0.012467914383,-0.198179857262,0.012977921804,-0.012467914383,0.259575661666,0.434653829279,0.001051433545,-0.188600225693,0.447720251447,0.191946605985,0.325667142771,0.796273059084,0.971230741006,-0.205833660379,0.810290911748,1.287013589530,0.292061484409,0.847390374725,1.030693840472,-0.165109326980,0.861362292468,1.343319900923,0.521091351726,0.944120929701,0.309422536991,-0.325320567916,0.971856132625,0.577528272286,0.517582550645,0.473432362080,-0.000355254393,-0.433394698093
932,1,0.240433739623,-0.015356088252,0.019415610159,-0.240433739623,0.015356088252,-0.019415610159,0.314543834687,0.525848860096,-0.033491050677,-0.234361023275,0.543845472275,0.124782685053,0.392840074266,0.962074990842,1.012304319151,-0.256621301163,0.978580489524,1.488905292471,0.350785912104,1.024447976057,1.070974497818,-0.209334207752,1.038314245617,1.584324025929,0.625899359635,1.143648842064,0.251126924489,-0.386262634795,1.176815383031,0.664243093262,0.527845531702,0.473280236125,-0.000354163582,-0.356761209392
933,1,0.276678317317,-0.017695950044,0.035816539771,-0.276678317317,0.017695950044,-0.035816539771,0.359680313066,0.601448272236,-0.056415939046,-0.276547091885,0.621688887786,0.114154767914,0.442046142438,1.093182055327,0.878761271107,-0.296451525834,1.112145944841,1.402931421379,0.387835140139,1.163001052509,0.930924621836,-0.236115714989,1.177581401361,1.472867604591,0.731574905953,1.306513921851,0.232282380703,-0.441434807657,1.345535055133,0.731235472666,0.535776704550,0.473180383444,-0.000363572035,-0.312046151366
934,1,0.261154557187,-0.016584983568,0.046530429249,-0.261154557187,0.016584983568,-0.046530429249,0.336570215581,0.566017627368,-0.054373663026,-0.262738055985,0.584763966343,0.068064571298,0.412450514376,1.027701012462,0.828725727576,-0.283287944000,1.046543893087,1.175834938466,0.361914196546,1.093645611372,0.878449531462,-0.225296075885,1.109363922388,1.223769216121,0.678759218125,1.229140828593,0.197649792299,-0.417405510076,1.266269992173,0.486560051437,0.541551634669,0.473153457046,-0.000370733440,-0.331542854187
935,1,0.276994803700,-0.017515170121,0.056392667020,-0.276994803700,0.017515170121,-0.056392667020,0.351445393207,0.598663166459,-0.064938194574,-0.278731211793,0.618515629759,0.055208576233,0.436875796335,1.087839648747,0.684098325305,-0.298716454765,1.107487045447,1.127772469398,0.383255065481,1.158282879262,0.719947647903,-0.231369577727,1.174101732000,1.169514841099,0.724839523059,1.299088873527,0.068154742901,-0.446167139509,1.339838916918,0.443209129896,0.544536516070,0.473196163774,-0.000378146768,-0.313331410786
936,1,0.280094274150,-0.017608421957,0.068353401032,-0.280094274150,0.017608421957,-0.068353401032,0.351764693639,0.601943438143,-0.045383770969,-0.278660207015,0.623908268743,0.039533221304,0.437368918101,1.098009672825,0.588822741745,-0.304916291942,1.118126367890,0.985681471904,0.385613729043,1.169150503439,0.612163207053,-0.233390969242,1.185812915461,1.015471734335,0.724735748662,1.310289827542,0.007557945637,-0.460910800031,1.352365207480,0.342828469550,0.546110138297,0.473220542073,-0.000389367342,-0.310353589235
937,1,0.235215309832,-0.014517324815,0.048890467088,-0.235215309832,0.014517324815,-0.048890467088,0.294698169497,0.501438250166,-0.030592515680,-0.230739463866,0.521688459354,0.035691752192,0.367197792259,0.916672824174,0.846975038089,-0.253837850991,0.936099233377,1.146862504525,0.325721271365,0.975441991755,0.898345035133,-0.192052369905,0.992802390967,1.200867857813,0.584844221205,1.095196147948,0.164068107952,-0.383532419841,1.132073293064,0.414077669997,0.548010617495,0.473169341683,-0.000378725119,-0.370810645912
938,1,0.234193998697,-0.014077713294,0.048582227603,-0.234193998697,0.014077713294,-0.048582227603,0.294557301871,0.503231105597,-0.037129124537,-0.233632247449,0.521945037758,0.040725888752,0.364890683408,0.920610350802,0.833166567534,-0.251485922540,0.938284986802,1.127027677833,0.321150725097,0.978875660386,0.879157958512,-0.188698748869,0.995350476867,1.176479900876,0.587772776600,1.096460549307,0.108432780814,-0.386149079842,1.134093052733,0.391764647667,0.548180550337,0.472954675555,-0.000376234762,-0.370200522657
939,1,0.233407019406,-0.013609779924,0.047046661784,-0.233407019406,0.013609779924,-0.047046661784,0.295763667819,0.500790493384,-0.049968697914,-0.232311957502,0.519769158609,0.082418003023,0.366423492299,0.916313996387,0.785285816997,-0.251244874757,0.936082416019,1.128229124206,0.323746576667,0.975191471646,0.831140129707,-0.189440011056,0.993348118105,1.175378104432,0.586837526764,1.092163570081,0.107097030689,-0.390402490767,1.130775979339,0.435851996656,0.547930330038,0.472749412060,-0.000376024283,-0.371324109594
940,1,0.240832541655,-0.014148444041,0.041511388511,-0.240832541655,0.014148444041,-0.041511388511,0.305805197441,0.515279007981,-0.054804440160,-0.238501568302,0.534135437438,0.085017787754,0.378372627031,0.943046206263,0.863244691129,-0.257056367689,0.964082214935,1.242512818623,0.334343819770,1.004378701681,0.918214744480,-0.197251712131,1.023538084872,1.299091207187,0.605535560312,1.126150549830,0.161531433785,-0.397387317136,1.164733221841,0.503618877580,0.548195466399,0.472649797797,-0.000364970416,-0.360240169404
941,1,0.245229696184,-0.014266825714,0.042163762796,-0.245229696184,0.014266825714,-0.042163762796,0.311321716935,0.523661369338,-0.082734586235,-0.242133725677,0.542800050277,0.086431043361,0.386168119088,0.958523124673,0.749235213465,-0.261802995557,0.979656093981,1.254725550212,0.341025369921,1.021242872028,0.794807795137,-0.200736863849,1.040136678691,1.312891173857,0.612306151203,1.144677994321,0.078263164841,-0.401625870757,1.183518046023,0.507489135363,0.548480406404,0.472541332245,-0.000365590211,-0.354647164326
942,1,0.270896032191,-0.015792501880,0.046513326728,-0.270896032191,0.015792501880,-0.046513326728,0.344214397583,0.578440804757,-0.072447071198,-0.268551383093,0.599601309275,0.099762392723,0.427703676260,1.059525857017,0.827975641177,-0.293334676775,1.081655223265,1.373807816272,0.373415396300,1.129286129224,0.878077803572,-0.230367575149,1.148483291790,1.434589177718,0.679323787581,1.264483088723,0.112274497535,-0.441478814581,1.307334846117,0.592762829174,0.548449590802,0.472528606653,-0.000364761334,-0.321074340811
943,1,0.286904441767,-0.016880756749,0.051396924753,-0.286904441767,0.016880756749,-0.051396924753,0.363184824533,0.609278224631,-0.114308408908,-0.283805543247,0.633193794933,0.091216366718,0.451819698547,1.119252545377,0.550593572700,-0.309633032896,1.143294269003,1.063021654071,0.396391695036,1.191792472283,0.582415650517,-0.241640119101,1.214803387880,1.092076844195,0.710646785595,1.335205454186,-0.036579945272,-0.467166946872,1.381581809572,0.391809627412,0.548475503922,0.472559437156,-0.000369039364,-0.303803224943
944,1,0.279931941438,-0.016515432393,0.050439062605,-0.279931941438,0.016515432393,-0.050439062605,0.356331988000,0.595529729548,-0.114123150152,-0.276552016700,0.618889519122,0.091514642706,0.443127201319,1.092474725850,0.613897237219,-0.301047651188,1.117923097236,1.122447878487,0.389462363844,1.164225075063,0.649651378385,-0.234018804510,1.188445568186,1.162042638410,0.696974063573,1.305309514609,0.004932349753,-0.459182610769,1.350307878397,0.387514995702,0.548761650920,0.472528651357,-0.000371709466,-0.310868069419
945,1,0.276376942608,-0.015929320432,0.049806676244,-0.276376942608,0.015929320432,-0.049806676244,0.353709513890,0.589237788822,-0.115032493619,-0.273320602009,0.612181407136,0.069914688153,0.440337869390,1.081212604757,0.657618892468,-0.296138406724,1.106933800207,1.135736706827,0.387734311960,1.152370726624,0.698896901421,-0.230669412584,1.176755033987,1.177705125019,0.691629943018,1.292193280317,0.016605922850,-0.451857688865,1.335804296561,0.381218917241,0.549240127206,0.472392514348,-0.000373688061,-0.314098634430
946,1,0.277290137433,-0.015935057099,0.053402576850,-0.277290137433,0.015935057099,-0.053402576850,0.355587205302,0.592201991656,-0.109735433935,-0.274983506634,0.614537128969,0.062865608629,0.443756412638,1.087309648468,0.609413908966,-0.297993922894,1.112365549516,1.043887668229,0.390616537659,1.159736367659,0.641048867761,-0.231381469892,1.182957951657,1.076747714657,0.697735978042,1.298105602094,-0.021454015423,-0.452369748214,1.342663711741,0.343262917430,0.549665331841,0.472406059504,-0.000379765406,-0.312464120780
947,1,0.257221039751,-0.014431116765,0.044431411464,-0.257221039751,0.014431116765,-0.044431411464,0.332630132794,0.550026249722,-0.108394545064,-0.253406406721,0.568348240849,0.059571834236,0.415037321640,1.011627289812,0.602622356114,-0.273840499552,1.032947605155,1.086975570658,0.366484027455,1.078758246866,0.635776184549,-0.212249362432,1.098523823135,1.130141881565,0.649659997074,1.205397974782,-0.019629516964,-0.416827112341,1.246264921468,0.322995214720,0.550566002727,0.472000375390,-0.000383774750,-0.336755670604
948,1,0.229961061918,-0.012877707022,0.039572497674,-0.229961061918,0.012877707022,-0.039572497674,0.298737976431,0.490973773440,-0.096604339028,-0.224628107812,0.507190262229,0.102367860024,0.372290512811,0.903867258553,0.666955535219,-0.242811763042,0.921090072371,1.182008067073,0.329199997270,0.963615043354,0.710228064193,-0.189355246890,0.979335318516,1.232053785730,0.581929478814,1.075821705387,0.016728860552,-0.367705511520,1.111932538783,0.482102060917,0.551264405251,0.471983641386,-0.000381723512,-0.377413644479
949,1,0.229923199578,-0.012901610884,0.038102797062,-0.229923199578,0.012901610884,-0.038102797062,0.302029832913,0.489352802683,-0.100507029635,-0.223014798501,0.506983637640,0.103792164591,0.376283397108,0.903154232464,0.665382378824,-0.238643849662,0.920016048155,1.145344536987,0.332433057657,0.963105883215,0.708743743754,-0.184719468214,0.978183202080,1.191517544837,0.587423888501,1.075110377654,0.017716645225,-0.363504226958,1.111203351559,0.467824688232,0.552637577057,0.471725404263,-0.000384602696,-0.378003342327
950,1,0.206194867108,-0.011598230201,0.030068276769,-0.206194867108,0.011598230201,-0.030068276769,0.271902637330,0.437713728644,-0.067244710881,-0.197956797971,0.453945458214,0.162964731375,0.338905477346,0.808284879558,0.752886414799,-0.211454452111,0.823880328039,1.220201219638,0.299815324932,0.862171636530,0.797548859888,-0.162397871547,0.875985385068,1.268575233861,0.528886747978,0.962883404059,0.074428860087,-0.324303256733,0.994826718578,0.528788962888,0.553485453129,0.471716746688,-0.000371905975,-0.422387758522
951,1,0.278132641550,-0.015904453682,0.055737100289,-0.278132641550,0.015904453682,-0.055737100289,0.374059693449,0.594198592602,-0.094846859020,-0.265079312299,0.616729882062,0.165380631207,0.465237819850,1.095900290033,0.485725934559,-0.280669864492,1.115286157474,1.024976991918,0.412177709951,1.168859507066,0.508210031214,-0.216019450136,1.186087224070,1.049891733234,0.726258407412,1.305159980378,-0.051938073449,-0.433070208911,1.347745773749,0.442622837272,0.555448368192,0.471768394113,-0.000394174829,-0.311645935523
952,1,0.244035713004,-0.014151943623,0.044053424036,-0.244035713004,0.014151943623,-0.044053424036,0.332262798815,0.518292553606,-0.048825193677,-0.231446081349,0.539856480452,0.166080341873,0.412601946204,0.956716981978,0.779035388890,-0.241545110724,0.973520102666,1.272276311266,0.366299720074,1.020746898422,0.826064193972,-0.184339350884,1.034733166995,1.326718729983,0.644029047872,1.139019236247,0.138202013339,-0.373471447299,1.177770392378,0.610560417017,0.557485580444,0.471957817674,-0.000394622795,-0.356440522972
953,1,0.244787327289,-0.014037980224,0.044885869796,-0.244787327289,0.014037980224,-0.044885869796,0.343781508627,0.519070055209,-0.134644735709,-0.227732429254,0.538017428444,0.096675179475,0.423570518509,0.959192861573,0.577946041956,-0.231092770822,0.974068581285,1.033891852912,0.374720478751,1.023331919262,0.615850507177,-0.173710422672,1.032563223608,1.071861668348,0.656453969005,1.142826463047,0.011649537866,-0.363245316125,1.180113117389,0.431219016299,0.561356186867,0.471441745758,-0.000401649158,-0.355711323370
954,1,0.294502112066,-0.016847582530,0.058923736900,-0.294502112066,0.016847582530,-0.058923736900,0.424160280733,0.622643714304,-0.159522346902,-0.266607988821,0.645214755592,0.115897474080,0.523115960250,1.149532351607,0.443632079329,-0.262718384456,1.166421740550,1.012490235129,0.461581743856,1.226456955841,0.464523377124,-0.192310957855,1.238024066797,1.035998704836,0.803909739382,1.369220631073,-0.101042850249,-0.421522054870,1.411440686559,0.411138094928,0.566178366542,0.471440225840,-0.000409874134,-0.296551776825
955,1,0.262494735372,-0.016004343998,0.043311148826,-0.262494735372,0.016004343998,-0.043311148826,0.387557864183,0.550426817086,-0.178506472784,-0.231589068000,0.578198665515,0.103728314831,0.476532567453,1.020460338413,0.446347617056,-0.222421030101,1.031688575408,1.123800578632,0.422686340963,1.082778903575,0.493613252712,-0.158709636661,1.090108186524,1.172813639166,0.721120487301,1.217780299139,-0.068617948236,-0.364821948768,1.255691930282,0.485170180770,0.569924250245,0.469393029809,-0.000417305622,-0.333493370344
956,1,0.283643454115,-0.017507209461,0.054143058682,-0.283643454115,0.017507209461,-0.054143058682,0.423999847001,0.591923315075,-0.189460015053,-0.250351239157,0.624062122955,0.111945806814,0.516333448716,1.096085243240,0.485928481801,-0.240646112156,1.110794895750,1.090840113225,0.455999034965,1.162022099011,0.520996077784,-0.171925343232,1.172797902503,1.126758011859,0.789773849552,1.310557249224,-0.064944787799,-0.389671474840,1.354469063070,0.489037821212,0.569710314274,0.469332560897,-0.000418400392,-0.309080278167
957,1,0.290995119322,-0.018432297679,0.058090555212,-0.290995119322,0.018432297679,-0.058090555212,0.444917182653,0.607122459430,-0.191482321605,-0.256190693508,0.638770086198,0.125911616193,0.557367403693,1.123905185110,0.356404322844,-0.239059204526,1.139024424660,0.953187894883,0.498320243272,1.191944233193,0.378779259982,-0.168563682643,1.203252786495,0.968132448338,0.843314114650,1.344360221787,-0.173673565841,-0.379227800864,1.388489407124,0.338430205647,0.569711595774,0.469188109040,-0.000419313088,-0.301629652826
958,1,0.301244392555,-0.019565308424,0.060067934170,-0.301244392555,0.019565308424,-0.060067934170,0.476527590595,0.622935943097,-0.199695834422,-0.261568321785,0.657659459993,0.157878028548,0.604495601425,1.167288729336,0.351517533274,-0.240592739331,1.181752207682,1.028778866434,0.544405153089,1.240653048936,0.371817435066,-0.170064821038,1.251992926535,1.047296173056,0.872345388168,1.401193649232,-0.278852303444,-0.362880583460,1.437687206550,0.331324947726,0.569488644600,0.471594050527,-0.000419674441,-0.291382606097
959,1,0.298156815151,-0.022301191615,0.058769547329,-0.298156815151,0.022301191615,-0.058769547329,0.503096859476,0.606503500489,-0.222540454104,-0.249679927294,0.650198334795,0.179021900542,0.633436280931,1.147749472738,0.363384602426,-0.220553481582,1.173145446700,1.060138703027,0.567585199488,1.216690373371,0.389114475387,-0.143587458038,1.249965006433,1.083306725411,0.878698946801,1.396026497535,-0.286644250646,-0.337821565014,1.419136177488,0.349424555221,0.569352671504,0.477894335985,-0.000418487936,-0.294230758729
960,1,0.258287444737,-0.022455194622,0.024468561141,-0.258287444737,0.022455194622,-0.024468561141,0.460712528112,0.512390696617,-0.391768910874,-0.209980175421,0.564784106146,0.152241561873,0.576129340342,0.976355128840,0.523129160251,-0.176327000819,1.020607452529,1.155271752619,0.517138626458,1.032419685444,0.595890925489,-0.104923470621,1.085690398881,1.200203171921,0.761519463595,1.210143125908,-0.216058791748,-0.281335336486,1.236600515763,0.350508247072,0.569167867303,0.484660029411,-0.000391480047,-0.340111162378
961,1,0.289094491099,-0.027378424207,0.027812813231,-0.289094491099,0.027378424207,-0.027812813231,0.538005916327,0.569351236945,-0.397353997840,-0.233717713789,0.640855598609,0.172178739527,0.663265748155,1.090066551257,0.279916404919,-0.187096781156,1.153222261991,0.972710160338,0.590052430497,1.150237681188,0.318566696840,-0.104698218081,1.231677216521,0.982671176659,0.865649981781,1.354678616625,-0.313744293762,-0.319334718940,1.393215024002,0.256239203839,0.568842321634,0.487398967147,-0.000392157119,-0.303297447765
962,1,0.303080219959,-0.029744689539,0.024881496953,-0.303080219959,0.029744689539,-0.024881496953,0.574061042970,0.594242725549,-0.506510016715,-0.245476070222,0.673744721512,0.211817498279,0.706416241714,1.138537797623,0.270208233756,-0.188168519734,1.216026463874,0.982553214124,0.626279824287,1.191558777879,0.324021751319,-0.099192661476,1.297125025353,0.992383139797,0.909978344872,1.421843257216,-0.284367717485,-0.336139184522,1.469871930045,0.282779126038,0.568721920252,0.488192662597,-0.000390553847,-0.289181730473
963,1,0.306384254301,-0.033414941558,0.025407819359,-0.306384254301,0.033414941558,-0.025407819359,0.584421796717,0.597625693322,-0.503607472250,-0.247027759997,0.683445188040,0.211499542163,0.721127438152,1.147490905163,0.252588493430,-0.185855052840,1.229715681739,0.976741781152,0.644781499669,1.197000100876,0.308268865006,-0.094982744801,1.306657858027,0.992005635624,0.924228492423,1.437988713560,-0.264057580140,-0.334652842786,1.490376392065,0.309742011959,0.568643480539,0.488991141319,-0.000391002977,-0.286108146623
964,1,0.303912438083,-0.032795167422,0.025433871074,-0.303912438083,0.032795167422,-0.025433871074,0.587293578891,0.588746210115,-0.541319544990,-0.243854827932,0.682865746263,0.237319243540,0.730776814174,1.136236503639,0.183442274028,-0.182070200660,1.222330355739,1.002346080831,0.663065575665,1.179451040984,0.232805714504,-0.091677429233,1.301382464171,1.018745087169,0.919454572823,1.426532851934,-0.351193345400,-0.328965567362,1.477591390960,0.321119226430,0.569167718291,0.489766553044,-0.000390205998,-0.288045995052
965,1,0.301898576997,-0.031785711944,0.016086703161,-0.301898576997,0.031785711944,-0.016086703161,0.587136891548,0.587175618499,-0.537088388373,-0.240254745922,0.681560821145,0.315275232013,0.739816867940,1.134520309868,0.154307906865,-0.177668902350,1.223263325269,1.018237225750,0.683984551526,1.176569333447,0.199973986517,-0.088022395410,1.302430483923,1.037060481136,0.917181980015,1.426214798627,-0.399610748897,-0.324946880994,1.470107884280,0.326352916850,0.569924369454,0.489166423678,-0.000387309585,-0.289350769379
966,1,0.301430242019,-0.031567678521,0.014762855545,-0.301430242019,0.031567678521,-0.014762855545,0.595486461387,0.580434168714,-0.587200229135,-0.235782004118,0.686251734566,0.327889290527,0.752098776332,1.134218291979,0.145315294971,-0.173127081145,1.228481067344,1.033652540105,0.698762229453,1.170379320902,0.195959133858,-0.082226931162,1.306881256463,1.052170526346,0.925035212316,1.430714480243,-0.408230276564,-0.320251236333,1.472921005623,0.333522927339,0.571542739868,0.488838851452,-0.000384236686,-0.288573214889
967,1,0.303909102133,-0.034157725420,0.002942173654,-0.303909102133,0.034157725420,-0.002942173654,0.603222252954,0.578638479665,-0.649399764652,-0.233190271047,0.690969228083,0.359907896543,0.767241856874,1.142110833408,0.084081319453,-0.170018045639,1.238205592825,1.034001421810,0.718847329155,1.177262084608,0.137057193531,-0.078037825080,1.316378719542,1.042864327278,0.929301687370,1.441118427599,-0.485782642911,-0.317817010993,1.481834833751,0.304824546483,0.572639420629,0.487711399794,-0.000387480381,-0.287336727170
968,1,0.300045295264,-0.034814082114,-0.023900488529,-0.300045295264,0.034814082114,0.023900488529,0.599529257558,0.567106585201,-0.736316464192,-0.229439209397,0.684293049292,0.351819701686,0.771800314884,1.130822553080,0.005248788969,-0.165253779706,1.231626342105,1.053692567082,0.731034533772,1.165033089411,0.054727928138,-0.072660100862,1.311793758526,1.059206801816,0.920378032774,1.427181946491,-0.652226077114,-0.313151681515,1.465866938501,0.307157288046,0.572990268469,0.487263485789,-0.000379504403,-0.290519739348
969,1,0.295166241983,-0.034943254989,-0.035191301042,-0.295166241983,0.034943254989,0.035191301042,0.595872007044,0.559306809608,-0.754248765158,-0.221729263510,0.674318302875,0.362600204727,0.779173330170,1.114939971616,-0.045450104701,-0.155593905952,1.216991284804,1.039380296112,0.746892219207,1.149089181141,0.000659893725,-0.061577629559,1.296108446992,1.044258855665,0.913038704419,1.406201062032,-0.718340741898,-0.304430038366,1.444566654993,0.264796372899,0.574285864830,0.486876755953,-0.000376893673,-0.294928514648
970,1,0.296146595879,-0.037341133324,-0.034846017469,-0.296146595879,0.037341133324,0.034846017469,0.599119151801,0.554091590008,-0.762215777847,-0.221736980016,0.678447745003,0.383240702576,0.791163020441,1.125558909125,-0.141965606746,-0.154863565794,1.224086602587,1.019891092370,0.755780721163,1.161141307900,-0.103396377981,-0.060917866695,1.303147415579,1.015854501048,0.920352207403,1.416563242197,-0.785854611062,-0.303885941126,1.452587645743,0.236518710430,0.574721768498,0.486108943820,-0.000376191456,-0.293704785141
971,1,0.301430465804,-0.037982285803,-0.040148412527,-0.301430465804,0.037982285803,0.040148412527,0.613276515488,0.564960550925,-0.732559249713,-0.223471044907,0.690510461526,0.424066174741,0.821111842000,1.151953165991,-0.106921910200,-0.153358816189,1.245459686629,1.059968334099,0.786117285587,1.183522683710,-0.070414058575,-0.055727500000,1.326374715235,1.052774213892,0.934024711822,1.447399083922,-0.784645225355,-0.303060098822,1.478445359096,0.246234588970,0.575388908386,0.486008852720,-0.000376757700,-0.288544130713
972,1,0.300669011646,-0.038269474177,-0.057759861426,-0.300669011646,0.038269474177,0.057759861426,0.611881714950,0.564513071214,-0.732333762043,-0.223567554365,0.689218702224,0.452071621373,0.828709832953,1.163159485166,-0.242923236140,-0.152494922600,1.243256384962,1.072254106115,0.806176484148,1.193772713847,-0.223096007879,-0.054057097571,1.324270454739,1.061593448478,0.915504671706,1.447473106434,-1.005172293990,-0.304942264946,1.476268903413,0.256225802885,0.575430944562,0.485805243254,-0.000374770723,-0.289064694182
973,1,0.304333276239,-0.038836632542,-0.055809531544,-0.304333276239,0.038836632542,0.055809531544,0.626394650676,0.573159422589,-0.737236280190,-0.225242867729,0.699015564131,0.446708245858,0.848597510440,1.179605400219,-0.153278878365,-0.152666089664,1.261649114709,1.086279088216,0.825722096315,1.209415822711,-0.122520067933,-0.050756848180,1.343709772170,1.077063681675,0.930894009850,1.467959260037,-0.867573000440,-0.307317121400,1.497329165326,0.266690869742,0.576038867235,0.485751479864,-0.000375854317,-0.284954550941
974,1,0.302570228101,-0.040486185723,-0.057931065133,-0.302570228101,0.040486185723,0.057931065133,0.628036078256,0.571457713676,-0.725012556453,-0.223869942480,0.697315578659,0.445929620973,0.848292551032,1.176501177265,-0.113583780552,-0.150626871753,1.260632632503,1.071089050424,0.823042904711,1.206009851536,-0.078880577543,-0.049212812206,1.342437515197,1.060340685323,0.931451267248,1.464197103682,-0.811146528894,-0.305322901385,1.493848714436,0.235251976158,0.576311483979,0.485083356500,-0.000379662961,-0.286062631104
975,1,0.298887700900,-0.039874355615,-0.056241144581,-0.298887700900,0.039874355615,0.056241144581,0.624716857594,0.563122695945,-0.707412915237,-0.220097994786,0.687653585294,0.459625394932,0.842062607391,1.160131181426,-0.095228772472,-0.147400247651,1.243411387113,1.079091362925,0.813685470271,1.189500314836,-0.060047571909,-0.046524954857,1.324235035059,1.071017261341,0.932409913042,1.446040298466,-0.774881869665,-0.300318346191,1.473642502720,0.278288303647,0.576536417007,0.485058084130,-0.000381654128,-0.289972874653
976,1,0.299013692764,-0.039665776603,-0.055190105654,-0.299013692764,0.039665776603,0.055190105654,0.628363768841,0.565196823673,-0.703640502552,-0.221074303805,0.687882159415,0.452282585461,0.846667426105,1.164583557339,-0.098101738709,-0.146924712438,1.245702302553,1.079597010373,0.817377557747,1.195307047284,-0.066982584482,-0.045871467290,1.327176367009,1.071487316734,0.948377302036,1.450132872851,-0.810886219360,-0.297864203125,1.475299844685,0.267075516561,0.576727956533,0.484660103917,-0.000382132363,-0.289703481461
977,1,0.281875072339,-0.038078361615,-0.056834107004,-0.281875072339,0.038078361615,0.056834107004,0.596717299895,0.531886115674,-0.818749011436,-0.207978899740,0.649155500572,0.369566382667,0.798024695530,1.097482399325,-0.166303718363,-0.137707520175,1.176432959128,1.010800114481,0.769550522861,1.127330122659,-0.131662384650,-0.043135366769,1.253796072122,1.005060794203,0.893731972305,1.368397282006,-0.942822155353,-0.280808888298,1.391420690573,0.155754280083,0.576712220907,0.484326094389,-0.000378653407,-0.307363761126
978,1,0.285923038145,-0.038942072836,-0.061277821080,-0.285923038145,0.038942072836,0.061277821080,0.606087656337,0.539034188757,-0.783485901538,-0.210869311514,0.657804172452,0.412303031686,0.810951729062,1.111769177263,-0.146246059780,-0.139636149821,1.191616333323,1.026484841065,0.784938404770,1.140995173469,-0.112582302130,-0.043024657242,1.269866530551,1.020279442378,0.896958134605,1.386077491800,-0.881797501328,-0.285479416649,1.409401299408,0.187578673647,0.576581522822,0.484170585871,-0.000382268801,-0.303517511994
979,1,0.287193917243,-0.039050591909,-0.063795196957,-0.287193917243,0.039050591909,0.063795196957,0.610342101913,0.539301703699,-0.831948831912,-0.212132836286,0.659349926696,0.411673029730,0.815914141010,1.116069553937,-0.320844535182,-0.140935391692,1.193640029295,1.110213831615,0.791862020042,1.149536482380,-0.298825106386,-0.043553244580,1.272749854573,1.118088698399,0.896504140739,1.389955488840,-1.099389366716,-0.285428499303,1.412019176161,0.302638533444,0.576413422823,0.484198898077,-0.000376758166,-0.302679398630
980,1,0.288040109732,-0.039099584861,-0.062925538309,-0.288040109732,0.039099584861,0.062925538309,0.613339820380,0.539010920894,-0.813844125591,-0.213475132740,0.660527402872,0.414743989214,0.816089359071,1.117436920117,-0.302594780071,-0.141866797154,1.195610637270,1.108385652514,0.791269553108,1.151199653789,-0.277347953009,-0.044316572209,1.274511824351,1.115254689144,0.897122149450,1.392128341428,-1.026588236883,-0.285208166182,1.413587027182,0.330036212938,0.576223224401,0.484186619520,-0.000374341384,-0.302091285135
981,1,0.289461961449,-0.039364054315,-0.062748005268,-0.289461961449,0.039364054315,0.062748005268,0.617136369636,0.538795360560,-0.778249986085,-0.214751401318,0.662806057645,0.420726482797,0.821506738911,1.122662924007,-0.290986159764,-0.143142977609,1.199553780722,1.073785977869,0.801342951054,1.159043261038,-0.271664186120,-0.044964167056,1.279878644113,1.072406184770,0.893933466059,1.397536537626,-1.015843771666,-0.286548504539,1.417608754608,0.294328465774,0.575940221548,0.483954355121,-0.000374465249,-0.301372578776
982,1,0.288083119178,-0.039499883066,-0.062322310215,-0.288083119178,0.039499883066,0.062322310215,0.614981249678,0.532135695587,-0.812707555546,-0.214554745210,0.660488271752,0.407081218608,0.815548876639,1.110964224536,-0.268983762108,-0.143816862972,1.196523812459,1.013112217149,0.795219051428,1.146698863830,-0.243599075348,-0.046591759269,1.276739126242,1.007760361221,0.887089443724,1.393266279831,-0.987854186860,-0.287576419445,1.413585076987,0.188266394898,0.575373888016,0.483324423432,-0.000374129973,-0.302669886975
983,1,0.256874430882,-0.034638002481,-0.061657567055,-0.256874430882,0.034638002481,0.061657567055,0.546602621477,0.473356636011,-0.734173459611,-0.190478634367,0.585571971742,0.335699451729,0.721196797653,0.986659905966,-0.237402753631,-0.129538807720,1.058618621361,0.986483060626,0.701525419727,1.016727931768,-0.213512996086,-0.042701094429,1.128690637531,0.995947263153,0.785566669312,1.234830641249,-0.926355252646,-0.256763992505,1.252803309447,0.176599775486,0.574646770954,0.483151867986,-0.000367738307,-0.341636133778
984,1,0.260108979536,-0.034948864283,-0.067572146695,-0.260108979536,0.034948864283,0.067572146695,0.552968118485,0.479266777452,-0.817790827277,-0.193273047129,0.592237161351,0.332091240497,0.728891781750,0.998968038011,-0.297683198431,-0.131370552833,1.069519009778,1.063688871034,0.708876731369,1.029006633532,-0.275886182507,-0.043365692412,1.139572524623,1.079633089143,0.792013204381,1.248655577481,-1.092082448406,-0.260981206168,1.267786132509,0.243994276404,0.574254244566,0.483072444797,-0.000361538492,-0.337649114179
985,1,0.273557769740,-0.036661815348,-0.070909010183,-0.273557769740,0.036661815348,0.070909010183,0.586088228416,0.502255296140,-0.846590076797,-0.202421831142,0.624310528640,0.350297800577,0.766686335858,1.045021864062,-0.288669093300,-0.138818145366,1.130705587760,1.005370569622,0.743990436987,1.079911288891,-0.264342144091,-0.046716149885,1.207398225229,1.005646879329,0.833694462265,1.313952213486,-1.089577260533,-0.280833150326,1.336512143056,0.207730524963,0.573872625828,0.482952192426,-0.000361288898,-0.320447301416
986,1,0.288569997085,-0.038456914083,-0.071299435289,-0.288569997085,0.038456914083,0.071299435289,0.620155620609,0.531623068760,-0.740024001117,-0.216331404305,0.657910504265,0.408334808374,0.804766926389,1.105605421148,-0.147107808186,-0.149930826168,1.191859327625,1.058801196890,0.776454133844,1.139455043017,-0.112508887343,-0.052796011801,1.272641504728,1.058195296737,0.883883858493,1.387661158233,-0.798134188643,-0.304817337137,1.408529614434,0.261535422239,0.572782471776,0.482998609543,-0.000365315005,-0.303974758061
987,1,0.288673086059,-0.037868422653,-0.067501131621,-0.288673086059,0.037868422653,0.067501131621,0.622587099840,0.531773284045,-0.713484451952,-0.218151371772,0.658189049805,0.408684443745,0.803609140689,1.103441122368,-0.133781955431,-0.152332781027,1.192971335219,1.050630439288,0.775165524654,1.139280271041,-0.100499444020,-0.054077230155,1.273875979822,1.049105022302,0.886481881547,1.389086303829,-0.784177719186,-0.308694208542,1.411292345066,0.264735785168,0.572083100677,0.483227849007,-0.000367322937,-0.303490311437
988,1,0.291342328492,-0.038202472877,-0.060791523734,-0.291342328492,0.038202472877,0.060791523734,0.626571995100,0.536533585404,-0.701028258955,-0.224583260996,0.664532934328,0.421857804745,0.806138877073,1.112013480067,-0.080444601597,-0.158962852128,1.204506787791,1.044034700491,0.775994763881,1.147572666602,-0.039422497904,-0.059496003949,1.286166775973,1.039660224701,0.891153763662,1.402685939377,-0.677984997057,-0.318358402466,1.426070481578,0.267833329164,0.570532321930,0.483230561018,-0.000371561386,-0.300572851313
989,1,0.288803340347,-0.037922148515,-0.053022965871,-0.288803340347,0.037922148515,0.053022965871,0.624621966073,0.534048505479,-0.673605622217,-0.226271938303,0.660546498611,0.419947370213,0.799237818736,1.110660354941,-0.167041836627,-0.162369370519,1.199802924351,1.029904986437,0.768945706647,1.149497799566,-0.147667587291,-0.063197274036,1.281819344442,1.025375831750,0.879154709212,1.398107399156,-0.799717993509,-0.319518124798,1.420252150721,0.266913545778,0.569333687425,0.483111470938,-0.000367596745,-0.301638684289
990,1,0.288356875369,-0.037746665310,-0.050547072665,-0.288356875369,0.037746665310,0.050547072665,0.622816669066,0.532670575522,-0.682251649181,-0.229095175754,0.658794545842,0.416454762571,0.794559769187,1.109981938667,-0.167230305787,-0.167248661740,1.198300776227,1.018227346723,0.763957885634,1.148969852157,-0.147767187660,-0.067728566729,1.280759832035,1.013628466907,0.869794835644,1.397394890621,-0.817853914258,-0.322038077590,1.419612324437,0.228970807425,0.568079307675,0.483153194189,-0.000363975298,-0.301757209910
991,1,0.287053738803,-0.037394357596,-0.046185641750,-0.287053738803,0.037394357596,0.046185641750,0.615184214819,0.529882798288,-0.751698924915,-0.233247667357,0.655800285967,0.355837786680,0.780320490366,1.097848225543,-0.127952356714,-0.174311703556,1.191370759514,1.039074464619,0.738621192925,1.133669595049,-0.087147624062,-0.077088113653,1.271959257005,1.048826745032,0.865657883377,1.390607332956,-0.773284862795,-0.326693726732,1.413096565575,0.272666674234,0.566096976399,0.483244791627,-0.000358034391,-0.303188350385
992,1,0.288776282634,-0.036479372765,-0.042398575703,-0.288776282634,0.036479372765,0.042398575703,0.610618318513,0.530129841100,-0.748709159419,-0.236816890843,0.655937678602,0.311933362278,0.768506793094,1.087544539459,-0.078153211896,-0.179757348117,1.186387466937,1.034357467403,0.726914534201,1.127520506426,-0.032845641045,-0.082373481913,1.266329800493,1.045050033466,0.864300523499,1.383186560603,-0.705681546305,-0.328917219332,1.413054115016,0.276878788218,0.564488202333,0.483520627022,-0.000355241355,-0.304220115842
993,1,0.278704935490,-0.035242117821,-0.028126704426,-0.278704935490,0.035242117821,0.028126704426,0.589511316420,0.512774586033,-0.710416834343,-0.230150690963,0.634590247335,0.248100795196,0.734219867712,1.051641713533,-0.050729536882,-0.175993384964,1.147435134555,0.990051022201,0.683351842466,1.091129757778,-0.009960242101,-0.082048070355,1.224112317373,1.003136138604,0.835449882301,1.337415281810,-0.675459426857,-0.320259379861,1.367084277747,0.258012101968,0.563711062074,0.483507275581,-0.000353088602,-0.314551205624
994,1,0.273693356509,-0.034365410846,-0.011927735701,-0.273693356509,0.034365410846,0.011927735701,0.575034697833,0.503692922541,-0.680790477768,-0.230054695217,0.623484544580,0.182034688928,0.704097707845,1.031744470699,0.000855118701,-0.177842886882,1.127329351752,0.968059150233,0.643225495631,1.072542116480,0.041769221280,-0.085461272237,1.201637906008,0.983817529832,0.818434520503,1.311922909800,-0.624399700259,-0.320558006373,1.343959671312,0.246822784439,0.562320694327,0.483609408140,-0.000351240626,-0.320029668203
995,1,0.254175466747,-0.031237780266,-0.008026219364,-0.254175466747,0.031237780266,0.008026219364,0.525737568934,0.470661844522,-0.627900771260,-0.215341739506,0.574500138040,0.131937079243,0.630038234148,0.947990513619,0.175858054289,-0.170345975656,1.038070136651,0.957270223939,0.554384693896,0.988396562216,0.231848465402,-0.086449511506,1.105236558928,0.986269730227,0.751013044490,1.204750796994,-0.448458695038,-0.294025982405,1.239411415754,0.238020762626,0.560646235943,0.483796030283,-0.000352439471,-0.347091976943
996,1,0.270227856600,-0.032958167024,0.002656714635,-0.270227856600,0.032958167024,-0.002656714635,0.550349110977,0.505772037402,-0.490010575861,-0.234379341418,0.610728908975,0.144676644952,0.642468693898,1.006860114091,0.267225174791,-0.189235664478,1.103523113798,0.966284686413,0.547732045211,1.050920155819,0.316676803806,-0.101289948609,1.173578532673,0.995320358714,0.794071268539,1.280418026432,-0.275478259848,-0.329713678371,1.318827280260,0.255314430762,0.558559864759,0.483836248517,-0.000370845548,-0.326450785913
997,1,0.276428827042,-0.033038542225,0.015176154711,-0.276428827042,0.033038542225,-0.015176154711,0.559144784456,0.532290236306,-0.419601470149,-0.244938316446,0.628573469498,0.170945989819,0.635673891153,1.037850449555,0.196912562186,-0.204483315500,1.136127964544,0.889811644163,0.538014535830,1.092699216037,0.236349562284,-0.112671139499,1.209383692525,0.899198833504,0.811431115481,1.317771009050,-0.346118080779,-0.353207924089,1.357452816828,0.232625514617,0.556717559695,0.483976259828,-0.000378161203,-0.316989737093
998,1,0.283057687212,-0.032306073142,0.028932288445,-0.283057687212,0.032306073142,-0.028932288445,0.558834358066,0.559834376286,-0.375012676770,-0.256625870920,0.643448460596,0.163690218567,0.626066589712,1.065799313229,0.238312182554,-0.217877588850,1.157765293473,0.911048837759,0.527723473358,1.127142575490,0.273844618083,-0.124062942442,1.231239788288,0.924059831651,0.834453580680,1.348625748338,-0.281342599104,-0.368559799747,1.391112075456,0.256375991482,0.554194837809,0.484466329217,-0.000391384121,-0.308910344399
999,1,0.299746193047,-0.030279037846,0.054660031804,-0.299746193047,0.030279037846,-0.054660031804,0.577734221185,0.604906130220,-0.263689801703,-0.273241412596,0.676739745048,0.175470287340,0.646342318529,1.140867002768,0.270159279110,-0.239865906530,1.218212908432,0.905470614510,0.553325853672,1.208693867495,0.299750275250,-0.146944315835,1.294367072201,0.915915749688,0.875828328620,1.422295188429,-0.213561278363,-0.395762517703,1.467032742543,0.272510347561,0.552202478051,0.485614508390,-0.000398837496,-0.292136016689
1000,1,0.298325280283,-0.028623187503,0.059594295358,-0.298325280283,0.028623187503,-0.059594295358,0.548473151678,0.611761220284,-0.218927615147,-0.276057078120,0.670088330366,0.147659265426,0.625903974479,1.141093926393,0.361619790420,-0.244699974932,1.201619138282,0.916924999115,0.545078449472,1.213439627567,0.389998345241,-0.155485901657,1.269290559064,0.945097374375,0.862817799635,1.409955514910,-0.191790615458,-0.382242942151,1.451712568153,0.329594969030,0.549854964018,0.485991775990,-0.000403677113,-0.294511402941
1001,1,0.234231268594,-0.021500468724,0.040127238755,-0.234231268594,0.021500468724,-0.040127238755,0.401684216738,0.482372309231,-0.202894102735,-0.219176049636,0.528084243917,0.107413808956,0.476240145633,0.902436528062,0.474238712632,-0.197934780096,0.942997137855,0.969381241504,0.422575161137,0.963431018666,0.508844750893,-0.130183745808,0.999426409158,1.005790203649,0.671615871467,1.108242113606,-0.145444035509,-0.314121650508,1.141300603698,0.315460334337,0.547038748860,0.485596746206,-0.000413221307,-0.374139901674
1002,1,0.264019197060,-0.023317581447,0.044882661006,-0.264019197060,0.023317581447,-0.044882661006,0.416891620836,0.552639890058,-0.168536293297,-0.246277001053,0.595599469691,0.129225088787,0.521016574506,1.023625528669,0.405455304732,-0.228865767276,1.063203693750,0.900768955713,0.466020756442,1.090483668460,0.448174559838,-0.155117367152,1.126947845085,0.914175259323,0.747452802605,1.248998782900,-0.206498773993,-0.374482687692,1.283465699379,0.270050875474,0.544175446033,0.485378354788,-0.000413822941,-0.332095189761
1003,1,0.245831766465,-0.020563589429,0.037499451314,-0.245831766465,0.020563589429,-0.037499451314,0.359060370880,0.516395268163,-0.150063275281,-0.233177392124,0.554390832697,0.124447984264,0.472416556158,0.961196618702,0.518655265084,-0.223948538746,0.992344166942,0.978243767155,0.424687109651,1.026281853191,0.551685891737,-0.156178559137,1.054838955208,1.004983304122,0.694110325867,1.166623996444,-0.141462030662,-0.358532397900,1.198021663688,0.279348444532,0.540748745203,0.485734567046,-0.000417447183,-0.354598050577
1004,1,0.193494753461,-0.014436591814,0.011664734632,-0.193494753461,0.014436591814,-0.011664734632,0.272505917890,0.409598468325,-0.042361577451,-0.187336419368,0.436784423471,0.169172561658,0.360870877552,0.758100149199,0.855050222433,-0.184113962573,0.780254007733,1.192884563300,0.324067487334,0.808540933488,0.910150084545,-0.130997815713,0.829749412137,1.240906643223,0.540515330317,0.919278044141,0.216665782723,-0.290415673692,0.943279841747,0.505837212679,0.536989688873,0.486488923430,-0.000390826026,-0.448210742292
1005,1,0.202507076698,-0.013038929945,0.011401414139,-0.202507076698,0.013038929945,-0.011401414139,0.280116343616,0.434194128489,-0.088232353903,-0.201930335961,0.459459486327,0.157569621139,0.371318124837,0.799355385058,0.659472807771,-0.201787479995,0.820863533048,1.060600467367,0.331921009901,0.851488857925,0.700406358910,-0.144062616223,0.872832322789,1.095450537070,0.559131185182,0.966612996995,0.067706362541,-0.314554845420,0.994251498849,0.429428704527,0.533067345619,0.485551059246,-0.000390618108,-0.425997905503
1006,1,0.194600774643,-0.010609583905,0.010997825032,-0.194600774643,0.010609583905,-0.010997825032,0.259438494887,0.419163624001,-0.097895848197,-0.200586616022,0.439352395786,0.141347111461,0.343393321280,0.770728563798,0.650608390756,-0.204150186565,0.788160068413,1.001736773333,0.305893896286,0.819925974708,0.692662260278,-0.148902677354,0.838134611667,1.036158923626,0.523547547096,0.929417751703,0.046520044277,-0.313928162273,0.955954381370,0.373273671220,0.527906283736,0.484377682209,-0.000388923800,-0.443392240842
1007,1,0.202991809031,-0.010209713084,0.010247159791,-0.202991809031,0.010209713084,-0.010247159791,0.262374765232,0.434219751969,-0.091320017263,-0.211503550965,0.454950038488,0.161061156595,0.345636765125,0.798596517956,0.756440044648,-0.221828401379,0.814336197985,1.191963190156,0.304373898435,0.850888420395,0.805722718681,-0.165268101700,0.865721754955,1.239329066002,0.531357835570,0.960124900742,0.098200445871,-0.334062279763,0.989217727362,0.497328721579,0.523403614759,0.484022691846,-0.000379936537,-0.428253309855
1008,1,0.210258759968,-0.009918280729,0.012266764326,-0.210258759968,0.009918280729,-0.012266764326,0.266413286401,0.448125318772,-0.105619068539,-0.224312264809,0.466777176216,0.138257368159,0.345045330686,0.821828416209,0.689245303881,-0.239701246366,0.837501045174,1.145166416077,0.302383958700,0.875268389697,0.735350035125,-0.182374114963,0.891038813301,1.177913015340,0.536327492008,0.986585320962,0.101118252173,-0.354775181335,1.016664116840,0.462283455845,0.518702745438,0.483829528093,-0.000382483238,-0.416280205604
1009,1,0.211738547474,-0.009378562197,0.012264061812,-0.211738547474,0.009378562197,-0.012264061812,0.263227298755,0.449628303031,-0.076313602219,-0.227661727507,0.467537539970,0.143746849773,0.338364921123,0.824295692681,0.767971801288,-0.247526027327,0.838409740031,1.171548795447,0.295921474530,0.877641000373,0.818240808568,-0.191429139025,0.892113487875,1.215870393824,0.529916960064,0.986740253226,0.152644331978,-0.361824671264,1.018280403810,0.502091643630,0.515559256077,0.483473300934,-0.000381439691,-0.415389854098
1010,1,0.227785866888,-0.009551301777,0.018298360269,-0.227785866888,0.009551301777,-0.018298360269,0.277929698331,0.483501403878,-0.087793480341,-0.246700777390,0.498951652270,0.118928522117,0.357571589638,0.889530217975,0.783381328052,-0.272732395696,0.899765137152,1.073765690560,0.310144742787,0.946896054108,0.819942789656,-0.213140547812,0.959257490698,1.110735651471,0.564664104062,1.063174762763,0.120689807882,-0.396449195890,1.096943110359,0.431995330848,0.512911975384,0.483194619417,-0.000386671396,-0.385205702203
1011,1,0.205864378289,-0.008555122905,0.019276462810,-0.205864378289,0.008555122905,-0.019276462810,0.249597861375,0.441933526310,0.008510328336,-0.228737392735,0.455086496089,0.117863040678,0.316311279822,0.813128719347,0.837293052898,-0.258439909951,0.822533517029,1.086856370049,0.272376330011,0.865282931687,0.881216193322,-0.205291021950,0.876956828800,1.127980544361,0.503008775760,0.969569717611,0.196388824834,-0.371590383208,1.001764934745,0.422047715492,0.508356973529,0.483094289899,-0.000374955591,-0.421443374174
1012,1,0.211398832807,-0.008526663764,0.022965280416,-0.211398832807,0.008526663764,-0.022965280416,0.252948879584,0.449698602339,-0.011286919571,-0.236943900810,0.463253027981,0.079927878589,0.312274989016,0.825795631888,0.773407301827,-0.271799582776,0.840304362596,1.025897411457,0.268290279744,0.879551350256,0.816057414163,-0.217889725216,0.895938643345,1.065414901121,0.503459521280,0.985978900992,0.165585687768,-0.387707055005,1.022933158451,0.371699619277,0.504973873496,0.482689902186,-0.000382378232,-0.412602109308
1013,1,0.228400246760,-0.008971092967,0.032591240058,-0.228400246760,0.008971092967,-0.032591240058,0.268196825754,0.486693484706,-0.029377005982,-0.259126746792,0.501237567154,0.026516715038,0.329075707046,0.893517507995,0.730834515384,-0.300079045739,0.908476240440,0.923045521205,0.281832107647,0.950864849562,0.763807218094,-0.243124530485,0.968261911046,0.952923547580,0.531270502714,1.064131640227,0.086800735314,-0.424941695025,1.103156440225,0.218782981545,0.501996591687,0.482086807489,-0.000382193830,-0.382366710448
1014,1,0.262129014226,-0.010676689126,0.044078420388,-0.262129014226,0.010676689126,-0.044078420388,0.305593453918,0.555705014653,-0.066075307783,-0.299146073197,0.577676931721,0.000958909580,0.373311456034,1.030670298746,0.526811535296,-0.349443450666,1.047569624466,0.807115320548,0.318359188951,1.096749907223,0.550634994767,-0.290378724216,1.116602066337,0.823810764843,0.608461236135,1.226984562316,-0.077360255472,-0.492578239571,1.269824553585,0.101950458408,0.500431954861,0.480632185936,-0.000389090739,-0.332839973107
1015,1,0.223903745143,-0.009271406303,0.038042013615,-0.223903745143,0.009271406303,-0.038042013615,0.255681517710,0.472331601883,0.037522682584,-0.257087378910,0.489024496746,0.020754688450,0.312162824824,0.878823296288,0.748195080900,-0.303534121901,0.891667294251,0.917127814661,0.264034525675,0.935905578740,0.779959579831,-0.255930589110,0.950973292259,0.947250730914,0.513798213738,1.045801220062,0.067876116229,-0.422374973721,1.080830957309,0.114249296383,0.498114973307,0.480516105890,-0.000382783823,-0.390669434088
1016,1,0.278182875833,-0.011569280950,0.053504976598,-0.278182875833,0.011569280950,-0.053504976598,0.315037988926,0.582703546720,0.014314601882,-0.321617473597,0.603855811721,0.000245863378,0.378801826548,1.080009202745,0.689579846763,-0.380216863817,1.102753750202,0.889359366503,0.320604751770,1.151686627573,0.717113362930,-0.321363915823,1.176051001707,0.911719332469,0.631073701283,1.291016436210,0.065085630152,-0.528060855773,1.335170956942,0.151871414794,0.496460735798,0.480493173003,-0.000391274691,-0.315938419227
1017,1,0.266662920621,-0.011956438779,0.061897366237,-0.266662920621,0.011956438779,-0.061897366237,0.302158776748,0.561658768625,-0.019678717745,-0.312330240739,0.582767838576,0.009163252043,0.360083371035,1.042783232094,0.507790626897,-0.370798750491,1.062192101547,0.850183099845,0.301927483474,1.112301231735,0.526157271268,-0.318739902325,1.132488573963,0.868457172506,0.613425213495,1.243190195179,-0.119852719538,-0.511448815967,1.285597649216,0.126664237321,0.495228886604,0.479774355888,-0.000388228334,-0.328698379868
1018,1,0.282616063872,-0.013229510249,0.071288272212,-0.282616063872,0.013229510249,-0.071288272212,0.319621438256,0.593700535938,-0.026548104417,-0.330862321726,0.618470232885,0.008130727116,0.377060361279,1.103305322947,0.436156910809,-0.395410128934,1.126671351190,0.790887559645,0.316574485259,1.176924497741,0.450455127735,-0.342193938095,1.200486216856,0.803416629215,0.642364991719,1.317647187141,-0.166320819644,-0.544371442449,1.362643015782,0.094127083682,0.494500160217,0.479586720467,-0.000392965041,-0.310068262614
1019,1,0.303707859856,-0.014676813268,0.080115071422,-0.303707859856,0.014676813268,-0.080115071422,0.344007443590,0.639769143641,-0.029586250191,-0.354998820983,0.666502024953,0.017452671037,0.405004597061,1.187494985664,0.435267495245,-0.424250165760,1.211645522461,0.843900340027,0.339821146843,1.266477607118,0.452388998870,-0.368196277870,1.290777204736,0.857275555039,0.690238979911,1.417381661421,-0.172056171152,-0.583953350476,1.465218829665,0.128945819325,0.494608297944,0.478971868753,-0.000394892879,-0.288704660704
1020,1,0.240404160424,-0.011695957735,0.063268540530,-0.240404160424,0.011695957735,-0.063268540530,0.272500330841,0.508537995999,0.067735913093,-0.283507537659,0.529644693560,0.036251584853,0.318791141246,0.944496226565,0.884157278908,-0.340498412530,0.964235274491,1.017762723728,0.266350915689,1.007253265988,0.927446534325,-0.300140515171,1.028059964043,1.054821447543,0.545962605910,1.126475565385,0.187930203909,-0.466581784362,1.165326732879,0.243711064354,0.493565097451,0.478985577822,-0.000394356437,-0.362992884954
1021,1,0.235445640380,-0.011518324146,0.061607092994,-0.235445640380,0.011518324146,-0.061607092994,0.266471790332,0.497437220644,0.043569187927,-0.276585578026,0.518162150628,0.047961503952,0.310307875348,0.920182197427,0.898902339914,-0.334102531268,0.943574581246,1.083118045671,0.260319478613,0.978742084289,0.947551222799,-0.294602867151,1.005285773700,1.124478047455,0.524205716262,1.102362671594,0.218676233668,-0.457176735809,1.140282503464,0.318685538440,0.493439555168,0.479134261608,-0.000394931063,-0.370795348775
1022,1,0.226224302034,-0.011076633727,0.050191373337,-0.226224302034,0.011076633727,-0.050191373337,0.256561293120,0.478300239756,0.030324700449,-0.265249220252,0.498285215758,0.067880601401,0.297058170242,0.883497154558,0.931067818328,-0.320960615784,0.907593661258,1.147654058673,0.250234868469,0.939854493202,0.983617199442,-0.283061886012,0.966624731407,1.193187019909,0.497374032545,1.059830350100,0.240151032708,-0.439548908356,1.095173748086,0.384584024692,0.493554472923,0.479137778282,-0.000369378366,-0.385618804124
1023,1,0.232690805081,-0.011348951261,0.051499895383,-0.232690805081,0.011348951261,-0.051499895383,0.264379562731,0.491980179313,0.010138289875,-0.271933976595,0.512353811911,0.052419751619,0.305901452073,0.909270301943,0.858267559407,-0.329904863392,0.933751732042,1.102947907022,0.257325347465,0.968101034262,0.902188128381,-0.291663679022,0.994824613314,1.140606692326,0.512089562049,1.089654222054,0.224039707583,-0.451892902794,1.126475262157,0.392267339045,0.493711456656,0.479128643870,-0.000368738547,-0.374883523831
1024,1,0.233740871515,-0.011409708875,0.053666679964,-0.233740871515,0.011409708875,-0.053666679964,0.264784791240,0.493974562991,0.007666868188,-0.273266326368,0.514754403903,0.051403237150,0.305628149852,0.914216822306,0.820378676099,-0.331186220321,0.937582325716,1.072513427773,0.256228677371,0.974193779976,0.861466132366,-0.293319383880,0.998867844841,1.108500863986,0.517550827199,1.094452877271,0.188140997217,-0.453658246109,1.130466264330,0.363770138136,0.493798702955,0.479134872556,-0.000365523621,-0.373234636923
1025,1,0.273665577120,-0.013295553951,0.064256380984,-0.273665577120,0.013295553951,-0.064256380984,0.310014010411,0.578521272638,-0.029128036675,-0.318723258961,0.603622054325,0.020428566553,0.355043666308,1.070214204292,0.635395596947,-0.387020426209,1.100398331475,0.919177371653,0.298004520263,1.141131610348,0.661197307461,-0.343137405050,1.172121763644,0.939341570363,0.607326663567,1.280990032978,-0.004853324761,-0.529880614147,1.324481438298,0.182039924579,0.494133025408,0.478961989284,-0.000368347391,-0.319015021036
1026,1,0.255843485625,-0.012510294030,0.051110618278,-0.255843485625,0.012510294030,-0.051110618278,0.290070436264,0.541495686729,-0.025478918465,-0.298669798397,0.564001408998,0.021885326651,0.332391279083,1.000450880143,0.936515658718,-0.361695179364,1.027435991578,1.136186853409,0.279448495915,1.066326622760,0.995549049265,-0.320376197196,1.094132358989,1.185783058828,0.565745193034,1.196954899633,0.203312177041,-0.495354529943,1.237252465833,0.317539765434,0.494242340326,0.479000762105,-0.000366406515,-0.341376269137
1027,1,0.258232441851,-0.012737121621,0.051566585094,-0.258232441851,0.012737121621,-0.051566585094,0.291913009152,0.545714652200,-0.028050663684,-0.300083682247,0.568661726147,0.022961368719,0.332030556308,1.007249056658,0.832152580854,-0.365521777371,1.035948876006,1.085675838278,0.280442201018,1.073821292616,0.876329320516,-0.325114181004,1.102737834622,1.127332450812,0.566224476510,1.206106268171,0.134640695616,-0.498405865199,1.247115793677,0.304626743079,0.494663149118,0.479021027684,-0.000366056338,-0.338558590199
1028,1,0.252910943988,-0.012576309070,0.050142866775,-0.252910943988,0.012576309070,-0.050142866775,0.284294756633,0.534700666604,-0.029338110501,-0.292981484689,0.557862400162,0.036047563370,0.325351425947,0.986085409224,0.855549603714,-0.355952113629,1.014018332263,1.210504852129,0.275624241273,1.051191974633,0.904161130681,-0.316283785771,1.078293738285,1.263561503663,0.550366227295,1.181122590598,0.134938738261,-0.487316863293,1.220934590538,0.423301922210,0.495407357812,0.479283124208,-0.000365862623,-0.345583275396
1029,1,0.263432743811,-0.013266282132,0.054227808207,-0.263432743811,0.013266282132,-0.054227808207,0.298619293403,0.557781078391,-0.055912567662,-0.304942288960,0.583493224342,0.037912053751,0.344119943473,1.032283932491,0.734257673290,-0.368091887321,1.059478723066,1.148109795106,0.291186431412,1.101252762358,0.772004077561,-0.326194609612,1.126465468414,1.189219446010,0.580595364884,1.234894554336,0.025242347349,-0.505514972619,1.275859616310,0.378003925846,0.496888816357,0.479120001197,-0.000368474051,-0.330818736908
1030,1,0.278737950551,-0.014178064160,0.064204943472,-0.278737950551,0.014178064160,-0.064204943472,0.319018341785,0.589052724538,-0.068106250299,-0.320015504630,0.616725802020,0.021244193727,0.368606918839,1.091571398451,0.550670536555,-0.384735713751,1.117803939230,0.914054534195,0.312084652371,1.164570077119,0.574503356783,-0.340212335595,1.188210717910,0.936122996796,0.631974892940,1.305164136816,-0.072431293033,-0.530277323121,1.348270393892,0.218934608666,0.498357504606,0.479072749615,-0.000377987511,-0.313097435176
1031,1,0.241165064620,-0.012221199405,0.041581707450,-0.241165064620,0.012221199405,-0.041581707450,0.278925877174,0.508665123105,-0.016561464293,-0.271786934470,0.532577679153,0.047501040698,0.322331796463,0.941781532941,0.914531948876,-0.327917218815,0.965365413837,1.204225143494,0.273999367115,1.004039085045,0.967141183496,-0.288947427572,1.026318294936,1.257386746386,0.543434975325,1.127134424397,0.164921559577,-0.461979029078,1.164165541940,0.413804971951,0.500165984035,0.479103580117,-0.000356731936,-0.362515036033
1032,1,0.251791707863,-0.012946791635,0.044697926436,-0.251791707863,0.012946791635,-0.044697926436,0.295510978441,0.532282185839,-0.082852712431,-0.278421491684,0.556584531809,0.040430202152,0.344355145928,0.983990252384,0.595189803539,-0.335158391949,1.008765710674,0.969109231775,0.293787939433,1.049216213026,0.625264076886,-0.293972204232,1.072654248902,0.996772049049,0.574977739242,1.177907572601,-0.031645363394,-0.474334641806,1.215630165984,0.279791750487,0.502860561013,0.478991776705,-0.000359935220,-0.347086282144
1033,1,0.240281211470,-0.012302442284,0.042519752743,-0.240281211470,0.012302442284,-0.042519752743,0.288847539167,0.510878591208,-0.038464395867,-0.263126181617,0.533823172939,0.036123382141,0.337857755842,0.942548602578,0.820569301287,-0.314073637798,0.967189215600,1.011673384935,0.290307219334,1.004680710885,0.866671765258,-0.274470212278,1.029177092918,1.049517554623,0.558107859775,1.128586819736,0.122370137839,-0.447043577589,1.165093559838,0.272730366812,0.505643144250,0.479131847620,-0.000361242332,-0.362014220806
1034,1,0.234958742569,-0.012227520096,0.037775830015,-0.234958742569,0.012227520096,-0.037775830015,0.294322208338,0.502846945446,-0.053461541741,-0.249256981685,0.525322253062,0.037209234445,0.344352556798,0.925393487076,0.826790735107,-0.295009957629,0.950367469041,1.095333612309,0.297596993426,0.985936909321,0.877525794380,-0.255348429256,1.011066291126,1.141582106974,0.559028308723,1.110249996643,0.128668948519,-0.424736516297,1.144638753524,0.330838466213,0.510744273663,0.478602215648,-0.000367887784,-0.368981514436
1035,1,0.224887171466,-0.010848146927,0.024537600369,-0.224887171466,0.010848146927,-0.024537600369,0.282855805937,0.478851561090,-0.064337922816,-0.234459355817,0.499040795548,0.064893874362,0.337799383034,0.881730042587,0.786705687794,-0.272041707275,0.904713391664,1.094774850090,0.293175434437,0.939401640612,0.834156335662,-0.232036228627,0.962616856832,1.137168637342,0.538103938396,1.057431260164,0.116350296734,-0.396076608793,1.089792056005,0.343901687148,0.514365166426,0.479248523712,-0.000368580222,-0.386880992748
1036,1,0.307547018446,-0.014577943325,0.052864991217,-0.307547018446,0.014577943325,-0.052864991217,0.390536440088,0.655712657844,-0.121879391511,-0.319317368426,0.682444243764,0.087629405222,0.472928045573,1.208525417928,0.539851258573,-0.365129253382,1.236947016616,1.035853276872,0.411015654265,1.287007153753,0.569425584869,-0.307753678763,1.316061821177,1.060547284945,0.752134050188,1.447681011917,-0.034181959831,-0.538531824999,1.494011764146,0.379659616612,0.517211034894,0.479737594724,-0.000386951957,-0.282361645471
1037,1,0.272211612381,-0.013605298569,0.043202542354,-0.272211612381,0.013605298569,-0.043202542354,0.352785498005,0.579474674460,-0.122052937151,-0.279479152176,0.602997465862,0.075836159985,0.430036086083,1.069432017868,0.590491112684,-0.312578066405,1.094452293800,0.929090099650,0.375493264426,1.138813286407,0.626615846885,-0.259801319181,1.164557717364,0.953540288140,0.668177167508,1.280159447066,-0.048641610579,-0.466869269390,1.323407563169,0.325123611342,0.520814955235,0.480108514428,-0.000385090243,-0.318783660367
1038,1,0.263864832922,-0.013368010529,0.038788869182,-0.263864832922,0.013368010529,-0.038788869182,0.348664457831,0.566108510445,-0.119674712073,-0.271822324020,0.588711943558,0.073278117827,0.429170174582,1.043683457730,0.715327417311,-0.297477253434,1.066967736919,1.118459743558,0.373713136949,1.112734345071,0.769067612106,-0.243641898865,1.135527459384,1.166033065137,0.668940981098,1.249062418151,0.023910338289,-0.446454326745,1.291002572871,0.399201674970,0.524075433612,0.480356380343,-0.000393327791,-0.326805348513
1039,1,0.249348593679,-0.013108302425,0.034549853446,-0.249348593679,0.013108302425,-0.034549853446,0.335335053293,0.535307430400,-0.098496976210,-0.251310592919,0.556722432330,0.077081163126,0.419846292981,0.987998175547,0.802071944352,-0.270280450269,1.010346416310,1.140752156165,0.367532312201,1.053434778335,0.851892068011,-0.217754314693,1.075577093971,1.185445176767,0.644894077682,1.181743783459,0.047655284384,-0.410705813017,1.222945767488,0.373888755282,0.528545826674,0.480985447764,-0.000388911925,-0.344443284618
1040,1,0.280688379241,-0.014829022975,0.039078171328,-0.280688379241,0.014829022975,-0.039078171328,0.387021773660,0.600962852786,-0.169463379359,-0.274524374915,0.624323320598,0.085506356060,0.488252279556,1.110253590271,0.467145831913,-0.287527047809,1.132225317557,1.050027537391,0.429538725922,1.182783976368,0.491821555238,-0.227388350904,1.204559614190,1.080154644868,0.748228272405,1.327275118377,-0.188997348162,-0.443668233713,1.371803734971,0.369742201187,0.533826857805,0.480946332216,-0.000394109171,-0.307006252242
1041,1,0.247084120331,-0.012835408077,0.019849530397,-0.247084120331,0.012835408077,-0.019849530397,0.347820471679,0.526494349404,-0.075860564651,-0.231406515544,0.547025000809,0.130845687585,0.443934374553,0.972970205342,0.918869063714,-0.238069395280,0.992360056616,1.363359218154,0.392892477205,1.036151539144,0.971716190741,-0.185555079769,1.055778552723,1.420567591175,0.669114100862,1.163859774619,0.043679400268,-0.373389841701,1.201719471561,0.505783904176,0.539302989841,0.481625080109,-0.000378637109,-0.349592069136
1042,1,0.245364965349,-0.012872036746,0.017235714994,-0.245364965349,0.012872036746,-0.017235714994,0.355937546090,0.521740303421,-0.118103068307,-0.218015531496,0.542248581638,0.134450114291,0.457385435734,0.962990032218,0.825386729648,-0.218774628569,0.980924670958,1.266146623127,0.406843797407,1.025350919982,0.881302633492,-0.165427891975,1.044059000672,1.315484388851,0.683428359711,1.152449725807,0.015468452668,-0.351828751761,1.189288885654,0.511967775058,0.545624703169,0.481675758958,-0.000385091640,-0.353184990033
1043,1,0.260727753097,-0.013878020773,0.018610860179,-0.260727753097,0.013878020773,-0.018610860179,0.394960512088,0.553982491009,-0.168727742373,-0.220012611090,0.576164827020,0.142437646226,0.505905149863,1.023963503355,0.605094163779,-0.213501670424,1.040464036096,1.316003355686,0.452279896179,1.091012758366,0.638748472744,-0.155113489003,1.107660705252,1.368050489899,0.747631568957,1.223380271673,-0.164901792284,-0.352237546439,1.261835123163,0.509072073614,0.552434399724,0.481812015176,-0.000388392946,-0.332767406217
1044,1,0.272374931406,-0.014556106339,0.019918526640,-0.272374931406,0.014556106339,-0.019918526640,0.429398240002,0.575525462736,-0.176087525414,-0.215688908576,0.598004817414,0.157670363450,0.548624528934,1.063725844564,0.600964823557,-0.199942325110,1.080619938747,1.345888573402,0.493225913960,1.132924506183,0.636427257274,-0.137811032127,1.150722479422,1.398466038124,0.799358603075,1.271799399671,-0.139317423920,-0.344226139728,1.311189252195,0.543542266985,0.559644833207,0.482432842255,-0.000393355731,-0.319758402088
1045,1,0.261441933341,-0.014312961190,0.019288054823,-0.261441933341,0.014312961190,-0.019288054823,0.429039084813,0.551878049062,-0.200336751425,-0.201784439183,0.573933769530,0.167974953842,0.543362779823,1.020048682051,0.516790853080,-0.176156189868,1.041989949975,1.179731593821,0.490227113493,1.086391814241,0.547999289805,-0.115333604582,1.117356949895,1.207389766295,0.785116595566,1.219462746466,-0.166403125870,-0.326159302916,1.257430052967,0.463106798117,0.565350607038,0.482586964965,-0.000399149023,-0.333299474850
1046,1,0.261063042871,-0.014451585429,0.019632311422,-0.261063042871,0.014451585429,-0.019632311422,0.445619466736,0.552370281762,-0.284514022119,-0.193923608685,0.573322081935,0.167363599232,0.564201575776,1.018767874042,0.420991810643,-0.155639508973,1.040111646963,1.177899130777,0.510733262154,1.084530227284,0.452172832242,-0.091974281333,1.114687139755,1.206958483854,0.812968258605,1.217937331128,-0.273635417335,-0.303559778664,1.256526834015,0.474879585084,0.572500258684,0.482530415058,-0.000398979988,-0.333930867548
1047,1,0.255437345641,-0.014737861411,0.018830221759,-0.255437345641,0.014737861411,-0.018830221759,0.450475339204,0.545336917843,-0.258939217739,-0.186331783034,0.567611004888,0.181990594062,0.569434305895,1.005030156953,0.472857824104,-0.141729848950,1.026677807884,1.198305436223,0.516935822027,1.067370597300,0.505322558469,-0.077249232096,1.099722832269,1.233868288476,0.813995299913,1.202407415259,-0.220313015330,-0.287609088044,1.240050691108,0.497500876085,0.576662063599,0.482727482915,-0.000399454264,-0.338158836331
1048,1,0.265769260748,-0.015378494347,0.019612143858,-0.265769260748,0.015378494347,-0.019612143858,0.480434322620,0.562582011180,-0.279653457171,-0.183831524334,0.587112026641,0.194196800730,0.603943038702,1.037196302040,0.335983406626,-0.131517053221,1.060433856459,1.112433152747,0.549271427210,1.101142558663,0.359049715415,-0.063117591514,1.135490293043,1.136247347829,0.855447060891,1.243643120112,-0.322089829928,-0.280615642844,1.279839852461,0.456658360029,0.581671580672,0.482756987214,-0.000401550205,-0.327616371189
1049,1,0.263225361247,-0.015561827759,0.017321682019,-0.263225361247,0.015561827759,-0.017321682019,0.491341729641,0.554970926652,-0.293899638809,-0.178154096279,0.581585948675,0.196610191055,0.615065857066,1.024538766184,0.365824024725,-0.116128601140,1.050646677396,1.086671515311,0.563396098487,1.081306142576,0.396911003976,-0.046577776330,1.124643197694,1.112320285653,0.860043479586,1.232738591915,-0.280215942467,-0.259458097790,1.264980884830,0.444350706381,0.586946412921,0.482735395432,-0.000406160252,-0.330516047924
1050,1,0.264026667349,-0.016077740074,0.013702121531,-0.264026667349,0.016077740074,-0.013702121531,0.500132084023,0.543610844454,-0.372638861131,-0.174986963177,0.580653118147,0.185273629505,0.626542642640,1.005525606751,0.374287858162,-0.104455775465,1.050792946239,1.014074941801,0.572492867046,1.055264168521,0.416813441443,-0.033898084944,1.124106748657,1.040367802168,0.852427710576,1.227160669732,-0.259526199859,-0.246622434617,1.265283428714,0.381674952899,0.591037839651,0.482561945915,-0.000408892985,-0.330602036138
1051,1,0.278895989083,-0.018056933710,0.010578426248,-0.278895989083,0.018056933710,-0.010578426248,0.539589506319,0.562613238883,-0.400300281330,-0.175794141209,0.614442554575,0.206963385326,0.665231263058,1.032265757733,0.364638958473,-0.096492451826,1.111154675783,0.914704921654,0.608338631740,1.074529231323,0.417358622311,-0.019840586542,1.188390791802,0.927568833406,0.859921137392,1.283973677964,-0.172524085684,-0.247185842432,1.339595950192,0.331669253645,0.595290273428,0.482342302799,-0.000409372617,-0.312484034693
1052,1,0.282418063276,-0.020985919217,0.008090346542,-0.282418063276,0.020985919217,-0.008090346542,0.553354810611,0.562247568479,-0.386387395251,-0.171967163751,0.626820537871,0.208647686373,0.650260434391,1.001576626305,0.485677547806,-0.083628830612,1.135398119315,0.770721512289,0.599266495056,1.034168742720,0.561881836140,-0.006268020603,1.214189413801,0.772123868172,0.830649978029,1.256612182689,0.147720352451,-0.239749508677,1.366304774129,0.180713095210,0.599333047867,0.481478139758,-0.000414695591,-0.307255798813
1053,1,0.283901408795,-0.025477368023,0.004179726036,-0.283901408795,0.025477368023,-0.004179726036,0.564974995327,0.545523156168,-0.375435269811,-0.167838285450,0.637565902111,0.178344363033,0.622051341746,0.948446566534,0.554433917193,-0.071293855526,1.154087522656,0.672289186650,0.576035470374,0.974053369515,0.644309917027,0.004382220672,1.233903356167,0.671281214985,0.774543405958,1.231284398209,0.247928056107,-0.230593658192,1.387407223515,0.052758824038,0.602179408073,0.480189189315,-0.000418107724,-0.303353594415
1054,1,0.278140198930,-0.028164831600,0.002250836796,-0.278140198930,0.028164831600,-0.002250836796,0.557022891410,0.508949975774,-0.366148483886,-0.156941032322,0.631668090895,0.099579570092,0.558268693119,0.861123826150,0.792052789687,-0.058541230499,1.137582546942,0.620296332953,0.515578710168,0.881155238637,0.905649984799,0.015463214131,1.215903972494,0.625556470867,0.677375545508,1.156868166770,0.529443776233,-0.203640887977,1.373706363315,-0.021215296492,0.605590671301,0.479253426194,-0.000416361814,-0.307137174570
1055,1,0.264825041773,-0.028489017392,-0.001845295790,-0.264825041773,0.028489017392,0.001845295790,0.529750451371,0.472120942330,-0.419374130057,-0.145849481067,0.597828938379,0.101229444005,0.478997238221,0.731225018114,0.945479516997,-0.048616982543,1.076680620339,0.591813918399,0.407272191084,0.744082548886,1.086533432581,0.021011706136,1.151817348564,0.593592124602,0.576332121092,1.011238415688,0.761764372240,-0.180573815175,1.300129645222,-0.073119921906,0.606989592314,0.478575274348,-0.000408065585,-0.325139487876
1056,1,0.248057646545,-0.028402548229,-0.001631072212,-0.248057646545,0.028402548229,0.001631072212,0.492899146712,0.443410695383,-0.406588343790,-0.135008013600,0.560805911306,0.087307006856,0.406032328539,0.640783191949,1.084007406109,-0.034892243081,1.010205244266,0.512868989024,0.334674021819,0.645078189062,1.236846508252,0.037405417421,1.084221623819,0.512336980059,0.491268567100,0.883503944051,1.010154959053,-0.160351188760,1.220527379190,-0.098247297453,0.609161257744,0.477531835437,-0.000408828455,-0.347594538151
1057,1,0.229522427296,-0.026812699899,0.001592654938,-0.229522427296,0.026812699899,-0.001592654938,0.453955098855,0.403437919336,-0.391120292139,-0.123482313126,0.518036277901,0.069225562384,0.358892224799,0.533881752839,1.287450597835,-0.025099950541,0.935241389556,0.542774039661,0.290624989257,0.535138357540,1.458810088458,0.043313434968,1.002693478802,0.549381308668,0.432375810768,0.769257304227,1.231650445356,-0.134989366664,1.132035883083,-0.043298986734,0.611474812031,0.476941868663,-0.000394888033,-0.376429007714
1058,1,0.234416923846,-0.028673617949,0.001716513844,-0.234416923846,0.028673617949,-0.001716513844,0.464586524760,0.407513036882,-0.388422719385,-0.121455016013,0.533140434018,0.077869141222,0.353349168752,0.500316245764,1.457996868377,-0.016121472061,0.962849802006,0.585606765599,0.288904474223,0.495405857785,1.641579209874,0.056024828613,1.031025805461,0.594786772911,0.417915097438,0.736875485596,1.487002909087,-0.126680386192,1.162775122831,-0.004579245329,0.614437729120,0.475604280829,-0.000395873416,-0.368245058482
1059,1,0.236425101616,-0.028941538303,0.001791969935,-0.236425101616,0.028941538303,-0.001791969935,0.469939519523,0.408587788764,-0.420096945363,-0.120681059218,0.543383162177,0.090213744111,0.349639503304,0.467819870596,1.466573341166,-0.010939037765,0.977272312512,0.670002829621,0.286501177965,0.454492619427,1.662414701938,0.062226459060,1.043407881296,0.694200738820,0.395797134253,0.699698579743,1.530239214108,-0.123232483174,1.178696735282,0.119783679889,0.616143137217,0.475793793797,-0.000396494666,-0.363922724092
1060,1,0.225999506035,-0.028239020749,-0.002612714458,-0.225999506035,0.028239020749,0.002612714458,0.451148191433,0.391295993805,-0.652260116580,-0.111894517253,0.523282485158,0.109656711993,0.323357550432,0.424045218513,1.407147236076,-0.004878655081,0.940550735406,0.726457640977,0.261453606522,0.403358485350,1.623503585547,0.064440333370,1.004218963945,0.752165956425,0.346358010816,0.630666994458,1.491081491590,-0.112896654129,1.131047845201,0.144981007843,0.618226885796,0.474772736430,-0.000386051543,-0.380121013284
1061,1,0.232015903406,-0.029738764382,-0.012128378462,-0.232015903406,0.029738764382,0.012128378462,0.460456156023,0.403085603515,-0.621960995687,-0.113826227379,0.539291418275,0.192111835955,0.336037716317,0.420056881998,1.369286667297,-0.000786185170,0.970572605475,0.739802957384,0.273708714098,0.396238293535,1.578210659242,0.069871138621,1.036408154823,0.766122340398,0.331035804677,0.609380914787,1.507002925197,-0.113427571022,1.165743436902,0.153056787382,0.619464933872,0.474069952965,-0.000374246622,-0.369598224680
1062,1,0.236567574277,-0.030540970157,-0.015180982153,-0.236567574277,0.030540970157,0.015180982153,0.462036239241,0.407814623167,-0.494480459661,-0.114877685959,0.550991013169,0.263723103302,0.340296997254,0.419621071935,1.337150193008,0.001175701298,0.992449810819,0.746538612720,0.271642348210,0.378146252157,1.525135690684,0.072659522733,1.058303864972,0.766164210087,0.334063735605,0.598536909077,1.455988983096,-0.111545122567,1.189335146420,0.171915147368,0.620766550303,0.473290890455,-0.000369156478,-0.362915181224
1063,1,0.244916033983,-0.033318257258,-0.019156426896,-0.244916033983,0.033318257258,0.019156426896,0.478889330788,0.425658720567,-0.502146818256,-0.117864040498,0.574718423194,0.323750298990,0.338012463916,0.403658161650,1.385473855375,0.001476265934,1.032373460759,0.799614872133,0.261344525321,0.348913321210,1.587661596554,0.075048327690,1.099898986485,0.818104415599,0.327404255085,0.582044679114,1.571021662871,-0.114578171987,1.236053726119,0.287602361781,0.621142596006,0.472258836031,-0.000363387167,-0.350114207240
1064,1,0.243068448600,-0.032865613428,-0.027114735762,-0.243068448600,0.032865613428,0.027114735762,0.469207291933,0.426788390601,-0.474244620546,-0.114736669743,0.572302076558,0.336511708521,0.347479272413,0.393078429038,1.453686328944,0.003600504524,1.029382466521,0.787358881023,0.278472436754,0.334449981040,1.663026794422,0.076811016995,1.095326144718,0.805658632460,0.335765597186,0.541841072197,1.685925343247,-0.112153241118,1.229998466614,0.273483102177,0.621926993132,0.471716657281,-0.000363347586,-0.352238921212
1065,1,0.244169220459,-0.032721047283,-0.029084422426,-0.244169220459,0.032721047283,0.029084422426,0.467477586789,0.430233953786,-0.473097889575,-0.112312505247,0.574547828532,0.372418872191,0.343510468181,0.359204756297,1.403971216961,0.004516221021,1.033271407666,0.797198108804,0.283896486491,0.323689563514,1.605213424807,0.078787002382,1.099307625713,0.812545945112,0.329703483184,0.521402248484,1.629885206393,-0.109882717577,1.234991307424,0.323439921437,0.622865080833,0.471503153443,-0.000363552012,-0.351182988084
1066,1,0.245123284085,-0.032752153637,-0.030500382727,-0.245123284085,0.032752153637,0.030500382727,0.471039379330,0.432970133684,-0.496427858038,-0.111193850411,0.576530597093,0.426109468807,0.305706078335,0.355410960868,1.397941467028,0.003898196972,1.038177570140,0.818592986415,0.246762257152,0.326870234705,1.605682621913,0.079747958139,1.103613990955,0.828935037479,0.274118968618,0.528278127473,1.649848462850,-0.111443958416,1.238844326535,0.342381390563,0.623471111059,0.471226572990,-0.000357253011,-0.350323964776
1067,1,0.250175826763,-0.033425083408,-0.032583284670,-0.250175826763,0.033425083408,0.032583284670,0.478785187231,0.446084157430,-0.519634116479,-0.113288822414,0.590172912371,0.409540590420,0.323672920484,0.355403008834,1.414848673181,0.004716957928,1.062385439065,0.841549444879,0.280009165986,0.340045176125,1.629769281036,0.084758362261,1.128754874638,0.855376816450,0.306721578491,0.495817056926,1.646867068655,-0.118407462255,1.268811678888,0.404622487165,0.623623043299,0.470874965191,-0.000358375721,-0.342701332799
1068,1,0.246403889765,-0.032880949129,-0.031233840674,-0.246403889765,0.032880949129,0.031233840674,0.469106264367,0.440938595272,-0.474569200260,-0.110156459249,0.580703465359,0.389510247491,0.327044524894,0.344293978043,1.409415836531,0.004184885411,1.046000838805,0.830642230916,0.280759894198,0.294518092190,1.618885241675,0.083848824795,1.110684726463,0.845530380485,0.318456892905,0.501814105428,1.676062759603,-0.115581767081,1.248704311251,0.394441859327,0.624057531357,0.470871239901,-0.000357680488,-0.348280116586
1069,1,0.245975823298,-0.032748055735,-0.031742933217,-0.245975823298,0.032748055735,0.031742933217,0.469131792520,0.441500394588,-0.483618533374,-0.109741782957,0.580766838957,0.413360007788,0.318683026793,0.351866104095,1.423794013073,0.003693020851,1.045772471159,0.858612709352,0.242141131707,0.297291044393,1.639299334556,0.083801322840,1.110421210235,0.874657177370,0.307608583939,0.515937076158,1.713121425183,-0.116097460890,1.248704001117,0.426957832383,0.624179184437,0.470867887139,-0.000355836470,-0.348361600136
1070,1,0.246993203496,-0.032821301719,-0.032255133813,-0.246993203496,0.032821301719,0.032255133813,0.468798895166,0.448173326601,-0.478270634584,-0.108595249244,0.582168314987,0.399501451549,0.336674819712,0.347851681540,1.419388430647,0.004478742946,1.051443155435,0.858169903713,0.276532877077,0.284545981457,1.638718623284,0.084501055648,1.116867695951,0.874010145393,0.324800216606,0.486221144296,1.669131750000,-0.116569950178,1.253031813975,0.404936933765,0.624462157488,0.470808193088,-0.000358659308,-0.347274541486
1071,1,0.244769935110,-0.032345724954,-0.032287796107,-0.244769935110,0.032345724954,0.032287796107,0.461152566870,0.445490264803,-0.468449087792,-0.108036768094,0.577673136835,0.387918477454,0.332139136178,0.360733962978,1.415262237270,0.004150213920,1.042891479688,0.845392041715,0.255101805376,0.306828545497,1.627081053774,0.083066267576,1.107918725583,0.858667675288,0.316593712203,0.510238261769,1.650292388075,-0.115741283480,1.242422663018,0.379585779526,0.624447733164,0.470359817147,-0.000358076766,-0.350478789023
1072,1,0.245111250952,-0.032253694205,-0.036651281794,-0.245111250952,0.032253694205,0.036651281794,0.460017354636,0.449716890411,-0.446132619765,-0.108066279119,0.576417888001,0.385570029530,0.333995658242,0.368660539621,1.473381363160,0.004338740505,1.044356790328,0.841249367410,0.257500791994,0.317023771691,1.687276944584,0.083684151431,1.109041284089,0.854650026741,0.321712550704,0.522730614756,1.731513263259,-0.115943550472,1.244958401366,0.371197164001,0.624496281147,0.470329195261,-0.000363728032,-0.350011054577
1073,1,0.244681967385,-0.032367149348,-0.037281951946,-0.244681967385,0.032367149348,0.037281951946,0.455654319752,0.450435574211,-0.441479306948,-0.107831614400,0.577559880467,0.381294403549,0.336454975077,0.371960534625,1.471861571717,0.006019704598,1.042969391271,0.838280227986,0.264295671633,0.323048714146,1.684145928414,0.084117992213,1.107644126789,0.852809225087,0.330930638994,0.530240716496,1.730629678450,-0.113310747044,1.243052558041,0.373405893614,0.624490618706,0.470069184899,-0.000364972744,-0.350744010350
1074,1,0.245525674364,-0.031783632175,-0.037348326348,-0.245525674364,0.031783632175,0.037348326348,0.453617696358,0.452515997377,-0.436736948605,-0.108964589978,0.576905225135,0.367221236664,0.338000565675,0.373478595847,1.470716463963,0.005357682283,1.041952728900,0.795991701580,0.265194196354,0.335528857575,1.681229071135,0.083649541192,1.106171810512,0.807241215481,0.332553759097,0.559362564674,1.710781187741,-0.110784225201,1.244457100665,0.301780018986,0.624413251877,0.470283657312,-0.000365064014,-0.349772519703
1075,1,0.241798185610,-0.031346802965,-0.036404564753,-0.241798185610,0.031346802965,0.036404564753,0.446862977297,0.445625899045,-0.436893555119,-0.107693613102,0.573804083716,0.330125105672,0.347981946070,0.407205897028,1.415881291834,0.004953938951,1.026363876684,0.781747548936,0.289231624155,0.383241720120,1.617116158109,0.081634905062,1.088161109946,0.793889347068,0.346396437056,0.589488548158,1.605802129698,-0.109605259018,1.225841432683,0.295644735004,0.624299079180,0.470287457108,-0.000364152715,-0.354919112125
1076,1,0.237995364160,-0.030798937495,-0.032975523293,-0.237995364160,0.030798937495,0.032975523293,0.439181389719,0.430044964471,-0.410390902004,-0.107300258830,0.563404501211,0.259918979235,0.347279134983,0.456265147963,1.282105356747,0.004688871182,1.006904514242,0.716934978658,0.297655028266,0.439199749459,1.453418312035,0.078829872658,1.068351798109,0.727074835871,0.362607413324,0.646101553877,1.343275635466,-0.104629061134,1.203700292877,0.202008998304,0.623714208603,0.470611527562,-0.000363566913,-0.361171612885
1077,1,0.232355497921,-0.029852440547,-0.028654304364,-0.232355497921,0.029852440547,0.028654304364,0.424098420860,0.416599353984,-0.583575278296,-0.107432636606,0.546258392026,0.166194253999,0.328095291911,0.459510030105,1.241762441823,0.002493214605,0.976005793171,0.684873616457,0.276155942813,0.445292510738,1.423619508808,0.073659948370,1.036066228627,0.698738149801,0.347912752350,0.675445658389,1.304803353856,-0.100557515466,1.169014987254,0.127129343750,0.622595131397,0.470709472895,-0.000353779178,-0.371319556959
1078,1,0.210920150490,-0.026156434012,-0.020088503915,-0.210920150490,0.026156434012,0.020088503915,0.379528250543,0.374279482002,-0.595149563011,-0.100819465021,0.492485073103,0.111897677319,0.291440253553,0.429370915533,1.247553656974,-0.001622650894,0.880719200336,0.686462234716,0.244716822914,0.417040046475,1.442401860904,0.062509338788,0.935086535616,0.712653697543,0.309447170104,0.637729279879,1.197052050959,-0.094752837161,1.055667697500,0.133371076310,0.620900005102,0.471575155854,-0.000338388607,-0.410508329412
1079,1,0.219850054043,-0.027151260891,-0.012927273262,-0.219850054043,0.027151260891,0.012927273262,0.390571637696,0.386751945707,-0.564001847588,-0.107520333450,0.511660922622,0.105941368307,0.300046001646,0.479159164763,1.286407836624,-0.004224354595,0.913149922714,0.675523824273,0.248273187162,0.473956963585,1.489319040028,0.060483022355,0.971188290876,0.698963690608,0.325182251055,0.702328403075,1.264238408615,-0.103799882663,1.094430619343,0.121074661116,0.618382602930,0.472944498062,-0.000342152314,-0.394897009247
1080,1,0.225261617101,-0.027852518673,-0.004631845033,-0.225261617101,0.027852518673,0.004631845033,0.398281641936,0.396917845170,-0.357834225038,-0.113372113429,0.522545100849,0.102156542239,0.307669951377,0.543648330031,1.179994642082,-0.008726334556,0.927496591559,0.572627276625,0.250336727420,0.542111960491,1.330800195925,0.057277530367,0.988344467757,0.584081823531,0.349647756615,0.763040693703,1.139142079402,-0.111337905082,1.121500413768,0.047280150082,0.616423338652,0.472995638847,-0.000356683857,-0.385280827111
1081,1,0.217223969450,-0.025999142313,-0.004561505226,-0.217223969450,0.025999142313,0.004561505226,0.380541476802,0.382529111837,-0.516143815382,-0.114893990803,0.502125226273,0.028332149176,0.301288052290,0.566882915406,1.076929557094,-0.015501026779,0.893590436069,0.554415281107,0.238962751247,0.571953548712,1.232458354618,0.047606366904,0.952368401703,0.567523947571,0.361584307677,0.778373831118,0.928997590224,-0.117739812362,1.080975138266,-0.059150204260,0.613570153713,0.474138289690,-0.000358979800,-0.398701743808
1082,1,0.232924198024,-0.028074819077,-0.004445204127,-0.232924198024,0.028074819077,0.004445204127,0.400996920934,0.424740240975,-0.407440390648,-0.127101707633,0.537672976347,0.033171675145,0.326142666581,0.653840734360,1.007212806363,-0.024844209946,0.957699989788,0.505742970480,0.259127929565,0.662412252404,1.137599288933,0.042174057879,1.020807566701,0.511935084996,0.419728740405,0.892610506113,0.853137972015,-0.138560945198,1.158754151297,-0.081301911886,0.610287845135,0.474770516157,-0.000365098647,-0.371388691211
1083,1,0.249053418720,-0.029536461964,-0.005433120084,-0.249053418720,0.029536461964,0.005433120084,0.420562948658,0.466098822033,-0.247628117451,-0.139530300695,0.576012775918,0.063456667289,0.365872340854,0.778100637129,0.834058222290,-0.036902052025,1.025844479512,0.557488595294,0.309436005301,0.800460108050,0.923066082948,0.033615163880,1.093879611501,0.561401614915,0.490084776062,1.032775601310,0.555269212116,-0.160845356002,1.240640202962,-0.038669018406,0.606559634209,0.476200595498,-0.000373958726,-0.345272606319
1084,1,0.259099753855,-0.029430814947,-0.007537651852,-0.259099753855,0.029430814947,0.007537651852,0.427287646419,0.497479097539,-0.166196965857,-0.147776457575,0.595029828519,0.082533936219,0.396315985098,0.873131667889,0.692536194475,-0.046708039019,1.061283897030,0.603237711046,0.342907738034,0.901503299263,0.755815663517,0.025237107048,1.131610426852,0.607592376164,0.541863039670,1.125059311308,0.323135883080,-0.184209829414,1.281545546844,-0.007143438183,0.603805571795,0.477169945836,-0.000385718071,-0.332819333002
1085,1,0.267434217303,-0.029835932759,-0.002596032929,-0.267434217303,0.029835932759,0.002596032929,0.434036176670,0.533032517045,-0.095986978593,-0.152806143569,0.615081540821,0.095687367620,0.431165248295,0.967142338180,0.479782040683,-0.054919293233,1.098798051066,0.594898032186,0.384392758078,1.013845357737,0.509255687193,0.019667709751,1.171268842317,0.590839424497,0.576891413329,1.200562458718,0.016410055953,-0.199297504851,1.325170934248,-0.013573128055,0.601792335510,0.477421045303,-0.000398364631,-0.321314628783
1086,1,0.265702447790,-0.026210675118,0.018913952556,-0.265702447790,0.026210675118,-0.018913952556,0.419153051501,0.553040228138,-0.030236155997,-0.162092035398,0.605611206761,0.096987169015,0.441699584940,1.005060664188,0.474778828857,-0.069896395165,1.084922900729,0.738115145078,0.382958119916,1.066380980472,0.496339901058,0.006814691532,1.153391964766,0.747682638947,0.609919368958,1.216781601960,-0.040124367839,-0.209670724251,1.308536941508,0.169150420407,0.597862690687,0.479807123542,-0.000406881562,-0.322863631408
1087,1,0.274632592947,-0.026249016055,0.023201688415,-0.274632592947,0.026249016055,-0.023201688415,0.421300792734,0.580910933682,-0.081598994128,-0.174092130402,0.624360230954,0.115530617349,0.468575862149,1.074078300670,0.408348729609,-0.083683344263,1.118039869441,0.834263342296,0.407953961158,1.143989569045,0.427218981672,-0.003413843465,1.188111115658,0.847830167183,0.662011330101,1.291240518083,-0.132266370157,-0.234522476473,1.347652015304,0.258759721520,0.594946295023,0.480014026165,-0.000411214773,-0.313340306454
1088,1,0.274050348050,-0.022132132344,0.038099760401,-0.274050348050,0.022132132344,-0.038099760401,0.407765041935,0.596376479853,-0.094573827104,-0.182447992252,0.624771681444,0.144717535105,0.472927452054,1.103593146998,0.286417574289,-0.100120935361,1.116367676471,0.917573061317,0.411619157650,1.180279448036,0.292712873292,-0.021327843693,1.186702878803,0.937186406085,0.685911980335,1.321409609801,-0.279041552670,-0.248157377817,1.347249714648,0.370499208557,0.590809822083,0.481698766351,-0.000408796594,-0.312311847312
1089,1,0.213993713755,-0.016995933974,0.024716679258,-0.213993713755,0.016995933974,-0.024716679258,0.311262075811,0.471544405362,-0.105825141656,-0.149048472000,0.493663135685,0.151675669519,0.376319818251,0.877762987935,0.417986563907,-0.089158781355,0.879895472559,1.057655399575,0.335031766814,0.933566479599,0.464367991901,-0.026870927352,0.935037619305,1.095049381286,0.562448110611,1.049670938595,-0.129764474910,-0.204463952631,1.061103229641,0.436292579234,0.587124049664,0.481841415167,-0.000400986057,-0.397096972628
1090,1,0.207137763735,-0.013997261851,0.023567570272,-0.207137763735,0.013997261851,-0.023567570272,0.288337928636,0.465415088092,-0.095914157277,-0.158158148260,0.477929048468,0.177986610706,0.353448507043,0.855035082758,0.436889771978,-0.103165936759,0.853147118248,1.045642859755,0.312114029352,0.907596611229,0.518953907627,-0.041821783948,0.906445673676,1.080787831556,0.536474626147,1.021473782243,-0.018146758753,-0.218962799092,1.031607647038,0.456786868094,0.580920934677,0.483710929751,-0.000395510811,-0.407674389033
1091,1,0.198112366753,-0.011877782283,0.022154067025,-0.198112366753,0.011877782283,-0.022154067025,0.265199048342,0.442961533215,-0.013330458186,-0.161622894379,0.456395859571,0.208459502461,0.323842227429,0.809613296097,0.551684111776,-0.117825602657,0.814498633119,1.080224588846,0.284489961579,0.860329823116,0.586538327975,-0.062760074324,0.864215383276,1.118943933702,0.515975032785,0.976089180539,0.059408965084,-0.224515475585,0.985836444217,0.535776206814,0.574405685067,0.485096171498,-0.000392481219,-0.425195203724
1092,1,0.206475369152,-0.011596891364,0.023545052248,-0.206475369152,0.011596891364,-0.023545052248,0.266768899735,0.465562139801,0.018883345664,-0.177072094727,0.475668170602,0.215697120885,0.322152858377,0.846847734525,0.605037212204,-0.141195568288,0.848952401359,1.033725088485,0.280259317943,0.899091013268,0.624921476227,-0.084427819379,0.900608293775,1.067983923997,0.517327151706,1.019098445764,0.053026534462,-0.251186402588,1.027042285976,0.463678842909,0.567745655775,0.485976338387,-0.000391610898,-0.407216559592
1093,1,0.188139827632,-0.010796334948,0.019182846914,-0.188139827632,0.010796334948,-0.019182846914,0.234885222567,0.425052142988,0.025026891465,-0.162903431089,0.434982678683,0.218340707603,0.282811925262,0.777703835762,0.690610253213,-0.142658140154,0.777547872079,1.102131609572,0.247405090088,0.824886531444,0.720492426334,-0.091171516190,0.824403244838,1.142251760961,0.449254493619,0.927506484814,0.081258704211,-0.237639621535,0.939932974936,0.503050838068,0.561521485448,0.485784664750,-0.000382476486,-0.445228079931
1094,1,0.198559467190,-0.010919495555,0.019842520998,-0.198559467190,0.010919495555,-0.019842520998,0.244150194652,0.446542265634,0.001890537149,-0.176293326912,0.455953984197,0.198415548538,0.285345175230,0.816422048260,0.705713388319,-0.162769763235,0.814729990917,1.037800596428,0.245663332909,0.864462768791,0.717412089456,-0.108880427996,0.863743868682,1.071496954093,0.453500171664,0.978045201563,0.033402019169,-0.262661416922,0.985881619224,0.465275571964,0.555772393942,0.485554680228,-0.000382763799,-0.425249932916
1095,1,0.197052869880,-0.010727086371,0.019396198497,-0.197052869880,0.010727086371,-0.019396198497,0.236121644385,0.442146386034,-0.007137428910,-0.181841842739,0.451463811557,0.191656887658,0.268891965259,0.809901353300,0.683091438762,-0.175088156126,0.807732057113,1.036744107140,0.229231943041,0.858573531242,0.706445792827,-0.122083631384,0.857232953388,1.073193904099,0.430465184075,0.963166639607,0.041044226929,-0.277911268696,0.978125067960,0.436267829094,0.549605250359,0.485552981496,-0.000383043196,-0.429457537151
1096,1,0.199008892798,-0.010671489843,0.016743710792,-0.199008892798,0.010671489843,-0.016743710792,0.230134925427,0.441072951512,0.037994437688,-0.187332114912,0.452171309285,0.210534396930,0.256178489033,0.808925495996,0.721079157548,-0.188893557438,0.808962732747,1.083974698626,0.216687665125,0.859905107781,0.749511569824,-0.136580508750,0.859150507820,1.119818822006,0.413393506616,0.962093309573,0.058073447677,-0.292323076860,0.979494404120,0.449150982149,0.543705165386,0.485453829169,-0.000375442440,-0.428986009291
1097,1,0.197087874949,-0.010396977142,0.014941932727,-0.197087874949,0.010396977142,-0.014941932727,0.222017784036,0.439327369846,0.029993732346,-0.193485862592,0.449973458187,0.195178511722,0.241874620460,0.807323421940,0.700357716483,-0.200025315476,0.803658228458,1.046682023374,0.200902486973,0.857782703725,0.720669071587,-0.148525816350,0.853402421043,1.082465389786,0.394231704424,0.955862521467,-0.001470047559,-0.303154805463,0.972286860905,0.430946277294,0.537834495306,0.484493926167,-0.000376242679,-0.433017488547
1098,1,0.193805942472,-0.009651829563,0.013199474358,-0.193805942472,0.009651829563,-0.013199474358,0.216783516786,0.435366104511,0.020602695225,-0.197577027387,0.445388623640,0.180405438017,0.231687554131,0.802313749711,0.665841856395,-0.206804199345,0.796987540298,1.021084501572,0.189123192906,0.853564989224,0.684720789775,-0.156416721033,0.846486045068,1.056312071340,0.381080695948,0.946495500482,-0.016731791583,-0.309523368227,0.963639484041,0.417828493266,0.533738479018,0.483944922686,-0.000375445932,-0.437359582918
1099,1,0.196419842380,-0.009841393048,0.012787061568,-0.196419842380,0.009841393048,-0.012787061568,0.214536253514,0.440933690299,0.016995536312,-0.203952588593,0.449930436279,0.179785159244,0.227851509261,0.811642339588,0.668437686183,-0.215972746410,0.806428029624,1.043088228610,0.183654792988,0.862934173964,0.690394304654,-0.166363863735,0.856675568066,1.080852956077,0.378085695583,0.959231936766,-0.000475127710,-0.321357703849,0.974238554836,0.424654459357,0.530121579766,0.483908623457,-0.000374783762,-0.432296597577
1100,1,0.198270192381,-0.009906891881,0.012816527717,-0.198270192381,0.009906891881,-0.012816527717,0.212626386790,0.443293454069,0.008571559209,-0.207638552867,0.452296349126,0.159476493367,0.224490015503,0.815508282484,0.693799250474,-0.221864124914,0.811500913171,1.036773726267,0.180369315931,0.867172371450,0.724315267313,-0.172735564967,0.862018158593,1.073645958869,0.374154691747,0.963164769853,0.010135032757,-0.328321557272,0.979703016004,0.407787765889,0.527783393860,0.483723297715,-0.000374018680,-0.430074737095
1101,1,0.197910936591,-0.009838936035,0.010926305220,-0.197910936591,0.009838936035,-0.010926305220,0.214782756193,0.441102599564,0.005219884754,-0.205769375535,0.450608350111,0.158151310926,0.222233235461,0.814903906403,0.687258586855,-0.221078708199,0.808636966091,1.067389554525,0.177010843307,0.867331076409,0.714868256009,-0.171738796865,0.859272871231,1.108810102358,0.369501981045,0.960818772943,0.005374329931,-0.329247012547,0.974914449750,0.440159981247,0.526515394449,0.483696714044,-0.000370987924,-0.431445867716
1102,1,0.201616617206,-0.009837547370,0.011053229337,-0.201616617206,0.009837547370,-0.011053229337,0.216001246139,0.448144810711,0.000404108409,-0.207886663799,0.456686889850,0.161412334024,0.225035641088,0.827220968429,0.691005404236,-0.226172358866,0.821285960352,1.088210681234,0.179512282775,0.879668105313,0.719364492463,-0.176419560196,0.872545450236,1.130266503150,0.373097340690,0.976297815092,0.010529369943,-0.336245559235,0.990128115225,0.461247691306,0.525795385242,0.483666926622,-0.000370936934,-0.424834414791
1103,1,0.200945248635,-0.009485406622,0.008552134372,-0.200945248635,0.009485406622,-0.008552134372,0.212730526232,0.450100887961,-0.000075507850,-0.208317877723,0.455288707840,0.161019917673,0.221614735994,0.826802268855,0.722003318865,-0.228253054808,0.818986464800,1.138327368520,0.176391788177,0.878235193656,0.759179219611,-0.178903206281,0.870014836766,1.185084496556,0.368986785015,0.975922319172,0.019481065576,-0.338328089116,0.987656870237,0.474381789790,0.524629518390,0.483771398664,-0.000369221088,-0.425944432724
1104,1,0.198529132259,-0.009048356467,0.008384069424,-0.198529132259,0.009048356467,-0.008384069424,0.210942615962,0.445025160211,-0.001786010431,-0.203739928329,0.449708987675,0.159543084955,0.219818415094,0.817713753269,0.703960509944,-0.224072870971,0.809900185713,1.113998348521,0.175252934480,0.868560970611,0.740458269858,-0.175643599034,0.860175644882,1.157435519125,0.365283799418,0.964355762276,0.016816423010,-0.333015335810,0.976162236758,0.461444843693,0.525082379580,0.483524367213,-0.000368500245,-0.431169719559
1105,1,0.184693841198,-0.008323726852,0.003115747949,-0.184693841198,0.008323726852,-0.003115747949,0.194960021563,0.411689889128,0.026912814863,-0.188648525431,0.417279390349,0.185464631161,0.203170151637,0.759942531050,0.750349237316,-0.209554059290,0.752958256712,1.109575662162,0.165477995169,0.806246711172,0.789099424413,-0.164900887553,0.799734428879,1.152754645841,0.335150461437,0.896180535496,0.111067222366,-0.311136051034,0.906816483656,0.488969667599,0.524440944195,0.483463585377,-0.000357737765,-0.463838029711
1106,1,0.188054790585,-0.008494987281,0.002877182009,-0.188054790585,0.008494987281,-0.002877182009,0.198018616708,0.418227192804,-0.017582842087,-0.191116531220,0.423045763919,0.185805451635,0.206232066493,0.772165557674,0.638435942897,-0.212049725744,0.764509380671,1.099788440994,0.167812515217,0.819507406063,0.670108699253,-0.167330214791,0.812034813543,1.141676213462,0.339961431510,0.910135293957,0.011840368725,-0.315599718546,0.920477437108,0.479488224256,0.524438440800,0.483190670609,-0.000356992154,-0.457137437566
1107,1,0.188220925070,-0.008547618128,0.001894233163,-0.188220925070,0.008547618128,-0.001894233163,0.199067147649,0.420529281283,-0.022966099350,-0.190561139572,0.425383721885,0.184398141288,0.207540389852,0.775170924394,0.654849055983,-0.211260295716,0.767521985447,1.100973217709,0.169354830343,0.822822166600,0.689844837986,-0.166703144218,0.815037464666,1.144265032054,0.340675319464,0.913134708506,0.015031148165,-0.315161146201,0.923487550112,0.472198068568,0.524864599109,0.482228085399,-0.000356080418,-0.456595951453
1108,1,0.198228932881,-0.008923752374,0.001928032812,-0.198228932881,0.008923752374,-0.001928032812,0.211030665755,0.440287602636,-0.024975196436,-0.200163023956,0.447871043921,0.169219343343,0.221222187049,0.816195613204,0.657331366853,-0.221717467838,0.808781184854,1.037336256490,0.182576395969,0.866077395268,0.691941544335,-0.175113354053,0.858550750029,1.075033498566,0.359514787185,0.962760495794,0.017455675616,-0.331578901665,0.973197354011,0.441895638149,0.525179088116,0.482123807073,-0.000355887038,-0.433423086900
1109,1,0.192605389542,-0.008622928744,0.001899550918,-0.192605389542,0.008622928744,-0.001899550918,0.204877557178,0.426479356113,-0.016337606185,-0.194357916843,0.435558289387,0.163158834881,0.214694315805,0.790665754016,0.705192010647,-0.215235775250,0.785452269254,1.062690275292,0.177451273275,0.838926333696,0.743917385267,-0.171169902739,0.833121546356,1.106405642344,0.349509432750,0.935927216502,0.058859102639,-0.321956336158,0.946172986863,0.446465095629,0.525272116065,0.481885433197,-0.000355130294,-0.446050064796
1110,1,0.190456616869,-0.008682804296,0.001378044171,-0.190456616869,0.008682804296,-0.001378044171,0.202724097287,0.423179711925,-0.019857488168,-0.191888517116,0.431441732716,0.168567407834,0.213625659379,0.784754821424,0.656604736675,-0.212255377519,0.778934660625,1.066101563415,0.176720344508,0.832916334684,0.687416971539,-0.169030607793,0.826302275179,1.107418411017,0.346364623836,0.928024447595,-0.025129112265,-0.309638478310,0.937890926564,0.441623142207,0.525449573994,0.480931177735,-0.000350890637,-0.450770714977
1111,1,0.189970364366,-0.008537847397,0.000697655957,-0.189970364366,0.008537847397,-0.000697655957,0.202143816950,0.421265996391,0.016393079546,-0.190306220081,0.429205888908,0.177187717638,0.213775619876,0.781083501912,0.699030169470,-0.210370899030,0.776355048571,1.077589806818,0.177099978246,0.829026707653,0.730882462055,-0.168361934501,0.824002701282,1.118713100070,0.346758809712,0.924099558055,0.029883531047,-0.307897998605,0.933964891629,0.453012104619,0.525957003236,0.481145352125,-0.000348436259,-0.452551013520
1112,1,0.188054445201,-0.008705570315,-0.001037357757,-0.188054445201,0.008705570315,0.001037357757,0.201821247529,0.418251778263,0.031292932601,-0.186600975938,0.426420100170,0.185683419830,0.214930736800,0.775491413220,0.731943480608,-0.206354391380,0.770543441102,1.132517227942,0.179163968785,0.822684998811,0.765394603953,-0.164757846742,0.818038791357,1.178003867186,0.346992297154,0.917704750386,0.049191056834,-0.303578490640,0.927143860086,0.489115313825,0.527122393250,0.481330543756,-0.000348183297,-0.455481795304
1113,1,0.186735466503,-0.008910818228,-0.004307187055,-0.186735466503,0.008910818228,0.004307187055,0.203944970706,0.417553670546,0.026464031932,-0.183864470815,0.425879610327,0.190709716321,0.218607583837,0.774226912860,0.722388978398,-0.202266345381,0.769039801137,1.137466539341,0.183806695360,0.821126595973,0.755760643288,-0.160893237468,0.816462469760,1.182110104006,0.350488098819,0.916287476088,0.044126663342,-0.299754452197,0.925050130338,0.492819286252,0.528881087899,0.481491088867,-0.000343552732,-0.455993864182
1114,1,0.185741304784,-0.009007557083,-0.009145158305,-0.185741304784,0.009007557083,0.009145158305,0.208456817765,0.417145581799,0.020645172152,-0.178707332479,0.425887091514,0.184010782714,0.224899100394,0.773873129209,0.716034425789,-0.196062701435,0.769052984580,1.127664024152,0.191358448281,0.820754170489,0.749558745959,-0.154718581143,0.817101171907,1.171127638811,0.356156060025,0.915921845479,0.040039449579,-0.294398250942,0.924106762542,0.480628267204,0.531503409147,0.481449410319,-0.000344214262,-0.456196799953
1115,1,0.204158568542,-0.009953523759,-0.007607690765,-0.204158568542,0.009953523759,0.007607690765,0.232706392025,0.458965626694,-0.004756848148,-0.190811879774,0.468790558274,0.173996788582,0.254700041841,0.851889675749,0.578201529062,-0.208247914927,0.846277792204,1.018146696658,0.217808326352,0.903488078954,0.601017830806,-0.162718084496,0.899113068063,1.050654627070,0.399102155324,1.008135071444,-0.061698782780,-0.317157292271,1.017360769219,0.409486287918,0.534431904554,0.481443464756,-0.000353451585,-0.414384082834
1116,1,0.201826963736,-0.009969458569,-0.010185331929,-0.201826963736,0.009969458569,0.010185331929,0.234108138200,0.452798849462,-0.017760577021,-0.181712152332,0.462788565317,0.173239552244,0.260320073540,0.840672457205,0.608796914325,-0.195879197377,0.834749808462,1.028366470267,0.223574420190,0.891652845447,0.635908755669,-0.150070058006,0.887145723377,1.064346107279,0.401979526160,0.994867657941,-0.043367705086,-0.304676648398,1.004060705451,0.408885523589,0.538264825940,0.481314703822,-0.000356033910,-0.420024816969
1117,1,0.207272656300,-0.010506328161,-0.011121928205,-0.207272656300,0.010506328161,0.011121928205,0.246360663436,0.464264345173,-0.023247652521,-0.182622073504,0.474494183347,0.177855575116,0.275879684256,0.862135330380,0.667654473477,-0.192626699075,0.855157672903,1.119539482055,0.238295328146,0.914333959537,0.706932512852,-0.145479911996,0.908269389119,1.169628600409,0.421045158088,1.020865056274,0.015580473784,-0.305592670523,1.031232411070,0.508508082418,0.541709363461,0.481537848711,-0.000357204815,-0.409163517889
1118,1,0.223644497192,-0.011235545343,-0.010721330509,-0.223644497192,0.011235545343,0.010721330509,0.271713129617,0.503192185731,-0.021400145974,-0.191592532701,0.514366674976,0.183190098056,0.311584063399,0.932129619679,0.679314340010,-0.196202011489,0.926780837201,1.100744597276,0.271068389862,0.986842197400,0.713205328351,-0.145148852847,0.984015067250,1.141535911266,0.468970105213,1.106105633154,0.014742480816,-0.313364991209,1.117203081998,0.487034521676,0.546508431435,0.481646135449,-0.000362702180,-0.377556009805
1119,1,0.216987107536,-0.010954828315,-0.010290471764,-0.216987107536,0.010954828315,0.010290471764,0.270588480309,0.491483174012,-0.027280398741,-0.183651081107,0.501574562271,0.169155593447,0.320316542635,0.910006048405,0.668842256744,-0.177368071986,0.903421412945,1.106530958588,0.280425612045,0.963312264863,0.701752571024,-0.126408625522,0.958232063940,1.149016291624,0.475831724745,1.079761290345,-0.017348462385,-0.288357475875,1.091186581806,0.468765711284,0.552613466978,0.481455743313,-0.000363716274,-0.386922093337
1120,1,0.232788530717,-0.011844285488,-0.003670667102,-0.232788530717,0.011844285488,0.003670667102,0.294061630312,0.528188895317,-0.045285576271,-0.187078744793,0.538461159012,0.146920740357,0.360250401339,0.977747902094,0.480321541586,-0.175071265634,0.971355377592,0.924618835179,0.316587405003,1.035350468176,0.496413289937,-0.119631760493,1.030146807914,0.948998579349,0.533246947434,1.160149104152,-0.144308379115,-0.293804095472,1.172338148683,0.335493634101,0.558427616954,0.481434583664,-0.000371959148,-0.360125361202
1121,1,0.227920759241,-0.011326237944,-0.001975320205,-0.227920759241,0.011326237944,0.001975320205,0.296996769671,0.517576819362,-0.054976030067,-0.175223082116,0.526154241022,0.109642892867,0.369155810055,0.957810356919,0.447018537759,-0.157283302546,0.952508310243,0.841376246084,0.322429498182,1.014573368610,0.461948368765,-0.101335853230,1.009679184143,0.863228391636,0.540185381599,1.137087430593,-0.181211930921,-0.270492207794,1.148392846012,0.246128169902,0.564885079861,0.481246292591,-0.000374591677,-0.367832291208
1122,1,0.225103544153,-0.011304306284,-0.002086896684,-0.225103544153,0.011304306284,0.002086896684,0.297474388824,0.507983861862,-0.076643963053,-0.168553066433,0.515313845236,0.115622274080,0.376476683340,0.940095013898,0.511398524215,-0.142902743290,0.935510748266,0.833162760115,0.328704618809,0.996046339058,0.534739155645,-0.086705513942,0.991435476276,0.862574987314,0.544974723933,1.116567421507,-0.147012476337,-0.252284079365,1.127193540287,0.358449543717,0.570010870695,0.481596127152,-0.000375611489,-0.374249712600
1123,1,0.234233006874,-0.011878685184,-0.001018079983,-0.234233006874,0.011878685184,0.001018079983,0.315172364189,0.531563721695,-0.088105184842,-0.171810730805,0.537214089997,0.114769949159,0.404998352112,0.982632505015,0.502109474708,-0.138541871055,0.979107122736,0.933108228739,0.352244487726,1.041240195583,0.522530269044,-0.078685961400,1.037736291263,0.963302826606,0.584889415941,1.167050922907,-0.172285018888,-0.251401888299,1.177496537031,0.336724046140,0.574462041259,0.481660112739,-0.000378618463,-0.357994863645
1124,1,0.229658047266,-0.011908743729,-0.002773807622,-0.229658047266,0.011908743729,0.002773807622,0.316606924130,0.522693342560,-0.080277674480,-0.161111305765,0.528660864240,0.120109607364,0.411087312353,0.965171127800,0.586252716440,-0.124311616001,0.961503903716,1.013896281679,0.360063406825,1.022560935141,0.615012448909,-0.065486004130,1.018810599308,1.052584227824,0.588905797358,1.146418217825,-0.138055881998,-0.230926646666,1.156762194748,0.357886418795,0.579808354378,0.481801047921,-0.000376236392,-0.364318645906
1125,1,0.228235718624,-0.011851020725,-0.010007059640,-0.228235718624,0.011851020725,0.010007059640,0.320783683003,0.519102453002,-0.085164226503,-0.155367788361,0.524012679559,0.130237878374,0.417405717443,0.951972821385,0.734176837818,-0.112037371307,0.948644525633,1.211296077665,0.367977251400,1.007766117469,0.781548906993,-0.053400350876,1.004994343164,1.266449099220,0.589568989989,1.131362060877,-0.039805538277,-0.215120115282,1.141737256897,0.482254599550,0.584277212620,0.482383772731,-0.000382358674,-0.368645608524
1126,1,0.227194424141,-0.012125059573,-0.012812686574,-0.227194424141,0.012125059573,0.012812686574,0.330516405796,0.515043315176,-0.089295062973,-0.144688389540,0.522241493740,0.139117799096,0.427624743675,0.940858216902,0.746261474836,-0.096567508864,0.939603147405,1.236494649592,0.380011115579,0.994244587716,0.792251173462,-0.037769963048,0.995001860526,1.290053069583,0.600351138971,1.120105572507,-0.017256731041,-0.197993664049,1.130385891475,0.519067331167,0.589961796999,0.482878789306,-0.000385423191,-0.371902890017
1127,1,0.224379204980,-0.012299155844,-0.011985277273,-0.224379204980,0.012299155844,0.011985277273,0.338375268171,0.505369082184,-0.086715968468,-0.141333893317,0.514260657548,0.143616140110,0.432586255363,0.923880460660,0.691795800438,-0.085533359856,0.928941914139,1.060352813022,0.385036325789,0.975111533848,0.733885573236,-0.025723740195,0.983499692754,1.093153893721,0.604152266469,1.107454691609,0.001536149168,-0.185987234709,1.118274099750,0.450291868400,0.593782842159,0.483079954982,-0.000387268374,-0.375684057118
1128,1,0.249211386288,-0.014468602114,-0.007623936573,-0.249211386288,0.014468602114,0.007623936573,0.383962928907,0.553033734340,-0.085660150998,-0.148741507052,0.569083569762,0.164144345508,0.482575072389,1.000491114108,0.643830367858,-0.084844886733,1.023063553343,0.968574150600,0.432738537909,1.047557371604,0.681308070341,-0.017932433197,1.082200847431,0.992301448232,0.657477291179,1.212722257194,0.030587164762,-0.194309565138,1.232415429245,0.418777031230,0.597099035978,0.483695521951,-0.000396954245,-0.340433284080
1129,1,0.266546162577,-0.016223112912,-0.005181473207,-0.266546162577,0.016223112912,0.005181473207,0.422007552515,0.582637307821,-0.008905690902,-0.154319574932,0.606640385248,0.189985238845,0.516025589243,1.043677394481,0.690230468833,-0.081602609942,1.092910909311,0.932077320761,0.465261240145,1.091531718698,0.728989165579,-0.009423409621,1.155577321877,0.950623657450,0.704182734542,1.269421504154,0.178986703230,-0.206703388496,1.316596891125,0.414518700195,0.600085258484,0.484084859490,-0.000411652727,-0.318769469174
1130,1,0.217606740742,-0.013874463271,-0.028813734397,-0.217606740742,0.013874463271,0.028813734397,0.354496687060,0.456272583677,-0.011581247940,-0.118149812760,0.494107483808,0.149362472332,0.412357437168,0.817479360919,0.932261536387,-0.056244444885,0.890706116789,0.942962736427,0.381459940418,0.850661286607,1.003647650737,0.004986769142,0.938497304436,0.985854630058,0.531189189520,1.004758872505,0.368561178305,-0.158673847862,1.075221078547,0.365214147951,0.603783935308,0.484107360244,-0.000412390567,-0.390436266171
1131,1,0.218289276491,-0.015750756306,-0.030605631078,-0.218289276491,0.015750756306,0.030605631078,0.367195257394,0.429395757566,-0.211695371387,-0.112270723757,0.495861850349,0.030374780584,0.397707673843,0.770303876377,0.831810063941,-0.047013150151,0.899184891470,0.699961991166,0.368394236441,0.803338118748,0.892773347605,0.015054480615,0.947910341265,0.723088576668,0.507648913028,0.970107918041,0.325264651712,-0.150147659730,1.084752134070,0.091887225253,0.607533097267,0.483348131180,-0.000409469474,-0.387362392630
1132,1,0.222709633244,-0.018558508519,-0.032937913407,-0.222709633244,0.018558508519,0.032937913407,0.381544854425,0.411011807932,-0.304666235289,-0.112731188705,0.507583313639,0.011613391959,0.386651591018,0.710809103686,0.806897213367,-0.041395969177,0.919904851985,0.503714254098,0.351369789057,0.734854861353,0.865631234598,0.020791259391,0.971452634133,0.511771345645,0.463228399439,0.946082358583,0.432957157914,-0.147862448744,1.109462627892,-0.055978216362,0.609458148479,0.482046470046,-0.000408813823,-0.379898540947
1133,1,0.221160206495,-0.021446154978,-0.034800460276,-0.221160206495,0.021446154978,0.034800460276,0.387549158032,0.404523227675,-0.407404472661,-0.105556383548,0.510075167903,0.010923462360,0.362765562529,0.647210075615,0.876513656284,-0.030234302729,0.920595904083,0.439668466737,0.311828737411,0.659788258976,0.992787797029,0.032726459959,0.977798902700,0.440972893168,0.431101807803,0.884554337132,0.639772478108,-0.137551566467,1.109403669085,-0.171907268369,0.612559407949,0.479622587562,-0.000405808911,-0.382311450958
1134,1,0.225230924517,-0.022435988532,-0.033942906737,-0.225230924517,0.022435988532,0.033942906737,0.393425160315,0.401365430521,-0.402882294769,-0.109841871376,0.517803835282,0.019041334514,0.347433106565,0.599654208799,1.020176517510,-0.029881025395,0.933073964102,0.525012676270,0.287350267075,0.603988802964,1.164017018254,0.032581681052,0.991000162630,0.532768674522,0.407781243993,0.828631509618,0.892750152555,-0.134994262943,1.129042865436,-0.065219819810,0.612774312496,0.479323014617,-0.000404303893,-0.377558929278
1135,1,0.235071409490,-0.025359842239,-0.034870331660,-0.235071409490,0.025359842239,0.034870331660,0.407973774106,0.413308038480,-0.258158649085,-0.111966806231,0.540450771408,0.073231394741,0.353241002877,0.555639383244,1.165986186622,-0.024571113070,0.971568703274,0.542585372023,0.302402814654,0.557082870154,1.303712744310,0.039615523526,1.032231817622,0.548438049359,0.404297948358,0.807079449800,1.103701993427,-0.124518873431,1.174129903531,-0.009605878593,0.614686280489,0.477767989039,-0.000404335093,-0.364155267881
1136,1,0.233675946294,-0.025781515982,-0.034551466165,-0.233675946294,0.025781515982,0.034551466165,0.399191249902,0.401435923279,-0.278196575144,-0.111324798645,0.538466424354,0.096229411253,0.349706945225,0.493523631348,1.197702678885,-0.019587885440,0.968650935897,0.530597895888,0.307471048940,0.487642868611,1.347755993071,0.044415789436,1.031892337753,0.533166510961,0.384159397937,0.722200994218,1.141494616692,-0.120498846926,1.165731611548,-0.049903933601,0.615794003010,0.477518722415,-0.000401831232,-0.367352134738
1137,1,0.229533060742,-0.025838962131,-0.033822729168,-0.229533060742,0.025838962131,0.033822729168,0.391361686560,0.400886474116,-0.222812511328,-0.107361837823,0.531529139935,0.099479174577,0.342885888557,0.470457732131,1.422732336377,-0.015242357188,0.954984463888,0.500195045240,0.304353287465,0.446668365405,1.590162309222,0.049057908473,1.017474322100,0.502471380454,0.361488766696,0.686349937691,1.461501133080,-0.115161719144,1.149330203490,-0.048911651472,0.617072373629,0.476777449250,-0.000401469413,-0.373482273459
1138,1,0.230778846418,-0.028192189749,-0.034108480171,-0.230778846418,0.028192189749,0.034108480171,0.395796799503,0.404468681280,-0.237814815998,-0.109517556312,0.541017266314,0.148613451295,0.348567978320,0.447726487570,1.331225385445,-0.012736788711,0.967664789838,0.546920467371,0.310083807253,0.426845668661,1.494893028010,0.051270435823,1.030087977727,0.553957952957,0.350950860337,0.638236571593,1.377682830098,-0.111483104672,1.163280544755,-0.040191676949,0.618062227964,0.474748760462,-0.000400487334,-0.371052907392
1139,1,0.231575335765,-0.029138388704,-0.035876644358,-0.231575335765,0.029138388704,0.035876644358,0.396534022026,0.410595981068,-0.238239568944,-0.107093950879,0.546130638488,0.182210655222,0.355376280589,0.425386891168,1.362855027313,-0.009098203051,0.974820417064,0.561635849887,0.317152429501,0.398646762293,1.534252453017,0.054865734997,1.037987279666,0.568568059092,0.352718987315,0.595924060576,1.466547179798,-0.108869445278,1.170800337604,-0.031752220024,0.619384288788,0.472509071231,-0.000400148332,-0.370755152753
1140,1,0.246440480230,-0.030279743976,-0.044580479757,-0.246440480230,0.030279743976,0.044580479757,0.424720568871,0.439633943840,-0.309547338938,-0.109153891684,0.580744560262,0.286727467460,0.377643932637,0.393698200495,1.486391615400,-0.004280230995,1.038917286155,0.633040617532,0.343502293616,0.331767878220,1.686561837561,0.063919183034,1.107255674835,0.636465777889,0.370428546737,0.535450119895,1.708396946019,-0.110676793714,1.248388198591,0.148544379025,0.621282786131,0.472666814923,-0.000396385323,-0.348257549791
1141,1,0.257850891648,-0.032360915365,-0.048009347147,-0.257850891648,0.032360915365,0.048009347147,0.442689397275,0.465025332304,-0.383182188272,-0.114585342690,0.610972609140,0.296901715206,0.438351723909,0.399968017130,1.502333810179,-0.005304573717,1.094790573713,0.684303450626,0.435597243603,0.362915286045,1.650735340512,0.066306545058,1.164907806837,0.691632832695,0.402363791276,0.504026181912,1.604808066010,-0.120393545762,1.312835775239,0.256852443153,0.621111214161,0.471673771739,-0.000392174814,-0.333037518329
1142,1,0.257162272837,-0.032836780691,-0.049131982444,-0.257162272837,0.032836780691,0.049131982444,0.444411745523,0.469699513648,-0.402388666927,-0.112031463944,0.608543957475,0.326589458006,0.425674870820,0.310591287091,1.444246962336,-0.002304244644,1.095018122152,0.683560453617,0.436381796657,0.311486737451,1.632377422474,0.070892528192,1.165539435729,0.692752568490,0.410129924003,0.432122381239,1.555944708090,-0.117040986433,1.312005474490,0.251897425914,0.622100591660,0.470714688301,-0.000386829488,-0.333817827444
1143,1,0.256155034744,-0.031822421909,-0.049191054939,-0.256155034744,0.031822421909,0.049191054939,0.446532324033,0.471215309081,-0.423846709157,-0.109470503752,0.607718518674,0.355313447766,0.408086179385,0.306272876282,1.423955784504,0.000339620964,1.097706819870,0.739996458834,0.432082436763,0.312893836427,1.622797843367,0.073449650241,1.168899608158,0.748561572992,0.420367340396,0.423981527696,1.680640346345,-0.114554569869,1.309966268370,0.309285873321,0.622977465391,0.470613956451,-0.000383476727,-0.334421790144
1144,1,0.256717308040,-0.031570812478,-0.051039023217,-0.256717308040,0.031570812478,0.051039023217,0.448904261834,0.473138352464,-0.462713457717,-0.109294363234,0.609876549487,0.351077592148,0.394141062172,0.280319133858,1.363612336609,-0.000126882162,1.101654642697,0.750643760925,0.421258525352,0.271104395058,1.587182730385,0.073736419636,1.172843136177,0.759860690432,0.416377898808,0.383965676078,1.606685028410,-0.114433672016,1.315838528375,0.321959074767,0.623219579458,0.470583066344,-0.000376013108,-0.333297405174
1145,1,0.258762154399,-0.031221340358,-0.053764219618,-0.258762154399,0.031221340358,0.053764219618,0.452617919580,0.479173857093,-0.485117601754,-0.110294256331,0.613983838824,0.355409260439,0.382485222463,0.269903346292,1.319670776662,0.001088990715,1.110733111640,0.776735151738,0.386911602755,0.254103153139,1.544750406769,0.075775468678,1.182823431410,0.787671402756,0.402951179114,0.353293815617,1.595665546427,-0.114062355351,1.327385100488,0.357654683917,0.623666584492,0.470353692770,-0.000371945091,-0.330537666505
1146,1,0.256592556305,-0.030740048194,-0.053427830121,-0.256592556305,0.030740048194,0.053427830121,0.452538469797,0.479622391913,-0.475687707905,-0.107743542616,0.611088816728,0.359359239121,0.385158623675,0.320683665124,1.344941887046,0.003228948603,1.105172942369,0.833792371094,0.394952757232,0.312072118856,1.564093261554,0.077746749142,1.176835417612,0.852561627213,0.406350196758,0.443832418810,1.633989435978,-0.112161896122,1.319067217171,0.414894037819,0.624448150396,0.470293626189,-0.000371836126,-0.332224115773
1147,1,0.256042945933,-0.030720385870,-0.054501859666,-0.256042945933,0.030720385870,0.054501859666,0.450383570689,0.479075875022,-0.468390780460,-0.107407191014,0.609735562466,0.353584324309,0.384865883663,0.314618883668,1.353985074645,0.003273124844,1.102898298809,0.819878222827,0.422403416099,0.316440963715,1.564115986414,0.077502715951,1.173555825872,0.836666583928,0.441949138001,0.439251484536,1.645762883443,-0.112365717538,1.318505737375,0.384161054776,0.624482929707,0.470231965184,-0.000370110385,-0.333175981023
1148,1,0.256425378943,-0.030832393948,-0.054012914916,-0.256425378943,0.030832393948,0.054012914916,0.452402607599,0.482639709512,-0.463580073928,-0.106693809067,0.609491974489,0.347131620582,0.388521120127,0.334118778663,1.382239851734,0.005349839109,1.104206604105,0.787841426652,0.429696724367,0.325643768286,1.589491458498,0.080663547953,1.175167491752,0.798914180808,0.440616111813,0.447552665177,1.669287808579,-0.109524065015,1.318958675631,0.356347030463,0.625176131725,0.470018044114,-0.000369770452,-0.332871313629
1149,1,0.244594048572,-0.029277222108,-0.050812861017,-0.244594048572,0.029277222108,0.050812861017,0.429478763032,0.467214319269,-0.398381902334,-0.102001686962,0.581159646790,0.327912155768,0.413479065244,0.324534805811,1.358896151668,0.005304750485,1.051690085340,0.767379420217,0.423046496176,0.320096883636,1.554065551650,0.077046241417,1.119229526905,0.781912886234,0.417497345303,0.444957169974,1.624022391045,-0.103289692353,1.257971516469,0.358931455479,0.625249534845,0.470021754503,-0.000371062197,-0.349481671922
1150,1,0.241699837344,-0.029038849750,-0.046244195097,-0.241699837344,0.029038849750,0.046244195097,0.424092954292,0.461492968678,-0.271053898918,-0.100706209755,0.574669821178,0.288892551652,0.408196006388,0.400566469969,1.451832442262,0.005316607834,1.038777985004,0.629177028476,0.405830160105,0.353844815788,1.638857983731,0.076025429207,1.105762444497,0.631322026515,0.409105752966,0.540931484144,1.623593438100,-0.100275122066,1.242130804294,0.118038692291,0.625278860331,0.469977214932,-0.000377655029,-0.353960214079
1151,1,0.200827722685,-0.024116120134,-0.033115184088,-0.200827722685,0.024116120134,0.033115184088,0.351098698451,0.377503409094,-0.208582137587,-0.084402933464,0.476092730428,0.139473557024,0.330548737377,0.377071160070,1.447394106680,0.005507653185,0.857761505362,0.530889240598,0.309015231936,0.356219852105,1.617995920184,0.064497440483,0.912884763069,0.535823630315,0.334965795170,0.536669523017,1.471520408866,-0.081900938305,1.026863628156,0.029070841263,0.624884188175,0.470018535852,-0.000379123725,-0.427334207347
1152,1,0.211164063945,-0.024290108319,-0.029082183019,-0.211164063945,0.024290108319,0.029082183019,0.367571343642,0.387550426045,-0.135424853220,-0.089858159593,0.498123249627,0.086701761925,0.344525981072,0.426929748505,1.443328669544,0.006519384275,0.896448196625,0.423156992291,0.312439250692,0.415519835860,1.604106605013,0.067048749357,0.956549224239,0.421610686697,0.350811906758,0.630453709595,1.478167468154,-0.085174612102,1.075042623703,-0.135581537452,0.624460816383,0.470789760351,-0.000388602261,-0.406328130981
1153,1,0.214772709493,-0.024142240176,-0.026556958085,-0.214772709493,0.024142240176,0.026556958085,0.372446925477,0.391147130392,-0.145537664023,-0.091718944147,0.502548837131,0.092198751926,0.344032928222,0.459902665579,1.406130988276,0.005831458620,0.904338693736,0.462512336883,0.304145519211,0.452472533332,1.565385656205,0.067271695340,0.965313199157,0.465286643635,0.356206126912,0.679646324091,1.450096260803,-0.087066837362,1.085939092818,-0.077510633512,0.624163419008,0.471815556288,-0.000389751513,-0.400707754883
1154,1,0.219349925857,-0.024432357851,-0.026714034752,-0.219349925857,0.024432357851,0.026714034752,0.383245279027,0.397689478864,-0.207773963451,-0.095504251436,0.511559116639,0.115666299005,0.346874965505,0.503850987778,1.189349979957,0.004685817489,0.920242523952,0.485001655858,0.302615384443,0.500968829714,1.331511343110,0.067241011270,0.982741504892,0.487181077664,0.366263849778,0.727395058172,1.157115325375,-0.090070394079,1.105109887697,-0.038073031789,0.623291015625,0.472194612026,-0.000387519598,-0.393385625558
1155,1,0.220019290489,-0.023558413323,-0.026715828932,-0.220019290489,0.023558413323,0.026715828932,0.383350868513,0.395762178739,-0.201212822808,-0.097512164032,0.506818407723,0.068270904741,0.344449968423,0.540458561490,1.207066459667,0.003380886111,0.917981833058,0.370732204617,0.294134668589,0.540763264523,1.350924151864,0.069038029080,0.982667924413,0.362662988331,0.370564320743,0.764123611651,1.151679565642,-0.092560285420,1.102506021919,-0.207886398495,0.622439712286,0.472916588187,-0.000388476998,-0.393578443201
1156,1,0.225048953614,-0.023866549197,-0.029007058120,-0.225048953614,0.023866549197,0.029007058120,0.389712772055,0.402193260372,-0.225989503134,-0.101460547100,0.515234699216,0.088766843072,0.352336443780,0.606279787549,0.959138110230,-0.000658007845,0.931454275983,0.423943942668,0.298783053247,0.614176653912,1.074422613725,0.066474391202,0.998178788933,0.421192526223,0.400225530422,0.834643336955,0.803392031724,-0.098179079504,1.121453211185,-0.123979898643,0.620777636766,0.473633602262,-0.000390817877,-0.385930944244
1157,1,0.247124138785,-0.026282575631,-0.037005078498,-0.247124138785,0.026282575631,0.037005078498,0.428292487124,0.444100132762,-0.245216271744,-0.113751763990,0.564002123646,0.069404946919,0.398214241389,0.735907389214,0.908770975967,-0.002366612216,1.025683199858,0.426635377208,0.351708667032,0.752801854951,1.014513165918,0.069615442967,1.100729804016,0.422082643379,0.476715087238,1.000529191032,0.681805469304,-0.111084575494,1.233224816416,-0.162388017779,0.619872629642,0.473633930087,-0.000405572355,-0.349803362639
1158,1,0.252144048365,-0.025548601711,-0.048307350821,-0.252144048365,0.025548601711,0.048307350821,0.433580045350,0.460014950788,-0.217609796205,-0.121254924059,0.570888484686,0.084376609619,0.421814166525,0.811496760721,0.704603667276,-0.008950880198,1.046020776034,0.464164427647,0.390395705600,0.832668133186,0.778131616889,0.067866192413,1.123026483476,0.458436132049,0.513956069262,1.063176396433,0.401658316693,-0.130730937027,1.257971431626,-0.126311938093,0.617147505283,0.476144000888,-0.000419554301,-0.340625359967
1159,1,0.256627369473,-0.025940482898,-0.049368433606,-0.256627369473,0.025940482898,0.049368433606,0.439067475002,0.481787822869,-0.206642319208,-0.127848595083,0.583581006313,0.090985917926,0.454923968602,0.885142557569,0.636650903444,-0.014293623959,1.066915574760,0.573537332772,0.427975463002,0.916614221286,0.702519091205,0.064337163145,1.137013865785,0.575323072802,0.562932709782,1.132624537394,0.254024749676,-0.138599762297,1.287348184011,-0.006194012796,0.615447521210,0.476289123297,-0.000418620184,-0.332696409794
1160,1,0.263929197885,-0.025710526934,-0.046877518379,-0.263929197885,0.025710526934,0.046877518379,0.446206328456,0.517968971011,-0.149873489998,-0.133633919871,0.600283019180,0.131456533950,0.496404325568,0.977353560432,0.571562617351,-0.022761551921,1.098783063031,0.699198098059,0.474011095212,1.016506345999,0.618510911269,0.057485792760,1.170431309677,0.704427090743,0.622276787890,1.214103195701,0.122422387253,-0.159951817010,1.325463825353,0.130315058204,0.613236576319,0.477164268494,-0.000429583713,-0.322522677380
1161,1,0.268211929988,-0.025402613357,-0.023354316864,-0.268211929988,0.025402613357,0.023354316864,0.443387581771,0.547994967724,-0.093372723150,-0.142031310587,0.609990512264,0.138184747293,0.515835783849,1.025308638000,0.527669789774,-0.034525202984,1.111930817422,0.756342368525,0.485985587363,1.072200719466,0.563910165491,0.046681401785,1.181352117182,0.766650945925,0.669292480508,1.250567427370,0.075496942716,-0.175476100142,1.341922301625,0.222346179136,0.609707236290,0.478303119540,-0.000436803326,-0.317714626976
1162,1,0.269015812420,-0.024236114329,-0.000519727368,-0.269015812420,0.024236114329,0.000519727368,0.431228132475,0.570976412737,-0.064338314475,-0.149496238161,0.610102400008,0.144049474973,0.518211014778,1.060014009004,0.456674501749,-0.047080293147,1.110852631231,0.809909917875,0.487230716307,1.117950123261,0.477396863118,0.029518283035,1.176650268171,0.822529933047,0.687964009674,1.271144648799,-0.103950475353,-0.175590924602,1.338004460968,0.233642142546,0.606238514185,0.478651612997,-0.000432965753,-0.317670648795
1163,1,0.268038319177,-0.021415481199,0.015709102322,-0.268038319177,0.021415481199,-0.015709102322,0.418429093644,0.590593979520,-0.041398155850,-0.159079444854,0.614849157364,0.180801228837,0.529941268337,1.095023312377,0.389241000847,-0.060466577119,1.109303623106,0.884807638784,0.486628464195,1.160960857780,0.401415264367,0.014748326445,1.174660851594,0.900886367622,0.723815273892,1.303785785739,-0.165132644211,-0.191066099366,1.336618367371,0.336832505014,0.602395832539,0.480181008577,-0.000429463340,-0.316861915261
1164,1,0.264667634265,-0.019861791036,0.018708834731,-0.264667634265,0.019861791036,-0.018708834731,0.401634852730,0.591386880985,-0.060122700858,-0.164906604831,0.609248154100,0.165331814835,0.524013334762,1.093647641211,0.378876461290,-0.072506137052,1.093665837444,0.910911038764,0.472657439820,1.157564692413,0.394430479997,0.002946768421,1.157934187335,0.931265567061,0.729832218394,1.301821265848,-0.256801023988,-0.199389393479,1.320093625274,0.303604961113,0.598693817854,0.480791255832,-0.000431310618,-0.321014541998
1165,1,0.259081738015,-0.018001816631,0.019251409032,-0.259081738015,0.018001816631,-0.019251409032,0.382481126660,0.584654256018,-0.076667214784,-0.174065377999,0.597578266549,0.156298610914,0.506954024427,1.069215816996,0.409731915187,-0.087574063657,1.074982429144,0.919438739401,0.453642778320,1.127510088612,0.430408127198,-0.012956305462,1.137794697562,0.942649737545,0.700263704771,1.285419675807,-0.209670222755,-0.212105330165,1.296618057478,0.312184092727,0.593544095755,0.481930911541,-0.000424458412,-0.325754522123
1166,1,0.197241724905,-0.012673785208,0.007992682048,-0.197241724905,0.012673785208,-0.007992682048,0.286412724347,0.443723611569,-0.067598413956,-0.140034495292,0.453348184583,0.149962690313,0.377867003996,0.813500962477,0.484143650719,-0.077489494821,0.815281886311,1.008061931934,0.337383247872,0.859622041930,0.497776483066,-0.020141691546,0.862997476699,1.044803331029,0.519771948542,0.974307647192,-0.068268739012,-0.170647743947,0.983578702449,0.405235639854,0.589578896761,0.482373207808,-0.000399562530,-0.429098165838
1167,1,0.235123678648,-0.015178316046,0.024127808639,-0.235123678648,0.015178316046,-0.024127808639,0.332551623073,0.522217468421,-0.058139773426,-0.177853389487,0.538028572464,0.151138837268,0.432267059738,0.962335570817,0.365064458980,-0.109342352218,0.969722395374,0.996789750044,0.381625009941,1.021387849164,0.368594177864,-0.041920840991,1.026123510219,1.025930480332,0.608905332619,1.151505624786,-0.168028825834,-0.219931972887,1.170022443020,0.411441595375,0.583580031991,0.482277780771,-0.000405209139,-0.360573496205
1168,1,0.208726882530,-0.012829665632,0.018386607226,-0.208726882530,0.012829665632,-0.018386607226,0.284968671880,0.457994334840,-0.035589884755,-0.158645905477,0.473365077962,0.144862359744,0.372317232276,0.851719121148,0.529665153788,-0.109068593608,0.854351605351,1.017400925008,0.326425456535,0.904898534582,0.546737750842,-0.051379345519,0.904007401040,1.055381051161,0.529180834266,1.017590234007,-0.054153879157,-0.206047366279,1.030255979118,0.436814426205,0.578496828675,0.482489511371,-0.000388988294,-0.409344288509
1169,1,0.216108889791,-0.013276740468,0.017770948084,-0.216108889791,0.013276740468,-0.017770948084,0.287658203705,0.471326295729,-0.032736203257,-0.169979989323,0.488518488129,0.149349433668,0.368592089393,0.874965102923,0.545662658361,-0.128742972174,0.881793550748,0.982234891564,0.319843749592,0.928437836946,0.563979393581,-0.068864193319,0.932900707835,1.015318344241,0.527826902136,1.047872734048,-0.052903545121,-0.229108597286,1.062956366411,0.413650118775,0.572050437331,0.482404783368,-0.000391143607,-0.396797048369
1170,1,0.215442166180,-0.013477689435,0.017706211841,-0.215442166180,0.013477689435,-0.017706211841,0.279224523840,0.476835098200,-0.041514509346,-0.179758816459,0.493321400139,0.126755094668,0.355294696341,0.885920276012,0.450127548075,-0.146098139829,0.890200640432,0.950804374650,0.307121264471,0.938360274458,0.464257261495,-0.084890748119,0.941890703263,0.976460784977,0.514458296036,1.057860983356,-0.140903243516,-0.247401614017,1.073136865559,0.415587258832,0.565709516406,0.482365757227,-0.000391735928,-0.393106510775
1171,1,0.208569465307,-0.012941635503,0.017080438245,-0.208569465307,0.012941635503,-0.017080438245,0.262191235858,0.465592833257,-0.013741570482,-0.183077556931,0.480102833289,0.125424864258,0.330275349465,0.862818893923,0.686745974201,-0.156401601391,0.866072699793,1.081650417156,0.283763985007,0.913199695004,0.720463506177,-0.096999910141,0.915998620200,1.125802097340,0.490299065478,1.027663931952,-0.010441607290,-0.254941473683,1.044022816097,0.459099701658,0.559968963265,0.482427135110,-0.000395574607,-0.403976538148
1172,1,0.205924869526,-0.011978932979,0.014023788572,-0.205924869526,0.011978932979,-0.014023788572,0.252642505579,0.458026238878,0.005980154407,-0.181132583082,0.469281872393,0.141466271282,0.316017877327,0.848800819890,0.717721515598,-0.162525599460,0.847876113573,1.114406128932,0.270651273231,0.897492228626,0.751905481696,-0.105250815223,0.896514276820,1.159325355164,0.470502648229,1.010084157222,0.023729036050,-0.255943364217,1.022456209754,0.482058063436,0.556202307343,0.482759118080,-0.000390300527,-0.411950559732
1173,1,0.215546176255,-0.012271897110,0.016454853526,-0.215546176255,0.012271897110,-0.016454853526,0.261015579605,0.479171834284,0.004696981656,-0.195043911240,0.491370304212,0.132818994279,0.320872083554,0.888225412477,0.706801800273,-0.180966221257,0.887725986270,1.087242368138,0.273683589056,0.939549192377,0.746151032810,-0.121783912345,0.938773503983,1.123193697131,0.482271477826,1.058294448219,0.019621199273,-0.278887437181,1.070941370112,0.501328346678,0.552038520575,0.482985198498,-0.000387524255,-0.392887854035
1174,1,0.207819888493,-0.011116908894,0.010091550113,-0.207819888493,0.011116908894,-0.010091550113,0.247573005683,0.462716804149,0.112790091814,-0.187444061080,0.471620279445,0.165577376162,0.301715027577,0.854110590765,0.965046439181,-0.180768277955,0.854030801110,1.229585759652,0.256159510373,0.903135572236,1.011794206382,-0.125319718688,0.903717001059,1.280707298192,0.457899339603,1.020572816895,0.240877094804,-0.274932032488,1.028459302287,0.532660534766,0.549209445715,0.483252361417,-0.000380770187,-0.408621149279
1175,1,0.209756127246,-0.010687224256,0.011617154966,-0.209756127246,0.010687224256,-0.011617154966,0.245921486201,0.465644274062,0.089589890355,-0.194101684186,0.473264447187,0.165592922223,0.294339066481,0.858687692166,0.890408460680,-0.190864719925,0.856289039329,1.214202765514,0.248575210355,0.907343480756,0.934441072478,-0.137401654491,0.905604538099,1.266884487163,0.456148567918,1.024834065855,0.233303561002,-0.285152686549,1.032935787820,0.567035841009,0.545596912503,0.484163269401,-0.000379869249,-0.406483491146
1176,1,0.199360358408,-0.009881474575,0.004087678597,-0.199360358408,0.009881474575,-0.004087678597,0.233489936784,0.440508457078,0.075762855786,-0.180314678561,0.448240970051,0.165052757049,0.276546435639,0.812843701984,0.837474713499,-0.181787677019,0.811987727293,1.180719800854,0.235144751764,0.858929851405,0.877358482807,-0.132366489143,0.858261177583,1.230887415322,0.424875811433,0.968660114148,0.185245880341,-0.271857318811,0.978615384432,0.525020799093,0.544648155570,0.484119772911,-0.000375021831,-0.429291472053
1177,1,0.183909691618,-0.009055595304,0.002106158097,-0.183909691618,0.009055595304,-0.002106158097,0.212385795069,0.410439457064,0.065303746731,-0.171353195129,0.413035497167,0.171106410251,0.249148073835,0.754580724675,0.785857403455,-0.175666195697,0.754812982975,1.085879185809,0.210712865834,0.797164073626,0.823185715266,-0.129820673362,0.798143961605,1.126629058906,0.385399752909,0.899344464423,0.160460862692,-0.260561238935,0.909547221318,0.461976713504,0.540956616402,0.483089789748,-0.000366831955,-0.462962053574
1178,1,0.191645866541,-0.009132664565,-0.007135332596,-0.191645866541,0.009132664565,0.007135332596,0.217161851416,0.424858809294,0.073415195985,-0.178745252237,0.427917448509,0.225712164535,0.253289769519,0.781850936985,0.821633805947,-0.186164921558,0.781713380194,1.192946435258,0.215232390835,0.827216953201,0.859926710648,-0.138930692188,0.826907983589,1.237833135372,0.393809029370,0.933552884111,0.157529015676,-0.277071832391,0.941999297576,0.525247973837,0.538912087679,0.482968747616,-0.000360533129,-0.447175259160
1179,1,0.189924672102,-0.008685747247,-0.007023925469,-0.189924672102,0.008685747247,0.007023925469,0.214773056288,0.418759983140,0.102910645733,-0.175047578765,0.421824662789,0.222686508676,0.247201455144,0.771112380684,0.920722873117,-0.186074716797,0.770583339028,1.243182904409,0.209946373281,0.816541037753,0.963567091980,-0.139994557162,0.815235796491,1.292116889946,0.380678059941,0.920116923701,0.191899049847,-0.275802917663,0.929027237424,0.520795990294,0.537670776248,0.483150556684,-0.000358935329,-0.453139896381
1180,1,0.185790911151,-0.008297941500,-0.006980794779,-0.185790911151,0.008297941500,0.006980794779,0.208055009822,0.409255586216,0.090444266461,-0.171615976319,0.412496821722,0.188531778971,0.239060112962,0.753390349036,0.878189850929,-0.183485020106,0.752665226066,1.153162898220,0.202752820826,0.798179333966,0.920628474883,-0.139097098766,0.796265522686,1.197879242512,0.369944680730,0.898297126622,0.179715085782,-0.270316763185,0.907091007314,0.471258636768,0.536721274257,0.482743129134,-0.000355347642,-0.464426389528
1181,1,0.188719513811,-0.008530097738,-0.007062891172,-0.188719513811,0.008530097738,0.007062891172,0.209541573284,0.416464810403,0.086453805039,-0.176584220283,0.420310848489,0.182488479493,0.238820844869,0.765950797720,0.894727970712,-0.188824176787,0.765553809228,1.159874653302,0.203207048983,0.811267125471,0.938924717833,-0.144004671912,0.809886931423,1.206150826668,0.373671845650,0.913406444138,0.195771297491,-0.276329993276,0.922229585156,0.471698951674,0.535664007068,0.482648670673,-0.000355698867,-0.456731952968
1182,1,0.187796923908,-0.008353558224,-0.007095780906,-0.187796923908,0.008353558224,0.007095780906,0.207109187783,0.416235145081,0.088710658119,-0.178369839203,0.420422599156,0.177989264786,0.236200044169,0.765406388455,0.892144566804,-0.190811338026,0.765464408104,1.140991166881,0.200799974704,0.810474878288,0.935100880655,-0.146229822100,0.809841095112,1.185470072776,0.370892333133,0.913301211502,0.195420697879,-0.280203580087,0.921740658364,0.447590552621,0.534673884511,0.482477501035,-0.000353377429,-0.457156625881
1183,1,0.185800213188,-0.008295070330,-0.007847565761,-0.185800213188,0.008295070330,0.007847565761,0.202837415024,0.413094244156,0.076436142257,-0.178764229581,0.417839136086,0.186816637849,0.231342601226,0.758857194702,0.863563983917,-0.191517224278,0.759638841525,1.169244839543,0.197139192900,0.803116638550,0.905445106214,-0.147982350118,0.804618722780,1.214579322182,0.362231447176,0.905873946915,0.177252085527,-0.285080723428,0.913583750631,0.455797767596,0.533500880003,0.482169017196,-0.000348737696,-0.461572802969
1184,1,0.190302084145,-0.008500588485,-0.008219364434,-0.190302084145,0.008500588485,0.008219364434,0.206494233680,0.421863183245,0.076478532478,-0.182214314531,0.426798158314,0.199822160373,0.236265441369,0.775084666505,0.875900430284,-0.196021830327,0.775680923811,1.196958360188,0.202604785184,0.820300164412,0.919010044412,-0.151625246942,0.821640589856,1.243447578653,0.368483554450,0.925111204314,0.170027108324,-0.294245169570,0.933436132206,0.494883476081,0.533191964030,0.482069909573,-0.000346823246,-0.452140050505
1185,1,0.186713535590,-0.008632138171,-0.009454333879,-0.186713535590,0.008632138171,0.009454333879,0.201816671466,0.414693342759,0.058395577241,-0.179150611619,0.420174650849,0.195397430561,0.231059459834,0.762141627743,0.844992422417,-0.193181362664,0.762186404809,1.169895519747,0.198092992601,0.806970070160,0.885545690409,-0.149845834192,0.807601996200,1.214183531457,0.357874449923,0.908341204687,0.109179320808,-0.291426773326,0.917729376428,0.479660391098,0.532794162631,0.481510341167,-0.000339668011,-0.460575229097
1186,1,0.173121820979,-0.007858283971,-0.012608853752,-0.173121820979,0.007858283971,0.012608853752,0.186775149262,0.384220238714,0.062063803666,-0.165797191335,0.389218951746,0.236133734569,0.213642872222,0.706607743274,0.814125585791,-0.178696349697,0.706670790537,1.216813488535,0.183017903961,0.749606216339,0.852196603615,-0.139072343542,0.751093220796,1.262383834454,0.331302309633,0.841611830325,0.108970124533,-0.270019351207,0.850221737156,0.530340985423,0.532740876079,0.481384262443,-0.000324723544,-0.497278417458
1187,1,0.173087571036,-0.007728410364,-0.012932260357,-0.173087571036,0.007728410364,0.012932260357,0.187301750992,0.383779202208,0.062871720925,-0.165384517018,0.389478085865,0.225828491476,0.214159516070,0.707537656235,0.810860739869,-0.178074079250,0.706790273449,1.176007044230,0.183966162677,0.750529310421,0.849070894594,-0.138637108990,0.751616815915,1.220230789031,0.331592545803,0.842460270382,0.111057083784,-0.269761066807,0.850563151412,0.506174633737,0.532887637615,0.481014877558,-0.000324244844,-0.497168736854
1188,1,0.175893206723,-0.007891778354,-0.013377934689,-0.175893206723,0.007891778354,0.013377934689,0.190495815639,0.389986870291,0.064448602167,-0.168070904844,0.395804009807,0.205330412896,0.217792669109,0.719038180734,0.822148640757,-0.180908671167,0.719524302852,1.108965076736,0.187015534592,0.762674768224,0.858893807583,-0.140830643787,0.764947846009,1.147126881390,0.336381733494,0.855927001590,0.114526699884,-0.274050034577,0.864602514796,0.433702527820,0.532914295793,0.480999484658,-0.000325873028,-0.489223846444
1189,1,0.180773628988,-0.008148584524,-0.010453547220,-0.180773628988,0.008148584524,0.010453547220,0.197337476362,0.401456403161,0.079034220639,-0.172519646316,0.407351424128,0.208112449127,0.225615351058,0.740342588911,0.818850014805,-0.184447543132,0.740563482858,1.126860658202,0.194197044305,0.785155209677,0.851331961660,-0.143437659953,0.787412567693,1.166644523530,0.348886717026,0.881172828507,0.116115639506,-0.280868942549,0.889905979196,0.446017158397,0.533503904939,0.481005355716,-0.000331988325,-0.475177255781
1190,1,0.180706831831,-0.008810295289,-0.011965211835,-0.180706831831,0.008810295289,0.011965211835,0.197387138231,0.401757694490,0.075140255240,-0.172494853584,0.407949984219,0.206427520027,0.226722424001,0.741039272665,0.816279665567,-0.184532949831,0.741948007052,1.125385090138,0.195707033366,0.785753169313,0.849218276368,-0.143551086315,0.788744817249,1.164817062247,0.347826460049,0.882033226330,0.115096515282,-0.281174418191,0.889744923967,0.441437456743,0.533544287086,0.480618774891,-0.000332818367,-0.475139989296
1191,1,0.180363162837,-0.008814744348,-0.011450657750,-0.180363162837,0.008814744348,0.011450657750,0.198732732175,0.402568998636,0.027474540109,-0.171590137951,0.408166317943,0.140960896310,0.228342806405,0.742428053486,0.787058475682,-0.183360555411,0.742578972385,1.085835043978,0.197425731790,0.787094392648,0.824534804797,-0.143618872058,0.788796973958,1.128139584060,0.349951457732,0.883493996037,0.091598502317,-0.279889589662,0.891319536748,0.390715258586,0.534300446510,0.480619817972,-0.000334124314,-0.474328789595
1192,1,0.181047221530,-0.008818001644,-0.011642294099,-0.181047221530,0.008818001644,0.011642294099,0.201947518044,0.403958885576,0.030256480903,-0.167955525169,0.409602714063,0.142654673636,0.233672428877,0.744874702537,0.767179707459,-0.178998998016,0.744767226241,1.094114975156,0.202682464388,0.789586479393,0.802111897423,-0.139064309393,0.790839025527,1.137095287474,0.355492210774,0.886479446638,0.066531185481,-0.270889844596,0.893769817010,0.392801215228,0.536535173655,0.480480268598,-0.000334972516,-0.473060239088
1193,1,0.183299319104,-0.008993798507,-0.014123764907,-0.183299319104,0.008993798507,0.014123764907,0.207918295375,0.407812462971,0.084100806606,-0.169299313581,0.413203950098,0.191698718015,0.241815449670,0.754003747751,0.920732803874,-0.178504138474,0.754214774137,1.247381981847,0.209813817145,0.799459497567,0.965674313010,-0.137716594699,0.800783185238,1.299349055228,0.365386453702,0.897989472556,0.206504582952,-0.272339128726,0.905429850357,0.533959171892,0.538219556212,0.482085973024,-0.000330396462,-0.465197039053
1194,1,0.190211332890,-0.009343724126,-0.012302835519,-0.190211332890,0.009343724126,0.012302835519,0.220540028041,0.427417443705,0.035110199986,-0.174723326818,0.433001600346,0.173341655661,0.257590629122,0.789188329038,0.821528101965,-0.182277258008,0.788576210535,1.232185533212,0.224152398792,0.836596471325,0.860682365946,-0.138754358576,0.836845475500,1.282679879107,0.387134682611,0.939644241260,0.097503097934,-0.278749815912,0.947537016581,0.508020380526,0.540227040648,0.482098355889,-0.000330136856,-0.444513933087
1195,1,0.190918504331,-0.009325760948,-0.012020584273,-0.190918504331,0.009325760948,0.012020584273,0.224452386407,0.426337086744,0.032855417438,-0.168814096705,0.431943645410,0.183924171603,0.264591882060,0.787474370492,0.764204347769,-0.173668923062,0.785554911662,1.213523710314,0.231319902451,0.834757262596,0.798849643323,-0.129976154650,0.833671932356,1.260695715215,0.393919199434,0.937890119914,0.055465818990,-0.271183852098,0.945295886991,0.504084403502,0.543628975749,0.482084453106,-0.000332879135,-0.445608230461
1196,1,0.190113685085,-0.009326065189,-0.010980634370,-0.190113685085,0.009326065189,0.010980634370,0.227043053184,0.426293384010,0.040769160580,-0.165359399160,0.432004861945,0.184106738813,0.271481377412,0.786733578591,0.817709960213,-0.166012468189,0.784154745173,1.229129536554,0.236575426384,0.834241741948,0.858673052915,-0.121831719630,0.831610470377,1.279744927975,0.400681359737,0.937862875156,0.101247928497,-0.260991472850,0.945109774295,0.516061930442,0.547065749764,0.482070520520,-0.000332943164,-0.445572922167
1197,1,0.188747393443,-0.009584442958,-0.010773374939,-0.188747393443,0.009584442958,0.010773374939,0.230916148439,0.421007484569,0.088867419825,-0.158819484416,0.427643211933,0.213214908387,0.277485151285,0.778088855614,0.878033018824,-0.155639202965,0.775534116469,1.300574796856,0.242322496606,0.825112846472,0.919114159143,-0.111565218776,0.822311677557,1.355819822549,0.405725230454,0.927728930419,0.151742350156,-0.251893399831,0.936391314218,0.593586458274,0.551128178835,0.482358023524,-0.000332791358,-0.450125177750
1198,1,0.213965042360,-0.011135226397,-0.000297922126,-0.213965042360,0.011135226397,0.000297922126,0.264603593470,0.479169712751,0.037808708583,-0.177646515805,0.487937502951,0.131400618085,0.324260675978,0.886671409379,0.782886161986,-0.170218477642,0.883825851532,1.189909548267,0.284552086157,0.939853451425,0.818107752409,-0.121318207625,0.936521054106,1.238647387502,0.471243852922,1.055837030617,0.039192679513,-0.272437406673,1.067764975085,0.462603681548,0.554397910833,0.482271984220,-0.000337534730,-0.394842633576
1199,1,0.237401682708,-0.012331832585,0.012035122432,-0.237401682708,0.012331832585,-0.012035122432,0.303693704242,0.528778220188,-0.097662340784,-0.187533550131,0.536544606953,0.127784904306,0.373671597171,0.978998832448,0.401888268329,-0.172655738941,0.975032727166,1.048896106966,0.330731816214,1.037809617487,0.415629644865,-0.118306530693,1.033481866334,1.081942790111,0.535206142248,1.165590936713,-0.300665522243,-0.286924668463,1.177056610768,0.371849787212,0.559856891632,0.482259765267,-0.000355363591,-0.357648432298
1200,1,0.223775667822,-0.012098746556,0.012234032163,-0.223775667822,0.012098746556,-0.012234032163,0.292861974023,0.497689831304,-0.071325321938,-0.169022877497,0.506163711060,0.134807567070,0.363886629388,0.921704888603,0.571510825873,-0.150740756285,0.918062594558,1.124207516313,0.323479208604,0.976915654346,0.599405289046,-0.099213262160,0.973032832931,1.166947518786,0.516417014503,1.097505276332,-0.159138438457,-0.257898526032,1.108316604846,0.408240077238,0.564611688256,0.482469528913,-0.000355039723,-0.379642098437
1201,1,0.217794934613,-0.012948874793,0.010570403307,-0.217794934613,0.012948874793,-0.010570403307,0.294903864109,0.484289969652,-0.051444564791,-0.160296847031,0.493591290799,0.201527380205,0.367025862273,0.897842808425,0.633648476037,-0.134509605007,0.894054152781,1.350331176485,0.326636305739,0.951750434105,0.663431412647,-0.083896222759,0.947619304577,1.410990867793,0.517451236530,1.069445965150,-0.121413958170,-0.239279350676,1.080460268376,0.670535524887,0.569610744715,0.482958897948,-0.000348565402,-0.389156638135
1202,1,0.221797819113,-0.013471313771,0.010391842780,-0.221797819113,0.013471313771,-0.010391842780,0.309703244339,0.492278006856,-0.075190333340,-0.156852891122,0.503332538919,0.199828223249,0.388676138440,0.913035982903,0.600301200727,-0.121884390713,0.909652527458,1.248349561209,0.347922550794,0.968131206144,0.628627572593,-0.070193342083,0.964712387911,1.294391755015,0.544199186226,1.087440734141,-0.139961402405,-0.228787344205,1.099068236834,0.576907626179,0.575600832701,0.483068421483,-0.000349016278,-0.382612775827
1203,1,0.239958002186,-0.015721428127,0.014850380652,-0.239958002186,0.015721428127,-0.014850380652,0.346653929493,0.533545447302,-0.076117595231,-0.161476277708,0.544665651714,0.206648316177,0.435921865575,0.987511747096,0.558718062308,-0.118516495050,0.983953997624,1.169433071243,0.391697705696,1.046881585873,0.584379449030,-0.061618506985,1.043556348077,1.207848660556,0.602743590102,1.177036624273,-0.148956605783,-0.233564184364,1.189406177919,0.521285793073,0.580730780959,0.483755752444,-0.000360837905,-0.352995587625
1204,1,0.232935806936,-0.015369520991,0.012821582847,-0.232935806936,0.015369520991,-0.012821582847,0.342463437240,0.516007505009,-0.074874824411,-0.152527092013,0.527489261137,0.200572192147,0.435051071495,0.955064018790,0.614722291204,-0.101423567422,0.954057431740,1.190930373725,0.392502883519,1.012462673133,0.645110750823,-0.045495186748,1.012535517174,1.234193690923,0.597565718497,1.138037959984,-0.118531337123,-0.213851321521,1.150405440852,0.507024540774,0.585716843605,0.483794182539,-0.000370757421,-0.364939550710
1205,1,0.231881742019,-0.015683832467,0.012500290807,-0.231881742019,0.015683832467,-0.012500290807,0.349666537922,0.510187618437,-0.075088467503,-0.142133822097,0.521976285904,0.207343898355,0.444363340414,0.944421136510,0.602394234800,-0.088022287601,0.943920475123,1.205863955799,0.402584150253,1.000559249981,0.631490488284,-0.031831294196,1.001959840510,1.251149150227,0.606624122223,1.125690798950,-0.136338676772,-0.198045053164,1.139821707869,0.506116047390,0.590793609619,0.483868032694,-0.000372641487,-0.368584406297
1206,1,0.220031435517,-0.015430334152,0.011004526821,-0.220031435517,0.015430334152,-0.011004526821,0.341988451059,0.482063162355,-0.070024790993,-0.129850837167,0.497572624846,0.199802761101,0.433136986055,0.894501467868,0.593749031465,-0.073842905375,0.898095803427,1.150977804828,0.394018567342,0.947308550553,0.628468168497,-0.021312002148,0.952067489013,1.196428415052,0.587603125664,1.069406965668,-0.074610650642,-0.176472362085,1.085485259318,0.506551717775,0.595160603523,0.483943253756,-0.000375922304,-0.387178443214
1207,1,0.261277785541,-0.018766905446,0.020594945534,-0.261277785541,0.018766905446,-0.020594945534,0.415339679184,0.564963949780,-0.103578333062,-0.144238226849,0.591706651723,0.185102601272,0.525217934577,1.035019574642,0.476259742618,-0.074687192691,1.066781014214,0.978757738547,0.481176225641,1.089128662759,0.505833623466,-0.011532122633,1.130512397766,1.004881145824,0.711117993757,1.255380382407,-0.090413348870,-0.196650015942,1.290082465698,0.416111205500,0.599420905113,0.484008714557,-0.000395451672,-0.325889012977
1208,1,0.275270930835,-0.020489413939,0.024000837950,-0.275270930835,0.020489413939,-0.024000837950,0.448721851015,0.589200879051,-0.111294101155,-0.145121536043,0.622526430183,0.173619630704,0.555568149826,1.054764885321,0.527360850967,-0.067149111861,1.124343225439,0.890147802053,0.513293245960,1.104240382427,0.564978378714,0.002597829767,1.191256275940,0.907159328687,0.757312558958,1.277729411167,-0.003013705372,-0.197437660639,1.356985016017,0.321574071479,0.602972358465,0.484197080135,-0.000404227758,-0.309686840504
1209,1,0.263326601943,-0.020620442847,0.014621675244,-0.263326601943,0.020620442847,-0.014621675244,0.438215984227,0.557518965309,-0.181364035287,-0.134299188050,0.598521673723,0.117244066022,0.525007212257,0.960781925557,0.654665079499,-0.055005924920,1.080646997630,0.860955798726,0.491755428167,0.992075168080,0.744407331420,0.012637716042,1.144684534793,0.883011033334,0.690951827388,1.191268795649,0.243602806506,-0.180024236840,1.302477075193,0.196395732389,0.605399459600,0.483919352293,-0.000415591756,-0.322576473751
1210,1,0.256798977707,-0.022193654608,0.006029054904,-0.256798977707,0.022193654608,-0.006029054904,0.438975398881,0.503927891426,-0.371657622954,-0.127505436812,0.574281353977,0.009527164647,0.492525342024,0.863870064998,0.718175585617,-0.041481956098,1.052878372836,0.672591617268,0.460397073591,0.881489806427,0.834592501810,0.024691980197,1.118561853598,0.688790780249,0.642639496789,1.112709252779,0.348204828854,-0.162737335306,1.274298640433,-0.026741626152,0.609457314014,0.483051836491,-0.000421248435,-0.330073175484
1211,1,0.232543062326,-0.023549707250,0.003950293872,-0.232543062326,0.023549707250,-0.003950293872,0.404383400837,0.421205438723,-0.341649642695,-0.112990848094,0.519721113193,-0.054452287314,0.422550064148,0.705723742830,0.753745394356,-0.030441429182,0.958051733085,0.458781046055,0.389790292691,0.725755261124,0.863929466288,0.028875625376,1.019826998134,0.464770867614,0.541571450265,0.955789125306,0.445728493415,-0.136783176366,1.158896762025,-0.204662658942,0.611769884825,0.481473281980,-0.000423073361,-0.364143981311
1212,1,0.229584854400,-0.024966476083,0.003451150428,-0.229584854400,0.024966476083,-0.003451150428,0.405158257739,0.400966776675,-0.317410716375,-0.110637355539,0.515730504225,-0.010782854136,0.398585916617,0.645270152114,0.854984084787,-0.021893514461,0.948455684743,0.440944031892,0.350809757334,0.655403752572,0.972150187041,0.037401497904,1.010171639801,0.439950119795,0.503979914581,0.882091112835,0.644755590771,-0.127365175052,1.146368637904,-0.192297656604,0.614063888788,0.480057850480,-0.000422304118,-0.369158694448
1213,1,0.231047624889,-0.027129386553,0.007129269365,-0.231047624889,0.027129386553,-0.007129269365,0.408751540283,0.405695701147,-0.296234398094,-0.111954951284,0.518760376055,0.011129034143,0.380511945475,0.588521517297,1.124466757122,-0.017741442930,0.952286320578,0.453672790609,0.327796559735,0.594614941144,1.260270387159,0.043738489757,1.018318874443,0.454568711305,0.476225628287,0.825443432166,1.046015055894,-0.119430218916,1.150277848042,-0.137932543152,0.615003615618,0.478999853134,-0.000422455021,-0.368969442679
1214,1,0.234881496201,-0.028132328798,0.009212923379,-0.234881496201,0.028132328798,-0.009212923379,0.417268112792,0.408936863403,-0.220134064658,-0.113699285740,0.528158962556,0.117562659083,0.375059363864,0.546621240015,1.232749472265,-0.013465734238,0.964245402376,0.579997962170,0.313024774679,0.552392560828,1.373303574084,0.049498081400,1.031032195051,0.590838515231,0.453969002879,0.784201015015,1.194116909073,-0.109030353885,1.164485326632,-0.091574163085,0.616311401129,0.478725582361,-0.000412418158,-0.364692812031
1215,1,0.232083025378,-0.029359110590,0.007915473817,-0.232083025378,0.029359110590,-0.007915473817,0.418306866257,0.407075598839,-0.216885934407,-0.111302027124,0.528188507012,0.161103047913,0.370990650719,0.498942816544,1.254727920994,-0.007974107445,0.959793497427,0.604119215272,0.318833284976,0.493101396531,1.400425430967,0.055113747554,1.025806602480,0.611903978404,0.426838994214,0.716925102179,1.226845298791,-0.103364726495,1.158024143168,-0.021722308806,0.618127584457,0.477860271931,-0.000407349551,-0.367601872158
1216,1,0.218012103360,-0.027486531120,0.007490009871,-0.218012103360,0.027486531120,-0.007490009871,0.391871293102,0.380748296899,-0.198453164642,-0.103810139549,0.495997982370,0.089437705752,0.348913645185,0.433544989919,1.481244265627,-0.005555801493,0.903112490097,0.489246635432,0.306334585131,0.414301885888,1.651564442369,0.053686499407,0.964500046519,0.492765322328,0.380517518035,0.622298557478,1.486102393506,-0.094422280941,1.084189982444,-0.119579188590,0.618831157684,0.476791128516,-0.000406110426,-0.393677211583
1217,1,0.223347248868,-0.029259676979,0.004022611304,-0.223347248868,0.029259676979,-0.004022611304,0.402353229719,0.388843493192,-0.212237223626,-0.105615678431,0.510746467171,0.146623745978,0.361173533587,0.408962024623,1.299457605603,-0.003121051801,0.926773910936,0.537982751555,0.320957581381,0.386832645319,1.450805071452,0.057586232082,0.988970539922,0.545786347663,0.365404170688,0.569849341283,1.328813943091,-0.094131636833,1.111149421654,-0.001949515875,0.619762629271,0.475406438112,-0.000395052833,-0.385399413590
1218,1,0.239928782651,-0.031525759075,0.002427657569,-0.239928782651,0.031525759075,-0.002427657569,0.433732253816,0.424847662955,-0.347629466514,-0.111201279029,0.553817792250,0.233017935641,0.394886043977,0.395498574365,1.360659075831,0.001228375334,0.999566728864,0.653252520545,0.351117632087,0.336448556813,1.545538181434,0.066494515663,1.066095218750,0.667526873348,0.399055592685,0.521153482373,1.534891985660,-0.097091701209,1.196444038602,0.196606310361,0.621404290199,0.473582267761,-0.000391381589,-0.359653613098
1219,1,0.259672020543,-0.033530526468,-0.001751161127,-0.259672020543,0.033530526468,0.001751161127,0.469511032671,0.469637644334,-0.470038117594,-0.118813100458,0.600610296271,0.304716522050,0.450729020127,0.365743066393,1.356693482521,0.001603628428,1.082480685257,0.762126633838,0.421968308446,0.328652559977,1.649266460866,0.073283725371,1.153491664167,0.777403874487,0.452769481162,0.443880447632,1.510150039387,-0.104427152230,1.293941668846,0.337160111997,0.621916353703,0.473048269749,-0.000383983512,-0.333067942980
1220,1,0.267129246324,-0.035926663337,-0.003319300245,-0.267129246324,0.035926663337,0.003319300245,0.484457939182,0.490895879185,-0.506684849873,-0.121942887910,0.622921211844,0.324513493344,0.473906167150,0.323803964056,1.323175838847,0.000087906913,1.119649337690,0.804525696729,0.444386915473,0.282176546616,1.651413722761,0.075204547845,1.191574295625,0.819871154096,0.514242382843,0.376039980382,1.541269395409,-0.106779129350,1.334592406126,0.365198187304,0.621930837631,0.471555307508,-0.000380627229,-0.324104433661
1221,1,0.267115324959,-0.035504544248,-0.013600682081,-0.267115324959,0.035504544248,0.013600682081,0.487986780966,0.492823945834,-0.528495771137,-0.119657841234,0.624669853033,0.367521505946,0.476992684455,0.303711340549,1.320098676984,0.002662464394,1.121962504670,0.905318201420,0.466102559522,0.302965581611,1.585082722725,0.081962480457,1.193347603754,0.925193533573,0.557448451897,0.401867509442,1.604846715961,-0.121191537129,1.339807549714,0.492164710686,0.622696608305,0.471573963761,-0.000373960705,-0.323615573836
1222,1,0.268982266410,-0.036265495146,-0.016828826115,-0.268982266410,0.036265495146,0.016828826115,0.499638817512,0.499942647586,-0.562204728010,-0.120961559634,0.630189666046,0.382519480025,0.475762188370,0.299452453316,1.260924984032,0.002504743221,1.132288895041,0.896375453588,0.458237703781,0.259374521410,1.515051666348,0.083945485494,1.204717310223,0.914297161683,0.542937014317,0.355000863513,1.567267127415,-0.122790104728,1.351521954752,0.449131278982,0.622637659311,0.470860749483,-0.000363451429,-0.321338855826
1223,1,0.276199732945,-0.037098528762,-0.019182348125,-0.276199732945,0.037098528762,0.019182348125,0.520345233342,0.515651801579,-0.597681482645,-0.122874446866,0.648972093345,0.385570423550,0.496953348299,0.286367984952,1.191996466918,0.003044702547,1.164679718602,0.927737566534,0.472562548350,0.239356343659,1.418270953474,0.088408307249,1.238702774054,0.947161060226,0.577553968081,0.318928205989,1.560084167166,-0.128515164974,1.390136824468,0.510096888986,0.622760117054,0.470786437392,-0.000362007646,-0.312578108518
1224,1,0.271791981950,-0.035304326027,-0.020034942292,-0.271791981950,0.035304326027,0.020034942292,0.514361581291,0.509359545067,-0.565231872305,-0.119377073181,0.639058465126,0.400878271096,0.465136124657,0.302557880607,1.202463942919,0.005006449757,1.147619630109,0.956340697666,0.460250248886,0.271624079857,1.436702386917,0.089902931339,1.220327433940,0.977755539063,0.548861047790,0.379877357688,1.617082760223,-0.124962728815,1.369721419711,0.542319303804,0.623249530792,0.471277058125,-0.000359313330,-0.317366815377
1225,1,0.269509089722,-0.035061277587,-0.020448381356,-0.269509089722,0.035061277587,0.020448381356,0.510427434867,0.511634129018,-0.542105523152,-0.118484103791,0.633925321655,0.384712068155,0.479398156706,0.318916216423,1.193725269898,0.004689036335,1.138634346841,0.945002015439,0.466910357680,0.280050550779,1.410905444265,0.088737793803,1.210727733350,0.967572141296,0.565808149298,0.375763180195,1.558689855243,-0.123753996143,1.358579012152,0.484817182555,0.623181253672,0.471249550581,-0.000357786892,-0.320005438787
1226,1,0.264150563025,-0.034037260596,-0.020247421373,-0.264150563025,0.034037260596,0.020247421373,0.500612193429,0.505495628032,-0.487555892678,-0.116139702291,0.621812619139,0.375461517743,0.475035016312,0.335442862532,1.326819269097,0.005119819691,1.115372992341,0.937513305737,0.479253138324,0.303377243558,1.536912818798,0.089893102333,1.186102735527,0.960518927299,0.545386890444,0.413221411762,1.665362539450,-0.122536348547,1.332320430861,0.509299525965,0.623195976019,0.471629500389,-0.000360428588,-0.326282892297
1227,1,0.256590136014,-0.033146921147,-0.018904613863,-0.256590136014,0.033146921147,0.018904613863,0.483963815838,0.493184031553,-0.469481438421,-0.113848750282,0.602871269274,0.358337178889,0.472356019710,0.333439135725,1.280642137742,0.003187748719,1.081016580590,0.897630278303,0.466065062677,0.306579719175,1.479754889277,0.082561718071,1.149628689019,0.918387648006,0.514539380778,0.421076287983,1.564909563408,-0.118277959375,1.290326055924,0.467207273830,0.622795462608,0.471552342176,-0.000359321944,-0.336658163369
1228,1,0.241541387625,-0.031406388850,-0.017548080211,-0.241541387625,0.031406388850,0.017548080211,0.454268056199,0.437543899679,-0.279681445895,-0.107560934723,0.568590594724,0.236579883795,0.433782768001,0.412901703043,1.306296812276,0.003116783733,1.019410049291,0.759130765828,0.410301683523,0.405053800582,1.473892739626,0.077425957840,1.083888095282,0.775752554773,0.452739639830,0.586698299960,1.465365837879,-0.109298344601,1.216619095982,0.227352210867,0.622599303722,0.471627831459,-0.000360922655,-0.356925980551
1229,1,0.213748972918,-0.026482774023,-0.001192598927,-0.213748972918,0.026482774023,0.001192598927,0.401197663477,0.386062519414,-0.108294792784,-0.095256810175,0.500097219892,0.113929827219,0.366125821805,0.427296038593,1.597816015919,0.003393222847,0.898302005303,0.641357637766,0.332510591395,0.422085429094,1.770193567381,0.068424629579,0.955542819243,0.657303585208,0.391574033454,0.612341848410,1.601674326747,-0.093094077242,1.073050324289,0.075032904518,0.622497081757,0.472837775946,-0.000374280819,-0.403697018411
1230,1,0.220486441510,-0.027310921472,-0.000378970724,-0.220486441510,0.027310921472,0.000378970724,0.405854835885,0.394892032076,-0.170759823470,-0.100223651698,0.511171645403,0.070619179941,0.368039597584,0.454470703433,1.585158969923,0.002263718062,0.919259668817,0.639069764513,0.331876937704,0.439697553158,1.771168505477,0.068217829598,0.978433281626,0.656474132798,0.392620076816,0.668779170806,1.602087243272,-0.093711277547,1.098391370679,0.033950036288,0.621192842722,0.472895860672,-0.000377764642,-0.394363848641
1231,1,0.217840891471,-0.026290163896,-0.002286688148,-0.217840891471,0.026290163896,0.002286688148,0.400039908151,0.390603955353,-0.344907375404,-0.100381067481,0.504503045258,0.091038158696,0.361295509452,0.503340551840,1.425940854866,0.002721902992,0.907843561651,0.684440854958,0.322652320636,0.495559201219,1.602136346508,0.068323547397,0.966578780811,0.708617085268,0.388055207968,0.724726181150,1.496095299497,-0.094429866607,1.085228157287,0.094956416316,0.620371282101,0.473360702395,-0.000375054951,-0.398699648914
1232,1,0.224217538501,-0.027683393581,-0.002451551559,-0.224217538501,0.027683393581,0.002451551559,0.404850936923,0.399014352473,-0.380515000686,-0.106569948570,0.516284373185,0.075488672230,0.365401402436,0.574951321076,1.092922390809,-0.003223157489,0.928618520140,0.626468978250,0.323101519758,0.581763075152,1.232704150910,0.063277084948,0.989752028396,0.642006358519,0.395748125376,0.795475851819,0.952940867570,-0.102885923243,1.111489772399,0.026621310112,0.618033319712,0.474513828754,-0.000374762458,-0.388187950784
1233,1,0.234847251990,-0.028634013739,-0.004702070743,-0.234847251990,0.028634013739,0.004702070743,0.424048087598,0.419008363367,-0.391409369046,-0.112244959471,0.537868896351,0.047168349693,0.385004576936,0.664887326855,0.920038901039,-0.004423480464,0.969622310433,0.534795491822,0.339160881862,0.672954855404,1.036422678714,0.064622770765,1.035672507513,0.539232124198,0.450260898739,0.908277754793,0.690541653529,-0.113195447402,1.165197224615,-0.099568111295,0.617346614599,0.474816486239,-0.000382567872,-0.369359090354
1234,1,0.255233324651,-0.030971342658,-0.007266944993,-0.255233324651,0.030971342658,0.007266944993,0.455979867640,0.465447558336,-0.317297961153,-0.125981665123,0.579609518644,0.058559204751,0.428195154525,0.800030432756,0.735213129818,-0.010772744101,1.048498327509,0.567025245680,0.386105874835,0.813875415923,0.820141050100,0.062333801432,1.121423817043,0.570551091550,0.526524119209,1.058727464155,0.424264347606,-0.129612101594,1.263122461323,-0.052976075751,0.615314751863,0.476700529456,-0.000392257469,-0.339081743560
1235,1,0.253798132911,-0.030526637034,-0.007310716769,-0.253798132911,0.030526637034,0.007310716769,0.446409187709,0.473492052950,-0.277943008356,-0.127345181903,0.572844572019,0.054771244178,0.442730144531,0.862711503786,0.520267604124,-0.015550721916,1.038732430061,0.596109808492,0.409752035596,0.900473609882,0.575411694756,0.055935422265,1.108744544828,0.602306570120,0.570849921638,1.103833385755,0.064374923586,-0.133510131204,1.251490301456,-0.029296109980,0.613795429468,0.476806461811,-0.000392102869,-0.341001315441
1236,1,0.267614661522,-0.029773841796,-0.008258883765,-0.267614661522,0.029773841796,0.008258883765,0.459124517131,0.517335700173,-0.242533058259,-0.138348515526,0.595613655336,0.091510511440,0.483299770556,0.953823689315,0.452189458311,-0.025020937804,1.083936161818,0.707926102493,0.460593158732,0.993810552862,0.494496335269,0.050551084197,1.153670860922,0.713010115907,0.628171953543,1.195439725201,-0.064050310495,-0.155056905180,1.305458685483,0.069386844151,0.610978811979,0.478734210134,-0.000394324306,-0.324881973486
1237,1,0.277220209129,-0.028713252276,0.003272676695,-0.277220209129,0.028713252276,-0.003272676695,0.464765961228,0.560218191085,-0.175610855539,-0.151073025730,0.618946793300,0.099675011606,0.522496574116,1.043697332620,0.383035454766,-0.037475855554,1.120379462989,0.812877048411,0.490329241281,1.097989665257,0.409875014206,0.043128748839,1.189614127755,0.826273234750,0.685216615956,1.266468919320,-0.155848549066,-0.175724361506,1.350981529985,0.210107533594,0.608077168465,0.479867160320,-0.000402014935,-0.313106906058
1238,1,0.270775994554,-0.026722348509,0.009404060151,-0.270775994554,0.026722348509,-0.009404060151,0.441638624471,0.555047705586,-0.109830890484,-0.151376102059,0.603305220219,0.098353928843,0.521084657500,1.044147232056,0.437007764656,-0.044888731620,1.090292775302,0.888801573904,0.495346225961,1.103242098408,0.458890217459,0.033460518592,1.157920652862,0.907345585974,0.691479375073,1.263961949964,-0.196110255908,-0.177891258796,1.314728069525,0.241335511526,0.605805456638,0.481033578515,-0.000408614986,-0.320689751278
1239,1,0.262700097331,-0.025759955590,0.012498097002,-0.262700097331,0.025759955590,-0.012498097002,0.422006411573,0.559420445354,-0.150414708915,-0.151304039796,0.595135046832,0.101394849821,0.519785338108,1.047177788393,0.495389257905,-0.053613240034,1.065734924736,1.064225776453,0.490496541205,1.107268800542,0.528837184256,0.018255688267,1.130675089886,1.101264550842,0.692301310587,1.256540473406,-0.205727410179,-0.175905582575,1.285437696707,0.348374130131,0.603304564953,0.481137141585,-0.000410988927,-0.328030308604
1240,1,0.189370505206,-0.017587032294,-0.000490373939,-0.189370505206,0.017587032294,0.000490373939,0.298818899311,0.412068741972,-0.118613851990,-0.113885281604,0.433101213363,0.189220821922,0.389529317842,0.773642639683,0.419353024529,-0.046241108617,0.773690283581,1.147596671392,0.364057847311,0.821161555006,0.482400155251,0.007200035621,0.821576492445,1.192530014396,0.516659669097,0.924640406242,-0.117337563025,-0.139952828771,0.932765208605,0.533999783642,0.600012183189,0.481693163514,-0.000402307087,-0.451627126152
1241,1,0.182482412515,-0.016557863822,-0.003899579416,-0.182482412515,0.016557863822,0.003899579416,0.282659510943,0.405979355425,-0.107240901205,-0.114122850252,0.421087579585,0.203261000262,0.373622537898,0.751975472144,0.598135412888,-0.052172390177,0.752196449102,1.204430894473,0.346324051147,0.793973934224,0.641479510367,0.000457233555,0.798282920708,1.254771140423,0.498609146990,0.900155866419,-0.004754240063,-0.143937919159,0.907334214950,0.575095708095,0.596633791924,0.481937229633,-0.000382913568,-0.464209456586
1242,1,0.184210379427,-0.015832247897,-0.011818198852,-0.184210379427,0.015832247897,0.011818198852,0.275562516568,0.412300648176,-0.087737859196,-0.121104326321,0.427496817797,0.215130419209,0.371410362581,0.765241189549,0.654294975185,-0.063904774841,0.764452761291,1.190593296364,0.343856286887,0.813113156553,0.692378757169,-0.010411266151,0.811674936242,1.235766417807,0.496486342501,0.912634145318,-0.012734070988,-0.157853734850,0.919483998552,0.523751073958,0.591615021229,0.482375040650,-0.000373146031,-0.457451520977
1243,1,0.192616431066,-0.016431819330,-0.008718816357,-0.192616431066,0.016431819330,0.008718816357,0.278727917834,0.432487439871,-0.101382584677,-0.132516097345,0.449517199026,0.216556940349,0.378497861402,0.808649921018,0.484839527295,-0.079171932184,0.804008343340,1.128833528793,0.347447600196,0.862296875206,0.500591749669,-0.022898522949,0.854172949697,1.167092497996,0.516758181716,0.957640481623,-0.205846271952,-0.178778972516,0.966057194531,0.498406907623,0.586407542229,0.482366487384,-0.000372887356,-0.435043059885
1244,1,0.198043437783,-0.015931177809,-0.008295112720,-0.198043437783,0.015931177809,0.008295112720,0.280430937494,0.443418874394,-0.069056996503,-0.140192255365,0.459124505725,0.219551503115,0.375274405255,0.822488886642,0.559647315242,-0.092733099760,0.821124745664,1.198502720792,0.341969140835,0.874311947877,0.563130408792,-0.037939706691,0.871288496815,1.243911109851,0.516658164112,0.977699622184,-0.091549051377,-0.194482767737,0.987502572194,0.536179444236,0.581475570798,0.482662126422,-0.000367864734,-0.425272766407
1245,1,0.202773432306,-0.015499529708,-0.004559682177,-0.202773432306,0.015499529708,0.004559682177,0.279317185965,0.455604880573,-0.075624077245,-0.148068468421,0.467463096219,0.216377420393,0.370365469711,0.839934324421,0.553558941994,-0.107387524531,0.838216375527,1.154326314909,0.335274197306,0.890447034693,0.571542300690,-0.051062145991,0.889438178335,1.194009645373,0.512471638590,1.002843429354,-0.107475281206,-0.212435766964,1.009343993291,0.512542786818,0.576238438487,0.482846155763,-0.000362844381,-0.416169372884
1246,1,0.201560666946,-0.015329989268,-0.003300439366,-0.201560666946,0.015329989268,0.003300439366,0.265754868041,0.452435793670,-0.073507898714,-0.155963527672,0.464377894799,0.200758135540,0.351769445218,0.837198423931,0.550922184978,-0.122269356093,0.832860020247,1.117756213636,0.317607451219,0.887584357141,0.581452382814,-0.067775123793,0.883689940058,1.156348468161,0.492120013317,0.996717401993,-0.093991192071,-0.226330280943,1.003322841104,0.505151399983,0.569758057594,0.482863813639,-0.000358651276,-0.418856090371
1247,1,0.201690428866,-0.015003679811,-0.004933236371,-0.201690428866,0.015003679811,0.004933236371,0.263703686332,0.456479408985,-0.078328607731,-0.165114586476,0.468072059272,0.185393007515,0.336719511370,0.837563840286,0.682468978645,-0.137903494621,0.835860521995,1.190255476049,0.302802434116,0.887726656820,0.723837412696,-0.083746030259,0.886818210874,1.239322628770,0.479279666481,0.999883373306,-0.085507762893,-0.242736356749,1.007187084422,0.495093752137,0.563188076019,0.482978239655,-0.000355808879,-0.417224533632
1248,1,0.199681627913,-0.014207686548,-0.005182598590,-0.199681627913,0.014207686548,0.005182598590,0.254335884327,0.448187661572,-0.057407773461,-0.167474053620,0.460737812244,0.201017405522,0.321531427021,0.825206597906,0.666293593276,-0.145707326688,0.823123184251,1.194420663332,0.287629206002,0.875430276155,0.705182879325,-0.092769877981,0.873286500208,1.239323595489,0.466177348231,0.984746949853,-0.061843403802,-0.249926974677,0.991898263356,0.509053656721,0.558656364679,0.483024761081,-0.000353477080,-0.423615335762
1249,1,0.213614883726,-0.014940060785,-0.002651756725,-0.213614883726,0.014940060785,0.002651756725,0.264625034345,0.478897299091,-0.056089575174,-0.187042193969,0.491997399798,0.186426205527,0.330571937414,0.880295969947,0.673456987576,-0.168154012399,0.879487383020,1.165954923283,0.294628692117,0.933865267360,0.704255171854,-0.113521235956,0.932959836472,1.205467184355,0.484207739220,1.049393045534,-0.067466588344,-0.276881209102,1.059622264149,0.450484180130,0.553729012609,0.483110547066,-0.000353463314,-0.396363290709
1250,1,0.213578127390,-0.014160737010,-0.003054746416,-0.213578127390,0.014160737010,0.003054746416,0.262300924206,0.477340023382,-0.030849760271,-0.188456533884,0.490633371775,0.200356630407,0.323061996323,0.878351951824,0.718146432142,-0.174753791886,0.878060343388,1.224898944721,0.287220825634,0.932057331729,0.751778304606,-0.120861968875,0.931588745067,1.268949245935,0.476994142124,1.045746762199,-0.046288617543,-0.283125612574,1.057689937994,0.488551024081,0.551037743688,0.483402848244,-0.000349775335,-0.396739604477
1251,1,0.201768780305,-0.013008383723,-0.001036047502,-0.201768780305,0.013008383723,0.001036047502,0.246984621187,0.452299410129,-0.032609950648,-0.183055638751,0.465144678877,0.169579440445,0.298151598884,0.833714839971,0.679076389422,-0.173096097186,0.831883173989,1.139281542972,0.264210387391,0.885615124006,0.707183787427,-0.126041337607,0.881959898018,1.180883256583,0.447614263104,0.994556871313,-0.048845616863,-0.273662381139,1.002103107622,0.424686782100,0.547970905900,0.483086079359,-0.000348934420,-0.419130907248
1252,1,0.215338014561,-0.013454395117,0.002193463120,-0.215338014561,0.013454395117,-0.002193463120,0.256311264302,0.479169507305,-0.013119380134,-0.198621012584,0.492852186041,0.162481856501,0.305168411499,0.883422895972,0.728260131737,-0.194836258825,0.882036289943,1.202877324060,0.269131219619,0.937742323074,0.760515890348,-0.145230718682,0.935048651822,1.245454445464,0.462930655747,1.053969249348,-0.014001627935,-0.301564473461,1.062776242752,0.459651587277,0.543552547693,0.483443081379,-0.000353093928,-0.394912368849
1253,1,0.198092231025,-0.012384030206,0.001018364640,-0.198092231025,0.012384030206,-0.001018364640,0.235877545278,0.441576884359,-0.015695507260,-0.184850024398,0.454442150604,0.180171189844,0.276079552841,0.814887804786,0.731352349677,-0.184488261890,0.813823682734,1.206136261329,0.242747551780,0.865415360967,0.769026684438,-0.137105449549,0.862829691981,1.252535853857,0.422897622554,0.974168857492,0.020393758038,-0.284368133461,0.981338104806,0.495596610309,0.541264429688,0.483559817076,-0.000348689660,-0.428051175568
1254,1,0.214593264914,-0.013188796785,0.001260163679,-0.214593264914,0.013188796785,-0.001260163679,0.252949667696,0.477586559780,-0.062835969343,-0.203277008788,0.491232442904,0.144188798268,0.292572525643,0.880122795211,0.712264383350,-0.205453646255,0.879685510174,1.167677399471,0.257047558532,0.934877838608,0.752963287741,-0.157247789531,0.931321283760,1.213387313314,0.450332212723,1.052660954741,-0.002099085938,-0.313313975866,1.061362083722,0.450734427323,0.538948178291,0.483504265547,-0.000348663212,-0.395833092643
1255,1,0.213319551274,-0.012519565007,0.005170034262,-0.213319551274,0.012519565007,-0.005170034262,0.251120331528,0.476995981899,-0.060908494212,-0.202163975643,0.489857481983,0.110233664421,0.286029217247,0.877978700854,0.709185146453,-0.210012128350,0.877349744362,1.107171094778,0.250562267676,0.931437451985,0.749472420374,-0.162215786090,0.928790343355,1.150476819723,0.444472689743,1.049204453723,0.001725246008,-0.317816201201,1.057873310631,0.398216874092,0.536632806063,0.483183145523,-0.000354476098,-0.397265429851
1256,1,0.205122607561,-0.011851862460,0.001737264177,-0.205122607561,0.011851862460,-0.001737264177,0.237259457973,0.455178163196,-0.034826904004,-0.194975371652,0.467167488035,0.110176168796,0.269327738243,0.837236397175,0.831528505749,-0.204745400200,0.836958967244,1.202737339829,0.235966789102,0.887908158007,0.881615917264,-0.159602769210,0.886014963564,1.256580362401,0.419121076124,1.001331763322,0.106373308402,-0.308047537091,1.009513083218,0.462838658134,0.534610405564,0.483138516545,-0.000348568108,-0.416371086469
1257,1,0.197074097532,-0.010967464415,0.002336637987,-0.197074097532,0.010967464415,-0.002336637987,0.226085562916,0.440282505743,-0.015578082445,-0.189346252738,0.451045875158,0.110456122779,0.255098271518,0.808861223352,0.769295494670,-0.202069624830,0.808858184374,1.081111766707,0.222798355662,0.857387071585,0.811716657701,-0.158798998379,0.856453967202,1.119434315357,0.399515410092,0.967479437073,0.085670408111,-0.303017152962,0.975244164010,0.338178373919,0.532643988729,0.482626169920,-0.000347124151,-0.431494463981
1258,1,0.189924808099,-0.011119433822,0.002327791204,-0.189924808099,0.011119433822,-0.002327791204,0.215735145328,0.426226418675,-0.016101463102,-0.186291908491,0.436781455831,0.109826683138,0.242704324631,0.782979478849,0.698199180181,-0.199195144925,0.782154770795,1.029294079019,0.211610205893,0.829592473767,0.732801939316,-0.158006381069,0.828157063336,1.066131838289,0.380416511374,0.936342662961,0.025676350422,-0.296992807716,0.943629649540,0.334733890580,0.530481711030,0.481405138969,-0.000347105757,-0.447301496220
1259,1,0.176459611433,-0.009905277039,-0.001344629016,-0.176459611433,0.009905277039,0.001344629016,0.197926226041,0.394566347460,-0.016708194104,-0.173152168683,0.403477298745,0.128130007427,0.222331312400,0.724198169395,0.738114208594,-0.185798505060,0.723514027971,1.094675311889,0.192824835700,0.767285905988,0.782640094916,-0.147512562236,0.766221344013,1.140468466477,0.349069342269,0.865870845278,0.101740263054,-0.276378115580,0.873031000235,0.434204540672,0.529579401016,0.481008142233,-0.000339166814,-0.484144066195
1260,1,0.180909297300,-0.009928222691,-0.001559781752,-0.180909297300,0.009928222691,0.001559781752,0.201151207294,0.404671503945,-0.014484013013,-0.177260164990,0.413512636904,0.130183946894,0.225637898776,0.743023843670,0.737373236533,-0.192694529049,0.741985292056,1.091605115019,0.195636418693,0.786968324160,0.785621766772,-0.154066266395,0.785751147223,1.132068610853,0.355176541349,0.887682457110,0.061289852091,-0.285550662621,0.895365744511,0.378005027904,0.528320029378,0.480899661779,-0.000338679471,-0.472164701145
1261,1,0.183799724209,-0.010215428032,-0.002409796862,-0.183799724209,0.010215428032,0.002409796862,0.202246772555,0.410911345298,-0.014625015735,-0.182466083803,0.419474902573,0.132095785703,0.225354260670,0.754272446172,0.737953091805,-0.199312533083,0.753288772685,1.087297128228,0.194919116023,0.798798819211,0.780947206682,-0.160186180342,0.797744563083,1.127952600700,0.356491617553,0.901058461094,0.060011815603,-0.293701249875,0.908528435798,0.382759471066,0.526501730084,0.480725899339,-0.000336944533,-0.465300806637
1262,1,0.186082312834,-0.009947982779,-0.002421502696,-0.186082312834,0.009947982779,0.002421502696,0.202534378210,0.414997101248,0.000459817198,-0.186408704639,0.423983893865,0.144463525763,0.225880919557,0.762564967558,0.811576908151,-0.204584761675,0.761838946709,1.167345076896,0.195661484540,0.807381621434,0.857795309832,-0.165001913157,0.807056266617,1.216422193772,0.357729987000,0.911237730759,0.119304346531,-0.300441938567,0.918977934820,0.458690106293,0.525162890553,0.480939969420,-0.000336524099,-0.459829240372
1263,1,0.184227228369,-0.009309157433,-0.002380905800,-0.184227228369,0.009309157433,0.002380905800,0.199128539151,0.411001069441,-0.001757113257,-0.185205060461,0.419705644663,0.131736250554,0.219540591971,0.755138547771,0.778007133816,-0.204412494831,0.754583939234,1.113274653197,0.186224446574,0.799765134569,0.821316541346,-0.165432388943,0.800505807803,1.155961198588,0.350987937413,0.901418822337,0.107447260284,-0.300137083116,0.909455715982,0.387779201800,0.523939669132,0.480443641543,-0.000336652534,-0.465459327428
1264,1,0.178895957698,-0.008916832098,-0.003148651282,-0.178895957698,0.008916832098,0.003148651282,0.192550041150,0.398749695943,-0.027879787232,-0.181649731818,0.409604996792,0.122330454956,0.210524876776,0.735648301589,0.734187792844,-0.200345199799,0.734770480992,1.067246336902,0.178260065451,0.779323042421,0.775966155615,-0.162655655841,0.779250904689,1.108075424230,0.337818796298,0.877047320591,0.040626018564,-0.293382387792,0.885091857270,0.371395590318,0.522818401456,0.478896617889,-0.000339091290,-0.480058043562
1265,1,0.179587270127,-0.008984589265,-0.005877324920,-0.179587270127,0.008984589265,0.005877324920,0.195365907974,0.401072635620,-0.012250421413,-0.182097383060,0.411997672334,0.169376670674,0.212236037754,0.740067534138,0.743162931428,-0.200833922200,0.739275379668,1.143604010593,0.179384297719,0.784260560457,0.782612523793,-0.162117903345,0.784973274649,1.188816770291,0.339976316952,0.883226908982,0.048689737310,-0.295608671908,0.889815205995,0.465257138250,0.522843465209,0.478918895125,-0.000332238968,-0.477195637510
1266,1,0.185312491585,-0.009193666879,-0.005917669043,-0.185312491585,0.009193666879,0.005917669043,0.201161310431,0.412913967375,-0.003914862489,-0.188414619244,0.424368245124,0.160978026786,0.218379621823,0.762941349215,0.790876161648,-0.207507791215,0.762290917658,1.166714917491,0.184396314488,0.808711116223,0.833194913224,-0.167742325359,0.809489647451,1.211748853161,0.348324868854,0.908200440942,0.083391117218,-0.306139506058,0.917458060904,0.445207877417,0.522469997406,0.479482367635,-0.000331590767,-0.462041879057
1267,1,0.184418690454,-0.009235725842,-0.008607431469,-0.184418690454,0.009235725842,0.008607431469,0.199754491629,0.411190130147,-0.004424065046,-0.188591899277,0.422098643612,0.150690348144,0.216640693856,0.759530295269,0.781246471454,-0.207248438990,0.758701121431,1.152671041598,0.182448183215,0.805872256321,0.823383327444,-0.168258015335,0.806440227564,1.196369272998,0.346151486330,0.904155155512,0.084615951004,-0.306117920913,0.912915389948,0.427102249909,0.521830543876,0.479555666447,-0.000336306286,-0.464373075387
1268,1,0.193114540189,-0.009775346093,-0.008492141551,-0.193114540189,0.009775346093,0.008492141551,0.209095046239,0.431847856037,-0.022361063040,-0.198057439657,0.442720995640,0.157413589634,0.226530499112,0.797433569265,0.684890103684,-0.217834694871,0.794502932037,1.154863924250,0.190163496124,0.846194054844,0.719890050679,-0.176030179191,0.844660780791,1.198486736199,0.359803641542,0.948422876431,0.025095754861,-0.322113898398,0.957583458158,0.451022370313,0.521452307701,0.479641079903,-0.000340566738,-0.442503849961
1269,1,0.195400888487,-0.009908230432,-0.008557025573,-0.195400888487,0.009908230432,0.008557025573,0.211518482081,0.436970332254,-0.065122365787,-0.200587401479,0.447996580734,0.143790853034,0.230531469732,0.807211280127,0.620107955753,-0.219746822225,0.803462102045,1.073293980868,0.194374220694,0.856474836589,0.653248601217,-0.174374513944,0.854318152506,1.111191656782,0.363087370749,0.960456786836,-0.067460723542,-0.325139929398,0.966157315443,0.374623540007,0.521399095654,0.479651778936,-0.000340608764,-0.437164756108
1270,1,0.202894041983,-0.010395983743,-0.007886266123,-0.202894041983,0.010395983743,0.007886266123,0.219713646160,0.452973597767,-0.064830229640,-0.207774467097,0.464542642172,0.145412977392,0.239516983126,0.838545164609,0.667786080101,-0.227884220053,0.833128511511,1.102145118836,0.199781809882,0.890362317528,0.703602484515,-0.180653678393,0.886137486701,1.142041925098,0.376623058822,0.996715569694,-0.048777975212,-0.335837377153,1.002749727475,0.380855788939,0.521456390619,0.479947686195,-0.000341566629,-0.420945561794
1271,1,0.207655785826,-0.010500364444,-0.004843833261,-0.207655785826,0.010500364444,0.004843833261,0.225643619786,0.462404878992,-0.068507428185,-0.212099731715,0.474267985525,0.136678498350,0.245663000796,0.856430263722,0.675845814731,-0.231535901780,0.850746271351,1.093134040439,0.204950985965,0.909185975081,0.713298964839,-0.183307452158,0.904740148801,1.133514527620,0.385983452578,1.017889146976,-0.038826536642,-0.341929401822,1.024146659038,0.376175050511,0.521951556206,0.480077669024,-0.000343477586,-0.412073762272
1272,1,0.214605205658,-0.010871946276,-0.001074919013,-0.214605205658,0.010871946276,0.001074919013,0.234322020118,0.477550742368,-0.073243010343,-0.217996364518,0.490454919564,0.124843985406,0.255058721312,0.885263924813,0.583210054918,-0.237555756321,0.879957108453,1.012633972581,0.212967576884,0.940082108608,0.611009716312,-0.187978074219,0.935826319990,1.045770919236,0.401096912769,1.053230166447,-0.107230355801,-0.352208738920,1.058651539903,0.317621116971,0.522506996989,0.479707300663,-0.000355226948,-0.399074037913
1273,1,0.209850634733,-0.010716286927,-0.003703744570,-0.209850634733,0.010716286927,0.003703744570,0.232045669169,0.467498785211,-0.088445578500,-0.210766845520,0.480330710076,0.121629171661,0.252952113038,0.867029739290,0.637288023575,-0.229242324554,0.861823151690,1.131317130893,0.211493026320,0.920728644348,0.678112067816,-0.178355395187,0.916541694173,1.180637007736,0.395600778450,1.031560306583,-0.083852190534,-0.341965363010,1.036286187070,0.363274875298,0.523690566421,0.479727029800,-0.000351430790,-0.407443238326
1274,1,0.211297421865,-0.011004683757,-0.003538519657,-0.211297421865,0.011004683757,0.003538519657,0.236811679181,0.472206281829,-0.074281409472,-0.212103016114,0.484380445796,0.128018115509,0.258783467092,0.875389115225,0.668057865075,-0.228740571691,0.870050740257,1.151127907149,0.216720646843,0.929774050635,0.707500321733,-0.177747269444,0.925322199219,1.200018748959,0.403498598231,1.041911438572,-0.066857685547,-0.342845858455,1.046376013791,0.381721484182,0.524923011661,0.480364233255,-0.000350209943,-0.402866940891
1275,1,0.237424349769,-0.012453507517,0.007847209239,-0.237424349769,0.012453507517,-0.007847209239,0.270634537168,0.530466259770,-0.090918245216,-0.233923799822,0.544246610161,0.105564830579,0.298822254401,0.985291049649,0.567187250678,-0.250672094805,0.978758335549,1.057305026818,0.251418459559,1.046399048830,0.594652289333,-0.192396094909,1.040673499563,1.094687484103,0.461992735532,1.172657543520,-0.134632188357,-0.379594283486,1.178120710005,0.355331002123,0.527455940843,0.481064617634,-0.000364391250,-0.357333303131
1276,1,0.235331496207,-0.012213541021,0.006699935164,-0.235331496207,0.012213541021,-0.006699935164,0.273486534306,0.524806796591,-0.118429331393,-0.225365971751,0.538233652471,0.108898991432,0.304771073840,0.974370986445,0.625086145456,-0.238395157496,0.968201734347,1.103056925014,0.258064146905,1.034647643276,0.661461036057,-0.180843589332,1.029370466483,1.142340098317,0.465211824619,1.160063460678,-0.113319821095,-0.366084413299,1.165147827708,0.406419033613,0.530932694674,0.481196254492,-0.000367652741,-0.361072095760
1277,1,0.229739595000,-0.011893612844,0.005503117443,-0.229739595000,0.011893612844,-0.005503117443,0.267462506251,0.510211714215,-0.111860764971,-0.214903291870,0.521919420869,0.122860265382,0.305855532305,0.949292616050,0.547082334574,-0.223507334309,0.942974298850,1.095806588836,0.262317131236,1.008146260917,0.571810994350,-0.167529424546,1.002191311298,1.132806625405,0.461269487108,1.128110965713,-0.211443126185,-0.347493853895,1.135316710509,0.376918615710,0.534184724092,0.481202825904,-0.000370200840,-0.370552850179
1278,1,0.231887973975,-0.012499859467,0.006058321060,-0.231887973975,0.012499859467,-0.006058321060,0.275070940254,0.514422566027,-0.110373667905,-0.210858337088,0.526094007181,0.125562160322,0.318079417088,0.957887731318,0.573868747042,-0.217037019676,0.951947609787,1.111706032015,0.274591460175,1.017009893609,0.602024927975,-0.160179967788,1.011529494033,1.150663686813,0.475976752350,1.138938335943,-0.182060909767,-0.342399960661,1.147002415186,0.384851186958,0.537538483739,0.481795355678,-0.000371233269,-0.366530962899
1279,1,0.249013620814,-0.013862960744,0.007109159165,-0.249013620814,0.013862960744,-0.007109159165,0.304996235996,0.552072096890,-0.120359116726,-0.218100356723,0.565064260847,0.136024551055,0.355503673227,1.028636494117,0.523065034284,-0.220818805387,1.021892112478,1.196500473116,0.308752893626,1.092199284553,0.544568475373,-0.159085968595,1.086003067459,1.239979745181,0.525865033431,1.222999630488,-0.265437392356,-0.354090611306,1.231906255567,0.422670777876,0.542300134897,0.482135489583,-0.000373956980,-0.340992805123
1280,1,0.241671943878,-0.013580743928,0.004232666420,-0.241671943878,0.013580743928,-0.004232666420,0.302365679108,0.534842727651,-0.079729273850,-0.208564973938,0.547191473995,0.197937952490,0.354810763418,0.996604740343,0.664046774138,-0.202801365640,0.990550032144,1.372443771844,0.310534213904,1.058487147646,0.695728118383,-0.142062480221,1.052780571166,1.428712109632,0.523024241417,1.185875858977,-0.142341929230,-0.333436137905,1.194662832541,0.613291045243,0.546568527818,0.482752785087,-0.000377682038,-0.351157679948
1281,1,0.236347090427,-0.013953853010,0.001734992933,-0.236347090427,0.013953853010,-0.001734992933,0.305307183987,0.525045266089,-0.038993214793,-0.197605618795,0.537460109932,0.209208711623,0.362320833249,0.979315285945,0.707259884751,-0.185954451696,0.972585906844,1.368854103728,0.319025709257,1.039309530447,0.738668221467,-0.126182625957,1.033043871907,1.423888459948,0.525679142853,1.166817645230,-0.115991718901,-0.314483754354,1.174818203542,0.602914486676,0.551458477974,0.483159676194,-0.000378180361,-0.356686554447
1282,1,0.232797681126,-0.014290023924,0.001992130431,-0.232797681126,0.014290023924,-0.001992130431,0.310536257028,0.517690044982,-0.086740004728,-0.188989141654,0.530249695524,0.184858835104,0.370757595129,0.966532571506,0.574625552924,-0.171169281574,0.960907299065,1.181046903340,0.329409348361,1.025303404019,0.600621996096,-0.111105036152,1.020642657500,1.219646936752,0.532043376760,1.152703914851,-0.180262977571,-0.298299546746,1.160035897661,0.460621570430,0.556009694934,0.483341410756,-0.000378766752,-0.360831692018
1283,1,0.235055637188,-0.014254312538,0.003048828649,-0.235055637188,0.014254312538,-0.003048828649,0.312981212070,0.514643182060,-0.086523438727,-0.183081521535,0.527655787536,0.184200570651,0.379844193484,0.962858023441,0.552648166010,-0.158841349465,0.957962886810,1.155143327885,0.339515680722,1.021783589096,0.576283491557,-0.098659450009,1.017707714609,1.191234041989,0.542597762777,1.148017365833,-0.191559343121,-0.285038373946,1.157488240577,0.441284961311,0.560566991568,0.483343943954,-0.000378497178,-0.361660417786
1284,1,0.211004424664,-0.012792654671,0.000523441631,-0.211004424664,0.012792654671,-0.000523441631,0.288023931234,0.464633769026,-0.081977279866,-0.157654494034,0.475730796941,0.182772424680,0.350647891476,0.866258716014,0.676628311530,-0.133566979045,0.863126066463,1.227778916025,0.315549846883,0.917619853724,0.719829131784,-0.080077314664,0.916637114119,1.277689480777,0.502203326510,1.034557996580,-0.052982879055,-0.244543643476,1.043111454427,0.513087774508,0.565500885248,0.483276173472,-0.000377412842,-0.401391718419
1285,1,0.206606354416,-0.012908469309,0.000239104917,-0.206606354416,0.012908469309,-0.000239104917,0.289078691050,0.455626701360,-0.080964747048,-0.151576441818,0.469956847028,0.198715414675,0.354106028351,0.853744045483,0.654738568291,-0.122178066867,0.852668309149,1.199800410179,0.320137094084,0.904244248583,0.693315244743,-0.069283639036,0.905134730623,1.245784618173,0.504837531643,1.022010241696,-0.050987809957,-0.231155995254,1.031094155915,0.516721259318,0.569805741310,0.483242809772,-0.000374714393,-0.406363949130
1286,1,0.206178869439,-0.013370385232,-0.000415646841,-0.206178869439,0.013370385232,0.000415646841,0.289739219820,0.453484546291,-0.086753832592,-0.148918206908,0.468230894472,0.195254093801,0.359267634112,0.849883306849,0.649352024026,-0.115700309591,0.849919984582,1.179576287152,0.325822217952,0.899992980519,0.685310376317,-0.062685350339,0.901646839397,1.223917401004,0.509933476531,1.017722365116,-0.066448940231,-0.223019939923,1.026846791348,0.509815900769,0.572620436549,0.483414217830,-0.000371166068,-0.407897782792
1287,1,0.228569432385,-0.015052680402,-0.002433062794,-0.228569432385,0.015052680402,0.002433062794,0.325885539054,0.501718449719,-0.163855994080,-0.157330761284,0.518751895996,0.215872142905,0.410779756556,0.939773595394,0.500596451625,-0.116165669453,0.941544142195,1.163142682603,0.374460742056,0.993844901084,0.531195234887,-0.053729755292,0.999803979037,1.196456603510,0.575743301917,1.127128565398,-0.207164186280,-0.234806538104,1.136114895062,0.467516889202,0.576968953013,0.483451142907,-0.000383026607,-0.368525726522
1288,1,0.246674002900,-0.017086636350,-0.001077212972,-0.246674002900,0.017086636350,0.001077212972,0.354584561800,0.536490149525,-0.176068424987,-0.167904144490,0.555529975455,0.186297100083,0.449074378885,1.004314523971,0.393537586865,-0.118889510204,1.008612026699,0.980936241292,0.412621922483,1.061198286936,0.416641195343,-0.051829076229,1.071283030899,1.005112360894,0.622233368248,1.208431247304,-0.279134872962,-0.245432814317,1.218041959909,0.317050164293,0.578962713480,0.483829408884,-0.000383906484,-0.343647084536
1289,1,0.262446586770,-0.018572624514,-0.001199445836,-0.262446586770,0.018572624514,0.001199445836,0.384279427783,0.568025577833,-0.259841932160,-0.173836245120,0.593007927044,0.195593043415,0.493755972511,1.067278928130,0.324439256631,-0.116129586586,1.075379577675,1.027435299961,0.457190912884,1.123915065110,0.352712350273,-0.043742546111,1.141856932407,1.053738143980,0.676480689689,1.288629320258,-0.347764385132,-0.249609387797,1.298287865247,0.335535864286,0.582208573818,0.483919143677,-0.000385558859,-0.322376407817
1290,1,0.255201014047,-0.018296440825,-0.008490893791,-0.255201014047,0.018296440825,0.008490893791,0.377256501837,0.544860333174,-0.276358348916,-0.165721201564,0.574088127989,0.203266621586,0.485366524325,1.019761010744,0.394101708382,-0.106169880206,1.040074590008,1.039044935382,0.455683634407,1.063580984956,0.394724604164,-0.036360686623,1.104057815525,1.065658703964,0.660335397809,1.246537617621,-0.242706917087,-0.233678197402,1.255562657588,0.389263194802,0.584399491549,0.483828321099,-0.000393921975,-0.333454314393
1291,1,0.250806423750,-0.019197466535,-0.008916422438,-0.250806423750,0.019197466535,0.008916422438,0.370529532702,0.527833901130,-0.309977121933,-0.158401686382,0.563033615045,0.187585637475,0.480435730511,0.997055664887,0.339697796642,-0.098873105718,1.019515959916,1.010915889112,0.453929545641,1.039726866842,0.366941080752,-0.030320383713,1.081801917101,1.038874144179,0.647032578514,1.221253658852,-0.319886132216,-0.221620180155,1.231886605108,0.334108415308,0.586098581553,0.483382642269,-0.000393853756,-0.340739833104
1292,1,0.264888891457,-0.021413837175,-0.013230607535,-0.264888891457,0.021413837175,0.013230607535,0.389399838752,0.553646900633,-0.369896155739,-0.166456307081,0.595232453906,0.188437902661,0.509209043710,1.052705453017,0.222876267551,-0.101994032446,1.077399008194,0.985577508941,0.485513834011,1.099241966058,0.250039445725,-0.028057437097,1.144164745500,1.007900731485,0.663913854218,1.291534889615,-0.463188584471,-0.227592977085,1.299724938118,0.285179979805,0.586512356997,0.483015313745,-0.000396176474,-0.323114938551
1293,1,0.259518882234,-0.021738087403,-0.027209940094,-0.259518882234,0.021738087403,0.027209940094,0.380119384137,0.543404325164,-0.508995668964,-0.161860471917,0.588026862994,0.232290189997,0.504655316908,1.041247794484,0.001539699805,-0.094868978519,1.064394337036,1.038514889238,0.484499108571,1.086228098756,0.021576783427,-0.017691150234,1.131199668140,1.068144902194,0.635523588328,1.294550257308,-0.732099850694,-0.225313971839,1.282400938385,0.288721204152,0.587273210287,0.482749029994,-0.000400386751,-0.327539751353
1294,1,0.219398935801,-0.019201320812,-0.030440361081,-0.219398935801,0.019201320812,0.030440361081,0.319028979109,0.463694243898,-0.370133268774,-0.135775713650,0.501604010374,0.223893615172,0.430089046498,0.897764745567,0.130422165745,-0.076746675658,0.906414731431,1.030951091118,0.414107320816,0.932894087742,0.155918097919,-0.009891401147,0.962765580231,1.062032803283,0.531490984841,1.117635553532,-0.498408755443,-0.183573560948,1.090761155821,0.325146621517,0.587807506323,0.481890991330,-0.000400149263,-0.385956209735
1295,1,0.246336858675,-0.022189141990,-0.056143126253,-0.246336858675,0.022189141990,0.056143126253,0.350912541365,0.521019593610,-0.512441589697,-0.151766453953,0.563464032680,0.328325987402,0.486398034553,1.048253533122,-0.243428770735,-0.081628752803,1.020021234081,1.154582753637,0.487331516271,1.086831668517,-0.247680162692,-0.004673819507,1.087333626111,1.181398066415,0.567051114863,1.287556141396,-1.025945204359,-0.209846083698,1.225022829225,0.406004314882,0.587932437658,0.481659859419,-0.000405691564,-0.344002477652
1296,1,0.221182606135,-0.020175816908,-0.060754221755,-0.221182606135,0.020175816908,0.060754221755,0.313384614292,0.470694263608,-0.474904112808,-0.134282386429,0.503938250135,0.364724998923,0.438389278634,0.960075329875,-0.067096991259,-0.065173611619,0.914373138390,1.395429879974,0.438890327968,0.990657977177,-0.057607791912,0.003501210358,0.971614996159,1.447526274818,0.506930528873,1.187392373402,-0.882979596092,-0.184092064179,1.101328219588,0.716583826358,0.588259547949,0.481550380588,-0.000408243388,-0.383763775200
1297,1,0.221994851762,-0.020528873344,-0.082445780503,-0.221994851762,0.020528873344,0.082445780503,0.313506176023,0.478174840524,-0.701875623050,-0.132734497376,0.506811403501,0.405879736763,0.444639236343,0.990417614985,-0.486555181390,-0.060577362766,0.921417628125,1.501165767533,0.454561700696,1.024932746494,-0.505795874466,0.012299064674,0.979945185794,1.554166209796,0.501289516194,1.217328362719,-1.455435524109,-0.186090918581,1.107296691636,0.815814537582,0.588596850634,0.481310278177,-0.000406291336,-0.381927632070
1298,1,0.223240935506,-0.020253651443,-0.097619465471,-0.223240935506,0.020253651443,0.097619465471,0.314263458567,0.495339981382,-0.613502614054,-0.130590088521,0.508778830516,0.486069746403,0.450721788070,1.019083626445,-0.377461060230,-0.056675477051,0.925684346565,1.690193052557,0.459832401615,1.052946175495,-0.394021059644,0.016101190127,0.984019600234,1.755898903492,0.505793491551,1.255511397370,-1.328772370320,-0.182623822722,1.110932547428,1.052096830245,0.588756412268,0.481715768576,-0.000396145508,-0.379958927832
1299,1,0.206811573827,-0.018665275759,-0.096530567262,-0.206811573827,0.018665275759,0.096530567262,0.291177254993,0.467229470103,-0.562641654017,-0.120392906067,0.471472696785,0.482303332427,0.419854514470,0.964004390631,-0.415159829747,-0.048086921788,0.857863093589,1.595463014924,0.426210776149,0.998869831583,-0.439534901772,0.017844626355,0.909619874309,1.654599061125,0.467483948841,1.184800336276,-1.350187884880,-0.164012037590,1.029689056959,0.982725175724,0.588668435812,0.481755927205,-0.000407831743,-0.409947920154
1300,1,0.194071564697,-0.017322876926,-0.106116708590,-0.194071564697,0.017322876926,0.106116708590,0.273250589767,0.441637005877,-0.634497031184,-0.112384015082,0.442758471937,0.526079117264,0.394028198948,0.917715521482,-0.593493163923,-0.041832649377,0.806171752937,1.591540899885,0.399397642509,0.958603243237,-0.625634555906,0.023904205346,0.854190617646,1.650006854900,0.436904315377,1.124808280250,-1.477436070061,-0.151097454763,0.966698625903,1.064944753432,0.588639765978,0.481713563204,-0.000409482047,-0.436724198326
1301,1,0.150729626041,-0.013347946080,-0.100861906016,-0.150729626041,0.013347946080,0.100861906016,0.212385836794,0.343832793234,-0.611005598671,-0.087962906736,0.344404868566,0.552832927553,0.305972928574,0.721152720734,-0.527170839400,-0.031425452152,0.627827378398,1.585298318651,0.310364898218,0.754790154984,-0.553502620811,0.020761062345,0.663973355536,1.644586029112,0.332546157238,0.880796602740,-1.356901906173,-0.116233653617,0.752798945919,1.082114696493,0.588354229927,0.481756150723,-0.000383246690,-0.560751671099
1302,1,0.147589668776,-0.012781245477,-0.109640322427,-0.147589668776,0.012781245477,0.109640322427,0.209191403050,0.338398992121,-0.615805580351,-0.086171388392,0.336275923196,0.648890975351,0.298799338170,0.716686324354,-0.507171785494,-0.030766023909,0.612646891452,1.730678538858,0.294926353338,0.749106920192,-0.529056663502,0.021086424230,0.644523631079,1.797395800263,0.323310911568,0.872802617642,-1.299085602013,-0.113521891210,0.736661616517,1.281449977967,0.588311493397,0.482042551041,-0.000364689156,-0.572640824512
1303,1,0.159851119459,-0.013753097074,-0.109653696986,-0.159851119459,0.013753097074,0.109653696986,0.229255509614,0.369147302171,-0.585407795802,-0.094716485993,0.363875738718,0.571250073593,0.321824066884,0.775016648407,-0.487152092418,-0.034190017071,0.662982959215,1.534195010780,0.304659183863,0.814278047972,-0.511113713728,0.022580310683,0.698107586288,1.586962283088,0.351033011203,0.944991309619,-1.219748163276,-0.122962239137,0.799613031078,1.056836878176,0.588262468576,0.482069626451,-0.000379277393,-0.528661903825
1304,1,0.167776778233,-0.014168086918,-0.101181916374,-0.167776778233,0.014168086918,0.101181916374,0.241541929235,0.385226263505,-0.586723489313,-0.099415825936,0.379272392317,0.543522732016,0.335037143856,0.810498564664,-0.437855067116,-0.036351803352,0.689364218238,1.618950253908,0.309702260806,0.853612088508,-0.459191511861,0.022741202630,0.722251038632,1.689595994396,0.367171430127,0.984379296316,-1.203115692487,-0.126390055128,0.833220955416,1.187418137902,0.587910324335,0.484167143703,-0.000383775681,-0.505369024300
1305,1,0.163792335018,-0.012603921808,-0.092735740059,-0.163792335018,0.012603921808,0.092735740059,0.235084706368,0.374897834917,-0.545830179359,-0.098423403888,0.360570633559,0.508017955294,0.324539993556,0.784645084520,-0.396972083375,-0.036459295687,0.667189414149,1.490318313879,0.297863816468,0.826686478186,-0.414879537164,0.020851688280,0.700532370978,1.549323511135,0.356186271910,0.956525178250,-1.128386668427,-0.112188198899,0.808939777444,1.046549321398,0.587266802788,0.484798043966,-0.000376805663,-0.519839052816
1306,1,0.152171069301,-0.011381274181,-0.085924936094,-0.152171069301,0.011381274181,0.085924936094,0.219266107259,0.348670715305,-0.532075539546,-0.091657623473,0.332231241965,0.512136702309,0.300917585489,0.722099421199,-0.322836286581,-0.028752574988,0.615904682354,1.635409980899,0.276200773438,0.759430867206,-0.325545152973,0.024234381651,0.644552700587,1.710396977556,0.330353665652,0.883831790409,-1.028992426510,-0.100296438945,0.748440695975,1.202552046515,0.587162315845,0.486275777221,-0.000375624746,-0.559808514726
1307,1,0.147661944170,-0.010732613098,-0.085578133044,-0.147661944170,0.010732613098,0.085578133044,0.215298545726,0.338177558379,-0.506646251624,-0.089524091958,0.325026572324,0.540795939410,0.291310906283,0.702255770003,-0.304240865436,-0.028736538319,0.599170514614,1.612565249059,0.267319636213,0.736645173433,-0.307660585656,0.022026592237,0.627977869352,1.678911504182,0.318854619247,0.858190838435,-1.019496432831,-0.095881970418,0.725520435722,1.148544047565,0.586723715067,0.486597076058,-0.000377940014,-0.576970491227
1308,1,0.151059979388,-0.010617627377,-0.090482297847,-0.151059979388,0.010617627377,0.090482297847,0.220911577436,0.344520713332,-0.521656515625,-0.091976195671,0.328640298993,0.558612350385,0.293922531854,0.714498574416,-0.316953953713,-0.030324674132,0.609167912216,1.565221139535,0.270361202546,0.752006329836,-0.324766298662,0.020534373560,0.641177329817,1.623865773975,0.321325761491,0.872290313458,-1.080522606541,-0.100254762899,0.736570626280,1.084505046442,0.585339322686,0.486716642976,-0.000379348174,-0.568019696056
1309,1,0.154784692880,-0.010846235108,-0.091967082104,-0.154784692880,0.010846235108,0.091967082104,0.223790381211,0.351722325915,-0.527814204074,-0.094322685454,0.333542104737,0.562853062461,0.299219822043,0.730608442944,-0.322724977961,-0.031801928730,0.619325204254,1.583215134257,0.276697653768,0.767174996152,-0.332801863024,0.020086961042,0.652546691993,1.643987165863,0.320696261919,0.893983357890,-1.092099017129,-0.099888536383,0.751550142046,1.111537310749,0.583922058344,0.486705094576,-0.000382442027,-0.555818025497
1310,1,0.156758033706,-0.011043857971,-0.092478332101,-0.156758033706,0.011043857971,0.092478332101,0.226116383978,0.354147581985,-0.526389489093,-0.094161391355,0.339330798820,0.572990201006,0.299490402396,0.733205219599,-0.279907679884,-0.033823356175,0.621756301442,1.722068603850,0.276719069527,0.769623800203,-0.285962086001,0.017796048681,0.653786258200,1.797101428856,0.322057926359,0.900104219973,-1.060113645182,-0.102078304816,0.755527296858,1.272182801715,0.582638233900,0.487980574369,-0.000382501632,-0.551128774204
1311,1,0.168119788970,-0.011223922710,-0.098619784402,-0.168119788970,0.011223922710,0.098619784402,0.243886476954,0.379251229684,-0.486500655105,-0.098759094754,0.361789791311,0.603826519667,0.316274154371,0.784980244269,-0.207583658590,-0.036072602873,0.664027629809,1.803623481163,0.292179089847,0.823866486573,-0.214462089544,0.015182650990,0.698372006127,1.879874243003,0.340605720073,0.963159303584,-1.051988881204,-0.113574386379,0.806994909960,1.301572870046,0.580133602023,0.489258691669,-0.000383200124,-0.514134757685
1312,1,0.163162400251,-0.010712020255,-0.094993172412,-0.163162400251,0.010712020255,0.094993172412,0.232065338733,0.365623635686,-0.450339709504,-0.097714184027,0.348374060553,0.576070548486,0.302103957625,0.756441690354,-0.142801302831,-0.038494686029,0.640504690478,1.719013623525,0.280135078951,0.793911374085,-0.146480008522,0.010775408629,0.673829981974,1.789742191884,0.324235890872,0.928484220404,-0.970464624151,-0.105586080938,0.778178871667,1.212673444209,0.577998071909,0.489159673452,-0.000384017825,-0.533155083223
1313,1,0.164713654210,-0.010667083735,-0.096868095596,-0.164713654210,0.010667083735,0.096868095596,0.238108634277,0.367682790517,-0.427541025204,-0.099600879876,0.349566723705,0.595629256409,0.300869363794,0.759495335711,-0.139988601801,-0.039050992857,0.642689951489,1.734045191788,0.279528074524,0.796191115391,-0.145480898142,0.009330147882,0.676145592183,1.804608891529,0.317069049337,0.931564324120,-0.960359506725,-0.108666539777,0.780774491475,1.224017482273,0.576797917485,0.489092454314,-0.000387353823,-0.531451951534
1314,1,0.163254399404,-0.010487498289,-0.095705657593,-0.163254399404,0.010487498289,0.095705657593,0.236702594648,0.363595679548,-0.429593271248,-0.099164932966,0.346097257492,0.581927457988,0.293855933960,0.750535618313,-0.135271091950,-0.040479787263,0.635832944421,1.710802232955,0.273118468007,0.786802064726,-0.139360192196,0.005938598303,0.669325760585,1.781321438283,0.310346902362,0.921253713446,-0.943831272431,-0.111568090242,0.772208679917,1.201659773783,0.574779391289,0.489160865545,-0.000386293977,-0.537501844522
1315,1,0.155250476288,-0.009905178000,-0.090649628646,-0.155250476288,0.009905178000,0.090649628646,0.221299386600,0.340063335023,-0.417224195969,-0.095490203527,0.327000755346,0.574210302106,0.276729666432,0.712172013480,-0.146155648476,-0.040451778973,0.602794112468,1.752553818785,0.257382555710,0.746070048460,-0.151095325679,0.003799490482,0.633735674922,1.829442636981,0.292705179159,0.874756732822,-0.911904973844,-0.105487225076,0.732044440872,1.267256087414,0.573476091027,0.489096388221,-0.000386245549,-0.566072980996
1316,1,0.162950667947,-0.010486498541,-0.092185163417,-0.162950667947,0.010486498541,0.092185163417,0.228424342566,0.357073652065,-0.430261872801,-0.101961089843,0.342558705188,0.594048904905,0.285765440020,0.742762959788,-0.136354834920,-0.045375479199,0.628128106376,1.781290551707,0.265700279300,0.777927696428,-0.140189413786,0.000760182516,0.660515841336,1.858083622164,0.302415587264,0.912370298036,-0.937313689021,-0.112610729818,0.763726126095,1.284146948306,0.571763560176,0.488995358348,-0.000387521461,-0.542644478846
1317,1,0.167387426029,-0.010423381062,-0.094570531753,-0.167387426029,0.010423381062,0.094570531753,0.234688931294,0.367778458574,-0.458561942768,-0.105097724194,0.351722561648,0.604305636819,0.293962769905,0.763774956476,-0.160488157713,-0.047164225402,0.643305116638,1.857452520427,0.275607819047,0.799668626693,-0.165202849946,0.000035169759,0.675248726898,1.942799043046,0.309715496742,0.936759334077,-1.004187928142,-0.115910734336,0.782895244131,1.372191791620,0.571362674236,0.489335626364,-0.000386182219,-0.528768166752
1318,1,0.170436160961,-0.010345658600,-0.094512450387,-0.170436160961,0.010345658600,0.094512450387,0.237339572091,0.376319784314,-0.435202636101,-0.106606904816,0.362793272364,0.612795343324,0.299434972623,0.778433977354,-0.147859799784,-0.049219918242,0.660043243041,1.865333742789,0.279145032186,0.815212049722,-0.155727316267,-0.001798346164,0.693905871006,1.947271991444,0.322292574271,0.953907502957,-1.009553435156,-0.120463833798,0.798409659336,1.369303827433,0.570284977555,0.489579871297,-0.000385453925,-0.518266698504
1319,1,0.172364788148,-0.010610386984,-0.096180482377,-0.172364788148,0.010610386984,0.096180482377,0.237886602681,0.381746924726,-0.445530367095,-0.106829988494,0.366350297816,0.626432806834,0.301488657320,0.786165899945,-0.138977614461,-0.050598824280,0.666225655745,1.946679443796,0.282098494275,0.824469095621,-0.143708434706,-0.002254927413,0.700450591739,2.036057837186,0.325356183274,0.963489548608,-0.995396003611,-0.123179362269,0.805998547003,1.456626564853,0.569820314646,0.490847602487,-0.000382987782,-0.511810237253
1320,1,0.178954959815,-0.010237800846,-0.084312471842,-0.178954959815,0.010237800846,0.084312471842,0.247721388318,0.397279590062,-0.449477862029,-0.111113283484,0.378104613795,0.499427188761,0.314122378382,0.816329180970,-0.162996584788,-0.053257334750,0.691304960219,1.624031646158,0.292685875885,0.856228084327,-0.171354369546,-0.003607367670,0.726728566001,1.693308266080,0.345028130338,1.001685229619,-1.005477035416,-0.126739769623,0.838063577225,1.149939050533,0.569793879986,0.490351051092,-0.000410851091,-0.493014173676
1321,1,0.167393159969,-0.009271695711,-0.078948728382,-0.167393159969,0.009271695711,0.078948728382,0.231738971846,0.374723207916,-0.493043502311,-0.103801572373,0.354179951976,0.490717593510,0.293925447859,0.766649620464,-0.253197467391,-0.048732911359,0.647508979263,1.576677605770,0.273820526133,0.804828451325,-0.264527790635,-0.002721951451,0.680362563853,1.642911069963,0.322235257957,0.939713510267,-1.097339053829,-0.118326071062,0.785981662983,1.135498120363,0.569842621684,0.489153489470,-0.000408744439,-0.527194092152
1322,1,0.159298028613,-0.009045965271,-0.075982585653,-0.159298028613,0.009045965271,0.075982585653,0.220951491973,0.351106466601,-0.479905319007,-0.098861527416,0.336182220144,0.470971325928,0.280316588806,0.729775130531,-0.264601803079,-0.045788335819,0.615314524676,1.552500241069,0.261028674499,0.766109067836,-0.277819564559,-0.002009434539,0.646266696409,1.619964612687,0.307158985077,0.894498898663,-1.081730761608,-0.106463667993,0.747448084841,1.096570509503,0.570167943835,0.488942041993,-0.000407891348,-0.554041664399
1323,1,0.157980154109,-0.009215788672,-0.076305235018,-0.157980154109,0.009215788672,0.076305235018,0.219149662163,0.348535876321,-0.490137170302,-0.098058261711,0.333412177265,0.484711919367,0.279025326781,0.725247718635,-0.281764058920,-0.045539120455,0.610948060981,1.572760659278,0.260370947566,0.761405538930,-0.294683093651,-0.001780811689,0.641546255803,1.640820351255,0.306818911535,0.890036984362,-1.084045885057,-0.106753466785,0.742847730351,1.109648293043,0.570406496525,0.488799333572,-0.000404154882,-0.557651880082
1324,1,0.157913409223,-0.009224387192,-0.079857906129,-0.157913409223,0.009224387192,0.079857906129,0.220575423370,0.351484450006,-0.470916320048,-0.098347772676,0.332473832697,0.524312694113,0.281937328593,0.725838885863,-0.234404235756,-0.043904352056,0.610409443491,1.591607077506,0.262747930905,0.761651108607,-0.244852199724,-0.000033779152,0.641396792564,1.655285895017,0.309900894438,0.890664859632,-1.029809074707,-0.098232050284,0.742600738514,1.114553198090,0.571379169822,0.489665463567,-0.000397257507,-0.556271051295
1325,1,0.161329641770,-0.009733880644,-0.082988598199,-0.161329641770,0.009733880644,0.082988598199,0.224670202305,0.359070881926,-0.482341596370,-0.099150111629,0.343395625845,0.540394022419,0.291438320991,0.741854533937,-0.228508875182,-0.041564827700,0.625583412312,1.640149124917,0.274366774394,0.778907975544,-0.236277334111,0.002805132266,0.656808357200,1.707555351664,0.317996788272,0.912273933584,-1.026004116818,-0.098914467006,0.760706103761,1.150820267247,0.572298482060,0.490109384060,-0.000396035612,-0.542562616201
1326,1,0.171790977625,-0.010428402834,-0.089542812606,-0.171790977625,0.010428402834,0.089542812606,0.239605048689,0.382152672379,-0.536336315807,-0.103670224152,0.366041974696,0.573221070561,0.313884699634,0.792700415738,-0.357213519633,-0.041168290764,0.667384769825,1.718580977210,0.296261562651,0.833072240278,-0.373693495742,0.006971415458,0.700421641623,1.789645998968,0.340393776323,0.973067985132,-1.192588689961,-0.105926727114,0.811375763367,1.221684238793,0.573631420732,0.490007147193,-0.000400073826,-0.508718966244
1327,1,0.170959522593,-0.010622693526,-0.089838742390,-0.170959522593,0.010622693526,0.089838742390,0.242121569608,0.376610445242,-0.550294919842,-0.099923091472,0.363384552183,0.598587234829,0.318040661342,0.790614726629,-0.361648270298,-0.036529248234,0.663226888308,1.819997319485,0.299941105274,0.831040842833,-0.378325854438,0.011609683902,0.696526201334,1.899050148022,0.345119183134,0.971448914701,-1.223536287042,-0.102648897960,0.808899259405,1.327242505673,0.575969859958,0.490157797933,-0.000396389514,-0.510086667796
1328,1,0.172989920225,-0.011062904608,-0.097854951668,-0.172989920225,0.011062904608,0.097854951668,0.251989431675,0.382366332652,-0.598719569983,-0.098197150668,0.376201783166,0.613774295506,0.332920257409,0.809332383041,-0.453903455881,-0.031709613952,0.683846284793,1.784074988771,0.313407275884,0.847760987903,-0.474883879023,0.020033497128,0.718498454249,1.854645971594,0.359086056512,0.997852896873,-1.308567988765,-0.103245145034,0.832206178693,1.292105866133,0.578631877899,0.489526018500,-0.000405414030,-0.497205782056
1329,1,0.168239356017,-0.011057671813,-0.101727184314,-0.168239356017,0.011057671813,0.101727184314,0.246813878593,0.370429327279,-0.579201340313,-0.095471891654,0.369518243994,0.625601390222,0.331782318323,0.789869660329,-0.403853871987,-0.027887918607,0.671704582097,1.745879279411,0.314031298983,0.826046727300,-0.420406028202,0.023655672710,0.706095078093,1.813607742469,0.353165259180,0.974944737133,-1.243751939792,-0.098545056015,0.812938064280,1.231491562812,0.579879492521,0.489292904735,-0.000404378399,-0.509046482186
1330,1,0.167670919080,-0.011238138810,-0.103556702023,-0.167670919080,0.011238138810,0.103556702023,0.249466060287,0.370527889449,-0.573493785659,-0.093451950431,0.370219244248,0.622644742360,0.336107587841,0.790136786184,-0.392717993045,-0.023023266807,0.673946291799,1.723781351125,0.320088643926,0.826280405692,-0.410283915490,0.029907508892,0.708542815510,1.788377320596,0.356021183889,0.974321044379,-1.242030138043,-0.100274158583,0.814335062457,1.200722604057,0.581404268742,0.489201948047,-0.000400133431,-0.508284025055
1331,1,0.187323445411,-0.013229225333,-0.115029002864,-0.187323445411,0.013229225333,0.115029002864,0.282405781484,0.413087557203,-0.683679362560,-0.107386188346,0.405197938015,0.581384127534,0.386077856031,0.886049934698,-0.610063570257,-0.023248215564,0.754871131984,1.640238818370,0.382893880319,0.927028353184,-0.638380569461,0.036058536410,0.792106489054,1.699947886503,0.400564188226,1.092246538584,-1.512176449658,-0.108298218620,0.914394471840,1.092066726504,0.583160981536,0.488024055958,-0.000398831442,-0.454535683836
1332,1,0.163630217848,-0.012268901265,-0.100739434804,-0.163630217848,0.012268901265,0.100739434804,0.248950047737,0.364378196266,-0.554323220708,-0.094141310121,0.359495250520,0.479167355434,0.345582117896,0.761082575960,-0.290043942270,-0.019396142400,0.666577001983,1.514828584446,0.339157838556,0.793667099073,-0.300274660729,0.033088750989,0.699616696390,1.573980215440,0.365552988994,0.942310387023,-1.160021955657,-0.088495133887,0.806777369717,0.947396289245,0.584034115076,0.486508741975,-0.000398851931,-0.516990286479
1333,1,0.158209235276,-0.011918483294,-0.091717124255,-0.158209235276,0.011918483294,0.091717124255,0.239835508987,0.348935330290,-0.491953466606,-0.091079849524,0.346940871695,0.437077175089,0.338620488243,0.721415515113,-0.190947062798,-0.019055904673,0.645708722890,1.385721086607,0.334262107413,0.751704082029,-0.196986130613,0.028773732627,0.678191049678,1.434025955133,0.371064778739,0.893115122412,-1.022354945295,-0.085735527945,0.778474959160,0.776476879053,0.584756582975,0.485050708055,-0.000396188349,-0.535929949720
1334,1,0.163747884803,-0.012883847950,-0.075585111476,-0.163747884803,0.012883847950,0.075585111476,0.248860780659,0.356534643771,-0.440158578423,-0.093836805836,0.357540610785,0.331153037245,0.352194200785,0.734053802082,-0.132490225147,-0.019665370746,0.671169632518,1.171897975302,0.345902385681,0.768514133482,-0.135597068396,0.029958418786,0.705870483685,1.210434010916,0.406022651370,0.908032877112,-0.880446599648,-0.089706846445,0.806219984249,0.594520367941,0.585019290447,0.483805760741,-0.000402433798,-0.517439792154
1335,1,0.196709840718,-0.015052831326,-0.067617648066,-0.196709840718,0.015052831326,0.067617648066,0.296417749566,0.426116321022,-0.374461651811,-0.112726536387,0.434313039949,0.243496462953,0.421943151003,0.861634526846,-0.031200577640,-0.023830983559,0.811857527339,0.957785531887,0.411476590605,0.899361320236,-0.031183725378,0.036037520563,0.854794704678,0.978105226884,0.493105039899,1.074214788677,-0.785288293295,-0.118531531091,0.972484885071,0.298976219530,0.585010617971,0.481526210904,-0.000415714458,-0.430837756540
1336,1,0.188115571775,-0.014976989358,-0.060071050538,-0.188115571775,0.014976989358,0.060071050538,0.283333865427,0.398716328583,-0.392676623709,-0.108314895499,0.414600357165,0.275824886751,0.403277307889,0.805526726138,0.040193437996,-0.024027416158,0.777251431095,1.135220569939,0.393188083178,0.842760554067,0.050650143335,0.035019911782,0.818070311723,1.171923264258,0.481705327064,1.001255212987,-0.722995054834,-0.108887017762,0.931846614679,0.480070071945,0.585036695004,0.479075253010,-0.000407409854,-0.450794025534
1337,1,0.199609978661,-0.016040400785,-0.055888080142,-0.199609978661,0.016040400785,0.055888080142,0.305137339418,0.425626802102,-0.353370641890,-0.115036078970,0.440728943753,0.242753366385,0.427593385959,0.841667576774,0.183172597152,-0.025871708000,0.825321338486,1.102031534081,0.415973663544,0.880415124253,0.201692938121,0.038863090764,0.869280634572,1.136469110268,0.516031695121,1.041225443557,-0.565571018704,-0.117713515114,0.988295334589,0.426802850158,0.584843471646,0.478526309133,-0.000406835228,-0.425201070727
1338,1,0.197320423312,-0.015216881220,-0.050842864139,-0.197320423312,0.015216881220,0.050842864139,0.303531582631,0.413134013595,-0.396606709662,-0.114367588756,0.435307662296,0.198914889174,0.424820306028,0.818702909338,0.085644176668,-0.027650184500,0.816164164600,1.018364964886,0.409768179166,0.856774264959,0.102807039462,0.035706869636,0.860062301599,1.051303601859,0.517563427278,1.014260492118,-0.619533215987,-0.117146328095,0.977475927829,0.387944387227,0.584567934275,0.477319762111,-0.000402923673,-0.431149961757
1339,1,0.197438657938,-0.014985270355,-0.036425516978,-0.197438657938,0.014985270355,0.036425516978,0.312854123170,0.414527267197,-0.204552584202,-0.116046528548,0.434567321607,0.158090575539,0.423355393223,0.797596221215,0.392051436566,-0.031840966024,0.813897494510,0.907196224004,0.404993368457,0.834216795127,0.419525145050,0.031653054298,0.858248111164,0.932972001034,0.531712924358,0.988703274928,-0.241726838913,-0.120690514389,0.973040929096,0.276968076338,0.582942247391,0.477382749319,-0.000397446100,-0.432019478889
1340,1,0.245065560556,-0.018290917824,-0.014269947855,-0.245065560556,0.018290917824,0.014269947855,0.399075460470,0.515479149568,-0.204761065793,-0.146921632345,0.538570501071,0.150212304143,0.518688784344,0.969180757841,0.347416448083,-0.046060511392,1.005906795836,0.836018015687,0.490399310122,1.014524745131,0.370434929106,0.033139143556,1.061887223341,0.850660579982,0.669530592066,1.196411172301,-0.274077752737,-0.156208536919,1.204849445645,0.208114375351,0.580907329917,0.477414682508,-0.000416995259,-0.348652566892
1341,1,0.241124298030,-0.017267106077,0.005795228625,-0.241124298030,0.017267106077,-0.005795228625,0.395175525131,0.499960078031,-0.152270507591,-0.144648857060,0.526011447965,0.163794035830,0.503715421306,0.934632596618,0.376709712045,-0.051812160736,0.978074677184,0.857131387732,0.473016036328,0.979851013103,0.401690134408,0.025588978801,1.033487216779,0.874702751177,0.658973168991,1.147416088102,-0.175444912678,-0.167885179106,1.173405238739,0.261831099845,0.578643560410,0.477321028709,-0.000425165403,-0.357325354719
1342,1,0.256668022709,-0.017347542678,0.027782056094,-0.256668022709,0.017347542678,-0.027782056094,0.421437828641,0.528990156526,-0.145325912214,-0.155591496870,0.557898122021,0.175424956658,0.531981538373,0.988608197017,0.348439106310,-0.063184570811,1.029333367860,0.888133655597,0.498822822142,1.037048232799,0.370267166454,0.018442697880,1.088295792901,0.907125674745,0.700441473045,1.208792088056,-0.200218265719,-0.185802047705,1.238168150845,0.318867929410,0.575874298811,0.476546183228,-0.000424712896,-0.337562116768
1343,1,0.263523222822,-0.017023645460,0.026225924266,-0.263523222822,0.017023645460,-0.026225924266,0.430645161693,0.540851324938,-0.102433709114,-0.165547305935,0.570349957073,0.193794884847,0.540116788076,1.008275454975,0.400638475083,-0.077443499493,1.053048626820,0.896095367764,0.502323070325,1.059657472860,0.420711694111,0.005714774414,1.114818501480,0.908890371698,0.711724925728,1.223935044547,-0.191731905169,-0.208723595725,1.263407600543,0.262445311074,0.571648076177,0.476377949119,-0.000420904718,-0.330182611633
1344,1,0.258169411736,-0.016381042893,0.030799848209,-0.258169411736,0.016381042893,-0.030799848209,0.423932192168,0.531139857384,-0.162290361873,-0.166501029049,0.558392190869,0.144832601712,0.519451141387,0.991347274729,0.328446970785,-0.089092051078,1.025951763845,0.860257758881,0.477815347793,1.044730770146,0.345335212432,-0.008859688755,1.088925173151,0.876269545211,0.719521894742,1.197412187157,-0.292295398726,-0.216936291190,1.230814740870,0.248556025303,0.567192018032,0.475688189268,-0.000422925688,-0.338009228726
1345,1,0.262717569045,-0.014934769288,0.049428128378,-0.262717569045,0.014934769288,-0.049428128378,0.426006598450,0.545233145480,-0.111117605993,-0.177536611781,0.567017343849,0.152831051142,0.518048452151,1.016460699052,0.303410360512,-0.106577873800,1.040661946185,0.846412228391,0.471292220464,1.072678983211,0.321330577162,-0.024991460367,1.103739417920,0.860384953990,0.746073537657,1.227160543790,-0.306756169527,-0.229178926341,1.256531904458,0.267008296602,0.561900615692,0.474050864577,-0.000419811346,-0.331357655602
1346,1,0.203219558965,-0.010838882093,0.033135651382,-0.203219558965,0.010838882093,-0.033135651382,0.315230611742,0.424186750451,-0.015915867809,-0.146775813834,0.439109818677,0.120032608215,0.384100139415,0.787820265670,0.654207784309,-0.100492135220,0.803113482869,0.843309017953,0.346871308490,0.831667513600,0.687162056812,-0.037705528430,0.852858856027,0.874410314935,0.552560025999,0.949355229591,0.027962157251,-0.195838886021,0.972891267099,0.252571959256,0.554068401456,0.473419874907,-0.000421466772,-0.427531462045
1347,1,0.201171575780,-0.010627752750,0.030247277800,-0.201171575780,0.010627752750,-0.030247277800,0.302416432358,0.430206036343,0.002954741870,-0.151583408632,0.445090316102,0.132060960873,0.374722851285,0.791882493887,0.750135142642,-0.111855635793,0.811647420727,0.971222931125,0.337954447791,0.834367921587,0.789778645215,-0.049324708354,0.861736289610,1.005987543711,0.540693738692,0.959138379862,0.123924926687,-0.210245775593,0.981022784733,0.282630253456,0.548517361283,0.472485750914,-0.000415038317,-0.424028379172
1348,1,0.203351144219,-0.010021475885,0.027170856042,-0.203351144219,0.010021475885,-0.027170856042,0.294230383877,0.436775972788,-0.018544448631,-0.158982381576,0.451643079221,0.141517822084,0.366061552848,0.802218323954,0.697003866215,-0.125832590711,0.822973685202,1.023790330788,0.330119942809,0.845332733236,0.734349859277,-0.064493458149,0.873639563753,1.059811049966,0.531126152600,0.973563448768,0.075826859142,-0.227713198612,0.994014478371,0.340602742549,0.542352885008,0.471000030637,-0.000412055291,-0.418540522587
1349,1,0.190627992424,-0.009540245962,0.023142421293,-0.190627992424,0.009540245962,-0.023142421293,0.271535024973,0.405477031940,-0.000263005716,-0.153571005248,0.423923447452,0.133788029512,0.332451722820,0.753731777352,0.715215578437,-0.128489834470,0.770460140449,1.022784474741,0.297909756859,0.795737793102,0.750927788851,-0.070329337011,0.818521975025,1.058235418803,0.499189740777,0.910442900858,0.094734671082,-0.223058809191,0.927160754768,0.365379499801,0.537167131901,0.469246074557,-0.000416995026,-0.448061991599
1350,1,0.186482877568,-0.008996859098,0.019277885220,-0.186482877568,0.008996859098,-0.019277885220,0.264765003019,0.398372452725,0.019430189468,-0.153204314085,0.416705559792,0.133761660702,0.316078481816,0.735940592025,0.800328394704,-0.132514264056,0.752067508988,1.050783410089,0.283468104385,0.775214440727,0.843757109141,-0.076644085181,0.796957031617,1.089787463158,0.473020394619,0.888919264170,0.188239544336,-0.227791110099,0.906923314136,0.400790888802,0.532044693828,0.467611268163,-0.000398213975,-0.458640643867
1351,1,0.209311710315,-0.009990220448,0.020884369605,-0.209311710315,0.009990220448,-0.020884369605,0.294872403501,0.447317790614,0.003301682634,-0.174491781913,0.463284162069,0.107511720513,0.345586981981,0.824998924973,0.743613668643,-0.157860569297,0.837523252248,1.021732365817,0.310232634758,0.871306493972,0.780235214759,-0.097983403054,0.887615178611,1.057939004495,0.517790080926,0.995622335130,0.102991973539,-0.258453219323,1.013409236629,0.355926311096,0.527328640223,0.466561317444,-0.000398320612,-0.409711735866
1352,1,0.189981016578,-0.008869571304,0.017902903216,-0.189981016578,0.008869571304,-0.017902903216,0.259600606647,0.406113890451,0.077159925169,-0.162209703869,0.418334392532,0.105678612213,0.303842646386,0.747787735922,1.013145819960,-0.154182542380,0.759913870682,1.169416123834,0.271553910627,0.789281244948,1.068399470204,-0.102083994224,0.805432706873,1.218774588141,0.454674884905,0.901688298189,0.325179079624,-0.247117327872,0.918123521989,0.434861160986,0.521317273378,0.466587856412,-0.000377319055,-0.451611008495
1353,1,0.236179195230,-0.011325956155,0.021191394011,-0.236179195230,0.011325956155,-0.021191394011,0.317078706590,0.504493383158,-0.026346841227,-0.208216548281,0.519832175508,0.073603209554,0.368657365171,0.928364472405,0.941602128905,-0.200637224235,0.941951116185,1.088230630389,0.330968320260,0.978643881460,1.004964105350,-0.134072610400,0.999123008357,1.127769511189,0.553793421572,1.119929222339,0.309902518016,-0.317293897096,1.138660622389,0.359945999505,0.517192274332,0.466446802020,-0.000381038059,-0.363958916163
1354,1,0.232115958170,-0.011402673203,0.020066385921,-0.232115958170,0.011402673203,-0.020066385921,0.311237124972,0.495739990053,-0.026613471977,-0.204526546446,0.509455307012,0.091337745133,0.354877799822,0.912333261005,0.865226953293,-0.200719896736,0.925794822744,1.083789184671,0.319105947380,0.961029032318,0.916036494338,-0.136979285390,0.981827960790,1.122754592356,0.536070276193,1.098952145705,0.193280298837,-0.317972968090,1.118203311971,0.365579430162,0.514557003975,0.466143906116,-0.000381200807,-0.370891815261
1355,1,0.223500914988,-0.010656465281,0.009766697387,-0.223500914988,0.010656465281,-0.009766697387,0.295724404195,0.477095535491,-0.027487504794,-0.199781308802,0.489110321798,0.136807662379,0.336328154812,0.876118759052,0.904642488683,-0.196737651397,0.888434717319,1.276585770657,0.302268182758,0.923497798747,0.961687420259,-0.136161355158,0.942006605442,1.329591727044,0.510902203720,1.055593023867,0.197603029589,-0.310193232823,1.074393590898,0.518127660237,0.512641012669,0.465790942311,-0.000369694317,-0.386318389640
1356,1,0.210627048900,-0.010771704072,0.005429479746,-0.210627048900,0.010771704072,-0.005429479746,0.277174938347,0.452921310571,0.036952902303,-0.192975730743,0.464036287681,0.200578847865,0.311695841999,0.833148743646,0.998865523152,-0.195021435651,0.846026065907,1.337045492380,0.279497329684,0.878625637877,1.053303743012,-0.137601485021,0.898352287583,1.388149541773,0.477118833099,1.001340065699,0.273275548692,-0.303428249108,1.020660155754,0.570803311207,0.509291604161,0.465249210596,-0.000355726748,-0.406395654712
1357,1,0.238584597184,-0.011878218265,0.009055877713,-0.238584597184,0.011878218265,-0.009055877713,0.312959451424,0.515044472387,-0.064249112264,-0.217317031442,0.527663488296,0.098754239081,0.351516060624,0.944795807149,0.874198945884,-0.221591308020,0.960382996856,1.158179127679,0.315669660372,0.994534187655,0.931093567007,-0.157676488272,1.019512095227,1.202566190983,0.537601322531,1.136973640698,0.247805557140,-0.345387692830,1.156262534647,0.428503041263,0.508286952972,0.464569523931,-0.000361563172,-0.358831884483
1358,1,0.212706406146,-0.010529152823,0.003128792830,-0.212706406146,0.010529152823,-0.003128792830,0.275990566997,0.459071152184,0.001657373452,-0.195710548255,0.469823991391,0.146058709868,0.308199327024,0.842097548194,1.005465895148,-0.203100813710,0.858014483175,1.327982970311,0.276094835153,0.886402453980,1.066510073016,-0.145984886619,0.910454533050,1.386079938952,0.475379946797,1.016714774824,0.307600503702,-0.314827707146,1.032947633405,0.574285806199,0.505852654576,0.464524388313,-0.000352372997,-0.401296641303
1359,1,0.231782235271,-0.011352352577,0.002512418891,-0.231782235271,0.011352352577,-0.002512418891,0.299340429407,0.497885413958,-0.052223480751,-0.213059783086,0.509539011228,0.127553519070,0.331918609338,0.911458546834,1.008239051868,-0.219252611517,0.928498436215,1.384914113285,0.297160175464,0.959206333381,1.065787042891,-0.157080629063,0.984736569790,1.435021026609,0.513190301198,1.100661608117,0.274574511695,-0.342269185576,1.117153940731,0.588441482188,0.505174025893,0.464523807168,-0.000352281058,-0.370544613826
1360,1,0.263213581459,-0.011916665593,0.008836398987,-0.263213581459,0.011916665593,-0.008836398987,0.341187853151,0.568096089372,-0.062310998953,-0.241847622039,0.578782636631,0.102367639820,0.375822350541,1.038610977973,0.799415383021,-0.250477065666,1.058460637597,1.099956778405,0.336311928439,1.091537671164,0.841159090790,-0.180380765422,1.122025395971,1.131850208989,0.582059338902,1.253061104435,0.134568074002,-0.388395216459,1.272711896072,0.356158352470,0.504674613476,0.463754490018,-0.000360909966,-0.325795266357
1361,1,0.250731922045,-0.011057711612,0.008323885063,-0.250731922045,0.011057711612,-0.008323885063,0.323177747218,0.541578632368,-0.086062001929,-0.233563215277,0.551962883111,0.089000069036,0.354859159486,0.989275131793,0.799394523930,-0.240873808530,1.007497678899,1.133758211310,0.317965178353,1.039512015633,0.844924184664,-0.174794522181,1.067869489855,1.174046856276,0.549742719724,1.189454513760,0.103817469581,-0.371446314111,1.211666934837,0.365152974955,0.503591224551,0.463160499930,-0.000361440703,-0.342580674046
1362,1,0.267213453331,-0.012633405221,0.011278749702,-0.267213453331,0.012633405221,-0.011278749702,0.343904005046,0.578385920283,-0.114733273497,-0.248658431008,0.590156269902,0.100093166655,0.378233015377,1.055876318589,0.679441801764,-0.257046564554,1.075760347194,1.155147270541,0.339072453494,1.109785284898,0.719657147486,-0.187267514003,1.140245655800,1.195023401197,0.586349976968,1.271619700191,-0.022743851604,-0.397136305309,1.293493245816,0.388102970923,0.503361880779,0.462859615684,-0.000366766588,-0.320984519252
1363,1,0.231998072628,-0.010966850176,0.009741350867,-0.231998072628,0.010966850176,-0.009741350867,0.298833097937,0.499227488166,-0.057552105550,-0.215150205322,0.511212421636,0.090383635196,0.327875128058,0.914596466157,0.823592130515,-0.222321255647,0.930534242101,1.191760190621,0.293964374511,0.963684629513,0.872472109869,-0.162021873177,0.986289439822,1.245687405755,0.511421449953,1.099790971709,0.091858613623,-0.342916482506,1.119636559985,0.443479824890,0.503312215209,0.462837100029,-0.000367036439,-0.370625081379
1364,1,0.248954337930,-0.011814511648,0.010774966343,-0.248954337930,0.011814511648,-0.010774966343,0.320304312887,0.535534736211,-0.048289902319,-0.230109644151,0.547979804056,0.100033748198,0.352531179221,0.980229676628,0.945218253414,-0.237658040273,0.997390875459,1.314299474346,0.316637542599,1.032961021708,1.002139195441,-0.172768561241,1.057279531283,1.373982155089,0.549447667494,1.178356839696,0.171563735806,-0.366962453822,1.199403026868,0.515832676007,0.503340765834,0.462972804904,-0.000366474502,-0.345661950289
1365,1,0.246883450925,-0.011588378878,0.011687849932,-0.246883450925,0.011588378878,-0.011687849932,0.317983114294,0.530211793690,-0.025235230814,-0.227793279662,0.543004571326,0.097733392950,0.350746675863,0.970932404048,0.938058193860,-0.234386291055,0.987852375015,1.299606501838,0.314981200507,1.023677179096,0.992300976462,-0.170847449587,1.047346604634,1.355527757324,0.546571133854,1.168103128259,0.185125106682,-0.361606397126,1.186872719237,0.507239325385,0.503540083766,0.463120028377,-0.000367795932,-0.348613792732
1366,1,0.263632313379,-0.012392349336,0.017528742752,-0.263632313379,0.012392349336,-0.017528742752,0.342036099378,0.565431519764,-0.063369700986,-0.241990822757,0.580292814371,0.072799496525,0.377041640070,1.037499010984,0.806490943646,-0.248444513430,1.056100857540,1.182956537620,0.338261178447,1.094317338773,0.851451332367,-0.180135427971,1.119404319966,1.228473502774,0.588527613617,1.248320365176,0.106434962490,-0.383934540756,1.268617991990,0.441066659762,0.504272073507,0.463128700852,-0.000383463688,-0.326040288624
1367,1,0.237960240901,-0.011295559784,0.014203887331,-0.237960240901,0.011295559784,-0.014203887331,0.309532202049,0.510062254240,-0.030178019672,-0.216823061200,0.520103668208,0.067987328676,0.342461560679,0.935652532037,0.954508962255,-0.220693086407,0.952199685677,1.261107593815,0.307156941500,0.987050531122,1.011160905713,-0.158526579710,1.009631506349,1.320094715300,0.533171972362,1.126061829961,0.186218360610,-0.344396160911,1.144400985726,0.475551280977,0.505348190665,0.463179364800,-0.000379158417,-0.361352730512
1368,1,0.254846952129,-0.012164758310,0.016105790440,-0.254846952129,0.012164758310,-0.016105790440,0.330502114446,0.546199355342,-0.061650969859,-0.227386880710,0.556091922588,0.057006442361,0.372321870183,1.000726097385,0.776676596302,-0.228845060646,1.017352868697,1.108801672936,0.334647411118,1.056411146681,0.817142365528,-0.162690156212,1.078917630377,1.148653985775,0.577241031727,1.203748745001,0.050736433641,-0.360568253494,1.223141042122,0.352997025984,0.507678791881,0.462448596954,-0.000384591520,-0.338658124392
1369,1,0.249964745456,-0.012225939254,0.009985014618,-0.249964745456,0.012225939254,-0.009985014618,0.328164797171,0.539169737360,-0.082856134932,-0.220562237441,0.547208417517,0.124169332984,0.373431720328,0.981929067671,0.889100899059,-0.217285094245,0.997104176534,1.393850434999,0.336431373599,1.036371300397,0.953134479523,-0.152840488121,1.056665044209,1.458977347176,0.573842422269,1.183929166777,0.143543162736,-0.346287692882,1.200094332403,0.627511239992,0.510370209813,0.462822258472,-0.000378408236,-0.344844273594
1370,1,0.249293665890,-0.012453585147,0.009840237946,-0.249293665890,0.012453585147,-0.009840237946,0.332289157685,0.539280855955,-0.103279368405,-0.214336033930,0.545524659500,0.123396991713,0.382361339693,0.981546071326,0.640668511413,-0.207677059070,0.996859399320,1.093137330364,0.345684736150,1.035457379096,0.674049217717,-0.141099226790,1.057367337172,1.121913417207,0.577322179766,1.179502137564,-0.074474591739,-0.336972183044,1.199624130322,0.356048325904,0.513614997268,0.462619274855,-0.000380389742,-0.345133589136
1371,1,0.235877083250,-0.011816899105,0.009091256518,-0.235877083250,0.011816899105,-0.009091256518,0.325847315016,0.510165562003,-0.097577284752,-0.192996541357,0.516033864142,0.123022615036,0.376614393635,0.928185008602,0.617380796540,-0.181176783332,0.942439750157,1.114900985086,0.341720369006,0.979415559094,0.653651023869,-0.118308792265,0.999462473816,1.152681784385,0.561761605076,1.116743565804,-0.027246349444,-0.302944256916,1.134470670655,0.377899063653,0.519105210900,0.462640225887,-0.000379932579,-0.364851433074
1372,1,0.228414637016,-0.011919117190,0.006056093544,-0.228414637016,0.011919117190,-0.006056093544,0.321332616505,0.498552646612,-0.101615428763,-0.178567592545,0.503561434984,0.149653018148,0.380851727245,0.905025995872,0.630553213230,-0.161819083593,0.919493849351,1.101402266784,0.346073441327,0.954346979964,0.664822698385,-0.100529788427,0.975704522305,1.134658604508,0.561663149446,1.089867896397,-0.000664180651,-0.282137539100,1.106151906920,0.372796114982,0.524601191282,0.462022677064,-0.000386050146,-0.374695696938
1373,1,0.213643037088,-0.011447085098,0.002866091605,-0.213643037088,0.011447085098,-0.002866091605,0.304153182850,0.467507947140,-0.090193304486,-0.162886096792,0.473206191129,0.164307430268,0.369215702842,0.850156756081,0.621286900772,-0.140144352755,0.863690346942,1.034179419741,0.336060063175,0.897465474602,0.655576812125,-0.080468727090,0.917061459356,1.064336573220,0.539497530342,1.022852383634,-0.020650353453,-0.254404824271,1.038733531527,0.347466971785,0.529240980744,0.461869135499,-0.000383601582,-0.399055779750
1374,1,0.217507646004,-0.012040055783,0.003990001406,-0.217507646004,0.012040055783,-0.003990001406,0.312891083618,0.475386312465,-0.115089448101,-0.159566174304,0.482268906640,0.157329981060,0.389093393990,0.866304589516,0.448934574982,-0.131578275334,0.879737352215,0.951852898154,0.354900596210,0.916464382578,0.467049720930,-0.072144916226,0.934403815653,0.976327147677,0.561315037132,1.041219762033,-0.235918752563,-0.247237929626,1.057190329333,0.279286722619,0.533699735999,0.461591482162,-0.000383676612,-0.392133873794
1375,1,0.230734600045,-0.013114765667,0.004286885092,-0.230734600045,0.013114765667,-0.004286885092,0.340101247450,0.499728529062,-0.148023192316,-0.161258763700,0.511504151921,0.164244133672,0.430573927401,0.916115417399,0.446361744825,-0.125542109417,0.930697884229,0.963966534718,0.393599819270,0.966631677201,0.471319152957,-0.061236978747,0.988145978259,0.987255505273,0.610293428990,1.104370145909,-0.217198689746,-0.246028933575,1.121030663832,0.289262831249,0.538854181767,0.461556181312,-0.000384675397,-0.369751965421
1376,1,0.210703631837,-0.012728829415,-0.002830911132,-0.210703631837,0.012728829415,0.002830911132,0.318493250298,0.455349009882,-0.158962265944,-0.143507025340,0.467015717625,0.154247487983,0.406671559932,0.834554972001,0.466748457144,-0.104887222584,0.848855856032,0.928350551880,0.373950532251,0.878408764679,0.489831458476,-0.046210351044,0.901046850435,0.951099288313,0.565560204077,1.007398964621,-0.150259722412,-0.214244306632,1.023309900432,0.279289213624,0.542750805616,0.461144879460,-0.000388043001,-0.405890874917
1377,1,0.242293639533,-0.015221308709,-0.007249798365,-0.242293639533,0.015221308709,0.007249798365,0.373957150150,0.521489489131,-0.250180226577,-0.162114562576,0.537802227348,0.176951111940,0.478849767409,0.953307416677,0.431968339779,-0.110466836217,0.976893090256,0.970459205165,0.444585628497,0.997597187507,0.467016173998,-0.041599321183,1.037651469607,0.990853417407,0.658083241558,1.159154733045,-0.208625271076,-0.236889292216,1.176542537761,0.287300497183,0.546246111393,0.460800796747,-0.000392788323,-0.353336655223
1378,1,0.216350239576,-0.014391121542,-0.019551252028,-0.216350239576,0.014391121542,0.019551252028,0.339200453197,0.460584808788,-0.256780335655,-0.146296854119,0.481898263910,0.178134275302,0.435864063190,0.848765882590,0.447423970124,-0.091227493582,0.874547640963,0.932533398133,0.407485232682,0.885521217055,0.478354705638,-0.028970904441,0.929018593612,0.952089482511,0.591696761144,1.037753137306,-0.168679044469,-0.205101588890,1.053125644767,0.261189327596,0.549260437489,0.460471272469,-0.000378126977,-0.395234146152
1379,1,0.226951961055,-0.017325182227,-0.022720942660,-0.226951961055,0.017325182227,0.022720942660,0.355915702017,0.471248534581,-0.369456575226,-0.143594477574,0.508270099639,0.181865514430,0.467934137815,0.890119411217,0.147388807780,-0.083820097050,0.919760327089,0.862448999005,0.440830053527,0.929561226397,0.167133776093,-0.018508097048,0.976904358108,0.877974474648,0.599557373648,1.090790703804,-0.511203244515,-0.200856827720,1.106912751119,0.208706480832,0.553660005331,0.459053322673,-0.000382286496,-0.377317515431
1380,1,0.251958954398,-0.020404762055,-0.036446221302,-0.251958954398,0.020404762055,0.036446221302,0.388458946211,0.515670137722,-0.429434956948,-0.150586776259,0.565125541188,0.226188569018,0.526820681593,0.984980628039,0.082879960346,-0.082104029576,1.021548020810,0.952895548162,0.499817739235,1.026987481332,0.104532250371,-0.009360766123,1.084929423768,0.969595296057,0.640473363320,1.213413981343,-0.607625003600,-0.208681055108,1.227059646816,0.257776224544,0.557281270623,0.458379447460,-0.000398021191,-0.340404766715
1381,1,0.227885573911,-0.019004623216,-0.033225624616,-0.227885573911,0.019004623216,0.033225624616,0.349618109160,0.468309907857,-0.349706967995,-0.131184950448,0.511314644408,0.200654274124,0.478091026764,0.891111484859,0.235052384067,-0.067218268190,0.923697930304,0.912059307659,0.457131057153,0.929838053921,0.263147342523,-0.004626790240,0.977703985149,0.936568818866,0.568750568511,1.107795878189,-0.449206137759,-0.178845367755,1.109512551782,0.236278689588,0.560200855136,0.457782879472,-0.000396902207,-0.377035471510
1382,1,0.217760968749,-0.018842464093,-0.033661336968,-0.217760968749,0.018842464093,0.033661336968,0.327546845917,0.453187838936,-0.325316990900,-0.125119355616,0.494262762097,0.215645796183,0.455832131094,0.873355061906,0.168990778722,-0.062220605871,0.892808072802,0.909384595794,0.443067836950,0.906425088927,0.185820180714,-0.003240579907,0.943897275065,0.930342280109,0.530054705437,1.087044002972,-0.540189776651,-0.166772113632,1.071237192530,0.256827547879,0.561267837882,0.457568943501,-0.000391107053,-0.390841773489
1383,1,0.201157741404,-0.018113200804,-0.049302188764,-0.201157741404,0.018113200804,0.049302188764,0.297047689950,0.421179676410,-0.369212651861,-0.113569164744,0.458088310994,0.302953893477,0.418447744205,0.826070263965,0.079024032115,-0.053207218507,0.830977060865,1.052484698221,0.412585792900,0.855085920472,0.094043861604,0.004043592873,0.880703119252,1.079436995308,0.473134251919,1.033170611804,-0.615335610533,-0.153597688003,0.993010357717,0.439217011534,0.562559202313,0.457206219435,-0.000386591069,-0.422157318101
1384,1,0.220758698829,-0.020024992335,-0.063374263780,-0.220758698829,0.020024992335,0.063374263780,0.316534062323,0.462486970579,-0.443250590330,-0.120305165512,0.501248904885,0.362304411641,0.456022959132,0.934179480699,-0.085013091975,-0.054183286201,0.911134655330,1.181035635599,0.455067233966,0.966306210420,-0.081306735372,0.008874297844,0.965602399208,1.211437431924,0.499628993681,1.162827420290,-0.845038642184,-0.161907884332,1.088731284095,0.548363956185,0.564143344760,0.457168444991,-0.000398316421,-0.385078150142
1385,1,0.213139077220,-0.019513547132,-0.091030531244,-0.213139077220,0.019513547132,0.091030531244,0.301158368997,0.448416850160,-0.526147964917,-0.113968460152,0.483871210061,0.432263395566,0.441512861281,0.925651367906,-0.194133866866,-0.049095165059,0.880666373917,1.487505555380,0.443510476559,0.962436224140,-0.195896606139,0.012251790932,0.932128445559,1.542606362384,0.466269297313,1.144889476239,-1.059358813126,-0.153203584776,1.052302196937,0.858769934417,0.565446496010,0.457239717245,-0.000410031527,-0.398261369498
1386,1,0.207760352080,-0.019010366214,-0.100667773743,-0.207760352080,0.019010366214,0.100667773743,0.293980387534,0.445517713263,-0.535862299585,-0.108520311171,0.469502525763,0.472789819894,0.431628436729,0.926029119422,-0.294579198131,-0.045272314016,0.856104027862,1.520966971583,0.435752197964,0.965707258144,-0.305725392392,0.012230446163,0.900668283595,1.575799770354,0.450316705985,1.148866318534,-1.177705502999,-0.144139173777,1.027980894657,0.910866403298,0.566647425294,0.457251831889,-0.000417089090,-0.408085638883
1387,1,0.161486557511,-0.014974873145,-0.099476621076,-0.161486557511,0.014974873145,0.099476621076,0.227874251631,0.358223482884,-0.487761784937,-0.082754391420,0.365107771954,0.502780878754,0.333749818743,0.738325639404,-0.247363846377,-0.032938150746,0.666335095785,1.543268057912,0.340626087084,0.769707626362,-0.258295788196,0.012089202291,0.700820251897,1.601604475222,0.342640541719,0.907348582692,-1.079207383694,-0.110601568815,0.800172292125,0.983172761386,0.567684754729,0.457498341799,-0.000390773639,-0.523908369228
1388,1,0.163928004634,-0.014825564219,-0.114484065818,-0.163928004634,0.014825564219,0.114484065818,0.232466704030,0.371042488108,-0.545697785564,-0.081408119981,0.369028397463,0.563140159906,0.336951155545,0.759445520566,-0.271332886866,-0.028312068631,0.672811398126,1.744019373263,0.342027336756,0.787231515586,-0.279416350907,0.023613407013,0.707831553307,1.817840985304,0.350768983225,0.936783765354,-1.104433925827,-0.110179675001,0.808099927756,1.237431510870,0.569193750620,0.458485335112,-0.000367784873,-0.517388831026
1389,1,0.164835601066,-0.014794966009,-0.126845030688,-0.164835601066,0.014794966009,0.126845030688,0.231998412334,0.376106444463,-0.600382116699,-0.083085066472,0.374684517222,0.550290012245,0.339123045773,0.779093944394,-0.407926279994,-0.025289040256,0.683335849146,1.609313030101,0.342626922195,0.810741464718,-0.424168468828,0.034224398328,0.718656194683,1.669345816803,0.345528787104,0.964552631369,-1.246524199036,-0.111933014188,0.820100246317,1.086048478681,0.570201396942,0.458181306720,-0.000383716077,-0.510144616131
1390,1,0.162868956581,-0.014511224757,-0.131752416911,-0.162868956581,0.014511224757,0.131752416911,0.228418214833,0.375424624849,-0.571775739408,-0.081443780597,0.368982770216,0.556935684577,0.330004005685,0.776884695436,-0.315188845667,-0.024119256808,0.671895669308,1.728906602013,0.326903332609,0.805098491252,-0.324397352987,0.034263228252,0.705720984639,1.802387291700,0.341976002621,0.960647553208,-1.152736744748,-0.108140337109,0.808333221064,1.208925768873,0.570603027940,0.459107890725,-0.000384774059,-0.518207554430
1391,1,0.149825077335,-0.013300137157,-0.127283414366,-0.149825077335,0.013300137157,0.127283414366,0.209849111231,0.346671633488,-0.575131492031,-0.080128641914,0.339679332222,0.616739569885,0.301223084717,0.728724473071,-0.456696909486,-0.021636397809,0.616591929018,1.713578818759,0.296675264657,0.762272371449,-0.478373224247,0.034773250429,0.649248410838,1.781755165563,0.313145515245,0.901645988545,-1.271800444838,-0.099395791734,0.747292105554,1.256609012678,0.570912316442,0.459224134684,-0.000376548618,-0.560329420303
1392,1,0.145830216643,-0.012090885457,-0.125588609545,-0.145830216643,0.012090885457,0.125588609545,0.204605234935,0.341381716954,-0.564594107818,-0.079220682667,0.329030609292,0.611342325612,0.289067554799,0.710249048475,-0.376288737337,-0.021526308649,0.597516047411,1.757178498843,0.273067486825,0.741345265553,-0.389493758964,0.033352778943,0.628358409368,1.832113383387,0.307687030777,0.885382164518,-1.158638489737,-0.094327547109,0.725289343241,1.315835840740,0.570750907063,0.460695207119,-0.000373229384,-0.575724405945
1393,1,0.151457339985,-0.011064028227,-0.131159263878,-0.151457339985,0.011064028227,0.131159263878,0.213375561712,0.356561530171,-0.577370344880,-0.083138898828,0.336435546730,0.658793509754,0.295370637903,0.734920397536,-0.344509225250,-0.022158809147,0.617570916019,1.781910085189,0.272078499166,0.765926538765,-0.354020713279,0.035438430402,0.650924270730,1.851603276690,0.315884648772,0.916660154593,-1.138376913665,-0.098468215377,0.750051153385,1.305279599064,0.570802167058,0.462705373764,-0.000372227281,-0.553838546233
1394,1,0.149287211437,-0.010370151449,-0.131343452929,-0.149287211437,0.010370151449,0.131343452929,0.211042790609,0.352279010022,-0.553717063668,-0.082886781173,0.331433182157,0.648742694576,0.290390874072,0.721450166760,-0.325369718627,-0.021259244626,0.608783809785,1.729218140372,0.262914923696,0.753970019361,-0.335608003698,0.036900360200,0.641899849239,1.794937942567,0.312177132793,0.905282943718,-1.119342569387,-0.089583978688,0.739502105619,1.245690633959,0.570963904262,0.463039204478,-0.000372529030,-0.561167810634
1395,1,0.155307790377,-0.010356952909,-0.136715613198,-0.155307790377,0.010356952909,0.136715613198,0.217319077909,0.369427609358,-0.561284805159,-0.086141071931,0.350736885278,0.647023313381,0.300756585341,0.746429261795,-0.322598126300,-0.021292395376,0.629308378177,1.853686127145,0.275671538357,0.777286453897,-0.332548582731,0.038805275970,0.663568008451,1.934069377515,0.316093885965,0.935764828490,-1.124322031291,-0.089672449715,0.764983097930,1.375954487311,0.570967480540,0.465009659529,-0.000374991447,-0.539928916815
1396,1,0.157060454988,-0.009762215973,-0.136726947306,-0.157060454988,0.009762215973,0.136726947306,0.219677671228,0.372148323729,-0.563465210111,-0.087341496721,0.353618977416,0.656293199979,0.303576781197,0.753657915424,-0.278829273027,-0.021420017890,0.636801805913,1.806215041131,0.279914708720,0.783437249907,-0.284515919218,0.039134685634,0.673862619661,1.877779264495,0.317873371372,0.942742159700,-1.115709381189,-0.091179277487,0.772576543568,1.308828517139,0.570955559611,0.465553566813,-0.000375766307,-0.533909829258
1397,1,0.156441966513,-0.009644150351,-0.134639646608,-0.156441966513,0.009644150351,0.134639646608,0.218799347201,0.371335591330,-0.551302583862,-0.087128584708,0.351139472876,0.633897220228,0.299514986485,0.748990214947,-0.209627194189,-0.021708510685,0.629950256703,1.877019510223,0.277841696690,0.776856783764,-0.210015857129,0.036262913137,0.663191904697,1.962834779707,0.314796917852,0.938879418584,-1.059690445852,-0.087780794678,0.767105003250,1.402035628229,0.570729240775,0.465745449066,-0.000367883593,-0.537731322584
1398,1,0.154690323661,-0.009357050825,-0.130311792262,-0.154690323661,0.009357050825,0.130311792262,0.216132601926,0.364073092949,-0.496550008462,-0.086573010002,0.343947930841,0.634204315186,0.292633134037,0.736043072731,-0.155709154011,-0.021231595772,0.614479689460,1.869603761207,0.271217794256,0.762463166468,-0.154859589468,0.034967208147,0.647309452871,1.953807566494,0.307130259020,0.923611067016,-0.968874016435,-0.082806013115,0.751576864121,1.414331784556,0.570053428411,0.465966627002,-0.000363372266,-0.548056221719
1399,1,0.163292246973,-0.009201511488,-0.133825280049,-0.163292246973,0.009201511488,0.133825280049,0.226464135576,0.380202324473,-0.429346590805,-0.091336560829,0.358290049222,0.669337490144,0.303310417182,0.767956467680,-0.053982021763,-0.022445646325,0.640772654499,1.979949887097,0.280240148415,0.795393319221,-0.050678753522,0.035578049437,0.675405620797,2.070078931769,0.318992112727,0.966747345817,-0.878512079930,-0.086261869714,0.784475013366,1.513111528167,0.568836346269,0.466692224145,-0.000367283821,-0.523859817505
1400,1,0.169545665162,-0.009109689767,-0.125405812070,-0.169545665162,0.009109689767,0.125405812070,0.232655392869,0.391315720492,-0.453630135860,-0.095711772206,0.368887823232,0.622419969160,0.308885025244,0.791635361435,-0.098783635824,-0.025070051072,0.660139739003,2.011890793384,0.285258116247,0.819422120217,-0.098533458596,0.033681231197,0.695849123180,2.084653288855,0.325435053411,0.996867892334,-0.943877648281,-0.090765914678,0.808248523225,1.506180872928,0.567171379924,0.466473549604,-0.000385906547,-0.508871537769
1401,1,0.171168127712,-0.009068450421,-0.124332638951,-0.171168127712,0.009068450421,0.124332638951,0.230680407540,0.390130877215,-0.458188100787,-0.097485441178,0.366441525939,0.618984776300,0.303943822292,0.789643652926,-0.113499060742,-0.027460814941,0.656458773341,1.957143813615,0.281420339261,0.818002307691,-0.113567131915,0.030352280136,0.690736442536,2.038085248553,0.320179686219,0.992967553300,-0.951436310277,-0.090993054657,0.804389472400,1.470989582392,0.565874367952,0.466439262033,-0.000385247171,-0.511144583281
1402,1,0.172165611263,-0.009069345602,-0.120007974961,-0.172165611263,0.009069345602,0.120007974961,0.227983674290,0.388267145396,-0.430902108011,-0.099631841782,0.363387328555,0.618199358349,0.299419364689,0.786764121491,-0.099432353501,-0.030343533098,0.651251894678,1.923859929321,0.277515491215,0.815400710869,-0.099725708172,0.027015482928,0.685098806372,2.004049455355,0.306281532477,0.989080015997,-0.919359704426,-0.092933286791,0.799933298721,1.439079328981,0.564350515604,0.466406941414,-0.000386225060,-0.513849484124
1403,1,0.173001475534,-0.008953267398,-0.112319558762,-0.173001475534,0.008953267398,0.112319558762,0.225881445466,0.388070372149,-0.413955411216,-0.101208565977,0.358372408880,0.583411317744,0.296122823885,0.785211572085,-0.055952145861,-0.033027935021,0.648465419886,1.905141848334,0.273805432538,0.814915780568,-0.054899299476,0.023550358695,0.682512018859,1.986379257707,0.303385835417,0.986122913319,-0.902613933495,-0.092561603243,0.798594489505,1.429536577081,0.563088536263,0.465828597546,-0.000395083800,-0.515378707276
1404,1,0.176708624007,-0.009177521843,-0.100610812270,-0.176708624007,0.009177521843,0.100610812270,0.228621778379,0.396280633945,-0.348132764581,-0.104849984396,0.364789596860,0.572891525863,0.297444891178,0.799414914132,0.004977247906,-0.035105457541,0.660195261146,1.851558375643,0.274855087126,0.829304853737,0.007573720366,0.020877143116,0.694756618713,1.935178688179,0.305407166139,1.004674716282,-0.803868742882,-0.097972377031,0.812890719806,1.383289759126,0.561029911041,0.465823143721,-0.000399855897,-0.506217747189
1405,1,0.183938328541,-0.009234519903,-0.103110436977,-0.183938328541,0.009234519903,0.103110436977,0.238812455826,0.412534989304,-0.366001409313,-0.109935473965,0.379277336071,0.600896928490,0.309324865673,0.830798585162,0.023353845096,-0.037298645750,0.686345379364,1.993506173438,0.285155148764,0.861941088921,0.027525904616,0.021820573884,0.722197340954,2.090014763499,0.317988581264,1.044341272024,-0.823398799979,-0.101621214115,0.845498683715,1.515482515167,0.560685932636,0.467038005590,-0.000402487814,-0.485511041959
1406,1,0.183142247602,-0.009223509340,-0.094980438921,-0.183142247602,0.009223509340,0.094980438921,0.238139307992,0.411569554114,-0.352812338140,-0.109431457439,0.377250692015,0.597088313385,0.306310211471,0.826381061221,0.040921445823,-0.037449375152,0.682726401166,1.980450622115,0.282579089918,0.857023595692,0.046069671176,0.021255634826,0.718358612417,2.075479009054,0.315686061743,1.038998455741,-0.802594162467,-0.102179894782,0.840858425014,1.497446906385,0.560244947672,0.467030897737,-0.000404989347,-0.488192468237
1407,1,0.182694842699,-0.008952288404,-0.097289905976,-0.182694842699,0.008952288404,0.097289905976,0.238080797974,0.411613083436,-0.362975757489,-0.108546611078,0.377323492068,0.683377549310,0.305011443834,0.825065181855,0.024337435617,-0.037832587702,0.681938299342,2.116153209728,0.281380101293,0.854440097021,0.028050297259,0.020684381924,0.717577435415,2.215773991077,0.314950162825,1.037907660933,-0.834243564059,-0.102714376009,0.838670482641,1.629052458460,0.559993788600,0.467275798321,-0.000396911055,-0.489408810729
1408,1,0.181793669370,-0.008865517660,-0.094440378285,-0.181793669370,0.008865517660,0.094440378285,0.237192390290,0.408529675170,-0.354563444957,-0.108335267713,0.372149845690,0.626182806151,0.303379625741,0.821109300589,0.030282157470,-0.040100043474,0.676292482701,2.081992127316,0.279904840603,0.850361833347,0.033788008432,0.017055897157,0.712826847642,2.191044469874,0.313627993380,1.032657439959,-0.824711135874,-0.102328989415,0.833467774211,1.611489095739,0.559930756688,0.467209354043,-0.000396829098,-0.491770115450
1409,1,0.182337664168,-0.008928061071,-0.092207989257,-0.182337664168,0.008928061071,0.092207989257,0.237991109543,0.410096192977,-0.326336122325,-0.109604034724,0.373267074582,0.597692629833,0.304328129516,0.822062213686,0.080003290857,-0.041370979879,0.678373270362,2.070449117982,0.279743825902,0.851393901133,0.085578586203,0.014417149521,0.715114585718,2.169067253517,0.319584272340,1.035422260241,-0.767305572375,-0.103118770939,0.835631188284,1.578326705946,0.559913188219,0.467274874449,-0.000399328768,-0.490126015204
1410,1,0.183272499987,-0.008589016820,-0.092375779839,-0.183272499987,0.008589016820,0.092375779839,0.240053423205,0.411918166017,-0.307791046335,-0.109125851130,0.377595213667,0.604568885064,0.306337109236,0.825395452567,0.085674115433,-0.040873904114,0.681654541193,2.032134249966,0.281791431467,0.854896822304,0.091383248419,0.015246003565,0.718505347959,2.126156699460,0.323466448045,1.039583305342,-0.732112555830,-0.103316686007,0.839109432410,1.575330782688,0.560067027807,0.467532172799,-0.000402124599,-0.487781764266
1411,1,0.191551579076,-0.009116393134,-0.091300078511,-0.191551579076,0.009116393134,0.091300078511,0.251528564197,0.432010031497,-0.291814606005,-0.113568813015,0.395860281324,0.637500610255,0.321958232215,0.864678346430,0.081779742361,-0.042151975985,0.715597767471,2.029946303521,0.296106647629,0.895591925728,0.085485492295,0.016105211641,0.754373479430,2.118185996401,0.340139405989,1.088694889320,-0.754679656470,-0.108446240858,0.879187604950,1.556304455217,0.560459703207,0.467693924904,-0.000409770757,-0.465404197049
1412,1,0.189567802850,-0.009072397096,-0.089617694743,-0.189567802850,0.009072397096,0.089617694743,0.251424402147,0.429124586233,-0.299910309190,-0.111428851225,0.394337116927,0.647097570258,0.321059532417,0.858308027945,0.070764837327,-0.040908280042,0.711453109561,2.059230628014,0.295479032463,0.888725430223,0.073841229115,0.016660777151,0.749693263956,2.153020810352,0.339502867048,1.081689575970,-0.776431944292,-0.106440578971,0.873893340521,1.574811860195,0.561132863164,0.467695146799,-0.000409528613,-0.468387119211
1413,1,0.183445073368,-0.009073270504,-0.091132092203,-0.183445073368,0.009073270504,0.091132092203,0.245796768080,0.412680322541,-0.358055505786,-0.106586775582,0.383046220866,0.635418035852,0.315904441348,0.835750710817,0.056674435573,-0.037490541126,0.694634693232,2.028121471292,0.290940840000,0.866696019664,0.061289513213,0.018430414442,0.732097169880,2.119727403796,0.334272579968,1.055160288287,-0.834516979764,-0.101441662714,0.852979940774,1.519979206671,0.562344849110,0.467526853085,-0.000414496288,-0.479989323962
1414,1,0.184707764403,-0.009507920539,-0.091540156332,-0.184707764403,0.009507920539,0.091540156332,0.249099560106,0.413552579304,-0.386705975743,-0.104605582019,0.385610184514,0.604602732035,0.321700186599,0.840631126297,0.013552062333,-0.034226693357,0.700511741990,1.995861005071,0.296698566385,0.872113837046,0.017669854483,0.021893333163,0.737476974972,2.088958151546,0.341575956334,1.061917140146,-0.863036975688,-0.099425239153,0.861231125508,1.483298354790,0.564082041383,0.467260226607,-0.000417619944,-0.476356867183
1415,1,0.182804890299,-0.010113715840,-0.097454155608,-0.182804890299,0.010113715840,0.097454155608,0.245922076853,0.412732461830,-0.418219920462,-0.099816352556,0.390486200434,0.679562474981,0.325434133027,0.837980575624,0.003617106397,-0.029448231214,0.698236240247,2.212794768344,0.300820201623,0.869075359236,0.008492628483,0.026452224253,0.734797249514,2.320281269470,0.343993385335,1.058294598016,-0.908839200965,-0.094630996702,0.858539870578,1.689690866829,0.566275313497,0.467572554946,-0.000406438485,-0.477482627809
1416,1,0.181657724248,-0.010267070346,-0.098018082047,-0.181657724248,0.010267070346,0.098018082047,0.248827179466,0.410848482242,-0.445254265280,-0.096838120023,0.388693626148,0.677249638684,0.331755865793,0.843216185915,-0.130922838553,-0.023470805315,0.698718485957,2.209718480841,0.307472298617,0.877775503387,-0.137920845874,0.032608545381,0.735438424256,2.312445635201,0.350001559332,1.058933943131,-1.048193741317,-0.088561068883,0.858458304276,1.669107420455,0.569213822484,0.467515796423,-0.000407507643,-0.477251881275
1417,1,0.179369711229,-0.010773746356,-0.101189987397,-0.179369711229,0.010773746356,0.101189987397,0.247361885534,0.405934092878,-0.466535041974,-0.094278943625,0.386662857598,0.669390251233,0.332371333899,0.836746206088,-0.185435612444,-0.019697990969,0.693989135378,2.102059668451,0.308245160413,0.871037656114,-0.193793471340,0.036077469500,0.730274733823,2.192348673991,0.350473380601,1.050927085849,-1.080200990157,-0.084933114806,0.851767040174,1.579286829281,0.570796415210,0.467253640294,-0.000408917665,-0.481195465408
1418,1,0.167140117479,-0.010225944401,-0.132255349456,-0.167140117479,0.010225944401,0.132255349456,0.232799107207,0.381329856768,-0.532050699862,-0.087510964202,0.364599167230,0.719603395040,0.315200412677,0.785446958029,-0.224006521223,-0.016361499415,0.652991935778,2.111454750534,0.300158138682,0.817455526596,-0.230228415338,0.036966621592,0.687890662513,2.203782160592,0.326988744565,0.986438688138,-1.130081032905,-0.080912860643,0.800425694817,1.589746148122,0.571843594313,0.467198669910,-0.000388856977,-0.512675008809
1419,1,0.153279114044,-0.010157661776,-0.124668385977,-0.153279114044,0.010157661776,0.124668385977,0.215749061968,0.353880297932,-0.534494813254,-0.080517614591,0.339811227134,0.661368515378,0.293559872037,0.727752863336,-0.278409419672,-0.013955156966,0.607269614304,1.917025341133,0.280134547477,0.758068944927,-0.288444913769,0.036260060750,0.639952587133,1.999787491084,0.303694949999,0.915567387542,-1.132657397066,-0.074073054444,0.743299453272,1.437618720987,0.572596386075,0.465643763542,-0.000386845320,-0.554245419595
1420,1,0.153565395667,-0.011158676283,-0.126599478191,-0.153565395667,0.011158676283,0.126599478191,0.215168456355,0.348085595875,-0.539222798955,-0.083417159155,0.341360001694,0.652792618723,0.298587557951,0.731155580020,-0.286486534726,-0.015209960808,0.610695854444,1.888935332768,0.286432409416,0.761523703208,-0.296407822111,0.037051415319,0.643681848584,1.962548452437,0.310880889584,0.919892431821,-1.138394528418,-0.073134092127,0.747162373307,1.355617426421,0.573472738266,0.465013056993,-0.000389289111,-0.552337798154
1421,1,0.149589344501,-0.011784977090,-0.127263870974,-0.149589344501,0.011784977090,0.127263870974,0.207848087683,0.339568212757,-0.536771860716,-0.081882164498,0.336552983969,0.632802765814,0.295383263546,0.716514161434,-0.334802061025,-0.013786950732,0.601915457026,1.804963295920,0.286725928571,0.746857025238,-0.350746701812,0.039054777607,0.634839565883,1.868490087094,0.304678074996,0.899456463565,-1.196626184525,-0.070538555960,0.735608598788,1.256095733329,0.574097603559,0.463459357619,-0.000388655812,-0.562969113801
1422,1,0.165122750342,-0.013054343944,-0.134465883810,-0.165122750342,0.013054343944,0.134465883810,0.227983555705,0.373511888243,-0.546756786412,-0.090378180743,0.371517253384,0.603821575513,0.326749658791,0.780346797056,-0.269247191758,-0.016829877736,0.666396033473,1.770220136479,0.321201642247,0.811784154776,-0.278095227876,0.040693783169,0.700904245177,1.839103654364,0.336927626820,0.976099097872,-1.130597303896,-0.079517333152,0.814546766136,1.207094411652,0.574109688401,0.463452085853,-0.000386800617,-0.509914711407
1423,1,0.166692292138,-0.013187706975,-0.134554686807,-0.166692292138,0.013187706975,0.134554686807,0.230236950375,0.379409828901,-0.546291202770,-0.090326955805,0.377685441217,0.543683294686,0.330204835773,0.778382120287,-0.230784076730,-0.016427370144,0.678016630089,1.692401382735,0.324356822672,0.807835628112,-0.229633974360,0.040909021124,0.711558474358,1.760160569368,0.345650742418,0.960709695366,-1.069295807659,-0.084481122490,0.825422968577,1.109350617671,0.574492976069,0.461581349373,-0.000383079052,-0.505868827634
1424,1,0.161411770093,-0.013746866301,-0.118493611489,-0.161411770093,0.013746866301,0.118493611489,0.222607816798,0.361923541197,-0.494163983433,-0.086314323769,0.365182592812,0.465545340442,0.320119221365,0.732922508644,-0.052534202582,-0.015550181647,0.655881350057,1.551503463319,0.314472113759,0.762252266571,-0.043012238902,0.038535853431,0.687625843940,1.613978953729,0.345404091772,0.903283814234,-0.856514432516,-0.081235914696,0.797650493517,0.959624533921,0.574701353908,0.460963264108,-0.000387132168,-0.523887084740
1425,1,0.207259415527,-0.018081648725,-0.115919167455,-0.207259415527,0.018081648725,0.115919167455,0.286158864193,0.460895901865,-0.614533605384,-0.110232221299,0.464168265924,0.484435774979,0.414548344719,0.917023593653,-0.124234277111,-0.018100058239,0.841471389012,1.612436665748,0.407413416368,0.953638508611,-0.106563637209,0.053122550289,0.881167851962,1.674592442823,0.471878272408,1.135263407276,-1.031437783388,-0.111406046939,1.019717849754,1.048161045623,0.574668467045,0.460804700851,-0.000406736508,-0.407951317427
1426,1,0.198955920577,-0.018172367151,-0.101170636530,-0.198955920577,0.018172367151,0.101170636530,0.274483730242,0.434394299091,-0.572233248587,-0.106240986669,0.443368915303,0.456117857720,0.403095656391,0.861488894914,-0.134734908408,-0.018441468194,0.809022781686,1.447654679086,0.401327758957,0.896024568965,-0.124319944202,0.049808166286,0.847300134815,1.496875170767,0.461920618504,1.067023187716,-0.944021286399,-0.111516418977,0.979671621675,0.860838954536,0.574252918363,0.459875077009,-0.000402586535,-0.424994309955
1427,1,0.167560084150,-0.015962832665,-0.083938763717,-0.167560084150,0.015962832665,0.083938763717,0.233243504200,0.361446041682,-0.290734054316,-0.090788157216,0.373720910274,0.401392422390,0.338981827196,0.710555100509,0.277011467218,-0.019037977469,0.684524218044,1.355438518105,0.336740085792,0.739783934519,0.298683628572,0.037191989282,0.718878589601,1.404612873186,0.402137786152,0.875057841797,-0.457270630466,-0.096290704943,0.827880266287,0.753850823322,0.573184117675,0.459442302585,-0.000394377857,-0.503068587440
1428,1,0.175483207999,-0.016491249437,-0.075561755893,-0.175483207999,0.016491249437,0.075561755893,0.247706871351,0.376498665062,-0.205614453496,-0.096940767076,0.392851090351,0.392562771565,0.347327363297,0.722672137315,0.513893845147,-0.025935479632,0.713460964163,1.362270355453,0.343171815785,0.752776406336,0.554465387181,0.032423506873,0.749337829502,1.413346309347,0.430568083937,0.892431528378,-0.124979665053,-0.113473405079,0.862143228054,0.781807667549,0.570674479008,0.459503620863,-0.000377334654,-0.483881483241
1429,1,0.270475875037,-0.025697078372,-0.052583112117,-0.270475875037,0.025697078372,0.052583112117,0.377728743045,0.579114885376,-0.280390572018,-0.149491432313,0.605493251432,0.302962832080,0.521893080475,1.093226067999,0.423992293503,-0.048213636334,1.100015952560,1.116937441305,0.506987768636,1.138444912558,0.456062474218,0.041268930796,1.157833625050,1.138602578123,0.667160670492,1.340368970621,-0.322037674017,-0.184667172946,1.325829179519,0.428549900803,0.568033233285,0.458297073841,-0.000400042161,-0.316269904574
1430,1,0.227613748461,-0.021181914978,-0.051979211984,-0.227613748461,0.021181914978,0.051979211984,0.322109349130,0.485112427676,-0.186769600129,-0.125900945399,0.511290834004,0.291130892177,0.432662544554,0.904288079239,0.738200480615,-0.045037662791,0.923142522392,1.336605468575,0.419477469735,0.941684652781,0.793414663118,0.029170154305,0.973138288418,1.385466871712,0.560332894058,1.108362929788,-0.019494343297,-0.159052969101,1.109283297674,0.597072394150,0.566000431776,0.458519712090,-0.000390687026,-0.377690588220
1431,1,0.214032527380,-0.019169139299,-0.041981805221,-0.214032527380,0.019169139299,0.041981805221,0.308440866037,0.457949320136,-0.178848830957,-0.120456036510,0.482008609252,0.198801061880,0.403364840438,0.847679363106,0.723816494969,-0.047551750140,0.871401428672,1.153678070695,0.388994528858,0.884488404926,0.777440904717,0.020373625790,0.920478517695,1.193187276769,0.535074098066,1.034626239040,0.015528757674,-0.153416037545,1.045217968917,0.414533461006,0.564521625638,0.458280965686,-0.000378460623,-0.401401825442
1432,1,0.194946258106,-0.016924137274,-0.032076624666,-0.194946258106,0.016924137274,0.032076624666,0.283832155379,0.413984642611,-0.149899615421,-0.109808879493,0.435234726791,0.179334630867,0.359552098111,0.760678761333,0.779190180328,-0.048296664738,0.786453509877,1.142682736289,0.342353138817,0.796252877899,0.838299732536,0.009469648709,0.831489020425,1.186733585377,0.485186699250,0.925852365511,0.127739539831,-0.143037177040,0.943834383004,0.452621556632,0.562547057867,0.458472251892,-0.000366996974,-0.444071076456
1433,1,0.191755755966,-0.016522268421,-0.026535598593,-0.191755755966,0.016522268421,0.026535598593,0.276130957333,0.410738224268,-0.083280386448,-0.114567237986,0.431045094231,0.178722751617,0.347023899507,0.752483922898,0.756080434552,-0.056600699848,0.778034273537,1.058994608416,0.328182381375,0.789599220801,0.805768030268,0.000064395020,0.822358096024,1.095505124225,0.478539043719,0.915309983796,0.133614479950,-0.152204600257,0.934142805281,0.399417231231,0.558698534966,0.458430901170,-0.000369034708,-0.448920626729
1434,1,0.189657763848,-0.016275177927,-0.028444738780,-0.189657763848,0.016275177927,0.028444738780,0.270478059490,0.410433130018,-0.076434043572,-0.118673286925,0.431678514348,0.180496936974,0.336649751068,0.754156064570,0.776491538182,-0.064642723408,0.778211909931,1.099728670676,0.312179967483,0.792957225438,0.824218436593,-0.007968890424,0.824385397349,1.137557285375,0.471872021913,0.910444273649,0.103271226819,-0.160109238449,0.932141154689,0.396316007290,0.555023074150,0.458355978131,-0.000366419088,-0.449909434954
1435,1,0.214438293656,-0.017561234051,-0.026606305127,-0.214438293656,0.017561234051,0.026606305127,0.300654008144,0.466575928605,-0.086496667509,-0.138399952928,0.487954998109,0.183086174966,0.372843388234,0.854318579719,0.768886189416,-0.080952524313,0.877492647272,1.168907220480,0.345062044156,0.899237727980,0.815598987344,-0.017142673346,0.930574459647,1.210568000066,0.522480769067,1.024656268795,0.055710076300,-0.188661546349,1.052990899559,0.445257412288,0.551904529333,0.458664759994,-0.000373641960,-0.397840682391
1436,1,0.202204304299,-0.016429666307,-0.022149795488,-0.202204304299,0.016429666307,0.022149795488,0.277252799127,0.443265516274,-0.071964382371,-0.136480523836,0.463987324783,0.186907462267,0.345197869480,0.810858514828,0.772458172770,-0.085011618679,0.832415669288,1.130406399677,0.319098885512,0.855250211078,0.818657961763,-0.024560932896,0.882907422870,1.168514387524,0.493898187418,0.972745405888,0.088249734282,-0.188151480693,0.998751960439,0.418606181750,0.548463523388,0.458599790931,-0.000376118347,-0.419485730302
1437,1,0.169770810448,-0.013146943202,-0.019770410635,-0.169770810448,0.013146943202,0.019770410635,0.228313034286,0.369621577195,0.057936715651,-0.118700551578,0.388879184336,0.167639703317,0.282434289201,0.679681958277,0.888933922436,-0.078837672003,0.698981668746,1.134478849612,0.260673507710,0.718703847822,0.936453746509,-0.028022903775,0.741878858529,1.179318773014,0.407784564854,0.815822586951,0.259270835976,-0.166171334845,0.838403366615,0.460529552324,0.544797524810,0.459027796984,-0.000372909009,-0.498317747527
1438,1,0.170091102476,-0.012378621122,-0.019226525370,-0.170091102476,0.012378621122,0.019226525370,0.225808786674,0.369860825489,0.065937179249,-0.122270434147,0.388956694807,0.174819014192,0.276461161404,0.679280336364,0.942910690930,-0.085851106853,0.698120261373,1.162919963147,0.254624840091,0.717393959789,0.997037032687,-0.035580428723,0.739343974132,1.213381069602,0.403187552377,0.818551958245,0.334761033863,-0.173098958078,0.839750458660,0.502482281624,0.541484847665,0.459564298391,-0.000370729249,-0.496735823911
1439,1,0.172848198540,-0.011452110038,-0.014551499462,-0.172848198540,0.011452110038,0.014551499462,0.228426878783,0.373817929243,0.018541101416,-0.128327555600,0.391815937714,0.141117756536,0.272079434399,0.685968627220,0.820544333926,-0.093842857900,0.706248524102,1.031002023307,0.249832507281,0.723728940885,0.867976642236,-0.043325303121,0.747713557847,1.072501482355,0.401490568803,0.827838205663,0.241108500619,-0.180015570645,0.849769668527,0.423020462963,0.537972703576,0.459045767784,-0.000375027070,-0.491723185158
1440,1,0.171573712734,-0.010420382354,-0.013185778180,-0.171573712734,0.010420382354,0.013185778180,0.224435103784,0.369063995315,0.097017464605,-0.131112346104,0.386700031286,0.153068962855,0.262780460746,0.678672496408,1.043352829293,-0.101274802356,0.698710667819,1.211185620199,0.240729080784,0.716314878678,1.102858102795,-0.053000070477,0.739754013668,1.270814231022,0.389878729484,0.817307728555,0.406025807133,-0.182131843781,0.840261320421,0.546408748336,0.533814802766,0.459759503603,-0.000367361587,-0.496313440526
1441,1,0.173294333900,-0.010431377557,-0.013426877477,-0.173294333900,0.010431377557,0.013426877477,0.225296773598,0.373069229181,0.066923159594,-0.137653495420,0.390255464183,0.145313212553,0.256368280038,0.685923982388,0.926860776556,-0.112066231653,0.706279924365,1.116930394557,0.233756084660,0.722867308771,0.978339950511,-0.064607079093,0.746998607921,1.165114797443,0.384077115787,0.826161022729,0.313266307894,-0.188696402102,0.849262060868,0.457362091589,0.529062300920,0.459786295891,-0.000363452593,-0.490890566193
1442,1,0.173089771700,-0.010053724318,-0.013534821193,-0.173089771700,0.010053724318,0.013534821193,0.219949142854,0.373803570158,0.087640436030,-0.141371293554,0.388562173386,0.183094888458,0.247385539195,0.684251713727,1.041625038178,-0.119691360839,0.704862034906,1.262450981334,0.224760092181,0.720303415314,1.100832993320,-0.071415839039,0.745786734438,1.318030304183,0.374527581797,0.822890868455,0.391896472865,-0.200599729587,0.847136366116,0.574909266861,0.524852126837,0.460076436400,-0.000369059155,-0.491833321755
1443,1,0.173548006542,-0.009935179204,-0.012655390014,-0.173548006542,0.009935179204,0.012655390014,0.216797504044,0.375131802709,0.079479252106,-0.144988384407,0.389018518913,0.164359703491,0.241550620078,0.686579470133,0.998911092087,-0.126512986650,0.706816161569,1.234130105283,0.217662276250,0.724049810180,1.054291668592,-0.077947189794,0.748005545174,1.286793504019,0.369697173468,0.825325352403,0.350453643096,-0.206832673943,0.848655103747,0.571877416906,0.521550923586,0.460253134370,-0.000358667457,-0.489989637452
1444,1,0.198870383660,-0.011038627478,-0.004433370643,-0.198870383660,0.011038627478,0.004433370643,0.247342757602,0.429643679652,0.075903923717,-0.167543560668,0.444583031863,0.130229807354,0.271493543781,0.786420022632,1.082163622979,-0.149585691329,0.808031093838,1.269918413876,0.242968424477,0.829100340592,1.141814995416,-0.094424030230,0.854180426816,1.328587293775,0.420744429150,0.946142090789,0.379702129556,-0.239955345116,0.970927701140,0.573868498177,0.519286498427,0.460415050387,-0.000360904553,-0.427488366196
1445,1,0.188338421927,-0.010507203888,-0.004824433910,-0.188338421927,0.010507203888,0.004824433910,0.234326381895,0.407200220985,0.062499762000,-0.157227087032,0.420355874940,0.135751313710,0.255077106322,0.743985701487,1.134353376946,-0.143304342245,0.764671940650,1.394990934745,0.228134938476,0.782871569938,1.205479237426,-0.091624914168,0.808120224057,1.468213985387,0.396007044372,0.895942949753,0.417023223796,-0.229343789670,0.918997916824,0.654595749014,0.518279194832,0.460582792759,-0.000363062078,-0.451527481164
1446,1,0.186097177668,-0.010222029343,-0.004848446873,-0.186097177668,0.010222029343,0.004848446873,0.229614762473,0.404240683663,0.095792119940,-0.156075776223,0.415280125463,0.141453698894,0.248643787633,0.735823048019,1.132559758663,-0.144987114730,0.756089941923,1.357172977851,0.221011760742,0.774270286413,1.198685436683,-0.093921748794,0.798889924497,1.423525170902,0.387999817013,0.884774502192,0.449391859600,-0.230501435002,0.908748539797,0.641276333130,0.516775429249,0.460654139519,-0.000357154000,-0.456543912223
1447,1,0.190582712818,-0.010024659026,-0.005364588521,-0.190582712818,0.010024659026,0.005364588521,0.234321750836,0.413056073698,0.091895777736,-0.159364291631,0.422962378702,0.150138545156,0.251873512606,0.750081842606,1.148379785279,-0.149811783235,0.770622559637,1.424200206404,0.223633123742,0.789499793221,1.215398133870,-0.098520866055,0.814189095167,1.493661829607,0.393879691495,0.902182547360,0.437493038723,-0.237081257808,0.926196758490,0.680609119551,0.515962138772,0.461019814014,-0.000357012264,-0.447460301419
1448,1,0.196245277089,-0.010214576775,-0.005419592158,-0.196245277089,0.010214576775,0.005419592158,0.239999293473,0.425592208084,0.087486068843,-0.163695090508,0.435196470576,0.125867668317,0.258437321107,0.772841522758,1.096720579911,-0.155232376697,0.793615047609,1.277283279875,0.229323645981,0.813460601200,1.153383959087,-0.102791232462,0.838415003514,1.333810103930,0.403390890054,0.928374169830,0.384214061272,-0.244500194137,0.954027602676,0.531051075805,0.515542149544,0.460955902934,-0.000358362100,-0.434523609939
1449,1,0.203429725085,-0.009993630476,-0.005112949515,-0.203429725085,0.009993630476,0.005112949515,0.247045541221,0.439611931313,0.092838531385,-0.169898414123,0.448883772229,0.135766188685,0.264719447679,0.797707557994,1.165215811622,-0.162350393598,0.819220876154,1.370297153342,0.234898729549,0.839604726333,1.232398749521,-0.108791362071,0.865465291642,1.438202412231,0.413036945620,0.958399957784,0.451005449532,-0.254507611642,0.985006368762,0.626488069557,0.514712780714,0.461258098483,-0.000352364499,-0.420595383846
1450,1,0.223373740113,-0.010681609438,-0.007634269866,-0.223373740113,0.010681609438,0.007634269866,0.272371349137,0.482248471809,0.043489497815,-0.185694351072,0.492518609192,0.140308618764,0.290767758555,0.874803921040,1.128194512989,-0.177932122848,0.898853808104,1.450059428403,0.258316974004,0.920751750315,1.196124420080,-0.121438365424,0.949022712164,1.521265341359,0.453006842994,1.050981082365,0.392205096332,-0.278711817696,1.080197190823,0.674389275149,0.514742195606,0.461230292916,-0.000355921104,-0.383617790886
1451,1,0.210163106914,-0.009159050869,-0.007760277825,-0.210163106914,0.009159050869,0.007760277825,0.256154134044,0.453957008897,0.171947732917,-0.174792223086,0.461449175547,0.250988763742,0.274268711069,0.821435467763,1.309159398419,-0.167767951195,0.844027076553,1.583375857096,0.242776059024,0.864746521257,1.381752122052,-0.113608730665,0.891365476773,1.656818075183,0.429223271423,0.987363030470,0.577643606033,-0.263802216859,1.014115377677,0.820219321560,0.514462843537,0.462091594934,-0.000350636197,-0.407517406712
1452,1,0.206829839212,-0.009013127692,-0.011733191759,-0.206829839212,0.009013127692,0.011733191759,0.252526477248,0.449070245760,0.152606342618,-0.172184333664,0.457519764975,0.240893238155,0.269754263290,0.808682405616,1.259444094424,-0.164860735420,0.830886189238,1.554257263224,0.239176415446,0.850672821123,1.333775470240,-0.111520391413,0.876857719604,1.629553138166,0.422660422281,0.970924751987,0.525375660852,-0.262491288237,1.000278904165,0.788313199132,0.514607042074,0.462103307247,-0.000347095076,-0.413926669340
1453,1,0.190272628481,-0.008238769780,-0.012196889896,-0.190272628481,0.008238769780,0.012196889896,0.232748259524,0.413389740569,0.134741842685,-0.158171187789,0.421591291978,0.215540359108,0.248486663436,0.743756554489,1.192334062511,-0.151155326251,0.764024540066,1.527976746031,0.220311297271,0.782324720190,1.265485511711,-0.101606284268,0.806261827843,1.606962737738,0.388626279128,0.893010697495,0.479359219728,-0.241554775018,0.920131234108,0.798224828651,0.514746129513,0.462158799171,-0.000343494117,-0.450017152784
1454,1,0.187890826547,-0.008172225036,-0.015521346987,-0.187890826547,0.008172225036,0.015521346987,0.229812083086,0.406357302617,0.121996740167,-0.155347647582,0.415281648535,0.208030313691,0.246025423234,0.732672160002,1.146409247209,-0.147979922168,0.754906967995,1.498782364964,0.218363447153,0.770299533931,1.214926249576,-0.099097576666,0.797527477460,1.565422081958,0.383621504689,0.879940827142,0.461218285093,-0.246053667312,0.907498045742,0.718329215432,0.515022099018,0.462030515075,-0.000347133726,-0.456888894405
1455,1,0.189755780839,-0.008686583913,-0.015555618944,-0.189755780839,0.008686583913,0.015555618944,0.234088252366,0.408977355899,0.114170317347,-0.155000513373,0.416727281413,0.207463927122,0.251194844926,0.736260459095,1.191796412567,-0.145557877610,0.757765379352,1.482700759612,0.223518566064,0.774053857085,1.264362022200,-0.096212753421,0.800380775165,1.553567485537,0.389824556818,0.884489835935,0.488571124169,-0.242120121121,0.912046060698,0.731203740999,0.516647800803,0.462709277868,-0.000345916720,-0.453784135684
1456,1,0.191677344898,-0.008791602927,-0.019385196992,-0.191677344898,0.008791602927,0.019385196992,0.241393224622,0.414669157022,0.103668996973,-0.151490469143,0.422317733422,0.210857020928,0.261235459581,0.746297345327,1.098188164479,-0.140986007102,0.768922780822,1.424189780160,0.233154847199,0.784751094006,1.158914572961,-0.090853119884,0.811914822393,1.484502043290,0.402081754196,0.896639429746,0.398144871060,-0.242382128108,0.924330990443,0.702908191897,0.519787043333,0.462720409036,-0.000357431360,-0.447741473240
1457,1,0.201801675291,-0.009462379800,-0.015717594692,-0.201801675291,0.009462379800,0.015717594692,0.253597331594,0.435674003990,0.107349468666,-0.155972971362,0.442519487376,0.201788304932,0.276880364076,0.784226735971,1.137955949866,-0.143915822983,0.808493546722,1.355178309269,0.245497494151,0.824565216292,1.200369184923,-0.091583496691,0.853759251342,1.412403827811,0.428554478590,0.943082172762,0.419556787671,-0.249378618117,0.972179993750,0.625990217660,0.522118851542,0.462826997042,-0.000365929678,-0.425596742810
1458,1,0.203421545023,-0.009776773781,-0.015945384357,-0.203421545023,0.009776773781,0.015945384357,0.262414371530,0.441440219167,0.046333532572,-0.153249878985,0.448808518479,0.202260668884,0.291562048484,0.794472507758,1.012291550966,-0.134164833954,0.819305197709,1.310362942010,0.260268929085,0.835395909718,1.071490450534,-0.080871944361,0.865461593599,1.364977052693,0.445468922697,0.955552737727,0.336105511852,-0.242486248786,0.985099233753,0.605262661989,0.527038455009,0.462496533990,-0.000365970423,-0.420410852276
1459,1,0.197912964127,-0.010055605947,-0.012324165624,-0.197912964127,0.010055605947,0.012324165624,0.258385643966,0.430337151166,0.041349805408,-0.143362364201,0.437026735508,0.161017192025,0.293005223288,0.775521801999,1.017256941862,-0.124221768910,0.798248411056,1.268888691836,0.262094615849,0.814352679571,1.078218209345,-0.073553221159,0.843185356965,1.325541385388,0.443217238307,0.932726067495,0.339894965861,-0.225658694528,0.959540326298,0.558154564217,0.531085863709,0.462261304259,-0.000361680752,-0.431674926632
1460,1,0.189318374540,-0.010342697654,-0.014695366098,-0.189318374540,0.010342697654,0.014695366098,0.252711269554,0.411132837412,-0.042590453466,-0.129422845926,0.418406611201,0.152291770099,0.291271624697,0.741320930467,0.973645868216,-0.109209106300,0.762026878369,1.214011813807,0.262926172233,0.776936204297,1.038233646247,-0.062921766322,0.803144186993,1.269126888120,0.433178458721,0.892701061072,0.309701666165,-0.204223352804,0.917218065927,0.547348114924,0.536063849926,0.461618632078,-0.000354884658,-0.452416109412
1461,1,0.192091665744,-0.010626272328,-0.019210754006,-0.192091665744,0.010626272328,0.019210754006,0.261582641758,0.413849138432,-0.043788645528,-0.125889179420,0.422448985233,0.157850437679,0.305528598465,0.745755552951,0.991297037219,-0.100482427516,0.770133446393,1.248694546121,0.278862542426,0.778892244178,1.057439201978,-0.053382923188,0.811641467441,1.306431795180,0.444222244002,0.901213339791,0.319574401521,-0.194808064905,0.925189931878,0.558428615458,0.540593922138,0.461532846093,-0.000355104916,-0.448110157372
1462,1,0.228903470824,-0.012885730596,-0.031269255071,-0.228903470824,0.012885730596,0.031269255071,0.320178162433,0.491881141153,-0.219073675135,-0.149861167364,0.504402731863,0.188458945798,0.392138690521,0.886864436636,0.778265247999,-0.110669026171,0.921401106483,1.309938504730,0.369111283469,0.923577222935,0.843198082467,-0.050107456309,0.971830039947,1.361697040430,0.533919949075,1.075686668619,0.092647691327,-0.223525905009,1.103166225007,0.586136892296,0.543724358082,0.461587786674,-0.000364803243,-0.375823329744
1463,1,0.220312376728,-0.012620834332,-0.032951269598,-0.220312376728,0.012620834332,0.032951269598,0.317587505605,0.468727889828,-0.167275286175,-0.139383781446,0.486161014317,0.197317593976,0.392872361948,0.845410093148,0.867178720253,-0.096616922388,0.882358143363,1.309168775282,0.372188907435,0.879368324057,0.936598163673,-0.039567892518,0.929129907340,1.365189164757,0.522694577586,1.035214197419,0.181981881569,-0.203459214132,1.059114780357,0.589080672194,0.547636821866,0.461630269885,-0.000367220491,-0.391361036205
1464,1,0.193360474811,-0.011768274953,-0.033477403325,-0.193360474811,0.011768274953,0.033477403325,0.286319644915,0.405664115519,-0.190258063009,-0.120117272455,0.427182574935,0.207637296048,0.354080143176,0.736172499437,0.807058659698,-0.077818614230,0.775340665441,1.315458653717,0.333688516648,0.765740070616,0.842259059098,-0.026387037583,0.816601482916,1.375026597181,0.466762563418,0.909297885692,0.198596276039,-0.170094509109,0.929963971458,0.610363585322,0.550657063723,0.461398601532,-0.000353863928,-0.446069665536
1465,1,0.243408439513,-0.016955866807,-0.041411272533,-0.243408439513,0.016955866807,0.041411272533,0.367941124858,0.502102892985,-0.352937526049,-0.147353403240,0.542667473497,0.176790211253,0.453858726600,0.927484687333,0.593003121142,-0.091618722751,0.980403868240,1.146450510557,0.428512146494,0.964700791646,0.653734836915,-0.026761877588,1.031350361008,1.188638477128,0.592163544612,1.151288990304,-0.034176436462,-0.204780790481,1.176875241224,0.456647631376,0.553286239505,0.460226371884,-0.000364158768,-0.353393884892
1466,1,0.238171068924,-0.018074393446,-0.047988408538,-0.238171068924,0.018074393446,0.047988408538,0.357871211377,0.481296915241,-0.550904989869,-0.140500903339,0.529992722412,0.173571465353,0.447850313146,0.903495183618,0.490104540817,-0.081969400907,0.955409003633,1.259987922926,0.423194347296,0.940031794506,0.559450602668,-0.018939927088,1.005005224831,1.313770610295,0.566971629721,1.122832237228,-0.265831277163,-0.190407482104,1.145862965594,0.498422180982,0.555861085653,0.459274157882,-0.000372342765,-0.363553541903
1467,1,0.239859683711,-0.019885205697,-0.047882385054,-0.239859683711,0.019885205697,0.047882385054,0.354982682056,0.479328193261,-0.627651522181,-0.137207124176,0.533694352032,0.160381408723,0.451554827804,0.907970806093,0.324702878099,-0.075307010078,0.959543332127,1.189732852124,0.428674992085,0.944959224888,0.388176132040,-0.011474305446,1.009914137036,1.235983868475,0.565015172017,1.137651354466,-0.410700282693,-0.183694714003,1.149221158213,0.422117458226,0.558282047510,0.457787632942,-0.000374109484,-0.363563590028
1468,1,0.209805488666,-0.017585514103,-0.043974930861,-0.209805488666,0.017585514103,0.043974930861,0.313232426903,0.423683596167,-0.445699142288,-0.118772569763,0.470323481883,0.211908504678,0.401449629624,0.820211897921,0.417557987880,-0.059493741319,0.845241031928,1.350899177893,0.374271366872,0.854350362036,0.468732278841,-0.001279545968,0.889886427939,1.413665004743,0.503294280400,1.025065939857,-0.322867604684,-0.156735767992,1.012631689815,0.669681847522,0.561111941934,0.457770615816,-0.000369654968,-0.412617487241
1469,1,0.235959968592,-0.020088350358,-0.046235812996,-0.235959968592,0.020088350358,0.046235812996,0.352046283283,0.481594102048,-0.466093620602,-0.133303772535,0.530463714681,0.245409125601,0.455362265599,0.953158418998,0.140254103070,-0.063460381921,0.953174050656,1.282458504362,0.421095308827,0.995110045704,0.167798072750,0.002196003794,1.004115346548,1.327975044802,0.559594002584,1.188820490512,-0.555950541292,-0.170075784018,1.141248142716,0.690024340933,0.562424510717,0.457653775811,-0.000389316119,-0.366054942093
1470,1,0.232774934449,-0.020011294197,-0.059683105570,-0.232774934449,0.020011294197,0.059683105570,0.335142673627,0.482306653571,-0.497537014390,-0.129073347010,0.522904260941,0.336893966248,0.449840947392,0.980085826609,0.109569968190,-0.058793945271,0.939504746923,1.605829808434,0.419665488762,1.019104157639,0.132986225981,0.005849516326,0.990240884770,1.678853287056,0.522929413508,1.219485313425,-0.773490161462,-0.161582017144,1.128268224772,0.934961017898,0.563846528530,0.457708194852,-0.000409565866,-0.371454253568
1471,1,0.223629978928,-0.019836178256,-0.064094266026,-0.223629978928,0.019836178256,0.064094266026,0.320519308956,0.483682512441,-0.517874184735,-0.119776173642,0.501976747171,0.465837114229,0.436686050018,0.974058421954,-0.041635626049,-0.050564774443,0.902636579744,1.947104003301,0.406438122966,1.009482196104,-0.032770975369,0.013178906873,0.946196184288,2.044230454142,0.505287610417,1.213458754817,-0.954118943782,-0.148767639166,1.089696403737,1.361817506748,0.565957680345,0.458256825805,-0.000414608046,-0.384844796209
1472,1,0.185265247214,-0.017646916923,-0.078675757369,-0.185265247214,0.017646916923,0.078675757369,0.260429563546,0.404800372678,-0.587539150715,-0.096170119605,0.416626803558,0.497262915839,0.369018492762,0.835244759019,-0.275835580450,-0.034358514276,0.748573552734,1.872048665335,0.344928316968,0.868948365877,-0.281769327217,0.021729331088,0.779778461695,1.962147990763,0.411409590419,1.027876562405,-1.186558169481,-0.117844496358,0.904337024154,1.322172553159,0.568707302213,0.459174469113,-0.000394398347,-0.462319843169
1473,1,0.183049695809,-0.017373228810,-0.087904405486,-0.183049695809,0.017373228810,0.087904405486,0.252536889854,0.405295348137,-0.545238882477,-0.097706787601,0.410459424038,0.538439864443,0.366769724726,0.847907431614,-0.275809884356,-0.030931311880,0.738087861421,1.883637901297,0.343247103450,0.880137200020,-0.286398127947,0.024809381140,0.768331231632,1.971154354277,0.409187221431,1.043908764039,-1.179592170965,-0.114610497175,0.892389961133,1.343938826122,0.570091068745,0.459184020758,-0.000403564423,-0.468819883349
1474,1,0.175448929605,-0.015829545255,-0.099843984626,-0.175448929605,0.015829545255,0.099843984626,0.238344647150,0.395702802587,-0.544116856482,-0.092485619055,0.390772054645,0.550755547612,0.346936678633,0.826264316652,-0.332965748363,-0.027674064623,0.701981705761,1.902989964084,0.326509216093,0.859728776998,-0.350591082749,0.027637080059,0.730932711103,1.992576066356,0.381940438946,1.008659774570,-1.241703451758,-0.107534564950,0.849931639122,1.393043639308,0.570879399776,0.461409762502,-0.000394454226,-0.489929048607
1475,1,0.171721902925,-0.015189992092,-0.101014525110,-0.171721902925,0.015189992092,0.101014525110,0.232782032974,0.393963592063,-0.548023030838,-0.091953740267,0.382085034913,0.613258658671,0.337438285942,0.821444847601,-0.368899275591,-0.026142464115,0.694328992229,1.818922763548,0.314691697923,0.859667962090,-0.388179474486,0.029444423116,0.727044389527,1.892393246520,0.371225517350,1.010898310073,-1.233904207456,-0.106754135851,0.840866614033,1.308599771546,0.571487635374,0.461611941457,-0.000392438844,-0.495345658900
1476,1,0.166106738508,-0.013983852828,-0.108353884063,-0.166106738508,0.013983852828,0.108353884063,0.224791134002,0.382886822645,-0.543007130214,-0.088852179793,0.366877946748,0.649288109432,0.312849913002,0.794074364320,-0.323055161418,-0.024221662019,0.667716047280,1.904230233795,0.284988522294,0.833898604366,-0.337499838578,0.033045220240,0.701112456380,1.984236398154,0.352576634569,0.972546346966,-1.174835241154,-0.102567332511,0.809740935209,1.414200341488,0.571880921721,0.464399084449,-0.000387219712,-0.511585989128
1477,1,0.168685446924,-0.013668769037,-0.108864396753,-0.168685446924,0.013668769037,0.108864396753,0.224850133385,0.396494174471,-0.542881257586,-0.089828326653,0.374724478738,0.648338571568,0.308382230735,0.810912630939,-0.278966313011,-0.023578719941,0.678014876221,1.951320901408,0.281786000803,0.850304087141,-0.287585331532,0.035179567035,0.712215693649,2.037923497433,0.350100625156,0.999409148224,-1.117485337362,-0.103291127369,0.822672444087,1.478299686273,0.572444289923,0.465141654015,-0.000389469787,-0.502810674055
1478,1,0.150708104832,-0.011637148962,-0.106564325223,-0.150708104832,0.011637148962,0.106564325223,0.200645905861,0.357135591320,-0.500844281686,-0.080750296984,0.337607720901,0.652654417116,0.270936937147,0.727144114826,-0.223024443460,-0.020986811406,0.606776439412,1.891282943701,0.243212863905,0.758652737693,-0.227345330968,0.032991350358,0.637452959391,1.974706036714,0.307329492129,0.897742303317,-0.993407724000,-0.092458141772,0.736799417921,1.457665060410,0.572513580322,0.465459570289,-0.000390855595,-0.561303179529
1479,1,0.158457864517,-0.011697398325,-0.112825770285,-0.158457864517,0.011697398325,0.112825770285,0.210896477846,0.376136119642,-0.514540672763,-0.086449439784,0.354184171180,0.642729088197,0.285500912780,0.764904237011,-0.233691235693,-0.022877364326,0.634872044982,1.986430690100,0.257774836039,0.799547331880,-0.240494506358,0.033685411013,0.667162926054,2.080897748927,0.321569326169,0.943873574446,-1.061966375655,-0.095300360181,0.773723001070,1.547103542024,0.572431847453,0.465959385037,-0.000389060006,-0.533833723962
1480,1,0.159133577419,-0.010817449557,-0.127743142086,-0.159133577419,0.010817449557,0.127743142086,0.212202395612,0.374826674106,-0.507604355021,-0.087366145164,0.352544488959,0.772903735471,0.287375398097,0.764852007845,-0.191198035365,-0.021164408197,0.635240354501,2.111862394011,0.260196675257,0.798635156858,-0.193557051420,0.036705161471,0.668025263055,2.202445425135,0.320831090592,0.945912077146,-1.000268884906,-0.095875528186,0.775278685519,1.632557125512,0.572362169623,0.467146784067,-0.000376772135,-0.531416387481
1481,1,0.161693934439,-0.010472497554,-0.126323364966,-0.161693934439,0.010472497554,0.126323364966,0.218091318961,0.381553462154,-0.509031656312,-0.088350415546,0.355818632860,0.700824642763,0.291357820822,0.780249324225,-0.179718548832,-0.019839701225,0.641290704072,2.026849795809,0.264333652516,0.813503971516,-0.181061160327,0.040476400848,0.676229836066,2.117795827444,0.320960780834,0.962402620175,-0.999240918297,-0.087549893122,0.784630257649,1.551574676379,0.572073280811,0.467392474413,-0.000378489494,-0.524327484137
1482,1,0.163030966034,-0.010664400654,-0.124756403087,-0.163030966034,0.010664400654,0.124756403087,0.220389591388,0.382656278750,-0.500262158099,-0.089798224459,0.357364679835,0.694490153765,0.290421561370,0.779473141717,-0.172165675885,-0.018967672658,0.643146676445,2.021126174385,0.263824503881,0.813238844017,-0.173469067146,0.041690784249,0.678461979917,2.111919389703,0.316525029940,0.967068753694,-0.992673365259,-0.083421546065,0.787241906251,1.561771053473,0.570809870958,0.467401489615,-0.000381615013,-0.522578789362
1483,1,0.165391396224,-0.010764429320,-0.124198270787,-0.165391396224,0.010764429320,0.124198270787,0.222575236383,0.385802827103,-0.408881993440,-0.093363561522,0.362237644886,0.693424814258,0.289878804980,0.782788267882,-0.106911673992,-0.022781115254,0.646594165837,2.008095731015,0.263135846499,0.818435096988,-0.109343073852,0.038619417165,0.682519325224,2.098460984189,0.316901643847,0.971520080843,-0.901416416623,-0.089010517279,0.792122207016,1.573878563088,0.569205611944,0.467558994889,-0.000382274389,-0.519101475196
1484,1,0.175419123630,-0.011254994563,-0.113136049064,-0.175419123630,0.011254994563,0.113136049064,0.232589832077,0.405467232132,-0.388393180953,-0.099458322516,0.377876336519,0.719132280608,0.303104959807,0.823427065124,-0.114780358356,-0.026348268476,0.680794496960,1.968657805741,0.275067935526,0.862798661226,-0.120369768347,0.037862320128,0.718699524456,2.054372461623,0.332487689632,1.021746532905,-0.920126350253,-0.097510721344,0.833794913925,1.616169094127,0.567973673344,0.467775955796,-0.000401837751,-0.492665328836
1485,1,0.182547387359,-0.011092265910,-0.104936352845,-0.182547387359,0.011092265910,0.104936352845,0.240923753924,0.416864060441,-0.349732284670,-0.105121178520,0.386530581703,0.714805949134,0.308650926815,0.849735034294,-0.096299245932,-0.030465855830,0.699023496655,2.011102427317,0.280223304436,0.892177435011,-0.104173191121,0.035247378700,0.738146066781,2.101263374732,0.339135284290,1.051449441014,-0.910862924912,-0.104372266800,0.856737751330,1.640178326110,0.566203504801,0.468713790178,-0.000400656834,-0.478405545581
1486,1,0.181628107421,-0.010976335075,-0.096262135579,-0.181628107421,0.010976335075,0.096262135579,0.237503972206,0.413085699184,-0.344744549587,-0.106626937520,0.382954178983,0.699231961680,0.302017443964,0.840911132992,-0.095416126941,-0.034278050615,0.692813952477,1.997024985693,0.272821464393,0.884117750260,-0.103595818138,0.030757642219,0.731406207280,2.088578446168,0.332585187610,1.041319073352,-0.904743433908,-0.107742499034,0.850270490361,1.610453596959,0.564211428165,0.468672335148,-0.000397017226,-0.482741614107
1487,1,0.186214807750,-0.010826147563,-0.100911359633,-0.186214807750,0.010826147563,0.100911359633,0.244863329895,0.424361138694,-0.326549838937,-0.111535833078,0.393905608541,0.711742888858,0.306627332428,0.858817710420,-0.034400182764,-0.037566612403,0.706316312263,2.108408005593,0.276923540475,0.900939166894,-0.038010003466,0.029051647857,0.745584358162,2.211499615928,0.335147738067,1.061993599483,-0.853399214994,-0.116654875388,0.867296499104,1.710940463595,0.563022479415,0.469805255532,-0.000397015363,-0.472047652219
1488,1,0.180189663549,-0.010504058734,-0.097820639816,-0.180189663549,0.010504058734,0.097820639816,0.235884877696,0.411483208271,-0.336017748123,-0.110057885549,0.376879246185,0.728724707118,0.295679233727,0.832765454730,-0.096715821219,-0.038614578189,0.685048701849,2.193630833229,0.266510693344,0.874820775791,-0.105434186293,0.025659182372,0.723452839858,2.299645878065,0.323497832526,1.030041819326,-0.915553275861,-0.117497849510,0.841597448311,1.799215456841,0.561820238829,0.469784289598,-0.000394323841,-0.486461178369
1489,1,0.180036175209,-0.010352422405,-0.097378282379,-0.180036175209,0.010352422405,0.097378282379,0.235760878155,0.410207925505,-0.348548435779,-0.111171820502,0.375741103348,0.720492677543,0.292397812940,0.828866468873,-0.068547088665,-0.040624631050,0.679433793244,2.273936033846,0.263639027170,0.869903482877,-0.072543310356,0.022806832885,0.716175217551,2.395146247224,0.320315608298,1.025034008833,-0.889020670850,-0.118416976077,0.837142307360,1.909438297706,0.560754805803,0.470089301467,-0.000392409042,-0.488607735945
1490,1,0.178073578684,-0.010231984715,-0.097413169233,-0.178073578684,0.010231984715,0.097413169233,0.231973473311,0.407743066963,-0.351998427971,-0.111282160506,0.374087309789,0.713987570389,0.287405499142,0.821909647209,-0.054003611637,-0.041967437818,0.672663993511,2.237646199626,0.259031377057,0.862019878644,-0.055694613801,0.020690705072,0.709202286933,2.350049436892,0.313448172271,1.016684034844,-0.879418149914,-0.118908026882,0.828751209044,1.832874753319,0.559863016009,0.469481661916,-0.000387916341,-0.494283265030
1491,1,0.178635611498,-0.010364681661,-0.095778448301,-0.178635611498,0.010364681661,0.095778448301,0.234188777150,0.408707964777,-0.328124038968,-0.111864825106,0.375375460936,0.691133598367,0.287891722034,0.823799100534,-0.006464241389,-0.042354793214,0.674536151720,2.184470292745,0.259560496093,0.864048444062,-0.007913686927,0.020776238401,0.710963559309,2.292240303059,0.316919636788,1.018345734179,-0.834350032060,-0.118728473213,0.830737821304,1.741531672204,0.559710606933,0.469506412745,-0.000389656052,-0.493048777969
1492,1,0.178768432944,-0.010252800398,-0.096267256175,-0.178768432944,0.010252800398,0.096267256175,0.234988697922,0.409689439479,-0.387066069566,-0.111753540867,0.376165968432,0.706700834944,0.288345566015,0.825486039908,-0.090189219921,-0.042321593745,0.675938484189,2.232112861577,0.260204260349,0.865356865618,-0.095535003997,0.020389283424,0.712398704329,2.342630269576,0.316723437088,1.020464675963,-0.957894316197,-0.118850986869,0.832561837030,1.802044811935,0.559723451734,0.468973040581,-0.000386932865,-0.492830656760
1493,1,0.162073374855,-0.009402517465,-0.087683577633,-0.162073374855,0.009402517465,0.087683577633,0.213213044081,0.371419796862,-0.342903884023,-0.100982879106,0.340249500239,0.682085917082,0.261625397345,0.748585913237,-0.042605281496,-0.037579280767,0.613224886875,2.024897680819,0.235705093473,0.785761919943,-0.046199205560,0.019038982687,0.647068762486,2.117840932770,0.288418543218,0.925304889270,-0.849495832748,-0.108037227864,0.754966795137,1.609097202047,0.559773966670,0.468841537833,-0.000384854153,-0.543504284563
1494,1,0.166031610584,-0.009984685015,-0.090022107589,-0.166031610584,0.009984685015,0.090022107589,0.218939990489,0.380080150483,-0.368415681147,-0.103130303275,0.349304472619,0.725277293160,0.268946936574,0.767660735249,-0.058482665389,-0.037617649267,0.629098675798,2.112128732496,0.242118547740,0.806645721071,-0.062074329047,0.020075817825,0.663843866202,2.208896754589,0.296090899235,0.947354065131,-0.875038770408,-0.110237100139,0.774096663452,1.696787102925,0.559965163469,0.468900278211,-0.000384641811,-0.529705608177
1495,1,0.169862253779,-0.010397298020,-0.096978185425,-0.169862253779,0.010397298020,0.096978185425,0.225958650343,0.391734337059,-0.387240253475,-0.105391645167,0.361492495639,0.737712649587,0.278598035590,0.790428188318,-0.058283245649,-0.037280784873,0.647977337808,2.150638093449,0.252889655755,0.829507381227,-0.060915219255,0.023584783859,0.684544330808,2.249934911603,0.304176919390,0.975235014227,-0.901133626680,-0.111402554580,0.797825909917,1.737311653576,0.560649901628,0.468754276633,-0.000389890745,-0.514594852127
1496,1,0.177737365895,-0.011206781487,-0.099720327980,-0.177737365895,0.011206781487,0.099720327980,0.237871981266,0.407909388040,-0.401981424681,-0.108038617658,0.381711655432,0.742502344100,0.295072711331,0.825528697165,-0.022020354740,-0.036438632935,0.680135124286,2.276380366626,0.268020741848,0.867224553634,-0.020297693621,0.026967293739,0.717847420267,2.390295724139,0.321606653768,1.020813157496,-0.887611348712,-0.114359167866,0.837566699536,1.846412080800,0.561968788505,0.468883171678,-0.000393088907,-0.490101793642
1497,1,0.174872778087,-0.011399188646,-0.101885584123,-0.174872778087,0.011399188646,0.101885584123,0.233650147874,0.401344346069,-0.421360001751,-0.104172909023,0.378449867723,0.756515372681,0.296529055161,0.817832686832,-0.026592083569,-0.032468741747,0.672569734583,2.377607992230,0.269740796047,0.859308912806,-0.023630238849,0.029999836951,0.709580577474,2.496792832360,0.322896796804,1.011768953743,-0.918825507843,-0.108836764293,0.829594032962,1.929195050283,0.563896849751,0.468997448683,-0.000392159447,-0.494322383843
1498,1,0.173752786916,-0.011551411954,-0.111425407280,-0.173752786916,0.011551411954,0.111425407280,0.233197296100,0.398036802146,-0.436416299970,-0.100313305976,0.378790575062,0.769319876104,0.300498592419,0.816617897197,-0.056827294966,-0.028512224893,0.672746143234,2.325745448491,0.280909199202,0.857336502313,-0.056162278768,0.033137284879,0.709628639056,2.438250190845,0.324076546260,1.011321744883,-0.968043068435,-0.104703783739,0.829480691869,1.904381785267,0.565871492028,0.468918979168,-0.000390904024,-0.494583261930
1499,1,0.165238473876,-0.011386851121,-0.111328725673,-0.165238473876,0.011386851121,0.111328725673,0.224841489459,0.377493012893,-0.466543478496,-0.093210657007,0.360982444020,0.803918452077,0.292316878188,0.777902377871,-0.077292969352,-0.022270315106,0.640972794009,2.396422583260,0.273952666643,0.815979187094,-0.074252967473,0.036966642575,0.675922120474,2.513114065831,0.314284263699,0.965260751798,-0.947894377340,-0.094693064967,0.791370593732,1.971805770082,0.568644806743,0.469142913818,-0.000373136252,-0.518120161938
1500,1,0.160598546787,-0.011301402031,-0.116103709533,-0.160598546787,0.011301402031,0.116103709533,0.223025079135,0.368097473249,-0.487390059228,-0.087035932651,0.352215367363,0.857715172120,0.293012242242,0.762081767709,-0.206155660819,-0.016221155822,0.627589953493,2.277891881228,0.277266825089,0.799482167867,-0.215172800040,0.041494565245,0.663204962532,2.378699991341,0.309022486785,0.943525768318,-1.073538351079,-0.089250852648,0.772078045458,1.842945741957,0.571023836732,0.469203770161,-0.000358881429,-0.529814281370
1501,1,0.160300476357,-0.011577046293,-0.119716847702,-0.160300476357,0.011577046293,0.119716847702,0.227696835260,0.368585405092,-0.475643009276,-0.085461856050,0.354679460509,0.818172918958,0.299758075319,0.764371725570,-0.177551551974,-0.012635481852,0.632360468728,2.127558080041,0.285567954249,0.799619471683,-0.183721551165,0.045922897624,0.668218168442,2.216303665110,0.314550385294,0.951176788570,-1.029426525646,-0.085916175699,0.777682792529,1.643220121829,0.572940409184,0.469199776649,-0.000366818160,-0.525831134182
1502,1,0.159515422937,-0.011836417136,-0.125846088869,-0.159515422937,0.011836417136,0.125846088869,0.230351506862,0.368776085476,-0.507040764039,-0.084240101363,0.353337334756,0.800680780408,0.307206280012,0.764711944827,-0.211684467753,-0.008791490350,0.632983506000,2.103517048359,0.296950561954,0.797611988049,-0.217634119054,0.050365985506,0.668810190088,2.190788013751,0.318596374775,0.953378779381,-1.066712857629,-0.082160628103,0.778654826640,1.615067197423,0.574974656105,0.469078093767,-0.000371512026,-0.525570964530
1503,1,0.159162745634,-0.012225237017,-0.129093914127,-0.159162745634,0.012225237017,0.129093914127,0.230197263814,0.366415664584,-0.552969461606,-0.080877791025,0.352130167488,0.788209687734,0.318102014839,0.765078694733,-0.339649653260,-0.004690172623,0.631844030026,2.107865649354,0.312561668767,0.797968873679,-0.353975398772,0.054534196889,0.668159601304,2.193940952648,0.323327624525,0.959192530844,-1.221219048286,-0.077377623310,0.778215143438,1.619391492441,0.577154010534,0.468676283956,-0.000370111316,-0.526096474588
1504,1,0.155492761739,-0.011792839865,-0.129129919527,-0.155492761739,0.011792839865,0.129129919527,0.222029319795,0.356026939117,-0.550279099468,-0.079703644491,0.344597613206,0.745848499786,0.317020641030,0.748584595375,-0.297659538053,-0.003778596935,0.619364682899,2.063766734910,0.310879590818,0.779814473227,-0.308075364036,0.054188263556,0.655083471036,2.149548722349,0.331181358101,0.939935507025,-1.180351559645,-0.073971104708,0.762469965016,1.592129296719,0.577641963959,0.466181337833,-0.000370949507,-0.538470810537
1505,1,0.150219516598,-0.013256246341,-0.123157781627,-0.150219516598,0.013256246341,0.123157781627,0.211800184679,0.341974081542,-0.535965958264,-0.078311350960,0.332998910383,0.705002775995,0.311285813401,0.721515336110,-0.328014237949,-0.004866985294,0.601674415597,1.942358072735,0.305739618164,0.753048380637,-0.344191348957,0.051743642738,0.636267673207,2.020248438607,0.333908523604,0.894283104782,-1.200898755177,-0.072359938868,0.741129520962,1.427863730323,0.577682733536,0.464231833816,-0.000368364155,-0.557556782855
1506,1,0.172112413024,-0.015321745052,-0.127112815714,-0.172112413024,0.015321745052,0.127112815714,0.241712573076,0.387577349282,-0.593556098121,-0.089387655551,0.386120262292,0.561313527143,0.357369952704,0.806746963211,-0.248810739844,-0.007334863975,0.692542699143,1.892411494025,0.348876958743,0.838975664735,-0.253546868277,0.051959313930,0.728026995400,1.976819160088,0.399267924553,0.997496929002,-1.143169824057,-0.084906905320,0.848007551150,1.322314600314,0.577765196562,0.464318141341,-0.000379964709,-0.487771690421
1507,1,0.179283736995,-0.017057977875,-0.117209218938,-0.179283736995,0.017057977875,0.117209218938,0.251672220803,0.395299494817,-0.614565151345,-0.093548395906,0.402975588047,0.486881716183,0.376648028293,0.820303756423,-0.255666216934,-0.007592590946,0.727342170350,1.644800276908,0.369159902815,0.850389556145,-0.255900141208,0.054287030040,0.763278928293,1.709231416756,0.438642851209,1.008733335170,-1.115109319479,-0.090533520607,0.886651020414,1.034232339447,0.577611818910,0.463120698929,-0.000393450260,-0.467723055278
1508,1,0.182151206685,-0.018272225012,-0.102716166643,-0.182151206685,0.018272225012,0.102716166643,0.255951451861,0.398116351652,-0.521683547368,-0.095185381708,0.408797400683,0.410996923409,0.384844316000,0.806719284348,0.027266472555,-0.008268869413,0.742084208624,1.538465460718,0.380357444469,0.832711338372,0.046752385298,0.051413970622,0.776571763306,1.600926766163,0.466223829634,1.000611697988,-0.778718907487,-0.092362004223,0.902909945827,0.899425534929,0.577579736710,0.461980491877,-0.000402344391,-0.460517847209
1509,1,0.180409899811,-0.019448516512,-0.093832613115,-0.180409899811,0.019448516512,0.093832613115,0.252878560500,0.392008909585,-0.490562966473,-0.093107042017,0.407996406133,0.394053277698,0.382458489076,0.781745798759,0.000703976311,-0.008890929868,0.739366498757,1.405199911109,0.376511824879,0.811176534066,0.013607904117,0.051035391082,0.774291077289,1.455191474542,0.472003980386,0.965414214945,-0.783679044670,-0.092212808727,0.895324578859,0.779247696342,0.577256083488,0.459936305881,-0.000409472734,-0.464981573192
1510,1,0.186865363218,-0.020338180459,-0.083936179070,-0.186865363218,0.020338180459,0.083936179070,0.265246019475,0.401183429470,-0.298783690333,-0.095685255414,0.423044671600,0.363139084723,0.398248260056,0.794028691039,0.290836407751,-0.011385751165,0.768790786376,1.307829774249,0.390098919551,0.825443783195,0.314441259032,0.050676382442,0.806801001343,1.350962848938,0.496337439858,0.978773088933,-0.441475619871,-0.098628056228,0.927292323682,0.661752408183,0.576289430261,0.459664627910,-0.000414615497,-0.449100660198
1511,1,0.186314272267,-0.020173681387,-0.078771707295,-0.186314272267,0.020173681387,0.078771707295,0.266202493130,0.398431952650,-0.171516222697,-0.094863911718,0.419919118396,0.377016897980,0.392774137219,0.769453876099,0.610972836423,-0.014135071403,0.765470351486,1.405713262173,0.383945262065,0.799193785773,0.653560380226,0.047525722072,0.804368824576,1.457087860905,0.502978794133,0.948203659967,-0.119502737705,-0.101936996008,0.920494435046,0.728485561191,0.574983969331,0.459642618895,-0.000404996797,-0.452519677195
1512,1,0.185733606036,-0.019882759842,-0.066647690512,-0.185733606036,0.019882759842,0.066647690512,0.270783399235,0.394938082938,-0.141205737335,-0.096303874361,0.417182542290,0.315720637894,0.385207168951,0.744702938942,0.693298318776,-0.018345777166,0.760264745640,1.295734125314,0.374634227926,0.774035566936,0.744782192316,0.042822730064,0.798486456549,1.344418122595,0.509394154145,0.922492827743,0.043221805759,-0.105404729639,0.913344157113,0.649332886724,0.573027446866,0.459485769272,-0.000394114293,-0.456240500192
1513,1,0.183576902279,-0.019351718002,-0.054863160749,-0.183576902279,0.019351718002,0.054863160749,0.271500462348,0.386548717928,-0.120271308239,-0.096981583683,0.414428205824,0.276258171018,0.375003194737,0.723695067250,0.699903277010,-0.023109779395,0.750488684106,1.190208298944,0.363950266116,0.751845829782,0.750173222330,0.036947232077,0.788644678366,1.232077807363,0.501428891383,0.894215187829,0.064728228820,-0.108450179207,0.901151681564,0.534769799074,0.570915311575,0.459183633327,-0.000378030352,-0.462951451358
1514,1,0.211448702042,-0.021282705196,-0.016772498773,-0.211448702042,0.021282705196,0.016772498773,0.315725449215,0.438438743393,-0.152818191345,-0.113005536767,0.474155460394,0.137957863185,0.423366462955,0.816023450047,0.566483789879,-0.031431871383,0.858197052699,0.923748213220,0.406969294353,0.854210732516,0.604940844625,0.034904238058,0.902391171389,0.951542001196,0.585743856217,1.006746750750,-0.060308577587,-0.128322954423,1.030232565568,0.300711014630,0.569050773978,0.458883285522,-0.000385012245,-0.405267067779
1515,1,0.204716724461,-0.020258794195,-0.010493045527,-0.204716724461,0.020258794195,0.010493045527,0.310159093949,0.423361365498,-0.136332909514,-0.111791122326,0.456947199367,0.144039366578,0.403508735999,0.785508192749,0.633135040695,-0.035514300439,0.827950913838,0.996561010097,0.386386191516,0.823814786803,0.677646109035,0.028070548578,0.871206106185,1.029503690754,0.566299205516,0.963296538372,0.017732275314,-0.128695262844,0.994171722978,0.333168510044,0.567031055689,0.458784282207,-0.000374481780,-0.420145078681
1516,1,0.251975973989,-0.024701861437,0.019762785361,-0.251975973989,0.024701861437,-0.019762785361,0.377773580423,0.518835441436,-0.123922257955,-0.145350707752,0.559189436415,0.160639303098,0.483304869137,0.963851401072,0.590777129357,-0.054982765193,1.012818678735,0.866785410261,0.461348411263,1.012365740965,0.614433970131,0.021933324889,1.066141207389,0.882961052368,0.698720180271,1.179615920456,-0.076796586161,-0.169044786990,1.217083543888,0.286336673830,0.563376829028,0.458786725998,-0.000391935231,-0.343333076859
1517,1,0.199989013527,-0.018692715634,0.005357570929,-0.199989013527,0.018692715634,-0.005357570929,0.300825799803,0.413495408389,-0.018800972743,-0.122721208924,0.446056875178,0.199174952907,0.374763427717,0.767620260782,0.887276249829,-0.053765865590,0.804221962667,0.940749226683,0.353021030559,0.807862427423,0.942397191877,0.007469284173,0.847930186486,0.970696513057,0.560529109677,0.937922425538,0.254545475237,-0.150873602422,0.966810424079,0.469880525963,0.559154927731,0.459523126483,-0.000382064376,-0.431636440837
1518,1,0.237990631296,-0.021253148825,0.017033264124,-0.237990631296,0.021253148825,-0.017033264124,0.354325291744,0.496939157818,-0.103130029505,-0.152260138849,0.535296287955,0.103902125384,0.431656551091,0.914643606784,0.664536932495,-0.076404248082,0.953021832304,0.858822222552,0.403005423099,0.958087013684,0.686237908505,-0.004091891095,1.007526905893,0.877404393338,0.652203549054,1.109380158157,0.014696303985,-0.194502744210,1.143605863797,0.219193095837,0.554550275207,0.460016861558,-0.000397318741,-0.364487296491
1519,1,0.180272862980,-0.014988667052,0.007466643452,-0.180272862980,0.014988667052,-0.007466643452,0.268014120055,0.382149928018,-0.062625750377,-0.118495276061,0.408033833057,0.135763928102,0.324538391211,0.696708889164,0.630311107546,-0.062395797644,0.725279710778,0.738540010333,0.299870220876,0.739712848572,0.663407419283,-0.007633068300,0.767052280647,0.754654552087,0.506789572000,0.846780994950,0.039279576994,-0.155668678682,0.869451806971,0.323148342119,0.552457466722,0.459437206388,-0.000391901005,-0.479735790546
1520,1,0.171963583383,-0.013660653359,0.002849059804,-0.171963583383,0.013660653359,-0.002849059804,0.247599290180,0.373610374637,-0.064960317761,-0.117145077372,0.389686195738,0.159039883910,0.302764058715,0.666760585916,0.795270697293,-0.066960230206,0.693510271463,1.158663684936,0.277613380367,0.710784323605,0.848469887105,-0.014613721508,0.734757020530,1.207117041335,0.472760311576,0.811834428845,0.185003545808,-0.156335747958,0.830590919273,0.526525194578,0.548676952720,0.459622710943,-0.000359912927,-0.501865867512
1521,1,0.147050725457,-0.011506536976,0.000261442972,-0.147050725457,0.011506536976,-0.000261442972,0.207140016526,0.323081359232,0.000082426603,-0.104839791818,0.337023124614,0.191072311214,0.254700862055,0.578320517648,0.789908112243,-0.064847839104,0.599907184512,1.156421701708,0.232926867955,0.617328720099,0.834949791368,-0.019729381473,0.636124467761,1.203107036191,0.398992103359,0.701530003141,0.194451322462,-0.141718519839,0.718045490777,0.544443842966,0.544615283608,0.459447100759,-0.000325362933,-0.580686925576
1522,1,0.159543362678,-0.011752898796,-0.001692632906,-0.159543362678,0.011752898796,0.001692632906,0.219582083008,0.347994138268,0.003245886476,-0.115169371133,0.363968344994,0.186755680058,0.268155926380,0.626213697348,0.764953974835,-0.077075087280,0.649016377914,1.193631152087,0.243550101593,0.672910935684,0.806641573671,-0.029734831181,0.688287808958,1.235075914417,0.423944582049,0.756920058611,0.171934198268,-0.158148771474,0.776507872137,0.519269185116,0.540859341621,0.458971977234,-0.000332783326,-0.537539327199
1523,1,0.154006159390,-0.010907173566,-0.002972541615,-0.154006159390,0.010907173566,0.002972541615,0.205143997117,0.333950036140,0.016949259768,-0.113252393423,0.349531392918,0.183341217300,0.248497071726,0.603734782714,0.777841609138,-0.083980434964,0.623978012547,1.129848409752,0.224822984701,0.648312478297,0.820502970072,-0.041510814076,0.661943607523,1.172054667853,0.396907118276,0.728845855686,0.188015573707,-0.161130383911,0.745452526109,0.506605009917,0.535682618618,0.458771258593,-0.000339800434,-0.559240273670
1524,1,0.159944700995,-0.010590702291,-0.004248340048,-0.159944700995,0.010590702291,0.004248340048,0.211442198957,0.349502568347,-0.004187773121,-0.122177664548,0.365089735380,0.191430219366,0.250836013338,0.633013114023,0.759537005749,-0.096900525549,0.652558570245,1.148702637734,0.225080289276,0.681123056744,0.803342017191,-0.052472758837,0.692118119228,1.192264493949,0.406057528276,0.762912138039,0.162344574797,-0.177376735359,0.779631213491,0.525385359191,0.530658528209,0.457832708955,-0.000341475650,-0.536221912891
1525,1,0.172251390744,-0.010925837234,-0.001460475564,-0.172251390744,0.010925837234,0.001460475564,0.224394334601,0.373794316624,0.054150324846,-0.137192606649,0.390471750354,0.210544860855,0.259130546983,0.677860888807,0.868014009773,-0.114025291901,0.698553566679,1.214879718339,0.231463832948,0.729170145474,0.914880465990,-0.065870929432,0.741073041717,1.260559920053,0.426072597765,0.816595769144,0.278556160736,-0.201565303548,0.834125577798,0.563906967338,0.525020182133,0.458059430122,-0.000343745924,-0.500752485035
1526,1,0.171974772541,-0.010900888338,-0.001494990439,-0.171974772541,0.010900888338,0.001494990439,0.221333535484,0.374739296552,0.041735751018,-0.140739341321,0.392425153055,0.203877085237,0.254847490957,0.682646752502,0.839827370517,-0.121177341947,0.702420512639,1.212080095052,0.226820031684,0.734728282158,0.884209815411,-0.073219637561,0.745121807039,1.257216877778,0.421128438181,0.820530677197,0.224144255138,-0.209302278252,0.838882238633,0.566320797897,0.521568119526,0.458235025406,-0.000340428829,-0.497641821646
1527,1,0.188589280349,-0.011593967215,0.006050753455,-0.188589280349,0.011593967215,-0.006050753455,0.238112166271,0.408862009753,0.067451413912,-0.156053698005,0.427066170387,0.186592039592,0.270225505687,0.745513550487,0.960908522068,-0.140536205063,0.766401764305,1.229985180571,0.240656408677,0.799232263071,1.014795020657,-0.089746917172,0.813372041397,1.279195436784,0.452337703720,0.894734985361,0.356152854180,-0.236747851004,0.915167882734,0.571780878703,0.517823264003,0.458387911320,-0.000344230677,-0.455953173303
1528,1,0.186092692607,-0.011399790500,0.009069650341,-0.186092692607,0.011399790500,-0.009069650341,0.230273760319,0.403947152958,0.065647443188,-0.158193433835,0.421679335487,0.146678816024,0.258580642114,0.737029779335,1.005298027248,-0.147109754538,0.757152566954,1.191536493182,0.229404220487,0.788073943076,1.063947129933,-0.097710931367,0.803311710280,1.241495426797,0.438089067300,0.883104724016,0.373796419191,-0.241654925661,0.904844575537,0.502049574002,0.514015287161,0.458421006799,-0.000338095357,-0.461632078991
1529,1,0.187115204488,-0.011466805883,0.017392869830,-0.187115204488,0.011466805883,-0.017392869830,0.226824845797,0.408725385975,0.095810487744,-0.162404477308,0.425081347513,0.154204149633,0.253419385794,0.745643810715,1.020345433468,-0.157599504926,0.765237239045,1.206635968175,0.225188101096,0.796482676458,1.077543529738,-0.108356336382,0.811830004923,1.257923941889,0.434896334016,0.892295900974,0.397969198669,-0.253204816336,0.914624959376,0.519138066019,0.509848505259,0.458398073912,-0.000329935923,-0.456682124864
1530,1,0.175586083861,-0.010313438658,0.008616508694,-0.175586083861,0.010313438658,-0.008616508694,0.211146721487,0.382991008733,0.079213098836,-0.154601700091,0.397404118454,0.213944786201,0.232683342023,0.699436291227,1.039417389365,-0.153293480387,0.717790742466,1.367884064019,0.205974623063,0.747110442251,1.100507998905,-0.107403120356,0.761658237882,1.428937996795,0.402359498907,0.836844378069,0.392455796017,-0.244802130005,0.858037905261,0.675661043548,0.506792575121,0.459155037999,-0.000305640046,-0.485914968869
1531,1,0.174427210983,-0.010114163071,0.009298464008,-0.174427210983,0.010114163071,-0.009298464008,0.205482891401,0.378429830640,0.119899741446,-0.154157048501,0.391527580584,0.201390709334,0.225327161150,0.691883846953,1.037154027998,-0.156839189056,0.709872744819,1.338259826718,0.198819740677,0.737139109302,1.093705223783,-0.111947156010,0.752806181338,1.391121773751,0.394686983314,0.827627774663,0.421480388705,-0.247118004790,0.849301063650,0.641315573789,0.504296168685,0.459513947368,-0.000307347393,-0.490812527352
1532,1,0.198467294102,-0.011260170565,0.012490070889,-0.198467294102,0.011260170565,-0.012490070889,0.230647533302,0.429250464729,0.111287325769,-0.176171534497,0.443310604252,0.173852718737,0.250920268591,0.784842149214,0.963764084806,-0.182957188487,0.805301588125,1.227051385131,0.221012841254,0.836113264288,1.013207832145,-0.132092399999,0.854452780321,1.274011306256,0.443849228020,0.938565551635,0.371000708292,-0.287512732435,0.963279161035,0.564068817359,0.502069279552,0.459613665938,-0.000320039922,-0.432739840458
1533,1,0.212790096803,-0.012016615564,0.013282943398,-0.212790096803,0.012016615564,-0.013282943398,0.244697300580,0.459278068701,0.108461563023,-0.188011682908,0.473764958140,0.174594323106,0.264892468341,0.839731119800,1.032010675501,-0.198494200515,0.861483559648,1.296959734405,0.231552521190,0.894415877897,1.087091788598,-0.144820114507,0.913946106540,1.350718411515,0.471544846976,1.004046093848,0.389846090987,-0.310649770349,1.031040381985,0.596404409917,0.500616848469,0.459702447057,-0.000324294437,-0.404452302561
1534,1,0.204716866929,-0.011257125696,0.011860188773,-0.204716866929,0.011257125696,-0.011860188773,0.234642956769,0.443272382273,0.106928930389,-0.183417686143,0.456068978229,0.170967774466,0.252105684991,0.808600394294,1.079418634189,-0.194032505491,0.829443151898,1.269273505111,0.219998741040,0.860975096309,1.140013494998,-0.142882028092,0.879826253631,1.321855272245,0.450647924008,0.966577597275,0.426445275067,-0.302407039288,0.992593009015,0.578829555521,0.499180436134,0.459843441844,-0.000323930057,-0.419979846139
1535,1,0.216150713665,-0.012034854360,0.013045139293,-0.216150713665,0.012034854360,-0.013045139293,0.245234386321,0.471077347350,0.042639402173,-0.198713256289,0.484081803107,0.131109936279,0.262905147678,0.859583542136,0.908557388432,-0.210244665218,0.881318252416,1.153359857295,0.228845252544,0.914872291488,0.958173995975,-0.156164697159,0.934901178285,1.196383838258,0.473011088557,1.025804906421,0.265754563573,-0.326127663667,1.054385359643,0.444848966505,0.497153684497,0.459691554308,-0.000329931034,-0.395611735319
1536,1,0.212394335650,-0.011850548117,0.010853488979,-0.212394335650,0.011850548117,-0.010853488979,0.239155511423,0.462733465213,0.032466919215,-0.198627492167,0.475700051913,0.137834954035,0.255764095155,0.845616382275,0.911770652646,-0.209971812759,0.865218678096,1.135077217578,0.221323754140,0.900830252921,0.959500908962,-0.158264244716,0.918160961856,1.184182027381,0.460197000435,1.006974667132,0.274293024531,-0.323216730203,1.034922984185,0.487025375447,0.495763182640,0.459662526846,-0.000328384107,-0.402798109000
1537,1,0.189136189802,-0.010477075107,0.009278517278,-0.189136189802,0.010477075107,-0.009278517278,0.213100081226,0.411742737827,0.026850965325,-0.176452477832,0.423425703278,0.136883532100,0.227996911749,0.753512677558,0.912182796331,-0.187086265054,0.769590952256,1.288827515155,0.197081030086,0.803469196282,0.967020520692,-0.141412135994,0.816757778190,1.350885512471,0.410228588865,0.896551651784,0.244588415640,-0.287776973619,0.920386106832,0.586758295347,0.495622470975,0.459578976035,-0.000323403394,-0.452895623430
1538,1,0.192035041472,-0.010641646053,0.010132591081,-0.192035041472,0.010641646053,-0.010132591081,0.216114577049,0.418101828408,0.029228575519,-0.179917139813,0.429921765315,0.134975189745,0.230857616354,0.765566426827,0.892660129710,-0.190539068593,0.781849685908,1.172807151654,0.199339455559,0.816402368404,0.940028237453,-0.143311187420,0.829948736347,1.218977384948,0.415459145731,0.910550140265,0.231011082635,-0.293238656107,0.933709581004,0.476638306485,0.495252653956,0.459580272436,-0.000326442299,-0.445887481635
1539,1,0.217531731692,-0.012051452843,0.010674283591,-0.217531731692,0.012051452843,-0.010674283591,0.244696850905,0.472824390070,-0.016181197581,-0.203325037966,0.486868900371,0.107332706328,0.261277423282,0.865890205964,0.960777129268,-0.215015696925,0.884080596213,1.234579103364,0.225482951740,0.923199903558,1.019434702629,-0.161809708567,0.938556996215,1.287200143113,0.468496828409,1.029504564122,0.259876742015,-0.331425458075,1.056364436896,0.485606974355,0.495257109404,0.459526419640,-0.000331171788,-0.394342292097
1540,1,0.223549282526,-0.012447256656,0.016289190393,-0.223549282526,0.012447256656,-0.016289190393,0.251409527280,0.485042203591,-0.039595787677,-0.209049030134,0.499536092751,0.088363895171,0.268693848618,0.890134051644,0.832103970426,-0.221035650916,0.906707320670,1.201504065459,0.231059137204,0.949113912444,0.879960825109,-0.166456818244,0.962940438309,1.253012716572,0.480956815020,1.057133490567,0.140057089695,-0.340534653716,1.084628547918,0.472642699664,0.495197489858,0.459471195936,-0.000337999081,-0.384048650067
1541,1,0.211135161611,-0.011848781317,0.015246711809,-0.211135161611,0.011848781317,-0.015246711809,0.237289212838,0.457538810351,-0.032637880992,-0.196982841082,0.471650568910,0.116989481586,0.253661825357,0.839936423465,0.942847807803,-0.207670554290,0.855214375290,1.365997827918,0.217212062351,0.895587886626,1.003076184169,-0.156490865362,0.908198705834,1.432210925382,0.453856969516,0.996835690764,0.224677377178,-0.321125607992,1.023212686396,0.628109904822,0.495240211487,0.459519058466,-0.000338595128,-0.407043501576
1542,1,0.211980631576,-0.011785310918,0.015790006212,-0.211980631576,0.011785310918,-0.015790006212,0.238465417738,0.460231478125,-0.029753432365,-0.197501458660,0.472966900247,0.119926135248,0.255111380713,0.843099797851,0.911424449250,-0.206785979878,0.858476202063,1.209770464785,0.216322075697,0.898500743512,0.964119957394,-0.153485531466,0.912096061288,1.257624539907,0.455588923535,1.000749539389,0.234065845682,-0.321295858855,1.026437341920,0.518939188814,0.495335921645,0.459741696715,-0.000342826359,-0.405499399921
1543,1,0.254435444633,-0.014204630404,0.027089416622,-0.254435444633,0.014204630404,-0.027089416622,0.287010854428,0.553201910050,-0.034957571767,-0.237043637427,0.568200929154,0.067130744490,0.307778659131,1.012608927617,0.795129434688,-0.247489244157,1.030988004878,1.080942350249,0.261138711705,1.079052096421,0.835205236787,-0.185919397123,1.095389544405,1.117646833439,0.544598474739,1.201709454689,0.129842315627,-0.384163118336,1.233006904131,0.353738418404,0.495778635144,0.459792077541,-0.000353639945,-0.337606890565
1544,1,0.210904732344,-0.011589173292,0.022606923887,-0.210904732344,0.011589173292,-0.022606923887,0.238963458779,0.459900920532,0.006743341927,-0.196023492534,0.471715375336,0.065087858925,0.256704240702,0.839110920804,0.966531420048,-0.203909260220,0.854312391863,1.040253834639,0.218656948378,0.893396118186,1.025883164624,-0.153299843377,0.907642603459,1.098547118341,0.452835196579,0.995876850332,0.277610089297,-0.316567433221,1.022566544269,0.327684823868,0.496331110597,0.459957018495,-0.000352875330,-0.407252456397
1545,1,0.219565976723,-0.011973592043,0.026060854231,-0.219565976723,0.011973592043,-0.026060854231,0.251742636257,0.476990381506,0.013940624853,-0.200351105640,0.489290080643,0.037548646974,0.271102367863,0.870414395962,0.975977712687,-0.207605374270,0.886210497919,1.099633451018,0.231051889394,0.926706268674,1.030845592020,-0.156313810328,0.941618318836,1.153640295198,0.474449397268,1.033135530816,0.281949330116,-0.322350405283,1.060754287291,0.377637928869,0.498132124543,0.460227668285,-0.000367950182,-0.392329306821
1546,1,0.218233689941,-0.011983111269,0.026008916783,-0.218233689941,0.011983111269,-0.026008916783,0.257610377760,0.479265393953,0.013067595485,-0.197462332989,0.491294667184,0.050272316489,0.279374178747,0.874895994599,0.974573375212,-0.202001007628,0.891515369183,1.141399196584,0.240208233639,0.930713818418,1.029428435992,-0.149915206772,0.947222556894,1.194749911503,0.485790711581,1.037784086149,0.282719174431,-0.318398280736,1.065234506768,0.409962562975,0.500817984343,0.460325539112,-0.000373411458,-0.390590092038
1547,1,0.202435765749,-0.011118944290,0.024065192663,-0.202435765749,0.011118944290,-0.024065192663,0.243252472409,0.444729594961,0.054062042100,-0.179941030738,0.455774557851,0.051825688793,0.264696034376,0.811966327968,1.010980269222,-0.181898387441,0.827852718646,1.072160267814,0.228621500076,0.863753308161,1.066054218251,-0.133673133800,0.879485647618,1.124155599453,0.456195437684,0.962893764998,0.320944917112,-0.289518599457,0.988080431841,0.393216214313,0.503292322159,0.460327744484,-0.000372950453,-0.420962928230
1548,1,0.211344327733,-0.011426799415,0.024775412746,-0.211344327733,0.011426799415,-0.024775412746,0.262132937303,0.462879157038,0.045052329151,-0.178221148393,0.474263784613,0.055280235478,0.288576008584,0.846181672440,0.944299356045,-0.177173340348,0.861742196979,1.130490687445,0.253345785470,0.900539553265,0.990366267711,-0.125802434975,0.915802073293,1.183597937264,0.487459368351,1.002186813051,0.236247437937,-0.289866673349,1.028564562215,0.417411049110,0.508362054825,0.460483491421,-0.000377369113,-0.404225380575
1549,1,0.203131302206,-0.010905412660,0.020299708523,-0.203131302206,0.010905412660,-0.020299708523,0.254197647598,0.441024967720,0.068781706828,-0.163075830062,0.450667420368,0.123312044890,0.286189586890,0.807026453596,0.933896166990,-0.158360873128,0.821371344349,1.145969992677,0.253206198495,0.858978330354,0.979792517093,-0.109056517833,0.873185654643,1.194009031890,0.476178016973,0.956283113417,0.255495711322,-0.264768111236,0.981095292960,0.453983248645,0.513109475374,0.460488572717,-0.000378455967,-0.423746753337
1550,1,0.206952344939,-0.011351966982,0.017737905393,-0.206952344939,0.011351966982,-0.017737905393,0.262562420536,0.447981496840,0.080820719589,-0.159294932353,0.457788566477,0.135397701468,0.303068758333,0.820919773365,0.973362071363,-0.149665563857,0.834624383167,1.214058910677,0.269811366984,0.873712190465,1.022493716095,-0.099117536505,0.887377279305,1.267573730883,0.496841470751,0.973234995829,0.285343796144,-0.258652351079,0.998784152729,0.521536802913,0.518134251237,0.460782200098,-0.000379618956,-0.416257115257
1551,1,0.239290459430,-0.013373987156,0.020192649137,-0.239290459430,0.013373987156,-0.020192649137,0.308913805743,0.518599796161,0.004826438490,-0.178036368055,0.531082699179,0.154215455749,0.364971408411,0.951687869025,0.746669482739,-0.157945338410,0.968537852676,1.078616204063,0.327292940444,1.012520486532,0.783853877673,-0.098378305422,1.029878332072,1.110416548604,0.592224236929,1.129467938771,0.128491709036,-0.286962360209,1.159085573650,0.427130739437,0.523806110024,0.460663065314,-0.000388426008,-0.358781398628
1552,1,0.236158251221,-0.013367795401,0.018305212070,-0.236158251221,0.013367795401,-0.018305212070,0.315035345745,0.513966280387,-0.013618998633,-0.166992276176,0.527685124251,0.150729804031,0.376842435980,0.943232804428,0.734893766072,-0.140702710830,0.960119030091,1.083824987946,0.338966583404,1.003953196499,0.771764517536,-0.080587668426,1.021017601797,1.118727282597,0.605179885684,1.119238549412,0.096435828148,-0.268214447316,1.148730901937,0.419522686749,0.529890686274,0.460757419467,-0.000400487799,-0.361950598470
1553,1,0.276590117730,-0.016510019596,0.021372416624,-0.276590117730,0.016510019596,-0.021372416624,0.380916023820,0.600585193098,-0.084496905410,-0.188479969417,0.617419531703,0.171441249294,0.460570564308,1.102314647879,0.711436024012,-0.147772514819,1.122439478114,1.171945655074,0.416330330153,1.173632845932,0.751270904891,-0.076479364425,1.192886403000,1.208513598755,0.731267546015,1.309575158967,0.023922053006,-0.295518633260,1.343570419109,0.447664382701,0.536003887653,0.461029186845,-0.000399860786,-0.309354418104
1554,1,0.231338005906,-0.014800972899,0.014455402445,-0.231338005906,0.014800972899,-0.014455402445,0.328507304598,0.507558150139,-0.059572694169,-0.154470980917,0.522762259197,0.171361281740,0.404115642554,0.933429620280,0.847741800616,-0.112917310591,0.950766191320,1.322646984201,0.366689520987,0.993805900147,0.897338499060,-0.051081143361,1.010863144328,1.378988797023,0.638761971912,1.108958029914,0.061191454811,-0.237384966580,1.137816629571,0.570971665230,0.541051700711,0.461761295795,-0.000397974625,-0.364677920266
1555,1,0.225778742907,-0.014724807556,0.001258695794,-0.225778742907,0.014724807556,-0.001258695794,0.327290582428,0.491483611095,-0.047528424090,-0.143566238979,0.507264701451,0.170344317946,0.410016153869,0.903891832165,0.950211658629,-0.092845623849,0.921018623954,1.364863746790,0.373967111672,0.961729226051,1.010185180981,-0.031394781231,0.979208112106,1.424855437143,0.636538436088,1.074503639281,0.145320763001,-0.212694767624,1.102027128974,0.597999974103,0.547789514065,0.462541699409,-0.000397709358,-0.375645726722
1556,1,0.188509052890,-0.012570257989,-0.004189319595,-0.188509052890,0.012570257989,0.004189319595,0.278981659557,0.410927672083,-0.052192968410,-0.114231499087,0.424753734194,0.159614669483,0.356946818359,0.756569398337,0.789358142789,-0.067136786249,0.770463051048,1.220967011180,0.324511298124,0.805182044655,0.837269320853,-0.013238794085,0.818615443894,1.273406161842,0.548659519589,0.899702385408,0.082633906677,-0.163149697407,0.922524503991,0.538836839641,0.554564565420,0.462435752153,-0.000388592598,-0.448860706639
1557,1,0.182482208980,-0.012940638397,-0.003922765709,-0.182482208980,0.012940638397,0.003922765709,0.274279842427,0.398520524229,-0.044069111902,-0.109073992161,0.414058383874,0.163975566159,0.351826020288,0.736277606144,0.772882491430,-0.057762500222,0.750046870110,1.162943026321,0.318680545457,0.783566615023,0.816725890483,-0.004592639452,0.796652440504,1.209739251640,0.542254509503,0.875264400058,0.092843809178,-0.150338641276,0.897783898358,0.514305943129,0.558521270752,0.462281137705,-0.000387212087,-0.461443395933
1558,1,0.264628937293,-0.019655763909,0.003543589810,-0.264628937293,0.019655763909,-0.003543589810,0.398003607978,0.577429114071,-0.101284251096,-0.156085102523,0.600826753763,0.213549574682,0.512395261479,1.066842037036,0.572146347106,-0.075111575130,1.087682349978,1.087121820423,0.467193139939,1.132813055065,0.599244304383,0.001733089163,1.154646084775,1.111235309430,0.786912054634,1.271032812563,-0.089576176595,-0.210467748169,1.302782713993,0.418921365859,0.561384499073,0.462042853236,-0.000401136494,-0.318402430298
1559,1,0.260785258011,-0.020177630034,0.002837206794,-0.260785258011,0.020177630034,-0.002837206794,0.398392487709,0.567657675387,-0.109133169275,-0.145645481566,0.591394379766,0.209169306962,0.504439735087,1.050835953561,0.564943606210,-0.059759704241,1.072374346387,1.076780826809,0.466451589121,1.113683691768,0.593856768232,0.016525566539,1.138310395590,1.103097680019,0.731901448902,1.253177391545,-0.136251753799,-0.192360017588,1.284622684168,0.367434325918,0.566134601831,0.462299346924,-0.000399552198,-0.322735913446
1560,1,0.261692376734,-0.020907377910,-0.001265299290,-0.261692376734,0.020907377910,0.001265299290,0.407087571974,0.576473276491,-0.235100456717,-0.136593656400,0.600729281921,0.210427736661,0.508055039209,1.065592192960,0.473426038383,-0.044528493101,1.087196790516,1.091992565778,0.464966294624,1.129195121168,0.507569507746,0.034932195873,1.153865409078,1.119175294573,0.716458952527,1.275884972539,-0.252301409190,-0.178816241993,1.302341444506,0.347778837971,0.571423128247,0.461888179183,-0.000403750578,-0.318681803947
1561,1,0.244878098652,-0.020805757548,-0.017178439452,-0.244878098652,0.020805757548,0.017178439452,0.373323670582,0.541339776827,-0.199043170017,-0.128454857477,0.563957968056,0.262795964126,0.459987784383,1.001206148301,0.508756113718,-0.036191208355,1.021248563795,1.106132722114,0.414290102950,1.061456384483,0.539918234705,0.042113985835,1.084150436880,1.118506940065,0.632508782581,1.202580757829,-0.254801982669,-0.162449420738,1.221228414063,0.390249800202,0.573342859745,0.461447328329,-0.000401817495,-0.340211096567
1562,1,0.282268271488,-0.027708852422,-0.019331043876,-0.282268271488,0.027708852422,0.019331043876,0.422906958214,0.632754365416,-0.277596272189,-0.146879636162,0.659573746321,0.291665322116,0.531077501503,1.175665112552,0.143852293359,-0.035849382130,1.189680726331,1.116067320360,0.476985386990,1.251769974442,0.144823334403,0.055410355097,1.264471960236,1.130823079061,0.723689750681,1.416377962033,-0.645920456881,-0.172951877211,1.419962611325,0.376011962822,0.575124248862,0.459435969591,-0.000401479891,-0.293978583068
1563,1,0.264717539331,-0.028637027042,-0.037193179408,-0.264717539331,0.028637027042,0.037193179408,0.395361850690,0.596942393810,-0.359726570469,-0.131506626721,0.625421724500,0.276101513347,0.508838750752,1.126258842023,0.070725977917,-0.021729143615,1.131877646128,1.141936340389,0.458743080439,1.203568451587,0.069408793113,0.073066326452,1.204512528352,1.168755991003,0.668599768788,1.359275403031,-0.841978991480,-0.152350435701,1.346869638321,0.369699575245,0.578270107508,0.455936282873,-0.000418644398,-0.312015045193
1564,1,0.237517764256,-0.027658252573,-0.057361826425,-0.237517764256,0.027658252573,0.057361826425,0.343623327992,0.535883752505,-0.397043668607,-0.111526370605,0.563752426067,0.268319140332,0.460661985427,1.018667146729,0.110902853749,-0.009742914654,1.017972889855,1.193928725213,0.418132772826,1.086776411008,0.118722169495,0.076147286315,1.084318154016,1.225747095146,0.587355152512,1.228335455901,-0.806539144518,-0.125436449396,1.211787064326,0.369826426741,0.581639438868,0.453276529908,-0.000431427732,-0.348910159222
1565,1,0.212033580409,-0.026428593588,-0.057064738155,-0.212033580409,0.026428593588,0.057064738155,0.296877223687,0.472956263522,-0.384924775335,-0.095403441131,0.501609594179,0.233062075243,0.417701345221,0.920704946980,0.004644340913,0.001186810825,0.913287303151,1.065687624548,0.381785996828,0.982992709694,0.000957476829,0.079239504283,0.973572113117,1.093276634227,0.513695601805,1.106026904556,-0.898645248369,-0.098033925816,1.087361371593,0.293687788620,0.584592998028,0.450201883912,-0.000434840098,-0.391233525355
1566,1,0.225117890316,-0.029523152057,-0.058517483212,-0.225117890316,0.029523152057,0.058517483212,0.312638262614,0.490525246623,-0.377802041364,-0.096061563167,0.530343494346,0.201761244930,0.451393538583,0.986341068491,-0.145119567642,0.008399156562,0.975621207557,0.879527675018,0.413764175722,1.053541617272,-0.164385412697,0.089483072391,1.040391932002,0.887605795134,0.540635833639,1.180043434718,-1.009869419734,-0.091433449872,1.161112499180,0.108280873567,0.587252378464,0.448517546058,-0.000430230983,-0.367613079454
1567,1,0.220328034259,-0.030448942598,-0.055605826423,-0.220328034259,0.030448942598,0.055605826423,0.304816964045,0.467470153098,-0.481086670131,-0.089188565970,0.518850031383,0.157828857145,0.453131419932,0.981867000326,-0.386521872717,0.016383610290,0.966310938661,0.796405707512,0.422869921409,1.055757095510,-0.420643162149,0.096434646886,1.030447713753,0.798420920962,0.552513430272,1.156970348629,-1.308783852914,-0.083334242342,1.146463419514,-0.001202075274,0.589547097683,0.446493610740,-0.000428031199,-0.373236399583
1568,1,0.265144320703,-0.039052196288,-0.061793143412,-0.265144320703,0.039052196288,0.061793143412,0.358523882177,0.538818110649,-0.581161349128,-0.105334825120,0.622176886753,0.127124124073,0.551980625641,1.188855539890,-0.747630356637,0.024987730081,1.168904087574,0.658702561467,0.527707515496,1.280528987013,-0.812105871372,0.125398637855,1.247815998760,0.642121969662,0.668183253456,1.377511751554,-1.728272308914,-0.094511218802,1.385345535319,-0.161862200363,0.590600609779,0.443191573024,-0.000416295603,-0.310859661198
1569,1,0.262461106935,-0.041859698790,-0.048833382934,-0.262461106935,0.041859698790,0.048833382934,0.356261132209,0.524107608150,-0.580503936046,-0.102226593312,0.616187910236,0.115139434713,0.545788005892,1.177862617279,-0.861978462031,0.026097711110,1.160940510875,0.669941071328,0.533994741003,1.272840240060,-0.936342365171,0.122831337362,1.240845754785,0.658729471960,0.647933440967,1.336955624719,-1.847745769474,-0.084318305683,1.375762299935,-0.116128919781,0.591016083956,0.439208149910,-0.000397190917,-0.315435574664
1570,1,0.263924292155,-0.043493882049,-0.039627989882,-0.263924292155,0.043493882049,0.039627989882,0.359295633159,0.506908320107,-0.714828753041,-0.097226695299,0.628505769356,0.126310747790,0.559710486876,1.182018204310,-1.258446986794,0.035848663355,1.189502264842,0.465230505561,0.573370089869,1.283321506672,-1.354500508144,0.131340310244,1.271690532932,0.427978018120,0.665331295425,1.337217010643,-2.229862507451,-0.078748056172,1.409008972875,-0.323661614875,0.592952549458,0.434614762664,-0.000379498117,-0.311137870635
1571,1,0.238188820985,-0.040401176404,-0.035804634561,-0.238188820985,0.040401176404,0.035804634561,0.323714346522,0.433763348627,-1.250407858670,-0.082173388759,0.566732079013,0.073821398840,0.524684684755,1.072693080836,-1.945864583375,0.046021518717,1.087272151849,0.255362313081,0.567748998849,1.187240288809,-2.059277993177,0.132951150770,1.167406827379,0.203825472847,0.610405239591,1.143674694591,-3.042331135204,-0.064640942346,1.280946949658,-0.626366885898,0.594760000706,0.432524055243,-0.000378576107,-0.342446006788
1572,1,0.232672162977,-0.040242342100,-0.035561802894,-0.232672162977,0.040242342100,0.035561802894,0.315139571253,0.404633812646,-1.298100182466,-0.072812274351,0.555417178016,0.083951913730,0.532654044399,1.038509088228,-2.059553611471,0.055253098753,1.068860615073,0.268817531857,0.594652173181,1.167455634142,-2.175100806292,0.136954595987,1.148058919965,0.219772114815,0.601513573264,1.063660195045,-3.109679883899,-0.058405576323,1.257209768657,-0.560361350810,0.596392184496,0.431227669120,-0.000364936423,-0.349575929611
1573,1,0.237642900024,-0.041897202250,-0.035846962510,-0.237642900024,0.041897202250,0.035846962510,0.319862022546,0.391204437079,-1.149065395754,-0.069408510844,0.568822433684,0.116862924360,0.554160056088,1.054402950666,-1.900796641923,0.063857010107,1.100249443405,0.304606943415,0.607411954033,1.197675313559,-2.010079155963,0.145415189805,1.182242316085,0.257465165970,0.613151298002,1.060140374305,-2.873293702148,-0.044693159732,1.287881614123,-0.479659326720,0.598039835691,0.429205849767,-0.000351974275,-0.341426182502
1574,1,0.242548584859,-0.045084087433,-0.034800001989,-0.242548584859,0.045084087433,0.034800001989,0.324575053218,0.377076035393,-1.291297103583,-0.065295456365,0.581081583546,0.090687619201,0.575222524551,1.060827411145,-2.129152596835,0.072570392414,1.130621742315,0.187892186098,0.630864074627,1.217304509444,-2.247019612446,0.155011204943,1.216004711334,0.133643773313,0.624514462528,1.044277959672,-3.126269384543,-0.037638541708,1.322958071347,-0.617264221749,0.599733173847,0.427445903420,-0.000332839787,-0.333379287404
1575,1,0.241125412077,-0.046330977626,-0.033952133920,-0.241125412077,0.046330977626,0.033952133920,0.318267703193,0.358159028437,-1.647489869063,-0.062310872312,0.584605865805,0.007539841459,0.577083344303,1.019050632755,-2.513936042645,0.074735935156,1.133288989851,0.213800834923,0.632652719493,1.190939100513,-2.637824135620,0.156157503365,1.219197917638,0.169994198170,0.628505549751,1.100674026673,-3.616980046595,-0.021539933778,1.327483399506,-0.639370493938,0.600394129753,0.425590902567,-0.000323590823,-0.333424537738
1576,1,0.252825563337,-0.048881170809,-0.035561304584,-0.252825563337,0.048881170809,0.035561304584,0.327112360251,0.360729015384,-1.474052934237,-0.062822231574,0.616655239155,0.030299493323,0.607374641719,1.058668358562,-2.277729393868,0.082342323976,1.189890258936,0.209502419852,0.663239520248,1.215839579189,-2.391170985599,0.170405769745,1.280558972265,0.161783047093,0.654835661279,1.173748629636,-3.257927690018,-0.026188294324,1.395237639348,-0.583513151369,0.601011335850,0.424872308969,-0.000321926083,-0.317759651248
1577,1,0.255327151292,-0.049144896915,-0.034316687812,-0.255327151292,0.049144896915,0.034316687812,0.321955136974,0.346646166678,-1.666069939206,-0.061774722730,0.622977488677,0.006085229052,0.615494609666,1.059208402262,-2.560694577635,0.086163547773,1.199128781679,0.223080345289,0.675006868490,1.209016138066,-2.684451741463,0.174724282896,1.290308245163,0.179336161412,0.662964315705,1.173865721724,-3.617434028408,-0.026185011393,1.407759253580,-0.599402374182,0.601479291916,0.425108075142,-0.000314974226,-0.314783407688
1578,1,0.251295174842,-0.047982874055,-0.029129879605,-0.251295174842,0.047982874055,0.029129879605,0.308394033903,0.329261189513,-1.516798810101,-0.058177873083,0.612101086074,-0.016048294807,0.608115197643,1.038890537477,-2.312174657544,0.088688908882,1.179619558635,0.158705920041,0.666408815942,1.188946888249,-2.423699882988,0.176418559468,1.272121530899,0.112887416234,0.655601141392,1.147224888365,-3.298052487168,-0.024014287614,1.388668102780,-0.641665695173,0.602202683687,0.424543410540,-0.000305084046,-0.319535298517
1579,1,0.256241276909,-0.049076350773,-0.029634612740,-0.256241276909,0.049076350773,0.029634612740,0.311538043525,0.334687584747,-1.807209476175,-0.059183041665,0.621115036263,-0.024718342948,0.619547697117,1.050648068753,-2.658586998077,0.091016191034,1.203620673527,0.227998651131,0.678625539944,1.200684038937,-2.778529638518,0.179131003817,1.298138455874,0.186716327365,0.663011542586,1.036502388690,-3.753302451431,-0.024625936115,1.415705712255,-0.615277514909,0.602178484201,0.423929393291,-0.000305453781,-0.313607749994
1580,1,0.259585574870,-0.049732859370,-0.028170406073,-0.259585574870,0.049732859370,0.028170406073,0.317385932254,0.348630644971,-1.657825652811,-0.059215213026,0.629579615797,-0.012920657571,0.627425224661,1.065276400702,-2.525648002208,0.093183879071,1.219485845649,0.169275994387,0.694486744163,1.225951088966,-2.647903236708,0.181557672568,1.316341841208,0.116878703634,0.672238485781,1.057696486820,-3.566936120477,-0.025061121562,1.434217916499,-0.668719963831,0.602114379406,0.423917517066,-0.000301141292,-0.309554499263
1581,1,0.264779040528,-0.050524555858,-0.026705205480,-0.264779040528,0.050524555858,0.026705205480,0.325203568852,0.362847118547,-1.661811907714,-0.059815993854,0.642462425749,0.026740729906,0.644966545092,1.092978749735,-2.587120566095,0.094706219526,1.244078054874,0.231876546386,0.717009370553,1.252108943161,-2.715381768886,0.180447744806,1.342057797244,0.181216002705,0.678563733166,1.102788717990,-3.691322458165,-0.025912968133,1.461042186496,-0.626988883314,0.602050125599,0.423987984657,-0.000301162247,-0.303638344236
1582,1,0.262350795984,-0.049817517128,-0.022577892672,-0.262350795984,0.049817517128,0.022577892672,0.324793531109,0.367337196465,-1.408027407703,-0.056821187261,0.636653982040,0.045256336934,0.640782651151,1.085323922801,-2.253813501354,0.093654573156,1.238491289398,0.251403471999,0.714187944291,1.244064314448,-2.372408509039,0.175880419221,1.333578306580,0.204307182818,0.672257523674,1.124111640379,-3.296440800109,-0.023023248567,1.446945491599,-0.604743700982,0.601984292269,0.424016639590,-0.000303988578,-0.306481791406
1583,1,0.262685364429,-0.049627083831,-0.030010223734,-0.262685364429,0.049627083831,0.030010223734,0.330821850019,0.374596813413,-1.403936605202,-0.056297783615,0.636966296341,0.100390258535,0.656496649667,1.087489151487,-2.154840892233,0.093517160705,1.239211051719,0.471170255550,0.753147055410,1.240134098493,-2.263275457162,0.175230231259,1.333345489017,0.441907708879,0.669552696139,1.212744284808,-3.268332224681,-0.027497829797,1.446323730789,-0.424827718916,0.601820200682,0.424019917846,-0.000310075004,-0.306531864539
1584,1,0.265935238322,-0.049952283522,-0.042859514329,-0.265935238322,0.049952283522,0.042859514329,0.346420828800,0.413224845327,-1.139074301577,-0.057001198886,0.642130190738,0.162328401012,0.677682891683,1.133238482507,-1.835844419255,0.092255187068,1.248908456290,0.466769045360,0.783717883813,1.258567848668,-1.941421685788,0.174310122449,1.342492900449,0.431051155374,0.673646495028,1.296122719212,-2.942114737028,-0.032846933873,1.458338945162,-0.430379348825,0.601184159517,0.424100428820,-0.000315997284,-0.303996639733
1585,1,0.265326748408,-0.049178486168,-0.042426982014,-0.265326748408,0.049178486168,0.042426982014,0.355517662659,0.431558253982,-1.024623163252,-0.057723228419,0.641795028293,0.152078586305,0.686699702450,1.173271246132,-1.720071334466,0.089619639905,1.246136273022,0.382676802328,0.782167089432,1.288654010961,-1.827712394110,0.170549521012,1.338300565021,0.331829746686,0.688588092393,1.310338405076,-2.791331865320,-0.037140549775,1.454850104950,-0.528124360187,0.600386708975,0.424309566617,-0.000318875071,-0.305079306525
1586,1,0.265150508863,-0.047076689379,-0.036110378562,-0.265150508863,0.047076689379,0.036110378562,0.364732547932,0.461724554006,-0.825058062286,-0.061262072530,0.635858624612,0.146037212359,0.692445476305,1.177242587747,-1.320239341338,0.082879020568,1.231413470928,0.381082767237,0.773891275501,1.273790806922,-1.410614764844,0.162790125389,1.320757397608,0.333549061671,0.706047123162,1.343254359850,-2.383062346559,-0.044409219011,1.442102439936,-0.525076436149,0.598528653383,0.425928741693,-0.000337133184,-0.307500817557
1587,1,0.200208863160,-0.033752165470,-0.026970792836,-0.200208863160,0.033752165470,0.026970792836,0.289841850940,0.378756636294,-0.853578852854,-0.048458645008,0.477010892232,0.046204444103,0.516232053439,0.888835559958,-1.136658128377,0.059563921013,0.918937748772,0.418245904083,0.568027289593,0.951082439480,-1.198754029607,0.119423246997,0.984970878510,0.399989614778,0.536648846477,1.015807721580,-2.013198784917,-0.039906605567,1.079128920119,-0.393805182851,0.596789479256,0.428849041462,-0.000336140394,-0.409396712673
1588,1,0.220838894858,-0.036492054363,-0.031251897969,-0.220838894858,0.036492054363,0.031251897969,0.330085777536,0.440081072063,-0.648329359662,-0.056992513677,0.520350462742,0.046914635777,0.564535620090,0.974130008632,-0.660724217384,0.059088701102,0.995043838644,0.492925058193,0.610631288957,1.031095408236,-0.701691283063,0.124793553224,1.066067013188,0.479478182354,0.594549630789,1.117657325234,-1.563304467628,-0.051443800913,1.169493249559,-0.334066863789,0.594614088535,0.431332051754,-0.000357242301,-0.375907895754
1589,1,0.260975468195,-0.041744901379,-0.038950687799,-0.260975468195,0.041744901379,0.038950687799,0.389768454357,0.518012007389,-0.583807842307,-0.072910719253,0.611862654818,0.082058420668,0.651813394511,1.135410681658,-0.552508040024,0.055329783426,1.153845346353,0.668005479863,0.704435574428,1.197956951277,-0.590001120216,0.129282151728,1.234613680364,0.661402484196,0.690325199893,1.316159022265,-1.513379465355,-0.068654276320,1.360684735605,-0.196060292480,0.592449158430,0.433289498091,-0.000373835210,-0.322414129109
1590,1,0.212622858738,-0.032230044250,-0.039379255312,-0.212622858738,0.032230044250,0.039379255312,0.318730150889,0.430550634005,-0.559620723689,-0.063379322516,0.489586953082,0.141190540954,0.521224786563,0.912423948473,-0.358254014288,0.040036957927,0.916957609426,1.022179318237,0.551784206474,0.961242130014,-0.378423607816,0.100693380463,0.978832656845,1.051746617081,0.572562813724,1.070397552650,-1.294363481005,-0.063244600167,1.087452326636,0.252458935020,0.590602189302,0.437787130475,-0.000400724821,-0.399068083443
1591,1,0.213778391294,-0.030964658218,-0.047201322557,-0.213778391294,0.030964658218,0.047201322557,0.317431997707,0.443669943995,-0.464522396867,-0.071562586943,0.489581637930,0.196097934339,0.513575977163,0.908003471411,-0.154814399476,0.030244951654,0.907259265782,1.073821939457,0.541588386394,0.955661077411,-0.165426254962,0.091747284392,0.968982760289,1.101426874883,0.584416623585,1.067839539203,-1.066651509096,-0.071476505124,1.072015401049,0.303520747911,0.587234795094,0.440619021654,-0.000408475287,-0.400217894354
1592,1,0.225267602283,-0.031227977114,-0.051048270094,-0.225267602283,0.031227977114,0.051048270094,0.338464969276,0.474116065913,-0.398266523921,-0.082934205179,0.521324501755,0.194009689727,0.534733653196,0.950355220928,-0.073674726331,0.024393583661,0.952111603935,0.971095473968,0.552607567358,1.002886282125,-0.081252824205,0.089715712111,1.017353989733,0.988312415638,0.615247857655,1.129522015938,-0.932667208296,-0.082739645693,1.122938450084,0.202286882537,0.584485962987,0.442918032408,-0.000410291366,-0.378963509494
1593,1,0.200014945484,-0.026799157722,-0.062128651971,-0.200014945484,0.026799157722,0.062128651971,0.296459627924,0.420684968239,-0.385280705682,-0.080174427205,0.460162355016,0.280335849329,0.465975678379,0.842085306218,0.044237300570,0.014140372624,0.843245369037,1.236510476702,0.471669610254,0.890146290575,0.045579125915,0.072912459134,0.903073164470,1.273307674932,0.538927235253,1.001640035868,-0.837598123641,-0.087403662284,0.991787964919,0.479311050218,0.581711411476,0.445881366730,-0.000389054418,-0.426098751562
1594,1,0.205579352331,-0.024302071336,-0.063180156751,-0.205579352331,0.024302071336,0.063180156751,0.302514007043,0.430010535705,-0.256605165968,-0.086166687074,0.466421336086,0.247002830934,0.461609567264,0.854276262293,0.186773240675,0.006848940260,0.857688757498,1.116531652497,0.453972719937,0.906437746573,0.190156210876,0.070709998350,0.918819389187,1.148283346428,0.546616264110,1.015442122190,-0.631208492744,-0.092939188589,1.009919888932,0.396978535365,0.580354690552,0.448696732521,-0.000385853462,-0.415617440405
1595,1,0.209602657051,-0.023876864788,-0.063720713401,-0.209602657051,0.023876864788,0.063720713401,0.308406523877,0.440231984214,-0.319740604179,-0.094820994528,0.478843402971,0.231775729132,0.451022132522,0.867693337805,0.132723953985,-0.002831510881,0.873236783275,1.066492387804,0.441746690501,0.922174699134,0.140928631354,0.064209024469,0.935340840062,1.094791010909,0.550679152736,1.032466828788,-0.638402333656,-0.103699094500,1.028583090511,0.359787900091,0.577862292528,0.450078427792,-0.000384906307,-0.406747774322
1596,1,0.204121803815,-0.020672962349,-0.064817382089,-0.204121803815,0.020672962349,0.064817382089,0.299574580816,0.433062343789,-0.140009288981,-0.099538627725,0.463169910812,0.274908740866,0.413698186251,0.838828771957,0.516978299711,-0.014726411971,0.847260462853,1.221408162226,0.393627287743,0.887897710107,0.543971408310,0.053603405149,0.906224348373,1.261000287759,0.525089714985,0.998615633076,-0.234029443436,-0.113214000973,1.000677761796,0.520300391088,0.575060352683,0.453078463674,-0.000378655270,-0.415530012637
1597,1,0.237829941167,-0.022464334147,-0.033901132020,-0.237829941167,0.022464334147,0.033901132020,0.345420814145,0.508026826403,-0.095751316933,-0.125767230864,0.540710641885,0.261167506374,0.454316995626,0.973047309740,0.445921590733,-0.031769553199,0.982395941017,1.173996534745,0.405023066387,1.027930951587,0.463883577123,0.047274483343,1.047087299461,1.215505765441,0.605093491967,1.159531936477,-0.216248322685,-0.145140934038,1.165333625133,0.442554684869,0.571823641658,0.455994695425,-0.000388192479,-0.354575232668
1598,1,0.250365862657,-0.023835955593,0.002902523096,-0.250365862657,0.023835955593,-0.002902523096,0.354707931708,0.543584844439,-0.112164271544,-0.143695012964,0.576806630074,0.171654638957,0.447830342408,1.020500075339,0.471722559641,-0.045892609644,1.038954770876,0.943147122303,0.392970650570,1.073510378789,0.499140923907,0.037573775362,1.105200449874,0.967449215268,0.625569874577,1.221972139564,-0.106482726369,-0.165752021660,1.236801469973,0.385718951015,0.567879900336,0.455578759313,-0.000399561744,-0.336136339292
1599,1,0.200629048116,-0.019120342463,-0.001206044857,-0.200629048116,0.019120342463,0.001206044857,0.276538412463,0.434081423017,-0.054409405219,-0.124509124366,0.461890182421,0.133697765229,0.345509404032,0.818384017291,0.652922424236,-0.048051055286,0.832061711752,0.980002374967,0.298602395274,0.861161532760,0.686630185760,0.019483813174,0.883867139231,1.017126114718,0.491265670016,0.979132340110,-0.032924161072,-0.144523775982,0.993454926022,0.327399327284,0.563877686858,0.455195724964,-0.000395068404,-0.419520962725
1600,1,0.197042853784,-0.015980969433,-0.003576312713,-0.197042853784,0.015980969433,0.003576312713,0.262928575198,0.420773390229,-0.017910296397,-0.129775614232,0.449918768325,0.131693416987,0.329309624983,0.800957802697,0.637854792191,-0.058437023910,0.814791407107,0.994355627850,0.292211916691,0.843571813749,0.664536647870,0.007841791997,0.865653075160,1.027106686638,0.472631542004,0.957855890152,-0.038876358048,-0.152676281914,0.973247496983,0.329766477716,0.559848964214,0.456338778138,-0.000393231167,-0.427063938035
1601,1,0.200225637422,-0.014863100547,-0.001274760914,-0.200225637422,0.014863100547,0.001274760914,0.260003991348,0.431892955247,-0.017326539006,-0.139315486862,0.456491712106,0.074782016371,0.328271673677,0.815052426283,0.678922156976,-0.072097010601,0.829373530692,0.997690011251,0.293186618264,0.860737457876,0.711205393268,-0.008324004998,0.881029127432,1.019914982951,0.473957944910,0.971034490012,0.018904383804,-0.164730616955,0.991239798718,0.320936766826,0.556143552065,0.456929415464,-0.000391857182,-0.418940059547
1602,1,0.181376257475,-0.011916127382,-0.002464727293,-0.181376257475,0.011916127382,0.002464727293,0.229011403267,0.391999830136,0.063358089402,-0.134141168407,0.412397495641,0.128222569549,0.287866465449,0.737500794321,0.951268538844,-0.076074796855,0.751252961997,1.211105671127,0.259173124601,0.779170067603,1.004118942569,-0.019607361482,0.797497557342,1.264886873066,0.418970519893,0.878708749521,0.294635768187,-0.160103100841,0.899267237958,0.542437414335,0.551211595535,0.457766771317,-0.000381079153,-0.461796004560
1603,1,0.166206505674,-0.010692532948,-0.002316881901,-0.166206505674,0.010692532948,0.002316881901,0.205002779476,0.355977982737,0.078695810495,-0.131967239519,0.375516093263,0.135450710663,0.251600745751,0.672955707339,0.861822336332,-0.082049628897,0.685748995609,1.112831433079,0.225443060295,0.711425641621,0.907272949755,-0.030572978292,0.727765872754,1.161939126738,0.371697289336,0.802172227566,0.282650137943,-0.158230104397,0.822672653072,0.526277846741,0.544901549816,0.458420544863,-0.000371564383,-0.504925179597
1604,1,0.175353144284,-0.010291994185,-0.003250644223,-0.175353144284,0.010291994185,0.003250644223,0.215892312351,0.380815611370,0.083812645972,-0.145944997278,0.396674930739,0.144863529146,0.257123426512,0.711259105212,0.953275467074,-0.096856746993,0.724639482959,1.157358828903,0.230407724480,0.750225219123,1.006264408592,-0.043056405132,0.767452787116,1.208821646956,0.385056487531,0.848535878893,0.344618739374,-0.177339876829,0.870565645387,0.533144421023,0.539980798960,0.459196344018,-0.000370719819,-0.476271322175
1605,1,0.184103358709,-0.011439800783,-0.003397927389,-0.184103358709,0.011439800783,0.003397927389,0.224628992830,0.404572765014,0.040445464641,-0.156951264851,0.421447213970,0.124279203530,0.262790013041,0.755212726259,0.804539589683,-0.111705299926,0.769955078797,1.091026036509,0.235282237802,0.796736817839,0.844733046475,-0.054766533675,0.815195200907,1.137748441024,0.399585722970,0.899841792426,0.184014130377,-0.199565838232,0.924965101463,0.490181154398,0.535280421376,0.458922311664,-0.000369842688,-0.448859708212
1606,1,0.185470050051,-0.011351739649,-0.003682800525,-0.185470050051,0.011351739649,0.003682800525,0.218591311561,0.406155633040,0.048783831617,-0.161267734973,0.421275121534,0.123595436540,0.250893637314,0.755209861023,0.915268365668,-0.123530261204,0.770090205396,1.089257073242,0.223892871014,0.796620987069,0.966749717802,-0.066827728613,0.815349426068,1.134698508449,0.387362027267,0.899642281647,0.284751438066,-0.211818285044,0.925607886046,0.459018283539,0.529756799340,0.459051474929,-0.000370759633,-0.448634739684
1607,1,0.189296697954,-0.011513899318,-0.000834921826,-0.189296697954,0.011513899318,0.000834921826,0.216854592892,0.411751350699,0.059575501064,-0.167938392822,0.427100206903,0.103867145006,0.243460503259,0.765853361812,0.891562384267,-0.136472435806,0.780943486275,1.103314908528,0.213954910819,0.808010329932,0.939441433901,-0.080759406829,0.826544551172,1.143048287928,0.382931869016,0.912321130280,0.271840355439,-0.226984210023,0.938784266544,0.461197306221,0.524850457907,0.459084510803,-0.000367713954,-0.442314955231
1608,1,0.246992102618,-0.015030461078,0.019126113520,-0.246992102618,0.015030461078,-0.019126113520,0.279967031534,0.536527817724,0.055946856456,-0.225577210754,0.556060639039,0.062740056294,0.303447813890,0.997359240570,0.804511467663,-0.191645189738,1.017075267634,0.964902397226,0.263946882122,1.052095292137,0.839534914112,-0.120745793462,1.075889226465,0.993784502701,0.486560292408,1.187918137794,0.334426816449,-0.307736916670,1.222723193866,0.295569846745,0.520139500499,0.459043338895,-0.000378582859,-0.339657732668
1609,1,0.204526479298,-0.011735337150,0.015107429862,-0.204526479298,0.011735337150,-0.015107429862,0.230274779011,0.447630798033,0.116934541384,-0.187090352555,0.459282077622,0.065204293205,0.244921808989,0.824983948923,1.168667123719,-0.165108427824,0.841437416603,1.181970614292,0.212457193821,0.869953144265,1.234734984975,-0.106772916881,0.890516270443,1.242561790974,0.396212257250,0.982805218835,0.476467143982,-0.264400185433,1.011845651824,0.431924926147,0.517379447818,0.459630846977,-0.000379481819,-0.409855869399
1610,1,0.192661261204,-0.010894050130,0.018175724851,-0.192661261204,0.010894050130,-0.018175724851,0.210322263975,0.420377915884,0.140028702489,-0.177625514049,0.430752181639,0.051981039548,0.221500049926,0.774210333102,1.109250369940,-0.163319880083,0.789319350820,1.114739931501,0.190457140770,0.816200642091,1.169029052408,-0.113719938758,0.833717082178,1.170188282767,0.364581972887,0.922383877965,0.460113024187,-0.253349753940,0.949589497221,0.411495072138,0.513773292303,0.459457814693,-0.000369288493,-0.436842477643
1611,1,0.192664769486,-0.010623369538,0.016250242920,-0.192664769486,0.010623369538,-0.016250242920,0.208870742454,0.420675332460,0.114158904769,-0.174901260629,0.428582173969,0.055544117855,0.217753788428,0.770970068502,1.017004987382,-0.165607027355,0.786114187147,1.115047361364,0.186746160299,0.814247582744,1.069838374824,-0.116297995660,0.830927688861,1.166500630483,0.360147018933,0.918400666311,0.362162464523,-0.253999993053,0.944936080253,0.411906543121,0.512428447604,0.459713190794,-0.000367338536,-0.438423677950
1612,1,0.183607180884,-0.009875508844,0.013927508971,-0.183607180884,0.009875508844,-0.013927508971,0.198774097363,0.400852170923,0.095684127062,-0.166650845128,0.408357485192,0.059194054931,0.201430280752,0.734332337348,0.955885787952,-0.163102151516,0.749521765500,1.078536952967,0.171298858789,0.775671532272,1.007768467408,-0.116266226970,0.792410125808,1.126184074018,0.336785727496,0.873859559421,0.317664743542,-0.247944249556,0.899850968215,0.394309293356,0.509817704558,0.459348320961,-0.000362738036,-0.460703565998
1613,1,0.188810253685,-0.010095473402,0.013510398842,-0.188810253685,0.010095473402,-0.013510398842,0.204580664391,0.411629358677,0.090746137091,-0.168228023339,0.417810074046,0.061262450619,0.205990332633,0.752650932491,0.950885905623,-0.167786884624,0.768110013560,1.099201063964,0.174766741272,0.795551970805,1.000699045285,-0.119593905453,0.812651233989,1.146979754613,0.345656016445,0.895341870558,0.302704695656,-0.255550947894,0.922039049878,0.406663170630,0.509414866567,0.459347307682,-0.000363053521,-0.449529018155
1614,1,0.189494973030,-0.010354549386,0.014110127228,-0.189494973030,0.010354549386,-0.014110127228,0.202012099958,0.412716213601,0.120455447123,-0.173698748658,0.419225164977,0.065576618129,0.200795091263,0.756085618319,1.069196013993,-0.174991624389,0.771751060464,1.194977155496,0.167826159578,0.799453271755,1.127993034308,-0.127341253367,0.816364614790,1.256148273588,0.341947014546,0.899368357747,0.410565074291,-0.262995251961,0.929385547910,0.508137990718,0.506774753332,0.459908694029,-0.000360754784,-0.446639831262
1615,1,0.205630025320,-0.010369178563,0.010786847038,-0.205630025320,0.010369178563,-0.010786847038,0.218495267564,0.446098214918,0.040327917779,-0.185160718797,0.453679882320,0.072821831943,0.216787271537,0.816895172087,1.017489156231,-0.187831492531,0.833491763075,1.274136137814,0.179607301179,0.863419609811,1.077096179540,-0.137190926253,0.881927497108,1.341098483223,0.368989111393,0.971411164000,0.302327267188,-0.286111875481,1.005547751463,0.515970946003,0.506787046790,0.459527939558,-0.000373086892,-0.413830986007
1616,1,0.196664935737,-0.009832062309,0.011738112018,-0.196664935737,0.009832062309,-0.011738112018,0.209057054333,0.425698899507,0.132305184154,-0.176929191521,0.433385059624,0.099156552699,0.205631433890,0.780011378344,1.092134623455,-0.180262119677,0.796681803784,1.234900027374,0.169424972728,0.824477231864,1.149441526491,-0.132194764511,0.843066098409,1.293388033985,0.351489564854,0.928265047116,0.408283676521,-0.274118775889,0.960395251337,0.516082636858,0.506439387798,0.459653675556,-0.000366424676,-0.432764443571
1617,1,0.223524953453,-0.010902349574,0.013267745114,-0.223524953453,0.010902349574,-0.013267745114,0.237410810054,0.483028591207,0.067393878345,-0.203333586494,0.495560931867,0.086887052688,0.231227699584,0.885084455982,1.084220231658,-0.207034208261,0.904108761524,1.284803066437,0.190126912398,0.934260898349,1.149333061134,-0.152785326860,0.954403774618,1.347348704923,0.397175120390,1.053370457637,0.438227335620,-0.312695422109,1.090323491967,0.572758107539,0.505545109510,0.459789633751,-0.000369011192,-0.381051286777
1618,1,0.220486111107,-0.010218016037,0.012989983304,-0.220486111107,0.010218016037,-0.012989983304,0.231556203678,0.479340807842,0.122721000514,-0.200433758335,0.488815797100,0.073384050351,0.226139346041,0.872422758122,1.217300735257,-0.204188185617,0.893361699285,1.266840249775,0.185542605534,0.920858124589,1.284904025507,-0.148872350303,0.942988283939,1.328177652152,0.389308011266,1.038748621984,0.476497985227,-0.309905367848,1.075051547665,0.499780532106,0.504619657993,0.459706410766,-0.000369813293,-0.386433548822
1619,1,0.252721348970,-0.012085669289,0.020437702981,-0.252721348970,0.012085669289,-0.020437702981,0.263681629186,0.549570623765,0.060409039448,-0.231364322716,0.559171033075,0.064992549478,0.256680494769,0.998773653411,0.857125075241,-0.235913959711,1.022772113561,1.068616289070,0.210164619368,1.054380406355,0.895277912493,-0.173287246632,1.080439266256,1.103583160732,0.443165321254,1.189208080261,0.148909073041,-0.358068301411,1.230199181809,0.301593614767,0.503633454442,0.460048794746,-0.000375514617,-0.337192692297
1620,1,0.242868155799,-0.011297945887,0.013303602949,-0.242868155799,0.011297945887,-0.013303602949,0.253968054581,0.527055768715,0.065230217374,-0.220805147527,0.536476727623,0.080899680337,0.249312205882,0.959008314949,1.051946785818,-0.224482995271,0.981828507178,1.226697909965,0.206276595407,1.011544069189,1.111348937700,-0.165175236497,1.038081021892,1.277790409732,0.417288436776,1.141527031780,0.237498520290,-0.347114510489,1.181036537167,0.354000175985,0.503876015544,0.460707485676,-0.000372082926,-0.350771163305
1621,1,0.226702989991,-0.010481329066,-0.000475420974,-0.226702989991,0.010481329066,0.000475420974,0.237306309840,0.494383021226,0.057991910407,-0.205922266730,0.500740189045,0.084581879388,0.233139263378,0.895589958403,1.156096451948,-0.209247080892,0.916801041343,1.311210489816,0.193500312254,0.944380082831,1.228285003647,-0.154049802178,0.969356495594,1.371926988603,0.387876657182,1.065783881961,0.311685415701,-0.321234223035,1.102877490437,0.386500637237,0.503971248865,0.460729405284,-0.000373898591,-0.375610923356
1622,1,0.224097587690,-0.010476572272,0.002208962508,-0.224097587690,0.010476572272,-0.002208962508,0.235087539279,0.488097279648,0.081200659775,-0.204346396742,0.496314174451,0.087539521709,0.230408687856,0.885388900039,1.133445211345,-0.206916707747,0.905621563157,1.295500313947,0.189233790633,0.933624656504,1.200192921291,-0.152978794887,0.956381006163,1.355301763504,0.385648533827,1.053624413018,0.359105465629,-0.317231291265,1.090788978296,0.476503828161,0.504099071026,0.460763081908,-0.000374730094,-0.379684344440
1623,1,0.223729177821,-0.010617320189,0.002379630157,-0.223729177821,0.010617320189,-0.002379630157,0.235064434450,0.487268778081,0.081096897184,-0.204035481843,0.495647212384,0.077709320836,0.230651430645,0.882992113210,1.127887599008,-0.206131423415,0.904525501713,1.246648996184,0.190152319286,0.930908489706,1.194224737869,-0.152063187883,0.955318328664,1.303214562174,0.384856195641,1.051746696029,0.358743574073,-0.315037425740,1.088241484745,0.456418763996,0.504211574793,0.460814207792,-0.000374839961,-0.380075517285
1624,1,0.276596044806,-0.013112225613,0.014588982094,-0.276596044806,0.013112225613,-0.014588982094,0.294595641694,0.605360836067,0.035543585825,-0.250621324295,0.615972785018,0.090587241525,0.292544052752,1.098270072913,0.585712041328,-0.250456784370,1.122800541793,0.993702514668,0.242921342583,1.161906911417,0.599534514726,-0.181928728836,1.186790800374,1.015754856492,0.481075067802,1.306374329121,-0.115856396701,-0.389917125570,1.350174273143,0.273619574448,0.505286827683,0.460638776422,-0.000385716092,-0.306101541376
1625,1,0.272269608325,-0.012981455880,0.014371880866,-0.272269608325,0.012981455880,-0.014371880866,0.291991513103,0.597376809807,0.033346870858,-0.244850247099,0.607090570901,0.062343177916,0.292106576837,1.084659428848,0.878152758882,-0.243632761380,1.107973569612,1.180269112195,0.243267208316,1.151316291701,0.925450292579,-0.175504849990,1.171933830301,1.225993884086,0.478503006425,1.288680299257,0.076295159893,-0.384455596303,1.332199554854,0.325483996492,0.506346881390,0.460560828447,-0.000385963824,-0.310290488719
1626,1,0.257881639301,-0.012147095544,0.015491291881,-0.257881639301,0.012147095544,-0.015491291881,0.280885238252,0.562972923578,-0.018517706573,-0.224606606584,0.571794488707,0.060316746958,0.284332036002,1.022019922131,0.701637005795,-0.221525511297,1.043977635567,1.041559119348,0.238092167713,1.084504816904,0.734961631422,-0.157423598061,1.105284608228,1.074664739788,0.461015918531,1.214528558380,-0.017018515106,-0.356450082068,1.256306965219,0.285650703026,0.508965983987,0.460624098778,-0.000393375056,-0.329314666868
1627,1,0.264059813653,-0.012931685524,0.021157720923,-0.264059813653,0.012931685524,-0.021157720923,0.291324075445,0.574983896413,-0.008456403835,-0.225498765919,0.585786436344,0.062280895415,0.299303162956,1.048288720641,0.813171291783,-0.219834189507,1.070766404205,1.148528371221,0.250265662329,1.112866231055,0.852754128503,-0.152518887302,1.133795698755,1.191955984306,0.482250732832,1.246414777111,0.044888224593,-0.353852985437,1.287362045330,0.311723905302,0.511405527592,0.461289525032,-0.000396720367,-0.320426543973
1628,1,0.217580601317,-0.010601637454,0.008251572706,-0.217580601317,0.010601637454,-0.008251572706,0.250744812132,0.473870770789,0.033626762934,-0.176045040390,0.483309784699,0.090038502799,0.261664415034,0.864393754473,0.972391576436,-0.166917543571,0.882907296550,1.174821339077,0.221191758406,0.915540285515,1.027301722168,-0.111520163001,0.934288424987,1.226217897514,0.412893296189,1.028908555515,0.229862570920,-0.278337334813,1.063328046633,0.395458047627,0.517050638795,0.461331427097,-0.000380857848,-0.388222116314
1629,1,0.207193993231,-0.009984663954,0.006678339896,-0.207193993231,0.009984663954,-0.006678339896,0.246516461792,0.454836913174,0.032495718982,-0.167582521686,0.464138756180,0.078652507410,0.260867413085,0.828876088669,0.922185309740,-0.151175140875,0.846084835987,1.106930540922,0.222614387733,0.878188691388,0.971930609254,-0.099763888944,0.894844837979,1.153954909646,0.406331514294,0.985726731241,0.215995613745,-0.253808206805,1.018664407243,0.375379584814,0.521521508694,0.460680201650,-0.000381673919,-0.405884877538
1630,1,0.247454444297,-0.012163364205,0.012056821149,-0.247454444297,0.012163364205,-0.012056821149,0.300911474192,0.540465441957,-0.011686138179,-0.193410417055,0.553194310915,0.077934856909,0.324421221356,0.988074863438,0.666393263294,-0.166726681995,1.008599022154,0.964017421019,0.278781105134,1.046887883002,0.694134819227,-0.102723222648,1.066763849568,0.990555216545,0.498461338762,1.174918439173,0.011731718977,-0.295245220749,1.214355731223,0.271716360468,0.526116251945,0.460747197270,-0.000397098949,-0.340418184861
1631,1,0.205397354176,-0.010241717985,0.001701186240,-0.205397354176,0.010241717985,-0.001701186240,0.257895255497,0.448529595144,-0.008675002682,-0.151548832055,0.458865417625,0.069675707557,0.283698388833,0.819566859336,0.696147031012,-0.122714111887,0.836575176647,0.938705176515,0.247793424533,0.868566641901,0.733990896179,-0.068248577717,0.885388491554,0.969987048892,0.427192579888,0.974360990475,0.050513085677,-0.229997444617,1.007056244167,0.249608703674,0.532198086381,0.460484445095,-0.000395206429,-0.410752026892
1632,1,0.233910862434,-0.011934242837,0.002058276595,-0.233910862434,0.011934242837,-0.002058276595,0.299044202359,0.511994380157,-0.021174135342,-0.170533594944,0.522851766655,0.080769736899,0.334844124193,0.932326451544,0.801086985586,-0.128503920917,0.951481038837,1.080206497717,0.294975344639,0.988125853322,0.845388830616,-0.065966180370,1.007031141562,1.118833239672,0.500288221188,1.108197687798,0.079504993068,-0.248684060148,1.145924559232,0.320100805476,0.536889612675,0.460600733757,-0.000394812319,-0.361024290241
1633,1,0.233399781646,-0.012212056670,0.002152354548,-0.233399781646,0.012212056670,-0.002152354548,0.305369614303,0.511284134977,-0.034775112681,-0.161947855040,0.522012894878,0.066934507715,0.350203657263,0.930789519199,0.724015857377,-0.112251606619,0.949450939346,0.998176690228,0.311201246326,0.987414902526,0.758526619362,-0.048986516162,1.005193049058,1.030355804248,0.515693666827,1.106108954031,-0.011717615647,-0.228212978897,1.141484045867,0.238838927452,0.542975276709,0.460450708866,-0.000397533091,-0.361835901806
1634,1,0.216654906976,-0.011849538009,-0.000932163158,-0.216654906976,0.011849538009,0.000932163158,0.290460075015,0.475383035752,-0.055380168464,-0.144788210474,0.486219396851,0.073078089156,0.337379092225,0.866708123678,0.744035848894,-0.093000852137,0.884020473554,1.057803670699,0.301219443258,0.919485806464,0.790834085478,-0.032899032176,0.936145097411,1.097843636928,0.491493254138,1.029989726837,0.016518888379,-0.201083485212,1.062622428146,0.274662051899,0.547874361277,0.460420191288,-0.000396984209,-0.388627375324
1635,1,0.202443224357,-0.011753411015,-0.003680978958,-0.202443224357,0.011753411015,0.003680978958,0.271783473065,0.445267420474,-0.049427576102,-0.137078399362,0.456595324128,0.084551280418,0.319316272012,0.811854687706,0.796503141503,-0.082804773840,0.827720187498,1.101066660359,0.285486461858,0.862203160428,0.845913702641,-0.025866502725,0.876586242843,1.144880776323,0.465133946235,0.964389848438,0.026328964537,-0.183680396467,0.995017473320,0.320932163989,0.550181522965,0.460482120514,-0.000392871327,-0.414984031293
1636,1,0.195615729117,-0.011934385505,-0.006719945791,-0.195615729117,0.011934385505,0.006719945791,0.266695749619,0.430835005938,-0.047162290688,-0.125171251353,0.440970448747,0.108650957643,0.316702580470,0.786616962606,0.796986023841,-0.070998169774,0.801729374738,1.072710458126,0.281830415134,0.835109033428,0.843097956164,-0.015661236213,0.849336873547,1.112718774021,0.457667892921,0.935169149069,0.032442653500,-0.167530845890,0.963404659889,0.323236792542,0.554138183594,0.460435077548,-0.000394639210,-0.428552492552
1637,1,0.197245400289,-0.012750949735,-0.008881931174,-0.197245400289,0.012750949735,0.008881931174,0.274228683928,0.440468971168,-0.050481572561,-0.125793162114,0.450924376726,0.134080444963,0.326136965878,0.804933324524,0.812179177619,-0.066411645297,0.819468180913,1.125468972921,0.284516955985,0.854871478548,0.856295099948,-0.008781226919,0.868155997191,1.169555819281,0.473691464512,0.960168570869,0.041273360665,-0.165443683896,0.985278549031,0.415335569557,0.556795358658,0.460473522544,-0.000389874331,-0.419217325782
1638,1,0.200385364421,-0.013825029625,-0.012987509222,-0.200385364421,0.013825029625,0.012987509222,0.279422775344,0.449478554099,-0.084767801773,-0.126056801778,0.460529491337,0.134938087181,0.330239828170,0.822292156445,0.778626341602,-0.064547552768,0.836838768697,1.126134365984,0.276889379843,0.873137876622,0.824258014940,-0.005043711970,0.886552745400,1.169130675142,0.470167999076,0.986882668018,0.014994002667,-0.165671161844,1.006386482159,0.419406615683,0.558010399342,0.460499987006,-0.000389324268,-0.410638475943
1639,1,0.231445854541,-0.016632881940,-0.015335772341,-0.231445854541,0.016632881940,0.015335772341,0.327750565564,0.522618833895,-0.147983593342,-0.141185248779,0.533033344072,0.157975186349,0.388953517725,0.965430944463,0.464254455797,-0.067394555847,0.972659589811,1.181960592554,0.322630064337,1.027216724070,0.481554811323,0.003302843432,1.030880114526,1.217861852744,0.525969396166,1.159560624649,-0.346513133867,-0.178221475422,1.169818657502,0.436845504949,0.560664758086,0.460327655077,-0.000393069815,-0.353489623350
1640,1,0.235986063001,-0.018481986955,-0.025244200253,-0.235986063001,0.018481986955,0.025244200253,0.330754906351,0.537805691692,-0.240717934692,-0.138012939840,0.547733150093,0.181325250976,0.392391739861,1.004636538092,0.337863238275,-0.058693053025,1.003871957897,1.184134031973,0.318988761192,1.069122636925,0.351993665130,0.029372118974,1.067134452210,1.216216535086,0.525564122316,1.211941003856,-0.502862320604,-0.175455617946,1.200515976436,0.426227816185,0.563054770231,0.459572941065,-0.000413206872,-0.345273096974
1641,1,0.216834893630,-0.018686899744,-0.045839699354,-0.216834893630,0.018686899744,0.045839699354,0.296359623519,0.498050833896,-0.271524153787,-0.124265288936,0.507245068061,0.225724635736,0.353901497546,0.940759591404,0.357400951558,-0.048005637461,0.929273244816,1.258585314409,0.294297740984,0.997693461164,0.377144815789,0.035202929802,0.989667486507,1.299500340847,0.454635389909,1.139241947846,-0.514929709301,-0.154775484231,1.110248261625,0.475937551072,0.564952000976,0.458408355713,-0.000415685587,-0.374487080515
1642,1,0.217959403889,-0.020995735111,-0.047974779738,-0.217959403889,0.020995735111,0.047974779738,0.295530501509,0.507555001062,-0.325316650025,-0.123050732746,0.516893292838,0.225135827686,0.348060481064,0.968413643738,0.221622402231,-0.041982594894,0.943536377900,1.269698066666,0.291294921462,1.025809472173,0.234632349309,0.041881793647,1.004990279804,1.313748211598,0.463180886543,1.165626022524,-0.630931653657,-0.146108114398,1.127121552570,0.513221414147,0.567347958684,0.456304699183,-0.000424689613,-0.371046149873
1643,1,0.192708605927,-0.019934143379,-0.058911883874,-0.192708605927,0.019934143379,0.058911883874,0.247090391701,0.452536418218,-0.302808110422,-0.105621769467,0.461298538113,0.219025540053,0.299743835432,0.869994788798,0.290980958523,-0.027923183245,0.844412362635,1.216965162651,0.256120120332,0.923282698928,0.308957037424,0.046666553248,0.901842080813,1.258396210328,0.394330983824,1.035118641057,-0.540955945826,-0.124072380072,1.002606602103,0.466474809603,0.569644525647,0.455142766237,-0.000404912978,-0.418288000061
1644,1,0.195801565276,-0.020901890916,-0.057941179405,-0.195801565276,0.020901890916,0.057941179405,0.243902018547,0.463404616878,-0.345385955828,-0.103165237270,0.473176225729,0.243576018426,0.302713496394,0.904799105420,0.000691893388,-0.019457426643,0.869138065090,1.212514509745,0.266022963360,0.963298001620,-0.005594916037,0.055389569624,0.928657736867,1.252595351417,0.405041235682,1.061866625154,-0.817011586261,-0.117563461302,1.030767257409,0.512835215203,0.572912245989,0.451716199517,-0.000403338112,-0.410258869290
1645,1,0.183865254521,-0.020799896579,-0.051982991404,-0.183865254521,0.020799896579,0.051982991404,0.219301438876,0.433726514288,-0.313002004214,-0.093892522455,0.441901520321,0.217249696404,0.271769960882,0.854790046214,-0.052767349242,-0.013032764939,0.812684127581,1.133011345754,0.236039362781,0.908955657049,-0.066136040197,0.054896009512,0.866018644262,1.172887093843,0.370522890336,0.994622180684,-0.836807411981,-0.093966940690,0.965295828452,0.509627278467,0.574252337217,0.449859231710,-0.000405864790,-0.438915885323
1646,1,0.189333963223,-0.022794691978,-0.047819493789,-0.189333963223,0.022794691978,0.047819493789,0.219963828436,0.440520790059,-0.307367619588,-0.094236913098,0.458014845443,0.201712536148,0.271927081301,0.880221891896,-0.087350908601,-0.009280096318,0.839525874122,0.938895598669,0.241140846508,0.936302506038,-0.103244853832,0.059128116736,0.894013716630,0.959551616674,0.356181000128,1.018888042139,-0.846347927426,-0.085450166977,0.995812260539,0.307741614512,0.575537189841,0.446836352348,-0.000410402194,-0.428444080672
1647,1,0.208564928552,-0.024850448576,-0.045964036568,-0.208564928552,0.024850448576,0.045964036568,0.240311096562,0.469315757074,-0.363397181806,-0.099405501495,0.505328099465,0.148571280419,0.301313881767,0.972775241126,-0.327228602329,-0.002552267316,0.930594285599,0.726652336629,0.274248405612,1.036181509163,-0.362235799089,0.072009664927,0.990640691934,0.729221076104,0.373576820462,1.120490831611,-1.098374152230,-0.087473085205,1.101337112783,0.083060340621,0.578098043799,0.443723842502,-0.000404178165,-0.389894287140
1648,1,0.246885435729,-0.029708862434,-0.053700865410,-0.246885435729,0.029708862434,0.053700865410,0.265105010767,0.540878444901,-0.450314858503,-0.111878266905,0.592888186790,0.079319044971,0.348690244849,1.149323269089,-0.389371480952,0.004739699167,1.106302346237,0.708440327658,0.331186513264,1.231158673692,-0.426429971532,0.094196752427,1.177269072531,0.707691138587,0.404463148579,1.302475891439,-1.278227634629,-0.100844491538,1.307885130765,-0.056550012960,0.580643922091,0.442564964294,-0.000403676182,-0.328896417738
1649,1,0.265334485532,-0.032959931840,-0.053579960441,-0.265334485532,0.032959931840,0.053579960441,0.274527626386,0.565043359891,-0.527176438701,-0.117344593107,0.639578499260,0.095439946628,0.356522018330,1.213788112342,-0.643377256974,0.012384525902,1.199549264853,0.592213090228,0.357547750955,1.331477609265,-0.690974227464,0.114701892058,1.277845358785,0.576588576534,0.399325030740,1.337245134976,-1.468057406532,-0.103102622550,1.413477856961,-0.132327837868,0.582446634769,0.439429178834,-0.000385140069,-0.305364576063
1650,1,0.260892495858,-0.031805635966,-0.033013729934,-0.260892495858,0.031805635966,0.033013729934,0.266270962986,0.521519608090,-0.910228167431,-0.111688800534,0.621945042766,-0.041028436864,0.339032823923,1.167759228043,-1.205655066226,0.020064214066,1.194084629618,0.275382293623,0.348317595661,1.302090474864,-1.277205050288,0.128453273652,1.274331097540,0.236629839672,0.399116388545,1.256475271535,-2.176660374813,-0.096247301822,1.404373691107,-0.608869910939,0.584157615900,0.435226649046,-0.000355112832,-0.309833009828
1651,1,0.261561264171,-0.032966371434,-0.035132943043,-0.261561264171,0.032966371434,0.035132943043,0.242184604728,0.431917345875,-1.424555307086,-0.106967689213,0.616873315462,-0.015003231603,0.331746490557,1.157615742727,-1.923109335018,0.029147289072,1.217030873194,0.237239826300,0.343283625478,1.302038091084,-2.008699888480,0.135221160762,1.302612357264,0.192007898222,0.325613362485,1.309612384132,-2.983584653621,-0.089967403430,1.425112055591,-0.685403962743,0.586124241352,0.429097145796,-0.000328792259,-0.308887113527
1652,1,0.259749069720,-0.030937110767,-0.015500536693,-0.259749069720,0.030937110767,0.015500536693,0.222167533178,0.419810201455,-1.915008585151,-0.099594740357,0.607673440489,-0.049275260218,0.341129851793,1.146278338926,-2.955997741580,0.040285034034,1.209723414627,0.060985118973,0.331534040075,1.296352956861,-3.103272407747,0.143066213755,1.300048295506,-0.005442329474,0.367932167884,1.164487795371,-4.202100989312,-0.077297423293,1.413105734993,-0.961461696419,0.589685052633,0.428090095520,-0.000256120693,-0.311141605245
1653,1,0.278142045946,-0.033517894075,-0.006892142467,-0.278142045946,0.033517894075,0.006892142467,0.221208441873,0.414757697716,-1.605284960526,-0.110337489630,0.655475614704,-0.082233415996,0.379368097233,1.206592283629,-2.526100703940,0.052413861415,1.298973782506,-0.045410340910,0.367343592228,1.370462102181,-2.653544355186,0.164284733917,1.400285290896,-0.112472692664,0.425429887883,1.311773998847,-3.564423055994,-0.081112809887,1.519590415903,-0.945310890125,0.592283934355,0.427538320422,-0.000257823733,-0.289105580484
1654,1,0.275353998048,-0.033231919231,0.009975360507,-0.275353998048,0.033231919231,-0.009975360507,0.228962799095,0.379230422980,-1.883976417639,-0.100391304601,0.656551401626,-0.099838096917,0.391480737116,1.158370364214,-2.768462402974,0.065591699268,1.291130219483,0.214073779364,0.399828530971,1.312692224903,-2.893997720584,0.176148215990,1.391402222992,0.175210858855,0.411729302140,1.203780688669,-3.964977265344,-0.067851547122,1.513503966959,-0.742774742282,0.595706909895,0.426852986217,-0.000247287797,-0.290526267604
1655,1,0.282585280054,-0.033876357197,0.022925260479,-0.282585280054,0.033876357197,-0.022925260479,0.224971996988,0.361281671845,-1.756390984316,-0.100191815548,0.673855654491,-0.078628082197,0.409845777654,1.134313997833,-2.743639826320,0.077607823219,1.328395339928,0.111940569419,0.438263806475,1.306354288753,-2.872524196232,0.193699682064,1.432391851960,0.059078923460,0.440220775397,1.136419606641,-3.755195239962,-0.064251091581,1.560975360417,-0.761646362468,0.597259491682,0.425843432546,-0.000236943597,-0.282905740917
1656,1,0.278966479139,-0.032445802448,0.018457025244,-0.278966479139,0.032445802448,-0.018457025244,0.207673979495,0.325717804193,-2.811222497196,-0.094411362315,0.663692367002,-0.047319364690,0.408918011093,1.081808543149,-4.360415826341,0.081519001436,1.298399875050,0.457636823532,0.450420900223,1.267986914226,-4.564305245411,0.195912726994,1.406018116679,0.423376465800,0.438166571319,1.010803059671,-5.949378264326,-0.055637711560,1.534090809379,-0.664692591620,0.598613321781,0.425043955445,-0.000179988099,-0.288245948347
1657,1,0.288591650942,-0.032294096230,0.018312732128,-0.288591650942,0.032294096230,-0.018312732128,0.229317422035,0.346474000018,-2.599696847665,-0.090381281534,0.684329780795,-0.085434812562,0.431567337446,1.109309165440,-4.067947932768,0.092533293291,1.349028156096,0.273023973877,0.484057129246,1.312252932786,-4.255455421929,0.210048896820,1.460179381337,0.227262002792,0.474316861482,1.161410592894,-5.439180528616,-0.051127036619,1.593006198381,-0.770590342743,0.600638508797,0.423795372248,-0.000195073895,-0.278328904704
1658,1,0.284233187381,-0.031825392116,0.019820270393,-0.284233187381,0.031825392116,-0.019820270393,0.233482512410,0.337193749684,-2.344499001321,-0.086660869799,0.677023110965,-0.078157623965,0.449178730925,1.076007591378,-3.604972104985,0.093343022680,1.328529643911,0.302145747119,0.505722375836,1.283600397793,-3.771980392738,0.209823879827,1.438065261333,0.248864811233,0.512049003105,1.060885367992,-4.901628503644,-0.047048170330,1.567490918776,-0.680943281003,0.601273685694,0.423558741808,-0.000216437271,-0.282745406138
1659,1,0.300152799481,-0.033582807336,0.020748785628,-0.300152799481,0.033582807336,-0.020748785628,0.249925397109,0.348687356389,-2.835220728330,-0.086865137679,0.712808469244,-0.076274109182,0.517423144411,1.135829782054,-4.477566682636,0.099447214076,1.396528870372,0.565157491533,0.565220886091,1.354083877881,-4.689932687826,0.221770517401,1.511801367561,0.550127846896,0.575221503444,1.060686382267,-6.088113266197,-0.042878432781,1.648365330005,-0.535449639631,0.601573258638,0.423873364925,-0.000219561858,-0.268773533034
1660,1,0.294467116048,-0.032950142979,0.013443011994,-0.294467116048,0.032950142979,-0.013443011994,0.248590921983,0.354655984516,-3.165497154880,-0.081508405621,0.705700742275,-0.043704510403,0.526864727921,1.133214729493,-4.783156441357,0.097837695396,1.367028506592,0.807042996298,0.564820106451,1.331695949907,-5.000019245289,0.217011708182,1.479714160563,0.801859043063,0.589825485400,1.077710914423,-6.525323141156,-0.048742519433,1.614888592176,-0.355568755744,0.601686984301,0.424138978124,-0.000210162369,-0.274397700576
1661,1,0.292054345691,-0.033209274918,0.041282033996,-0.292054345691,0.033209274918,-0.041282033996,0.255102400575,0.362481714035,-2.652082182368,-0.081437072672,0.699258026952,-0.147662442745,0.553766275544,1.166859272118,-4.297494648721,0.096570244011,1.355626954187,0.345970612352,0.581365532002,1.352833582211,-4.416819603440,0.213418834174,1.467598672894,0.310797227560,0.596738021315,1.113971400641,-6.453887733159,-0.047636452846,1.603158243494,-0.703170454246,0.601513445377,0.424418866634,-0.000244544819,-0.276581641200
1662,1,0.290341512295,-0.033422904950,0.030134598403,-0.290341512295,0.033422904950,-0.030134598403,0.267507132133,0.403188641806,-2.514645097830,-0.081412399659,0.695002931967,-0.133863465765,0.579340784014,1.211146305450,-3.801076373966,0.099137606015,1.348842783589,0.374693673621,0.615424484779,1.397177591228,-3.907261278873,0.215816937400,1.460080703402,0.342977184708,0.636109715286,1.339492969803,-6.193752452985,-0.047771718212,1.593849702449,-0.692225296972,0.601405620575,0.424638599157,-0.000272443518,-0.278075549362
1663,1,0.270708315753,-0.030475584596,0.014974827396,-0.270708315753,0.030475584596,-0.014974827396,0.265181202526,0.423079879335,-2.259240684195,-0.077082084521,0.643113517646,-0.195200047572,0.537519313173,1.203871667018,-3.329191790814,0.091012548203,1.258329988525,0.159317417574,0.561953020949,1.368442397407,-3.460959942843,0.196898341087,1.363342755075,0.111818204501,0.601988720860,1.313972549488,-4.880033743965,-0.047515446931,1.480161747090,-0.963039924196,0.600913941860,0.424879744649,-0.000291894656,-0.299925894807
1664,1,0.278023850588,-0.029737932314,0.013906196783,-0.278023850588,0.029737932314,-0.013906196783,0.293607697389,0.491586557217,-1.524899733423,-0.080584086102,0.658011751186,-0.182841248788,0.555585269458,1.248663432162,-2.464839259297,0.092313926928,1.292257370384,0.047422548095,0.576049046906,1.412909786709,-2.599095947177,0.198830428347,1.397721814124,-0.012937828846,0.627223904916,1.407759542776,-3.666137637893,-0.059581519558,1.517650876994,-0.951759310563,0.600853174925,0.425781846046,-0.000297245570,-0.291944767789
1665,1,0.276951030336,-0.030699651656,0.019172512226,-0.276951030336,0.030699651656,-0.019172512226,0.317493438607,0.527192523547,-0.999148625368,-0.080556526395,0.661137239536,-0.142695444644,0.578874132775,1.269022832162,-1.745604419011,0.090536536854,1.292282228244,0.122923038160,0.583048945669,1.427655562707,-1.865260308819,0.194319136414,1.391650963618,0.069683246030,0.684690547810,1.348105835421,-2.837442189764,-0.062759853631,1.511123577382,-0.846816516794,0.599820911884,0.426442921162,-0.000312664779,-0.293346519948
1666,1,0.280702012521,-0.030094380068,0.019056512410,-0.280702012521,0.030094380068,-0.019056512410,0.344314540511,0.585730345133,-0.915659485472,-0.084262291606,0.675105840112,-0.135570430732,0.602139105743,1.297540774579,-1.462032938468,0.084159758363,1.304408241601,0.174086217020,0.626498559073,1.423767004722,-1.565885654745,0.180375597342,1.401477633868,0.132458837689,0.681848633697,1.440171501674,-2.652287828322,-0.069360245700,1.529700077346,-0.787864691918,0.598879963160,0.428115293384,-0.000313275028,-0.290078777420
1667,1,0.273492593411,-0.027913586374,0.017932817993,-0.273492593411,0.027913586374,-0.017932817993,0.350629710571,0.594763812224,-0.894816974773,-0.084057040254,0.656712975242,-0.124680156753,0.594704332489,1.269086515928,-1.326837025951,0.078417347654,1.250348560740,0.323113316496,0.610980015458,1.379138635370,-1.424929693645,0.169355651659,1.342398345715,0.298053366080,0.657793995829,1.415121241647,-2.591998227181,-0.061709157069,1.468243552312,-0.716546866104,0.598038643599,0.431542739272,-0.000327956630,-0.299878435004
1668,1,0.267699527123,-0.026627434072,0.010777724301,-0.267699527123,0.026627434072,-0.010777724301,0.358784074934,0.596274292996,-0.541010631996,-0.087017422727,0.635471319804,-0.112197905114,0.582114700992,1.224209389610,-0.488083406806,0.071099633344,1.201187623932,0.622993506389,0.592920293079,1.321855017803,-0.535420970657,0.156419115979,1.282076309895,0.625988719136,0.628609630034,1.391509927071,-1.669769577025,-0.045569307472,1.414265322653,-0.401599570578,0.596450060606,0.436127454042,-0.000369277783,-0.308126165419
1669,1,0.200311294988,-0.019967763403,-0.017720891682,-0.200311294988,0.019967763403,0.017720891682,0.275364099912,0.454144828675,-0.466079962759,-0.071171250328,0.474930883217,0.032013575749,0.433078724456,0.911977867653,-0.177969808308,0.046674292491,0.891667893929,0.938481503237,0.435639002283,0.981465189044,-0.195611848651,0.110262597830,0.949228504875,0.966257289801,0.478057106111,1.042091133047,-1.185447266118,-0.040132320434,1.051259392306,0.079967444366,0.594264835119,0.439912125468,-0.000391513109,-0.410400961035
1670,1,0.197554379587,-0.020329627262,-0.025952243450,-0.197554379587,0.020329627262,0.025952243450,0.272815059937,0.444386358341,-0.397807685768,-0.077357123339,0.465761740525,0.128933865635,0.420625694044,0.887923286572,-0.034948223803,0.037076219472,0.869216234545,1.130919427897,0.418957076136,0.954895785416,-0.042430669712,0.099661795362,0.922940597843,1.172269679981,0.474208855046,1.035749006088,-0.983198942072,-0.046738174195,1.027119436754,0.342512766429,0.591333329678,0.443449467421,-0.000404478516,-0.416845821335
1671,1,0.203816523062,-0.020384738808,-0.032249686157,-0.203816523062,0.020384738808,0.032249686157,0.279234719119,0.459087620678,-0.382662526390,-0.089040540864,0.470774590248,0.146921086201,0.419269814436,0.892941630183,0.169997210758,0.024642834306,0.876857380668,1.188633122432,0.416555881901,0.961829430640,0.183808229841,0.086071953693,0.929510619704,1.234993984040,0.493766802819,1.058314788854,-0.725799141680,-0.057488612515,1.037995829746,0.404302752688,0.587307155132,0.447456821799,-0.000405963510,-0.408435937430
1672,1,0.207899009502,-0.019411507998,-0.042612735969,-0.207899009502,0.019411507998,0.042612735969,0.282197708013,0.463613568812,-0.404112502279,-0.095803972191,0.480513145388,0.207234007751,0.420354122126,0.908188885676,0.106639569277,0.017998079539,0.888997279025,1.295935039617,0.406087933896,0.975551341743,0.116482859208,0.082674579127,0.942335271049,1.348382421888,0.492042110198,1.090123698785,-0.775763104403,-0.062598905858,1.053344296835,0.561916497688,0.585264921188,0.449202731252,-0.000410079956,-0.400817772903
1673,1,0.184138683836,-0.016995095658,-0.056024605726,-0.184138683836,0.016995095658,0.056024605726,0.248430007894,0.416061750393,-0.275027026299,-0.090069349050,0.430282123014,0.274718790553,0.369250690457,0.802155788658,0.497760759458,0.007903760549,0.788238248213,1.403460601953,0.354851763632,0.842954661155,0.538127080913,0.067409619620,0.832762673081,1.464251308144,0.430867284487,0.966950503253,-0.302279185109,-0.060531003050,0.935421586421,0.687265026974,0.583215832710,0.451434165239,-0.000377838500,-0.449152402329
1674,1,0.176689534612,-0.015863903154,-0.052981422407,-0.176689534612,0.015863903154,0.052981422407,0.239974059097,0.400090457155,-0.205326063615,-0.090825224558,0.412598615415,0.265990103743,0.351980930359,0.770113554212,0.524519417581,0.002499246165,0.758060946953,1.350665039676,0.332955391671,0.803192302659,0.558362259210,0.060964574575,0.800808739772,1.405877769841,0.413256323587,0.922089959963,-0.266248844079,-0.062380732843,0.900248649244,0.634345909141,0.581435441971,0.453208282590,-0.000371420756,-0.464746421858
1675,1,0.179446990934,-0.016115345785,-0.055159468655,-0.179446990934,0.016115345785,0.055159468655,0.245292961275,0.403499226363,-0.201730911007,-0.095903419564,0.418885711911,0.259453354352,0.353189131242,0.778523649139,0.502182389359,-0.003264385551,0.768461317802,1.298224384933,0.334770152473,0.805530256758,0.534660393708,0.053436152083,0.810736382717,1.349245382300,0.413769245781,0.930812365502,-0.291580079884,-0.066885386721,0.913392202435,0.573544130890,0.579633563757,0.453498870134,-0.000366760418,-0.458037904217
1676,1,0.170361853683,-0.015274350266,-0.051615845558,-0.170361853683,0.015274350266,0.051615845558,0.233258410548,0.381124886370,-0.175309266285,-0.096229903227,0.399080551943,0.222001129468,0.331774936289,0.734439268983,0.539398716340,-0.009392645224,0.731639160832,1.193812531267,0.313614720990,0.759989231247,0.575819496773,0.045632100460,0.771298955750,1.242342109026,0.391436204529,0.882167887977,-0.182978095705,-0.068583523612,0.871687539959,0.515285383678,0.577323198318,0.453633993864,-0.000367210247,-0.479926577382
1677,1,0.163997909950,-0.014309083212,-0.049551591236,-0.163997909950,0.014309083212,0.049551591236,0.228020551453,0.366033129897,-0.088447620114,-0.097906268256,0.382990611169,0.199591639961,0.315778483013,0.700175254112,0.650294614628,-0.016449135138,0.703247777758,1.146620016209,0.296522983909,0.729226375212,0.687849856259,0.037280821513,0.741754585888,1.192949817916,0.397729147350,0.846264206078,-0.049282333892,-0.075764703936,0.838643892514,0.475003130135,0.574202433228,0.454519286752,-0.000368914567,-0.497881671397
1678,1,0.161253314733,-0.013653509889,-0.045144205276,-0.161253314733,0.013653509889,0.045144205276,0.226372795728,0.357114314516,-0.089456071887,-0.100587642770,0.374418888565,0.157588216290,0.303244702762,0.679613277613,0.673917747295,-0.023398547050,0.687851639254,1.069178273412,0.282644468038,0.710633277718,0.714936330684,0.029195550681,0.725712381038,1.111401003370,0.395669857531,0.825584681390,0.000655111123,-0.085503974743,0.820218340405,0.414245230933,0.570551827550,0.454358398914,-0.000357894227,-0.509250784863
1679,1,0.170529021104,-0.012646392784,-0.035268465416,-0.170529021104,0.012646392784,0.035268465416,0.242427520575,0.370659233265,-0.019519078124,-0.107539273817,0.389587395465,0.157655077385,0.309966547726,0.702116528060,0.758831026562,-0.032109475472,0.715843438874,1.102473892420,0.287238634967,0.736644539668,0.800776724281,0.022943863835,0.756579761755,1.147470787580,0.428659714479,0.853759881645,0.110771607506,-0.107304622640,0.853218463407,0.443718748139,0.566964223981,0.455264896154,-0.000362243503,-0.488468600123
1680,1,0.162884194659,-0.011092258697,-0.030650443808,-0.162884194659,0.011092258697,0.030650443808,0.229262556257,0.349571428801,0.083908692991,-0.109256718411,0.364557956034,0.178707600808,0.287090220960,0.658631045121,0.907574994417,-0.042543036498,0.672994480156,1.162499508812,0.262463479903,0.691775187630,0.954695606200,0.009302643037,0.711776920379,1.212207355436,0.410072856105,0.797736753522,0.278724588413,-0.112872361213,0.803657110383,0.524674509332,0.561210513115,0.457087293267,-0.000356975477,-0.516465264534
1681,1,0.167294406401,-0.011883698278,-0.022374276772,-0.167294406401,0.011883698278,0.022374276772,0.232181480652,0.361610825130,-0.012221384470,-0.117633316838,0.377308584082,0.120327439571,0.289212871852,0.679770613953,0.761988368738,-0.053755738055,0.696441522954,1.052683495048,0.262550971593,0.715344601594,0.806580973434,-0.000388370780,0.736729075595,1.096497806490,0.427909850224,0.823828571267,0.165794803571,-0.126943831164,0.832589547652,0.443868356961,0.556574955583,0.456811815500,-0.000368895009,-0.499364583304
1682,1,0.169512350653,-0.012063544870,-0.021367552562,-0.169512350653,0.012063544870,0.021367552562,0.230061559179,0.370199329634,0.015541566911,-0.123064166465,0.383792599852,0.123037649822,0.288074727943,0.691624012092,0.836628627143,-0.064862691135,0.708794803631,1.115237202842,0.258809593731,0.728428084317,0.882369523860,-0.010513398910,0.750338521166,1.162929800319,0.428048344593,0.836476607558,0.191454832198,-0.143891248879,0.846712644187,0.465499325235,0.551601633430,0.456631824374,-0.000368492212,-0.491096027553
1683,1,0.198893807062,-0.014168207362,-0.009061976227,-0.198893807062,0.014168207362,0.009061976227,0.263015991024,0.436625230137,-0.034581299740,-0.149123184318,0.450030386971,0.099802935036,0.326569067356,0.810899346649,0.835546752727,-0.089152828139,0.832769624151,1.076979009951,0.291137995443,0.855385398537,0.877420012152,-0.028437970020,0.883742564938,1.117271233230,0.494064663483,0.978945857156,0.079333822125,-0.184720980319,0.996471358921,0.385016548827,0.546238750219,0.456510901451,-0.000381481601,-0.419353009615
1684,1,0.194918262564,-0.012793177011,-0.008632488544,-0.194918262564,0.012793177011,0.008632488544,0.249751942072,0.423996581032,0.062217062843,-0.151410979276,0.435920129536,0.131598918430,0.305963005833,0.786590185193,1.000682810162,-0.099868654917,0.809895233584,1.235644222867,0.273017512178,0.830463904407,1.054825654241,-0.042387856101,0.859051161254,1.290617493722,0.467135838200,0.950195668142,0.296136937601,-0.193500639499,0.967842116157,0.524331696083,0.540605694056,0.457285910845,-0.000377124990,-0.431050279423
1685,1,0.195809660864,-0.012582389669,-0.007109917496,-0.195809660864,0.012582389669,0.007109917496,0.246163972787,0.425784730631,0.011258217016,-0.156602747508,0.438411815601,0.132658088388,0.298423099430,0.792144513406,0.881510103864,-0.113300740496,0.814614187005,1.240469571980,0.264629337883,0.836614594808,0.929666954923,-0.055687869838,0.864054999491,1.299547277092,0.457271454613,0.956630054722,0.193565938827,-0.208136359942,0.974542899434,0.529734028281,0.535037800670,0.457765996456,-0.000378945260,-0.427411566382
1686,1,0.196015377178,-0.012655888317,-0.004649217863,-0.196015377178,0.012655888317,0.004649217863,0.242177774553,0.429467557795,0.009895528519,-0.160824281133,0.440210026224,0.123080215504,0.289798202436,0.795635221235,0.900194803522,-0.125762065571,0.818349565831,1.206148594758,0.255828809316,0.840408581188,0.951863059181,-0.068738055364,0.867954262844,1.261462837254,0.455439111444,0.960604340727,0.236238522812,-0.224654441628,0.979776013003,0.523270277664,0.529959052801,0.457820668817,-0.000380099751,-0.425481593002
1687,1,0.193394982438,-0.012457681978,-0.004657725394,-0.193394982438,0.012457681978,0.004657725394,0.229931817297,0.427932222771,0.007506021391,-0.165646499421,0.436116495983,0.123554103691,0.273477518522,0.788652232788,0.887502835445,-0.138893573513,0.810795815324,1.185599264218,0.240873925247,0.833263293913,0.937213594144,-0.084156944446,0.859799872800,1.237072508707,0.433966486744,0.951411942712,0.200127705144,-0.237410846401,0.970677374365,0.483906877129,0.523901805282,0.457807704806,-0.000378115743,-0.429511996876
1688,1,0.220636620615,-0.013725757364,0.001825835564,-0.220636620615,0.013725757364,-0.001825835564,0.256056481683,0.480172662639,-0.002707693483,-0.187271065346,0.490674283859,0.093214602040,0.297054832128,0.885637723197,0.891277095999,-0.166050513581,0.910926978965,1.112090650677,0.260641724028,0.935890894302,0.941872599441,-0.105381148451,0.965524777678,1.155855641899,0.475922464818,1.068214190036,0.180648946557,-0.278048372430,1.090118471141,0.403347745368,0.520072937012,0.457926943898,-0.000387955079,-0.382353011570
1689,1,0.209927358988,-0.012460683873,0.014836562472,-0.209927358988,0.012460683873,-0.014836562472,0.236792941695,0.450802916679,0.084737616606,-0.184074383642,0.464980155423,0.094998469107,0.268656893822,0.832902255803,1.092262371185,-0.168696788774,0.854429652655,1.262289770466,0.234912952702,0.880594267407,1.155021147514,-0.115920846694,0.903421338891,1.328477095243,0.447101941244,1.005226781808,0.406603076568,-0.273036692864,1.025917696120,0.560938188451,0.515286400914,0.459120079875,-0.000367859146,-0.405092024037
1690,1,0.212879375879,-0.012236020163,0.017023281063,-0.212879375879,0.012236020163,-0.017023281063,0.239657310334,0.458133343514,0.070670511027,-0.186843202293,0.472756693425,0.083589959208,0.265223899321,0.847687931723,1.044996655231,-0.179465899368,0.870196377224,1.216829557315,0.231333046761,0.896250980582,1.102073135039,-0.125517611164,0.919812020791,1.273249382845,0.448694752988,1.022815867292,0.347034027635,-0.287117794331,1.044928147610,0.492494487710,0.511977225542,0.459387391806,-0.000375552103,-0.397800431964
1691,1,0.193909950367,-0.010627502684,0.011023455187,-0.193909950367,0.010627502684,-0.011023455187,0.216167144065,0.418367088912,0.082068704432,-0.171301568291,0.430099397252,0.080602021094,0.234601467620,0.772308145333,1.025276159502,-0.170564713205,0.791669976880,1.201022570678,0.205120041453,0.817468081564,1.081103391590,-0.124343989109,0.836808381189,1.258049594179,0.400376145794,0.928576479838,0.339973980705,-0.268987538606,0.950757494140,0.490181726418,0.508811771870,0.459303945303,-0.000373074785,-0.437375435817
1692,1,0.197195211263,-0.010283066935,0.022329248579,-0.197195211263,0.010283066935,-0.022329248579,0.214290550911,0.423443414369,0.139401936059,-0.175430431975,0.434935509233,0.083100068949,0.230276789991,0.781856261851,1.107394077045,-0.180109253818,0.800837010378,1.226080324503,0.200358876311,0.827854719548,1.167671971733,-0.136303472148,0.845828536937,1.284609542124,0.397554846429,0.939573853451,0.465801301361,-0.278018198852,0.962195586602,0.531083014644,0.505630522966,0.459516808391,-0.000357434154,-0.432000443018
1693,1,0.214703691679,-0.010902854905,0.023254985855,-0.214703691679,0.010902854905,-0.023254985855,0.232100338187,0.459900617247,0.141803638370,-0.190687975637,0.472468907471,0.065639731180,0.245358575723,0.849410072406,1.118389889608,-0.200289042452,0.870732894091,1.155057589484,0.213109463422,0.899487798226,1.182424649602,-0.153241835206,0.919820395530,1.205338699773,0.426593635730,1.020509056453,0.415484204413,-0.303695795808,1.045681934130,0.446960350741,0.503784164786,0.459631726146,-0.000357775018,-0.397394643178
1694,1,0.212714447978,-0.010215056444,0.022265030804,-0.212714447978,0.010215056444,-0.022265030804,0.229283542007,0.454152759145,0.114244848095,-0.189422519615,0.466064842450,0.071468449133,0.237667255355,0.837933199270,1.064429172343,-0.201327358565,0.858857850194,1.150016039058,0.206390792327,0.887673968011,1.119442056592,-0.155376421818,0.907012105433,1.199547682522,0.415852562368,1.006486102874,0.405367756540,-0.302841750457,1.031161407143,0.429634974527,0.502030387521,0.459371238947,-0.000361141283,-0.403159154960
1695,1,0.197555798119,-0.008980127761,0.021783412378,-0.197555798119,0.008980127761,-0.021783412378,0.208575197149,0.419902011407,0.173652779298,-0.178725019310,0.430860178250,0.077006076755,0.215268046182,0.775132845070,1.106705246579,-0.191203249529,0.794472227315,1.165532479168,0.186417150262,0.821667117564,1.162851809297,-0.148647632430,0.839011904091,1.221617057125,0.379764313103,0.930442710440,0.461486303014,-0.284524385839,0.953936303153,0.480499204819,0.499908998609,0.459569215775,-0.000358242542,-0.435605520994
1696,1,0.259477422889,-0.011820353794,0.030494971718,-0.259477422889,0.011820353794,-0.030494971718,0.273069036123,0.551412422230,0.057651510356,-0.238138771951,0.565588979119,0.040412309157,0.278174375379,1.019898098950,0.840527984768,-0.255937334523,1.045393828685,1.066544794165,0.240287706230,1.081139665267,0.879803017413,-0.200599936333,1.104350531987,1.103981098108,0.493996169575,1.224178643355,0.160546479600,-0.377811218362,1.253737111942,0.315382912891,0.498238593340,0.459559813142,-0.000364796724,-0.331066913889
1697,1,0.270461435681,-0.012386851549,0.041217248998,-0.270461435681,0.012386851549,-0.041217248998,0.284437028038,0.573767539066,0.000399884423,-0.249059715611,0.590777691074,0.040852538334,0.289971971811,1.063171168791,0.700545451985,-0.267232937302,1.087283342011,1.025830965268,0.250133693519,1.126979073463,0.733964620969,-0.210078218856,1.148342530960,1.060959383408,0.518625169374,1.274774638842,0.039808373935,-0.398320887586,1.305506799879,0.303626259369,0.497874021530,0.459774672985,-0.000368487090,-0.317786980200
1698,1,0.266827651432,-0.011862968563,0.052829096980,-0.266827651432,0.011862968563,-0.052829096980,0.282330530346,0.567081177850,-0.003334826608,-0.247487295907,0.584175341277,0.018933754414,0.285651145435,1.052033384384,0.699340974051,-0.265939669431,1.074958487460,0.981849786855,0.245912884721,1.115677904314,0.732492193923,-0.211161619186,1.134956885430,1.017206452523,0.512245554330,1.258505423954,0.042555810776,-0.394041039454,1.291917577773,0.273990989973,0.497539788485,0.459749996662,-0.000379110686,-0.321455438881
1699,1,0.265186358399,-0.011357075184,0.052081430694,-0.265186358399,0.011357075184,-0.052081430694,0.281590062327,0.565920113953,-0.000140736094,-0.245680485068,0.582900662598,0.018060858713,0.285272311436,1.049406936491,0.755031308801,-0.264734753962,1.072310102633,0.947127993938,0.245646748756,1.111976241315,0.792764403032,-0.210201531033,1.132108593335,0.978349240570,0.510257186720,1.256975094211,0.090935876026,-0.392275758723,1.288587219918,0.234191064182,0.497616559267,0.459549590945,-0.000383313745,-0.322437370800
1700,1,0.268688428941,-0.011439541886,0.052040574610,-0.268688428941,0.011439541886,-0.052040574610,0.285830202566,0.572156888716,-0.002951846647,-0.248689895991,0.590543032571,0.025613879477,0.289954093278,1.063408028524,0.603158813426,-0.267638980386,1.086647263108,0.888304588949,0.250228849914,1.126956615824,0.623764404221,-0.210228224655,1.147832624146,0.910796826727,0.517268078506,1.273652363957,-0.048271554215,-0.396820814666,1.305106971074,0.195973265854,0.497779607773,0.459570392966,-0.000383872539,-0.318172070896
1701,1,0.283131863894,-0.012289674175,0.059654199858,-0.283131863894,0.012289674175,-0.059654199858,0.302045455785,0.601973224171,-0.052638971681,-0.261529162381,0.622481250879,0.029354123791,0.306519211078,1.120938708886,0.417149067929,-0.281325304987,1.145349266081,0.835168261669,0.265219963610,1.188192607144,0.432207904140,-0.220847335193,1.209832422970,0.851222965699,0.545709209481,1.342319266198,-0.155449794169,-0.417003189432,1.376318937785,0.203634931123,0.498047828674,0.459497034550,-0.000382449478,-0.301923232134
1702,1,0.288403502380,-0.012745543807,0.062099178444,-0.288403502380,0.012745543807,-0.062099178444,0.307570288354,0.613144224956,-0.053236243551,-0.266318952208,0.634388322347,0.039524922183,0.312438522135,1.141856364586,0.477193769952,-0.286003357391,1.166005763109,0.882084761410,0.270289242298,1.210222705538,0.497935022897,-0.224423557055,1.231164473108,0.902671633169,0.555660651966,1.366899707825,-0.105008812001,-0.424024760362,1.402777050995,0.246868273456,0.498181357980,0.459427937865,-0.000383978710,-0.296515194684
1703,1,0.270609674117,-0.012180042627,0.055981903167,-0.270609674117,0.012180042627,-0.055981903167,0.290300194227,0.576268527018,-0.053505164868,-0.251526434029,0.596981336527,0.038634728864,0.296005011899,1.075307934586,0.576553760214,-0.268152735342,1.098167703226,0.916701586014,0.256991954229,1.139937933313,0.605865760813,-0.208417311403,1.159808612532,0.944775749709,0.524365198635,1.287048821991,-0.056549312105,-0.403602106560,1.320929142858,0.247129162606,0.498575359583,0.459325939417,-0.000398217700,-0.314963934396
1704,1,0.268212219812,-0.012098733855,0.054608799823,-0.268212219812,0.012098733855,-0.054608799823,0.290676046235,0.572844472708,-0.054479892759,-0.247424108937,0.590266318991,0.037924585471,0.297529590453,1.068743240024,0.528561628028,-0.262162031409,1.090834820823,0.872776499689,0.258428215337,1.132942607447,0.547416361786,-0.202888135472,1.152521319044,0.893747400534,0.524355607467,1.278593636090,-0.149942899232,-0.393089971076,1.310641496451,0.171290475799,0.499816864729,0.458782956004,-0.000404900871,-0.317441497054
1705,1,0.260233508511,-0.011704032106,0.044938651379,-0.260233508511,0.011704032106,-0.044938651379,0.285773884049,0.558299094668,-0.050156834766,-0.236955936240,0.574422788451,0.037519069512,0.296470664372,1.039134340290,0.656247322576,-0.247546771707,1.060911711500,0.910369291201,0.258815526499,1.101344685170,0.692196438009,-0.189472017586,1.121443364245,0.941646201986,0.516287624773,1.243717780955,-0.109402908051,-0.375528887684,1.274438869072,0.191541610936,0.502203017473,0.458761215210,-0.000418460462,-0.326589677164
1706,1,0.218288288464,-0.010037048065,0.021914784798,-0.218288288464,0.010037048065,-0.021914784798,0.247653348335,0.467826121484,-0.042857279871,-0.192651931033,0.481616360701,0.039691595740,0.259951418905,0.870735648101,0.675275719512,-0.195672638456,0.889174692930,0.936628725573,0.228760975811,0.923037270895,0.712993607704,-0.145847699287,0.940077135415,0.973776076447,0.440186732609,1.042007634868,-0.068250001363,-0.305205717680,1.067587297685,0.230411337333,0.506722703576,0.458508238196,-0.000422473997,-0.390042744346
1707,1,0.222948390057,-0.009890891523,0.017925210490,-0.222948390057,0.009890891523,-0.017925210490,0.261749889374,0.475431094504,-0.029766801688,-0.192055136724,0.489136042604,0.043707562912,0.277356436831,0.882165816738,0.914408902830,-0.186277203198,0.901484279316,1.107008832763,0.244900814762,0.934845989941,0.972706080539,-0.134919982881,0.952931930109,1.160412682446,0.460704227731,1.056935198921,0.238517484557,-0.295803400899,1.083247055082,0.410071349787,0.512083813548,0.458914250135,-0.000420707045,-0.384267663819
1708,1,0.232298870050,-0.010359733821,0.018875266834,-0.232298870050,0.010359733821,-0.018875266834,0.278206619751,0.495965510382,-0.051877792567,-0.196955536705,0.513177601495,0.042146415026,0.301543420331,0.919534569666,0.823801179021,-0.181071072382,0.939701236797,1.074378284330,0.263788204697,0.974650001401,0.874672490299,-0.126910205928,0.993273160892,1.123092889333,0.494587470965,1.101056404494,0.163690564392,-0.296005065888,1.129000603679,0.405586045634,0.517215341330,0.458897933364,-0.000419833697,-0.368593144399
1709,1,0.261335893295,-0.011899183921,0.021391689019,-0.261335893295,0.011899183921,-0.021391689019,0.325958724423,0.561733624968,-0.082003510687,-0.210178362137,0.581488765803,0.045589086650,0.362060104181,1.042948547039,0.655961055904,-0.185644345749,1.066062752574,0.960224194682,0.319367020302,1.105186795855,0.687116687901,-0.122555749513,1.127248739972,0.987020857117,0.579989343669,1.248914199004,-0.027340343383,-0.314878464828,1.280345722109,0.260719698173,0.523894369602,0.458501726389,-0.000421796693,-0.325308396877
1710,1,0.260166065854,-0.011768784401,0.021011758198,-0.260166065854,0.011768784401,-0.021011758198,0.330556267401,0.558814899056,-0.086644818786,-0.204068406231,0.578285760808,0.048773311706,0.380360621750,1.037155869467,0.587331802477,-0.165338340362,1.060519335736,0.929666926704,0.338034837205,1.099088060513,0.615533724020,-0.101372886945,1.121678547990,0.956086940711,0.595173797791,1.241299021289,-0.063560742648,-0.293063787976,1.271963855620,0.259112679293,0.530476272106,0.458595961332,-0.000423089368,-0.326947772363
1711,1,0.264717397939,-0.012304615853,0.021748825806,-0.264717397939,0.012304615853,-0.021748825806,0.340307846538,0.574363811195,-0.086091479353,-0.201947128141,0.594882963322,0.051355378743,0.410198728677,1.066825901011,0.590525769327,-0.151650545828,1.091493193932,0.916382329648,0.366414569827,1.130845378006,0.617741330496,-0.085285358247,1.155210264859,0.939814391334,0.631317032025,1.276095401870,-0.070502951925,-0.282652966717,1.308731432337,0.239838683406,0.536487370729,0.458553925157,-0.000424630940,-0.317727379787
1712,1,0.255434891093,-0.012141820835,0.018786915515,-0.255434891093,0.012141820835,-0.018786915515,0.335282443196,0.556725781615,-0.105630618842,-0.185584260877,0.575687768353,0.039508914549,0.415520373636,1.034530500559,0.592061686758,-0.129461420307,1.059600171827,0.949161269657,0.373003499941,1.096700114275,0.621360380905,-0.063999318977,1.123678221041,0.981236750182,0.625509371652,1.235398246025,-0.104260010414,-0.256356743987,1.269051149584,0.239080758945,0.542377352715,0.458318203688,-0.000432932982,-0.327813202038
1713,1,0.210216621277,-0.009954205558,0.009207104748,-0.210216621277,0.009954205558,-0.009207104748,0.281678965195,0.455935893262,-0.083420849283,-0.145983648966,0.470960746786,0.041091540885,0.352455931480,0.847221601932,0.645498792298,-0.092654032706,0.867786057768,0.939820689229,0.316235145574,0.898269802575,0.681884557221,-0.038312654331,0.921190420840,0.975963452568,0.520678990224,1.011520453092,-0.074882175419,-0.196388312323,1.038859024808,0.232273535870,0.547763049603,0.458301842213,-0.000431805034,-0.400305126478
1714,1,0.223857987295,-0.010838168941,0.009933494132,-0.223857987295,0.010838168941,-0.009933494132,0.305318185823,0.483820714847,-0.116275075276,-0.149481284291,0.499409530402,0.037560084352,0.382051308259,0.898808228715,0.559957001128,-0.088431417690,0.922844940815,0.774037255684,0.345289757216,0.952146421653,0.590629843409,-0.030512950300,0.980018326604,0.789762669533,0.562464275547,1.075572431743,-0.108750838675,-0.196801400937,1.102962327429,0.081893445596,0.551984116435,0.458023786545,-0.000431351480,-0.376788094895
1715,1,0.253435825723,-0.012615910033,0.013008902791,-0.253435825723,0.012615910033,-0.013008902791,0.350415979209,0.551827269891,-0.126315847979,-0.166685800418,0.567105814177,0.072058369180,0.428768448410,1.021026564092,0.454949917884,-0.093632228541,1.047858925843,0.819273184964,0.383644747438,1.081690541072,0.473877180586,-0.026659509009,1.112592345082,0.833251261006,0.644263209853,1.225745952935,-0.167990898245,-0.215889384117,1.253274045845,0.136028959254,0.554696634412,0.458553925157,-0.000429263338,-0.331122084668
1716,1,0.255869410501,-0.013214253956,0.007539546430,-0.255869410501,0.013214253956,-0.007539546430,0.350961061492,0.559216725194,-0.257567236973,-0.159316903728,0.575385099400,0.078250306557,0.437629557907,1.037213082415,0.403100590792,-0.081339047670,1.061862490374,0.834399362831,0.393484453491,1.098621426891,0.432032738211,-0.011531467141,1.126821001056,0.848968391178,0.647458001474,1.256155031229,-0.305767603822,-0.205303095417,1.270495190344,0.147698607126,0.559157133102,0.458786129951,-0.000433989102,-0.326450268997
1717,1,0.253091375617,-0.014071747079,-0.008268066126,-0.253091375617,0.014071747079,0.008268066126,0.337498019359,0.560863730646,-0.342308853707,-0.158458373022,0.580094736231,0.115959087471,0.434243170042,1.050627076494,0.285782130162,-0.074990116716,1.063474782380,0.973761280583,0.394417601735,1.112831915572,0.308089793404,-0.002720035724,1.128333484153,0.997855204589,0.611825091688,1.275476360598,-0.536568136814,-0.199755640449,1.271655770133,0.197671555031,0.561099395156,0.458565548062,-0.000441878918,-0.326292796063
1718,1,0.255169722055,-0.015544268908,-0.007726770902,-0.255169722055,0.015544268908,0.007726770902,0.330233023681,0.569071987921,-0.340619929837,-0.156897527554,0.586478219512,0.118122284534,0.431116180587,1.083247041033,0.159938792013,-0.070102832730,1.075436933219,0.978612125033,0.377235327099,1.145411389711,0.168060422013,0.005353621125,1.142126913178,1.002287857359,0.604658443614,1.308732524820,-0.637325797472,-0.195042792805,1.285349235778,0.202595059464,0.563230752945,0.458132311702,-0.000441214303,-0.323150401257
1719,1,0.216369234068,-0.016161820078,-0.011951561601,-0.216369234068,0.016161820078,0.011951561601,0.269021315908,0.487846603371,-0.386321073496,-0.131912089957,0.504676412754,0.147877299125,0.357905392320,0.938867417700,0.031127501419,-0.056013760223,0.926516649914,0.936277355288,0.310515327657,0.998886166396,0.032663394437,0.015373617848,0.987116381896,0.957016462242,0.493375101045,1.135581504634,-0.767556261496,-0.164433949788,1.104427219095,0.205632417631,0.564521446824,0.456089735031,-0.000438152812,-0.379182624574
1720,1,0.210395846316,-0.017546423644,-0.019344017400,-0.210395846316,0.017546423644,0.019344017400,0.251241189006,0.473056437520,-0.379910638819,-0.121632870967,0.487928368880,0.182847896582,0.334662160419,0.917230058010,0.036522716613,-0.044439988399,0.897467283946,1.001039679742,0.286530859744,0.978209058737,0.039190481977,0.029401432407,0.956221284341,1.027434812252,0.463813550618,1.104558484256,-0.744941921651,-0.148277788673,1.069300985123,0.299486087955,0.567180007696,0.454760193825,-0.000439588679,-0.392774458897
1721,1,0.239659719471,-0.023502545124,-0.022711151433,-0.239659719471,0.023502545124,0.022711151433,0.263653098427,0.530763938590,-0.509913746409,-0.135782498285,0.557839786784,0.190807950070,0.367051602473,1.066579589174,-0.380863083938,-0.045430092746,1.025495809962,0.985520552447,0.318395709938,1.140676654458,-0.408434940352,0.040110649287,1.094867279064,0.998703168561,0.470179141061,1.271389287271,-1.251830708602,-0.158967724058,1.224949153966,0.245269161107,0.568688690662,0.451283797622,-0.000439299503,-0.345575033133
1722,1,0.218682626171,-0.021607613945,-0.036365630742,-0.218682626171,0.021607613945,0.036365630742,0.227213289863,0.481712013738,-0.492466024852,-0.116310096062,0.508566057489,0.232917801219,0.328876387667,0.981436538897,-0.384264176398,-0.029814774301,0.939994104561,0.994468505104,0.299662528979,1.049874084747,-0.416154937610,0.052085926295,1.004733659736,1.009447980873,0.398013919321,1.160490577211,-1.285382028272,-0.137239451158,1.121204936739,0.276649280446,0.571681722999,0.449925512075,-0.000416951254,-0.378582321914
1723,1,0.229791983045,-0.024257254935,-0.047752091933,-0.229791983045,0.024257254935,0.047752091933,0.222941430611,0.492386277286,-0.578644104268,-0.121520791941,0.537057485582,0.231397202606,0.331048393006,1.045958283746,-0.637101363315,-0.022933098506,1.005856497774,0.745777405878,0.316172703090,1.117658772689,-0.683087983610,0.066982952644,1.074706302782,0.739004387384,0.365380854401,1.223222521937,-1.509503171792,-0.140657600589,1.194714016982,0.032149302725,0.573713347316,0.445793524384,-0.000408236869,-0.357855700112
1724,1,0.203934439642,-0.023021491352,-0.073468316839,-0.203934439642,0.023021491352,0.073468316839,0.186612270656,0.430646180023,-0.735826807316,-0.106949148356,0.481588637774,0.193223506323,0.289289798752,0.944703517360,-0.668613975329,-0.008501995130,0.909243967601,0.707073367412,0.288392469108,1.008822124628,-0.702947443883,0.080127263466,0.970854437453,0.704844848384,0.312972260539,1.096860373324,-1.595807892118,-0.122602855525,1.077197136858,-0.059329207722,0.575430899858,0.442428588867,-0.000412099995,-0.399576391128
1725,1,0.259051601546,-0.031790095032,-0.081199347436,-0.259051601546,0.031790095032,0.081199347436,0.225881231764,0.505153413959,-0.930403764067,-0.134524075672,0.609638711977,0.170217678094,0.359102739448,1.213732812204,-1.578771221137,-0.002521981135,1.179144413462,0.356155363365,0.368444277622,1.305060911892,-1.684234687689,0.113354000571,1.261363330625,0.310323426768,0.385734558201,1.351673691545,-2.539299459535,-0.153121894413,1.385725502624,-0.410908768801,0.577505886555,0.438067674637,-0.000338631682,-0.311804108118
1726,1,0.279504521069,-0.034778411048,-0.083741675428,-0.279504521069,0.034778411048,0.083741675428,0.212521501617,0.423940010731,-1.328345779409,-0.139998606270,0.651892204051,0.269726988874,0.378251637423,1.255593186678,-2.153427348426,0.005740052588,1.278979635775,0.548496514126,0.405217632527,1.389643941299,-2.270808955543,0.129232650499,1.369594145560,0.509424100724,0.318132125798,1.419376088745,-3.283180196599,-0.147650850166,1.500313976388,-0.317327431992,0.579887762666,0.432761773467,-0.000339432620,-0.291283880415
1727,1,0.283805114868,-0.034998908719,-0.082571219399,-0.283805114868,0.034998908719,0.082571219399,0.204873595966,0.429566199496,-2.057852216255,-0.143472067657,0.657782423423,0.093822588391,0.367912551513,1.263444036896,-3.079741802264,0.014034557490,1.309121858094,0.344791125289,0.393529580812,1.415842915790,-3.227019780835,0.135250147535,1.404115122826,0.293982042329,0.326309464485,1.344663946385,-4.465904960283,-0.142547315658,1.535447236660,-0.720125528022,0.582238316536,0.431300401688,-0.000344614498,-0.285470020042
1728,1,0.286858798641,-0.035084907686,-0.070715577827,-0.286858798641,0.035084907686,0.070715577827,0.209354995883,0.386552327350,-1.540909845998,-0.142196657215,0.666297554680,0.062488562246,0.365550913260,1.224375074990,-2.265787126735,0.020632353871,1.320626442816,0.184790644257,0.399598782236,1.374593678547,-2.374400513364,0.138589447176,1.414667760902,0.127782013704,0.362914858976,1.373889104258,-3.315410584323,-0.138567573825,1.549638956203,-0.709162999999,0.583687216043,0.430228367448,-0.000311765820,-0.283398873759
1729,1,0.270264584939,-0.033410170624,-0.023409594173,-0.270264584939,0.033410170624,0.023409594173,0.198056252944,0.301528934163,-1.702309899388,-0.127616070647,0.636223360013,0.070982168689,0.342785578759,1.017555434626,-2.430986568493,0.026795861726,1.243553942958,0.365744773910,0.384990267526,1.162314986070,-2.531937788170,0.137011979690,1.331489908045,0.332020405404,0.371739649437,1.039103235398,-3.364835792619,-0.115267960086,1.463685904613,-0.466053463625,0.585736721754,0.429156705737,-0.000273125246,-0.300728516780
1730,1,0.269213382587,-0.033205348090,-0.008933481098,-0.269213382587,0.033205348090,0.008933481098,0.190084484240,0.260000188299,-1.845346983674,-0.128874067481,0.627841953064,0.072311696374,0.341321219470,0.950729452736,-2.689592015572,0.030605990377,1.231974835206,0.339348341701,0.386200803859,1.088590815149,-2.799802944912,0.138822045611,1.321608493481,0.302352581299,0.382014872175,1.050805702184,-3.633042543364,-0.088951170475,1.451372082441,-0.470306694400,0.587018609047,0.426415234804,-0.000244536321,-0.304884300056
1731,1,0.277577935965,-0.032878632951,-0.001110035234,-0.277577935965,0.032878632951,0.001110035234,0.185716466149,0.265416113802,-2.281039941008,-0.130993668110,0.642597252621,0.048170085312,0.354384074259,0.943173716462,-3.507355542049,0.034051801650,1.265986168531,0.425661909272,0.400746144725,1.088448972927,-3.663994369806,0.143451983455,1.358313384720,0.395226644212,0.397011571040,1.050615282722,-4.752073526509,-0.080459386420,1.492778043678,-0.458968358414,0.587839752436,0.424178153276,-0.000236372391,-0.297929562457
1732,1,0.272278630875,-0.029676009224,0.016827729942,-0.272278630875,0.029676009224,-0.016827729942,0.190827258664,0.247584255723,-2.169351474493,-0.125602580570,0.624524309540,0.023661946218,0.346682987797,0.887807577935,-3.337402362872,0.038459339350,1.240623540389,0.338050066593,0.398587235116,1.022930851956,-3.484712845323,0.143515739884,1.331812339354,0.303631437136,0.382628103306,0.832931841618,-4.430419848687,-0.062434175605,1.462628761255,-0.513642867886,0.589314967394,0.423584580421,-0.000217505731,-0.304302746551
1733,1,0.275170394645,-0.030601734511,0.014183862689,-0.275170394645,0.030601734511,-0.014183862689,0.193517685781,0.235083843448,-2.521914088018,-0.125048562436,0.632478636925,0.031704496752,0.354210566667,0.828346477979,-2.694804743733,0.043428700737,1.252641417422,0.561983623576,0.408546900583,0.940832780783,-2.896860713594,0.145265200819,1.344389286823,0.551531002778,0.385384801535,0.990960126502,-3.869818070934,-0.063377812814,1.477320773041,-0.498761095856,0.589505910873,0.423818543553,-0.000199734699,-0.301224508093
1734,1,0.278225298831,-0.031081754729,0.012383016465,-0.278225298831,0.031081754729,-0.012383016465,0.190701105746,0.249688515923,-2.638833755896,-0.123543474623,0.643265807930,0.040392702858,0.370465630032,0.891822227120,-3.986989483334,0.044824522712,1.261445122828,0.759949061806,0.436300718243,1.033674486748,-4.167279730904,0.146925035166,1.350555169632,0.765592576995,0.393789996833,0.863689293920,-5.399131134455,-0.064596988416,1.495904532163,-0.242021076899,0.589657306671,0.423096269369,-0.000214840169,-0.298576906643
1735,1,0.281201076465,-0.030757083578,-0.010423300873,-0.281201076465,0.030757083578,0.010423300873,0.190934430380,0.263069419832,-3.135561331257,-0.122903204197,0.654409722218,0.045126804798,0.395543967926,0.935681033007,-4.968292501104,0.046018820440,1.278411615159,0.875724423607,0.472932404048,1.084371536013,-5.201164491894,0.148672540780,1.368688554205,0.879469345993,0.406416059567,0.877411570503,-6.701495983475,-0.075147295186,1.516307176487,-0.220953129592,0.589518487453,0.422235429287,-0.000198957510,-0.295331617653
1736,1,0.282972459405,-0.029964876014,-0.010754844411,-0.282972459405,0.029964876014,0.010754844411,0.193258802203,0.277924651084,-2.994514730222,-0.118019566208,0.663507171850,0.048518782121,0.429716480410,0.967288843440,-4.674979937745,0.047680744680,1.285448161470,0.920666580294,0.498309095624,1.166252487675,-4.891929486733,0.152218186079,1.379237720247,0.928180014888,0.434226854023,0.926764359401,-6.309307724793,-0.080172720247,1.529700367434,-0.128454508327,0.589466631413,0.420906454325,-0.000203146017,-0.293789555831
1737,1,0.297065693138,-0.031003416399,0.014211304641,-0.297065693138,0.031003416399,-0.014211304641,0.206999032449,0.294968958218,-2.152221030861,-0.119982962082,0.685343749326,0.000512373910,0.507565799410,1.094825900886,-3.483476363370,0.054379398288,1.346654166638,0.548833562734,0.557881898310,1.299571663654,-3.657674892191,0.164366185829,1.448141739824,0.524955540472,0.502745231825,1.021353309634,-4.665791134578,-0.087890726318,1.605956474552,-0.359152282551,0.589406043291,0.420983269811,-0.000236794935,-0.279775000291
1738,1,0.297074907022,-0.031111410520,0.013226084465,-0.297074907022,0.031111410520,-0.013226084465,0.236632929545,0.366200826351,-2.020393455753,-0.117640248985,0.686197638246,-0.022990560576,0.534716729225,1.197897685897,-2.958054713664,0.057572905703,1.345915464912,0.475696165155,0.574127756750,1.393911238225,-3.093240366308,0.164196268367,1.448984807779,0.447150327984,0.585401818051,1.353987245117,-4.241696508240,-0.089015342487,1.602739452454,-0.524012949616,0.589158535004,0.421105787158,-0.000250824494,-0.279858516331
1739,1,0.312621682760,-0.032544082436,-0.001888008139,-0.312621682760,0.032544082436,0.001888008139,0.282924852071,0.495495048170,-2.006434309795,-0.126100127647,0.715953667447,-0.047237833216,0.604674523467,1.312438577968,-3.023981287397,0.058473163767,1.412055012741,0.288443837842,0.670695812343,1.490725936675,-3.171692884338,0.167021710468,1.521786194392,0.237969103309,0.613773013272,1.431247354420,-4.479137164965,-0.096237701248,1.680458171367,-0.891632200622,0.588485836983,0.421265408397,-0.000278166022,-0.266716098715
1740,1,0.310328922561,-0.032040829865,-0.012858263999,-0.310328922561,0.032040829865,0.012858263999,0.308373351872,0.554720789444,-1.377280443527,-0.130492742727,0.712689588792,-0.034719301228,0.639693819282,1.335501135377,-1.850428042871,0.050246673808,1.402782174429,0.390061048190,0.723695498034,1.461850659695,-1.939184194542,0.155910058660,1.509813171913,0.354945419550,0.600598934877,1.551466783228,-3.068089847617,-0.103590444422,1.667385044104,-0.710979691663,0.586402118206,0.421558827162,-0.000311134383,-0.268645537507
1741,1,0.314193404555,-0.031648217334,-0.003670665363,-0.314193404555,0.031648217334,0.003670665363,0.333227506102,0.591717766007,-1.536265621126,-0.139248989121,0.721023599602,-0.059842871647,0.668109902433,1.399194807851,-2.214375620338,0.041514215779,1.420637063881,0.448908549264,0.719958674651,1.517236381491,-2.334869598663,0.142572471420,1.523518338063,0.418350667056,0.672112524278,1.617767003993,-3.619866985082,-0.114766047780,1.687947826938,-0.658495783106,0.584011405706,0.422904372215,-0.000334092678,-0.265357310463
1742,1,0.311953886553,-0.029802700084,0.012738562669,-0.311953886553,0.029802700084,-0.012738562669,0.352563555750,0.626678295880,-1.178070305713,-0.140394250308,0.716697987869,-0.095500131226,0.678616833942,1.417480723522,-1.725760080949,0.034070363489,1.400165122584,0.459479080075,0.699166671325,1.532203485521,-1.836627030500,0.128441198437,1.496245485680,0.432434588839,0.776676300357,1.602344060904,-3.071687233630,-0.119762320074,1.661038008556,-0.639819433326,0.582076326013,0.425349622965,-0.000367295113,-0.268643595380
1743,1,0.305284978971,-0.028843513008,0.011950588726,-0.305284978971,0.028843513008,-0.011950588726,0.359369098716,0.625452694168,-0.896595549132,-0.144896585904,0.699582372121,-0.115146972431,0.683554569598,1.363195068918,-0.945069986495,0.016495033547,1.350736221622,0.681479283447,0.688719870546,1.465107909518,-1.004364028559,0.092426164636,1.440335503834,0.690531493837,0.784684057236,1.566153759030,-2.224233528739,-0.130260129469,1.602027832526,-0.413179146306,0.578281819820,0.428896099329,-0.000368114095,-0.276507896133
1744,1,0.247018300353,-0.021693818902,0.001786195345,-0.247018300353,0.021693818902,-0.001786195345,0.314916247539,0.533494207086,-0.469709226829,-0.121135655524,0.569868712814,-0.071123316771,0.563230547716,1.099962962978,-0.172602567179,0.005781097722,1.084294219379,0.856133808381,0.566570733627,1.174343792969,-0.193810757532,0.064836080973,1.153420967692,0.879690403107,0.651911854485,1.285877025690,-1.295201081113,-0.111617034476,1.286329502737,-0.133824091447,0.576179713011,0.433926761150,-0.000404493381,-0.341048073758
1745,1,0.241521866576,-0.022134064951,-0.010725782129,-0.241521866576,0.022134064951,0.010725782129,0.313206351440,0.502914110444,-0.596481914370,-0.130147588623,0.549246138661,0.004070211074,0.541630986889,1.044435525892,-0.265545103628,-0.010140112173,1.034141303791,0.971843279155,0.545561783107,1.110869539989,-0.276416065342,0.041631020406,1.097833538719,1.001298770044,0.631471624344,1.241006268658,-1.307274895257,-0.121420242355,1.229226472479,0.054710493514,0.571383342147,0.439282402396,-0.000417424482,-0.352634870803
1746,1,0.226107754377,-0.019613822494,-0.026148328237,-0.226107754377,0.019613822494,0.026148328237,0.297656096456,0.476507384782,-0.481760032170,-0.133892475722,0.505862561651,0.108464725463,0.494072029504,0.956101266477,-0.008431191836,-0.026451972021,0.950860174298,1.049048963177,0.496072172229,1.014714021611,-0.004439724123,0.021903971377,1.009806587784,1.079589860928,0.586464588715,1.152205779825,-0.977987049849,-0.129400582488,1.130750903472,0.172166310703,0.566012233496,0.443547710776,-0.000407932792,-0.379252191373
1747,1,0.217154213101,-0.016145086168,-0.031665689346,-0.217154213101,0.016145086168,0.031665689346,0.300673033465,0.470286898567,-0.269320725915,-0.133478873915,0.485664967079,0.151880465298,0.477169012296,0.913378482161,0.436371404379,-0.032208556257,0.904848168668,1.217310787901,0.473564100969,0.966634256363,0.462521814786,0.014778469421,0.960511089200,1.263050566005,0.584292983020,1.107002598505,-0.471947144860,-0.131708815761,1.076231073608,0.372230632445,0.563407331705,0.447185352445,-0.000397065189,-0.395095096670
1748,1,0.189428927220,-0.014535149844,-0.031286150255,-0.189428927220,0.014535149844,0.031286150255,0.273285168370,0.406529995872,-0.113030827550,-0.127628916534,0.420905821854,0.197987929008,0.399890250473,0.784833394052,0.619876988823,-0.043668434974,0.784091528944,1.246652781743,0.397500227918,0.834460258310,0.653221606297,-0.001756019603,0.832133517521,1.296736117591,0.497212205972,0.942368377358,-0.155160638174,-0.126604950403,0.932911276400,0.521239911807,0.558391958475,0.450219377875,-0.000383508857,-0.452579532691
1749,1,0.203985279830,-0.015448119828,-0.024666856073,-0.203985279830,0.015448119828,0.024666856073,0.296251158881,0.435469296594,-0.080555094596,-0.149001271296,0.454024666436,0.174273622022,0.415029421492,0.838203979501,0.659639845877,-0.066200594381,0.842304992382,1.188277091891,0.404483074322,0.892171747325,0.694309228270,-0.019790796232,0.893975959309,1.233940810909,0.531299641359,1.003431723805,-0.073704647069,-0.164089282552,1.005770131865,0.463194118854,0.552655205131,0.452886268497,-0.000368962996,-0.418306728344
1750,1,0.243820813433,-0.016871572666,-0.008011849584,-0.243820813433,0.016871572666,0.008011849584,0.355034303831,0.522388537340,-0.189567272936,-0.184552276392,0.541100160299,0.127112290068,0.483754727506,1.001893106269,0.383269831614,-0.093231344432,1.009708496282,1.010171244648,0.465873815606,1.067220079861,0.401944408307,-0.035859884922,1.072586128565,1.039128818530,0.636823809418,1.198025299299,-0.302811747681,-0.215573550246,1.206557603160,0.421110834207,0.548358157277,0.454085111618,-0.000390057336,-0.347527691998
1751,1,0.199452306206,-0.013950675653,-0.005101153910,-0.199452306206,0.013950675653,0.005101153910,0.285327961596,0.431043955189,-0.076310745549,-0.160364042870,0.444768825683,0.103159581699,0.380979941966,0.822543284785,0.734413883155,-0.094586208181,0.830876287127,1.053290260997,0.343719943624,0.874583013947,0.776378091101,-0.044026127600,0.882433078366,1.095041652421,0.523142857069,0.981147138604,0.038426597462,-0.196494980219,0.992405787332,0.369874809507,0.542255371809,0.453282341361,-0.000383009203,-0.423333769931
1752,1,0.195136411050,-0.011158971006,-0.002215166437,-0.195136411050,0.011158971006,0.002215166437,0.263544307123,0.417160898981,0.049678320879,-0.161165989044,0.427992837711,0.185711019609,0.354873828650,0.794090598880,0.844858158852,-0.107214528187,0.802734655750,1.266839866105,0.310253072649,0.844796311464,0.883362606982,-0.057345580132,0.852900961880,1.318187937846,0.496500195406,0.947538181279,0.131870340722,-0.205822682657,0.959302170551,0.569399643235,0.535871759057,0.455439880490,-0.000368178095,-0.435371692170
1753,1,0.254512916257,-0.011999089476,0.037128765202,-0.254512916257,0.011999089476,-0.037128765202,0.328364366527,0.545390030595,-0.031176915196,-0.219582460169,0.555047049066,0.123215816491,0.436415441639,1.029406935460,0.590966805554,-0.161373523799,1.041173443191,0.970393129267,0.364714448504,1.096131311590,0.612752051364,-0.095991468962,1.105742374793,0.997541292415,0.645210971564,1.229344053272,-0.070165038801,-0.287025020939,1.245592624523,0.508361322189,0.529356718063,0.456276521087,-0.000394230243,-0.334629723536
1754,1,0.220920227854,-0.009717707426,0.040492489916,-0.220920227854,0.009717707426,-0.040492489916,0.278035194169,0.474570518631,0.048412996453,-0.195108888737,0.483064141465,0.093823583209,0.361919600383,0.896301340419,0.879673719829,-0.159032150819,0.907082323074,1.045638920541,0.297053327749,0.954968726617,0.925601991795,-0.104258820398,0.962060489371,1.095346018397,0.556884762355,1.070235107033,0.233191858846,-0.267264228128,1.086424750688,0.448958266998,0.522788047791,0.456439867616,-0.000385819934,-0.383812290758
1755,1,0.204041379978,-0.007361900779,0.037454835416,-0.204041379978,0.007361900779,-0.037454835416,0.242258191072,0.441650653224,0.036102297024,-0.187527495483,0.446657984072,0.092703249965,0.316903604379,0.830496742983,0.788320811594,-0.166969111946,0.841454198510,1.062047810157,0.257028123215,0.884726417171,0.826477364611,-0.115374214954,0.893631926612,1.108083611257,0.498836577123,0.991600026686,0.151651875775,-0.267948818432,1.006012230558,0.434280248245,0.515321299434,0.457120224833,-0.000381321181,-0.413467254169
1756,1,0.192088439967,-0.005262493609,0.034218733084,-0.192088439967,0.005262493609,-0.034218733084,0.220969351781,0.414838260280,0.114977294739,-0.180255412506,0.415141653976,0.086628845258,0.277403003184,0.774028252150,0.938685566075,-0.174269413136,0.784845792765,1.037073057977,0.221766349380,0.824238225588,0.984159608354,-0.126379128917,0.833219244575,1.080631801303,0.448152517529,0.924110097743,0.316948089165,-0.269141281768,0.937800250132,0.389987259945,0.507358625531,0.458019390702,-0.000375962351,-0.442623780193
1757,1,0.190126689004,-0.004509823497,0.033862310152,-0.190126689004,0.004509823497,-0.033862310152,0.207287113592,0.408320937635,0.136556679365,-0.186273577913,0.407473202742,0.091537384314,0.253897928007,0.760350120898,0.956698680733,-0.190428474660,0.770725546256,1.089947138160,0.199063421286,0.809886384118,1.001484176542,-0.143722597099,0.818503937906,1.136811741964,0.421514434258,0.907632806236,0.322902434237,-0.284423354550,0.921532737539,0.428604785255,0.498851895332,0.459403857589,-0.000369152986,-0.448932396495
1758,1,0.234222120790,-0.006249654011,0.050203538022,-0.234222120790,0.006249654011,-0.050203538022,0.247577237888,0.510876753475,0.082961754753,-0.240059007418,0.513172624302,0.025266017501,0.290112392128,0.950624268581,0.954519312349,-0.260044198019,0.963687342283,0.917802714265,0.225842275214,1.012455520401,0.993363655171,-0.202596666031,1.023024488764,0.946539170585,0.509205653132,1.134328770953,0.144393411624,-0.374410415449,1.152393989809,0.255906223663,0.490566074848,0.459169551730,-0.000381940976,-0.359309536883
1759,1,0.226437296537,-0.005133111268,0.052091896138,-0.226437296537,0.005133111268,-0.052091896138,0.233425567508,0.497508074071,0.109849313311,-0.239826016121,0.495232596642,0.034974988954,0.258830410346,0.912518799331,1.120123555493,-0.268984750319,0.921798667759,1.188197869542,0.197490835957,0.970137839642,1.180219812972,-0.215998701439,0.977844808436,1.248368502590,0.473261479091,1.085928948900,0.410002863408,-0.382393287714,1.104721388715,0.447937635398,0.483067899942,0.461086034775,-0.000372752547,-0.373452801431
1760,1,0.221833739370,-0.005817458048,0.059236012751,-0.221833739370,0.005817458048,-0.059236012751,0.226813415300,0.488137695072,0.123764918150,-0.238322742965,0.487812206464,0.012946206335,0.239891178376,0.900783884854,1.065161671672,-0.279326261072,0.909222606951,1.144613866864,0.181168884034,0.957389398823,1.117380189282,-0.227737500020,0.964748470632,1.202999865050,0.464025505306,1.071463926108,0.379350311530,-0.396613864217,1.091724526975,0.384937418939,0.477677911520,0.461874753237,-0.000382320955,-0.377783981274
1761,1,0.241880360090,-0.006413114868,0.074726822833,-0.241880360090,0.006413114868,-0.074726822833,0.245318279050,0.525476851942,0.095273556018,-0.259482068938,0.527008072471,-0.004012285077,0.246535280720,0.973249970487,1.010876762782,-0.312366602200,0.982679262626,0.989929747745,0.183868470306,1.034459258668,1.050883008901,-0.257730861129,1.042489390807,1.027692072483,0.492842991330,1.157582441850,0.271591337804,-0.440902903848,1.180940456137,0.298015052060,0.473505735397,0.461688697338,-0.000386483967,-0.349791116295
1762,1,0.234536399966,-0.005888948640,0.076312131689,-0.234536399966,0.005888948640,-0.076312131689,0.230870663339,0.507652028614,0.098890852046,-0.251897385063,0.506616744274,0.001703019745,0.225446288499,0.937845070486,1.043595634790,-0.311354301111,0.945503156182,0.994484508228,0.166656623133,0.995781950931,1.096756525968,-0.260234942749,1.002451012814,1.043621963920,0.462292146833,1.114401979469,0.361141029241,-0.438344204086,1.136788793485,0.299529164164,0.469272926450,0.461775541306,-0.000380570069,-0.363344541004
1763,1,0.230986831603,-0.005531396788,0.074488337668,-0.230986831603,0.005531396788,-0.074488337668,0.221993493673,0.505006453192,0.090919809228,-0.255117092570,0.499390678067,0.007200889147,0.209791430590,0.925975321684,0.989052202866,-0.318427567931,0.932549058161,1.031893805469,0.153961880297,0.982570674218,1.042516163560,-0.269397599778,0.988908928733,1.086121543971,0.442268568255,1.099801660239,0.322470870349,-0.446319538211,1.121933725576,0.326891845791,0.464516907930,0.461968600750,-0.000383654609,-0.368033087408
1764,1,0.218653991481,-0.005168184494,0.066043106481,-0.218653991481,0.005168184494,-0.066043106481,0.203413801284,0.472857819821,0.101450400001,-0.243379742888,0.468321950381,0.032093726921,0.184172240009,0.869106865951,1.007510284419,-0.308433767766,0.875964362969,1.078908420562,0.132011108462,0.921963878215,1.059654860035,-0.264484757741,0.929758532063,1.128116672701,0.401523439201,1.031766610153,0.360268728959,-0.431449499683,1.055735649188,0.368220854014,0.459727898240,0.461977034807,-0.000386212952,-0.392421680298
1765,1,0.286746285857,-0.006506594500,0.086420454847,-0.286746285857,0.006506594500,-0.086420454847,0.263129798397,0.624047542956,0.067666888438,-0.327146239464,0.617249908290,0.077455713019,0.230409146726,1.144799618214,0.716477511144,-0.416143653052,1.151274574654,1.064077481649,0.166791555138,1.213505289629,0.749640295961,-0.361312345641,1.222081253177,1.091249327364,0.517331865999,1.356104674563,0.193987616715,-0.580429053979,1.387875084843,0.404971544254,0.455615788698,0.462567076087,-0.000392511487,-0.298135693783
1766,1,0.269683935239,-0.005937772706,0.081970652772,-0.269683935239,0.005937772706,-0.081970652772,0.244114672718,0.589935126787,0.063008144358,-0.311626007362,0.584883420910,0.032557340045,0.206900433118,1.082381065077,0.767920291421,-0.401970035387,1.088321012064,1.000207441979,0.146682866335,1.147040782748,0.805809881648,-0.352483964005,1.155122113050,1.033095145726,0.477813971604,1.282051162622,0.169116200992,-0.559068086484,1.312460091344,0.289312352701,0.452157527208,0.462743431330,-0.000388868153,-0.315255191487
1767,1,0.286800644659,-0.006726376718,0.087727852930,-0.286800644659,0.006726376718,-0.087727852930,0.257895828045,0.628969904837,0.065823375101,-0.336088576896,0.625793278714,0.051249672344,0.215337651272,1.154452207079,0.614851847373,-0.434250116372,1.163911484792,0.949803753694,0.153256880024,1.221774976236,0.636818233153,-0.383606853241,1.233630238524,0.971246282601,0.500496326370,1.370531165248,0.065773822265,-0.605386108439,1.400461607688,0.290592788741,0.449608504772,0.462804570794,-0.000389756635,-0.295487699675
1768,1,0.284069878188,-0.006542669152,0.085695506886,-0.284069878188,0.006542669152,-0.085695506886,0.253851540023,0.617741545871,0.063138158216,-0.337691286538,0.615562737060,0.053056934433,0.202909646366,1.133769839717,0.665228198595,-0.434593778651,1.143207248808,0.954721862014,0.141084608646,1.199724883458,0.693006078656,-0.385747160248,1.210885878162,0.978685687112,0.481841764958,1.346463118477,0.070807966794,-0.603574334063,1.375806484757,0.266220854302,0.446679979563,0.462838143110,-0.000388355926,-0.300757671598
1769,1,0.277960526508,-0.006651234820,0.083708987788,-0.277960526508,0.006651234820,-0.083708987788,0.247674949177,0.605892455377,0.045679868387,-0.335727376233,0.606269182144,0.064691959959,0.194727882846,1.115676270471,0.571536007804,-0.432611639045,1.124955676336,0.933349812422,0.132419361003,1.180713186711,0.591913408070,-0.384004531329,1.191638068049,0.954317492665,0.465998926925,1.325067360819,-0.002121609861,-0.596950456763,1.353671894836,0.263518147180,0.444976836443,0.462625846267,-0.000387993641,-0.305833799388
1770,1,0.283173525054,-0.006521088745,0.085021859318,-0.283173525054,0.006521088745,-0.085021859318,0.252424052582,0.617509426875,0.024655869042,-0.342795106406,0.618181672340,0.080515366494,0.198380659274,1.137186937433,0.516902109369,-0.442506818388,1.142619101691,0.922041182797,0.132497824160,1.204046573400,0.537199564539,-0.394677724899,1.212122651675,0.941274332037,0.466940638026,1.350156127378,-0.024886576511,-0.607778941789,1.378614981995,0.274793505614,0.443865671754,0.462526336312,-0.000386876985,-0.300219692995
1771,1,0.287141396303,-0.006347451554,0.084351463802,-0.287141396303,0.006347451554,-0.084351463802,0.254567769271,0.623743597972,-0.028374720918,-0.348756455551,0.625377729437,0.087569756915,0.196420225482,1.151376128880,0.477693750111,-0.451437591489,1.155106072054,0.937959973495,0.128894576101,1.219972146404,0.498977319687,-0.403168139760,1.225466381980,0.958330561363,0.466550900865,1.364762451539,-0.068965661300,-0.618754362767,1.393465044149,0.285561264580,0.442434445024,0.462270036340,-0.000382840633,-0.297196802145
1772,1,0.284584843414,-0.005917271518,0.083851753497,-0.284584843414,0.005917271518,-0.083851753497,0.253512797731,0.619046855270,-0.049087854732,-0.348088708685,0.620659351619,0.082680944008,0.193455951362,1.142133637568,0.453360589205,-0.449927111666,1.145127564069,0.871041151471,0.123784923336,1.210087166249,0.475011372643,-0.402434166895,1.214957040326,0.889015836623,0.459138467257,1.352979654749,-0.067096908621,-0.619125582682,1.381899486694,0.260891288516,0.441592901945,0.461924061179,-0.000382175669,-0.300001483601
1773,1,0.275724878464,-0.005755610068,0.075989126696,-0.275724878464,0.005755610068,-0.075989126696,0.244449193916,0.599527162174,-0.057811324962,-0.338518311987,0.601094817511,0.072048645619,0.185676815543,1.105445657004,0.487132734359,-0.435022867155,1.108089922697,0.916203650299,0.112618793683,1.171573816182,0.519156465227,-0.388480601845,1.175823583793,0.942341421326,0.438540966219,1.309093691023,-0.040309031269,-0.604001896011,1.337210819028,0.258763054240,0.440966412425,0.461603984237,-0.000382952392,-0.310255634551
1774,1,0.277913701234,-0.005619914727,0.077206106813,-0.277913701234,0.005619914727,-0.077206106813,0.246961439299,0.603348934790,-0.045810496330,-0.340162969604,0.604978021538,0.074551139623,0.189752490003,1.110881012874,0.526745973928,-0.437553580118,1.114338500836,0.925543078172,0.115475018485,1.177467881631,0.555208494959,-0.393152613194,1.182111213414,0.950973730675,0.440061330785,1.316734809163,-0.027650699642,-0.596644764817,1.344613920141,0.264744886892,0.440847098827,0.461383670568,-0.000382480212,-0.308617806526
1775,1,0.279808942601,-0.005692304115,0.078014311720,-0.279808942601,0.005692304115,-0.078014311720,0.248238330613,0.608128228010,-0.035154099552,-0.341830547556,0.609458042963,0.085887003638,0.192350810673,1.118277444189,0.538522567726,-0.440197381573,1.122920615889,0.897406888573,0.118203467252,1.185413363062,0.565218617490,-0.397519441092,1.193075111650,0.915540808386,0.442817344531,1.325816077467,-0.025708611362,-0.604123762212,1.354752920843,0.256383969773,0.440938636661,0.461364954710,-0.000382233411,-0.306536006920
1776,1,0.279352148659,-0.007330601705,0.079139158278,-0.279352148659,0.007330601705,-0.079139158278,0.248685298114,0.606142811878,-0.047712662006,-0.340644356967,0.610265333146,0.072441248803,0.193173965152,1.116886396330,0.481150571734,-0.438732132533,1.122388067902,0.857605914875,0.118339986061,1.184222396869,0.503406360139,-0.397663778087,1.192345675537,0.875267686336,0.441500321609,1.324272948412,-0.059102294598,-0.601814474774,1.353083869432,0.229794272663,0.441095039248,0.460534408689,-0.000379865989,-0.307412351554
